cycle,district_id,state,district,actual_dem_margin,model_margin_dem,fundamentals_margin_dem,district_partisan_baseline_dem,general_election_party_structure,party_control_fixed,_actual_dem_win,probability_shared,log_loss_shared,brier_shared,predicted_dem_win_shared,correct_winner_shared,probability_comparison,log_loss_comparison,brier_comparison,predicted_dem_win_comparison,correct_winner_comparison,shared_minus_comparison_log_loss,shared_minus_comparison_brier,shared_probability_extremity,comparison_probability_extremity,shared_more_extreme_by,shared_confidence_bucket,shared_calibration_bucket,shared_confident_wrong,comparison_confident_wrong,shared_catastrophic_miss,actual_margin_abs,actual_close_race
2016,AK-AL,AK,AL,-14.29892472,-19.034,-19.034,-18.02,D_vs_R,,0.0,0.003,0.0030045090202987243,9e-06,False,True,0.0086363951447132,0.008673904927616325,7.458732109562572e-05,False,True,-0.005669395907317601,-6.558732109562572e-05,0.497,0.4913636048552868,0.005636395144713202,99%+,0–1%,False,False,False,14.29892472,False
2016,AL-2,AL,2,-8.24234229,-31.434,-31.434,-30.42,D_vs_R,,0.0,0.0,9.992007221626415e-16,0.0,False,True,4.214019166227147e-05,4.214107958508704e-05,1.7757957533329738e-09,False,True,-4.2141079584087837e-05,-1.7757957533329738e-09,0.5,0.49995785980833773,4.214019166226546e-05,99%+,0–1%,False,False,False,8.24234229,False
2016,AL-3,AL,3,-33.99987461,-30.287875,-30.287875,-29.42,D_vs_R,,0.0,0.0,9.992007221626415e-16,0.0,False,True,7.577101465593166e-05,7.577388542429131e-05,5.741246661989411e-09,False,True,-7.577388542329211e-05,-5.741246661989411e-09,0.5,0.49992422898534405,7.577101465594538e-05,99%+,0–1%,False,False,False,33.99987461,False
2016,AL-5,AL,5,-33.54014906,-34.90525,-34.90525,-32.92,D_vs_R,,0.0,0.0,9.992007221626415e-16,0.0,False,True,6.324560326327931e-06,6.324580326458865e-06,4.0000063321361266e-11,False,True,-6.3245803254596645e-06,-4.0000063321361266e-11,0.5,0.49999367543967366,6.324560326342876e-06,99%+,0–1%,False,False,False,33.54014906,False
2016,AL-6,AL,6,-49.07411344,-55.50525,-55.50525,-53.52,D_vs_R,,0.0,0.0,9.992007221626415e-16,0.0,False,True,1.9217569467927735e-12,1.9217960556279926e-12,3.693149762546283e-24,False,True,-1.92079685490583e-12,-3.693149762546283e-24,0.5,0.49999999999807826,1.9217405444749147e-12,99%+,0–1%,False,False,False,49.07411344,False
2016,AR-2,AR,2,-21.53148804,-16.462575,-16.462575,-15.72,D_vs_R,,0.0,0.0035,0.00350613932928759,1.2250000000000001e-05,False,True,0.0197373087982737,0.019934690990444724,0.0003895613585984124,False,True,-0.016428551661157136,-0.0003773113585984124,0.4965,0.4802626912017263,0.016237308798273675,99%+,0–1%,False,False,False,21.53148804,False
2016,AZ-1,AZ,1,7.293648249,-4.884,-4.884,-6.42,D_vs_R,,1.0,0.2315,1.4631754054558483,0.5905922499999999,False,False,0.2706294845048214,1.3070046094441703,0.5319813488737026,False,False,0.15617079601167805,0.0586109011262973,0.26849999999999996,0.22937051549517862,0.039129484504821344,65–80%,20–35%,False,False,False,7.293648249,False
2016,AZ-2,AZ,2,-13.91698529,-2.434,-2.434,-5.42,D_vs_R,,0.0,0.35,0.4307829160924542,0.12249999999999998,False,True,0.3803908354380674,0.47866637945466506,0.14469718768527087,False,True,-0.04788346336221083,-0.02219718768527089,0.15000000000000002,0.1196091645619326,0.03039083543806742,65–80%,35–50%,False,False,False,13.91698529,False
2016,AZ-4,AZ,4,-42.9067044,-40.92799456521739,-40.92799456521739,-40.120000000000005,D_vs_R,,0.0,0.0,9.992007221626415e-16,0.0,False,True,1.5322407312474076e-07,1.532240848349571e-07,2.3477616584935904e-14,False,True,-1.5322408383575638e-07,-2.3477616584935904e-14,0.5,0.49999984677592685,1.5322407315165876e-07,99%+,0–1%,False,False,False,42.9067044,False
2016,AZ-5,AZ,5,-28.19032625,-32.634,-32.634,-33.12,D_vs_R,,0.0,0.0,9.992007221626415e-16,0.0,False,True,2.23257136430217e-05,2.232596286547749e-05,4.984374896702052e-10,False,True,-2.232596286447829e-05,-4.984374896702052e-10,0.5,0.499977674286357,2.232571364302327e-05,99%+,0–1%,False,False,False,28.19032625,False
2016,AZ-6,AZ,6,-24.26058118,-24.879909090909088,-24.879909090909088,-24.619999999999997,D_vs_R,,0.0,0.0,9.992007221626415e-16,0.0,False,True,0.0009288746867961,0.000929306358221171,8.628081837705529e-07,False,True,-0.0009293063582201718,-8.628081837705529e-07,0.5,0.4990711253132039,0.0009288746867960884,99%+,0–1%,False,False,False,24.26058118,False
2016,AZ-7,AZ,7,50.48705694,43.4235,43.4235,41.28,D_vs_R,,1.0,1.0,9.992007221626415e-16,0.0,True,True,0.999999972072216,2.7927784364293625e-08,7.799611177158973e-16,True,True,-2.7927783365092903e-08,-7.799611177158973e-16,0.5,0.499999972072216,2.792778397431306e-08,99%+,99–100%,False,False,False,50.48705694,False
2016,AZ-9,AZ,9,21.87512387,3.4159324324324323,3.4159324324324323,0.5800000000000001,D_vs_R,,1.0,0.707,0.34672461308556435,0.08584900000000002,True,True,0.665411761772606,0.40734923931021155,0.11194928916011138,True,True,-0.060624626224647205,-0.026100289160111353,0.20699999999999996,0.16541176177260597,0.04158823822739399,65–80%,65–80%,False,False,False,21.87512387,False
2016,CA-1,CA,1,-18.10620438,-21.234,-21.234,-20.22,D_vs_R,,0.0,0.0,9.992007221626415e-16,0.0,False,True,0.0039532841702622,0.0039611190539590784,1.562845573084569e-05,False,True,-0.003961119053958079,-1.562845573084569e-05,0.5,0.4960467158297378,0.003953284170262195,99%+,0–1%,False,False,False,18.10620438,False
2016,CA-10,CA,10,-3.400914817,-2.3811621621621617,-2.3811621621621617,-0.3199999999999998,D_vs_R,,0.0,0.345,0.4231200433468851,0.11902499999999998,False,True,0.3829106165548683,0.482741397748768,0.1466205402704294,False,True,-0.05962135440188293,-0.027595540270429417,0.15500000000000003,0.1170893834451317,0.037910616554868326,65–80%,20–35%,False,False,False,3.400914817,True
2016,CA-11,CA,11,44.10564403,35.666,35.666,33.68,D_vs_R,,1.0,1.0,9.992007221626415e-16,0.0,True,True,0.999995925780004,4.074228295698793e-06,1.6599268576148157e-11,True,True,-4.074228294699592e-06,-1.6599268576148157e-11,0.5,0.49999592578000396,4.074219996041961e-06,99%+,99–100%,False,False,False,44.10564403,False
2016,CA-13,CA,13,81.56910964,77.27554545454545,77.27554545454545,74.58,D_vs_R,,1.0,1.0,9.992007221626415e-16,0.0,True,True,1.0,9.992007221626415e-16,0.0,True,True,0.0,0.0,0.5,0.5,0.0,99%+,99–100%,False,False,False,81.56910964,False
2016,CA-14,CA,14,61.72625302,48.666,48.666,46.68,D_vs_R,,1.0,1.0,9.992007221626415e-16,0.0,True,True,0.999999999425984,5.740159460514328e-10,3.2949430613218635e-19,True,True,-5.740149468507106e-10,-3.2949430613218635e-19,0.5,0.49999999942598405,5.740159458866856e-10,99%+,99–100%,False,False,False,61.72625302,False
2016,CA-15,CA,15,47.53359064,34.690999999999995,34.690999999999995,34.28,D_vs_R,,1.0,1.0,9.992007221626415e-16,0.0,True,True,0.9999928527884624,7.147237079043972e-06,5.1082632763286765e-11,True,True,-7.147237078044772e-06,-5.1082632763286765e-11,0.5,0.4999928527884624,7.147211537605891e-06,99%+,99–100%,False,False,False,47.53359064,False
2016,CA-16,CA,16,16.06968492,17.266,17.266,15.28,D_vs_R,,1.0,0.997,0.0030045090202987243,9.000000000000015e-06,True,True,0.9846020680379656,0.01551771127636536,0.0002370963087074414,True,True,-0.012513202256066634,-0.0002280963087074414,0.497,0.48460206803796557,0.012397931962034425,99%+,99–100%,False,False,False,16.06968492,False
2016,CA-18,CA,18,42.29000093,35.73582142857142,35.73582142857142,35.379999999999995,D_vs_R,,1.0,1.0,9.992007221626415e-16,0.0,True,True,0.999996088650234,3.911357415309967e-06,1.5298656991687276e-11,True,True,-3.9113574143107665e-06,-1.5298656991687276e-11,0.5,0.49999608865023404,3.911349765961525e-06,99%+,99–100%,False,False,False,42.29000093,False
2016,CA-19,CA,19,47.88886494,42.976,42.976,40.78,D_vs_R,,1.0,1.0,9.992007221626415e-16,0.0,True,True,0.99999996183815,3.8161850741537435e-08,1.4563267964432549e-15,True,True,-3.816184974233671e-08,-1.4563267964432549e-15,0.5,0.49999996183815,3.816185001337402e-08,99%+,99–100%,False,False,False,47.88886494,False
2016,CA-2,CA,2,53.70019893,39.74995,39.74995,38.08,D_vs_R,,1.0,1.0,9.992007221626415e-16,0.0,True,True,0.9999996688134354,3.3118661945945207e-07,1.096845405829227e-13,True,True,-3.3118661846025134e-07,-1.096845405829227e-13,0.5,0.4999996688134354,3.3118656461716967e-07,99%+,99–100%,False,False,False,53.70019893,False
2016,CA-20,CA,20,41.50615151,41.266,41.266,40.78,D_vs_R,,1.0,1.0,9.992007221626415e-16,0.0,True,True,0.999999877652275,1.2234773243571633e-07,1.4968965800742515e-14,True,True,-1.223477314365156e-07,-1.4968965800742515e-14,0.5,0.49999987765227505,1.223477249512328e-07,99%+,99–100%,False,False,False,41.50615151,False
2016,CA-21,CA,21,-13.4765271,4.73905,4.73905,7.18,D_vs_R,,0.0,0.7865,1.5441184463134576,0.61858225,True,False,0.7233355913695207,1.28495002846949,0.5232143777418943,True,False,0.2591684178439677,0.09536787225810572,0.2865,0.22333559136952075,0.06316440863047923,65–80%,65–80%,False,False,False,13.4765271,False
2016,CA-22,CA,22,-35.13018905,-21.5447,-21.5447,-18.92,D_vs_R,,0.0,0.0,9.992007221626415e-16,0.0,False,True,0.0035205151324807,0.0035267267288441803,1.2394026798025601e-05,False,True,-0.003526726728843181,-1.2394026798025601e-05,0.5,0.4964794848675193,0.003520515132480695,99%+,0–1%,False,False,False,35.13018905,False
2016,CA-23,CA,23,-38.35022187,-30.43707926829268,-30.43707926829268,-29.32,D_vs_R,,0.0,0.0,9.992007221626415e-16,0.0,False,True,7.027684978872598e-05,7.027931932228462e-05,4.9388356162271546e-09,False,True,-7.027931932128542e-05,-4.9388356162271546e-09,0.5,0.4999297231502113,7.027684978871962e-05,99%+,0–1%,False,False,False,38.35022187,False
2016,CA-24,CA,24,6.838173313,6.408321428571429,6.408321428571429,7.08,D_vs_R,,1.0,0.8355,0.17972493094668862,0.027060249999999994,True,True,0.7886015989936848,0.23749402990474813,0.04468928394802686,True,True,-0.05776909895805951,-0.017629033948026868,0.3355,0.28860159899368476,0.04689840100631526,80–90%,80–90%,False,False,False,6.838173313,False
2016,CA-25,CA,25,-6.260123066,-5.2448250000000005,-5.2448250000000005,-5.82,D_vs_R,,0.0,0.1905,0.21133850586444725,0.03629025,False,True,0.2558979933125691,0.29557714778450533,0.06548378298139967,False,True,-0.08423864192005809,-0.02919353298139967,0.3095,0.24410200668743087,0.06539799331256912,80–90%,10–20%,False,False,False,6.260123066,False
2016,CA-26,CA,26,20.75902493,8.366,8.366,6.380000000000001,D_vs_R,,1.0,0.9115,0.09266368486341935,0.007832250000000004,True,True,0.8523239893776179,0.1597885552142816,0.021808204113341913,True,True,-0.06712487035086225,-0.01397595411334191,0.4115,0.3523239893776179,0.05917601062238209,90–95%,90–95%,False,False,False,20.75902493,False
2016,CA-27,CA,27,34.84072265,26.00725,26.00725,23.68,D_vs_R,,1.0,1.0,9.992007221626415e-16,0.0,True,True,0.9994292154702598,0.0005709474892427303,3.257949793907898e-07,True,True,-0.0005709474892417311,-3.257949793907898e-07,0.5,0.49942921547025976,0.0005707845297402425,99%+,99–100%,False,False,False,34.84072265,False
2016,CA-28,CA,28,55.97335887,41.95388888888888,41.95388888888888,39.879999999999995,D_vs_R,,1.0,1.0,9.992007221626415e-16,0.0,True,True,0.9999999230203978,7.697960521110253e-08,5.92585916228689e-15,True,True,-7.697960421190181e-08,-5.92585916228689e-15,0.5,0.49999992302039775,7.69796022481728e-08,99%+,99–100%,False,False,False,55.97335887,False
2016,CA-3,CA,3,18.70286341,8.780374999999998,8.780374999999998,7.279999999999999,D_vs_R,,1.0,0.9255,0.07742114696858486,0.005550250000000001,True,True,0.8639598601835377,0.14622896937819885,0.018506919641282624,True,True,-0.06880782240961399,-0.012956669641282623,0.4255,0.36395986018353765,0.061540139816462336,90–95%,90–95%,False,False,False,18.70286341,False
2016,CA-30,CA,30,45.27678306,30.426,30.426,29.28,D_vs_R,,1.0,1.0,9.992007221626415e-16,0.0,True,True,0.9999293284360228,7.06740613298598e-05,4.994469954986357e-09,True,True,-7.06740613288606e-05,-4.994469954986357e-09,0.5,0.4999293284360228,7.067156397722041e-05,99%+,99–100%,False,False,False,45.27678306,False
2016,CA-31,CA,31,12.13507706,11.752515151515157,11.752515151515157,12.68,D_vs_R,,1.0,0.968,0.03252319170556006,0.001024000000000002,True,True,0.9292261236757986,0.07340316432287942,0.005008941569953356,True,True,-0.04087997261731936,-0.003984941569953354,0.46799999999999997,0.4292261236757986,0.03877387632420137,95–99%,95–99%,False,False,False,12.13507706,False
2016,CA-33,CA,33,32.87969499,21.472775,21.472775,19.880000000000003,D_vs_R,,1.0,1.0,9.992007221626415e-16,0.0,True,True,0.9963832714954028,0.003623284679846037,1.3080725075965576e-05,True,True,-0.003623284679845038,-1.3080725075965576e-05,0.5,0.49638327149540284,0.0036167285045971553,99%+,99–100%,False,False,False,32.87969499,False
2016,CA-35,CA,35,44.78182465,35.699571428571424,35.699571428571424,32.879999999999995,D_vs_R,,1.0,1.0,9.992007221626415e-16,0.0,True,True,0.999996004884008,3.995123972525326e-06,1.596095178975927e-11,True,True,-3.995123971526125e-06,-1.596095178975927e-11,0.5,0.49999600488400797,3.995115992028175e-06,99%+,99–100%,False,False,False,44.78182465,False
2016,CA-36,CA,36,24.1078683,0.1388250000000004,0.1388250000000004,-0.7199999999999998,D_vs_R,,1.0,0.504,0.6851790109107684,0.24601599999999998,True,True,0.5069271997506981,0.6793878759363281,0.24312078634568796,True,True,0.005791134974440282,0.002895213654312029,0.0040000000000000036,0.00692719975069811,-0.0029271997506981062,50–65%,50–65%,False,False,False,24.1078683,False
2016,CA-38,CA,38,40.95659891,29.966,29.966,27.979999999999997,D_vs_R,,1.0,1.0,9.992007221626415e-16,0.0,True,True,0.9999109698126284,8.903415079398445e-05,7.92637426342366e-09,True,True,-8.903415079298525e-05,-7.92637426342366e-09,0.5,0.4999109698126284,8.903018737160817e-05,99%+,99–100%,False,False,False,40.95659891,False
2016,CA-39,CA,39,-14.46085874,-9.206775,-9.206775,-7.62,D_vs_R,,0.0,0.067,0.06935007813479317,0.004489000000000001,False,True,0.1247385643741769,0.13323265367907589,0.015559709442130674,False,True,-0.06388257554428271,-0.011070709442130674,0.433,0.3752614356258231,0.057738564374176904,90–95%,5–10%,False,False,False,14.46085874,False
2016,CA-4,CA,4,-25.43977115,-23.24630113636364,-23.24630113636364,-22.32,D_vs_R,,0.0,0.0,9.992007221626415e-16,0.0,False,True,0.0018202513730819,0.0018219100437164993,3.313315061206542e-06,False,True,-0.0018219100437155001,-3.313315061206542e-06,0.5,0.4981797486269181,0.0018202513730818937,99%+,0–1%,False,False,False,25.43977115,False
2016,CA-41,CA,41,29.90274829,22.242875,22.242875,21.28,D_vs_R,,1.0,1.0,9.992007221626415e-16,0.0,True,True,0.9973006447102788,0.0027030051188145308,7.286518980145855e-06,True,True,-0.0027030051188135316,-7.286518980145855e-06,0.5,0.4973006447102788,0.002699355289721206,99%+,99–100%,False,False,False,29.90274829,False
2016,CA-42,CA,42,-17.64423606,-20.438886363636364,-20.438886363636364,-19.02,D_vs_R,,0.0,0.0005,0.0005001250416822429,2.5e-07,False,True,0.0052853711242886,0.005299388110045759,2.793514792146374e-05,False,True,-0.004799263068363516,-2.768514792146374e-05,0.4995,0.4947146288757114,0.004785371124288618,99%+,0–1%,False,False,False,17.64423606,False
2016,CA-43,CA,43,52.16840686,54.575107142857135,54.575107142857135,54.08,D_vs_R,,1.0,1.0,9.992007221626415e-16,0.0,True,True,0.9999999999956486,4.351408122725306e-12,1.8934752650437378e-23,True,True,-4.350408922003143e-12,-1.8934752650437378e-23,0.5,0.4999999999956486,4.3514081227158385e-12,99%+,99–100%,False,False,False,52.16840686,False
2016,CA-45,CA,45,-17.11950335,-15.710250000000002,-15.710250000000002,-15.72,D_vs_R,,0.0,0.0045,0.004510155477886019,2.0249999999999998e-05,False,True,0.0247012723737009,0.025011467602271742,0.0006101528568797593,False,True,-0.020501312124385725,-0.0005899028568797593,0.4955,0.4752987276262991,0.020201272373700896,99%+,0–1%,False,False,False,17.11950335,False
2016,CA-47,CA,47,27.44289079,20.461,20.461,18.58,D_vs_R,,1.0,0.9985,0.0015011261262670914,2.2499999999998374e-06,True,True,0.99475650271989,0.005257292657118788,2.7494263726520722e-05,True,True,-0.003756166530851697,-2.5244263726520884e-05,0.49850000000000005,0.49475650271989,0.003743497280110031,99%+,99–100%,False,False,False,27.44289079,False
2016,CA-48,CA,48,-16.63947052,-16.634,-16.634,-15.62,D_vs_R,,0.0,0.0045,0.004510155477886019,2.0249999999999998e-05,False,True,0.0187330964947537,0.01891078353173156,0.0003509289042817534,False,True,-0.01440062805384554,-0.0003306789042817534,0.4955,0.4812669035052463,0.014233096494753683,99%+,0–1%,False,False,False,16.63947052,False
2016,CA-49,CA,49,-0.5226419049,-12.444326086956522,-12.444326086956522,-10.62,D_vs_R,,0.0,0.019,0.019182819416773987,0.000361,False,True,0.0597843831514537,0.06164605039545862,0.003574172468799821,False,True,-0.04246323097868463,-0.0032131724687998213,0.481,0.4402156168485463,0.04078438315145366,95–99%,1–5%,False,False,False,0.5226419049,True
2016,CA-5,CA,5,53.73702031,40.26278571428571,40.26278571428571,38.28,D_vs_R,,1.0,1.0,9.992007221626415e-16,0.0,True,True,0.9999997626057422,2.3739428598513216e-07,5.635603363978902e-14,True,True,-2.3739428498593143e-07,-5.635603363978902e-14,0.5,0.4999997626057422,2.3739425780711088e-07,99%+,99–100%,False,False,False,53.73702031,False
2016,CA-50,CA,50,-26.90252942,-28.711025,-28.711025,-26.72,D_vs_R,,0.0,0.0,9.992007221626415e-16,0.0,False,True,0.0001645225755818,0.00016453611090528513,2.7067677876069095e-08,False,True,-0.00016453611090428593,-2.7067677876069095e-08,0.5,0.4998354774244182,0.00016452257558180472,99%+,0–1%,False,False,False,26.90252942,False
2016,CA-51,CA,51,45.50830978,37.939181818181815,37.939181818181815,36.58,D_vs_R,,1.0,1.0,9.992007221626415e-16,0.0,True,True,0.999998960476674,1.0395238662788703e-06,1.0806087452443032e-12,True,True,-1.0395238652796696e-06,-1.0806087452443032e-12,0.5,0.499998960476674,1.0395233259741232e-06,99%+,99–100%,False,False,False,45.50830978,False
2016,CA-52,CA,52,13.05136969,4.935875000000001,4.935875000000001,2.4800000000000004,D_vs_R,,1.0,0.7995,0.22376874670812816,0.04020025000000001,True,True,0.731514218425394,0.31263862135557186,0.07208461490772705,True,True,-0.0888698746474437,-0.031884364907727045,0.2995,0.231514218425394,0.067985781574606,65–80%,65–80%,False,False,False,13.05136969,False
2016,CA-53,CA,53,34.01850779,23.066,23.066,21.08,D_vs_R,,1.0,1.0,9.992007221626415e-16,0.0,True,True,0.998044098379127,0.001957816894246612,3.825551150533635e-06,True,True,-0.0019578168942456127,-3.825551150533635e-06,0.5,0.498044098379127,0.001955901620873002,99%+,99–100%,False,False,False,34.01850779,False
2016,CA-6,CA,6,50.854031,38.61463636363636,38.61463636363636,36.879999999999995,D_vs_R,,1.0,1.0,9.992007221626415e-16,0.0,True,True,0.9999993175866356,6.824135972164644e-07,4.656879998740012e-13,True,True,-6.824135962172636e-07,-4.656879998740012e-13,0.5,0.4999993175866356,6.824133643723584e-07,99%+,99–100%,False,False,False,50.854031,False
2016,CA-7,CA,7,2.342743549,2.5425833333333334,2.5425833333333334,0.08,D_vs_R,,1.0,0.659,0.41703174447962976,0.11628099999999998,True,True,0.6247713801747934,0.4703694878841767,0.14079651713592944,True,True,-0.053337743404546945,-0.024515517135929463,0.15900000000000003,0.12477138017479339,0.03422861982520664,65–80%,65–80%,False,False,False,2.342743549,True
2016,CA-8,CA,8,-24.51603813,-18.81087878787879,-18.81087878787879,-17.82,D_vs_R,,0.0,0.0025,0.002503130218118477,6.25e-06,False,True,0.0093128168055749,0.009356452207636127,8.672855685419828e-05,False,True,-0.006853321989517649,-8.047855685419828e-05,0.4975,0.4906871831944251,0.006812816805574884,99%+,0–1%,False,False,False,24.51603813,False
2016,CA-9,CA,9,14.71904547,16.377739130434783,16.377739130434783,13.78,D_vs_R,,1.0,0.9945,0.005515180688110111,3.0249999999999444e-05,True,True,0.979749047458632,0.02045881413187418,0.00041010107883273885,True,True,-0.014943633443764068,-0.0003798510788327394,0.49450000000000005,0.479749047458632,0.014750952541368045,99%+,99–100%,False,False,False,14.71904547,False
2016,CO-1,CO,1,40.16082905,38.266,38.266,36.28,D_vs_R,,1.0,1.0,9.992007221626415e-16,0.0,True,True,0.9999991512758908,8.487244693812819e-07,7.20332613562407e-13,True,True,-8.487244683820812e-07,-7.20332613562407e-13,0.5,0.4999991512758908,8.487241092147713e-07,99%+,99–100%,False,False,False,40.16082905,False
2016,CO-2,CO,2,19.71826674,15.89763043478261,15.89763043478261,14.48,D_vs_R,,1.0,0.996,0.004008021397538822,1.600000000000003e-05,True,True,0.976623963233542,0.02365359024670401,0.0005464390949067987,True,True,-0.019645568849165188,-0.0005304390949067986,0.496,0.47662396323354195,0.01937603676645805,99%+,99–100%,False,False,False,19.71826674,False
2016,CO-3,CO,3,-14.25153127,-9.28025,-9.28025,-9.92,D_vs_R,,0.0,0.0615,0.06347242295557354,0.00378225,False,True,0.1228594118047893,0.131087993647739,0.015094435069018803,False,True,-0.06761557069216545,-0.011312185069018803,0.4385,0.3771405881952107,0.06135941180478932,90–95%,5–10%,False,False,False,14.25153127,False
2016,CO-4,CO,4,-31.89387481,-22.072536585365853,-22.072536585365853,-23.22,D_vs_R,,0.0,0.0,9.992007221626415e-16,0.0,False,True,0.0028819278237854,0.0028860885736862025,8.305507981508451e-06,False,True,-0.0028860885736852033,-8.305507981508451e-06,0.5,0.4971180721762146,0.0028819278237853796,99%+,0–1%,False,False,False,31.89387481,False
2016,CO-5,CO,5,-31.42850829,-26.4165,-26.4165,-24.72,D_vs_R,,0.0,0.0,9.992007221626415e-16,0.0,False,True,0.000476100510022,0.0004762138818555121,2.266716956432085e-07,False,True,-0.0004762138818545129,-2.266716956432085e-07,0.5,0.499523899489978,0.00047610051002200393,99%+,0–1%,False,False,False,31.42850829,False
2016,CO-6,CO,6,-8.303025634,-0.3247608695652176,-0.3247608695652176,1.1799999999999995,D_vs_R,,0.0,0.4895,0.6723646413774169,0.23961025,False,True,0.4837984666494324,0.6612580212437487,0.23406095633234195,False,True,0.011106620133668255,0.005549293667658051,0.01050000000000001,0.01620153335056762,-0.005701533350567611,50–65%,35–50%,False,False,False,8.303025634,False
2016,CO-7,CO,7,15.38410541,12.640886363636366,12.640886363636366,10.88,D_vs_R,,1.0,0.9775,0.02275698712261618,0.0005062499999999985,True,True,0.9430807256642908,0.058603394854277284,0.0032398037909037243,True,True,-0.035846407731661104,-0.002733553790903726,0.47750000000000004,0.4430807256642908,0.03441927433570924,95–99%,95–99%,False,False,False,15.38410541,False
2016,CT-1,CT,1,25.99568587,25.766,25.766,23.78,D_vs_R,,1.0,1.0,9.992007221626415e-16,0.0,True,True,0.9993655329879672,0.0006346683714026154,4.025483893578883e-07,True,True,-0.0006346683714016162,-4.025483893578883e-07,0.5,0.49936553298796715,0.0006344670120328466,99%+,99–100%,False,False,False,25.99568587,False
2016,CT-2,CT,2,22.72805724,11.366,11.366,9.38,D_vs_R,,1.0,0.968,0.03252319170556006,0.001024000000000002,True,True,0.9224440219453148,0.08072858572669703,0.006014929732018808,True,True,-0.048205394021136966,-0.0049909297320188065,0.46799999999999997,0.42244402194531483,0.04555597805468514,95–99%,95–99%,False,False,False,22.72805724,False
2016,CT-3,CT,3,31.18763717,22.866000000000003,22.866000000000003,22.380000000000003,D_vs_R,,1.0,1.0,9.992007221626415e-16,0.0,True,True,0.9978829363495488,0.0021193077975955148,4.481958500061623e-06,True,True,-0.0021193077975945156,-4.481958500061623e-06,0.5,0.49788293634954883,0.0021170636504511675,99%+,99–100%,False,False,False,31.18763717,False
2016,CT-4,CT,4,21.41927665,9.166,9.166,7.18,D_vs_R,,1.0,0.938,0.06400532997591243,0.0038440000000000067,True,True,0.8742099751424308,0.13443468602270087,0.015823130353667874,True,True,-0.07042935604678843,-0.011979130353667867,0.43799999999999994,0.3742099751424308,0.06379002485756913,90–95%,90–95%,False,False,False,21.41927665,False
2016,CT-5,CT,5,12.48827172,4.765999999999999,4.765999999999999,4.279999999999999,D_vs_R,,1.0,0.762,0.2718087232954908,0.05664399999999999,True,True,0.7244626153471424,0.3223251191778203,0.0759208503413368,True,True,-0.050516395882329534,-0.01927685034133681,0.262,0.2244626153471424,0.03753738465285761,65–80%,65–80%,False,False,False,12.48827172,False
2016,DE-AL,DE,AL,14.56265439,15.166000000000002,15.166000000000002,14.68,D_vs_R,,1.0,0.994,0.006018072325563021,3.600000000000006e-05,True,True,0.9710876189546458,0.029338578969184254,0.0008359257777117572,True,True,-0.023320506643621234,-0.0007999257777117571,0.494,0.4710876189546458,0.022912381045354202,99%+,99–100%,False,False,False,14.56265439,False
2016,GA-11,GA,11,-34.81154776,-40.334,-40.334,-39.32,D_vs_R,,0.0,0.0,9.992007221626415e-16,0.0,False,True,2.265966308920185e-07,2.2659665657642887e-07,5.134603313161368e-14,False,True,-2.2659665557722814e-07,-5.134603313161368e-14,0.5,0.4999997734033691,2.2659663090340842e-07,99%+,0–1%,False,False,False,34.81154776,False
2016,GA-12,GA,12,-23.2017056,-17.0574,-17.0574,-15.72,D_vs_R,,0.0,0.005,0.005012541823544286,2.5e-05,False,True,0.0164374430390777,0.016574036708190527,0.0002701895336629239,False,True,-0.01156149488464624,-0.0002451895336629239,0.495,0.4835625569609223,0.011437443039077677,99%+,0–1%,False,False,False,23.2017056,False
2016,GA-2,GA,2,22.45969687,16.698125,16.698125,13.88,D_vs_R,,1.0,0.9975,0.002503130218118477,6.2499999999997335e-06,True,True,0.9816312083659062,0.0185395927270335,0.00033741250609675336,True,True,-0.016036462508915023,-0.0003311625060967536,0.49750000000000005,0.4816312083659062,0.015868791634093826,99%+,99–100%,False,False,False,22.45969687,False
2016,GA-3,GA,3,-36.69319595,-36.124,-36.124,-36.82,D_vs_R,,0.0,0.0,9.992007221626415e-16,0.0,False,True,3.1134534203451553e-06,3.1134582671064986e-06,9.693592200658946e-12,False,True,-3.113458266107298e-06,-9.693592200658946e-12,0.5,0.49999688654657964,3.1134534203558495e-06,99%+,0–1%,False,False,False,36.69319595,False
2016,GA-4,GA,4,51.43891944,45.99528571428571,45.99528571428571,44.08,D_vs_R,,1.0,1.0,9.992007221626415e-16,0.0,True,True,0.9999999956234455,4.376554461756108e-09,1.915422887288777e-17,True,True,-4.376553462555386e-09,-1.915422887288777e-17,0.5,0.49999999562344555,4.3765544521789934e-09,99%+,99–100%,False,False,False,51.43891944,False
2016,GA-5,GA,5,68.87828607,65.17968902439023,65.17968902439023,63.379999999999995,D_vs_R,,1.0,1.0,9.992007221626415e-16,0.0,True,True,0.9999999999999998,9.992007221626415e-16,4.930380657631324e-32,True,True,0.0,-4.930380657631324e-32,0.5,0.4999999999999998,2.220446049250313e-16,99%+,99–100%,False,False,False,68.87828607,False
2016,GA-6,GA,6,-23.36497906,-28.340711956521737,-28.340711956521737,-27.22,D_vs_R,,0.0,0.0,9.992007221626415e-16,0.0,False,True,0.0001963290063712,0.00019634828143348047,3.854507874270269e-08,False,True,-0.00019634828143248127,-3.854507874270269e-08,0.5,0.4998036709936288,0.00019632900637117645,99%+,0–1%,False,False,False,23.36497906,False
2016,GA-7,GA,7,-20.76336884,-27.2655243902439,-27.2655243902439,-25.82,D_vs_R,,0.0,0.0,9.992007221626415e-16,0.0,False,True,0.0003242419283821,0.0003242945061617444,1.0513282812094286e-07,False,True,-0.0003242945061607452,-1.0513282812094286e-07,0.5,0.4996757580716179,0.0003242419283820963,99%+,0–1%,False,False,False,20.76336884,False
2016,GA-8,GA,8,-35.2858387,-29.17002272727273,-29.17002272727273,-28.020000000000003,D_vs_R,,0.0,0.0,9.992007221626415e-16,0.0,False,True,0.0001317836149636,0.00013179229918713022,1.7366921172874376e-08,False,True,-0.00013179229918613102,-1.7366921172874376e-08,0.5,0.4998682163850364,0.0001317836149635765,99%+,0–1%,False,False,False,35.2858387,False
2016,HI-1,HI,1,46.57824859,37.266,37.266,36.78,D_vs_R,,1.0,1.0,9.992007221626415e-16,0.0,True,True,0.9999984295239706,1.5704772626431493e-06,2.466394959059381e-12,True,True,-1.5704772616439486e-06,-2.466394959059381e-12,0.5,0.49999842952397056,1.5704760294443787e-06,99%+,99–100%,False,False,False,46.57824859,False
2016,HI-2,HI,2,58.52774915,42.766,42.766,40.78,D_vs_R,,1.0,1.0,9.992007221626415e-16,0.0,True,True,0.9999999558628726,4.4137128371413116e-08,1.9480860148916764e-15,True,True,-4.4137127372212394e-08,-1.9480860148916764e-15,0.5,0.4999999558628726,4.413712739737008e-08,99%+,99–100%,False,False,False,58.52774915,False
2016,IA-1,IA,1,-7.66279544,10.53475,10.53475,9.78,D_vs_R,,0.0,0.955,3.1010927892118163,0.912025,True,False,0.9062027671090972,2.3666199235020797,0.8212034551161846,True,False,0.7344728657097366,0.09082154488381533,0.45499999999999996,0.4062027671090972,0.048797232890902764,95–99%,95–99%,True,True,True,7.66279544,False
2016,IA-2,IA,2,7.469083755,11.166,11.166,9.18,D_vs_R,,1.0,0.964,0.03666398437159147,0.0012960000000000022,True,True,0.9187462977750848,0.08474525809577041,0.006602164125255195,True,True,-0.04808127372417894,-0.005306164125255193,0.46399999999999997,0.41874629777508476,0.045253702224915204,95–99%,95–99%,False,False,False,7.469083755,False
2016,IA-3,IA,3,-13.73245842,0.1942954545454546,0.1942954545454546,0.2800000000000002,D_vs_R,,0.0,0.4915,0.6762900634935225,0.24157225,False,True,0.5096946412812359,0.7127269009154443,0.2597886273508077,True,False,-0.03643683742192183,-0.018216377350807722,0.008500000000000008,0.009694641281235872,-0.0011946412812358642,50–65%,35–50%,False,False,False,13.73245842,False
2016,IA-4,IA,4,-22.61281967,-13.034,-13.034,-12.02,D_vs_R,,0.0,0.016,0.016129381929883644,0.000256,False,True,0.051514305185169,0.052888571623984096,0.00265372363871073,False,True,-0.036759189694100455,-0.0023977236387107297,0.484,0.448485694814831,0.03551430518516896,95–99%,1–5%,False,False,False,22.61281967,False
2016,ID-1,ID,1,-36.35780356,-37.63469169960475,-37.63469169960475,-36.620000000000005,D_vs_R,,0.0,0.0,9.992007221626415e-16,0.0,False,True,1.2538782373346143e-06,1.2538790234565438e-06,1.5722106340613595e-12,False,True,-1.253879022457343e-06,-1.5722106340613595e-12,0.5,0.49999874612176265,1.2538782373505697e-06,99%+,0–1%,False,False,False,36.35780356,False
2016,ID-2,ID,2,-33.51919004,-35.79435,-35.79435,-34.92,D_vs_R,,0.0,0.0,9.992007221626415e-16,0.0,False,True,3.779635990081373e-06,3.7796431329175764e-06,1.42856482175184e-11,False,True,-3.7796431319183756e-06,-1.42856482175184e-11,0.5,0.4999962203640099,3.7796359900754695e-06,99%+,0–1%,False,False,False,33.51919004,False
2016,IL-1,IL,1,48.19193192,55.734068181818174,55.734068181818174,54.879999999999995,D_vs_R,,1.0,1.0,9.992007221626415e-16,0.0,True,True,0.9999999999984316,1.5684120668891885e-12,2.4599164115597585e-24,True,True,-1.5674128661670259e-12,-2.4599164115597585e-24,0.5,0.4999999999984316,1.5684120668879586e-12,99%+,99–100%,False,False,False,48.19193192,False
2016,IL-10,IL,10,5.209863075,10.4118,10.4118,12.48,D_vs_R,,1.0,0.9455,0.05604139088362486,0.0029702499999999994,True,True,0.9036015610164172,0.1013667668373052,0.009292659038471537,True,True,-0.04532537595368034,-0.006322409038471538,0.4455,0.4036015610164172,0.04189843898358281,90–95%,90–95%,False,False,False,5.209863075,False
2016,IL-11,IL,11,20.89573362,14.6381,14.6381,13.28,D_vs_R,,1.0,0.9875,0.012578782206860073,0.0001562499999999989,True,True,0.9664491476004456,0.034126596720094805,0.0011256596967366822,True,True,-0.02154781451323473,-0.0009694096967366834,0.48750000000000004,0.46644914760044565,0.0210508523995544,95–99%,95–99%,False,False,False,20.89573362,False
2016,IL-12,IL,12,-14.61013029,-3.67655,-3.67655,-2.42,D_vs_R,,0.0,0.282,0.33128570993391293,0.07952399999999998,False,True,0.3228020362718283,0.3897916356264198,0.10420115462123875,False,True,-0.058505925692506844,-0.02467715462123876,0.21800000000000003,0.1771979637281717,0.040802036271828324,65–80%,20–35%,False,False,False,14.61013029,False
2016,IL-13,IL,13,-19.32988543,-2.6402499999999995,-2.6402499999999995,-4.22,D_vs_R,,0.0,0.328,0.3974969384589876,0.10758400000000001,False,True,0.3706043818369705,0.46299525630325017,0.137347607836763,False,True,-0.06549831784426258,-0.02976360783676299,0.172,0.12939561816302952,0.04260438183697046,65–80%,20–35%,False,False,False,19.32988543,False
2016,IL-14,IL,14,-18.60974809,-14.366391304347824,-14.366391304347824,-13.92,D_vs_R,,0.0,0.0105,0.010555513939516587,0.00011025000000000001,False,True,0.0361673491643523,0.03683759815980078,0.0013080771455761748,False,True,-0.026282084220284198,-0.0011978271455761746,0.4895,0.46383265083564773,0.02566734916435226,95–99%,1–5%,False,False,False,18.60974809,False
2016,IL-17,IL,17,20.61602129,15.158272727272728,15.158272727272728,13.08,D_vs_R,,1.0,0.995,0.005012541823544286,2.5000000000000045e-05,True,True,0.971023779612314,0.029404321173675595,0.0008396213479557493,True,True,-0.024391779350131308,-0.0008146213479557492,0.495,0.471023779612314,0.023976220387685987,99%+,99–100%,False,False,False,20.61602129,False
2016,IL-18,IL,18,-44.26821929,-28.234,-28.234,-27.22,D_vs_R,,0.0,0.0,9.992007221626415e-16,0.0,False,True,0.0002065097389333,0.00020653106500554024,4.2646272274299726e-08,False,True,-0.00020653106500454103,-4.2646272274299726e-08,0.5,0.4997934902610667,0.0002065097389333248,99%+,0–1%,False,False,False,44.26821929,False
2016,IL-2,IL,2,59.61524097,60.266,60.266,58.28,D_vs_R,,1.0,1.0,9.992007221626415e-16,0.0,True,True,0.9999999999999762,2.375877272697863e-14,5.644792814922103e-28,True,True,-2.275957200481599e-14,-5.644792814922103e-28,0.5,0.49999999999997624,2.375877272697835e-14,99%+,99–100%,False,False,False,59.61524097,False
2016,IL-5,IL,5,40.36031671,31.547566666666672,31.547566666666672,30.28,D_vs_R,,1.0,1.0,9.992007221626415e-16,0.0,True,True,0.9999602821256456,3.971866313007422e-05,1.5775095432332454e-09,True,True,-3.9718663129075016e-05,-1.5775095432332454e-09,0.5,0.4999602821256456,3.971787435441687e-05,99%+,99–100%,False,False,False,40.36031671,False
2016,IL-6,IL,6,-18.44803008,-13.907804347826085,-13.907804347826085,-12.12,D_vs_R,,0.0,0.011,0.011060947359424948,0.00012099999999999999,False,True,0.0409607819999576,0.04182331025285892,0.0016777856620480503,False,True,-0.030762362893433967,-0.0015567856620480503,0.489,0.4590392180000424,0.02996078199995761,95–99%,1–5%,False,False,False,18.44803008,False
2016,IL-7,IL,7,68.47908669,73.046,73.046,71.48,D_vs_R,,1.0,1.0,9.992007221626415e-16,0.0,True,True,1.0,9.992007221626415e-16,0.0,True,True,0.0,0.0,0.5,0.5,0.0,99%+,99–100%,False,False,False,68.47908669,False
2016,IL-8,IL,8,16.62985626,13.066,13.066,12.58,D_vs_R,,1.0,0.9825,0.01765493523872071,0.0003062499999999986,True,True,0.9489070629273852,0.05244441675118623,0.002610488218706171,True,True,-0.034789481512465525,-0.002304238218706172,0.48250000000000004,0.44890706292738525,0.03359293707261479,95–99%,95–99%,False,False,False,16.62985626,False
2016,IL-9,IL,9,32.95814625,27.639750000000003,27.639750000000003,27.78,D_vs_R,,1.0,1.0,9.992007221626415e-16,0.0,True,True,0.9997271820556864,0.00027285516589888715,7.442963073947266e-08,True,True,-0.00027285516589788795,-7.442963073947266e-08,0.5,0.49972718205568645,0.00027281794431355255,99%+,99–100%,False,False,False,32.95814625,False
2016,IN-2,IN,2,-22.33727651,-17.81184090909091,-17.81184090909091,-17.92,D_vs_R,,0.0,0.0025,0.002503130218118477,6.25e-06,False,True,0.0129410427336832,0.013025507526856146,0.00016747058703501478,False,True,-0.010522377308737669,-0.0001612205870350148,0.4975,0.4870589572663168,0.010441042733683181,99%+,0–1%,False,False,False,22.33727651,False
2016,IN-3,IN,3,-47.12773327,-31.119,-31.119,-30.72,D_vs_R,,0.0,0.0,9.992007221626415e-16,0.0,False,True,4.961045006813234e-05,4.9611680707207e-05,2.461196755962652e-09,False,True,-4.96116807062078e-05,-2.461196755962652e-09,0.5,0.4999503895499319,4.961045006812714e-05,99%+,0–1%,False,False,False,47.12773327,False
2016,IN-4,IN,4,-34.11636621,-29.19821195652174,-29.19821195652174,-27.92,D_vs_R,,0.0,0.0,9.992007221626415e-16,0.0,False,True,0.0001299867543345,0.00012999520334484223,1.6896556302417652e-08,False,True,-0.00012999520334384303,-1.6896556302417652e-08,0.5,0.4998700132456655,0.00012998675433451012,99%+,0–1%,False,False,False,34.11636621,False
2016,IN-5,IN,5,-27.16657206,-21.684060975609754,-21.684060975609754,-20.72,D_vs_R,,0.0,0.0,9.992007221626415e-16,0.0,False,True,0.0033406096004759,0.003346201894648327,1.1159672502791752e-05,False,True,-0.0033462018946473276,-1.1159672502791752e-05,0.5,0.4966593903995241,0.0033406096004758856,99%+,0–1%,False,False,False,27.16657206,False
2016,IN-6,IN,6,-42.43973211,-27.692750000000004,-27.692750000000004,-27.020000000000003,D_vs_R,,0.0,0.0,9.992007221626415e-16,0.0,False,True,0.0002661822449577,0.00026621767773929206,7.085298753072101e-08,False,True,-0.00026621767773829286,-7.085298753072101e-08,0.5,0.4997338177550423,0.00026618224495772447,99%+,0–1%,False,False,False,42.43973211,False
2016,IN-7,IN,7,24.28798126,24.761625,24.761625,23.58,D_vs_R,,1.0,1.0,9.992007221626415e-16,0.0,True,True,0.999023484348586,0.0009769927534464076,9.535828174564882e-07,True,True,-0.0009769927534454084,-9.535828174564882e-07,0.5,0.499023484348586,0.0009765156514139894,99%+,99–100%,False,False,False,24.28798126,False
2016,IN-8,IN,8,-32.01283961,-24.784,-24.784,-22.72,D_vs_R,,0.0,0.0,9.992007221626415e-16,0.0,False,True,0.00096733519473,0.0009678033653624758,9.357373789633269e-07,False,True,-0.0009678033653614766,-9.357373789633269e-07,0.5,0.49903266480527,0.0009673351947300235,99%+,0–1%,False,False,False,32.01283961,False
2016,IN-9,IN,9,-13.67971429,-19.70809090909091,-19.70809090909091,-20.42,D_vs_R,,0.0,0.001,0.0010005003335835344,1e-06,False,True,0.0068474702923371,0.0068710217907369765,4.688784940443913e-05,False,True,-0.005870521457153442,-4.5887849404439135e-05,0.499,0.4931525297076629,0.00584747029233712,99%+,0–1%,False,False,False,13.67971429,False
2016,KS-2,KS,2,-28.37515677,-18.534,-18.534,-17.52,D_vs_R,,0.0,0.001,0.0010005003335835344,1e-06,False,True,0.0102163210361403,0.010268865826548223,0.0001043732155134828,False,True,-0.009268365492964689,-0.00010337321551348281,0.499,0.4897836789638597,0.009216321036140285,99%+,0–1%,False,False,False,28.37515677,False
2016,KS-3,KS,3,-10.70259652,-14.434,-14.434,-13.42,D_vs_R,,0.0,0.0105,0.010555513939516587,0.00011025000000000001,False,True,0.0355011637446654,0.03614665321527237,0.001260332627225545,False,True,-0.025591139275755785,-0.001150082627225545,0.4895,0.4644988362553346,0.025001163744665378,95–99%,1–5%,False,False,False,10.70259652,False
2016,KS-4,KS,4,-31.06364736,-30.434,-30.434,-29.42,D_vs_R,,0.0,0.0,9.992007221626415e-16,0.0,False,True,7.038634410488489e-05,7.038882133979482e-05,4.9542374364512635e-09,False,True,-7.038882133879562e-05,-4.9542374364512635e-09,0.5,0.4999296136558951,7.038634410488909e-05,99%+,0–1%,False,False,False,31.06364736,False
2016,KY-1,KY,1,-45.23362798,-37.54060714285715,-37.54060714285715,-38.22,D_vs_R,,0.0,0.0,9.992007221626415e-16,0.0,False,True,1.3282838725167714e-06,1.328284754729037e-06,1.7643380459881506e-12,False,True,-1.3282847537298363e-06,-1.7643380459881506e-12,0.5,0.4999986717161275,1.3282838725037216e-06,99%+,0–1%,False,False,False,45.23362798,False
2016,KY-3,KY,3,26.9983916,11.836227272727276,11.836227272727276,8.98,D_vs_R,,1.0,0.9785,0.021734492146006094,0.0004622499999999984,True,True,0.9306331024997908,0.07189016906755066,0.004811766468804528,True,True,-0.05015567692154457,-0.004349516468804529,0.47850000000000004,0.4306331024997908,0.04786689750020923,95–99%,95–99%,False,False,False,26.9983916,False
2016,KY-4,KY,4,-42.64101931,-33.534000000000006,-33.534000000000006,-32.52,D_vs_R,,0.0,0.0,9.992007221626415e-16,0.0,False,True,1.36696593412087e-05,1.36697527718869e-05,1.8685958650469427e-10,False,True,-1.3669752770887699e-05,-1.8685958650469427e-10,0.5,0.4999863303406588,1.366965934118669e-05,99%+,0–1%,False,False,False,42.64101931,False
2016,KY-6,KY,6,-22.17805681,-18.534,-18.534,-17.52,D_vs_R,,0.0,0.0015,0.0015011261262670914,2.25e-06,False,True,0.0102163210361403,0.010268865826548223,0.0001043732155134828,False,True,-0.008767739700281132,-0.0001021232155134828,0.4985,0.4897836789638597,0.008716321036140284,99%+,0–1%,False,False,False,22.17805681,False
2016,LA-1,LA,1,-61.75410358,-48.934000000000005,-48.934000000000005,-47.92,D_vs_R,,0.0,0.0,9.992007221626415e-16,0.0,False,True,4.6535579287704366e-10,4.653557540396404e-10,2.1655601396422197e-19,False,True,-4.6535475483891825e-10,-2.1655601396422197e-19,0.5,0.4999999995346442,4.6535580944251365e-10,99%+,0–1%,False,False,False,61.75410358,False
2016,LA-3,LA,3,-17.44989254,-37.234,-37.234,-37.72,D_vs_R,,0.0,0.0,9.992007221626415e-16,0.0,False,True,1.6013108422473929e-06,1.6013121243581386e-06,2.5641964134990547e-12,False,True,-1.601312123358938e-06,-2.5641964134990547e-12,0.5,0.49999839868915774,1.6013108422585631e-06,99%+,0–1%,False,False,False,17.44989254,False
2016,LA-4,LA,4,-15.1774253,-22.734,-22.734,-23.22,D_vs_R,,0.0,0.0005,0.0005001250416822429,2.5e-07,False,True,0.002229931687161,0.002232421687201071,4.972595329404705e-06,False,True,-0.001732296645518828,-4.7225953294047045e-06,0.4995,0.497770068312839,0.0017299316871610126,99%+,0–1%,False,False,False,15.1774253,False
2016,LA-6,LA,6,-47.751119,-39.034000000000006,-39.034000000000006,-38.02,D_vs_R,,0.0,0.0,9.992007221626415e-16,0.0,False,True,5.236687093722512e-07,5.236688465101924e-07,2.7422891717559935e-13,False,True,-5.236688455109917e-07,-2.7422891717559935e-13,0.5,0.4999994763312906,5.23668709395686e-07,99%+,0–1%,False,False,False,47.751119,False
2016,MA-3,MA,3,35.87486532,13.566,13.566,11.58,D_vs_R,,1.0,0.9865,0.013591953519466972,0.00018224999999999882,True,True,0.95514123760147,0.04589605666005699,0.0020123085639277725,True,True,-0.03230410314059002,-0.0018300585639277737,0.48650000000000004,0.45514123760146996,0.03135876239853008,95–99%,95–99%,False,False,False,35.87486532,False
2016,MA-4,MA,4,38.64570052,13.866,13.866,11.88,D_vs_R,,1.0,0.9875,0.012578782206860073,0.0001562499999999989,True,True,0.9585777493355148,0.04230460415179317,0.0017158028501114478,True,True,-0.029725821944933097,-0.001559552850111449,0.48750000000000004,0.45857774933551476,0.028922250664485283,95–99%,95–99%,False,False,False,38.64570052,False
2016,MA-8,MA,8,42.49272113,15.066,15.066,13.08,D_vs_R,,1.0,0.9915,0.008536331022286335,7.224999999999918e-05,True,True,0.9702523709644532,0.030199065072666592,0.0008849214332365095,True,True,-0.02166273405038026,-0.0008126714332365103,0.49150000000000005,0.47025237096445316,0.02124762903554689,99%+,99–100%,False,False,False,42.49272113,False
2016,MA-9,MA,9,20.80729954,10.466,10.466,8.48,D_vs_R,,1.0,0.957,0.04395188752918283,0.0018490000000000032,True,True,0.9047547097904208,0.10009141092550583,0.009071665307106958,True,True,-0.056139523396323,-0.007222665307106954,0.45699999999999996,0.40475470979042083,0.05224529020957913,95–99%,95–99%,False,False,False,20.80729954,False
2016,MD-1,MD,1,-38.37424778,-27.320071428571424,-27.320071428571424,-26.619999999999997,D_vs_R,,0.0,0.0,9.992007221626415e-16,0.0,False,True,0.0003162230388278,0.00031627304787593027,9.99970102854883e-08,False,True,-0.00031627304787493107,-9.99970102854883e-08,0.5,0.4996837769611722,0.0003162230388277787,99%+,0–1%,False,False,False,38.37424778,False
2016,MD-2,MD,2,28.95372884,25.676,25.676,24.18,D_vs_R,,1.0,1.0,9.992007221626415e-16,0.0,True,True,0.9993401407831204,0.0006600770197907701,4.354141861009725e-07,True,True,-0.0006600770197897709,-4.354141861009725e-07,0.5,0.4993401407831204,0.0006598592168796102,99%+,99–100%,False,False,False,28.95372884,False
2016,MD-3,MD,3,29.31979098,21.32475,21.32475,19.68,D_vs_R,,1.0,1.0,9.992007221626415e-16,0.0,True,True,0.9961777999714896,0.0038295233016718603,1.460921305794501e-05,True,True,-0.003829523301670861,-1.460921305794501e-05,0.5,0.4961777999714896,0.003822200028510414,99%+,99–100%,False,False,False,29.31979098,False
2016,MD-4,MD,4,52.65273663,53.72317171717171,53.72317171717171,53.379999999999995,D_vs_R,,1.0,1.0,9.992007221626415e-16,0.0,True,True,0.9999999999909082,9.091838393301664e-12,8.266152536916261e-23,True,True,-9.090839192579501e-12,-8.266152536916261e-23,0.5,0.49999999999090816,9.091838393260332e-12,99%+,99–100%,False,False,False,52.65273663,False
2016,MD-5,MD,5,38.0047361,30.9785,30.9785,29.78,D_vs_R,,1.0,1.0,9.992007221626415e-16,0.0,True,True,0.9999466690249296,5.3332397217445585e-05,2.844192901962974e-09,True,True,-5.3332397216446384e-05,-2.844192901962974e-09,0.5,0.49994666902492957,5.3330975070431386e-05,99%+,99–100%,False,False,False,38.0047361,False
2016,MD-6,MD,6,15.87147148,10.676,10.676,8.48,D_vs_R,,1.0,0.955,0.046043938501406846,0.002025000000000004,True,True,0.9091267554933892,0.0952707495389799,0.008257946567158276,True,True,-0.04922681103757306,-0.006232946567158271,0.45499999999999996,0.40912675549338917,0.04587324450661079,95–99%,95–99%,False,False,False,15.87147148,False
2016,MD-7,MD,7,53.08110074,52.73202272727272,52.73202272727272,49.98,D_vs_R,,1.0,1.0,9.992007221626415e-16,0.0,True,True,0.9999999999788703,2.112965358258675e-11,4.464622605106874e-22,True,True,-2.1128654381864586e-11,-4.464622605106874e-22,0.5,0.49999999997887035,2.1129653582363517e-11,99%+,99–100%,False,False,False,53.08110074,False
2016,MD-8,MD,8,26.35181871,20.636,20.636,22.08,D_vs_R,,1.0,0.9995,0.0005001250416822429,2.4999999999994493e-07,True,True,0.995077602798176,0.0049345521028356515,2.4229994212524443e-05,True,True,-0.004434427061153408,-2.3979994212524498e-05,0.49950000000000006,0.49507760279817603,0.004422397201824024,99%+,99–100%,False,False,False,26.35181871,False
2016,ME-1,ME,1,15.47566975,19.2966,19.2966,17.479999999999997,D_vs_R,,1.0,0.9995,0.0005001250416822429,2.4999999999994493e-07,True,True,0.9921041855282589,0.007927151477948638,6.234388617215693e-05,True,True,-0.007427026436266394,-6.2093886172157e-05,0.49950000000000006,0.49210418552825885,0.007395814471741202,99%+,99–100%,False,False,False,15.47566975,False
2016,ME-2,ME,2,-9.262344952,3.566,3.566,4.58,D_vs_R,,0.0,0.729,1.305636458102436,0.5314409999999999,True,False,0.6722192810658978,1.1154104340054534,0.45187876183675246,True,False,0.19022602409698264,0.07956223816324748,0.22899999999999998,0.1722192810658978,0.05678071893410219,65–80%,65–80%,False,False,False,9.262344952,False
2016,MI-1,MI,1,-14.83411099,-11.734,-11.734,-12.22,D_vs_R,,0.0,0.0245,0.024805118918971115,0.0006002500000000001,False,True,0.0710880080202715,0.07374127880039438,0.005053504884290185,False,True,-0.04893615988142327,-0.004453254884290185,0.4755,0.4289119919797285,0.046588008020271465,95–99%,1–5%,False,False,False,14.83411099,False
2016,MI-10,MI,10,-30.7991894,-15.034,-15.034,-15.52,D_vs_R,,0.0,0.009,0.00904074465214907,8.099999999999999e-05,False,True,0.0300190998296076,0.030478898224557106,0.0009011463545799469,False,True,-0.021438153572408036,-0.0008201463545799469,0.491,0.4699809001703924,0.02101909982960759,99%+,0–1%,False,False,False,30.7991894,False
2016,MI-11,MI,11,-12.75692512,-10.334,-10.334,-9.32,D_vs_R,,0.0,0.048,0.04919024419077178,0.002304,False,True,0.0980715815724135,0.10322012079631496,0.009618035112114554,False,True,-0.054029876605543176,-0.007314035112114554,0.452,0.40192841842758653,0.05007158157241348,95–99%,1–5%,False,False,False,12.75692512,False
2016,MI-12,MI,12,35.08653384,31.466,31.466,29.479999999999997,D_vs_R,,1.0,1.0,9.992007221626415e-16,0.0,True,True,0.999958556118054,4.1444740767450145e-05,1.717595350757805e-09,True,True,-4.1444740766450945e-05,-1.717595350757805e-09,0.5,0.49995855611805395,4.144388194604609e-05,99%+,99–100%,False,False,False,35.08653384,False
2016,MI-13,MI,13,61.37775071,68.96600000000001,68.96600000000001,66.98,D_vs_R,,1.0,1.0,9.992007221626415e-16,0.0,True,True,1.0,9.992007221626415e-16,0.0,True,True,0.0,0.0,0.5,0.5,0.0,99%+,99–100%,False,False,False,61.37775071,False
2016,MI-14,MI,14,59.82236457,60.465999999999994,60.465999999999994,58.48,D_vs_R,,1.0,1.0,9.992007221626415e-16,0.0,True,True,0.9999999999999803,1.9650947535865463e-14,3.8615973905732936e-28,True,True,-1.8651746813702822e-14,-3.8615973905732936e-28,0.5,0.49999999999998035,1.965094753586527e-14,99%+,99–100%,False,False,False,59.82236457,False
2016,MI-2,MI,2,-30.09389146,-17.834,-17.834,-16.82,D_vs_R,,0.0,0.0,9.992007221626415e-16,0.0,False,True,0.0128489065293249,0.012932167707832504,0.00016509439899932806,False,True,-0.012932167707831505,-0.00016509439899932806,0.5,0.4871510934706751,0.01284890652932491,99%+,0–1%,False,False,False,30.09389146,False
2016,MI-3,MI,3,-21.94879734,-12.233999999999998,-12.233999999999998,-11.22,D_vs_R,,0.0,0.0255,0.025830760034521515,0.0006502499999999999,False,True,0.0629739962461397,0.06504424499020682,0.003965724203208816,False,True,-0.0392134849556853,-0.0033154742032088166,0.4745,0.4370260037538603,0.037473996246139674,95–99%,1–5%,False,False,False,21.94879734,False
2016,MI-4,MI,4,-29.54701648,-12.934,-12.934,-11.92,D_vs_R,,0.0,0.0165,0.01663764115302325,0.00027225000000000003,False,True,0.0528489126676016,0.05429665540407556,0.0027930075701477807,False,True,-0.03765901425105231,-0.0025207575701477808,0.4835,0.4471510873323984,0.036348912667601596,95–99%,1–5%,False,False,False,29.54701648,False
2016,MI-5,MI,5,26.05053071,20.466,20.466,18.479999999999997,D_vs_R,,1.0,1.0,9.992007221626415e-16,0.0,True,True,0.9947659295896656,0.005247816141928466,2.7395493060338246e-05,True,True,-0.005247816141927467,-2.7395493060338246e-05,0.5,0.4947659295896656,0.005234070410334413,99%+,99–100%,False,False,False,26.05053071,False
2016,MI-6,MI,6,-22.23506744,-6.3340000000000005,-6.3340000000000005,-5.32,D_vs_R,,0.0,0.15,0.16251892949777494,0.0225,False,True,0.2140981013952045,0.2409233052778381,0.045837997021031265,False,True,-0.07840437578006315,-0.023337997021031266,0.35,0.28590189860479553,0.06409810139520444,80–90%,10–20%,False,False,False,22.23506744,False
2016,MI-7,MI,7,-15.02686622,-8.033999999999999,-8.033999999999999,-7.02,D_vs_R,,0.0,0.0935,0.09816424878723133,0.00874225,False,True,0.157466501966509,0.1713418572688985,0.024795699241568582,False,True,-0.07317760848166717,-0.016053449241568582,0.4065,0.342533498033491,0.06396650196650899,90–95%,5–10%,False,False,False,15.02686622,False
2016,MI-8,MI,8,-16.85106058,-8.033999999999999,-8.033999999999999,-7.02,D_vs_R,,0.0,0.088,0.09211528890780563,0.007743999999999999,False,True,0.157466501966509,0.1713418572688985,0.024795699241568582,False,True,-0.07922656836109288,-0.01705169924156858,0.41200000000000003,0.342533498033491,0.06946650196650905,90–95%,5–10%,False,False,False,16.85106058,False
2016,MI-9,MI,9,20.51308825,13.366,13.366,11.38,D_vs_R,,1.0,0.9855,0.014606152389362114,0.00021024999999999877,True,True,0.9527253012522552,0.048428663203912474,0.002234897141690025,True,True,-0.03382251081455036,-0.0020246471416900265,0.48550000000000004,0.4527253012522552,0.03277469874774486,95–99%,95–99%,False,False,False,20.51308825,False
2016,MN-1,MN,1,0.7583223421,-0.5339999999999998,-0.5339999999999998,-2.52,D_vs_R,,1.0,0.4675,0.7603559302533953,0.28355624999999995,False,False,0.4733725076011427,0.7478726579419448,0.2773365157503085,False,False,0.012483272311450522,0.0062197342496914665,0.03249999999999997,0.02662749239885731,0.0058725076011426625,50–65%,35–50%,False,False,False,0.7583223421,True
2016,MN-2,MN,2,-1.796148604,-3.3339999999999996,-3.3339999999999996,-3.82,D_vs_R,,0.0,0.285,0.3354727362881293,0.08122499999999999,False,True,0.3383282021034721,0.412985619551679,0.11446597233856785,False,True,-0.07751288326354971,-0.03324097233856786,0.21500000000000002,0.1616717978965279,0.05332820210347211,65–80%,20–35%,False,False,False,1.796148604,True
2016,MN-3,MN,3,-13.68307083,-4.134,-4.134,-3.12,D_vs_R,,0.0,0.2565,0.2963865130819272,0.06579225,False,True,0.30254412304243,0.3603160261297348,0.09153294638751303,False,True,-0.06392951304780758,-0.02574069638751303,0.2435,0.19745587695757,0.046044123042429996,65–80%,20–35%,False,False,False,13.68307083,False
2016,MN-4,MN,4,23.37467502,25.066,25.066,23.08,D_vs_R,,1.0,1.0,9.992007221626415e-16,0.0,True,True,0.9991417708785612,0.0008585976108986323,7.365572248856954e-07,True,True,-0.000858597610897633,-7.365572248856954e-07,0.5,0.49914177087856115,0.0008582291214388471,99%+,99–100%,False,False,False,23.37467502,False
2016,MN-5,MN,5,46.78328152,47.565999999999995,47.565999999999995,45.58,D_vs_R,,1.0,1.0,9.992007221626415e-16,0.0,True,True,0.9999999986572048,1.342795209260443e-09,1.803098971591604e-18,True,True,-1.3427942100597208e-09,-1.803098971591604e-18,0.5,0.4999999986572048,1.3427952083588934e-09,99%+,99–100%,False,False,False,46.78328152,False
2016,MN-6,MN,6,-31.3083331,-19.934,-19.934,-18.92,D_vs_R,,0.0,0.0005,0.0005001250416822429,2.5e-07,False,True,0.0063258723400506,0.0063459654529478835,4.001666086261726e-05,False,True,-0.005845840411265641,-3.976666086261726e-05,0.4995,0.4936741276599494,0.0058258723400506085,99%+,0–1%,False,False,False,31.3083331,False
2016,MN-7,MN,7,5.026252709,-11.734,-11.734,-13.72,D_vs_R,,1.0,0.0275,3.5935692743096115,0.9457562500000001,False,False,0.0710880080202715,2.643836619966856,0.8628774888437473,False,False,0.9497326543427556,0.08287876115625281,0.4725,0.4289119919797285,0.04358800802027146,95–99%,1–5%,True,True,True,5.026252709,False
2016,MN-8,MN,8,0.5627908149,3.5660000000000003,3.5660000000000003,1.58,D_vs_R,,1.0,0.7075,0.34601764946474434,0.08555624999999999,True,True,0.6722192810658978,0.3971706805769119,0.10744019970495691,True,True,-0.05115303111216757,-0.021883949704956926,0.20750000000000002,0.1722192810658978,0.03528071893410223,65–80%,65–80%,False,False,False,0.5627908149,True
2016,MO-1,MO,1,55.49862431,59.065999999999995,59.065999999999995,57.08,D_vs_R,,1.0,1.0,9.992007221626415e-16,0.0,True,True,0.9999999999999256,7.438494264988825e-14,5.533119693026753e-27,True,True,-7.338574192772561e-14,-5.533119693026753e-27,0.5,0.4999999999999256,7.438494264988549e-14,99%+,99–100%,False,False,False,55.49862431,False
2016,MO-2,MO,2,-20.87244977,-20.633999999999997,-20.633999999999997,-19.619999999999997,D_vs_R,,0.0,0.0,9.992007221626415e-16,0.0,False,True,0.0049259656602259,0.004938138219928737,2.4265137685724786e-05,False,True,-0.004938138219927737,-2.4265137685724786e-05,0.5,0.4950740343397741,0.004925965660225906,99%+,0–1%,False,False,False,20.87244977,False
2016,MO-3,MO,3,-39.90247955,-30.834,-30.834,-29.82,D_vs_R,,0.0,0.0,9.992007221626415e-16,0.0,False,True,5.743107551420303e-05,5.743272474162046e-05,3.298328434718091e-09,False,True,-5.743272474062126e-05,-3.298328434718091e-09,0.5,0.4999425689244858,5.743107551420268e-05,99%+,0–1%,False,False,False,39.90247955,False
2016,MO-4,MO,4,-39.98326481,-29.734,-29.734,-28.72,D_vs_R,,0.0,0.0,9.992007221626415e-16,0.0,False,True,9.99084374194058e-05,9.991342859973764e-05,9.981695867587325e-09,False,True,-9.991342859873844e-05,-9.981695867587325e-09,0.5,0.4999000915625806,9.990843741941591e-05,99%+,0–1%,False,False,False,39.98326481,False
2016,MO-5,MO,5,20.66025226,17.566,17.566,15.58,D_vs_R,,1.0,0.9985,0.0015011261262670914,2.2499999999998374e-06,True,True,0.985997833913528,0.014101121224178366,0.000196060655113146,True,True,-0.012599995097911276,-0.00019381065511314617,0.49850000000000005,0.485997833913528,0.012502166086472033,99%+,99–100%,False,False,False,20.66025226,False
2016,MO-6,MO,6,-39.57722204,-27.034,-27.034,-26.020000000000003,D_vs_R,,0.0,0.0,9.992007221626415e-16,0.0,False,True,0.000360428520239,0.00036049349020991024,1.2990871820167522e-07,False,True,-0.00036049349020891104,-1.2990871820167522e-07,0.5,0.499639571479761,0.00036042852023898675,99%+,0–1%,False,False,False,39.57722204,False
2016,MO-7,MO,7,-40.14565558,-42.234,-42.234,-41.22,D_vs_R,,0.0,0.0,9.992007221626415e-16,0.0,False,True,6.361282702703808e-08,6.361282902925035e-08,4.046591762371866e-15,False,True,-6.361282803004963e-08,-4.046591762371866e-15,0.5,0.499999936387173,6.361282700595439e-08,99%+,0–1%,False,False,False,40.14565558,False
2016,MO-8,MO,8,-51.7313053,-37.334,-37.334,-37.82,D_vs_R,,0.0,0.0,9.992007221626415e-16,0.0,False,True,1.5068320541559614e-06,1.5068331894048279e-06,2.270542839431874e-12,False,True,-1.5068331884056272e-06,-2.270542839431874e-12,0.5,0.49999849316794587,1.5068320541322677e-06,99%+,0–1%,False,False,False,51.7313053,False
2016,MS-1,MS,1,-40.77850231,-29.999535714285713,-29.999535714285713,-28.82,D_vs_R,,0.0,0.0,9.992007221626415e-16,0.0,False,True,8.75531332812787e-05,8.755696628054008e-05,7.665551147369351e-09,False,True,-8.755696627954088e-05,-7.665551147369351e-09,0.5,0.4999124468667187,8.755313328129288e-05,99%+,0–1%,False,False,False,40.77850231,False
2016,MS-2,MS,2,37.95922212,32.45315909090909,32.45315909090909,29.479999999999997,D_vs_R,,1.0,1.0,9.992007221626415e-16,0.0,True,True,0.9999753974810408,2.460282160612713e-05,6.052839391374821e-10,True,True,-2.460282160512793e-05,-6.052839391374821e-10,0.5,0.4999753974810408,2.460251895919363e-05,99%+,99–100%,False,False,False,37.95922212,False
2016,MS-3,MS,3,-35.83213513,-26.530634615384617,-26.530634615384617,-24.82,D_vs_R,,0.0,0.0,9.992007221626415e-16,0.0,False,True,0.0004524174655404,0.0004525198371995785,2.0468156312599902e-07,False,True,-0.0004525198371985793,-2.0468156312599902e-07,0.5,0.4995475825344596,0.0004524174655404223,99%+,0–1%,False,False,False,35.83213513,False
2016,MS-4,MS,4,-37.24025124,-41.77706818181819,-41.77706818181819,-40.32,D_vs_R,,0.0,0.0,9.992007221626415e-16,0.0,False,True,8.677540450073945e-08,8.677540829360183e-08,7.529970826266953e-15,False,True,-8.677540729440111e-08,-7.529970826266953e-15,0.5,0.4999999132245955,8.677540447310506e-08,99%+,0–1%,False,False,False,37.24025124,False
2016,MT-AL,MT,AL,-15.64280243,-18.633999999999997,-18.633999999999997,-17.619999999999997,D_vs_R,,0.0,0.002,0.0020020026706730793,4e-06,False,True,0.0098815477515799,0.009930694275062643,9.764498596675377e-05,False,True,-0.007928691604389564,-9.364498596675377e-05,0.498,0.4901184522484201,0.007881547751579898,99%+,0–1%,False,False,False,15.64280243,False
2016,NC-1,NC,1,39.66193231,36.579181818181816,36.579181818181816,32.98,D_vs_R,,1.0,1.0,9.992007221626415e-16,0.0,True,True,0.9999976242473244,2.3757554976922855e-06,5.644200775560823e-12,True,True,-2.375755496693085e-06,-5.644200775560823e-12,0.5,0.4999976242473244,2.375752675587428e-06,99%+,99–100%,False,False,False,39.66193231,False
2016,NC-10,NC,10,-26.27807768,-22.60127272727273,-22.60127272727273,-22.020000000000003,D_vs_R,,0.0,0.0,9.992007221626415e-16,0.0,False,True,0.0023488925483201,0.002351655523891605,5.517296203553692e-06,False,True,-0.0023516555238906056,-5.517296203553692e-06,0.5,0.4976511074516799,0.002348892548320103,99%+,0–1%,False,False,False,26.27807768,False
2016,NC-11,NC,11,-28.17795432,-24.905818181818184,-24.905818181818184,-24.42,D_vs_R,,0.0,0.0,9.992007221626415e-16,0.0,False,True,0.0009187286461345,0.0009191509359634491,8.440623252281314e-07,False,True,-0.0009191509359624499,-8.440623252281314e-07,0.5,0.4990812713538655,0.0009187286461345145,99%+,0–1%,False,False,False,28.17795432,False
2016,NC-12,NC,12,34.04809619,34.080999999999996,34.080999999999996,32.58,D_vs_R,,1.0,1.0,9.992007221626415e-16,0.0,True,True,0.9999899144356492,1.0085615210427443e-05,1.0171860827375143e-10,True,True,-1.0085615209428242e-05,-1.0171860827375143e-10,0.5,0.4999899144356492,1.008556435078134e-05,99%+,99–100%,False,False,False,34.04809619,False
2016,NC-13,NC,13,-12.20674446,-9.31525,-9.31525,-10.72,D_vs_R,,0.0,0.06,0.06187540371808753,0.0036,False,True,0.121971288067571,0.13007598436413043,0.014876995112862388,False,True,-0.0682005806460429,-0.011276995112862388,0.44,0.378028711932429,0.06197128806757102,90–95%,5–10%,False,False,False,12.20674446,False
2016,NC-2,NC,2,-13.41716018,-17.938481707317074,-17.938481707317074,-16.92,D_vs_R,,0.0,0.0015,0.0015011261262670914,2.25e-06,False,True,0.012422083008109,0.012499882036632803,0.00015430814626035035,False,True,-0.010998755910365712,-0.00015205814626035035,0.4985,0.487577916991891,0.010922083008108985,99%+,0–1%,False,False,False,13.41716018,False
2016,NC-3,NC,3,-34.40242693,-22.97525,-22.97525,-21.82,D_vs_R,,0.0,0.0,9.992007221626415e-16,0.0,False,True,0.0020275951049954,0.0020296534587596034,4.111141909801307e-06,False,True,-0.002029653458758604,-4.111141909801307e-06,0.5,0.4979724048950046,0.0020275951049953944,99%+,0–1%,False,False,False,34.40242693,False
2016,NC-4,NC,4,36.43566822,28.629295454545456,28.629295454545456,26.380000000000003,D_vs_R,,1.0,1.0,9.992007221626415e-16,0.0,True,True,0.9998289030727724,0.00017111156597665023,2.9274158506729975e-08,True,True,-0.00017111156597565103,-2.9274158506729975e-08,0.5,0.4998289030727724,0.00017109692722760972,99%+,99–100%,False,False,False,36.43566822,False
2016,NC-5,NC,5,-16.80337091,-16.5419,-16.5419,-18.119999999999997,D_vs_R,,0.0,0.006,0.006018072325563021,3.6e-05,False,True,0.0192670782493673,0.019455107502533504,0.00037122030426724255,False,True,-0.013437035176970483,-0.00033522030426724254,0.494,0.4807329217506327,0.013267078249367292,99%+,0–1%,False,False,False,16.80337091,False
2016,NC-6,NC,6,-18.45820874,-17.633999999999997,-17.633999999999997,-16.619999999999997,D_vs_R,,0.0,0.0025,0.002503130218118477,6.25e-06,False,True,0.0137014061295438,0.0137961366843064,0.0001877285299267004,False,True,-0.011293006466187923,-0.00018147852992670042,0.4975,0.4862985938704562,0.01120140612954379,99%+,0–1%,False,False,False,18.45820874,False
2016,NC-7,NC,7,-21.82763599,-17.633999999999997,-17.633999999999997,-16.619999999999997,D_vs_R,,0.0,0.0005,0.0005001250416822429,2.5e-07,False,True,0.0137014061295438,0.0137961366843064,0.0001877285299267004,False,True,-0.013296011642624157,-0.0001874785299267004,0.4995,0.4862985938704562,0.013201406129543791,99%+,0–1%,False,False,False,21.82763599,False
2016,NC-8,NC,8,-17.54585274,-14.34675,-14.34675,-14.22,D_vs_R,,0.0,0.0125,0.012578782206860073,0.00015625000000000003,False,True,0.0363627932016384,0.03704039670130001,0.0013222527294251196,False,True,-0.024461614494439933,-0.0011660027294251194,0.4875,0.4636372067983616,0.023862793201638366,95–99%,1–5%,False,False,False,17.54585274,False
2016,NC-9,NC,9,-16.36455504,-12.534,-12.534,-15.52,D_vs_R,,0.0,0.023,0.02326862693935433,0.000529,False,True,0.0584635624589716,0.06024223005014358,0.0034179881353940734,False,True,-0.03697360311078925,-0.0028889881353940734,0.477,0.4415364375410284,0.03546356245897159,95–99%,1–5%,False,False,False,16.36455504,False
2016,ND-AL,ND,AL,-45.38304492,-25.574,-25.574,-23.72,D_vs_R,,0.0,0.0,9.992007221626415e-16,0.0,False,True,0.000689768837089,0.0006900068370629572,4.7578104861911145e-07,False,True,-0.000690006837061958,-4.7578104861911145e-07,0.5,0.499310231162911,0.0006897688370889887,99%+,0–1%,False,False,False,45.38304492,False
2016,NE-1,NE,1,-38.90527672,-21.80127272727273,-21.80127272727273,-20.520000000000003,D_vs_R,,0.0,0.0005,0.0005001250416822429,2.5e-07,False,True,0.003195743271077,0.0032008605638820394,1.0212775054633923e-05,False,True,-0.0027007355221997965,-9.962775054633924e-06,0.4995,0.496804256728923,0.0026957432710770224,99%+,0–1%,False,False,False,38.90527672,False
2016,NE-2,NE,2,-1.201492848,-9.134,-9.134,-11.12,D_vs_R,,0.0,0.07,0.0725706928348355,0.004900000000000001,False,True,0.1266195236513881,0.13538399180015603,0.01603250376970443,False,True,-0.06281329896532054,-0.011132503769704427,0.43,0.37338047634861193,0.05661952365138806,90–95%,5–10%,False,False,False,1.201492848,True
2016,NH-1,NH,1,1.339949287,-3.3339999999999996,-3.3339999999999996,-2.32,D_vs_R,,1.0,0.3,1.2039728043259361,0.48999999999999994,False,False,0.3383282021034721,1.0837388424860013,0.4378095681316236,False,False,0.12023396183993484,0.05219043186837635,0.2,0.1616717978965279,0.0383282021034721,65–80%,20–35%,False,False,False,1.339949287,True
2016,NH-2,NH,2,4.435264144,7.765999999999999,7.765999999999999,5.779999999999999,D_vs_R,,1.0,0.8985,0.10702857275852336,0.010302250000000008,True,True,0.8343260344933484,0.18113102436698708,0.02744786284669918,True,True,-0.07410245160846372,-0.017145612846699174,0.39849999999999997,0.3343260344933484,0.06417396550665155,80–90%,80–90%,False,False,False,4.435264144,True
2016,NJ-1,NJ,1,23.19124767,28.93445,28.93445,27.380000000000003,D_vs_R,,1.0,1.0,9.992007221626415e-16,0.0,True,True,0.9998522635163362,0.00014774739777309795,2.1826068605356248e-08,True,True,-0.00014774739777209875,-2.1826068605356248e-08,0.5,0.49985226351633616,0.00014773648366384062,99%+,99–100%,False,False,False,23.19124767,False
2016,NJ-10,NJ,10,73.80044979,73.27600000000001,73.27600000000001,72.48,D_vs_R,,1.0,1.0,9.992007221626415e-16,0.0,True,True,1.0,9.992007221626415e-16,0.0,True,True,0.0,0.0,0.5,0.5,0.0,99%+,99–100%,False,False,False,73.80044979,False
2016,NJ-11,NJ,11,-19.14583035,-10.733999999999998,-10.733999999999998,-9.72,D_vs_R,,0.0,0.042,0.04290750101127655,0.0017640000000000002,False,True,0.0896923839384366,0.093972696965672,0.00804472373655992,False,True,-0.051065195954395445,-0.006280723736559921,0.458,0.4103076160615634,0.04769238393843661,95–99%,1–5%,False,False,False,19.14583035,False
2016,NJ-12,NJ,12,30.84286674,32.166,32.166,30.18,D_vs_R,,1.0,1.0,9.992007221626415e-16,0.0,True,True,0.999971324385789,2.8676025364334173e-05,8.222908503809106e-10,True,True,-2.8676025363334972e-05,-8.222908503809106e-10,0.5,0.49997132438578895,2.8675614211048917e-05,99%+,99–100%,False,False,False,30.84286674,False
2016,NJ-2,NJ,2,-21.99499656,2.5654512195121946,2.5654512195121946,4.18,D_vs_R,,0.0,0.654,1.0613165039244128,0.42771600000000004,True,False,0.625855746236401,0.9831138506824889,0.3916954150971223,True,False,0.07820265324192388,0.03602058490287774,0.15400000000000003,0.12585574623640094,0.02814425376359908,65–80%,65–80%,False,False,False,21.99499656,False
2016,NJ-3,NJ,3,-20.4444309,0.0334999999999995,0.0334999999999995,0.6799999999999997,D_vs_R,,0.0,0.5005,0.6941476808935287,0.2505002499999999,True,False,0.5016716886369097,0.6964961594084988,0.25167448317980845,True,False,-0.0023484785149701093,-0.001174233179808526,0.0004999999999999449,0.0016716886369096962,-0.0011716886369097512,50–65%,50–65%,False,False,False,20.4444309,False
2016,NJ-4,NJ,4,-30.19682341,-15.7087,-15.7087,-13.42,D_vs_R,,0.0,0.005,0.005012541823544286,2.5e-05,False,True,0.0247124921888978,0.025022971646536184,0.0006107072701863347,False,True,-0.020010429822991897,-0.0005857072701863348,0.495,0.4752875078111022,0.019712492188897812,99%+,0–1%,False,False,False,30.19682341,False
2016,NJ-5,NJ,5,4.411298752,-6.793285714285713,-6.793285714285713,-7.02,D_vs_R,,1.0,0.1375,1.984131361875511,0.7439062500000001,False,False,0.1977372171890871,1.6208163156925497,0.64362557268351,False,False,0.3633150461829613,0.10028067731649015,0.3625,0.3022627828109129,0.06023721718908709,80–90%,10–20%,False,False,False,4.411298752,True
2016,NJ-6,NJ,6,28.84468655,22.87135,22.87135,20.08,D_vs_R,,1.0,1.0,9.992007221626415e-16,0.0,True,True,0.9978873996915189,0.002114834996402488,4.463080063394649e-06,True,True,-0.002114834996401489,-4.463080063394649e-06,0.5,0.49788739969151885,0.0021126003084811495,99%+,99–100%,False,False,False,28.84468655,False
2016,NJ-7,NJ,7,-10.95988476,-11.68589024390244,-11.68589024390244,-10.12,D_vs_R,,0.0,0.0245,0.024805118918971115,0.0006002500000000001,False,True,0.0719092529174456,0.07462576317237549,0.005170940655145158,False,True,-0.04982064425340437,-0.004570690655145158,0.4755,0.4280907470825544,0.04740925291744558,95–99%,1–5%,False,False,False,10.95988476,False
2016,NJ-8,NJ,8,58.54913688,55.832249999999995,55.832249999999995,53.68,D_vs_R,,1.0,1.0,9.992007221626415e-16,0.0,True,True,0.9999999999985628,1.437183705378298e-12,2.0654970030019257e-24,True,True,-1.4361845046561353e-12,-2.0654970030019257e-24,0.5,0.4999999999985628,1.4371837053772651e-12,99%+,99–100%,False,False,False,58.54913688,False
2016,NJ-9,NJ,9,41.70175183,36.196,36.196,33.58,D_vs_R,,1.0,1.0,9.992007221626415e-16,0.0,True,True,0.9999970162952216,2.9837092296146984e-06,8.902494204400791e-12,True,True,-2.9837092286154977e-06,-8.902494204400791e-12,0.5,0.49999701629522164,2.9837047783587423e-06,99%+,99–100%,False,False,False,41.70175183,False
2016,NM-1,NM,1,30.29460332,13.23940909090909,13.23940909090909,11.78,D_vs_R,,1.0,0.9825,0.01765493523872071,0.0003062499999999986,True,True,0.9511429738244976,0.05009088722728735,0.0023870090067137227,True,True,-0.032435951988566636,-0.002080759006713724,0.48250000000000004,0.45114297382449764,0.0313570261755024,95–99%,95–99%,False,False,False,30.29460332,False
2016,NM-2,NM,2,-25.47144661,-11.733999999999998,-11.733999999999998,-10.72,D_vs_R,,0.0,0.026,0.026343975339601977,0.000676,False,True,0.0710880080202715,0.07374127880039438,0.005053504884290185,False,True,-0.047397303460792406,-0.004377504884290185,0.474,0.4289119919797285,0.045088008020271464,95–99%,1–5%,False,False,False,25.47144661,False
2016,NM-3,NM,3,24.83409063,17.917280487804877,17.917280487804877,14.88,D_vs_R,,1.0,0.9995,0.0005001250416822429,2.4999999999994493e-07,True,True,0.9874923137215909,0.012586565810224834,0.00015644221603910446,True,True,-0.012086440768542591,-0.0001561922160391045,0.49950000000000006,0.48749231372159085,0.012007686278409202,99%+,99–100%,False,False,False,24.83409063,False
2016,NV-1,NV,1,33.10981566,31.8267,31.8267,29.28,D_vs_R,,1.0,1.0,9.992007221626415e-16,0.0,True,True,0.9999656886416916,3.4311946956566964e-05,1.1772693089706734e-09,True,True,-3.431194695556776e-05,-1.1772693089706734e-09,0.5,0.49996568864169155,3.431135830844756e-05,99%+,99–100%,False,False,False,33.10981566,False
2016,NV-2,NV,2,-21.36811602,-13.034,-13.034,-12.02,D_vs_R,,0.0,0.018,0.01816397062767118,0.00032399999999999996,False,True,0.051514305185169,0.052888571623984096,0.00265372363871073,False,True,-0.034724600996312915,-0.00232972363871073,0.482,0.448485694814831,0.03351430518516896,95–99%,1–5%,False,False,False,21.36811602,False
2016,NV-3,NV,3,1.267996514,-2.0981576086956517,-2.0981576086956517,-3.12,D_vs_R,,1.0,0.355,1.0356374895067213,0.41602500000000003,False,False,0.3964888203873455,0.9251074340491415,0.36422574391745766,False,False,0.11053005545757977,0.05179925608254238,0.14500000000000002,0.10351117961265449,0.041488820387345526,50–65%,35–50%,False,False,False,1.267996514,True
2016,NV-4,NV,4,4.008711811,6.248553191489361,6.248553191489361,6.779999999999999,D_vs_R,,1.0,0.844,0.16960278438617998,0.024336000000000007,True,True,0.782773415580242,0.24491200471619526,0.04718738897867423,True,True,-0.07530922033001528,-0.022851388978674222,0.344,0.28277341558024205,0.06122658441975792,80–90%,80–90%,False,False,False,4.008711811,True
2016,NY-1,NY,1,-9.302774964,-4.046613636363635,-4.046613636363635,-3.42,D_vs_R,,0.0,0.246,0.282362910974181,0.060516,False,True,0.3063698316202926,0.36581635910456756,0.09386247372704642,False,True,-0.08345344813038658,-0.033346473727046425,0.254,0.19363016837970742,0.06036983162029258,65–80%,20–35%,False,False,False,9.302774964,False
2016,NY-10,NY,10,50.2191238,46.565999999999995,46.565999999999995,44.58,D_vs_R,,1.0,1.0,9.992007221626415e-16,0.0,True,True,0.9999999971385836,2.861416441221525e-09,8.187704026664426e-18,True,True,-2.861415442020803e-09,-8.187704026664426e-18,0.5,0.49999999713858356,2.861416437127673e-09,99%+,99–100%,False,False,False,50.2191238,False
2016,NY-11,NY,11,-14.83763577,-0.9675670731707318,-0.9675670731707318,0.3799999999999999,D_vs_R,,0.0,0.4295,0.5612421096800068,0.18447025,False,True,0.4518347584126336,0.6011785017435177,0.20415464890980298,False,True,-0.03993639206351096,-0.019684398909802975,0.07050000000000001,0.0481652415873664,0.022334758412633604,50–65%,35–50%,False,False,False,14.83763577,False
2016,NY-12,NY,12,57.88068104,53.465999999999994,53.465999999999994,51.48,D_vs_R,,1.0,1.0,9.992007221626415e-16,0.0,True,True,0.999999999988668,1.1332046412413181e-11,1.2841527589163123e-22,True,True,-1.1331047211691018e-11,-1.2841527589163123e-22,0.5,0.49999999998866795,1.1332046412348973e-11,99%+,99–100%,False,False,False,57.88068104,False
2016,NY-13,NY,13,76.03265959,86.566,86.566,86.08,D_vs_R,,1.0,1.0,9.992007221626415e-16,0.0,True,True,1.0,9.992007221626415e-16,0.0,True,True,0.0,0.0,0.5,0.5,0.0,99%+,99–100%,False,False,False,76.03265959,False
2016,NY-14,NY,14,56.5004739,60.21320108695651,60.21320108695651,58.48,D_vs_R,,1.0,1.0,9.992007221626415e-16,0.0,True,True,0.9999999999999748,2.5202062658991372e-14,6.351439622677112e-28,True,True,-2.420286193682873e-14,-6.351439622677112e-28,0.5,0.4999999999999748,2.5202062658991053e-14,99%+,99–100%,False,False,False,56.5004739,False
2016,NY-15,NY,15,82.37301436,93.31475,93.31475,89.78,D_vs_R,,1.0,1.0,9.992007221626415e-16,0.0,True,True,1.0,9.992007221626415e-16,0.0,True,True,0.0,0.0,0.5,0.5,0.0,99%+,99–100%,False,False,False,82.37301436,False
2016,NY-18,NY,18,9.348746408,3.9338409090909088,3.9338409090909088,0.3799999999999999,D_vs_R,,1.0,0.729,0.31608154697347896,0.073441,True,True,0.688661743496083,0.37300506684023876,0.09693150996289882,True,True,-0.05692351986675981,-0.02349050996289881,0.22899999999999998,0.188661743496083,0.04033825650391698,65–80%,65–80%,False,False,False,9.348746408,False
2016,NY-19,NY,19,-3.046345855,3.8319090909090914,3.8319090909090914,2.28,D_vs_R,,0.0,0.7295,1.3074831806956009,0.5321702500000001,True,False,0.6841411400408751,1.1524598108700979,0.4680490994964283,True,False,0.15502336982550302,0.06412115050357176,0.22950000000000004,0.18414114004087512,0.04535885995912492,65–80%,65–80%,False,False,False,3.046345855,True
2016,NY-2,NY,2,-17.41478561,-1.5462256097560971,-1.5462256097560971,0.4800000000000004,D_vs_R,,0.0,0.4075,0.5234044059728508,0.16605625,False,True,0.4233196875427399,0.5504672172177094,0.17919955786128294,False,True,-0.027062811244858653,-0.013143307861282955,0.09250000000000003,0.07668031245726009,0.015819687542739935,50–65%,35–50%,False,False,False,17.41478561,False
2016,NY-20,NY,20,31.60911762,19.419399999999996,19.419399999999996,16.479999999999997,D_vs_R,,1.0,0.999,0.0010005003335835344,1.0000000000000019e-06,True,True,0.9924309110550016,0.0075978798714578175,5.729110745729721e-05,True,True,-0.006597379537874283,-5.6291107457297204e-05,0.499,0.4924309110550016,0.0065690889449984136,99%+,99–100%,False,False,False,31.60911762,False
2016,NY-21,NY,21,-26.55200252,1.166,1.166,2.1799999999999997,D_vs_R,,0.0,0.562,0.825536368605691,0.31584400000000007,True,False,0.5579792903107407,0.81639854350149,0.3113408884156778,True,False,0.009137825104201025,0.004503111584322261,0.062000000000000055,0.05797929031074067,0.004020709689259383,50–65%,50–65%,False,False,False,26.55200252,False
2016,NY-22,NY,22,-3.564167168,-2.4952500000000004,-2.4952500000000004,-4.32,D_vs_R,,0.0,0.345,0.4231200433468851,0.11902499999999998,False,True,0.3774762327098163,0.4739734709862894,0.14248830626079537,False,True,-0.050853427639404314,-0.02346330626079539,0.15500000000000003,0.12252376729018372,0.03247623270981631,65–80%,20–35%,False,False,False,3.564167168,True
2016,NY-23,NY,23,-10.25125085,-7.324000000000001,-7.324000000000001,-5.12,D_vs_R,,0.0,0.1115,0.11822063138743108,0.01243225,False,True,0.1798032186665508,0.1982109902778556,0.03232919744285148,False,True,-0.07999035889042452,-0.019896947442851483,0.3885,0.3201967813334492,0.06830321866655081,80–90%,10–20%,False,False,False,10.25125085,False
2016,NY-24,NY,24,-12.61139591,11.17975,11.17975,11.98,D_vs_R,,0.0,0.9685,3.4577677331505505,0.9379922500000001,True,False,0.9190046995906064,2.5133641456300184,0.8445696378696207,True,False,0.9444035875205321,0.09342261213037939,0.4685,0.4190046995906064,0.04949530040939365,95–99%,95–99%,True,True,True,12.61139591,False
2016,NY-25,NY,25,16.29675432,17.093364130434782,17.093364130434782,15.48,D_vs_R,,1.0,0.9945,0.005515180688110111,3.0249999999999444e-05,True,True,0.9837459495343776,0.016387596631933076,0.00026419415653900136,True,True,-0.010872415943822964,-0.00023394415653900193,0.49450000000000005,0.48374594953437755,0.0107540504656225,99%+,99–100%,False,False,False,16.29675432,False
2016,NY-26,NY,26,44.5249486,29.42475,29.42475,25.68,D_vs_R,,1.0,1.0,9.992007221626415e-16,0.0,True,True,0.9998836414401756,0.00011636533000679855,1.3539314444406644e-08,True,True,-0.00011636533000579935,-1.3539314444406644e-08,0.5,0.4998836414401756,0.00011635855982439214,99%+,99–100%,False,False,False,44.5249486,False
2016,NY-27,NY,27,-19.0948181,-17.334,-17.334,-16.32,D_vs_R,,0.0,0.0015,0.0015011261262670914,2.25e-06,False,True,0.0150715008867023,0.015186230177502995,0.00022715013897786821,False,True,-0.013685104051235904,-0.0002249001389778682,0.4985,0.4849284991132977,0.013571500886702281,99%+,0–1%,False,False,False,19.0948181,False
2016,NY-3,NY,3,10.77625753,0.6291944444444444,0.6291944444444444,-1.3199999999999998,D_vs_R,,1.0,0.5215,0.65104600454131,0.22896225000000003,True,True,0.5313652374602422,0.6323056646945047,0.21961854066069517,True,True,0.018740339846805343,0.009343709339304868,0.021499999999999964,0.031365237460242223,-0.00986523746024226,50–65%,50–65%,False,False,False,10.77625753,False
2016,NY-4,NY,4,20.57672527,11.33293181818182,11.33293181818182,9.58,D_vs_R,,1.0,0.964,0.03666398437159147,0.0012960000000000022,True,True,0.9218416138262954,0.0813818556202091,0.006108733329277943,True,True,-0.044717871248617626,-0.004812733329277941,0.46399999999999997,0.42184161382629537,0.0421583861737046,95–99%,95–99%,False,False,False,20.57672527,False
2016,NY-5,NY,5,68.63414595,78.60986363636364,78.60986363636364,77.58,D_vs_R,,1.0,1.0,9.992007221626415e-16,0.0,True,True,1.0,9.992007221626415e-16,0.0,True,True,0.0,0.0,0.5,0.5,0.0,99%+,99–100%,False,False,False,68.63414595,False
2016,NY-6,NY,6,41.68354105,36.95526136363635,36.95526136363635,32.879999999999995,D_vs_R,,1.0,1.0,9.992007221626415e-16,0.0,True,True,0.9999981043975196,1.895604277085068e-06,3.593308763806361e-12,True,True,-1.8956042760858673e-06,-3.593308763806361e-12,0.5,0.49999810439751957,1.8956024804284155e-06,99%+,99–100%,False,False,False,41.68354105,False
2016,NY-7,NY,7,72.89390916,76.166,76.166,74.17999999999999,D_vs_R,,1.0,1.0,9.992007221626415e-16,0.0,True,True,1.0,9.992007221626415e-16,0.0,True,True,0.0,0.0,0.5,0.5,0.0,99%+,99–100%,False,False,False,72.89390916,False
2016,OH-1,OH,1,-18.42508766,-10.618772727272724,-10.618772727272724,-10.02,D_vs_R,,0.0,0.04,0.040821994520255166,0.0016,False,True,0.0920496395589391,0.09656557099302876,0.008473136142930607,False,True,-0.055743576472773594,-0.006873136142930608,0.46,0.4079503604410609,0.0520496395589391,95–99%,1–5%,False,False,False,18.42508766,False
2016,OH-10,OH,10,-31.41484602,-9.76035,-9.76035,-5.82,D_vs_R,,0.0,0.055,0.05657035148839435,0.003025,False,True,0.1110688158283982,0.1177354545953281,0.012336281849522639,False,True,-0.061165103106933745,-0.009311281849522639,0.445,0.3889311841716018,0.05606881582839823,90–95%,5–10%,False,False,False,31.41484602,False
2016,OH-11,OH,11,60.50758872,64.79077272727271,64.79077272727271,62.379999999999995,D_vs_R,,1.0,1.0,9.992007221626415e-16,0.0,True,True,0.9999999999999998,9.992007221626415e-16,4.930380657631324e-32,True,True,0.0,-4.930380657631324e-32,0.5,0.4999999999999998,2.220446049250313e-16,99%+,99–100%,False,False,False,60.50758872,False
2016,OH-12,OH,12,-36.71934183,-16.38736956521739,-16.38736956521739,-14.42,D_vs_R,,0.0,0.0035,0.00350613932928759,1.2250000000000001e-05,False,True,0.020192080023573,0.020398726552088436,0.00040772009567837574,False,True,-0.016892587222800848,-0.00039547009567837574,0.4965,0.479807919976427,0.016692080023572975,99%+,0–1%,False,False,False,36.71934183,False
2016,OH-13,OH,13,35.46479916,26.075090909090907,26.075090909090907,23.58,D_vs_R,,1.0,1.0,9.992007221626415e-16,0.0,True,True,0.9994460280763008,0.0005541254228374312,3.0688489224700854e-07,True,True,-0.000554125422836432,-3.0688489224700854e-07,0.5,0.4994460280763008,0.0005539719236992147,99%+,99–100%,False,False,False,35.46479916,False
2016,OH-14,OH,14,-25.20462844,-9.59585,-9.59585,-7.22,D_vs_R,,0.0,0.068,0.07042246429654593,0.0046240000000000005,False,True,0.11501387510044,0.12218331217670317,0.013228191465619613,False,True,-0.05176084788015724,-0.008604191465619613,0.432,0.38498612489955997,0.04701387510044003,90–95%,5–10%,False,False,False,25.20462844,False
2016,OH-15,OH,15,-32.32919743,-10.51331818181818,-10.51331818181818,-9.52,D_vs_R,,0.0,0.045,0.046043938501406846,0.002025,False,True,0.0942468897460776,0.09898851531395324,0.008882476226809308,False,True,-0.05294457681254639,-0.006857476226809308,0.455,0.4057531102539224,0.049246889746077604,95–99%,1–5%,False,False,False,32.32919743,False
2016,OH-16,OH,16,-30.65875055,-13.134,-13.134,-12.12,D_vs_R,,0.0,0.0185,0.018673265265621256,0.00034224999999999994,False,True,0.05020663837844,0.051510832129737914,0.0025207065372634444,False,True,-0.03283756686411666,-0.0021784565372634443,0.4815,0.44979336162156003,0.031706638378439955,95–99%,1–5%,False,False,False,30.65875055,False
2016,OH-2,OH,2,-32.17918238,-16.144,-16.144,-14.92,D_vs_R,,0.0,0.0045,0.004510155477886019,2.0249999999999998e-05,False,True,0.0217251039907474,0.021964568678773937,0.0004719801434087886,False,True,-0.01745441320088792,-0.0004517301434087886,0.4955,0.4782748960092526,0.017225103990747392,99%+,0–1%,False,False,False,32.17918238,False
2016,OH-3,OH,3,37.14797615,38.25122499999999,38.25122499999999,36.879999999999995,D_vs_R,,1.0,1.0,9.992007221626415e-16,0.0,True,True,0.9999991434295864,8.565707804554135e-07,7.337128734527633e-13,True,True,-8.565707794562128e-07,-7.337128734527633e-13,0.5,0.4999991434295864,8.565704135987673e-07,99%+,99–100%,False,False,False,37.14797615,False
2016,OH-4,OH,4,-35.97772373,-18.421075,-18.421075,-17.92,D_vs_R,,0.0,0.003,0.0030045090202987243,9e-06,False,True,0.0106062176337545,0.010662864455045025,0.0001124918524945649,False,True,-0.007658355434746301,-0.00010349185249456489,0.497,0.4893937823662455,0.0076062176337545195,99%+,0–1%,False,False,False,35.97772373,False
2016,OH-5,OH,5,-41.80022088,-15.826,-15.826,-13.72,D_vs_R,,0.0,0.0075,0.0075282664207915245,5.625e-05,False,True,0.0238753986358681,0.024165035385467177,0.0005700346600216123,False,True,-0.01663676896467565,-0.0005137846600216123,0.4925,0.4761246013641319,0.016375398635868066,99%+,0–1%,False,False,False,41.80022088,False
2016,OH-6,OH,6,-41.35191822,-17.04025,-17.04025,-16.42,D_vs_R,,0.0,0.0025,0.002503130218118477,6.25e-06,False,True,0.016525518359389,0.016663587965885986,0.0002730927570465029,False,True,-0.014160457747767509,-0.0002668427570465029,0.4975,0.483474481640611,0.014025518359388978,99%+,0–1%,False,False,False,41.35191822,False
2016,OH-7,OH,7,-35.07735347,-14.446727272727273,-14.446727272727273,-13.42,D_vs_R,,0.0,0.012,0.012072581234269249,0.000144,False,True,0.0353768871805188,0.036017810594018575,0.0012515241465831553,False,True,-0.023945229359749326,-0.0011075241465831553,0.488,0.4646231128194812,0.02337688718051878,95–99%,1–5%,False,False,False,35.07735347,False
2016,OH-8,OH,8,-41.79308523,-30.258922360248448,-30.258922360248448,-29.42,D_vs_R,,0.0,0.0,9.992007221626415e-16,0.0,False,True,7.68829465555e-05,7.688590220072996e-05,5.9109874710558685e-09,False,True,-7.688590219973076e-05,-5.9109874710558685e-09,0.5,0.4999231170534445,7.688294655550099e-05,99%+,0–1%,False,False,False,41.79308523,False
2016,OH-9,OH,9,37.37243182,38.766,38.766,32.78,D_vs_R,,1.0,1.0,9.992007221626415e-16,0.0,True,True,0.999999379593697,6.204064954500478e-07,3.8490398079961867e-13,True,True,-6.204064944508471e-07,-3.8490398079961867e-13,0.5,0.499999379593697,6.204063029979778e-07,99%+,99–100%,False,False,False,37.37243182,False
2016,OK-2,OK,2,-47.40283408,-37.200515151515155,-37.200515151515155,-39.52,D_vs_R,,0.0,0.0,9.992007221626415e-16,0.0,False,True,1.6341978316779773e-06,1.6341991670263141e-06,2.6706025530610027e-12,False,True,-1.6341991660271134e-06,-2.6706025530610027e-12,0.5,0.49999836580216833,1.6341978316680716e-06,99%+,0–1%,False,False,False,47.40283408,False
2016,OK-3,OK,3,-56.58173184,-52.538,-52.538,-51.72,D_vs_R,,0.0,0.0,9.992007221626415e-16,0.0,False,True,2.4878086360520084e-11,2.4878099580714892e-11,6.189191809614954e-22,False,True,-2.487710037999273e-11,-6.189191809614954e-22,0.5,0.4999999999751219,2.4878099580405433e-11,99%+,0–1%,False,False,False,56.58173184,False
2016,OK-4,OK,4,-43.54563098,-39.16700000000001,-39.16700000000001,-38.120000000000005,D_vs_R,,0.0,0.0,9.992007221626415e-16,0.0,False,True,4.812231491812305e-07,4.812232650058432e-07,2.315757193079008e-13,False,True,-4.812232640066425e-07,-2.315757193079008e-13,0.5,0.49999951877685084,4.812231491624352e-07,99%+,0–1%,False,False,False,43.54563098,False
2016,OK-5,OK,5,-20.28406458,-22.685432926829268,-22.685432926829268,-22.32,D_vs_R,,0.0,0.0,9.992007221626415e-16,0.0,False,True,0.0022728129954073,0.0022753997550872484,5.165678912092303e-06,False,True,-0.002275399755086249,-5.165678912092303e-06,0.5,0.4977271870045927,0.002272812995407325,99%+,0–1%,False,False,False,20.28406458,False
2016,OR-1,OR,1,22.64906968,15.405375,15.405375,13.38,D_vs_R,,1.0,0.99,0.01005033585350145,0.00010000000000000018,True,True,0.9730080694124124,0.02736290349813468,0.0007285643168451494,True,True,-0.01731256764463323,-0.0006285643168451493,0.49,0.47300806941241236,0.016991930587587634,99%+,99–100%,False,False,False,22.64906968,False
2016,OR-2,OR,2,-43.68136703,-21.90753658536585,-21.90753658536585,-20.22,D_vs_R,,0.0,0.0005,0.0005001250416822429,2.5e-07,False,True,0.0030693199975439,0.003074040020816491,9.420725247322886e-06,False,True,-0.002573914979134248,-9.170725247322887e-06,0.4995,0.4969306800024561,0.002569319997543895,99%+,0–1%,False,False,False,43.68136703,False
2016,OR-4,OR,4,15.81741991,1.2246363636363644,1.2246363636363644,2.78,D_vs_R,,1.0,0.583,0.5395680926316447,0.17388900000000004,True,True,0.560872791403823,0.5782611524627234,0.1928327053294704,True,True,-0.038693059831078624,-0.018943705329470345,0.08299999999999996,0.06087279140382296,0.022127208596177006,50–65%,50–65%,False,False,False,15.81741991,False
2016,OR-5,OR,5,10.46935472,1.22975,1.22975,-0.52,D_vs_R,,1.0,0.575,0.5533852381847867,0.18062500000000004,True,True,0.5611249797779193,0.5778116179185012,0.19261128337493175,True,True,-0.02442637973371453,-0.011986283374931711,0.07499999999999996,0.06112497977791931,0.013875020222080647,50–65%,50–65%,False,False,False,10.46935472,False
2016,PA-1,PA,1,64.40319722,60.61814285714286,60.61814285714286,61.48,D_vs_R,,1.0,1.0,9.992007221626415e-16,0.0,True,True,0.999999999999983,1.698641227676504e-14,2.8853820203622915e-28,True,True,-1.59872115546024e-14,-2.8853820203622915e-28,0.5,0.499999999999983,1.6986412276764895e-14,99%+,99–100%,False,False,False,64.40319722,False
2016,PA-10,PA,10,-40.33775593,-22.633999999999997,-22.633999999999997,-25.619999999999997,D_vs_R,,0.0,0.0,9.992007221626415e-16,0.0,False,True,0.0023190377894564,0.0023217309220473453,5.377936268926826e-06,False,True,-0.002321730922046346,-5.377936268926826e-06,0.5,0.4976809622105436,0.002319037789456413,99%+,0–1%,False,False,False,40.33775593,False
2016,PA-11,PA,11,-27.33565119,-14.054357142857144,-14.054357142857144,-13.32,D_vs_R,,0.0,0.012,0.012072581234269249,0.000144,False,True,0.0393758543071662,0.040172054013983105,0.0015504579024191788,False,True,-0.028099472779713856,-0.0014064579024191787,0.488,0.46062414569283383,0.02737585430716616,95–99%,1–5%,False,False,False,27.33565119,False
2016,PA-12,PA,12,-23.52368014,-25.834,-25.834,-20.82,D_vs_R,,0.0,0.0,9.992007221626415e-16,0.0,False,True,0.0006158834320088,0.0006160731661164413,3.793124018229381e-07,False,True,-0.0006160731661154421,-3.793124018229381e-07,0.5,0.4993841165679912,0.0006158834320088014,99%+,0–1%,False,False,False,23.52368014,False
2016,PA-14,PA,14,48.73227457,36.43645454545454,36.43645454545454,33.48,D_vs_R,,1.0,1.0,9.992007221626415e-16,0.0,True,True,0.9999974131459364,2.5868574095369877e-06,6.6918139464892655e-12,True,True,-2.586857408537787e-06,-6.6918139464892655e-12,0.5,0.4999974131459364,2.5868540636242443e-06,99%+,99–100%,False,False,False,48.73227457,False
2016,PA-15,PA,15,-20.36578717,-7.914325000000001,-7.914325000000001,-6.82,D_vs_R,,0.0,0.0975,0.1025865887751011,0.00950625,False,True,0.1610979372631491,0.1756613102738685,0.025952545390441527,False,True,-0.0730747214987674,-0.016446295390441526,0.40249999999999997,0.33890206273685086,0.0635979372631491,90–95%,5–10%,False,False,False,20.36578717,False
2016,PA-16,PA,16,-10.86231129,-8.9559414893617,-8.9559414893617,-10.02,D_vs_R,,0.0,0.0705,0.07310847182063836,0.004970249999999999,False,True,0.1313046742343004,0.14076281845400343,0.01724091747577575,False,True,-0.06765434663336507,-0.012270667475775751,0.4295,0.36869532576569963,0.06080467423430036,90–95%,5–10%,False,False,False,10.86231129,False
2016,PA-17,PA,17,7.608028271,10.597136363636364,10.597136363636364,8.18,D_vs_R,,1.0,0.95,0.05129329438755058,0.0025000000000000044,True,True,0.9075026663580334,0.09705877471187346,0.008555756730873276,True,True,-0.045765480324322885,-0.006055756730873272,0.44999999999999996,0.40750266635803345,0.042497333641966506,95–99%,95–99%,False,False,False,7.608028271,False
2016,PA-2,PA,2,80.35426191,79.03722340425533,79.03722340425533,77.48,D_vs_R,,1.0,1.0,9.992007221626415e-16,0.0,True,True,1.0,9.992007221626415e-16,0.0,True,True,0.0,0.0,0.5,0.5,0.0,99%+,99–100%,False,False,False,80.35426191,False
2016,PA-4,PA,4,-32.11257485,-20.534,-20.534,-19.52,D_vs_R,,0.0,0.0,9.992007221626415e-16,0.0,False,True,0.0051073537082224,0.005120440818524298,2.60850619008931e-05,False,True,-0.005120440818523299,-2.60850619008931e-05,0.5,0.4948926462917776,0.005107353708222406,99%+,0–1%,False,False,False,32.11257485,False
2016,PA-5,PA,5,-34.32886244,-20.943728260869563,-20.943728260869563,-19.52,D_vs_R,,0.0,0.0005,0.0005001250416822429,2.5e-07,False,True,0.0044000288665699,0.004409737482844639,1.93602540266484e-05,False,True,-0.003909612441162396,-1.9110254026648402e-05,0.4995,0.4955999711334301,0.0039000288665699268,99%+,0–1%,False,False,False,34.32886244,False
2016,PA-6,PA,6,-14.4754448,-7.683375,-7.683375,-6.42,D_vs_R,,0.0,0.092,0.09651090038084373,0.008464,False,True,0.1682591551056132,0.18423437118424088,0.028311143276854803,False,True,-0.08772347080339715,-0.019847143276854804,0.40800000000000003,0.3317408448943868,0.07625915510561321,90–95%,5–10%,False,False,False,14.4754448,False
2016,PA-7,PA,7,-18.93376056,-6.860250000000001,-6.860250000000001,-5.82,D_vs_R,,0.0,0.1365,0.14676138139540384,0.018632250000000003,False,True,0.1954165350773337,0.217430570357873,0.03818762218163079,False,True,-0.07066918896246915,-0.019555372181630788,0.3635,0.3045834649226663,0.05891653507733369,80–90%,10–20%,False,False,False,18.93376056,False
2016,PA-8,PA,8,-8.851472357,-2.7727499999999994,-2.7727499999999994,-4.02,D_vs_R,,0.0,0.3275,0.3967531675061429,0.10725625000000001,False,True,0.3643607648860685,0.45312411697060795,0.1327587669883609,False,True,-0.056370949464465026,-0.025502516988360882,0.1725,0.1356392351139315,0.03686076488606849,65–80%,20–35%,False,False,False,8.851472357,False
2016,PA-9,PA,9,-26.68171711,-31.53180487804878,-31.53180487804878,-30.82,D_vs_R,,0.0,0.0,9.992007221626415e-16,0.0,False,True,4.0046016073433494e-05,4.004681793654553e-05,1.6036834033536938e-09,False,True,-4.004681793554633e-05,-1.6036834033536938e-09,0.5,0.49995995398392656,4.0046016073436164e-05,99%+,0–1%,False,False,False,26.68171711,False
2016,RI-1,RI,1,29.40688142,32.066,32.066,30.08,D_vs_R,,1.0,1.0,9.992007221626415e-16,0.0,True,True,0.9999697617468362,3.0238710349032536e-05,9.143519544004187e-10,True,True,-3.0238710348033336e-05,-9.143519544004187e-10,0.5,0.49996976174683616,3.023825316383899e-05,99%+,99–100%,False,False,False,29.40688142,False
2016,RI-2,RI,2,27.40892349,19.566,19.566,17.58,D_vs_R,,1.0,0.9995,0.0005001250416822429,2.4999999999994493e-07,True,True,0.9928053217965044,0.0072206847147845464,5.176339445185495e-05,True,True,-0.006720559673102304,-5.1513394451855e-05,0.49950000000000006,0.4928053217965044,0.006694678203495674,99%+,99–100%,False,False,False,27.40892349,False
2016,SC-1,SC,1,-24.56284405,-23.034,-23.034,-22.020000000000003,D_vs_R,,0.0,0.0005,0.0005001250416822429,2.5e-07,False,True,0.0019809148779174,0.001982879484702129,3.924023753554508e-06,False,True,-0.0014827544430198862,-3.6740237535545076e-06,0.4995,0.4980190851220826,0.0014809148779174053,99%+,0–1%,False,False,False,24.56284405,False
2016,SC-2,SC,2,-25.71837008,-24.296949999999995,-24.296949999999995,-23.619999999999997,D_vs_R,,0.0,0.0,9.992007221626415e-16,0.0,False,True,0.0011861945486067,0.001186898634203666,1.4070575071442528e-06,False,True,-0.0011868986342026668,-1.4070575071442528e-06,0.5,0.4988138054513933,0.0011861945486066894,99%+,0–1%,False,False,False,25.71837008,False
2016,SC-3,SC,3,-45.77873414,-35.534000000000006,-35.534000000000006,-34.52,D_vs_R,,0.0,0.0,9.992007221626415e-16,0.0,False,True,4.4000106793513566e-06,4.400020359437183e-06,1.9360093978405986e-11,False,True,-4.400020358437983e-06,-1.9360093978405986e-11,0.5,0.49999559998932064,4.400010679361799e-06,99%+,0–1%,False,False,False,45.77873414,False
2016,SC-4,SC,4,-36.17952447,-30.191045454545456,-30.191045454545456,-29.92,D_vs_R,,0.0,0.0,9.992007221626415e-16,0.0,False,True,7.955028133171519e-05,7.955344562310858e-05,6.328247259955034e-09,False,True,-7.955344562210938e-05,-6.328247259955034e-09,0.5,0.4999204497186683,7.955028133171949e-05,99%+,0–1%,False,False,False,36.17952447,False
2016,SC-5,SC,5,-20.47464158,-16.433999999999997,-16.433999999999997,-15.42,D_vs_R,,0.0,0.0055,0.005515180688110111,3.0249999999999997e-05,False,True,0.0199090686218067,0.020109924501372698,0.0003963710133878081,False,True,-0.014594743813262586,-0.0003661210133878081,0.4945,0.4800909313781933,0.014409068621806687,99%+,0–1%,False,False,False,20.47464158,False
2016,SC-6,SC,6,42.47639828,40.356224999999995,40.356224999999995,38.879999999999995,D_vs_R,,1.0,1.0,9.992007221626415e-16,0.0,True,True,0.9999997766750492,2.2332497569140937e-07,4.98740336294502e-14,True,True,-2.2332497469220865e-07,-4.98740336294502e-14,0.5,0.49999977667504925,2.2332495075438885e-07,99%+,99–100%,False,False,False,42.47639828,False
2016,SC-7,SC,7,-25.22394917,-15.48422727272727,-15.48422727272727,-14.02,D_vs_R,,0.0,0.007,0.007024614936964466,4.9000000000000005e-05,False,True,0.0263831121870776,0.026737391718784382,0.0006960686086759226,False,True,-0.019712776781819916,-0.0006470686086759226,0.493,0.4736168878129224,0.01938311218707761,99%+,0–1%,False,False,False,25.22394917,False
2016,SD-AL,SD,AL,-28.20557176,-22.934,-22.934,-21.92,D_vs_R,,0.0,0.0,9.992007221626415e-16,0.0,False,True,0.0020609648368582,0.0020630915474405226,4.247576058765947e-06,False,True,-0.0020630915474395234,-4.247576058765947e-06,0.5,0.4979390351631418,0.0020609648368581923,99%+,0–1%,False,False,False,28.20557176,False
2016,TN-1,TN,1,-62.94595396,-51.934000000000005,-51.934000000000005,-50.92,D_vs_R,,0.0,0.0,9.992007221626415e-16,0.0,False,True,4.1210915257721436e-11,4.121092356342267e-11,1.6983395363790975e-21,False,True,-4.120992436270051e-11,-1.6983395363790975e-21,0.5,0.4999999999587891,4.12109235625735e-11,99%+,0–1%,False,False,False,62.94595396,False
2016,TN-2,TN,2,-51.29105307,-41.334,-41.334,-40.32,D_vs_R,,0.0,0.0,9.992007221626415e-16,0.0,False,True,1.1690779122265889e-07,1.1690779805924532e-07,1.3667431648560799e-14,False,True,-1.169077970600446e-07,-1.3667431648560799e-14,0.5,0.4999998830922088,1.1690779122552897e-07,99%+,0–1%,False,False,False,51.29105307,False
2016,TN-3,TN,3,-37.55028082,-33.134,-33.134,-32.12,D_vs_R,,0.0,0.0,9.992007221626415e-16,0.0,False,True,1.702530744221114e-05,1.702545237437843e-05,2.898610935018101e-10,False,True,-1.702545237337923e-05,-2.898610935018101e-10,0.5,0.4999829746925578,1.7025307442186666e-05,99%+,0–1%,False,False,False,37.55028082,False
2016,TN-4,TN,4,-30.06821293,-37.13400000000001,-37.13400000000001,-36.120000000000005,D_vs_R,,0.0,0.0,9.992007221626415e-16,0.0,False,True,1.7014570239122649e-06,1.7014584714189564e-06,2.8949560042203814e-12,False,True,-1.7014584704197557e-06,-2.8949560042203814e-12,0.5,0.49999829854297606,1.7014570239393123e-06,99%+,0–1%,False,False,False,30.06821293,False
2016,TN-5,TN,5,25.10674699,11.466,11.466,9.48,D_vs_R,,1.0,0.973,0.027371196796132015,0.0007290000000000013,True,True,0.9242442893648,0.07877885985389148,0.00573892769384416,True,True,-0.05140766305775946,-0.005009927693844158,0.473,0.42424428936479996,0.04875571063520001,95–99%,95–99%,False,False,False,25.10674699,False
2016,TN-6,TN,6,-49.29487855,-44.534000000000006,-44.534000000000006,-43.52,D_vs_R,,0.0,0.0,9.992007221626415e-16,0.0,False,True,1.2701106634269213e-08,1.2701106691549688e-08,1.613181097350774e-16,False,True,-1.2701105692348966e-08,-1.613181097350774e-16,0.5,0.4999999872988934,1.2701106610890633e-08,99%+,0–1%,False,False,False,49.29487855,False
2016,TN-7,TN,7,-48.71159189,-37.734,-37.734,-36.72,D_vs_R,,0.0,0.0,9.992007221626415e-16,0.0,False,True,1.1796873334966963e-06,1.1796880293173735e-06,1.3916622048125457e-12,False,True,-1.1796880283181728e-06,-1.3916622048125457e-12,0.5,0.4999988203126665,1.1796873334857239e-06,99%+,0–1%,False,False,False,48.71159189,False
2016,TN-8,TN,8,-43.66699324,-36.734,-36.734,-37.22,D_vs_R,,0.0,0.0,9.992007221626415e-16,0.0,False,True,2.1654492963791795e-06,2.165451641020522e-06,4.689170655189084e-12,False,True,-2.1654516400213213e-06,-4.689170655189084e-12,0.5,0.4999978345507036,2.1654492963762983e-06,99%+,0–1%,False,False,False,43.66699324,False
2016,TN-9,TN,9,59.87786582,55.465999999999994,55.465999999999994,53.48,D_vs_R,,1.0,1.0,9.992007221626415e-16,0.0,True,True,0.9999999999980104,1.9896306824327225e-12,3.958630252469824e-24,True,True,-1.98863148171056e-12,-3.958630252469824e-24,0.5,0.49999999999801037,1.989630682430743e-12,99%+,99–100%,False,False,False,59.87786582,False
2016,TX-1,TX,1,-49.76287302,-49.769000000000005,-49.769000000000005,-48.02,D_vs_R,,0.0,0.0,9.992007221626415e-16,0.0,False,True,2.403085274703709e-10,2.4030855086510645e-10,5.774818837497799e-20,False,True,-2.403075516643843e-10,-5.774818837497799e-20,0.5,0.49999999975969145,2.4030855083623237e-10,99%+,0–1%,False,False,False,49.76287302,False
2016,TX-10,TX,10,-18.89027511,-25.234,-25.234,-24.22,D_vs_R,,0.0,0.0,9.992007221626415e-16,0.0,False,True,0.0007987307866073,0.0007990499419995166,6.379708694743162e-07,False,True,-0.0007990499419985174,-6.379708694743162e-07,0.5,0.4992012692133927,0.0007987307866073046,99%+,0–1%,False,False,False,18.89027511,False
2016,TX-12,TX,12,-42.54560867,-40.61150000000001,-40.61150000000001,-39.02,D_vs_R,,0.0,0.0,9.992007221626415e-16,0.0,False,True,1.888673063487807e-07,1.8886732418535882e-07,3.567085940744418e-14,False,True,-1.888673231861581e-07,-3.567085940744418e-14,0.5,0.49999981113269365,1.8886730634992688e-07,99%+,0–1%,False,False,False,42.54560867,False
2016,TX-14,TX,14,-23.71218977,-24.6815,-24.6815,-23.72,D_vs_R,,0.0,0.0005,0.0005001250416822429,2.5e-07,False,True,0.0010100509092795,0.001010561354445209,1.0202028393363447e-06,False,True,-0.0005104363127629661,-7.702028393363448e-07,0.4995,0.4989899490907205,0.0005100509092795247,99%+,0–1%,False,False,False,23.71218977,False
2016,TX-15,TX,15,19.62767426,13.225969512195125,13.225969512195125,11.98,D_vs_R,,1.0,0.9835,0.01663764115302325,0.0002722499999999987,True,True,0.950972529051144,0.0502701032355183,0.0024036929076409145,True,True,-0.033632462082495054,-0.002131442907640916,0.48350000000000004,0.45097252905114404,0.032527470948856,95–99%,95–99%,False,False,False,19.62767426,False
2016,TX-17,TX,17,-25.56241047,-27.542404255319145,-27.542404255319145,-26.619999999999997,D_vs_R,,0.0,0.0,9.992007221626415e-16,0.0,False,True,0.0002854089670401,0.00028544970393063536,8.145827846689687e-08,False,True,-0.00028544970392963616,-8.145827846689687e-08,0.5,0.4997145910329599,0.00028540896704010166,99%+,0–1%,False,False,False,25.56241047,False
2016,TX-18,TX,18,49.8516945,51.36599999999999,51.36599999999999,49.379999999999995,D_vs_R,,1.0,1.0,9.992007221626415e-16,0.0,True,True,0.9999999999340936,6.590639145759992e-11,4.343652434676125e-21,True,True,-6.590539225687776e-11,-4.343652434676125e-21,0.5,0.4999999999340936,6.590639145542809e-11,99%+,99–100%,False,False,False,49.8516945,False
2016,TX-2,TX,2,-24.60537098,-32.233999999999995,-32.233999999999995,-31.22,D_vs_R,,0.0,0.0,9.992007221626415e-16,0.0,False,True,2.765704732598996e-05,2.7657429789176006e-05,7.649122667920483e-10,False,True,-2.7657429788176805e-05,-7.649122667920483e-10,0.5,0.499972342952674,2.7657047325990725e-05,99%+,0–1%,False,False,False,24.60537098,False
2016,TX-21,TX,21,-20.56056916,-26.1515,-26.1515,-25.82,D_vs_R,,0.0,0.0,9.992007221626415e-16,0.0,False,True,0.0005355848870467,0.0005357283638639941,2.8685117123282635e-07,False,True,-0.0005357283638629949,-2.8685117123282635e-07,0.5,0.4994644151129533,0.0005355848870466917,99%+,0–1%,False,False,False,20.56056916,False
2016,TX-22,TX,22,-19.04314614,-30.3865,-30.3865,-29.32,D_vs_R,,0.0,0.0,9.992007221626415e-16,0.0,False,True,7.209586403169619e-05,7.209846306339939e-05,5.197813610476824e-09,False,True,-7.209846306240019e-05,-5.197813610476824e-09,0.5,0.4999279041359683,7.209586403167378e-05,99%+,0–1%,False,False,False,19.04314614,False
2016,TX-23,TX,23,-1.33251807,-7.534,-7.534,-6.52,D_vs_R,,0.0,0.112,0.11878353598996698,0.012544000000000001,False,True,0.1729983153465523,0.18994854689468293,0.029928417112745152,False,True,-0.07116501090471596,-0.017384417112745153,0.388,0.3270016846534477,0.06099831534655231,80–90%,10–20%,False,False,False,1.33251807,True
2016,TX-24,TX,24,-16.85417309,-27.193146341463414,-27.193146341463414,-26.32,D_vs_R,,0.0,0.0,9.992007221626415e-16,0.0,False,True,0.0003351742491649,0.00033523043260801365,1.1234177730325448e-07,False,True,-0.00033523043260701445,-1.1234177730325448e-07,0.5,0.4996648257508351,0.00033517424916490457,99%+,0–1%,False,False,False,16.85417309,False
2016,TX-25,TX,25,-20.60471444,-26.12914705882353,-26.12914705882353,-26.020000000000003,D_vs_R,,0.0,0.0,9.992007221626415e-16,0.0,False,True,0.0005409046030878,0.00054105094475621,2.9257778964157046e-07,False,True,-0.0005410509447552108,-2.9257778964157046e-07,0.5,0.4994590953969122,0.0005409046030878106,99%+,0–1%,False,False,False,20.60471444,False
2016,TX-26,TX,26,-36.7378087,-42.3065,-42.3065,-40.82,D_vs_R,,0.0,0.0,9.992007221626415e-16,0.0,False,True,6.053710434708615e-08,6.05371061617762e-08,3.664741002729997e-15,False,True,-6.053710516257547e-08,-3.664741002729997e-15,0.5,0.49999993946289567,6.053710432940562e-08,99%+,0–1%,False,False,False,36.7378087,False
2016,TX-27,TX,27,-23.38537601,-26.40617391304348,-26.40617391304348,-26.22,D_vs_R,,0.0,0.0,9.992007221626415e-16,0.0,False,True,0.0004782988798943,0.00047841330129004897,2.28769818508142e-07,False,True,-0.00047841330128904977,-2.28769818508142e-07,0.5,0.4995217011201057,0.0004782988798943122,99%+,0–1%,False,False,False,23.38537601,False
2016,TX-28,TX,28,34.8868479,22.29159659090909,22.29159659090909,17.68,D_vs_R,,1.0,1.0,9.992007221626415e-16,0.0,True,True,0.9973509093120508,0.002652605737848646,7.017681472978968e-06,True,True,-0.002652605737847647,-7.017681472978968e-06,0.5,0.49735090931205084,0.0026490906879491627,99%+,99–100%,False,False,False,34.8868479,False
2016,TX-29,TX,29,48.49373399,32.979260869565216,32.979260869565216,28.979999999999997,D_vs_R,,1.0,1.0,9.992007221626415e-16,0.0,True,True,0.9999814776034626,1.8522568079139806e-05,3.4307917348997726e-10,True,True,-1.8522568078140606e-05,-3.4307917348997726e-10,0.5,0.49998147760346257,1.8522396537434815e-05,99%+,99–100%,False,False,False,48.49373399,False
2016,TX-3,TX,3,-26.6264729,-35.306840909090916,-35.306840909090916,-34.02,D_vs_R,,0.0,0.0,9.992007221626415e-16,0.0,False,True,5.019744251172151e-06,5.019756850114036e-06,2.519783234717586e-11,False,True,-5.019756849114835e-06,-2.519783234717586e-11,0.5,0.49999498025574884,5.0197442511557e-06,99%+,0–1%,False,False,False,26.6264729,False
2016,TX-30,TX,30,58.94363558,58.065999999999995,58.065999999999995,56.08,D_vs_R,,1.0,1.0,9.992007221626415e-16,0.0,True,True,0.9999999999998108,1.8918200339614457e-13,3.5789830408972085e-26,True,True,-1.8818280267398193e-13,-3.5789830408972085e-26,0.5,0.4999999999998108,1.8918200339612667e-13,99%+,99–100%,False,False,False,58.94363558,False
2016,TX-31,TX,31,-21.85896805,-26.029675675675673,-26.029675675675673,-25.22,D_vs_R,,0.0,0.0,9.992007221626415e-16,0.0,False,True,0.0005651754179115,0.000565335189740205,3.194232530114387e-07,False,True,-0.0005653351897392058,-3.194232530114387e-07,0.5,0.4994348245820885,0.000565175417911512,99%+,0–1%,False,False,False,21.85896805,False
2016,TX-33,TX,33,47.42064905,43.18069114219114,43.18069114219114,40.98,D_vs_R,,1.0,1.0,9.992007221626415e-16,0.0,True,True,0.9999999669042818,3.309571871367294e-08,1.095326560923941e-15,True,True,-3.309571771447222e-08,-1.095326560923941e-15,0.5,0.49999996690428183,3.3095718166009647e-08,99%+,99–100%,False,False,False,47.42064905,False
2016,TX-34,TX,34,25.34424207,20.87403571428571,20.87403571428571,18.58,D_vs_R,,1.0,0.9995,0.0005001250416822429,2.4999999999994493e-07,True,True,0.995486211554614,0.004524006347677302,2.037428612969988e-05,True,True,-0.004023881305995059,-2.0124286129699936e-05,0.49950000000000006,0.49548621155461403,0.004013788445386024,99%+,99–100%,False,False,False,25.34424207,False
2016,TX-35,TX,35,31.49572823,26.466,26.466,24.479999999999997,D_vs_R,,1.0,1.0,9.992007221626415e-16,0.0,True,True,0.9995343084038272,0.0004658000641805969,2.1686866274599224e-07,True,True,-0.0004658000641795977,-2.1686866274599224e-07,0.5,0.4995343084038272,0.00046569159617282363,99%+,99–100%,False,False,False,31.49572823,False
2016,TX-6,TX,6,-19.31129618,-21.482750000000003,-21.482750000000003,-21.020000000000003,D_vs_R,,0.0,0.0,9.992007221626415e-16,0.0,False,True,0.0036032456054363,0.0036097529312477494,1.298337889309601e-05,False,True,-0.00360975293124675,-1.298337889309601e-05,0.5,0.4963967543945637,0.0036032456054362894,99%+,0–1%,False,False,False,19.31129618,False
2016,TX-7,TX,7,-12.34713325,-26.302478260869563,-26.302478260869563,-25.22,D_vs_R,,0.0,0.0,9.992007221626415e-16,0.0,False,True,0.0005009023776954,0.0005010278711998036,2.5090319198090517e-07,False,True,-0.0005010278711988044,-2.5090319198090517e-07,0.5,0.4994990976223046,0.0005009023776954002,99%+,0–1%,False,False,False,12.34713325,False
2016,TX-9,TX,9,61.28748216,54.965999999999994,54.965999999999994,52.98,D_vs_R,,1.0,1.0,9.992007221626415e-16,0.0,True,True,0.9999999999969084,3.0916380566784527e-12,9.558225873472968e-24,True,True,-3.09063885595629e-12,-9.558225873472968e-24,0.5,0.49999999999690836,3.0916380566736734e-12,99%+,99–100%,False,False,False,61.28748216,False
2016,UT-1,UT,1,-39.48264739,-59.24842307692308,-59.24842307692308,-60.92,D_vs_R,,0.0,0.0,9.992007221626415e-16,0.0,False,True,6.266100843831221e-14,6.261657858886079e-14,3.9264019785062345e-27,False,True,-6.161737786669814e-14,-3.9264019785062345e-27,0.5,0.49999999999993733,6.267208974009009e-14,99%+,0–1%,False,False,False,39.48264739,False
2016,UT-2,UT,2,-27.72425303,-44.88579878048781,-44.88579878048781,-42.72,D_vs_R,,0.0,0.0,9.992007221626415e-16,0.0,False,True,9.856821598807336e-09,9.856821629745208e-09,9.71569320307148e-17,False,True,-9.856820630544485e-09,-9.71569320307148e-17,0.5,0.4999999901431784,9.856821581166741e-09,99%+,0–1%,False,False,False,27.72425303,False
2016,UT-3,UT,3,-46.92276686,-63.629000000000005,-63.629000000000005,-62.72,D_vs_R,,0.0,0.0,9.992007221626415e-16,0.0,False,True,8.673840555693227e-16,9.992007221626415e-16,7.5235509985588585e-31,False,True,0.0,-7.5235509985588585e-31,0.5,0.4999999999999991,8.881784197001252e-16,99%+,0–1%,False,False,False,46.92276686,False
2016,UT-4,UT,4,-12.45005809,-44.690250000000006,-44.690250000000006,-40.92,D_vs_R,,0.0,0.0,9.992007221626415e-16,0.0,False,True,1.13511540712744e-08,1.1351154081160936e-08,1.2884869874980937e-16,False,True,-1.1351153081960214e-08,-1.2884869874980937e-16,0.5,0.4999999886488459,1.1351154072247738e-08,99%+,0–1%,False,False,False,12.45005809,False
2016,VA-1,VA,1,-23.25214963,-16.834,-16.834,-15.82,D_vs_R,,0.0,0.003,0.0030045090202987243,9e-06,False,True,0.0176167662713678,0.01777378837920345,0.0003103504538600021,False,True,-0.014769279358904725,-0.0003013504538600021,0.497,0.4823832337286322,0.01461676627136782,99%+,0–1%,False,False,False,23.25214963,False
2016,VA-10,VA,10,-5.768553025,-6.034,-6.034,-5.02,D_vs_R,,0.0,0.158,0.17197526473981037,0.024964,False,True,0.2251974281953036,0.2551470281405352,0.05071388166577893,False,True,-0.08317176340072482,-0.025749881665778927,0.34199999999999997,0.27480257180469636,0.06719742819530361,80–90%,10–20%,False,False,False,5.768553025,False
2016,VA-2,VA,2,-22.87268126,-5.734,-5.734,-6.22,D_vs_R,,0.0,0.1775,0.19540679634261007,0.03150625,False,True,0.2366155707222576,0.26999353542376403,0.05598692830821969,False,True,-0.07458673908115396,-0.02448067830821969,0.3225,0.2633844292777424,0.05911557072225759,80–90%,10–20%,False,False,False,22.87268126,False
2016,VA-3,VA,3,33.63257988,34.36599999999999,34.36599999999999,32.379999999999995,D_vs_R,,1.0,1.0,9.992007221626415e-16,0.0,True,True,0.9999914074175236,8.592619392878189e-06,7.383247361425038e-11,True,True,-8.592619391878988e-06,-7.383247361425038e-11,0.5,0.49999140741752357,8.59258247642991e-06,99%+,99–100%,False,False,False,33.63257988,False
2016,VA-4,VA,4,15.6942329,18.366000000000003,18.366000000000003,17.880000000000003,D_vs_R,,1.0,0.9985,0.0015011261262670914,2.2499999999998374e-06,True,True,0.9891989664382924,0.010859788181466634,0.00011666232600113363,True,True,-0.009358662055199543,-0.00011441232600113379,0.49850000000000005,0.4891989664382924,0.009301033561707639,99%+,99–100%,False,False,False,15.6942329,False
2016,VA-5,VA,5,-16.65536109,-10.034,-10.034,-10.52,D_vs_R,,0.0,0.056,0.057629112836636416,0.0031360000000000003,False,True,0.104722512300932,0.11062156663854458,0.010966804582618854,False,True,-0.05299245380190817,-0.007830804582618854,0.444,0.395277487699068,0.048722512300932,90–95%,5–10%,False,False,False,16.65536109,False
2016,VA-6,VA,6,-33.48049254,-24.234,-24.234,-23.22,D_vs_R,,0.0,0.0,9.992007221626415e-16,0.0,False,True,0.0012175729590053,0.0012183148031879305,1.4824839105009218e-06,False,True,-0.0012183148031869313,-1.4824839105009218e-06,0.5,0.4987824270409947,0.0012175729590053197,99%+,0–1%,False,False,False,33.48049254,False
2016,VA-7,VA,7,-15.26994986,-15.434,-15.434,-14.42,D_vs_R,,0.0,0.0065,0.006521216990265463,4.225e-05,False,True,0.0267695748551611,0.027134405568393943,0.0007166101379260734,False,True,-0.02061318857812848,-0.0006743601379260734,0.4935,0.47323042514483893,0.020269574855161065,99%+,0–1%,False,False,False,15.26994986,False
2016,VA-8,VA,8,41.10780867,34.86599999999999,34.86599999999999,32.879999999999995,D_vs_R,,1.0,1.0,9.992007221626415e-16,0.0,True,True,0.9999935318267088,6.468194209919488e-06,4.183726572494675e-11,True,True,-6.468194208920287e-06,-4.183726572494675e-11,0.5,0.4999935318267088,6.468173291196422e-06,99%+,99–100%,False,False,False,41.10780867,False
2016,VA-9,VA,9,-40.26921119,-33.134,-33.134,-32.12,D_vs_R,,0.0,0.0,9.992007221626415e-16,0.0,False,True,1.702530744221114e-05,1.702545237437843e-05,2.898610935018101e-10,False,True,-1.702545237337923e-05,-2.898610935018101e-10,0.5,0.4999829746925578,1.7025307442186666e-05,99%+,0–1%,False,False,False,40.26921119,False
2016,WA-1,WA,1,10.83005627,8.866,8.866,6.880000000000001,D_vs_R,,1.0,0.9265,0.0763412332567226,0.005402250000000002,True,True,0.8662837905067096,0.1435427214388552,0.017880024681253538,True,True,-0.06720148818213259,-0.012477774681253537,0.4265,0.36628379050670956,0.06021620949329043,90–95%,90–95%,False,False,False,10.83005627,False
2016,WA-10,WA,10,17.33043323,13.266,13.266,11.28,D_vs_R,,1.0,0.983,0.017146158834970514,0.0002890000000000005,True,True,0.9514788122858484,0.04973786019134107,0.0023543056571919355,True,True,-0.03259170135637056,-0.002065305657191935,0.483,0.4514788122858484,0.03152118771415158,95–99%,95–99%,False,False,False,17.33043323,False
2016,WA-2,WA,2,28.03250074,19.266,19.266,17.28,D_vs_R,,1.0,1.0,9.992007221626415e-16,0.0,True,True,0.9920208643213068,0.00801113933648345,6.366660617899541e-05,True,True,-0.00801113933648245,-6.366660617899541e-05,0.5,0.49202086432130676,0.007979135678693239,99%+,99–100%,False,False,False,28.03250074,False
2016,WA-3,WA,3,-23.50539618,-6.634,-6.634,-5.62,D_vs_R,,0.0,0.133,0.1427163022015952,0.017689000000000003,False,True,0.203323868935988,0.22730704279858918,0.04134059567909883,False,True,-0.08459074059699398,-0.023651595679098823,0.367,0.296676131064012,0.07032386893598797,80–90%,10–20%,False,False,False,23.50539618,False
2016,WA-5,WA,5,-19.28205382,-14.734,-14.734,-13.72,D_vs_R,,0.0,0.0105,0.010555513939516587,0.00011025000000000001,False,True,0.0326653978402204,0.033210822532494556,0.0010670282160598755,False,True,-0.02265530859297797,-0.0009567782160598755,0.4895,0.4673346021597796,0.02216539784022037,95–99%,1–5%,False,False,False,19.28205382,False
2016,WA-6,WA,6,23.06106139,12.966,12.966,10.98,D_vs_R,,1.0,0.981,0.019182819416773987,0.00036100000000000064,True,True,0.9475811137370006,0.05384273752402569,0.002747739637053267,True,True,-0.034659918107251705,-0.002386739637053266,0.481,0.4475811137370006,0.03341888626299938,95–99%,95–99%,False,False,False,23.06106139,False
2016,WA-8,WA,8,-20.39019525,-3.3339999999999996,-3.3339999999999996,-2.32,D_vs_R,,0.0,0.308,0.36816932336446756,0.094864,False,True,0.3383282021034721,0.412985619551679,0.11446597233856785,False,True,-0.044816296187211446,-0.01960197233856785,0.192,0.1616717978965279,0.03032820210347209,65–80%,20–35%,False,False,False,20.39019525,False
2016,WA-9,WA,9,45.77486305,36.766,36.766,34.78,D_vs_R,,1.0,1.0,9.992007221626415e-16,0.0,True,True,0.9999978757365688,2.124265687408771e-06,4.512495124955215e-12,True,True,-2.1242656864095705e-06,-4.512495124955215e-12,0.5,0.49999787573656884,2.1242634311580133e-06,99%+,99–100%,False,False,False,45.77486305,False
2016,WI-1,WI,1,-34.74121018,-9.134,-9.134,-8.120000000000001,D_vs_R,,0.0,0.0705,0.07310847182063836,0.004970249999999999,False,True,0.1266195236513881,0.13538399180015603,0.01603250376970443,False,True,-0.06227551997951768,-0.01106225376970443,0.4295,0.37338047634861193,0.05611952365138806,90–95%,5–10%,False,False,False,34.74121018,False
2016,WI-2,WI,2,37.55539366,35.86599999999999,35.86599999999999,33.879999999999995,D_vs_R,,1.0,1.0,9.992007221626415e-16,0.0,True,True,0.9999963758374442,3.624169123130512e-06,1.3134554231134811e-11,True,True,-3.6241691221313113e-06,-1.3134554231134811e-11,0.5,0.49999637583744416,3.624162555837529e-06,99%+,99–100%,False,False,False,37.55539366,False
2016,WI-5,WI,5,-37.41364841,-28.534,-28.534,-27.520000000000003,D_vs_R,,0.0,0.0,9.992007221626415e-16,0.0,False,True,0.0001790726612652,0.00017908869668852823,3.206701801260106e-08,False,True,-0.00017908869668752903,-3.206701801260106e-08,0.5,0.4998209273387348,0.0001790726612652116,99%+,0–1%,False,False,False,37.41364841,False
2016,WI-6,WI,6,-19.89876338,-12.233999999999998,-12.233999999999998,-11.22,D_vs_R,,0.0,0.027,0.027371196796132015,0.0007289999999999999,False,True,0.0629739962461397,0.06504424499020682,0.003965724203208816,False,True,-0.037673048194074805,-0.0032367242032088164,0.473,0.4370260037538603,0.03597399624613967,95–99%,1–5%,False,False,False,19.89876338,False
2016,WI-7,WI,7,-23.40098987,-8.033999999999999,-8.033999999999999,-7.02,D_vs_R,,0.0,0.1,0.10536051565782628,0.010000000000000002,False,True,0.157466501966509,0.1713418572688985,0.024795699241568582,False,True,-0.06598134161107222,-0.01479569924156858,0.4,0.342533498033491,0.05746650196650904,90–95%,10–20%,False,False,False,23.40098987,False
2016,WI-8,WI,8,-25.34773764,-7.134,-7.134,-7.62,D_vs_R,,0.0,0.1145,0.12160282175924887,0.01311025,False,True,0.1861028651800957,0.2059212909650755,0.03463427642824087,False,True,-0.08431846920582663,-0.02152402642824087,0.3855,0.31389713481990433,0.07160286518009568,80–90%,10–20%,False,False,False,25.34773764,False
2016,WV-1,WV,1,-37.94677705,-29.985956521739126,-29.985956521739126,-30.619999999999997,D_vs_R,,0.0,0.0,9.992007221626415e-16,0.0,False,True,8.814841984009133e-05,8.81523051403456e-05,7.770143920305007e-09,False,True,-8.81523051393464e-05,-7.770143920305007e-09,0.5,0.4999118515801599,8.814841984011723e-05,99%+,0–1%,False,False,False,37.94677705,False
2016,WV-2,WV,2,-16.36268976,-27.5115,-27.5115,-25.92,D_vs_R,,0.0,0.0,9.992007221626415e-16,0.0,False,True,0.0002895180433904,0.00028955996183007365,8.382069744860554e-08,False,True,-0.00028955996182907445,-8.382069744860554e-08,0.5,0.4997104819566096,0.000289518043390391,99%+,0–1%,False,False,False,16.36268976,False
2016,WV-3,WV,3,-43.906874,-37.13400000000001,-37.13400000000001,-36.120000000000005,D_vs_R,,0.0,0.0,9.992007221626415e-16,0.0,False,True,1.7014570239122649e-06,1.7014584714189564e-06,2.8949560042203814e-12,False,True,-1.7014584704197557e-06,-2.8949560042203814e-12,0.5,0.49999829854297606,1.7014570239393123e-06,99%+,0–1%,False,False,False,43.906874,False
2016,WY-AL,WY,AL,-31.18769031,-44.034000000000006,-44.034000000000006,-44.52,D_vs_R,,0.0,0.0,9.992007221626415e-16,0.0,False,True,1.8151905821637092e-08,1.815190603203772e-08,3.2949168495758255e-16,False,True,-1.8151905032836998e-08,-3.2949168495758255e-16,0.5,0.4999999818480942,1.8151905811780722e-08,99%+,0–1%,False,False,False,31.18769031,False
2018,AK-AL,AK,AL,-6.584776337,-12.887,-12.887,-17.3,D_vs_R,,0.0,0.0215,0.021734492146006094,0.00046224999999999993,False,True,0.0534855821545699,0.054969075648534316,0.0028607074984132465,False,True,-0.033234583502528225,-0.0023984574984132465,0.4785,0.4465144178454301,0.03198558215456987,95–99%,1–5%,False,False,False,6.584776337,False
2018,AL-1,AL,1,-26.37984972,-27.087,-27.087,-31.5,D_vs_R,,0.0,0.0,9.992007221626415e-16,0.0,False,True,0.0003518281829866,0.0003518900890424187,1.237830703436525e-07,False,True,-0.0003518900890414195,-1.237830703436525e-07,0.5,0.4996481718170134,0.0003518281829866243,99%+,0–1%,False,False,False,26.37984972,False
2018,AL-2,AL,2,-22.96247182,-29.587,-29.587,-34.0,D_vs_R,,0.0,0.0,9.992007221626415e-16,0.0,False,True,0.0001074347730434,0.0001074405445720328,1.154223045888687e-08,False,True,-0.0001074405445710336,-1.154223045888687e-08,0.5,0.4998925652269566,0.00010743477304342441,99%+,0–1%,False,False,False,22.96247182,False
2018,AL-3,AL,3,-27.49886812,-30.540875,-30.540875,-35.1,D_vs_R,,0.0,0.0,9.992007221626415e-16,0.0,False,True,6.667849673434494e-05,6.668071984414888e-05,4.446021926752049e-09,False,True,-6.668071984314968e-05,-4.446021926752049e-09,0.5,0.49993332150326564,6.667849673436255e-05,99%+,0–1%,False,False,False,27.49886812,False
2018,AL-4,AL,4,-59.64566673,-60.454788461538456,-60.454788461538456,-65.1,D_vs_R,,0.0,0.0,9.992007221626415e-16,0.0,False,True,1.9857026379112682e-14,1.98729921407905e-14,3.943014966207769e-28,False,True,-1.887379141862786e-14,-3.943014966207769e-28,0.5,0.4999999999999801,1.9872992140790302e-14,99%+,0–1%,False,False,False,59.64566673,False
2018,AL-5,AL,5,-22.12542151,-32.05825,-32.05825,-35.5,D_vs_R,,0.0,0.0,9.992007221626415e-16,0.0,False,True,3.036266591360579e-05,3.0363126868679296e-05,9.21891481381239e-10,False,True,-3.0363126867680095e-05,-9.21891481381239e-10,0.5,0.4999696373340864,3.0362665913608033e-05,99%+,0–1%,False,False,False,22.12542151,False
2018,AL-6,AL,6,-38.40720301,-43.35825,-43.35825,-46.8,D_vs_R,,0.0,0.0,9.992007221626415e-16,0.0,False,True,2.9234091510477533e-08,2.9234091908239103e-08,8.546321064429746e-16,False,True,-2.923409090903838e-08,-8.546321064429746e-16,0.5,0.49999997076590846,2.9234091536434192e-08,99%+,0–1%,False,False,False,38.40720301,False
2018,AR-1,AR,1,-40.17491118,-32.946711538461535,-32.946711538461535,-36.9,D_vs_R,,0.0,0.0,9.992007221626415e-16,0.0,False,True,1.8852834339381684e-05,1.8853012056248453e-05,3.554293626281692e-10,False,True,-1.8853012055249252e-05,-3.554293626281692e-10,0.5,0.4999811471656606,1.8852834339389002e-05,99%+,0–1%,False,False,False,40.17491118,False
2018,AR-2,AR,2,-6.308861998,-8.115574999999998,-8.115574999999998,-12.8,D_vs_R,,0.0,0.104,0.10981486600720657,0.010816,False,True,0.155022253644643,0.16844498764588695,0.02403189912506403,False,True,-0.05863012163868038,-0.013215899125064032,0.396,0.344977746355357,0.05102225364464302,80–90%,10–20%,False,False,False,6.308861998,False
2018,AR-3,AR,3,-32.11250805,-29.353494565217392,-29.353494565217392,-33.5,D_vs_R,,0.0,0.0,9.992007221626415e-16,0.0,False,True,0.000120493488632,0.00012050074855555707,1.4518680802709913e-08,False,True,-0.00012050074855455787,-1.4518680802709913e-08,0.5,0.499879506511368,0.00012049348863202303,99%+,0–1%,False,False,False,32.11250805,False
2018,AR-4,AR,4,-35.50943912,-30.98075,-30.98075,-35.0,D_vs_R,,0.0,0.0,9.992007221626415e-16,0.0,False,True,5.326937245064074e-05,5.327079131405718e-05,2.837626041285082e-09,False,True,-5.327079131305798e-05,-2.837626041285082e-09,0.5,0.49994673062754935,5.3269372450648333e-05,99%+,0–1%,False,False,False,35.50943912,False
2018,AZ-1,AZ,1,7.687653379,5.263,5.263,-3.2,D_vs_R,,1.0,0.794,0.23067181773500128,0.04243599999999998,True,True,0.7448328147685459,0.29459549549285324,0.0651102924189432,True,True,-0.06392367775785196,-0.02267429241894322,0.29400000000000004,0.2448328147685459,0.049167185231454136,65–80%,65–80%,False,False,False,7.687653379,False
2018,AZ-2,AZ,2,9.49067149,12.713,12.713,2.8000000000000003,D_vs_R,,1.0,0.982,0.01816397062767118,0.00032400000000000056,True,True,0.944104345277054,0.05751858369409057,0.0031243242169067954,True,True,-0.03935461306641939,-0.002800324216906795,0.482,0.444104345277054,0.03789565472294598,95–99%,95–99%,False,False,False,9.49067149,False
2018,AZ-3,AZ,3,27.73092392,35.97424999999999,35.97424999999999,27.799999999999997,D_vs_R,,1.0,1.0,9.992007221626415e-16,0.0,True,True,0.9999965991826504,3.400823132411601e-06,1.1565558645470737e-11,True,True,-3.4008231314124003e-06,-1.1565558645470737e-11,0.5,0.4999965991826504,3.4008173496191674e-06,99%+,99–100%,False,False,False,27.73092392,False
2018,AZ-4,AZ,4,-37.65625282,-37.68099456521739,-37.68099456521739,-42.3,D_vs_R,,0.0,0.0,9.992007221626415e-16,0.0,False,True,1.2187456116760177e-06,1.2187463543240635e-06,1.4853408659795505e-12,False,True,-1.2187463533248627e-06,-1.4853408659795505e-12,0.5,0.49999878125438835,1.218745611653027e-06,99%+,0–1%,False,False,False,37.65625282,False
2018,AZ-5,AZ,5,-18.849181,-17.287000000000003,-17.287000000000003,-23.200000000000003,D_vs_R,,0.0,0.0035,0.00350613932928759,1.2250000000000001e-05,False,True,0.0152964805407438,0.015414678591113833,0.00023398231693335373,False,True,-0.011908539261826242,-0.00022173231693335373,0.4965,0.4847035194592562,0.011796480540743781,99%+,0–1%,False,False,False,18.849181,False
2018,AZ-6,AZ,6,-10.38607072,-6.9329090909090905,-6.9329090909090905,-12.1,D_vs_R,,0.0,0.126,0.1346749033266016,0.015876,False,True,0.1929172984794777,0.21432913576401272,0.037217084052619885,False,True,-0.07965423243741113,-0.021341084052619884,0.374,0.3070827015205223,0.0669172984794777,80–90%,10–20%,False,False,False,10.38607072,False
2018,AZ-8,AZ,8,-10.92777342,-17.107000000000003,-17.107000000000003,-23.200000000000003,D_vs_R,,0.0,0.0045,0.004510155477886019,2.0249999999999998e-05,False,True,0.0161849765066024,0.01631738385581556,0.0002619534645192716,False,True,-0.01180722837792954,-0.0002417034645192716,0.4955,0.4838150234933976,0.011684976506602385,99%+,0–1%,False,False,False,10.92777342,False
2018,AZ-9,AZ,9,22.17114203,20.96293243243243,20.96293243243243,14.2,D_vs_R,,1.0,0.9995,0.0005001250416822429,2.4999999999994493e-07,True,True,0.9956308647016552,0.004378707862700597,1.9089343255242657e-05,True,True,-0.0038785828210183538,-1.883934325524271e-05,0.49950000000000006,0.4956308647016552,0.0038691352983448724,99%+,99–100%,False,False,False,22.17114203,False
2018,CA-1,CA,1,-9.773177775,-15.887,-15.887,-21.8,D_vs_R,,0.0,0.0085,0.008536331022286335,7.225000000000001e-05,False,True,0.0234495853267477,0.023728902068481245,0.0005498830519964211,False,True,-0.01519257104619491,-0.0004776330519964211,0.4915,0.4765504146732523,0.014949585326747672,99%+,0–1%,False,False,False,9.773177775,False
2018,CA-10,CA,10,4.502027941,4.2658378378378385,4.2658378378378385,0.8999999999999999,D_vs_R,,1.0,0.7555,0.28037549726934285,0.05978025000000003,True,True,0.7031867263371532,0.35213280887414733,0.088098119422456,True,True,-0.07175731160480447,-0.028317869422455975,0.25549999999999995,0.20318672633715318,0.05231327366284677,65–80%,65–80%,False,False,False,4.502027941,True
2018,CA-11,CA,11,48.26484234,54.113,54.113,46.7,D_vs_R,,1.0,1.0,9.992007221626415e-16,0.0,True,True,0.9999999999935014,6.498579452362007e-12,4.223153489838724e-23,True,True,-6.497580251639844e-12,-4.223153489838724e-23,0.5,0.4999999999935014,6.498579452340891e-12,99%+,99–100%,False,False,False,48.26484234,False
2018,CA-12,CA,12,73.64636423,82.813,82.813,75.4,D_vs_R,,1.0,1.0,9.992007221626415e-16,0.0,True,True,1.0,9.992007221626415e-16,0.0,True,True,0.0,0.0,0.5,0.5,0.0,99%+,99–100%,False,False,False,73.64636423,False
2018,CA-14,CA,14,58.44511155,64.013,64.013,56.6,D_vs_R,,1.0,1.0,9.992007221626415e-16,0.0,True,True,0.9999999999999994,9.992007221626415e-16,3.0814879110195774e-31,True,True,0.0,-3.0814879110195774e-31,0.5,0.49999999999999944,5.551115123125783e-16,99%+,99–100%,False,False,False,58.44511155,False
2018,CA-15,CA,15,45.93508767,49.438,49.438,43.6,D_vs_R,,1.0,1.0,9.992007221626415e-16,0.0,True,True,0.9999999996873212,3.126787718122146e-10,9.776801431142498e-20,True,True,-3.126777726114924e-10,-9.776801431142498e-20,0.5,0.49999999968732123,3.126787717633306e-10,99%+,99–100%,False,False,False,45.93508767,False
2018,CA-16,CA,16,15.09034059,26.913,26.913,19.5,D_vs_R,,1.0,1.0,9.992007221626415e-16,0.0,True,True,0.9996191995976677,0.0003808729252173037,1.4500894641647854e-07,True,True,-0.0003808729252163045,-1.4500894641647854e-07,0.5,0.49961919959766765,0.0003808004023323486,99%+,99–100%,False,False,False,15.09034059,False
2018,CA-17,CA,17,50.69472727,55.4625652173913,55.4625652173913,51.3,D_vs_R,,1.0,1.0,9.992007221626415e-16,0.0,True,True,0.9999999999980044,1.99562588676571e-12,3.982522679921479e-24,True,True,-1.9946266860435475e-12,-3.982522679921479e-24,0.5,0.4999999999980044,1.995625886763719e-12,99%+,99–100%,False,False,False,50.69472727,False
2018,CA-18,CA,18,48.98325161,56.88282142857143,56.88282142857143,51.1,D_vs_R,,1.0,1.0,9.992007221626415e-16,0.0,True,True,0.999999999999441,5.589972928989225e-13,3.1247797346814914e-25,True,True,-5.579980921767599e-13,-3.1247797346814914e-25,0.5,0.499999999999441,5.589972928987663e-13,99%+,99–100%,False,False,False,48.98325161,False
2018,CA-19,CA,19,47.50974723,56.922999999999995,56.922999999999995,49.3,D_vs_R,,1.0,1.0,9.992007221626415e-16,0.0,True,True,0.999999999999461,5.390132784556588e-13,2.9053531435136093e-25,True,True,-5.380140777334962e-13,-2.9053531435136093e-25,0.5,0.499999999999461,5.390132784555135e-13,99%+,99–100%,False,False,False,47.50974723,False
2018,CA-2,CA,2,54.01590967,50.69695000000001,50.69695000000001,43.6,D_vs_R,,1.0,1.0,9.992007221626415e-16,0.0,True,True,0.9999999998861404,1.1385958843072971e-10,1.2964005876139082e-20,True,True,-1.1385858923000755e-10,-1.2964005876139082e-20,0.5,0.4999999998861404,1.138595884242477e-10,99%+,99–100%,False,False,False,54.01590967,False
2018,CA-21,CA,21,0.7586959583,16.38605,16.38605,13.4,D_vs_R,,1.0,0.993,0.007024614936964466,4.9000000000000087e-05,True,True,0.9797998618355754,0.020406950790557404,0.0004080455818618418,True,True,-0.013382335853592938,-0.0003590455818618417,0.493,0.47979986183557544,0.013200138164424557,99%+,99–100%,False,False,False,0.7586959583,True
2018,CA-22,CA,22,-5.44430904,-8.797699999999999,-8.797699999999999,-11.6,D_vs_R,,0.0,0.0845,0.08828491486757167,0.007140250000000001,False,True,0.1355677083990841,0.14568229780409336,0.0183786035605791,False,True,-0.05739738293652169,-0.0112383535605791,0.4155,0.3644322916009159,0.05106770839908409,90–95%,5–10%,False,False,False,5.44430904,False
2018,CA-23,CA,23,-27.43398097,-19.790079268292683,-19.790079268292683,-24.1,D_vs_R,,0.0,0.001,0.0010005003335835344,1e-06,False,True,0.0066539332968927,0.006676169404325558,4.427482831949736e-05,False,True,-0.005675669070742024,-4.327482831949736e-05,0.499,0.4933460667031073,0.005653933296892677,99%+,0–1%,False,False,False,27.43398097,False
2018,CA-24,CA,24,17.11100407,24.355321428571425,24.355321428571425,18.1,D_vs_R,,1.0,1.0,9.992007221626415e-16,0.0,True,True,0.9988422382650464,0.001158432458813352,1.340412234922846e-06,True,True,-0.0011584324588123527,-1.340412234922846e-06,0.5,0.49884223826504637,0.0011577617349536329,99%+,99–100%,False,False,False,17.11100407,False
2018,CA-25,CA,25,8.732277102,10.602175,10.602175,4.6,D_vs_R,,1.0,0.953,0.048140375327934984,0.002209000000000004,True,True,0.907607068151334,0.0969437383684164,0.008536453855592247,True,True,-0.04880336304048141,-0.006327453855592243,0.45299999999999996,0.40760706815133396,0.045392931848665996,95–99%,95–99%,False,False,False,8.732277102,False
2018,CA-26,CA,26,23.8840212,27.212999999999997,27.212999999999997,19.799999999999997,D_vs_R,,1.0,1.0,9.992007221626415e-16,0.0,True,True,0.9996678581632092,0.0003321970081074357,1.1031819974673708e-07,True,True,-0.0003321970081064365,-1.1031819974673708e-07,0.5,0.49966785816320924,0.0003321418367907558,99%+,99–100%,False,False,False,23.8840212,False
2018,CA-28,CA,28,56.7440044,55.20088888888889,55.20088888888889,47.7,D_vs_R,,1.0,1.0,9.992007221626415e-16,0.0,True,True,0.9999999999974852,2.514766173081604e-12,6.324048905259593e-24,True,True,-2.5137669723594415e-12,-6.324048905259593e-24,0.5,0.49999999999748523,2.514766173078442e-12,99%+,99–100%,False,False,False,56.7440044,False
2018,CA-29,CA,29,61.21971401,66.633,66.633,58.8,D_vs_R,,1.0,1.0,9.992007221626415e-16,0.0,True,True,1.0,9.992007221626415e-16,0.0,True,True,0.0,0.0,0.5,0.5,0.0,99%+,99–100%,False,False,False,61.21971401,False
2018,CA-3,CA,3,16.14589388,17.427375,17.427375,10.5,D_vs_R,,1.0,0.9965,0.00350613932928759,1.2249999999999634e-05,True,True,0.9853670403050048,0.014741077467997967,0.00021412350943535486,True,True,-0.011234938138710376,-0.0002018735094353552,0.49650000000000005,0.48536704030500477,0.011132959694995281,99%+,99–100%,False,False,False,16.14589388,False
2018,CA-30,CA,30,46.80317097,47.87299999999999,47.87299999999999,41.3,D_vs_R,,1.0,1.0,9.992007221626415e-16,0.0,True,True,0.999999998938772,1.061227994933131e-09,1.1262048560346336e-18,True,True,-1.0612269957324089e-09,-1.1262048560346336e-18,0.5,0.499999998938772,1.0612279943700287e-09,99%+,99–100%,False,False,False,46.80317097,False
2018,CA-31,CA,31,17.48899971,23.49951515151515,23.49951515151515,19.0,D_vs_R,,1.0,1.0,9.992007221626415e-16,0.0,True,True,0.998355829993339,0.0016455231375545676,2.7032950108034683e-06,True,True,-0.0016455231375535684,-2.7032950108034683e-06,0.5,0.49835582999333905,0.00164417000666095,99%+,99–100%,False,False,False,17.48899971,False
2018,CA-32,CA,32,37.55669911,42.6065,42.6065,36.8,D_vs_R,,1.0,1.0,9.992007221626415e-16,0.0,True,True,0.9999999507288926,4.9271108630081e-08,2.4276420260246264e-15,True,True,-4.927110763088028e-08,-2.4276420260246264e-15,0.5,0.4999999507288926,4.927110741625995e-08,99%+,99–100%,False,False,False,37.55669911,False
2018,CA-33,CA,33,40.05689446,46.219775,46.219775,39.2,D_vs_R,,1.0,1.0,9.992007221626415e-16,0.0,True,True,0.9999999962949268,3.7050732550695763e-09,1.3727567774570222e-17,True,True,-3.705072255868854e-09,-1.3727567774570222e-17,0.5,0.49999999629492675,3.7050732482057924e-09,99%+,99–100%,False,False,False,40.05689446,False
2018,CA-35,CA,35,38.79643547,46.94657142857143,46.94657142857143,38.7,D_vs_R,,1.0,1.0,9.992007221626415e-16,0.0,True,True,0.9999999978506,2.1493999936346455e-09,4.619920322706557e-18,True,True,-2.1493989944339233e-09,-4.619920322706557e-18,0.5,0.4999999978506,2.1493999913246853e-09,99%+,99–100%,False,False,False,38.79643547,False
2018,CA-36,CA,36,18.03311949,12.985825000000002,12.985825000000002,6.700000000000001,D_vs_R,,1.0,0.984,0.016129381929883644,0.0002560000000000005,True,True,0.9478461318771738,0.053563098046949024,0.0027200259601731455,True,True,-0.03743371611706538,-0.002464025960173145,0.484,0.4478461318771738,0.03615386812282617,95–99%,95–99%,False,False,False,18.03311949,False
2018,CA-37,CA,37,78.15109697,81.413,81.413,74.0,D_vs_R,,1.0,1.0,9.992007221626415e-16,0.0,True,True,1.0,9.992007221626415e-16,0.0,True,True,0.0,0.0,0.5,0.5,0.0,99%+,99–100%,False,False,False,78.15109697,False
2018,CA-38,CA,38,37.70355567,44.913,44.913,37.5,D_vs_R,,1.0,1.0,9.992007221626415e-16,0.0,True,True,0.9999999903352754,9.66472462290061e-09,9.340690113374935e-17,True,True,-9.664723623699888e-09,-9.340690113374935e-17,0.5,0.4999999903352754,9.664724576197159e-09,99%+,99–100%,False,False,False,37.70355567,False
2018,CA-39,CA,39,3.114246316,11.840225,11.840225,6.5,D_vs_R,,1.0,0.9725,0.027885203489535663,0.0007562499999999982,True,True,0.9306997507685256,0.07181855557977895,0.0048025245435444645,True,True,-0.043933352090243294,-0.004046274543544466,0.47250000000000003,0.4306997507685256,0.04180024923147441,95–99%,95–99%,False,False,False,3.114246316,True
2018,CA-4,CA,4,-8.262929541,-12.299301136363637,-12.299301136363637,-16.8,D_vs_R,,0.0,0.0225,0.02275698712261618,0.00050625,False,True,0.061969815658754,0.06397315102538108,0.0038402580527799523,False,True,-0.0412161639027649,-0.0033340080527799526,0.4775,0.438030184341246,0.03946981565875396,95–99%,1–5%,False,False,False,8.262929541,False
2018,CA-41,CA,41,30.19946105,32.189874999999994,32.189874999999994,25.799999999999997,D_vs_R,,1.0,1.0,9.992007221626415e-16,0.0,True,True,0.9999716859888736,2.8314411975530828e-05,8.016832260631478e-10,True,True,-2.8314411974531627e-05,-8.016832260631478e-10,0.5,0.49997168598887365,2.8314011126351346e-05,99%+,99–100%,False,False,False,30.19946105,False
2018,CA-42,CA,42,-12.99863753,-10.091886363636362,-10.091886363636362,-14.1,D_vs_R,,0.0,0.0495,0.05076711705365319,0.00245025,False,True,0.1034143866146459,0.10916149313417409,0.010694535358883454,False,True,-0.0583943760805209,-0.008244285358883455,0.4505,0.3965856133853541,0.053914386614645926,95–99%,1–5%,False,False,False,12.99863753,False
2018,CA-43,CA,43,55.33837961,65.52210714285715,65.52210714285715,59.6,D_vs_R,,1.0,1.0,9.992007221626415e-16,0.0,True,True,1.0,9.992007221626415e-16,0.0,True,True,0.0,0.0,0.5,0.5,0.0,99%+,99–100%,False,False,False,55.33837961,False
2018,CA-45,CA,45,4.102014812,8.73675,8.73675,3.3000000000000003,D_vs_R,,1.0,0.912,0.09211528890780563,0.007743999999999994,True,True,0.8627652728402728,0.14761261465097805,0.01883337033860476,True,True,-0.055497325743172427,-0.011089370338604767,0.41200000000000003,0.3627652728402728,0.04923472715972721,90–95%,90–95%,False,False,False,4.102014812,True
2018,CA-46,CA,46,38.29200357,46.16604347826086,46.16604347826086,36.3,D_vs_R,,1.0,1.0,9.992007221626415e-16,0.0,True,True,0.9999999961439676,3.856032389722314e-09,1.4868985733252294e-17,True,True,-3.856031390521592e-09,-1.4868985733252294e-17,0.5,0.4999999961439676,3.856032382287822e-09,99%+,99–100%,False,False,False,38.29200357,False
2018,CA-47,CA,47,29.7109973,36.808,36.808,29.5,D_vs_R,,1.0,1.0,9.992007221626415e-16,0.0,True,True,0.9999979286550807,2.0713470644900543e-06,4.290469774511923e-12,True,True,-2.0713470634908536e-06,-4.290469774511923e-12,0.5,0.49999792865508075,2.071344919252205e-06,99%+,99–100%,False,False,False,29.7109973,False
2018,CA-48,CA,48,7.103984583,4.013,4.013,-0.4000000000000001,D_vs_R,,1.0,0.726,0.320205264157341,0.07507600000000002,True,True,0.6921529178812194,0.3679483681797245,0.09476982596904727,True,True,-0.047743104022383465,-0.019693825969047257,0.22599999999999998,0.19215291788121935,0.033847082118780625,65–80%,65–80%,False,False,False,7.103984583,False
2018,CA-49,CA,49,12.83801647,10.50267391304348,10.50267391304348,5.4,D_vs_R,,1.0,0.951,0.05024121643674679,0.0024010000000000043,True,True,0.90552919484639,0.09923576049273343,0.008924733026371336,True,True,-0.04899454405598664,-0.0065237330263713325,0.45099999999999996,0.40552919484639005,0.045470805153609906,95–99%,95–99%,False,False,False,12.83801647,False
2018,CA-50,CA,50,-3.430968785,-13.664025,-13.664025,-17.1,D_vs_R,,0.0,0.012,0.012072581234269249,0.000144,False,True,0.0437114902389693,0.044695623006750056,0.0019106943789115086,False,True,-0.03262304177248081,-0.0017666943789115086,0.488,0.4562885097610307,0.0317114902389693,95–99%,1–5%,False,False,False,3.430968785,True
2018,CA-51,CA,51,42.40190342,53.68618181818182,53.68618181818182,46.9,D_vs_R,,1.0,1.0,9.992007221626415e-16,0.0,True,True,0.999999999990615,9.385048294107875e-12,8.807913148191051e-23,True,True,-9.384049093385712e-12,-8.807913148191051e-23,0.5,0.49999999999061495,9.385048294063836e-12,99%+,99–100%,False,False,False,42.40190342,False
2018,CA-52,CA,52,27.6942775,28.282874999999997,28.282874999999997,20.4,D_vs_R,,1.0,1.0,9.992007221626415e-16,0.0,True,True,0.9997982128373938,0.00020180752437491984,4.0718058992667094e-08,True,True,-0.00020180752437392064,-4.0718058992667094e-08,0.5,0.4997982128373938,0.0002017871626062151,99%+,99–100%,False,False,False,27.6942775,False
2018,CA-53,CA,53,38.14817295,40.212999999999994,40.212999999999994,32.8,D_vs_R,,1.0,1.0,9.992007221626415e-16,0.0,True,True,0.99999975476419,2.4523584006277847e-07,6.014060250266398e-14,True,True,-2.4523583906357775e-07,-6.014060250266398e-14,0.5,0.49999975476419,2.452358099924723e-07,99%+,99–100%,False,False,False,38.14817295,False
2018,CA-7,CA,7,10.08994485,17.189583333333335,17.189583333333335,9.3,D_vs_R,,1.0,0.9975,0.002503130218118477,6.2499999999997335e-06,True,True,0.9842280070019488,0.015897694338651725,0.0002487557631305764,True,True,-0.013394564120533248,-0.00024250576313057664,0.49750000000000005,0.4842280070019488,0.013271992998051263,99%+,99–100%,False,False,False,10.08994485,False
2018,CA-9,CA,9,12.98296997,24.52473913043478,24.52473913043478,16.5,D_vs_R,,1.0,1.0,9.992007221626415e-16,0.0,True,True,0.9989212638684664,0.0010793183861247536,1.1636716414761667e-06,True,True,-0.0010793183861237544,-1.1636716414761667e-06,0.5,0.49892126386846636,0.001078736131533642,99%+,99–100%,False,False,False,12.98296997,False
2018,CO-1,CO,1,50.76617626,51.113,51.113,43.7,D_vs_R,,1.0,1.0,9.992007221626415e-16,0.0,True,True,0.9999999999188914,8.11085643126072e-11,6.578599204318757e-21,True,True,-8.110756511188503e-11,-6.578599204318757e-21,0.5,0.49999999991889144,8.11085643093179e-11,99%+,99–100%,False,False,False,50.76617626,False
2018,CO-2,CO,2,26.63800991,24.544630434782608,24.544630434782608,19.2,D_vs_R,,1.0,1.0,9.992007221626415e-16,0.0,True,True,0.9989302104220592,0.0010703622112458529,1.1444497410707422e-06,True,True,-0.0010703622112448537,-1.1444497410707422e-06,0.5,0.4989302104220592,0.001069789577940794,99%+,99–100%,False,False,False,26.63800991,False
2018,CO-3,CO,3,-7.965459905,-8.033249999999999,-8.033249999999999,-14.1,D_vs_R,,0.0,0.0975,0.1025865887751011,0.00950625,False,True,0.1574890912374999,0.17136866875339246,0.02480281385881357,False,True,-0.06878207997829136,-0.015296563858813568,0.40249999999999997,0.3425109087625001,0.05998909123749985,90–95%,5–10%,False,False,False,7.965459905,False
2018,CO-4,CO,4,-21.23858846,-18.625536585365857,-18.625536585365857,-25.200000000000003,D_vs_R,,0.0,0.0005,0.0005001250416822429,2.5e-07,False,True,0.009909505191264,0.009958931133327015,9.819829313568816e-05,False,True,-0.009458806091644772,-9.794829313568816e-05,0.4995,0.490090494808736,0.00940950519126399,99%+,0–1%,False,False,False,21.23858846,False
2018,CO-5,CO,5,-17.71420602,-22.3695,-22.3695,-26.1,D_vs_R,,0.0,0.0005,0.0005001250416822429,2.5e-07,False,True,0.002570474631084,0.002573783973268339,6.607339829046425e-06,False,True,-0.002073658931586096,-6.357339829046425e-06,0.4995,0.497429525368916,0.002070474631084007,99%+,0–1%,False,False,False,17.71420602,False
2018,CO-6,CO,6,11.23186003,10.722239130434785,10.722239130434785,6.800000000000001,D_vs_R,,1.0,0.9545,0.04656763581633473,0.0020702499999999987,True,True,0.9100690955135008,0.09423475321799708,0.008087567581759844,True,True,-0.04766711740166235,-0.006017317581759845,0.4545,0.4100690955135008,0.04443090448649922,95–99%,95–99%,False,False,False,11.23186003,False
2018,CO-7,CO,7,25.00724839,17.087886363636365,17.087886363636365,9.9,D_vs_R,,1.0,0.997,0.0030045090202987243,9.000000000000015e-06,True,True,0.983718130308614,0.01641587590376368,0.00026509928064727433,True,True,-0.013411366883464955,-0.00025609928064727433,0.497,0.483718130308614,0.013281869691386006,99%+,99–100%,False,False,False,25.00724839,False
2018,CT-1,CT,1,25.58218429,28.413,28.413,21.0,D_vs_R,,1.0,1.0,9.992007221626415e-16,0.0,True,True,0.9998102989899657,0.0001897190055468334,3.598647320805211e-08,True,True,-0.0001897190055458342,-3.598647320805211e-08,0.5,0.49981029898996565,0.0001897010100343488,99%+,99–100%,False,False,False,25.58218429,False
2018,CT-2,CT,2,22.5433566,8.213000000000001,8.213000000000001,0.7999999999999998,D_vs_R,,1.0,0.903,0.10203272556515161,0.009408999999999995,True,True,0.8478639092291659,0.16503514046880172,0.02314539011503148,True,True,-0.0630024149036501,-0.013736390115031484,0.403,0.3478639092291659,0.055136090770834145,90–95%,90–95%,False,False,False,22.5433566,False
2018,CT-3,CT,3,24.99417183,20.813,20.813,13.4,D_vs_R,,1.0,1.0,9.992007221626415e-16,0.0,True,True,0.995384433095429,0.004626251523221167,2.130345785057102e-05,True,True,-0.004626251523220168,-2.130345785057102e-05,0.5,0.495384433095429,0.004615566904570989,99%+,99–100%,False,False,False,24.99417183,False
2018,CT-4,CT,4,23.7804325,28.313,28.313,20.9,D_vs_R,,1.0,1.0,9.992007221626415e-16,0.0,True,True,0.9998010732227828,0.00019894656577292946,3.9571862694030747e-08,True,True,-0.00019894656577193026,-3.9571862694030747e-08,0.5,0.4998010732227828,0.00019892677721722318,99%+,99–100%,False,False,False,23.7804325,False
2018,CT-5,CT,5,10.25441137,7.913,7.913,1.9999999999999996,D_vs_R,,1.0,0.8935,0.11260894438265437,0.011342250000000009,True,True,0.8388615532740415,0.17570960010734754,0.02596559901325455,True,True,-0.06310065572469317,-0.01462334901325454,0.39349999999999996,0.33886155327404155,0.05463844672595841,80–90%,80–90%,False,False,False,10.25441137,False
2018,DE-AL,DE,AL,28.90793991,16.813000000000002,16.813000000000002,9.4,D_vs_R,,1.0,0.998,0.0020020026706730793,4.0000000000000074e-06,True,True,0.9822687509617352,0.017890330919988037,0.00031439719245696785,True,True,-0.015888328249314958,-0.00031039719245696786,0.498,0.48226875096173516,0.01573124903826484,99%+,99–100%,False,False,False,28.90793991,False
2018,FL-1,FL,1,-34.11727484,-36.986999999999995,-36.986999999999995,-41.4,D_vs_R,,0.0,0.0,9.992007221626415e-16,0.0,False,True,1.8596440607298024e-06,1.8596457898822872e-06,3.458276032607629e-12,False,True,-1.8596457888830865e-06,-3.458276032607629e-12,0.5,0.49999814035593926,1.8596440607421272e-06,99%+,0–1%,False,False,False,34.11727484,False
2018,FL-11,FL,11,-30.29664822,-29.987,-29.987,-34.4,D_vs_R,,0.0,0.0,9.992007221626415e-16,0.0,False,True,8.810254103344979e-05,8.810642229025475e-05,7.762057736550705e-09,False,True,-8.810642228925555e-05,-7.762057736550705e-09,0.5,0.4999118974589665,8.810254103347459e-05,99%+,0–1%,False,False,False,30.29664822,False
2018,FL-12,FL,12,-18.42839143,-16.287000000000003,-16.287000000000003,-20.700000000000003,D_vs_R,,0.0,0.004,0.004008021397538822,1.6e-05,False,True,0.0208128364667841,0.02103247644683108,0.000433174161793098,False,True,-0.01702445504929226,-0.000417174161793098,0.496,0.4791871635332159,0.01681283646678411,99%+,0–1%,False,False,False,18.42839143,False
2018,FL-13,FL,13,15.28941133,8.513,8.513,1.1,D_vs_R,,1.0,0.914,0.08992470752798701,0.007395999999999994,True,True,0.856525865873744,0.15487076217163015,0.02058482716327889,True,True,-0.06494605464364314,-0.013188827163278898,0.41400000000000003,0.356525865873744,0.057474134126256016,90–95%,90–95%,False,False,False,15.28941133,False
2018,FL-15,FL,15,-6.040653937,-6.186999999999999,-6.186999999999999,-12.1,D_vs_R,,0.0,0.1675,0.18332205712753813,0.028056250000000005,False,True,0.2194965151169127,0.24781607409992715,0.048178720148469086,False,True,-0.06449401697238902,-0.02012247014846908,0.3325,0.2805034848830873,0.05199651511691272,80–90%,10–20%,False,False,False,6.040653937,False
2018,FL-16,FL,16,-9.122907837,-8.386999999999999,-8.386999999999999,-12.8,D_vs_R,,0.0,0.082,0.08555788836164654,0.006724000000000001,False,True,0.1470707479635561,0.15907867509847945,0.02162980490655984,False,True,-0.0735207867368329,-0.01490580490655984,0.418,0.3529292520364439,0.06507074796355611,90–95%,5–10%,False,False,False,9.122907837,False
2018,FL-17,FL,17,-24.51758341,-23.387,-23.387,-29.3,D_vs_R,,0.0,0.0,9.992007221626415e-16,0.0,False,True,0.0017204020076274,0.0017218835986932853,2.9597830678483887e-06,False,True,-0.001721883598692286,-2.9597830678483887e-06,0.5,0.4982795979923726,0.0017204020076274085,99%+,0–1%,False,False,False,24.51758341,False
2018,FL-18,FL,18,-8.602373532,-6.886999999999999,-6.886999999999999,-11.3,D_vs_R,,0.0,0.13,0.13926206733350766,0.016900000000000002,False,True,0.1944941432723925,0.21628480546961992,0.03782797176726194,False,True,-0.07702273813611227,-0.02092797176726194,0.37,0.3055058567276075,0.0644941432723925,80–90%,10–20%,False,False,False,8.602373532,False
2018,FL-19,FL,19,-24.54572491,-19.787000000000003,-19.787000000000003,-24.200000000000003,D_vs_R,,0.0,0.0,9.992007221626415e-16,0.0,False,True,0.0066611137154234,0.00668339794704945,4.4370435929801734e-05,False,True,-0.006683397947048451,-4.4370435929801734e-05,0.5,0.4933388862845766,0.0066611137154233835,99%+,0–1%,False,False,False,24.54572491,False
2018,FL-2,FL,2,-34.88266659,-33.287000000000006,-33.287000000000006,-37.7,D_vs_R,,0.0,0.0,9.992007221626415e-16,0.0,False,True,1.5658538569593458e-05,1.5658661165746648e-05,2.4518983013544594e-10,False,True,-1.5658661164747447e-05,-2.4518983013544594e-10,0.5,0.4999843414614304,1.5658538569607305e-05,99%+,0–1%,False,False,False,34.88266659,False
2018,FL-22,FL,22,24.0473927,21.113,21.113,13.7,D_vs_R,,1.0,1.0,9.992007221626415e-16,0.0,True,True,0.9958656775909076,0.0041428923487351514,1.709262178232354e-05,True,True,-0.004142892348734152,-1.709262178232354e-05,0.5,0.4958656775909076,0.004134322409092395,99%+,99–100%,False,False,False,24.0473927,False
2018,FL-23,FL,23,22.49372209,31.413,31.413,24.0,D_vs_R,,1.0,1.0,9.992007221626415e-16,0.0,True,True,0.999957396862594,4.2604044945439935e-05,1.8150273168349774e-09,True,True,-4.2604044944440734e-05,-1.8150273168349774e-09,0.5,0.499957396862594,4.260313740600541e-05,99%+,99–100%,False,False,False,22.49372209,False
2018,FL-25,FL,25,-20.90676314,0.5129999999999999,0.5129999999999999,-3.9,D_vs_R,,0.0,0.549,0.7962879394794588,0.30140100000000003,True,False,0.5255818096686118,0.7456660881648666,0.2762362386545329,True,False,0.05062185131459218,0.025164761345467135,0.049000000000000044,0.025581809668611788,0.023418190331388256,50–65%,50–65%,False,False,False,20.90676314,False
2018,FL-26,FL,26,1.749230279,18.613,18.613,14.2,D_vs_R,,1.0,0.9985,0.0015011261262670914,2.2499999999998374e-06,True,True,0.9900489554339296,0.010000887142846897,9.902328795591988e-05,True,True,-0.008499761016579807,-9.677328795592004e-05,0.49850000000000005,0.49004895543392957,0.008451044566070487,99%+,99–100%,False,False,False,1.749230279,True
2018,FL-27,FL,27,5.999936655,23.413,23.413,17.5,D_vs_R,,1.0,1.0,9.992007221626415e-16,0.0,True,True,0.9982974940878332,0.0017039568223799508,2.8985263809629327e-06,True,True,-0.0017039568223789516,-2.8985263809629327e-06,0.5,0.4982974940878332,0.0017025059121668074,99%+,99–100%,False,False,False,5.999936655,False
2018,FL-3,FL,3,-15.24848611,-13.687,-13.687,-18.1,D_vs_R,,0.0,0.01,0.01005033585350145,0.0001,False,True,0.0434460475738558,0.04441808560148589,0.0018875590497897411,False,True,-0.03436774974798444,-0.001787559049789741,0.49,0.4565539524261442,0.033446047573855775,99%+,1–5%,False,False,False,15.24848611,False
2018,FL-4,FL,4,-32.80506965,-25.687,-25.687,-30.1,D_vs_R,,0.0,0.0,9.992007221626415e-16,0.0,False,True,0.0006567061896698,0.0006569219156305038,4.312630195506273e-07,False,True,-0.0006569219156295046,-4.312630195506273e-07,0.5,0.4993432938103302,0.0006567061896697868,99%+,0–1%,False,False,False,32.80506965,False
2018,FL-5,FL,5,33.56243942,30.712999999999997,30.712999999999997,23.299999999999997,D_vs_R,,1.0,1.0,9.992007221626415e-16,0.0,True,True,0.99993890871922,6.10931469283211e-05,3.732144587343664e-09,True,True,-6.10931469273219e-05,-3.732144587343664e-09,0.5,0.49993890871922,6.109128078002346e-05,99%+,99–100%,False,False,False,33.56243942,False
2018,FL-6,FL,6,-12.62794134,-13.187,-13.187,-19.1,D_vs_R,,0.0,0.0125,0.012578782206860073,0.00015625000000000003,False,True,0.0495243807083046,0.050792767785896656,0.002452664284541093,False,True,-0.03821398557903658,-0.002296414284541093,0.4875,0.4504756192916954,0.037024380708304605,95–99%,1–5%,False,False,False,12.62794134,False
2018,FL-7,FL,7,15.38383985,12.613,12.613,5.199999999999999,D_vs_R,,1.0,0.981,0.019182819416773987,0.00036100000000000064,True,True,0.9426809561517804,0.05902738217182013,0.0032854727876741236,True,True,-0.039844562755046144,-0.002924472787674123,0.481,0.4426809561517804,0.0383190438482196,95–99%,95–99%,False,False,False,15.38383985,False
2018,FL-8,FL,8,-20.99620833,-18.387,-18.387,-22.8,D_vs_R,,0.0,0.0,9.992007221626415e-16,0.0,False,True,0.0107263861900811,0.010784328584596718,0.00011505536069876253,False,True,-0.010784328584595718,-0.00011505536069876253,0.5,0.4892736138099189,0.010726386190081094,99%+,0–1%,False,False,False,20.99620833,False
2018,FL-9,FL,9,16.0434998,18.213,18.213,10.8,D_vs_R,,1.0,0.999,0.0010005003335835344,1.0000000000000019e-06,True,True,0.9886413289415724,0.011423673458552405,0.00012901940821356039,True,True,-0.010423173124968871,-0.0001280194082135604,0.499,0.4886413289415724,0.010358671058427582,99%+,99–100%,False,False,False,16.0434998,False
2018,GA-1,GA,1,-15.47731597,-13.187,-13.187,-17.6,D_vs_R,,0.0,0.0185,0.018673265265621256,0.00034224999999999994,False,True,0.0495243807083046,0.050792767785896656,0.002452664284541093,False,True,-0.0321195025202754,-0.002110414284541093,0.4815,0.4504756192916954,0.0310243807083046,95–99%,1–5%,False,False,False,15.47731597,False
2018,GA-10,GA,10,-25.78393645,-23.187,-23.187,-27.6,D_vs_R,,0.0,0.0,9.992007221626415e-16,0.0,False,True,0.0018638921726329,0.0018656313811159385,3.4740940312021922e-06,False,True,-0.0018656313811149393,-3.4740940312021922e-06,0.5,0.4981361078273671,0.001863892172632886,99%+,0–1%,False,False,False,25.78393645,False
2018,GA-11,GA,11,-23.58279127,-22.687,-22.687,-27.1,D_vs_R,,0.0,0.0,9.992007221626415e-16,0.0,False,True,0.0022714177997729,0.0022740013821882957,5.159338821125161e-06,False,True,-0.0022740013821872965,-5.159338821125161e-06,0.5,0.4977285822002271,0.0022714177997729124,99%+,0–1%,False,False,False,23.58279127,False
2018,GA-12,GA,12,-18.9558948,-14.2104,-14.2104,-18.3,D_vs_R,,0.0,0.012,0.012072581234269249,0.000144,False,True,0.0377435161149376,0.038474248586826715,0.0014245730087185542,False,True,-0.026401667352557466,-0.0012805730087185542,0.488,0.4622564838850624,0.02574351611493758,95–99%,1–5%,False,False,False,18.9558948,False
2018,GA-13,GA,13,52.35213815,50.09799999999999,50.09799999999999,42.3,D_vs_R,,1.0,1.0,9.992007221626415e-16,0.0,True,True,0.9999999998153244,1.846756081562257e-10,3.410508024157344e-20,True,True,-1.8467460895550354e-10,-3.410508024157344e-20,0.5,0.4999999998153244,1.8467560813917316e-10,99%+,99–100%,False,False,False,52.35213815,False
2018,GA-14,GA,14,-53.00360433,-46.087,-46.087,-55.0,D_vs_R,,0.0,0.0,9.992007221626415e-16,0.0,False,True,4.089029239852051e-09,4.089029234688558e-09,1.6720160124365043e-17,False,True,-4.089028235487836e-09,-1.6720160124365043e-17,0.5,0.4999999959109708,4.089029226328478e-09,99%+,0–1%,False,False,False,53.00360433,False
2018,GA-2,GA,2,19.29868962,17.845125,17.845125,9.6,D_vs_R,,1.0,0.9985,0.0015011261262670914,2.2499999999998374e-06,True,True,0.9871971362559326,0.012885526710492059,0.0001639133200491545,True,True,-0.011384400584224968,-0.00016166332004915467,0.49850000000000005,0.48719713625593264,0.011302863744067415,99%+,99–100%,False,False,False,19.29868962,False
2018,GA-3,GA,3,-31.05260643,-28.977,-28.977,-33.6,D_vs_R,,0.0,0.0,9.992007221626415e-16,0.0,False,True,0.0001447273020713,0.0001447377760778458,2.0945991964837318e-08,False,True,-0.0001447377760768466,-2.0945991964837318e-08,0.5,0.4998552726979287,0.00014472730207132356,99%+,0–1%,False,False,False,31.05260643,False
2018,GA-4,GA,4,57.69383918,58.34228571428571,58.34228571428571,51.0,D_vs_R,,1.0,1.0,9.992007221626415e-16,0.0,True,True,0.9999999999998536,1.4643841694806888e-13,2.1444209958253324e-26,True,True,-1.4543921622590624e-13,-2.1444209958253324e-26,0.5,0.49999999999985356,1.4643841694805815e-13,99%+,99–100%,False,False,False,57.69383918,False
2018,GA-6,GA,6,1.029549068,0.706288043478261,0.706288043478261,-3.6,D_vs_R,,1.0,0.563,0.5744756508424468,0.19096900000000006,True,True,0.5351988978511597,0.6251168294916892,0.21604006455877667,True,True,-0.050641178649242446,-0.025071064558776612,0.06299999999999994,0.035198897851159705,0.02780110214884024,50–65%,50–65%,False,False,False,1.029549068,True
2018,GA-7,GA,7,-0.1494075403,-4.418524390243903,-4.418524390243903,-8.4,D_vs_R,,0.0,0.2425,0.27773174159861275,0.05880625,False,True,0.2902389673795207,0.3428269393744139,0.08423865818553049,False,True,-0.06509519777580114,-0.02543240818553049,0.2575,0.2097610326204793,0.047738967379520714,65–80%,20–35%,False,False,False,0.1494075403,True
2018,GA-9,GA,9,-59.00990169,-55.93986585365853,-55.93986585365853,-60.6,D_vs_R,,0.0,0.0,9.992007221626415e-16,0.0,False,True,1.3058038934394437e-12,1.3058443215649617e-12,1.70512380812161e-24,False,True,-1.3048451208427991e-12,-1.70512380812161e-24,0.5,0.4999999999986942,1.3057888104128779e-12,99%+,0–1%,False,False,False,59.00990169,False
2018,HI-1,HI,1,50.02524279,36.413,36.413,30.5,D_vs_R,,1.0,1.0,9.992007221626415e-16,0.0,True,True,0.9999973767805164,2.6232229242791125e-06,6.88128045931108e-12,True,True,-2.6232229232799117e-06,-6.88128045931108e-12,0.5,0.49999737678051637,2.623219483632866e-06,99%+,99–100%,False,False,False,50.02524279,False
2018,HI-2,HI,2,54.72463797,37.113,37.113,29.7,D_vs_R,,1.0,1.0,9.992007221626415e-16,0.0,True,True,0.9999982767622876,1.7232391971901507e-06,2.969548213487002e-12,True,True,-1.72323919619095e-06,-2.969548213487002e-12,0.5,0.4999982767622876,1.7232377124143383e-06,99%+,99–100%,False,False,False,54.72463797,False
2018,IA-1,IA,1,5.056201626,0.5817500000000007,0.5817500000000007,-5.6,D_vs_R,,1.0,0.5305,0.6339353209280992,0.22043025000000002,True,True,0.5290044815872897,0.6367583753501018,0.22183677836485768,True,True,-0.002823054422002591,-0.001406528364857662,0.03049999999999997,0.029004481587289743,0.0014955184127102283,50–65%,50–65%,False,False,False,5.056201626,False
2018,IA-2,IA,2,12.1947634,1.213000000000001,1.213000000000001,-6.199999999999999,D_vs_R,,1.0,0.5705,0.5612421096800068,0.18447025,True,True,0.5602988308142265,0.5792850111269314,0.1933371181833362,True,True,-0.018042901446924664,-0.008866868183336207,0.07050000000000001,0.06029883081422649,0.010201169185773518,50–65%,50–65%,False,False,False,12.1947634,False
2018,IA-3,IA,3,2.163984494,-0.258704545454545,-0.258704545454545,-5.6,D_vs_R,,1.0,0.5025,0.6881596390489063,0.24750625000000007,True,True,0.4870925597526515,0.7193011128651285,0.26307404226108744,False,False,-0.03114147381622223,-0.015567792261087371,0.0024999999999999467,0.012907440247348523,-0.010407440247348576,50–65%,50–65%,False,False,False,2.163984494,True
2018,IA-4,IA,4,-3.329598309,-25.087,-25.087,-29.5,D_vs_R,,0.0,0.0,9.992007221626415e-16,0.0,False,True,0.000850575144151,0.0008509370884440133,7.234780758474944e-07,False,True,-0.000850937088443014,-7.234780758474944e-07,0.5,0.499149424855849,0.000850575144150989,99%+,0–1%,False,False,False,3.329598309,True
2018,ID-1,ID,1,-31.99203984,-34.48769169960474,-34.48769169960474,-40.4,D_vs_R,,0.0,0.0,9.992007221626415e-16,0.0,False,True,8.021475146051485e-06,8.021507318206626e-06,6.434406351872169e-11,False,True,-8.021507317207425e-06,-6.434406351872169e-11,0.5,0.49999197852485394,8.021475146058332e-06,99%+,0–1%,False,False,False,31.99203984,False
2018,ID-2,ID,2,-21.34043577,-22.24735,-22.24735,-26.8,D_vs_R,,0.0,0.0,9.992007221626415e-16,0.0,False,True,0.0026947029113202,0.0026983401588808577,7.2614237802775624e-06,False,True,-0.0026983401588798585,-7.2614237802775624e-06,0.5,0.4973052970886798,0.0026947029113201793,99%+,0–1%,False,False,False,21.34043577,False
2018,IL-1,IL,1,53.74488629,58.18106818181818,58.18106818181818,51.9,D_vs_R,,1.0,1.0,9.992007221626415e-16,0.0,True,True,0.99999999999983,1.699751450701259e-13,2.889154994160544e-26,True,True,-1.6897594434796326e-13,-2.889154994160544e-26,0.5,0.49999999999983,1.6997514507011147e-13,99%+,99–100%,False,False,False,53.74488629,False
2018,IL-10,IL,10,31.18023665,33.65879999999999,33.65879999999999,27.299999999999997,D_vs_R,,1.0,1.0,9.992007221626415e-16,0.0,True,True,0.999987241499446,1.2758581944404734e-05,1.6277933638754772e-10,True,True,-1.2758581943405533e-05,-1.6277933638754772e-10,0.5,0.49998724149944596,1.2758500554044261e-05,99%+,99–100%,False,False,False,31.18023665,False
2018,IL-11,IL,11,27.68160165,28.1851,28.1851,21.4,D_vs_R,,1.0,1.0,9.992007221626415e-16,0.0,True,True,0.9997886621185004,0.0002113602164965836,4.46637001567513e-08,True,True,-0.0002113602164955844,-4.46637001567513e-08,0.5,0.49978866211850037,0.00021133788149962918,99%+,99–100%,False,False,False,27.68160165,False
2018,IL-12,IL,12,-6.178716311,-12.72955,-12.72955,-16.900000000000002,D_vs_R,,0.0,0.0205,0.02071304159754157,0.00042025000000000005,False,True,0.0556627964395604,0.05727196945844307,0.0030983469074719384,False,True,-0.036558927860901494,-0.0026780969074719383,0.4795,0.4443372035604396,0.035162796439560384,95–99%,1–5%,False,False,False,6.178716311,False
2018,IL-13,IL,13,-0.7594628406,-2.0932499999999994,-2.0932499999999994,-7.6,D_vs_R,,0.0,0.3565,0.44083325194595574,0.12709225,False,True,0.3967254450981341,0.5053828709508729,0.15739107878831263,False,True,-0.06454961900491712,-0.030298828788312637,0.14350000000000002,0.10327455490186588,0.04022544509813414,50–65%,35–50%,False,False,False,0.7594628406,True
2018,IL-14,IL,14,5.003718048,-1.0193913043478258,-1.0193913043478258,-6.0,D_vs_R,,1.0,0.434,0.8347107448817322,0.3203560000000001,False,False,0.4492685575288089,0.8001344463723715,0.3033051217263989,False,False,0.034576298509360726,0.01705087827360119,0.066,0.0507314424711911,0.015268557528808901,50–65%,35–50%,False,False,False,5.003718048,False
2018,IL-15,IL,15,-41.85510626,-43.50075,-43.50075,-48.3,D_vs_R,,0.0,0.0,9.992007221626415e-16,0.0,False,True,2.6454275026022012e-08,2.6454275342729725e-08,6.998286671524119e-16,False,True,-2.6454274343529003e-08,-6.998286671524119e-16,0.5,0.49999997354572495,2.6454275048326537e-08,99%+,0–1%,False,False,False,41.85510626,False
2018,IL-16,IL,16,-18.24880289,-17.067560344827587,-17.067560344827587,-19.3,D_vs_R,,0.0,0.0025,0.002503130218118477,6.25e-06,False,True,0.0163854535167063,0.016521179726180644,0.0002684830869481429,False,True,-0.014018049508062166,-0.00026223308694814287,0.4975,0.4836145464832937,0.013885453516706281,99%+,0–1%,False,False,False,18.24880289,False
2018,IL-17,IL,17,24.18682998,4.705272727272727,4.705272727272727,-2.8,D_vs_R,,1.0,0.7815,0.2465401291206058,0.047742250000000014,True,True,0.7219198748528687,0.3258411229057524,0.07732855600184421,True,True,-0.0793009937851466,-0.029586306001844198,0.2815,0.22191987485286868,0.05958012514713129,65–80%,65–80%,False,False,False,24.18682998,False
2018,IL-18,IL,18,-34.46689063,-24.987,-24.987,-29.4,D_vs_R,,0.0,0.0,9.992007221626415e-16,0.0,False,True,0.0008875934873209,0.0008879876316641868,7.878221987344766e-07,False,True,-0.0008879876316631876,-7.878221987344766e-07,0.5,0.4991124065126791,0.0008875934873209257,99%+,0–1%,False,False,False,34.46689063,False
2018,IL-2,IL,2,62.11110686,64.213,64.213,56.8,D_vs_R,,1.0,1.0,9.992007221626415e-16,0.0,True,True,0.9999999999999996,9.992007221626415e-16,1.9721522630525295e-31,True,True,0.0,-1.9721522630525295e-31,0.5,0.49999999999999956,4.440892098500626e-16,99%+,99–100%,False,False,False,62.11110686,False
2018,IL-3,IL,3,47.09000869,20.405386363636364,20.405386363636364,13.2,D_vs_R,,1.0,0.999,0.0010005003335835344,1.0000000000000019e-06,True,True,0.9946506274298644,0.005363731694680275,2.861578689411882e-05,True,True,-0.004363231361096741,-2.761578689411882e-05,0.499,0.49465062742986443,0.004349372570135568,99%+,99–100%,False,False,False,47.09000869,False
2018,IL-4,IL,4,73.1703061,74.6555,74.6555,66.80000000000001,D_vs_R,,1.0,1.0,9.992007221626415e-16,0.0,True,True,1.0,9.992007221626415e-16,0.0,True,True,0.0,0.0,0.5,0.5,0.0,99%+,99–100%,False,False,False,73.1703061,False
2018,IL-5,IL,5,53.32908204,51.19456666666666,51.19456666666666,44.5,D_vs_R,,1.0,1.0,9.992007221626415e-16,0.0,True,True,0.999999999924133,7.586697936833551e-11,5.755798558038771e-21,True,True,-7.586598016761335e-11,-5.755798558038771e-21,0.5,0.499999999924133,7.586697936545761e-11,99%+,99–100%,False,False,False,53.32908204,False
2018,IL-6,IL,6,7.150510705,8.539195652173914,8.539195652173914,4.9,D_vs_R,,1.0,0.9225,0.08066790306745482,0.006006250000000002,True,True,0.8572660895234671,0.1540069190506224,0.02037296919992292,True,True,-0.07333901598316757,-0.014366719199922919,0.4225,0.35726608952346706,0.06523391047653293,90–95%,90–95%,False,False,False,7.150510705,False
2018,IL-7,IL,7,75.23015883,83.093,83.093,76.10000000000001,D_vs_R,,1.0,1.0,9.992007221626415e-16,0.0,True,True,1.0,9.992007221626415e-16,0.0,True,True,0.0,0.0,0.5,0.5,0.0,99%+,99–100%,False,False,False,75.23015883,False
2018,IL-8,IL,8,31.94945391,27.013,27.013,19.6,D_vs_R,,1.0,1.0,9.992007221626415e-16,0.0,True,True,0.9996361100889836,0.00036395613501608904,1.3241586733954905e-07,True,True,-0.00036395613501508984,-1.3241586733954905e-07,0.5,0.49963611008898356,0.0003638899110164351,99%+,99–100%,False,False,False,31.94945391,False
2018,IL-9,IL,9,46.97245747,48.386750000000006,48.386750000000006,43.1,D_vs_R,,1.0,1.0,9.992007221626415e-16,0.0,True,True,0.9999999992865204,7.134796089816677e-10,5.090531520694344e-19,True,True,-7.134786097809455e-10,-5.090531520694344e-19,0.5,0.4999999992865204,7.134796087271411e-10,99%+,99–100%,False,False,False,46.97245747,False
2018,IN-1,IN,1,30.18527052,18.775408536585367,18.775408536585367,10.5,D_vs_R,,1.0,0.998,0.0020020026706730793,4.0000000000000074e-06,True,True,0.990575485196909,0.009469206563145306,8.882147927368202e-05,True,True,-0.007467203892472227,-8.482147927368201e-05,0.498,0.49057548519690897,0.007424514803091031,99%+,99–100%,False,False,False,30.18527052,False
2018,IN-2,IN,2,-9.671063266,-19.76484090909091,-19.76484090909091,-25.3,D_vs_R,,0.0,0.0005,0.0005001250416822429,2.5e-07,False,True,0.0067129878821125,0.006735621334193012,4.506420630538927e-05,False,True,-0.006235496292510769,-4.481420630538927e-05,0.4995,0.4932870121178875,0.006212987882112497,99%+,0–1%,False,False,False,9.671063266,False
2018,IN-3,IN,3,-29.45258759,-33.571999999999996,-33.571999999999996,-37.1,D_vs_R,,0.0,0.0,9.992007221626415e-16,0.0,False,True,1.3385868971329277e-05,1.3385958562915295e-05,1.791814881175959e-10,False,True,-1.3385958561916094e-05,-1.791814881175959e-10,0.5,0.4999866141310287,1.3385868971316217e-05,99%+,0–1%,False,False,False,29.45258759,False
2018,IN-4,IN,4,-28.12005091,-30.55121195652174,-30.55121195652174,-36.2,D_vs_R,,0.0,0.0,9.992007221626415e-16,0.0,False,True,6.632980435008351e-05,6.633200426881585e-05,4.399642945120357e-09,False,True,-6.633200426781665e-05,-4.399642945120357e-09,0.5,0.49993367019564994,6.632980435006264e-05,99%+,0–1%,False,False,False,28.12005091,False
2018,IN-5,IN,5,-13.52336393,-9.437060975609755,-9.437060975609755,-13.9,D_vs_R,,0.0,0.065,0.06720874969344999,0.0042250000000000005,False,True,0.1189155303047944,0.1266017783058721,0.014140903347670476,False,True,-0.059393028612422114,-0.009915903347670476,0.435,0.3810844696952056,0.0539155303047944,90–95%,5–10%,False,False,False,13.52336393,False
2018,IN-6,IN,6,-30.95653757,-36.14574999999999,-36.14574999999999,-42.4,D_vs_R,,0.0,0.0,9.992007221626415e-16,0.0,False,True,3.0736999674815e-06,3.0737046912628734e-06,9.447631490095774e-12,False,True,-3.0737046902636726e-06,-9.447631490095774e-12,0.5,0.4999969263000325,3.07369996749296e-06,99%+,0–1%,False,False,False,30.95653757,False
2018,IN-7,IN,7,29.72573025,27.308625,27.308625,20.7,D_vs_R,,1.0,1.0,9.992007221626415e-16,0.0,True,True,0.9996821096897204,0.0003179408481149167,1.0105424936967477e-07,True,True,-0.0003179408481139175,-1.0105424936967477e-07,0.5,0.4996821096897204,0.00031789031027962267,99%+,99–100%,False,False,False,29.72573025,False
2018,IN-8,IN,8,-28.85943404,-32.437000000000005,-32.437000000000005,-35.800000000000004,D_vs_R,,0.0,0.0,9.992007221626415e-16,0.0,False,True,2.4816340644158525e-05,2.481664857458306e-05,6.158507629669143e-10,False,True,-2.4816648573583858e-05,-6.158507629669143e-10,0.5,0.49997518365935584,2.4816340644162604e-05,99%+,0–1%,False,False,False,28.85943404,False
2018,IN-9,IN,9,-12.96464857,-24.36109090909091,-24.36109090909091,-29.0,D_vs_R,,0.0,0.0,9.992007221626415e-16,0.0,False,True,0.0011549855797444,0.0011556530896147529,1.3339916894175075e-06,False,True,-0.0011556530896137537,-1.3339916894175075e-06,0.5,0.4988450144202556,0.0011549855797444164,99%+,0–1%,False,False,False,12.96464857,False
2018,KS-1,KS,1,-36.29095442,-42.687,-42.687,-47.1,D_vs_R,,0.0,0.0,9.992007221626415e-16,0.0,False,True,4.661164796907492e-08,4.661164907212876e-08,2.172645726392966e-15,False,True,-4.6611648072928036e-08,-2.172645726392966e-15,0.5,0.499999953388352,4.661164798580586e-08,99%+,0–1%,False,False,False,36.29095442,False
2018,KS-2,KS,2,-0.8459015898,-14.587,-14.587,-20.5,D_vs_R,,0.0,0.0105,0.010555513939516587,0.00011025000000000001,False,True,0.0340306747007596,0.03462319962241148,0.0011580868205889195,False,True,-0.024067685682894892,-0.0010478368205889194,0.4895,0.4659693252992404,0.02353067470075959,95–99%,1–5%,False,False,False,0.8459015898,True
2018,KS-3,KS,3,9.662552113,3.513,3.513,-0.9000000000000001,D_vs_R,,1.0,0.715,0.33547273628812946,0.08122500000000002,True,True,0.669821424760153,0.4007441323313407,0.10901789154741527,True,True,-0.06527139604321125,-0.027792891547415252,0.21499999999999997,0.16982142476015305,0.04517857523984692,65–80%,65–80%,False,False,False,9.662552113,False
2018,KS-4,KS,4,-18.87281463,-24.887,-24.887,-29.3,D_vs_R,,0.0,0.0,9.992007221626415e-16,0.0,False,True,0.0009260876928502,0.0009265167769910928,8.576384148486064e-07,False,True,-0.0009265167769900936,-8.576384148486064e-07,0.5,0.4990739123071498,0.000926087692850186,99%+,0–1%,False,False,False,18.87281463,False
2018,KY-1,KY,1,-37.17611626,-45.993607142857144,-45.993607142857144,-50.6,D_vs_R,,0.0,0.0,9.992007221626415e-16,0.0,False,True,4.381995642111485e-09,4.381995664823624e-09,1.9201885807484043e-17,False,True,-4.381994665622902e-09,-1.9201885807484043e-17,0.5,0.49999999561800434,4.381995655222681e-09,99%+,0–1%,False,False,False,37.17611626,False
2018,KY-2,KY,2,-35.64708854,-38.0606170212766,-38.0606170212766,-42.0,D_vs_R,,0.0,0.0,9.992007221626415e-16,0.0,False,True,9.64257065003062e-07,9.642575298687492e-07,9.297916874083195e-13,False,True,-9.642575288695485e-07,-9.297916874083195e-13,0.5,0.49999903574293497,9.64257065028118e-07,99%+,0–1%,False,False,False,35.64708854,False
2018,KY-3,KY,3,25.49942595,21.183227272727276,21.183227272727276,12.9,D_vs_R,,1.0,0.9995,0.0005001250416822429,2.4999999999994493e-07,True,True,0.9959716333155686,0.004036502409977844,1.6227738144236878e-05,True,True,-0.0035363773682956013,-1.5977738144236933e-05,0.49950000000000006,0.4959716333155686,0.003528366684431461,99%+,99–100%,False,False,False,25.49942595,False
2018,KY-4,KY,4,-27.65725024,-33.587,-33.587,-38.0,D_vs_R,,0.0,0.0,9.992007221626415e-16,0.0,False,True,1.3275396157648013e-05,1.3275484276548464e-05,1.7623614314249562e-10,False,True,-1.3275484275549264e-05,-1.7623614314249562e-10,0.5,0.49998672460384236,1.3275396157641506e-05,99%+,0–1%,False,False,False,27.65725024,False
2018,KY-5,KY,5,-57.8867703,-59.88130555555557,-59.88130555555557,-64.2,D_vs_R,,0.0,0.0,9.992007221626415e-16,0.0,False,True,3.4386021046038834e-14,3.4416913763380446e-14,1.1823984433786256e-27,False,True,-3.3417713041217805e-14,-1.1823984433786256e-27,0.5,0.49999999999996564,3.4361402612148595e-14,99%+,0–1%,False,False,False,57.8867703,False
2018,KY-6,KY,6,-3.213068857,-12.987000000000002,-12.987000000000002,-17.400000000000002,D_vs_R,,0.0,0.0145,0.014606152389362114,0.00021025000000000001,False,True,0.0521381943365283,0.05354656196985843,0.0027183913086735916,False,True,-0.03894040958049631,-0.0025081413086735917,0.4855,0.4478618056634717,0.03763819433652826,95–99%,1–5%,False,False,False,3.213068857,True
2018,LA-1,LA,1,-55.05690151,-39.687,-39.687,-44.1,D_vs_R,,0.0,0.0,9.992007221626415e-16,0.0,False,True,3.449081025485429e-07,3.449081620038915e-07,1.189615992036362e-13,False,True,-3.449081610046908e-07,-1.189615992036362e-13,0.5,0.4999996550918975,3.4490810252307824e-07,99%+,0–1%,False,False,False,55.05690151,False
2018,LA-3,LA,3,-37.87340969,-35.787000000000006,-35.787000000000006,-40.2,D_vs_R,,0.0,0.0,9.992007221626415e-16,0.0,False,True,3.795940639271794e-06,3.7959478438627085e-06,1.4409165336875156e-11,False,True,-3.795947842863508e-06,-1.4409165336875156e-11,0.5,0.49999620405936074,3.795940639261808e-06,99%+,0–1%,False,False,False,37.87340969,False
2018,LA-4,LA,4,-30.61344941,-21.687,-21.687,-26.1,D_vs_R,,0.0,0.0,9.992007221626415e-16,0.0,False,True,0.0033369061639032,0.0033424860517760105,1.1134942746695172e-05,False,True,-0.0033424860517750113,-1.1134942746695172e-05,0.5,0.4966630938360968,0.003336906163903197,99%+,0–1%,False,False,False,30.61344941,False
2018,LA-5,LA,5,-36.5713163,-27.087,-27.087,-31.5,D_vs_R,,0.0,0.0,9.992007221626415e-16,0.0,False,True,0.0003518281829866,0.0003518900890424187,1.237830703436525e-07,False,True,-0.0003518900890414195,-1.237830703436525e-07,0.5,0.4996481718170134,0.0003518281829866243,99%+,0–1%,False,False,False,36.5713163,False
2018,LA-6,LA,6,-48.95782516,-31.487,-31.487,-35.9,D_vs_R,,0.0,0.0,9.992007221626415e-16,0.0,False,True,4.099285353711531e-05,4.099369376707473e-05,1.6804140411153873e-09,False,True,-4.099369376607553e-05,-1.6804140411153873e-09,0.5,0.4999590071464629,4.099285353709181e-05,99%+,0–1%,False,False,False,48.95782516,False
2018,MA-2,MA,2,34.37817005,24.712999999999997,24.712999999999997,17.299999999999997,D_vs_R,,1.0,1.0,9.992007221626415e-16,0.0,True,True,0.9990032570990088,0.0009972399795302909,9.934964106762842e-07,True,True,-0.0009972399795292917,-9.934964106762842e-07,0.5,0.49900325709900883,0.0009967429009911655,99%+,99–100%,False,False,False,34.37817005,False
2018,MA-3,MA,3,28.5436066,26.613,26.613,20.7,D_vs_R,,1.0,1.0,9.992007221626415e-16,0.0,True,True,0.9995639899700604,0.00043610510995098267,1.9010474620797322e-07,True,True,-0.00043610510994998347,-1.9010474620797322e-07,0.5,0.49956398997006035,0.00043601002993964855,99%+,99–100%,False,False,False,28.5436066,False
2018,MA-5,MA,5,51.83892022,48.913,48.913,41.5,D_vs_R,,1.0,1.0,9.992007221626415e-16,0.0,True,True,0.99999999952691,4.730900117220182e-10,2.2381415908525506e-19,True,True,-4.73089012521296e-10,-2.2381415908525506e-19,0.5,0.49999999952691,4.730900116101111e-10,99%+,99–100%,False,False,False,51.83892022,False
2018,MA-6,MA,6,33.80642264,23.213,23.213,15.8,D_vs_R,,1.0,1.0,9.992007221626415e-16,0.0,True,True,0.998155357477704,0.001846345970471151,3.4027060350625183e-06,True,True,-0.0018463459704701518,-3.4027060350625183e-06,0.5,0.498155357477704,0.0018446425222959917,99%+,99–100%,False,False,False,33.80642264,False
2018,MA-9,MA,9,18.79553481,16.012999999999998,16.012999999999998,8.6,D_vs_R,,1.0,0.9965,0.00350613932928759,1.2249999999999634e-05,True,True,0.9774097574523128,0.022849311126225326,0.0005103190583633351,True,True,-0.019343171796937737,-0.0004980690583633354,0.49650000000000005,0.47740975745231284,0.01909024254768721,99%+,99–100%,False,False,False,18.79553481,False
2018,MD-1,MD,1,-21.89611017,-25.97307142857143,-25.97307142857143,-30.700000000000003,D_vs_R,,0.0,0.0,9.992007221626415e-16,0.0,False,True,0.0005794323213231,0.0005796002571053138,3.3574181499387625e-07,False,True,-0.0005796002571043146,-3.3574181499387625e-07,0.5,0.4994205676786769,0.0005794323213231256,99%+,0–1%,False,False,False,21.89611017,False
2018,MD-2,MD,2,35.3013399,29.223,29.223,22.299999999999997,D_vs_R,,1.0,1.0,9.992007221626415e-16,0.0,True,True,0.9998715742984694,0.00012843394881712237,1.6493160813626486e-08,True,True,-0.00012843394881612317,-1.6493160813626486e-08,0.5,0.4998715742984694,0.00012842570153059896,99%+,99–100%,False,False,False,35.3013399,False
2018,MD-3,MD,3,40.84710462,35.47175,35.47175,28.4,D_vs_R,,1.0,1.0,9.992007221626415e-16,0.0,True,True,0.9999954378477632,4.56216264341265e-06,2.0813233031415175e-11,True,True,-4.562162642413449e-06,-2.0813233031415175e-11,0.5,0.49999543784776324,4.562152236764483e-06,99%+,99–100%,False,False,False,40.84710462,False
2018,MD-4,MD,4,58.19988607,62.67017171717172,62.67017171717172,55.4,D_vs_R,,1.0,1.0,9.992007221626415e-16,0.0,True,True,0.9999999999999978,2.2204460492503154e-15,4.930380657631324e-30,True,True,-1.221245327087674e-15,-4.930380657631324e-30,0.5,0.4999999999999978,2.220446049250313e-15,99%+,99–100%,False,False,False,58.19988607,False
2018,MD-5,MD,5,43.20549359,36.5255,36.5255,29.9,D_vs_R,,1.0,1.0,9.992007221626415e-16,0.0,True,True,0.9999975468614656,2.4531415433687853e-06,6.0178886690539995e-12,True,True,-2.4531415423695846e-06,-6.0178886690539995e-12,0.5,0.4999975468614656,2.45313853441953e-06,99%+,99–100%,False,False,False,43.20549359,False
2018,MD-6,MD,6,20.99005683,19.123,19.123,13.0,D_vs_R,,1.0,0.9985,0.0015011261262670914,2.2499999999998374e-06,True,True,0.9916211561216686,0.008414143710184641,7.020502473745211e-05,True,True,-0.006913017583917549,-6.795502473745228e-05,0.49850000000000005,0.49162115612166857,0.0068788438783314865,99%+,99–100%,False,False,False,20.99005683,False
2018,MD-7,MD,7,55.18454157,61.67902272727272,61.67902272727272,53.5,D_vs_R,,1.0,1.0,9.992007221626415e-16,0.0,True,True,0.999999999999994,5.9952043329758635e-15,3.594247499413235e-29,True,True,-4.996003610813222e-15,-3.594247499413235e-29,0.5,0.499999999999994,5.995204332975845e-15,99%+,99–100%,False,False,False,55.18454157,False
2018,MD-8,MD,8,37.940062,37.782999999999994,37.782999999999994,32.3,D_vs_R,,1.0,1.0,9.992007221626415e-16,0.0,True,True,0.9999988553482636,1.144652391509851e-06,1.3102275976333527e-12,True,True,-1.1446523905106502e-06,-1.3102275976333527e-12,0.5,0.4999988553482636,1.1446517363955522e-06,99%+,99–100%,False,False,False,37.940062,False
2018,ME-1,ME,1,26.31375839,19.9436,19.9436,12.7,D_vs_R,,1.0,1.0,9.992007221626415e-16,0.0,True,True,0.9936954921469904,0.006324465187643607,3.9746819268659995e-05,True,True,-0.006324465187642608,-3.9746819268659995e-05,0.5,0.4936954921469904,0.006304507853009622,99%+,99–100%,False,False,False,26.31375839,False
2018,ME-2,ME,2,1.032444708,-7.987,-7.987,-12.4,D_vs_R,,1.0,0.098,2.322787800311565,0.813604,False,False,0.1588862110129323,1.8395669869711915,0.7074724060241814,False,False,0.4832208133403735,0.10613159397581862,0.402,0.3411137889870677,0.060886211012932345,90–95%,5–10%,True,False,False,1.032444708,True
2018,MI-1,MI,1,-12.63319669,-18.987,-18.987,-23.4,D_vs_R,,0.0,0.0005,0.0005001250416822429,2.5e-07,False,True,0.0087751868758701,0.008813915562324985,7.700390470644284e-05,False,True,-0.008313790520642742,-7.675390470644283e-05,0.4995,0.4912248131241299,0.008275186875870089,99%+,0–1%,False,False,False,12.63319669,False
2018,MI-10,MI,10,-25.32369401,-29.887000000000004,-29.887000000000004,-34.300000000000004,D_vs_R,,0.0,0.0,9.992007221626415e-16,0.0,False,True,9.260281356630424e-05,9.260710147152406e-05,8.575281080395701e-09,False,True,-9.260710147052486e-05,-8.575281080395701e-09,0.5,0.4999073971864337,9.26028135663226e-05,99%+,0–1%,False,False,False,25.32369401,False
2018,MI-11,MI,11,6.682511592,-0.5869999999999997,-0.5869999999999997,-6.5,D_vs_R,,1.0,0.461,0.7743572359854884,0.2905209999999999,False,False,0.4707342355487307,0.7534615999530745,0.28012224942018643,False,False,0.020895636032413956,0.010398750579813487,0.03899999999999998,0.029265764451269327,0.009734235548730652,50–65%,35–50%,False,False,False,6.682511592,False
2018,MI-12,MI,12,39.19281263,31.613,31.613,24.2,D_vs_R,,1.0,1.0,9.992007221626415e-16,0.0,True,True,0.9999616173847694,3.838335186201742e-05,1.4732251519396856e-09,True,True,-3.838335186101822e-05,-1.4732251519396856e-09,0.5,0.4999616173847694,3.8382615230592165e-05,99%+,99–100%,False,False,False,39.19281263,False
2018,MI-14,MI,14,63.56181649,66.213,66.213,58.8,D_vs_R,,1.0,1.0,9.992007221626415e-16,0.0,True,True,1.0,9.992007221626415e-16,0.0,True,True,0.0,0.0,0.5,0.5,0.0,99%+,99–100%,False,False,False,63.56181649,False
2018,MI-2,MI,2,-12.34715825,-15.287000000000004,-15.287000000000004,-19.700000000000003,D_vs_R,,0.0,0.0075,0.0075282664207915245,5.625e-05,False,True,0.0279278868574158,0.02832528679776551,0.0007799668643206182,False,True,-0.020797020376973986,-0.0007237168643206182,0.4925,0.4720721131425842,0.02042788685741581,99%+,0–1%,False,False,False,12.34715825,False
2018,MI-3,MI,3,-11.2383343,-7.087,-7.087,-11.5,D_vs_R,,0.0,0.1265,0.13524714940802587,0.01600225,False,True,0.1876820584584916,0.20786346183502713,0.035224555067216654,False,True,-0.07261631242700126,-0.019222305067216654,0.3735,0.3123179415415084,0.06118205845849162,80–90%,10–20%,False,False,False,11.2383343,False
2018,MI-4,MI,4,-25.24820207,-22.487,-22.487,-26.9,D_vs_R,,0.0,0.0,9.992007221626415e-16,0.0,False,True,0.0024558836131288,0.002458904241844556,6.0313643212345706e-06,False,True,-0.002458904241843557,-6.0313643212345706e-06,0.5,0.4975441163868712,0.0024558836131288175,99%+,0–1%,False,False,False,25.24820207,False
2018,MI-5,MI,5,23.6012778,9.513,9.513,2.1,D_vs_R,,1.0,0.9385,0.06347242295557354,0.00378225,True,True,0.8829619006928053,0.12447322688232725,0.01369791668944076,True,True,-0.06100080392675371,-0.009915666689440761,0.4385,0.38296190069280533,0.055538099307194666,90–95%,90–95%,False,False,False,23.6012778,False
2018,MI-6,MI,6,-4.550876165,-6.087,-6.087,-10.5,D_vs_R,,0.0,0.161,0.1755445725149309,0.025921000000000003,False,True,0.2232131671024526,0.2525893125895327,0.04982411796790742,False,True,-0.0770447400746018,-0.02390311796790742,0.33899999999999997,0.2767868328975474,0.06221316710245256,80–90%,10–20%,False,False,False,4.550876165,True
2018,MI-7,MI,7,-7.591676269,-14.687,-14.687,-19.1,D_vs_R,,0.0,0.0115,0.011566636371465405,0.00013225,False,True,0.0330969158331067,0.033657011750185664,0.001095405837663749,False,True,-0.02209037537872026,-0.000963155837663749,0.4885,0.4669030841668933,0.02159691583310669,95–99%,1–5%,False,False,False,7.591676269,False
2018,MI-8,MI,8,3.834387707,-4.3870000000000005,-4.3870000000000005,-8.8,D_vs_R,,1.0,0.245,1.40649706843741,0.570025,False,False,0.291590729840715,1.2324040700226697,0.5018436940476109,False,False,0.17409299841474035,0.06818130595238914,0.255,0.208409270159285,0.046590729840714995,65–80%,20–35%,False,False,False,3.834387707,True
2018,MI-9,MI,9,22.8560265,11.613,11.613,5.699999999999999,D_vs_R,,1.0,0.964,0.03666398437159147,0.0012960000000000022,True,True,0.9268326581335152,0.07598224952476515,0.005353459915807055,True,True,-0.03931826515317368,-0.004057459915807053,0.46399999999999997,0.42683265813351523,0.03716734186648474,95–99%,95–99%,False,False,False,22.8560265,False
2018,MN-1,MN,1,-0.4508659025,-11.087,-11.087,-17.0,D_vs_R,,0.0,0.033,0.033556783528842754,0.0010890000000000001,False,True,0.0827504031057334,0.08637565521888727,0.006847629214161371,False,True,-0.05281887169004451,-0.00575862921416137,0.46699999999999997,0.4172495968942666,0.049750403105733365,95–99%,1–5%,False,False,False,0.4508659025,True
2018,MN-2,MN,2,5.507622023,1.1130000000000004,1.1130000000000004,-3.3,D_vs_R,,1.0,0.5785,0.5473167323484057,0.17766225,True,True,0.5553612553481027,0.5881364664489622,0.19770361324561517,True,True,-0.040819734100556504,-0.020041363245615174,0.07850000000000001,0.055361255348102656,0.02313874465189736,50–65%,50–65%,False,False,False,5.507622023,False
2018,MN-3,MN,3,11.42055618,11.713,11.713,7.300000000000001,D_vs_R,,1.0,0.967,0.033556783528842754,0.0010890000000000019,True,True,0.928554407181844,0.07412630304897662,0.005104472733137743,True,True,-0.040569519520133865,-0.004015472733137741,0.46699999999999997,0.428554407181844,0.03844559281815596,95–99%,95–99%,False,False,False,11.42055618,False
2018,MN-4,MN,4,36.24860779,36.212999999999994,36.212999999999994,28.799999999999997,D_vs_R,,1.0,1.0,9.992007221626415e-16,0.0,True,True,0.9999970461663498,2.95383801280737e-06,8.725133233243862e-12,True,True,-2.9538380118081693e-06,-8.725133233243862e-12,0.5,0.49999704616634977,2.9538336502321627e-06,99%+,99–100%,False,False,False,36.24860779,False
2018,MN-5,MN,5,56.28615032,59.013000000000005,59.013000000000005,53.1,D_vs_R,,1.0,1.0,9.992007221626415e-16,0.0,True,True,0.9999999999999218,7.815970093361407e-14,6.1089388500315154e-27,True,True,-7.716050021145143e-14,-6.1089388500315154e-27,0.5,0.49999999999992184,7.815970093361102e-14,99%+,99–100%,False,False,False,56.28615032,False
2018,MN-6,MN,6,-22.36084453,-23.387,-23.387,-27.8,D_vs_R,,0.0,0.0,9.992007221626415e-16,0.0,False,True,0.0017204020076274,0.0017218835986932853,2.9597830678483887e-06,False,True,-0.001721883598692286,-2.9597830678483887e-06,0.5,0.4982795979923726,0.0017204020076274085,99%+,0–1%,False,False,False,22.36084453,False
2018,MN-7,MN,7,4.264162069,-25.487,-25.487,-32.9,D_vs_R,,1.0,0.0,34.538776394910684,1.0,False,False,0.0007162627735831,7.2414634561214335,0.9985679874851947,False,False,27.29731293878925,0.001432012514805292,0.5,0.4992837372264169,0.0007162627735831095,99%+,0–1%,True,True,True,4.264162069,True
2018,MN-8,MN,8,-5.542135699,-11.787,-11.787,-17.7,D_vs_R,,0.0,0.027,0.027371196796132015,0.0007289999999999999,False,True,0.0701916442391442,0.072776783144333,0.0049268669209945855,False,True,-0.04540558634820099,-0.004197866920994586,0.473,0.4298083557608558,0.04319164423914418,95–99%,1–5%,False,False,False,5.542135699,False
2018,MO-1,MO,1,63.38551253,63.513000000000005,63.513000000000005,56.1,D_vs_R,,1.0,1.0,9.992007221626415e-16,0.0,True,True,0.999999999999999,9.992007221626415e-16,9.98402083170343e-31,True,True,0.0,-9.98402083170343e-31,0.5,0.499999999999999,9.992007221626409e-16,99%+,99–100%,False,False,False,63.38551253,False
2018,MO-2,MO,2,-3.953029521,-7.987,-7.987,-12.4,D_vs_R,,0.0,0.1135,0.12047415346787452,0.012882250000000001,False,True,0.1588862110129323,0.17302832615565408,0.025244828050046048,False,True,-0.052554172687779566,-0.012362578050046046,0.3865,0.3411137889870677,0.04538621101293233,80–90%,10–20%,False,False,False,3.953029521,True
2018,MO-3,MO,3,-32.24011731,-36.687,-36.687,-41.1,D_vs_R,,0.0,0.0,9.992007221626415e-16,0.0,False,True,2.227330856268247e-06,2.2273333368131623e-06,4.961002743284642e-12,False,True,-2.2273333358139616e-06,-4.961002743284642e-12,0.5,0.49999777266914375,2.227330856252596e-06,99%+,0–1%,False,False,False,32.24011731,False
2018,MO-4,MO,4,-32.10530622,-33.687,-33.687,-38.1,D_vs_R,,0.0,0.0,9.992007221626415e-16,0.0,False,True,1.2560769408650382e-05,1.2560848295822872e-05,1.5777292813728727e-10,False,True,-1.2560848294823671e-05,-1.5777292813728727e-10,0.5,0.49998743923059136,1.2560769408642702e-05,99%+,0–1%,False,False,False,32.10530622,False
2018,MO-5,MO,5,26.05845975,18.813,18.813,11.4,D_vs_R,,1.0,0.9985,0.0015011261262670914,2.2499999999998374e-06,True,True,0.9906938261633416,0.009349746814897269,8.660487147810603e-05,True,True,-0.007848620688630178,-8.435487147810619e-05,0.49850000000000005,0.49069382616334156,0.007806173836658492,99%+,99–100%,False,False,False,26.05845975,False
2018,MO-6,MO,6,-33.44236745,-29.087,-29.087,-33.5,D_vs_R,,0.0,0.0,9.992007221626415e-16,0.0,False,True,0.0001372119397851,0.00013722135420450918,1.882711641958991e-08,False,True,-0.00013722135420350998,-1.882711641958991e-08,0.5,0.4998627880602149,0.00013721193978510904,99%+,0–1%,False,False,False,33.44236745,False
2018,MO-7,MO,7,-36.14477745,-43.387,-43.387,-47.8,D_vs_R,,0.0,0.0,9.992007221626415e-16,0.0,False,True,2.8651378349986564e-08,2.86513787913791e-08,8.209014813540788e-16,False,True,-2.8651377792178376e-08,-8.209014813540788e-16,0.5,0.4999999713486217,2.8651378325417198e-08,99%+,0–1%,False,False,False,36.14477745,False
2018,MO-8,MO,8,-48.37045526,-52.087,-52.087,-56.5,D_vs_R,,0.0,0.0,9.992007221626415e-16,0.0,False,True,3.6284171620178206e-11,3.628419786915518e-11,1.3165411101625455e-21,False,True,-3.6283198668433015e-11,-1.3165411101625455e-21,0.5,0.4999999999637158,3.6284197868496904e-11,99%+,0–1%,False,False,False,48.37045526,False
2018,MS-1,MS,1,-34.51871081,-30.852535714285715,-30.852535714285715,-35.1,D_vs_R,,0.0,0.0,9.992007221626415e-16,0.0,False,True,5.688898960448824e-05,5.68906078444849e-05,3.2363571382195713e-09,False,True,-5.68906078434857e-05,-3.2363571382195713e-09,0.5,0.4999431110103955,5.688898960448663e-05,99%+,0–1%,False,False,False,34.51871081,False
2018,MS-3,MS,3,-25.58508343,-21.383634615384615,-21.383634615384615,-26.6,D_vs_R,,0.0,0.0,9.992007221626415e-16,0.0,False,True,0.0037392416729261,0.003746250113360204,1.398192828854718e-05,False,True,-0.003746250113359205,-1.398192828854718e-05,0.5,0.4962607583270739,0.003739241672926108,99%+,0–1%,False,False,False,25.58508343,False
2018,MS-4,MS,4,-37.47608746,-39.330068181818184,-39.330068181818184,-43.3,D_vs_R,,0.0,0.0,9.992007221626415e-16,0.0,False,True,4.336892099645053e-07,4.336893040319561e-07,1.8808633083963677e-13,False,True,-4.3368930303275537e-07,-1.8808633083963677e-13,0.5,0.49999956631079,4.336892099887635e-07,99%+,0–1%,False,False,False,37.47608746,False
2018,MT-AL,MT,AL,-4.634422437,-18.287000000000003,-18.287000000000003,-22.700000000000003,D_vs_R,,0.0,0.0015,0.0015011261262670914,2.25e-06,False,True,0.0110859150306641,0.01114782174023962,0.0001228975120671042,False,True,-0.00964669561397253,-0.0001206475120671042,0.4985,0.4889140849693359,0.009585915030664083,99%+,0–1%,False,False,False,4.634422437,True
2018,NC-1,NC,1,39.69524159,43.926181818181824,43.926181818181824,34.9,D_vs_R,,1.0,1.0,9.992007221626415e-16,0.0,True,True,0.9999999804049324,1.9595067760528572e-08,3.8396667301585317e-16,True,True,-1.959506676132785e-08,-3.8396667301585317e-16,0.5,0.49999998040493243,1.9595067568545232e-08,99%+,99–100%,False,False,False,39.69524159,False
2018,NC-10,NC,10,-18.58547666,-21.85427272727273,-21.85427272727273,-26.700000000000003,D_vs_R,,0.0,0.0,9.992007221626415e-16,0.0,False,True,0.0031321144030718,0.0031370297396698665,9.810140633929818e-06,False,True,-0.0031370297396688673,-9.810140633929818e-06,0.5,0.4968678855969282,0.0031321144030718173,99%+,0–1%,False,False,False,18.58547666,False
2018,NC-11,NC,11,-20.45592119,-26.358818181818183,-26.358818181818183,-31.3,D_vs_R,,0.0,0.0,9.992007221626415e-16,0.0,False,True,0.000488501614804,0.0004886209705897052,2.3863382766611563e-07,False,True,-0.000488620970588706,-2.3863382766611563e-07,0.5,0.499511498385196,0.0004885016148040155,99%+,0–1%,False,False,False,20.45592119,False
2018,NC-12,NC,12,46.14563406,44.828,44.828,37.9,D_vs_R,,1.0,1.0,9.992007221626415e-16,0.0,True,True,0.999999989722613,1.0277387105316481e-08,1.0562468462697971e-16,True,True,-1.0277386106115759e-08,-1.0562468462697971e-16,0.5,0.49999998972261295,1.0277387052504139e-08,99%+,99–100%,False,False,False,46.14563406,False
2018,NC-13,NC,13,-5.996172062,-6.16825,-6.16825,-11.5,D_vs_R,,0.0,0.162,0.17673717850005405,0.026244,False,True,0.2201906671360693,0.2487058342263023,0.04848392989382727,False,True,-0.07196865572624825,-0.02223992989382727,0.33799999999999997,0.2798093328639307,0.05819066713606924,80–90%,10–20%,False,False,False,5.996172062,False
2018,NC-2,NC,2,-5.455164846,-7.291481707317073,-7.291481707317073,-11.7,D_vs_R,,0.0,0.1215,0.1295393713549851,0.01476225,False,True,0.1808717893272425,0.19951466199303589,0.03271460417443839,False,True,-0.06997529063805077,-0.01795235417443839,0.3785,0.31912821067275754,0.059371789327242463,80–90%,10–20%,False,False,False,5.455164846,False
2018,NC-4,NC,4,48.33437316,45.57629545454546,45.57629545454546,37.9,D_vs_R,,1.0,1.0,9.992007221626415e-16,0.0,True,True,0.999999994039974,5.9600260460231325e-09,3.5521910257562627e-17,True,True,-5.96002504682241e-09,-3.5521910257562627e-17,0.5,0.49999999403997397,5.9600260282621775e-09,99%+,99–100%,False,False,False,48.33437316,False
2018,NC-5,NC,5,-14.06958289,-12.694900000000002,-12.694900000000002,-19.700000000000003,D_vs_R,,0.0,0.02,0.020202707317519466,0.0004,False,True,0.0561512005874645,0.057789295779078396,0.0031529573274136735,False,True,-0.037586588461558934,-0.0027529573274136733,0.48,0.4438487994125355,0.03615120058746446,95–99%,1–5%,False,False,False,14.06958289,False
2018,NC-6,NC,6,-13.03207202,-12.387,-12.387,-16.8,D_vs_R,,0.0,0.0265,0.026857454169882642,0.00070225,False,True,0.0606409222507058,0.06255746845296557,0.003677321451416146,False,True,-0.035700014283082934,-0.002975071451416146,0.4735,0.43935907774929417,0.03414092225070581,95–99%,1–5%,False,False,False,13.03207202,False
2018,NC-7,NC,7,-12.7415767,-15.387,-15.387,-19.8,D_vs_R,,0.0,0.0085,0.008536331022286335,7.225000000000001e-05,False,True,0.027135476284992,0.02751044213778843,0.0007363340732133633,False,True,-0.018974111115502096,-0.0006640840732133632,0.4915,0.472864523715008,0.018635476284992014,99%+,0–1%,False,False,False,12.7415767,False
2018,NC-8,NC,8,-10.67740029,-11.79975,-11.79975,-17.1,D_vs_R,,0.0,0.026,0.026343975339601977,0.000676,False,True,0.0699773122697554,0.07254629772353335,0.00489682423249886,False,True,-0.04620232238393138,-0.00422082423249886,0.474,0.4300226877302446,0.043977312269755375,95–99%,1–5%,False,False,False,10.67740029,False
2018,NC-9,NC,9,-0.320108094,-3.786999999999999,-3.786999999999999,-13.7,D_vs_R,,0.0,0.267,0.3106095770954856,0.071289,False,True,0.3178593736401378,0.3825194453857607,0.10103458141090071,False,True,-0.07190986829027513,-0.02974558141090071,0.23299999999999998,0.18214062635986222,0.05085937364013776,65–80%,20–35%,False,False,False,0.320108094,True
2018,NE-1,NE,1,-20.71845677,-19.254272727272728,-19.254272727272728,-23.4,D_vs_R,,0.0,0.001,0.0010005003335835344,1e-06,False,True,0.0080112723812732,0.008043535049400684,6.418048516695078e-05,False,True,-0.00704303471581715,-6.318048516695078e-05,0.499,0.4919887276187268,0.0070112723812731925,99%+,0–1%,False,False,False,20.71845677,False
2018,NE-2,NE,2,-1.990059762,0.1129999999999995,0.1129999999999995,-4.300000000000001,D_vs_R,,0.0,0.5255,0.7454936609321544,0.27615025,True,False,0.505638659076446,0.7044885698208107,0.2556704535526264,True,False,0.04100509111134376,0.020479796447373577,0.025499999999999967,0.0056386590764460065,0.01986134092355396,50–65%,50–65%,False,False,False,1.990059762,True
2018,NE-3,NE,3,-53.44297341,-53.59902127659575,-53.59902127659575,-57.0,D_vs_R,,0.0,0.0,9.992007221626415e-16,0.0,False,True,1.0113136482965592e-11,1.0113132553664152e-11,1.0227552952308968e-22,False,True,-1.0112133352941989e-11,-1.0227552952308968e-22,0.5,0.49999999998988687,1.0113132553613013e-11,99%+,0–1%,False,False,False,53.44297341,False
2018,NH-1,NH,1,8.551431251,2.213,2.213,-3.7,D_vs_R,,1.0,0.6535,0.42541274591786044,0.12006225000000002,True,True,0.6090373481291044,0.49587568617547934,0.15285179515792313,True,True,-0.0704629402576189,-0.03278954515792311,0.15349999999999997,0.10903734812910437,0.0444626518708956,65–80%,65–80%,False,False,False,8.551431251,False
2018,NH-2,NH,2,13.35978978,7.713,7.713,0.2999999999999998,D_vs_R,,1.0,0.894,0.11204950380862289,0.011235999999999996,True,True,0.8326707271725886,0.1831170004683009,0.027999085544950276,True,True,-0.07106749665967801,-0.01676308554495028,0.394,0.3326707271725886,0.06132927282741141,80–90%,80–90%,False,False,False,13.35978978,False
2018,NJ-1,NJ,1,31.13340774,29.381449999999997,29.381449999999997,22.4,D_vs_R,,1.0,1.0,9.992007221626415e-16,0.0,True,True,0.999881144922712,0.0001188621411124565,1.4126529397145516e-08,True,True,-0.0001188621411114573,-1.4126529397145516e-08,0.5,0.49988114492271196,0.00011885507728803812,99%+,99–100%,False,False,False,31.13340774,False
2018,NJ-10,NJ,10,77.46941182,76.52300000000001,76.52300000000001,70.30000000000001,D_vs_R,,1.0,1.0,9.992007221626415e-16,0.0,True,True,1.0,9.992007221626415e-16,0.0,True,True,0.0,0.0,0.5,0.5,0.0,99%+,99–100%,False,False,False,77.46941182,False
2018,NJ-11,NJ,11,14.63714637,2.9130000000000003,2.9130000000000003,-3.0,D_vs_R,,1.0,0.6795,0.38639804539093864,0.10272025,True,True,0.6422090264120055,0.442841441972362,0.128014380781045,True,True,-0.05644339658142339,-0.02529413078104499,0.1795,0.1422090264120055,0.03729097358799449,65–80%,65–80%,False,False,False,14.63714637,False
2018,NJ-12,NJ,12,37.36225854,38.513000000000005,38.513000000000005,31.1,D_vs_R,,1.0,1.0,9.992007221626415e-16,0.0,True,True,0.999999272651002,7.273492625492519e-07,5.290365649364686e-13,True,True,-7.273492615500512e-07,-5.290365649364686e-13,0.5,0.49999927265100197,7.273489980308412e-07,99%+,99–100%,False,False,False,37.36225854,False
2018,NJ-2,NJ,2,7.670990041,-1.387548780487804,-1.387548780487804,-6.699999999999999,D_vs_R,,1.0,0.424,0.8580218237501793,0.33177600000000007,False,False,0.431105571165876,0.8414022741720362,0.32364087115850415,False,False,0.016619549578143156,0.00813512884149592,0.07600000000000001,0.068894428834124,0.007105571165876012,50–65%,35–50%,False,False,False,7.670990041,False
2018,NJ-3,NJ,3,1.294663951,-3.5195000000000007,-3.5195000000000007,-8.3,D_vs_R,,1.0,0.2935,1.225877639713986,0.49914225,False,False,0.3298841204551878,1.1090138363250515,0.4490552920181173,False,False,0.11686380338893443,0.05008695798188273,0.20650000000000002,0.17011587954481222,0.036384120455187796,65–80%,20–35%,False,False,False,1.294663951,True
2018,NJ-4,NJ,4,-12.33200158,-13.7617,-13.7617,-16.900000000000002,D_vs_R,,0.0,0.0165,0.01663764115302325,0.00027225000000000003,False,True,0.0425919799040736,0.043525625104640656,0.0018140767521490097,False,True,-0.026887983951617407,-0.0015418267521490098,0.4835,0.4574080200959264,0.02609197990407358,95–99%,1–5%,False,False,False,12.33200158,False
2018,NJ-5,NJ,5,13.68053462,5.453714285714286,5.453714285714286,-3.2,D_vs_R,,1.0,0.8085,0.21257459996497552,0.03667225,True,True,0.7524350406807327,0.28444061076206273,0.06128840908275045,True,True,-0.07186601079708721,-0.024616159082750444,0.3085,0.25243504068073275,0.05606495931926725,80–90%,80–90%,False,False,False,13.68053462,False
2018,NJ-6,NJ,6,27.26508285,21.71835,21.71835,13.5,D_vs_R,,1.0,1.0,9.992007221626415e-16,0.0,True,True,0.9967023686137424,0.003303080555502927,1.087437275963125e-05,True,True,-0.0033030805555019278,-1.087437275963125e-05,0.5,0.4967023686137424,0.0032976313862576045,99%+,99–100%,False,False,False,27.26508285,False
2018,NJ-7,NJ,7,5.019489251,2.861109756097562,2.861109756097562,-1.0,D_vs_R,,1.0,0.6705,0.39973157626040384,0.10857025000000001,True,True,0.6397830948112911,0.44662607443022745,0.12975621878373125,True,True,-0.046894498169823606,-0.021185968783731246,0.17049999999999998,0.13978309481129114,0.030716905188708843,65–80%,65–80%,False,False,False,5.019489251,False
2018,NJ-8,NJ,8,59.40243068,59.67925,59.67925,52.1,D_vs_R,,1.0,1.0,9.992007221626415e-16,0.0,True,True,0.9999999999999584,4.1633363423444235e-14,1.7333369499485123e-27,True,True,-4.0634162701281594e-14,-1.7333369499485123e-27,0.5,0.49999999999995837,4.163336342344337e-14,99%+,99–100%,False,False,False,59.40243068,False
2018,NJ-9,NJ,9,41.40288201,37.143,37.143,29.1,D_vs_R,,1.0,1.0,9.992007221626415e-16,0.0,True,True,0.9999983077965214,1.6922049103428348e-06,2.8635526128671924e-12,True,True,-1.692204909343634e-06,-2.8635526128671924e-12,0.5,0.49999830779652144,1.6922034785649132e-06,99%+,99–100%,False,False,False,41.40288201,False
2018,NM-1,NM,1,22.80805259,19.786409090909093,19.786409090909093,14.4,D_vs_R,,1.0,0.999,0.0010005003335835344,1.0000000000000019e-06,True,True,0.9933375075850496,0.006684785892797678,4.438880517927197e-05,True,True,-0.005684285559214144,-4.338880517927197e-05,0.499,0.4933375075850496,0.005662492414950426,99%+,99–100%,False,False,False,22.80805259,False
2018,NM-2,NM,2,1.867948769,-6.386999999999999,-6.386999999999999,-12.3,D_vs_R,,1.0,0.158,1.8451602459551701,0.7089639999999999,False,False,0.2121708480647646,1.5503634417648289,0.6206747726389922,False,False,0.29479680419034127,0.08828922736100775,0.34199999999999997,0.2878291519352354,0.054170848064764576,80–90%,10–20%,False,False,False,1.867948769,True
2018,NM-3,NM,3,32.16670138,21.46428048780488,21.46428048780488,13.0,D_vs_R,,1.0,0.9995,0.0005001250416822429,2.4999999999994493e-07,True,True,0.9963717540485584,0.00363484400018091,1.3164168684152522e-05,True,True,-0.003134718958498667,-1.2914168684152577e-05,0.49950000000000006,0.4963717540485584,0.003128245951441677,99%+,99–100%,False,False,False,32.16670138,False
2018,NV-1,NV,1,35.30134493,34.8737,34.8737,26.9,D_vs_R,,1.0,1.0,9.992007221626415e-16,0.0,True,True,0.9999935602435446,6.439777190743674e-06,4.147046320516286e-11,True,True,-6.439777189744473e-06,-4.147046320516286e-11,0.5,0.4999935602435446,6.439756455423051e-06,99%+,99–100%,False,False,False,35.30134493,False
2018,NV-2,NV,2,-16.46153365,-9.987,-9.987,-14.4,D_vs_R,,0.0,0.0545,0.05604139088362486,0.00297025,False,True,0.1057934086817081,0.111818444019207,0.01119224532049491,False,True,-0.05577705313558214,-0.008221995320494911,0.4455,0.3942065913182919,0.05129340868170812,90–95%,5–10%,False,False,False,16.46153365,False
2018,NV-3,NV,3,9.062858181,3.3488423913043484,3.3488423913043484,-3.1,D_vs_R,,1.0,0.711,0.3410828491788962,0.08352100000000003,True,True,0.6623505050162508,0.41196039939084395,0.11400718146278087,True,True,-0.07087755021194775,-0.030486181462780843,0.21099999999999997,0.1623505050162508,0.04864949498374915,65–80%,65–80%,False,False,False,9.062858181,False
2018,NV-4,NV,4,8.180765366,9.195553191489363,9.195553191489363,2.8000000000000003,D_vs_R,,1.0,0.9155,0.08828491486757167,0.007140250000000003,True,True,0.8749726745944768,0.13356262214704273,0.015631832098058584,True,True,-0.04527770727947106,-0.00849158209805858,0.4155,0.3749726745944768,0.040527325405523174,90–95%,90–95%,False,False,False,8.180765366,False
2018,NY-1,NY,1,0.9816591558,-9.599613636363635,-9.599613636363635,-14.4,D_vs_R,,1.0,0.06,2.8134107167600364,0.8835999999999999,False,False,0.1149225153328724,2.163497157424604,0.7833621538646895,False,False,0.6499135593354324,0.1002378461353104,0.44,0.3850774846671276,0.0549225153328724,90–95%,5–10%,True,False,False,0.9816591558,True
2018,NY-10,NY,10,60.88368301,64.813,64.813,57.4,D_vs_R,,1.0,1.0,9.992007221626415e-16,0.0,True,True,0.9999999999999998,9.992007221626415e-16,4.930380657631324e-32,True,True,0.0,-4.930380657631324e-32,0.5,0.4999999999999998,2.220446049250313e-16,99%+,99–100%,False,False,False,60.88368301,False
2018,NY-11,NY,11,8.539180842,-7.820567073170732,-7.820567073170732,-11.9,D_vs_R,,1.0,0.104,2.2633643798407643,0.8028160000000001,False,False,0.1639808166342638,1.8080058297419603,0.6989280749555125,False,False,0.455358550098804,0.10388792504448763,0.396,0.3360191833657362,0.0599808166342638,80–90%,10–20%,False,False,False,8.539180842,False
2018,NY-12,NY,12,69.6419284,75.113,75.113,67.7,D_vs_R,,1.0,1.0,9.992007221626415e-16,0.0,True,True,1.0,9.992007221626415e-16,0.0,True,True,0.0,0.0,0.5,0.5,0.0,99%+,99–100%,False,False,False,69.6419284,False
2018,NY-13,NY,13,84.85379258,92.213,92.213,84.80000000000001,D_vs_R,,1.0,1.0,9.992007221626415e-16,0.0,True,True,1.0,9.992007221626415e-16,0.0,True,True,0.0,0.0,0.5,0.5,0.0,99%+,99–100%,False,False,False,84.85379258,False
2018,NY-14,NY,14,64.52791706,61.46020108695651,61.46020108695651,55.8,D_vs_R,,1.0,1.0,9.992007221626415e-16,0.0,True,True,0.9999999999999926,7.438494264988577e-15,5.533119693026753e-29,True,True,-6.4392935428259355e-15,-5.533119693026753e-29,0.5,0.49999999999999256,7.438494264988549e-15,99%+,99–100%,False,False,False,64.52791706,False
2018,NY-15,NY,15,90.51259721,95.76175,95.76175,86.80000000000001,D_vs_R,,1.0,1.0,9.992007221626415e-16,0.0,True,True,1.0,9.992007221626415e-16,0.0,True,True,0.0,0.0,0.5,0.5,0.0,99%+,99–100%,False,False,False,90.51259721,False
2018,NY-18,NY,18,11.92856291,4.98084090909091,4.98084090909091,-4.0,D_vs_R,,1.0,0.793,0.23193205734728903,0.042848999999999984,True,True,0.7333654748542083,0.31011109991766955,0.07109396999972181,True,True,-0.07817904257038052,-0.028244969999721828,0.29300000000000004,0.23336547485420833,0.059634525145791706,65–80%,65–80%,False,False,False,11.92856291,False
2018,NY-19,NY,19,8.083031814,-3.421090909090909,-3.421090909090909,-8.9,D_vs_R,,1.0,0.2825,1.2640767283956416,0.51480625,False,False,0.3343533130722681,1.0955570215368717,0.4430855118178659,False,False,0.16851970685876982,0.07172073818213415,0.21750000000000003,0.16564668692773188,0.05185331307226815,65–80%,20–35%,False,False,False,8.083031814,False
2018,NY-2,NY,2,-1.559591571,-7.799225609756096,-7.799225609756096,-11.2,D_vs_R,,0.0,0.1175,0.12499649017468514,0.013806249999999999,False,True,0.1646416744741102,0.1798945138159066,0.027106880973638874,False,True,-0.054898023641221455,-0.013300630973638875,0.3825,0.3353583255258898,0.04714167447411022,80–90%,10–20%,False,False,False,1.559591571,True
2018,NY-20,NY,20,27.16849489,19.7664,19.7664,11.4,D_vs_R,,1.0,0.9995,0.0005001250416822429,2.4999999999994493e-07,True,True,0.99329067357243,0.006731935141028933,4.5015061111689895e-05,True,True,-0.00623181009934669,-4.476506111168995e-05,0.49950000000000006,0.49329067357242995,0.0062093264275701054,99%+,99–100%,False,False,False,27.16849489,False
2018,NY-21,NY,21,-9.792703609,-11.587,-11.587,-16.0,D_vs_R,,0.0,0.0325,0.033039854078200155,0.0010562500000000001,False,True,0.0736201554740782,0.07647092917262517,0.005419927292027446,False,True,-0.043431075094425016,-0.004363677292027446,0.4675,0.4263798445259218,0.04112015547407821,95–99%,1–5%,False,False,False,9.792703609,False
2018,NY-22,NY,22,2.339060236,-11.848250000000002,-11.848250000000002,-17.6,D_vs_R,,1.0,0.024,3.7297014486341915,0.952576,False,False,0.0691666090405263,2.671237061128858,0.8664508017251125,False,False,1.0584643875053334,0.08612519827488752,0.476,0.4308333909594737,0.04516660904052627,95–99%,1–5%,True,True,True,2.339060236,True
2018,NY-23,NY,23,-5.744381672,-13.677,-13.677,-16.900000000000002,D_vs_R,,0.0,0.015,0.015113637810048184,0.000225,False,True,0.0435614226454131,0.044538708207064334,0.0018975975428923092,False,True,-0.02942507039701615,-0.0016725975428923093,0.485,0.4564385773545869,0.02856142264541306,95–99%,1–5%,False,False,False,5.744381672,False
2018,NY-24,NY,24,0.9075657352,6.12675,6.12675,1.5,D_vs_R,,1.0,0.8315,0.18452398034915465,0.028392249999999994,True,True,0.7782684744831072,0.2506837314479782,0.04916486940804848,True,True,-0.06615975109882352,-0.020772619408048483,0.3315,0.2782684744831072,0.05323152551689281,80–90%,80–90%,False,False,False,0.9075657352,True
2018,NY-25,NY,25,20.96734785,19.840364130434786,19.840364130434786,14.3,D_vs_R,,1.0,1.0,9.992007221626415e-16,0.0,True,True,0.9934623595497452,0.00655910442188035,4.2740742656808365e-05,True,True,-0.0065591044218793505,-4.2740742656808365e-05,0.5,0.49346235954974516,0.006537640450254845,99%+,99–100%,False,False,False,20.96734785,False
2018,NY-26,NY,26,41.39372158,26.67175,26.67175,17.5,D_vs_R,,1.0,1.0,9.992007221626415e-16,0.0,True,True,0.9995753541468017,0.000424736040781425,1.803241006385517e-07,True,True,-0.0004247360407804258,-1.803241006385517e-07,0.5,0.49957535414680165,0.0004246458531983466,99%+,99–100%,False,False,False,41.39372158,False
2018,NY-27,NY,27,4.788293025,-22.187,-22.187,-26.6,D_vs_R,,1.0,0.0,34.538776394910684,1.0,False,False,0.0027580587144548,5.89322821105779,0.9944914894589628,False,False,28.645548183852895,0.0055085105410371815,0.5,0.4972419412855452,0.002758058714454781,99%+,0–1%,True,True,True,4.788293025,True
2018,NY-3,NY,3,19.17944148,12.876194444444444,12.876194444444444,4.0,D_vs_R,,1.0,0.9835,0.01663764115302325,0.0002722499999999987,True,True,0.9463671882806194,0.055124636952137394,0.0028764784929265303,True,True,-0.038486995799114146,-0.0026042284929265317,0.48350000000000004,0.4463671882806194,0.037132811719380654,95–99%,95–99%,False,False,False,19.17944148,False
2018,NY-4,NY,4,25.52669808,14.67993181818182,14.67993181818182,7.5,D_vs_R,,1.0,0.992,0.008032171697264267,6.400000000000012e-05,True,True,0.9668377850839855,0.033724548289306204,0.0010997324981359316,True,True,-0.02569237659204194,-0.0010357324981359315,0.492,0.46683778508398555,0.025162214916014447,99%+,99–100%,False,False,False,25.52669808,False
2018,NY-9,NY,9,73.03353111,75.25777272727272,75.25777272727272,67.0,D_vs_R,,1.0,1.0,9.992007221626415e-16,0.0,True,True,1.0,9.992007221626415e-16,0.0,True,True,0.0,0.0,0.5,0.5,0.0,99%+,99–100%,False,False,False,73.03353111,False
2018,OH-1,OH,1,-4.417507836,-3.8717727272727265,-3.8717727272727265,-8.7,D_vs_R,,0.0,0.2595,0.3004296452742837,0.06734025,False,True,0.3140876053673871,0.3770053640283631,0.0986510238454195,False,True,-0.07657571875407942,-0.0313107738454195,0.2405,0.1859123946326129,0.054587605367387104,65–80%,20–35%,False,False,False,4.417507836,True
2018,OH-10,OH,10,-13.76124319,-7.913349999999999,-7.913349999999999,-9.4,D_vs_R,,0.0,0.097,0.10203272556515161,0.009409,False,True,0.1611277454672424,0.17569684330568283,0.025962150359356454,False,True,-0.07366411774053122,-0.016553150359356453,0.403,0.3388722545327576,0.06412774546724243,90–95%,5–10%,False,False,False,13.76124319,False
2018,OH-11,OH,11,64.49054496,69.23777272727273,69.23777272727273,61.4,D_vs_R,,1.0,1.0,9.992007221626415e-16,0.0,True,True,1.0,9.992007221626415e-16,0.0,True,True,0.0,0.0,0.5,0.5,0.0,99%+,99–100%,False,False,False,64.49054496,False
2018,OH-12,OH,12,-4.222486953,-9.940369565217392,-9.940369565217392,-13.4,D_vs_R,,0.0,0.054,0.05551270993025883,0.0029159999999999998,False,True,0.1068636852553549,0.11301606166486422,0.011419847226355558,False,True,-0.05750335173460539,-0.008503847226355558,0.446,0.3931363147446451,0.0528636852553549,90–95%,5–10%,False,False,False,4.222486953,True
2018,OH-13,OH,13,21.98989537,12.32209090909091,12.32209090909091,4.4,D_vs_R,,1.0,0.973,0.027371196796132015,0.0007290000000000013,True,True,0.9383776819285322,0.06360276503680631,0.003797310084501145,True,True,-0.0362315682406743,-0.003068310084501144,0.473,0.4383776819285322,0.03462231807146776,95–99%,95–99%,False,False,False,21.98989537,False
2018,OH-14,OH,14,-10.4959038,-10.54885,-10.54885,-13.6,D_vs_R,,0.0,0.0505,0.05181974872979647,0.0025502500000000004,False,True,0.0935022683984737,0.09816675116043797,0.008742674195660213,False,True,-0.04634700243064149,-0.006192424195660212,0.4495,0.4064977316015263,0.04300226839847371,90–95%,5–10%,False,False,False,10.4959038,False
2018,OH-15,OH,15,-18.62961329,-13.06631818181818,-13.06631818181818,-17.5,D_vs_R,,0.0,0.0185,0.018673265265621256,0.00034224999999999994,False,True,0.0510887611467514,0.05244001598651934,0.0026100615155098153,False,True,-0.03376675072089808,-0.002267811515509815,0.4815,0.4489112388532486,0.03258876114675141,95–99%,1–5%,False,False,False,18.62961329,False
2018,OH-16,OH,16,-13.46234694,-12.887,-12.887,-18.8,D_vs_R,,0.0,0.0165,0.01663764115302325,0.00027225000000000003,False,True,0.0534855821545699,0.054969075648534316,0.0028607074984132465,False,True,-0.03833143449551107,-0.0025884574984132466,0.4835,0.4465144178454301,0.036985582154569874,95–99%,1–5%,False,False,False,13.46234694,False
2018,OH-2,OH,2,-16.3573971,-13.997000000000002,-13.997000000000002,-18.200000000000003,D_vs_R,,0.0,0.0145,0.014606152389362114,0.00021025000000000001,False,True,0.0399901092741501,0.04081169173390208,0.0015992088397584659,False,True,-0.026205539344539966,-0.001388958839758466,0.4855,0.4600098907258499,0.025490109274150075,95–99%,1–5%,False,False,False,16.3573971,False
2018,OH-3,OH,3,47.24193986,43.09822499999999,43.09822499999999,36.3,D_vs_R,,1.0,1.0,9.992007221626415e-16,0.0,True,True,0.9999999649469096,3.5053091044641074e-08,1.2287191487134914e-15,True,True,-3.505309004544035e-08,-1.2287191487134914e-15,0.5,0.49999996494690957,3.5053090430281486e-08,99%+,99–100%,False,False,False,47.24193986,False
2018,OH-4,OH,4,-30.52815602,-30.774075000000003,-30.774075000000003,-35.7,D_vs_R,,0.0,0.0,9.992007221626415e-16,0.0,False,True,5.921713616231538e-05,5.921888956613296e-05,3.5066692152662e-09,False,True,-5.921888956513376e-05,-3.5066692152662e-09,0.5,0.4999407828638377,5.921713616230395e-05,99%+,0–1%,False,False,False,30.52815602,False
2018,OH-5,OH,5,-27.11896678,-23.879,-23.879,-27.200000000000003,D_vs_R,,0.0,0.0,9.992007221626415e-16,0.0,False,True,0.0014091969085827,0.0014101907603445165,1.985835927159038e-06,False,True,-0.0014101907603435173,-1.985835927159038e-06,0.5,0.4985908030914173,0.0014091969085827105,99%+,0–1%,False,False,False,27.11896678,False
2018,OH-6,OH,6,-38.50174356,-39.89325000000001,-39.89325000000001,-44.7,D_vs_R,,0.0,0.0,9.992007221626415e-16,0.0,False,True,3.018845845916057e-07,3.018846301197634e-07,9.113430241404635e-14,False,True,-3.0188462912056266e-07,-9.113430241404635e-14,0.5,0.4999996981154154,3.018845846081142e-07,99%+,0–1%,False,False,False,38.50174356,False
2018,OH-7,OH,7,-17.48723399,-27.399727272727272,-27.399727272727272,-31.8,D_vs_R,,0.0,0.0,9.992007221626415e-16,0.0,False,True,0.0003048438462316,0.00030489032056211444,9.292977058527539e-08,False,True,-0.00030489032056111524,-9.292977058527539e-08,0.5,0.4996951561537684,0.0003048438462315839,99%+,0–1%,False,False,False,17.48723399,False
2018,OH-8,OH,8,-33.15207193,-32.01192236024845,-32.01192236024845,-36.6,D_vs_R,,0.0,0.0,9.992007221626415e-16,0.0,False,True,3.111654289635889e-05,3.111702702600059e-05,9.682392418209429e-10,False,True,-3.111702702500139e-05,-9.682392418209429e-10,0.5,0.49996888345710366,3.1116542896336696e-05,99%+,0–1%,False,False,False,33.15207193,False
2018,OH-9,OH,9,35.59113035,31.513,31.513,20.1,D_vs_R,,1.0,1.0,9.992007221626415e-16,0.0,True,True,0.9999595591359618,4.044168179199406e-05,1.6354634841565657e-09,True,True,-4.044168179099486e-05,-1.6354634841565657e-09,0.5,0.4999595591359618,4.0440864038204793e-05,99%+,99–100%,False,False,False,35.59113035,False
2018,OK-1,OK,1,-18.59889166,-24.887,-24.887,-30.8,D_vs_R,,0.0,0.0,9.992007221626415e-16,0.0,False,True,0.0009260876928502,0.0009265167769910928,8.576384148486064e-07,False,True,-0.0009265167769900936,-8.576384148486064e-07,0.5,0.4990739123071498,0.000926087692850186,99%+,0–1%,False,False,False,18.59889166,False
2018,OK-2,OK,2,-34.92097295,-44.453515151515155,-44.453515151515155,-52.2,D_vs_R,,0.0,0.0,9.992007221626415e-16,0.0,False,True,1.3456013501826725e-08,1.3456013616179998e-08,1.8106429936134313e-16,False,True,-1.3456012616979276e-08,-1.8106429936134313e-16,0.5,0.4999999865439865,1.3456013525647847e-08,99%+,0–1%,False,False,False,34.92097295,False
2018,OK-3,OK,3,-47.74784782,-50.191,-50.191,-54.8,D_vs_R,,0.0,0.0,9.992007221626415e-16,0.0,False,True,1.7137716029849978e-10,1.7137713472029318e-10,2.937013107197769e-20,False,True,-1.7137613551957102e-10,-2.937013107197769e-20,0.5,0.49999999982862287,1.7137713470560811e-10,99%+,0–1%,False,False,False,47.74784782,False
2018,OK-4,OK,4,-30.06237375,-35.120000000000005,-35.120000000000005,-39.5,D_vs_R,,0.0,0.0,9.992007221626415e-16,0.0,False,True,5.591133363838992e-06,5.591148994291386e-06,3.126077229223352e-11,False,True,-5.591148993292186e-06,-3.126077229223352e-11,0.5,0.49999440886663615,5.5911333638469785e-06,99%+,0–1%,False,False,False,30.06237375,False
2018,OK-5,OK,5,1.396886508,-10.438432926829268,-10.438432926829268,-15.5,D_vs_R,,1.0,0.0425,3.158251203051766,0.91680625,False,False,0.0958305263177444,2.3451739984392694,0.8175224371388472,False,False,0.8130772046124966,0.09928381286115284,0.4575,0.4041694736822556,0.05333052631774443,95–99%,1–5%,True,True,True,1.396886508,True
2018,OR-1,OR,1,31.59045173,28.152375,28.152375,20.7,D_vs_R,,1.0,1.0,9.992007221626415e-16,0.0,True,True,0.9997853723601206,0.0002146506756874898,4.6065023800222876e-08,True,True,-0.0002146506756864906,-4.6065023800222876e-08,0.5,0.49978537236012055,0.00021462763987945,99%+,99–100%,False,False,False,31.59045173,False
2018,OR-2,OR,2,-16.89652273,-18.460536585365855,-18.460536585365855,-22.200000000000003,D_vs_R,,0.0,0.0015,0.0015011261262670914,2.25e-06,False,True,0.0104685197237726,0.010523700118924296,0.00010958990520701595,False,True,-0.009022573992657205,-0.00010733990520701595,0.4985,0.4895314802762274,0.008968519723772606,99%+,0–1%,False,False,False,16.89652273,False
2018,OR-3,OR,3,52.77602868,53.513000000000005,53.513000000000005,46.1,D_vs_R,,1.0,1.0,9.992007221626415e-16,0.0,True,True,0.9999999999891144,1.0885625734206446e-11,1.184968476239277e-22,True,True,-1.0884626533484283e-11,-1.184968476239277e-22,0.5,0.4999999999891144,1.0885625734147197e-11,99%+,99–100%,False,False,False,52.77602868,False
2018,OR-4,OR,4,15.0970922,1.8716363636363649,1.8716363636363649,-2.0,D_vs_R,,1.0,0.623,0.4732087601946839,0.142129,True,True,0.5925508986851695,0.5233185047085974,0.166014770162263,True,True,-0.050109744513913534,-0.02388577016226298,0.123,0.09255089868516952,0.030449101314830473,50–65%,50–65%,False,False,False,15.0970922,False
2018,OR-5,OR,5,13.19500431,9.27675,9.27675,2.1,D_vs_R,,1.0,0.931,0.07149600170506992,0.0047609999999999935,True,True,0.8770515270502914,0.1311895345727286,0.015116327000665218,True,True,-0.05969353286765869,-0.010355327000665226,0.43100000000000005,0.37705152705029144,0.053948472949708615,90–95%,90–95%,False,False,False,13.19500431,False
2018,PA-1,PA,1,-2.519117763,1.4651428571428582,1.4651428571428582,-0.1,D_vs_R,,0.0,0.596,0.9063404010209869,0.355216,True,False,0.5727053214605548,0.8502813900969388,0.3279913852292374,True,False,0.05605901092404808,0.0272246147707626,0.09599999999999997,0.07270532146055475,0.023294678539445224,50–65%,50–65%,False,False,False,2.519117763,True
2018,PA-10,PA,10,-2.644717266,-2.5869999999999997,-2.5869999999999997,-11.0,D_vs_R,,0.0,0.3305,0.4012241138509099,0.10923025000000001,False,True,0.3731233483257425,0.46700548549491966,0.13922103306581338,False,True,-0.06578137164400977,-0.02999078306581336,0.16949999999999998,0.1268766516742575,0.042623348325742494,65–80%,20–35%,False,False,False,2.644717266,True
2018,PA-11,PA,11,-17.95204335,-23.207357142857145,-23.207357142857145,-27.9,D_vs_R,,0.0,0.0005,0.0005001250416822429,2.5e-07,False,True,0.0018488049074362,0.0018505160566083469,3.4180795857601764e-06,False,True,-0.001350391014926104,-3.1680795857601762e-06,0.4995,0.4981511950925638,0.0013488049074362185,99%+,0–1%,False,False,False,17.95204335,False
2018,PA-12,PA,12,-32.07502296,-38.087,-38.087,-38.5,D_vs_R,,0.0,0.0,9.992007221626415e-16,0.0,False,True,9.486115023518112e-07,9.486119522815482e-07,8.998637823941603e-13,False,True,-9.486119512823475e-07,-8.998637823941603e-13,0.5,0.49999905138849765,9.486115023493724e-07,99%+,0–1%,False,False,False,32.07502296,False
2018,PA-13,PA,13,-40.98457748,-41.98139393939394,-41.98139393939394,-47.8,D_vs_R,,0.0,0.0,9.992007221626415e-16,0.0,False,True,7.555533032338718e-08,7.555533317985373e-08,5.708607940276151e-15,False,True,-7.555533218065301e-08,-5.708607940276151e-15,0.5,0.4999999244446697,7.555533032554962e-08,99%+,0–1%,False,False,False,40.98457748,False
2018,PA-14,PA,14,-15.81069244,-24.216545454545457,-24.216545454545457,-31.1,D_vs_R,,0.0,0.0,9.992007221626415e-16,0.0,False,True,0.0012264069801069,0.0012271596325824242,1.504074080854926e-06,False,True,-0.001227159632581425,-1.504074080854926e-06,0.5,0.4987735930198931,0.0012264069801068977,99%+,0–1%,False,False,False,15.81069244,False
2018,PA-15,PA,15,-35.68472567,-41.067325,-41.067325,-45.4,D_vs_R,,0.0,0.0,9.992007221626415e-16,0.0,False,True,1.3967929127230268e-07,1.3967930099962976e-07,1.9510304410332774e-14,False,True,-1.3967930000042904e-07,-1.9510304410332774e-14,0.5,0.4999998603207087,1.396792912999878e-07,99%+,0–1%,False,False,False,35.68472567,False
2018,PA-16,PA,16,-4.283220781,-17.108941489361705,-17.108941489361705,-22.1,D_vs_R,,0.0,0.001,0.0010005003335835344,1e-06,False,True,0.0161751621659772,0.01630740810688084,0.00026163587109566026,False,True,-0.015306907773297306,-0.00026063587109566023,0.499,0.4838248378340228,0.015175162165977196,99%+,0–1%,False,False,False,4.283220781,True
2018,PA-17,PA,17,12.51462779,1.6441363636363635,1.6441363636363635,-4.7,D_vs_R,,1.0,0.6125,0.4902063365632549,0.15015624999999996,True,True,0.5814698588845395,0.5421961417553965,0.1751674790221273,True,True,-0.051989805192141636,-0.025011229022127324,0.11250000000000004,0.0814698588845395,0.03103014111546054,50–65%,50–65%,False,False,False,12.51462779,False
2018,PA-2,PA,2,58.03388421,54.38422340425532,54.38422340425532,45.9,D_vs_R,,1.0,1.0,9.992007221626415e-16,0.0,True,True,0.9999999999948624,5.137557046466109e-12,2.6394492405557967e-23,True,True,-5.136557845743946e-12,-2.6394492405557967e-23,0.5,0.49999999999486244,5.137557046452912e-12,99%+,99–100%,False,False,False,58.03388421,False
2018,PA-3,PA,3,86.76155937,89.21300000000001,89.21300000000001,81.80000000000001,D_vs_R,,1.0,1.0,9.992007221626415e-16,0.0,True,True,1.0,9.992007221626415e-16,0.0,True,True,0.0,0.0,0.5,0.5,0.0,99%+,99–100%,False,False,False,86.76155937,False
2018,PA-4,PA,4,27.04487509,23.113,23.113,17.2,D_vs_R,,1.0,0.9995,0.0005001250416822429,2.4999999999994493e-07,True,True,0.998080316727421,0.0019215282260414506,3.685183867019484e-06,True,True,-0.0014214031843592077,-3.4351838670195387e-06,0.49950000000000006,0.49808031672742104,0.0014196832725790198,99%+,99–100%,False,False,False,27.04487509,False
2018,PA-5,PA,5,30.37733744,31.603271739130435,31.603271739130435,26.1,D_vs_R,,1.0,1.0,9.992007221626415e-16,0.0,True,True,0.999961421588248,3.857915591809857e-05,1.4882938533093743e-09,True,True,-3.857915591709937e-05,-1.4882938533093743e-09,0.5,0.49996142158824797,3.857841175203269e-05,99%+,99–100%,False,False,False,30.37733744,False
2018,PA-6,PA,6,17.75183217,12.863625,12.863625,7.200000000000001,D_vs_R,,1.0,0.984,0.016129381929883644,0.0002560000000000005,True,True,0.9461955213771536,0.05530604906922139,0.0028949219198763387,True,True,-0.03917666713933775,-0.002638921919876338,0.484,0.44619552137715357,0.037804478622846416,95–99%,95–99%,False,False,False,17.75183217,False
2018,PA-7,PA,7,10.01895457,4.88675,4.88675,-1.0,D_vs_R,,1.0,0.8015,0.22127030693252941,0.03940225000000001,True,True,0.7294843718001756,0.3154173344150878,0.07317870510034566,True,True,-0.09414702748255838,-0.03377645510034565,0.3015,0.22948437180017556,0.07201562819982443,80–90%,80–90%,False,False,False,10.01895457,False
2018,PA-8,PA,8,9.284108218,-3.525749999999999,-3.525749999999999,-11.7,D_vs_R,,1.0,0.275,1.2909841813155656,0.525625,False,False,0.3296010902265424,1.1098721732261307,0.4494346982254406,False,False,0.18111200808943484,0.07619030177455943,0.22499999999999998,0.17039890977345762,0.05460109022654236,65–80%,20–35%,False,False,False,9.284108218,False
2018,PA-9,PA,9,-19.49125647,-29.884804878048783,-29.884804878048783,-36.1,D_vs_R,,0.0,0.0,9.992007221626415e-16,0.0,False,True,9.270398224371757e-05,9.270827952344984e-05,8.5940283238435e-09,False,True,-9.270827952245064e-05,-8.5940283238435e-09,0.5,0.4999072960177563,9.270398224370258e-05,99%+,0–1%,False,False,False,19.49125647,False
2018,RI-1,RI,1,33.62304188,30.913,30.913,23.5,D_vs_R,,1.0,1.0,9.992007221626415e-16,0.0,True,True,0.999944845960934,5.5155560105914946e-05,3.041968025291028e-09,True,True,-5.5155560104915745e-05,-3.041968025291028e-09,0.5,0.499944845960934,5.515403906597438e-05,99%+,99–100%,False,False,False,33.62304188,False
2018,RI-2,RI,2,27.2117552,12.413,12.413,5.0,D_vs_R,,1.0,0.978,0.022245608947319737,0.00048400000000000087,True,True,0.9397487394872116,0.06214273786653686,0.0036302143933798943,True,True,-0.03989712891921712,-0.0031462143933798934,0.478,0.4397487394872116,0.038251260512788376,95–99%,95–99%,False,False,False,27.2117552,False
2018,SC-1,SC,1,1.385366329,-9.287,-9.287,-15.2,D_vs_R,,1.0,0.072,2.631089159966082,0.8611840000000001,False,False,0.122687778802433,2.098112534488066,0.7696767334626088,False,False,0.5329766254780162,0.09150726653739127,0.428,0.377312221197567,0.05068777880243297,90–95%,5–10%,True,False,False,1.385366329,True
2018,SC-2,SC,2,-13.78359564,-15.04995,-15.04995,-19.8,D_vs_R,,0.0,0.0065,0.006521216990265463,4.225e-05,False,True,0.0298835329123005,0.0303391455298567,0.0008930255393205472,False,True,-0.02381792853959124,-0.0008507755393205472,0.4935,0.4701164670876995,0.023383532912300498,99%+,0–1%,False,False,False,13.78359564,False
2018,SC-3,SC,3,-36.82163003,-35.687,-35.687,-40.1,D_vs_R,,0.0,0.0,9.992007221626415e-16,0.0,False,True,4.02456440153924e-06,4.024572500097923e-06,1.61971186221369e-11,False,True,-4.024572499098722e-06,-1.61971186221369e-11,0.5,0.4999959754355985,4.0245644015168835e-06,99%+,0–1%,False,False,False,36.82163003,False
2018,SC-4,SC,4,-23.01250256,-21.144045454545456,-21.144045454545456,-27.8,D_vs_R,,0.0,0.0005,0.0005001250416822429,2.5e-07,False,True,0.0040871786908929,0.004095554034525704,1.6705029651288996e-05,False,True,-0.003595428992843461,-1.6455029651288997e-05,0.4995,0.4959128213091071,0.0035871786908929226,99%+,0–1%,False,False,False,23.01250256,False
2018,SC-5,SC,5,-15.53952667,-16.187,-16.187,-20.6,D_vs_R,,0.0,0.0085,0.008536331022286335,7.225000000000001e-05,False,True,0.0214472997163163,0.021680635360556474,0.0004599866651215013,False,True,-0.013144304338270138,-0.0003877366651215013,0.4915,0.4785527002836837,0.012947299716316307,99%+,0–1%,False,False,False,15.53952667,False
2018,SC-6,SC,6,41.89398013,41.303225000000005,41.303225000000005,34.4,D_vs_R,,1.0,1.0,9.992007221626415e-16,0.0,True,True,0.999999880659828,1.1934017908783636e-07,1.4242076645064793e-14,True,True,-1.1934017808863564e-07,-1.4242076645064793e-14,0.5,0.49999988065982803,1.1934017196679747e-07,99%+,99–100%,False,False,False,41.89398013,False
2018,SC-7,SC,7,-19.2511918,-17.03722727272727,-17.03722727272727,-21.0,D_vs_R,,0.0,0.0015,0.0015011261262670914,2.25e-06,False,True,0.0165410836383266,0.016679414916563398,0.000273607447930116,False,True,-0.015178288790296307,-0.000271357447930116,0.4985,0.4834589163616734,0.015041083638326624,99%+,0–1%,False,False,False,19.2511918,False
2018,SD-AL,SD,AL,-24.33295277,-25.987,-25.987,-31.9,D_vs_R,,0.0,0.0,9.992007221626415e-16,0.0,False,True,0.0005758936274347,0.000576059517862987,3.31653470119897e-07,False,True,-0.0005760595178619879,-3.31653470119897e-07,0.5,0.4994241063725653,0.0005758936274347093,99%+,0–1%,False,False,False,24.33295277,False
2018,TN-1,TN,1,-56.04417653,-54.687,-54.687,-59.1,D_vs_R,,0.0,0.0,9.992007221626415e-16,0.0,False,True,3.946712459365566e-12,3.946731830247758e-12,1.5576539236911398e-23,False,True,-3.945732629525595e-12,-1.5576539236911398e-23,0.5,0.49999999999605327,3.946731830239969e-12,99%+,0–1%,False,False,False,56.04417653,False
2018,TN-2,TN,2,-32.87936704,-31.587,-31.587,-37.5,D_vs_R,,0.0,0.0,9.992007221626415e-16,0.0,False,True,3.890801839879357e-05,3.890877533536852e-05,1.513833895720859e-09,False,True,-3.890877533436932e-05,-1.513833895720859e-09,0.5,0.4999610919816012,3.890801839878666e-05,99%+,0–1%,False,False,False,32.87936704,False
2018,TN-3,TN,3,-29.20716945,-32.887,-32.887,-37.3,D_vs_R,,0.0,0.0,9.992007221626415e-16,0.0,False,True,1.947362104840368e-05,1.947381066179148e-05,3.792219167368309e-10,False,True,-1.947381066079228e-05,-3.792219167368309e-10,0.5,0.4999805263789516,1.947362104842698e-05,99%+,0–1%,False,False,False,29.20716945,False
2018,TN-4,TN,4,-29.7946664,-38.887,-38.887,-43.3,D_vs_R,,0.0,0.0,9.992007221626415e-16,0.0,False,True,5.747723607820357e-07,5.747725259990738e-07,3.3036326671895457e-13,False,True,-5.747725249998731e-07,-3.3036326671895457e-13,0.5,0.49999942522763924,5.74772360761866e-07,99%+,0–1%,False,False,False,29.7946664,False
2018,TN-5,TN,5,35.69369452,23.613,23.613,16.2,D_vs_R,,1.0,1.0,9.992007221626415e-16,0.0,True,True,0.9984295900252074,0.0015716443610346714,2.46618748892819e-06,True,True,-0.0015716443610336722,-2.46618748892819e-06,0.5,0.49842959002520737,0.0015704099747926303,99%+,99–100%,False,False,False,35.69369452,False
2018,TN-6,TN,6,-41.18356517,-45.087,-45.087,-51.0,D_vs_R,,0.0,0.0,9.992007221626415e-16,0.0,False,True,8.519181294611527e-09,8.51918128562171e-09,7.257644993045894e-17,False,True,-8.519180286420988e-09,-7.257644993045894e-17,0.5,0.4999999914808187,8.519181304844636e-09,99%+,0–1%,False,False,False,41.18356517,False
2018,TN-7,TN,7,-34.75454431,-35.486999999999995,-35.486999999999995,-41.4,D_vs_R,,0.0,0.0,9.992007221626415e-16,0.0,False,True,4.521910861722586e-06,4.521921085624205e-06,2.0447677841364703e-11,False,True,-4.521921084625004e-06,-2.0447677841364703e-11,0.5,0.4999954780891383,4.521910861698952e-06,99%+,0–1%,False,False,False,34.75454431,False
2018,TN-8,TN,8,-37.55863818,-33.287000000000006,-33.287000000000006,-37.7,D_vs_R,,0.0,0.0,9.992007221626415e-16,0.0,False,True,1.5658538569593458e-05,1.5658661165746648e-05,2.4518983013544594e-10,False,True,-1.5658661164747447e-05,-2.4518983013544594e-10,0.5,0.4999843414614304,1.5658538569607305e-05,99%+,0–1%,False,False,False,37.55863818,False
2018,TN-9,TN,9,60.74522251,63.013000000000005,63.013000000000005,55.6,D_vs_R,,1.0,1.0,9.992007221626415e-16,0.0,True,True,0.9999999999999984,1.5543122344752203e-15,2.4158865222393487e-30,True,True,-5.551115123125789e-16,-2.4158865222393487e-30,0.5,0.49999999999999845,1.5543122344752192e-15,99%+,99–100%,False,False,False,60.74522251,False
2018,TX-1,TX,1,-45.93588862,-45.322,-45.322,-49.0,D_vs_R,,0.0,0.0,9.992007221626415e-16,0.0,False,True,7.179262687796891e-09,7.179262765624605e-09,5.1541812740392636e-17,False,True,-7.179261766423883e-09,-5.1541812740392636e-17,0.5,0.4999999928207373,7.179262684342547e-09,99%+,0–1%,False,False,False,45.93588862,False
2018,TX-10,TX,10,-4.266032544,-6.786999999999999,-6.786999999999999,-11.2,D_vs_R,,0.0,0.1385,0.14908022301415283,0.019182250000000005,False,True,0.1979559035934516,0.220591689576576,0.03918653976749991,False,True,-0.07151146656242316,-0.020004289767499905,0.3615,0.3020440964065484,0.0594559035934516,80–90%,10–20%,False,False,False,4.266032544,True
2018,TX-11,TX,11,-61.69972366,-56.387,-56.387,-60.8,D_vs_R,,0.0,0.0,9.992007221626415e-16,0.0,False,True,8.747998222533776e-13,8.747447211025434e-13,7.6527472901454115e-25,False,True,-8.737455203803808e-13,-7.6527472901454115e-25,0.5,0.4999999999991252,8.748002322533921e-13,99%+,0–1%,False,False,False,61.69972366,False
2018,TX-12,TX,12,-30.37829946,-28.464499999999997,-28.464499999999997,-32.3,D_vs_R,,0.0,0.0,9.992007221626415e-16,0.0,False,True,0.0001851072618341,0.00018512439629777235,3.4264698383718054e-08,False,True,-0.00018512439629677315,-3.4264698383718054e-08,0.5,0.4998148927381659,0.00018510726183412762,99%+,0–1%,False,False,False,30.37829946,False
2018,TX-13,TX,13,-64.61827918,-59.59825,-59.59825,-65.1,D_vs_R,,0.0,0.0,9.992007221626415e-16,0.0,False,True,4.5006231990713913e-14,4.496403249731985e-14,2.0255609180019606e-27,False,True,-4.396483177515721e-14,-2.0255609180019606e-27,0.5,0.499999999999955,4.50195436485501e-14,99%+,0–1%,False,False,False,64.61827918,False
2018,TX-14,TX,14,-19.92512621,-17.434500000000003,-17.434500000000003,-21.9,D_vs_R,,0.0,0.003,0.0030045090202987243,9e-06,False,True,0.0145999522179404,0.014707580382261732,0.00021315860476614278,False,True,-0.011703071361963007,-0.00020415860476614278,0.497,0.4854000477820596,0.011599952217940412,99%+,0–1%,False,False,False,19.92512621,False
2018,TX-15,TX,15,20.91661509,22.77296951219512,22.77296951219512,14.6,D_vs_R,,1.0,1.0,9.992007221626415e-16,0.0,True,True,0.9978039440626112,0.0021984708043319007,4.822661680140635e-06,True,True,-0.0021984708043309015,-4.822661680140635e-06,0.5,0.4978039440626112,0.0021960559373888078,99%+,99–100%,False,False,False,20.91661509,False
2018,TX-16,TX,16,41.4351266,43.63305434782609,43.63305434782609,38.6,D_vs_R,,1.0,1.0,9.992007221626415e-16,0.0,True,True,0.9999999758961252,2.4103875075518134e-08,5.809967796519105e-16,True,True,-2.4103874076317412e-08,-5.809967796519105e-16,0.5,0.4999999758961252,2.410387478501974e-08,99%+,99–100%,False,False,False,41.4351266,False
2018,TX-17,TX,17,-15.49224566,-15.095404255319153,-15.095404255319153,-19.6,D_vs_R,,0.0,0.013,0.01308523954865548,0.000169,False,True,0.0294999779293509,0.02994385363154829,0.0008702486978321902,False,True,-0.016858614082892808,-0.0007012486978321902,0.487,0.4705000220706491,0.016499977929350873,95–99%,1–5%,False,False,False,15.49224566,False
2018,TX-18,TX,18,54.43222012,61.813,61.813,54.4,D_vs_R,,1.0,1.0,9.992007221626415e-16,0.0,True,True,0.9999999999999948,5.218048215738249e-15,2.7228027181768986e-29,True,True,-4.2188474935756075e-15,-2.7228027181768986e-29,0.5,0.4999999999999948,5.218048215738236e-15,99%+,99–100%,False,False,False,54.43222012,False
2018,TX-19,TX,19,-50.45275639,-46.687,-46.687,-51.1,D_vs_R,,0.0,0.0,9.992007221626415e-16,0.0,False,True,2.6132220625940614e-09,2.613222086584295e-09,6.828929548428361e-18,False,True,-2.613221087383573e-09,-6.828929548428361e-18,0.5,0.4999999973867779,2.6132220831698305e-09,99%+,0–1%,False,False,False,50.45275639,False
2018,TX-2,TX,2,-7.287996598,-5.487,-5.487,-11.4,D_vs_R,,0.0,0.183,0.20211618412213422,0.033489,False,True,0.2462506414758435,0.28269538198699923,0.06063937842726441,False,True,-0.080579197864865,-0.027150378427264414,0.317,0.2537493585241565,0.06325064147584353,80–90%,10–20%,False,False,False,7.287996598,False
2018,TX-21,TX,21,-2.611017004,-5.504499999999999,-5.504499999999999,-12.1,D_vs_R,,0.0,0.186,0.20579491297959668,0.034596,False,True,0.2455611409120247,0.2817810390637438,0.060300273926015245,False,True,-0.07598612608414712,-0.025704273926015243,0.314,0.2544388590879753,0.05956114091202469,80–90%,10–20%,False,False,False,2.611017004,True
2018,TX-22,TX,22,-4.908121921,-5.6395,-5.6395,-10.0,D_vs_R,,0.0,0.1785,0.19662334150481428,0.031862249999999995,False,True,0.2402771684722673,0.27480160757753186,0.05773311768905032,False,True,-0.07817826607271758,-0.025870867689050323,0.3215,0.2597228315277327,0.06177716847226733,80–90%,10–20%,False,False,False,4.908121921,True
2018,TX-23,TX,23,-0.4408075442,5.713,5.713,1.2999999999999998,D_vs_R,,0.0,0.818,1.7037485919053414,0.6691239999999999,True,False,0.7625734035156441,1.4378967707129147,0.5815181957494333,True,False,0.2658518211924268,0.08760580425056663,0.31799999999999995,0.26257340351564407,0.05542659648435588,80–90%,80–90%,False,False,False,0.4408075442,True
2018,TX-24,TX,24,-3.069645962,-3.7461463414634153,-3.7461463414634153,-8.3,D_vs_R,,0.0,0.2715,0.3167676533468776,0.07371225,False,True,0.3196838659359245,0.3851976858105134,0.10219777413973816,False,True,-0.06843003246363577,-0.02848552413973815,0.22849999999999998,0.18031613406407548,0.0481838659359245,65–80%,20–35%,False,False,False,3.069645962,True
2018,TX-25,TX,25,-8.746589264,-11.68214705882353,-11.68214705882353,-17.0,D_vs_R,,0.0,0.0265,0.026857454169882642,0.00070225,False,True,0.0719734537615214,0.0746949407446468,0.0051801780463618585,False,True,-0.047837486574764165,-0.004477928046361859,0.4735,0.4280265462384786,0.0454734537615214,95–99%,1–5%,False,False,False,8.746589264,False
2018,TX-26,TX,26,-20.35583431,-24.6595,-24.6595,-28.6,D_vs_R,,0.0,0.0,9.992007221626415e-16,0.0,False,True,0.0010194418832471,0.0010199618675496452,1.039261753318394e-06,False,True,-0.001019961867548646,-1.039261753318394e-06,0.5,0.4989805581167529,0.0010194418832470964,99%+,0–1%,False,False,False,20.35583431,False
2018,TX-27,TX,27,-23.71457085,-20.45917391304348,-20.45917391304348,-25.700000000000003,D_vs_R,,0.0,0.001,0.0010005003335835344,1e-06,False,True,0.0052469439005901,0.005260757451208221,2.7530420295939655e-05,False,True,-0.004260257117624687,-2.6530420295939655e-05,0.499,0.4947530560994099,0.0042469439005901055,99%+,0–1%,False,False,False,23.71457085,False
2018,TX-29,TX,29,51.14303709,51.52626086956522,51.52626086956522,43.6,D_vs_R,,1.0,1.0,9.992007221626415e-16,0.0,True,True,0.9999999999422422,5.775779854555728e-11,3.3359632926365002e-21,True,True,-5.7756799344835115e-11,-3.3359632926365002e-21,0.5,0.4999999999422422,5.7757798543889294e-11,99%+,99–100%,False,False,False,51.14303709,False
2018,TX-3,TX,3,-10.01116761,-10.65984090909091,-10.65984090909091,-16.3,D_vs_R,,0.0,0.0405,0.04134296353438243,0.00164025,False,True,0.091204283655407,0.09563494455563594,0.00831822135709594,False,True,-0.05429198102125351,-0.00667797135709594,0.4595,0.408795716344593,0.05070428365540702,95–99%,1–5%,False,False,False,10.01116761,False
2018,TX-31,TX,31,-2.908320426,-10.182675675675677,-10.182675675675677,-14.8,D_vs_R,,0.0,0.0475,0.04866517198128101,0.00225625,False,True,0.1013866712701989,0.10690244968310061,0.010279257111251376,False,True,-0.058237277701819606,-0.008023007111251377,0.4525,0.3986133287298011,0.053886671270198916,95–99%,1–5%,False,False,False,2.908320426,True
2018,TX-32,TX,32,6.518394892,4.213,4.213,-0.2000000000000001,D_vs_R,,1.0,0.751,0.28634962721800233,0.062001,True,True,0.7008958882806393,0.35539592183542584,0.0894632696474278,True,True,-0.06904629461742351,-0.027462269647427803,0.251,0.2008958882806393,0.05010411171936069,65–80%,65–80%,False,False,False,6.518394892,False
2018,TX-33,TX,33,54.25501577,54.72769114219115,54.72769114219115,47.1,D_vs_R,,1.0,1.0,9.992007221626415e-16,0.0,True,True,0.9999999999961912,3.8088421305887785e-12,1.4507278375692807e-23,True,True,-3.807842929866616e-12,-1.4507278375692807e-23,0.5,0.49999999999619116,3.8088421305815245e-12,99%+,99–100%,False,False,False,54.25501577,False
2018,TX-34,TX,34,19.9779126,27.12103571428571,27.12103571428571,19.4,D_vs_R,,1.0,1.0,9.992007221626415e-16,0.0,True,True,0.999653593839421,0.0003464661730525866,1.199972280870949e-07,True,True,-0.0003464661730515874,-1.199972280870949e-07,0.5,0.499653593839421,0.00034640616057901585,99%+,99–100%,False,False,False,19.9779126,False
2018,TX-35,TX,35,45.20346066,38.913,38.913,31.5,D_vs_R,,1.0,1.0,9.992007221626415e-16,0.0,True,True,0.9999994346027667,5.653973930912927e-07,3.196740313715232e-13,True,True,-5.653973920920919e-07,-3.196740313715232e-13,0.5,0.49999943460276675,5.653972332542168e-07,99%+,99–100%,False,False,False,45.20346066,False
2018,TX-36,TX,36,-45.11705023,-43.75051063829787,-43.75051063829787,-48.9,D_vs_R,,0.0,0.0,9.992007221626415e-16,0.0,False,True,2.21878880005371e-08,2.2187888217521135e-08,4.923023739243782e-16,False,True,-2.2187887218320413e-08,-4.923023739243782e-16,0.5,0.499999977812112,2.2187888026881097e-08,99%+,0–1%,False,False,False,45.11705023,False
2018,TX-4,TX,4,-52.66585087,-51.4214512195122,-51.4214512195122,-55.7,D_vs_R,,0.0,0.0,9.992007221626415e-16,0.0,False,True,6.296736768436324e-11,6.296740906662282e-11,3.964889393097792e-21,False,True,-6.296640986590066e-11,-3.964889393097792e-21,0.5,0.49999999993703265,6.296735355348915e-11,99%+,0–1%,False,False,False,52.66585087,False
2018,TX-5,TX,5,-24.79678483,-23.99123913043478,-23.99123913043478,-30.5,D_vs_R,,0.0,0.0005,0.0005001250416822429,2.5e-07,False,True,0.0013458248232199,0.001346731258807559,1.8112444547948752e-06,False,True,-0.0008466062171253162,-1.5612444547948753e-06,0.4995,0.4986541751767801,0.0008458248232198762,99%+,0–1%,False,False,False,24.79678483,False
2018,TX-6,TX,6,-7.659290273,-7.93575,-7.93575,-14.4,D_vs_R,,0.0,0.0995,0.10480511436612631,0.009900250000000001,False,True,0.1604438294674889,0.17488189519423358,0.025742222414192658,False,True,-0.07007678082810727,-0.015841972414192655,0.40049999999999997,0.3395561705325111,0.060943829467488886,90–95%,5–10%,False,False,False,7.659290273,False
2018,TX-7,TX,7,5.056218981,3.644521739130435,3.644521739130435,-0.7000000000000002,D_vs_R,,1.0,0.7075,0.34601764946474434,0.08555624999999999,True,True,0.6757587666524054,0.39191912069122553,0.10513237740276928,True,True,-0.045901471226481194,-0.01957612740276929,0.20750000000000002,0.17575876665240542,0.0317412333475946,65–80%,65–80%,False,False,False,5.056218981,False
2018,TX-8,TX,8,-48.57378189,-46.38597727272727,-46.38597727272727,-50.9,D_vs_R,,0.0,0.0,9.992007221626415e-16,0.0,False,True,3.273615751035613e-09,3.273615717198985e-09,1.0716560085428462e-17,False,True,-3.2736147179982628e-09,-1.0716560085428462e-17,0.5,0.49999999672638423,3.2736157673518562e-09,99%+,0–1%,False,False,False,48.57378189,False
2018,UT-1,UT,1,-36.71721719,-22.30142307692308,-22.30142307692308,-29.4,D_vs_R,,0.0,0.0,9.992007221626415e-16,0.0,False,True,0.002639056033082,0.002642544480278294,6.964616745746503e-06,False,True,-0.0026425444802772946,-6.964616745746503e-06,0.5,0.497360943966918,0.00263905603308201,99%+,0–1%,False,False,False,36.71721719,False
2018,UT-2,UT,2,-17.19645687,-12.838798780487808,-12.838798780487808,-16.1,D_vs_R,,0.0,0.017,0.017146158834970514,0.00028900000000000003,False,True,0.0541448203809731,0.05566580873276348,0.0029316615740878397,False,True,-0.03851964989779297,-0.0026426615740878395,0.483,0.4458551796190269,0.03714482038097311,95–99%,1–5%,False,False,False,17.19645687,False
2018,UT-3,UT,3,-40.24214048,-21.482,-21.482,-26.0,D_vs_R,,0.0,0.0005,0.0005001250416822429,2.5e-07,False,True,0.0036042577865902,0.0036107687732439583,1.2990674192196089e-05,False,True,-0.0031106437315617155,-1.274067419219609e-05,0.4995,0.4963957422134098,0.003104257786590181,99%+,0–1%,False,False,False,40.24214048,False
2018,UT-4,UT,4,0.2577329159,-7.14325,-7.14325,-8.8,D_vs_R,,1.0,0.131,2.0325579557809856,0.755161,False,False,0.1857930392788793,1.6831219168193552,0.6629329748867245,False,False,0.34943603896163045,0.09222802511327544,0.369,0.3142069607211207,0.054793039278879296,80–90%,10–20%,False,False,False,0.2577329159,True
2018,VA-1,VA,1,-10.47452432,-10.087,-10.087,-14.5,D_vs_R,,0.0,0.0585,0.060280930884929945,0.0034222500000000004,False,True,0.1035243489740663,0.10928414634378916,0.010717290830504263,False,True,-0.04900321545885922,-0.0072950408305042635,0.4415,0.3964756510259337,0.04502434897406632,90–95%,5–10%,False,False,False,10.47452432,False
2018,VA-10,VA,10,12.37510026,12.313,12.313,7.9,D_vs_R,,1.0,0.9805,0.019692633345736045,0.00038024999999999854,True,True,0.9382392469542364,0.06375030177956532,0.003814390616779793,True,True,-0.04405766843382928,-0.0034341406167797944,0.48050000000000004,0.43823924695423644,0.0422607530457636,95–99%,95–99%,False,False,False,12.37510026,False
2018,VA-11,VA,11,44.17453366,44.712999999999994,44.712999999999994,37.3,D_vs_R,,1.0,1.0,9.992007221626415e-16,0.0,True,True,0.9999999888333976,1.116660248285577e-08,1.2469300961772334e-16,True,True,-1.1166601483655047e-08,-1.2469300961772334e-16,0.5,0.4999999888333976,1.1166602420509264e-08,99%+,99–100%,False,False,False,44.17453366,False
2018,VA-2,VA,2,2.235918069,-1.0869999999999995,-1.0869999999999995,-5.5,D_vs_R,,1.0,0.4195,0.8686917530748762,0.33698025000000004,False,False,0.4459239545286138,0.80760684704102,0.30700026416520965,False,False,0.06108490603385619,0.02997998583479039,0.08050000000000002,0.054076045471386225,0.02642395452861379,50–65%,35–50%,False,False,False,2.235918069,True
2018,VA-4,VA,4,26.65830704,26.913,26.913,19.5,D_vs_R,,1.0,1.0,9.992007221626415e-16,0.0,True,True,0.9996191995976677,0.0003808729252173037,1.4500894641647854e-07,True,True,-0.0003808729252163045,-1.4500894641647854e-07,0.5,0.49961919959766765,0.0003808004023323486,99%+,99–100%,False,False,False,26.65830704,False
2018,VA-5,VA,5,-6.528563066,-7.286999999999999,-7.286999999999999,-13.2,D_vs_R,,0.0,0.1075,0.11372876532834296,0.011556249999999999,False,True,0.1810193723907619,0.19969484912159513,0.032768013180745334,False,True,-0.08596608379325217,-0.021211763180745337,0.3925,0.31898062760923807,0.07351937239076195,80–90%,10–20%,False,False,False,6.528563066,False
2018,VA-6,VA,6,-19.48417959,-20.987,-20.987,-26.9,D_vs_R,,0.0,0.0005,0.0005001250416822429,2.5e-07,False,True,0.0043306917913983,0.004340096399221362,1.875489139208462e-05,False,True,-0.0038399713575391187,-1.850489139208462e-05,0.4995,0.4956693082086017,0.0038306917913982774,99%+,0–1%,False,False,False,19.48417959,False
2018,VA-7,VA,7,1.939377307,-4.186999999999999,-4.186999999999999,-8.6,D_vs_R,,1.0,0.2565,1.3606266143713128,0.5527922500000001,False,False,0.3002343067170618,1.203192086775003,0.48967202549575106,False,False,0.15743452759630983,0.06312022450424903,0.2435,0.1997656932829382,0.0437343067170618,65–80%,20–35%,False,False,False,1.939377307,True
2018,VA-8,VA,8,52.42156996,57.913,57.913,50.5,D_vs_R,,1.0,1.0,9.992007221626415e-16,0.0,True,True,0.9999999999997822,2.1782575743147944e-13,4.7448060600587384e-26,True,True,-2.168265567093168e-13,-4.7448060600587384e-26,0.5,0.4999999999997822,2.1782575743145571e-13,99%+,99–100%,False,False,False,52.42156996,False
2018,VA-9,VA,9,-30.40732043,-39.187,-39.187,-43.6,D_vs_R,,0.0,0.0,9.992007221626415e-16,0.0,False,True,4.751340434457287e-07,4.7513415631900847e-07,2.257523592410876e-13,False,True,-4.7513415531980775e-07,-2.257523592410876e-13,0.5,0.49999952486595656,4.751340434427931e-07,99%+,0–1%,False,False,False,30.40732043,False
2018,VT-AL,VT,AL,43.25254816,31.712999999999997,31.712999999999997,24.299999999999997,D_vs_R,,1.0,1.0,9.992007221626415e-16,0.0,True,True,0.9999635763070092,3.642435634965261e-05,1.3266854110908963e-09,True,True,-3.642435634865341e-05,-1.3266854110908963e-09,0.5,0.49996357630700916,3.642369299083903e-05,99%+,99–100%,False,False,False,43.25254816,False
2018,WA-1,WA,1,18.53532606,21.613,21.613,14.2,D_vs_R,,1.0,1.0,9.992007221626415e-16,0.0,True,True,0.996568715032664,0.0034371853266755687,1.1773716527066176e-05,True,True,-0.0034371853266745695,-1.1773716527066176e-05,0.5,0.496568715032664,0.0034312849673360235,99%+,99–100%,False,False,False,18.53532606,False
2018,WA-10,WA,10,23.0880311,16.713,16.713,9.3,D_vs_R,,1.0,0.997,0.0030045090202987243,9.000000000000015e-06,True,True,0.9817148480492968,0.018454391564286014,0.00033434678186030644,True,True,-0.01544988254398729,-0.00032534678186030644,0.497,0.48171484804929676,0.015285151950703235,99%+,99–100%,False,False,False,23.0880311,False
2018,WA-3,WA,3,-5.341995795,-5.087,-5.087,-9.5,D_vs_R,,0.0,0.211,0.23698895813626278,0.044521,False,True,0.2622896872811386,0.30420406163305114,0.06879588005403749,False,True,-0.06721510349678836,-0.02427488005403749,0.28900000000000003,0.2377103127188614,0.05128968728113864,65–80%,20–35%,False,False,False,5.341995795,False
2018,WA-4,WA,4,-25.63549544,-20.487,-20.487,-24.9,D_vs_R,,0.0,0.001,0.0010005003335835344,1e-06,False,True,0.0051946420023168,0.005208181062483183,2.698430553223389e-05,False,True,-0.004207680728899648,-2.598430553223389e-05,0.499,0.4948053579976832,0.004194642002316784,99%+,0–1%,False,False,False,25.63549544,False
2018,WA-5,WA,5,-9.519989262,-10.787,-10.787,-15.2,D_vs_R,,0.0,0.0415,0.042385716496437846,0.0017222500000000003,False,True,0.0886233319144242,0.09279900056170175,0.0078540949596142,False,True,-0.0504132840652639,-0.0061318449596142,0.4585,0.4113766680855758,0.047123331914424194,95–99%,1–5%,False,False,False,9.519989262,False
2018,WA-6,WA,6,27.77341018,17.613,17.613,10.2,D_vs_R,,1.0,0.9985,0.0015011261262670914,2.2499999999998374e-06,True,True,0.9862063126001732,0.013889704279547901,0.00019026581208414012,True,True,-0.01238857815328081,-0.00018801581208414028,0.49850000000000005,0.4862063126001732,0.012293687399826836,99%+,99–100%,False,False,False,27.77341018,False
2018,WA-7,WA,7,67.1223089,75.21300000000001,75.21300000000001,67.80000000000001,D_vs_R,,1.0,1.0,9.992007221626415e-16,0.0,True,True,1.0,9.992007221626415e-16,0.0,True,True,0.0,0.0,0.5,0.5,0.0,99%+,99–100%,False,False,False,67.1223089,False
2018,WA-8,WA,8,4.83011081,6.813000000000001,6.813000000000001,0.8999999999999999,D_vs_R,,1.0,0.8655,0.14444790436587304,0.01809024999999999,True,True,0.8029477153321196,0.21946567882133453,0.03882960289283137,True,True,-0.07501777445546148,-0.02073935289283138,0.36550000000000005,0.3029477153321196,0.06255228466788043,80–90%,80–90%,False,False,False,4.83011081,True
2018,WI-1,WI,1,-12.29078099,-6.487,-6.487,-12.4,D_vs_R,,0.0,0.1485,0.16075577887939405,0.02205225,False,True,0.2085622703631128,0.2339040766197137,0.04349822061901616,False,True,-0.07314829774031967,-0.021445970619016163,0.35150000000000003,0.2914377296368872,0.060062270363112846,80–90%,10–20%,False,False,False,12.29078099,False
2018,WI-3,WI,3,19.33654826,0.8130000000000006,0.8130000000000006,-6.6,D_vs_R,,1.0,0.556,0.5869869847315546,0.19713599999999995,True,True,0.5404999391900986,0.6152607544096359,0.21114030588430305,True,True,-0.028273769678081262,-0.014004305884303098,0.05600000000000005,0.040499939190098644,0.015500060809901406,50–65%,50–65%,False,False,False,19.33654826,False
2018,WI-4,WI,4,53.97400828,57.513000000000005,57.513000000000005,50.1,D_vs_R,,1.0,1.0,9.992007221626415e-16,0.0,True,True,0.9999999999996853,3.147482274812814e-13,9.906644670257729e-26,True,True,-3.1374902675911877e-13,-9.906644670257729e-26,0.5,0.49999999999968525,3.147482274812319e-13,99%+,99–100%,False,False,False,53.97400828,False
2018,WI-5,WI,5,-23.94643798,-17.787000000000003,-17.787000000000003,-22.200000000000003,D_vs_R,,0.0,0.0005,0.0005001250416822429,2.5e-07,False,True,0.0130450084438929,0.013130841848701034,0.00017017224530123707,False,True,-0.01263071680701879,-0.00016992224530123706,0.4995,0.4869549915561071,0.012545008443892891,99%+,0–1%,False,False,False,23.94643798,False
2018,WI-6,WI,6,-11.00549121,-14.587,-14.587,-19.0,D_vs_R,,0.0,0.0095,0.009545412843531385,9.025e-05,False,True,0.0340306747007596,0.03462319962241148,0.0011580868205889195,False,True,-0.02507778677888009,-0.0010678368205889195,0.4905,0.4659693252992404,0.02453067470075959,99%+,0–1%,False,False,False,11.00549121,False
2018,WI-7,WI,7,-21.60636848,-18.087,-18.087,-22.5,D_vs_R,,0.0,0.0025,0.002503130218118477,6.25e-06,False,True,0.011836521708123,0.011907131063728458,0.00014010324614686703,False,True,-0.00940400084560998,-0.00013385324614686704,0.4975,0.488163478291877,0.009336521708122991,99%+,0–1%,False,False,False,21.60636848,False
2018,WI-8,WI,8,-27.41853066,-15.287000000000004,-15.287000000000004,-19.700000000000003,D_vs_R,,0.0,0.0075,0.0075282664207915245,5.625e-05,False,True,0.0279278868574158,0.02832528679776551,0.0007799668643206182,False,True,-0.020797020376973986,-0.0007237168643206182,0.4925,0.4720721131425842,0.02042788685741581,99%+,0–1%,False,False,False,27.41853066,False
2018,WV-1,WV,1,-29.15031229,-37.63895652173914,-37.63895652173914,-43.7,D_vs_R,,0.0,0.0,9.992007221626415e-16,0.0,False,True,1.250602056669721e-06,1.2506028386938793e-06,1.564005504146536e-12,False,True,-1.2506028376946786e-06,-1.564005504146536e-12,0.5,0.4999987493979433,1.2506020566904752e-06,99%+,0–1%,False,False,False,29.15031229,False
2018,WV-2,WV,2,-10.98333919,-34.664500000000004,-34.664500000000004,-38.5,D_vs_R,,0.0,0.0,9.992007221626415e-16,0.0,False,True,7.255785292869452e-06,7.255811616152004e-06,5.264642021622064e-11,False,True,-7.255811615152803e-06,-5.264642021622064e-11,0.5,0.49999274421470713,7.255785292870076e-06,99%+,0–1%,False,False,False,10.98333919,False
2018,WV-3,WV,3,-12.74680687,-45.387,-45.387,-51.3,D_vs_R,,0.0,0.0,9.992007221626415e-16,0.0,False,True,6.846353240171469e-09,6.8463532855273195e-09,4.6872552689206366e-17,False,True,-6.846352286326597e-09,-4.6872552689206366e-17,0.5,0.49999999315364674,6.846353262091043e-09,99%+,0–1%,False,False,False,12.74680687,False
2018,WY-AL,WY,AL,-33.81947378,-45.287000000000006,-45.287000000000006,-49.7,D_vs_R,,0.0,0.0,9.992007221626415e-16,0.0,False,True,7.364981090045134e-09,7.364981096579072e-09,5.424294645672241e-17,False,True,-7.36498009737835e-09,-5.424294645672241e-17,0.5,0.49999999263501893,7.364981069457599e-09,99%+,0–1%,False,False,False,33.81947378,False
2020,AK-AL,AK,AL,-9.13737205,-13.292000000000002,-13.292000000000002,-17.3,D_vs_R,,0.0,0.015,0.015113637810048184,0.000225,False,True,0.0481945996724028,0.04939467650622483,0.002322719437583168,False,True,-0.034281038696176644,-0.002097719437583168,0.485,0.4518054003275972,0.03319459967240279,95–99%,1–5%,False,False,False,9.13737205,False
2020,AL-1,AL,1,-28.83111753,-25.992,-25.992,-31.5,D_vs_R,,0.0,0.0,9.992007221626415e-16,0.0,False,True,0.0005746282068423,0.0005747933689045536,3.301975760987971e-07,False,True,-0.0005747933689035544,-3.301975760987971e-07,0.5,0.4994253717931577,0.000574628206842287,99%+,0–1%,False,False,False,28.83111753,False
2020,AL-2,AL,2,-30.54000903,-28.492,-28.492,-34.0,D_vs_R,,0.0,0.0,9.992007221626415e-16,0.0,False,True,0.0001826970894947,0.00018271378064093396,3.337822650983443e-08,False,True,-0.00018271378063993476,-3.337822650983443e-08,0.5,0.4998173029105053,0.00018269708949469887,99%+,0–1%,False,False,False,30.54000903,False
2020,AL-3,AL,3,-35.00220337,-30.945875,-30.945875,-35.1,D_vs_R,,0.0,0.0,9.992007221626415e-16,0.0,False,True,5.423180134529241e-05,5.423327194264669e-05,2.94108827715526e-09,False,True,-5.423327194164749e-05,-2.94108827715526e-09,0.5,0.4999457681986547,5.4231801345283603e-05,99%+,0–1%,False,False,False,35.00220337,False
2020,AL-4,AL,4,-64.55889243,-60.85978846153845,-60.85978846153845,-65.1,D_vs_R,,0.0,0.0,9.992007221626415e-16,0.0,False,True,1.3433237934117327e-14,1.3433698597964484e-14,1.8045188139460875e-28,False,True,-1.2434497875801843e-14,-1.8045188139460875e-28,0.5,0.49999999999998657,1.3433698597964394e-14,99%+,0–1%,False,False,False,64.55889243,False
2020,AR-2,AR,2,-10.7316325,-8.520574999999997,-8.520574999999997,-12.8,D_vs_R,,0.0,0.084,0.08773891430800675,0.007056000000000001,False,True,0.1432598177045046,0.1546205775338171,0.020523375368727892,False,True,-0.06688166322581036,-0.013467375368727892,0.416,0.3567401822954954,0.05925981770450456,90–95%,5–10%,False,False,False,10.7316325,False
2020,AR-3,AR,3,-32.49995513,-29.758494565217394,-29.758494565217394,-33.5,D_vs_R,,0.0,0.0,9.992007221626415e-16,0.0,False,True,9.870353081989851e-05,9.870840233392371e-05,9.742386996314655e-09,False,True,-9.870840233292451e-05,-9.742386996314655e-09,0.5,0.4999012964691801,9.870353081992134e-05,99%+,0–1%,False,False,False,32.49995513,False
2020,AR-4,AR,4,-42.12809279,-31.38575,-31.38575,-35.0,D_vs_R,,0.0,0.0,9.992007221626415e-16,0.0,False,True,4.321103129149613e-05,4.321196491496483e-05,1.8671932252746577e-09,False,True,-4.321196491396563e-05,-1.8671932252746577e-09,0.5,0.4999567889687085,4.321103129151238e-05,99%+,0–1%,False,False,False,42.12809279,False
2020,AZ-1,AZ,1,3.220347337,4.858,4.858,-3.2,D_vs_R,,1.0,0.7775,0.2516716349287479,0.049506250000000016,True,True,0.7282928744831434,0.31705201157223717,0.07382476205663287,True,True,-0.06538037664348928,-0.02431851205663285,0.27749999999999997,0.2282928744831434,0.049207125516856576,65–80%,65–80%,False,False,False,3.220347337,True
2020,AZ-2,AZ,2,10.22689698,13.808,13.808,2.8000000000000003,D_vs_R,,1.0,0.9845,0.01562138090295678,0.0002402499999999987,True,True,0.9579305321715056,0.04298001703141229,0.0017698401233727263,True,True,-0.027358636128455512,-0.0015295901233727276,0.48450000000000004,0.4579305321715056,0.026569467828494453,95–99%,95–99%,False,False,False,10.22689698,False
2020,AZ-3,AZ,3,29.14685532,35.56925,35.56925,27.799999999999997,D_vs_R,,1.0,1.0,9.992007221626415e-16,0.0,True,True,0.9999956893469402,4.3106623507274015e-06,1.858172980227175e-11,True,True,-4.310662349728201e-06,-1.858172980227175e-11,0.5,0.49999568934694016,4.310653059835801e-06,99%+,99–100%,False,False,False,29.14685532,False
2020,AZ-4,AZ,4,-39.51553222,-38.08599456521739,-38.08599456521739,-42.3,D_vs_R,,0.0,0.0,9.992007221626415e-16,0.0,False,True,9.49203246171886e-07,9.492036967191804e-07,9.009868025432461e-13,False,True,-9.492036957199797e-07,-9.009868025432461e-13,0.5,0.49999905079675383,9.492032461699829e-07,99%+,0–1%,False,False,False,39.51553222,False
2020,AZ-5,AZ,5,-17.78116354,-19.192000000000004,-19.192000000000004,-23.200000000000003,D_vs_R,,0.0,0.001,0.0010005003335835344,1e-06,False,True,0.0081838342582367,0.008217505663120035,6.697514316628864e-05,False,True,-0.0072170053295365,-6.597514316628864e-05,0.499,0.4918161657417633,0.00718383425823671,99%+,0–1%,False,False,False,17.78116354,False
2020,AZ-6,AZ,6,-4.345430458,-7.33790909090909,-7.33790909090909,-12.1,D_vs_R,,0.0,0.1125,0.11934675763256625,0.01265625,False,True,0.1793473709661415,0.19765536620991067,0.03216547947246678,False,True,-0.07830860857734442,-0.019509229472466777,0.3875,0.3206526290338585,0.06684737096614152,80–90%,10–20%,False,False,False,4.345430458,True
2020,AZ-7,AZ,7,53.41164037,54.2655,54.2655,47.1,D_vs_R,,1.0,1.0,9.992007221626415e-16,0.0,True,True,0.9999999999943052,5.694777982528494e-12,3.243049627010661e-23,True,True,-5.693778781806331e-12,-3.243049627010661e-23,0.5,0.4999999999943052,5.694777982512278e-12,99%+,99–100%,False,False,False,53.41164037,False
2020,AZ-8,AZ,8,-19.12977818,-17.512000000000004,-17.512000000000004,-23.200000000000003,D_vs_R,,0.0,0.0035,0.00350613932928759,1.2250000000000001e-05,False,True,0.0142450425423188,0.01434747711436715,0.00020292123703247248,False,True,-0.01084133778507956,-0.00019067123703247248,0.4965,0.4857549574576812,0.010745042542318783,99%+,0–1%,False,False,False,19.12977818,False
2020,AZ-9,AZ,9,23.25292244,22.05793243243243,22.05793243243243,14.2,D_vs_R,,1.0,1.0,9.992007221626415e-16,0.0,True,True,0.9971019122917432,0.0029022952957105247,8.398912364749358e-06,True,True,-0.0029022952957095255,-8.398912364749358e-06,0.5,0.49710191229174316,0.0028980877082568357,99%+,99–100%,False,False,False,23.25292244,False
2020,CA-1,CA,1,-13.98888526,-17.792,-17.792,-21.8,D_vs_R,,0.0,0.004,0.004008021397538822,1.6e-05,False,True,0.0130240242886131,0.013109580562841899,0.000169625208670384,False,True,-0.009101559165303077,-0.00015362520867038398,0.496,0.4869759757113869,0.009024024288613097,99%+,0–1%,False,False,False,13.98888526,False
2020,CA-10,CA,10,10.32615523,6.860837837837837,6.860837837837837,0.8999999999999999,D_vs_R,,1.0,0.853,0.15899573149045795,0.021609000000000007,True,True,0.8046037632206864,0.21740534234503997,0.038179689347517594,True,True,-0.05840961085458202,-0.016570689347517587,0.353,0.3046037632206864,0.048396236779313595,80–90%,80–90%,False,False,False,10.32615523,False
2020,CA-11,CA,11,45.98552333,53.708,53.708,46.7,D_vs_R,,1.0,1.0,9.992007221626415e-16,0.0,True,True,0.9999999999907888,9.21118736844996e-12,8.484597273591055e-23,True,True,-9.210188167727797e-12,-8.484597273591055e-23,0.5,0.4999999999907888,9.211187368407536e-12,99%+,99–100%,False,False,False,45.98552333,False
2020,CA-13,CA,13,80.73138598,86.21754545454544,86.21754545454544,78.5,D_vs_R,,1.0,1.0,9.992007221626415e-16,0.0,True,True,1.0,9.992007221626415e-16,0.0,True,True,0.0,0.0,0.5,0.5,0.0,99%+,99–100%,False,False,False,80.73138598,False
2020,CA-14,CA,14,58.5732397,63.608,63.608,56.6,D_vs_R,,1.0,1.0,9.992007221626415e-16,0.0,True,True,0.9999999999999992,9.992007221626415e-16,6.039716305598372e-31,True,True,0.0,-6.039716305598372e-31,0.5,0.4999999999999992,7.771561172376096e-16,99%+,99–100%,False,False,False,58.5732397,False
2020,CA-15,CA,15,41.80933233,49.033,49.033,43.6,D_vs_R,,1.0,1.0,9.992007221626415e-16,0.0,True,True,0.9999999995694758,4.3052417196096057e-10,1.8535106256287266e-19,True,True,-4.305231727602384e-10,-1.8535106256287266e-19,0.5,0.49999999956947583,4.3052417186828507e-10,99%+,99–100%,False,False,False,41.80933233,False
2020,CA-16,CA,16,18.75660387,26.508,26.508,19.5,D_vs_R,,1.0,1.0,9.992007221626415e-16,0.0,True,True,0.9995429744437933,0.00045713002421717306,2.0887235902608657e-07,True,True,-0.00045713002421617386,-2.0887235902608657e-07,0.5,0.49954297444379325,0.0004570255562067471,99%+,99–100%,False,False,False,18.75660387,False
2020,CA-17,CA,17,42.69176958,55.05756521739131,55.05756521739131,51.3,D_vs_R,,1.0,1.0,9.992007221626415e-16,0.0,True,True,0.9999999999971474,2.852607039475946e-12,8.137366921644508e-24,True,True,-2.8516078387537834e-12,-8.137366921644508e-24,0.5,0.4999999999971474,2.8526070394718772e-12,99%+,99–100%,False,False,False,42.69176958,False
2020,CA-19,CA,19,43.36462989,56.518,56.518,49.3,D_vs_R,,1.0,1.0,9.992007221626415e-16,0.0,True,True,0.9999999999992224,7.77600206447762e-13,6.046620810671319e-25,True,True,-7.766010057255993e-13,-6.046620810671319e-25,0.5,0.4999999999992224,7.776002064474596e-13,99%+,99–100%,False,False,False,43.36462989,False
2020,CA-2,CA,2,51.47586526,50.29195000000001,50.29195000000001,43.6,D_vs_R,,1.0,1.0,9.992007221626415e-16,0.0,True,True,0.9999999998420002,1.5799983544977665e-10,2.49639479982122e-20,True,True,-1.579988362490545e-10,-2.49639479982122e-20,0.5,0.49999999984200016,1.5799983543729468e-10,99%+,99–100%,False,False,False,51.47586526,False
2020,CA-20,CA,20,53.55237657,52.108,52.108,45.1,D_vs_R,,1.0,1.0,9.992007221626415e-16,0.0,True,True,0.9999999999643454,3.56545903918676e-11,1.2712498159665316e-21,True,True,-3.565359119114544e-11,-1.2712498159665316e-21,0.5,0.4999999999643454,3.565459039123198e-11,99%+,99–100%,False,False,False,53.55237657,False
2020,CA-21,CA,21,-0.8935385771,18.98105,18.98105,13.4,D_vs_R,,0.0,0.997,5.809142990314027,0.994009,True,False,0.9912071039876028,4.733811154835437,0.9824915229954905,True,False,1.0753318354785897,0.011517477004509558,0.497,0.4912071039876028,0.005792896012397186,99%+,99–100%,True,True,True,0.8935385771,True
2020,CA-22,CA,22,-8.45246066,-9.2027,-9.2027,-11.6,D_vs_R,,0.0,0.0745,0.07742114696858486,0.00555025,False,True,0.1248433688608269,0.133352401628169,0.015585866748520485,False,True,-0.05593125465958414,-0.010035616748520486,0.4255,0.3751566311391731,0.05034336886082691,90–95%,5–10%,False,False,False,8.45246066,False
2020,CA-23,CA,23,-24.28017954,-20.195079268292684,-20.195079268292684,-24.1,D_vs_R,,0.0,0.002,0.0020020026706730793,4e-06,False,True,0.0057671367249017,0.005783830873805231,3.3259866003709906e-05,False,True,-0.0037818282031321514,-2.9259866003709907e-05,0.498,0.4942328632750983,0.0037671367249016985,99%+,0–1%,False,False,False,24.28017954,False
2020,CA-24,CA,24,17.326857,23.950321428571424,23.950321428571424,18.1,D_vs_R,,1.0,1.0,9.992007221626415e-16,0.0,True,True,0.9986313803552374,0.001369557060036256,1.8731197320302356e-06,True,True,-0.0013695570600352567,-1.8731197320302356e-06,0.5,0.49863138035523735,0.0013686196447626475,99%+,99–100%,False,False,False,17.326857,False
2020,CA-25,CA,25,-0.09824660784,10.197175,10.197175,4.6,D_vs_R,,0.0,0.9425,2.8559703311788325,0.88830625,True,False,0.8989344602634161,2.291986064307811,0.8080831638490792,True,False,0.5639842668710213,0.08022308615092077,0.4425,0.39893446026341606,0.04356553973658395,90–95%,90–95%,True,False,False,0.09824660784,True
2020,CA-26,CA,26,21.16971685,26.807999999999996,26.807999999999996,19.799999999999997,D_vs_R,,1.0,1.0,9.992007221626415e-16,0.0,True,True,0.9996006603589926,0.0003994193983160069,1.5947214887988466e-07,True,True,-0.0003994193983150077,-1.5947214887988466e-07,0.5,0.49960066035899264,0.00039933964100735686,99%+,99–100%,False,False,False,21.16971685,False
2020,CA-27,CA,27,39.55149093,42.849250000000005,42.849250000000005,35.5,D_vs_R,,1.0,1.0,9.992007221626415e-16,0.0,True,True,0.9999999583327692,4.166723164488864e-08,1.7361581206079058e-15,True,True,-4.166723064568792e-08,-1.7361581206079058e-15,0.5,0.4999999583327692,4.166723077680956e-08,99%+,99–100%,False,False,False,39.55149093,False
2020,CA-28,CA,28,45.31334121,54.79588888888889,54.79588888888889,47.7,D_vs_R,,1.0,1.0,9.992007221626415e-16,0.0,True,True,0.9999999999964116,3.5883518378974066e-12,1.2876268912495491e-23,True,True,-3.587352637175244e-12,-1.2876268912495491e-23,0.5,0.49999999999641165,3.5883518378909685e-12,99%+,99–100%,False,False,False,45.31334121,False
2020,CA-3,CA,3,9.347553325,17.022375,17.022375,10.5,D_vs_R,,1.0,0.996,0.004008021397538822,1.600000000000003e-05,True,True,0.9833822534052434,0.01675737032816163,0.00027614950188754346,True,True,-0.012749348930622809,-0.00026014950188754345,0.496,0.48338225340524343,0.012617746594756563,99%+,99–100%,False,False,False,9.347553325,False
2020,CA-30,CA,30,38.96556515,47.468,47.468,41.3,D_vs_R,,1.0,1.0,9.992007221626415e-16,0.0,True,True,0.999999998552886,1.4471139852457918e-09,2.0941388832635e-18,True,True,-1.4471129860450696e-09,-2.0941388832635e-18,0.5,0.499999998552886,1.4471139841987224e-09,99%+,99–100%,False,False,False,38.96556515,False
2020,CA-31,CA,31,22.57647264,23.09451515151515,23.09451515151515,19.0,D_vs_R,,1.0,1.0,9.992007221626415e-16,0.0,True,True,0.9980661455740186,0.0019357267366921257,3.7397929408877494e-06,True,True,-0.0019357267366911265,-3.7397929408877494e-06,0.5,0.4980661455740186,0.001933854425981374,99%+,99–100%,False,False,False,22.57647264,False
2020,CA-32,CA,32,33.1552202,42.2015,42.2015,36.8,D_vs_R,,1.0,1.0,9.992007221626415e-16,0.0,True,True,0.9999999349598232,6.504017891498113e-08,4.230224598158183e-15,True,True,-6.50401779157804e-08,-4.230224598158183e-15,0.5,0.4999999349598232,6.504017679986873e-08,99%+,99–100%,False,False,False,33.1552202,False
2020,CA-33,CA,33,35.16039829,45.814775,45.814775,39.2,D_vs_R,,1.0,1.0,9.992007221626415e-16,0.0,True,True,0.9999999949990216,5.0009784216691395e-09,2.5009785048926966e-17,True,True,-5.000977422468417e-09,-2.5009785048926966e-17,0.5,0.4999999949990216,5.000978409164247e-09,99%+,99–100%,False,False,False,35.16039829,False
2020,CA-35,CA,35,38.65993305,46.54157142857143,46.54157142857143,38.7,D_vs_R,,1.0,1.0,9.992007221626415e-16,0.0,True,True,0.999999997085764,2.914235967904415e-09,8.492771251877844e-18,True,True,-2.9142349687036928e-09,-8.492771251877844e-18,0.5,0.49999999708576404,2.9142359636580295e-09,99%+,99–100%,False,False,False,38.65993305,False
2020,CA-36,CA,36,20.6789007,12.580825000000004,12.580825000000004,6.700000000000001,D_vs_R,,1.0,0.976,0.024292692569044587,0.000576000000000001,True,True,0.9422169646706546,0.05951970749657333,0.0033388791718723747,True,True,-0.03522701492752874,-0.0027628791718723737,0.476,0.44221696467065463,0.033783035329345346,95–99%,95–99%,False,False,False,20.6789007,False
2020,CA-37,CA,37,71.87994107,81.008,81.008,74.0,D_vs_R,,1.0,1.0,9.992007221626415e-16,0.0,True,True,1.0,9.992007221626415e-16,0.0,True,True,0.0,0.0,0.5,0.5,0.0,99%+,99–100%,False,False,False,71.87994107,False
2020,CA-39,CA,39,-1.195230712,12.935225,12.935225,6.5,D_vs_R,,0.0,0.9825,4.045554398052671,0.96530625,True,False,0.9471676006365825,2.9406306521531844,0.8971264636956605,True,False,1.1049237458994865,0.06817978630433952,0.48250000000000004,0.44716760063658245,0.03533239936341759,95–99%,95–99%,True,True,True,1.195230712,True
2020,CA-4,CA,4,-11.89081086,-12.704301136363638,-12.704301136363638,-16.8,D_vs_R,,0.0,0.024,0.024292692569044587,0.000576,False,True,0.0560183553703263,0.05764855727390521,0.003138056138396166,False,True,-0.03335586470486062,-0.0025620561383961657,0.476,0.4439816446296737,0.03201835537032627,95–99%,1–5%,False,False,False,11.89081086,False
2020,CA-40,CA,40,45.47834811,75.586375,75.586375,67.30000000000001,D_vs_R,,1.0,1.0,9.992007221626415e-16,0.0,True,True,1.0,9.992007221626415e-16,0.0,True,True,0.0,0.0,0.5,0.5,0.0,99%+,99–100%,False,False,False,45.47834811,False
2020,CA-41,CA,41,28.06038702,31.784874999999992,31.784874999999992,25.799999999999997,D_vs_R,,1.0,1.0,9.992007221626415e-16,0.0,True,True,0.9999649254581224,3.5075157003694156e-05,1.2302234879211764e-09,True,True,-3.5075157002694956e-05,-1.2302234879211764e-09,0.5,0.49996492545812243,3.5074541877566645e-05,99%+,99–100%,False,False,False,28.06038702,False
2020,CA-42,CA,42,-14.26475423,-10.496886363636362,-10.496886363636362,-14.1,D_vs_R,,0.0,0.0425,0.04342955792733598,0.0018062500000000003,False,True,0.0945927179352655,0.09937040108713753,0.008947782286380698,False,True,-0.05594084315980155,-0.007141532286380698,0.4575,0.40540728206473453,0.05209271793526549,95–99%,1–5%,False,False,False,14.26475423,False
2020,CA-43,CA,43,43.36914983,65.11710714285715,65.11710714285715,59.6,D_vs_R,,1.0,1.0,9.992007221626415e-16,0.0,True,True,0.9999999999999998,9.992007221626415e-16,4.930380657631324e-32,True,True,0.0,-4.930380657631324e-32,0.5,0.4999999999999998,2.220446049250313e-16,99%+,99–100%,False,False,False,43.36914983,False
2020,CA-45,CA,45,6.928006285,11.33175,11.33175,3.3000000000000003,D_vs_R,,1.0,0.9625,0.03822121282019774,0.0014062499999999984,True,True,0.9218200189597144,0.08140528168299405,0.00611210943545941,True,True,-0.043184068862796306,-0.004705859435459411,0.4625,0.42182001895971444,0.040679981040285584,95–99%,95–99%,False,False,False,6.928006285,False
2020,CA-46,CA,46,37.50757018,45.761043478260866,45.761043478260866,36.3,D_vs_R,,1.0,1.0,9.992007221626415e-16,0.0,True,True,0.999999994796988,5.203012034762194e-09,2.7071334093027754e-17,True,True,-5.203011035561472e-09,-2.7071334093027754e-17,0.5,0.499999994796988,5.203012021226527e-09,99%+,99–100%,False,False,False,37.50757018,False
2020,CA-47,CA,47,26.54375897,36.403000000000006,36.403000000000006,29.5,D_vs_R,,1.0,1.0,9.992007221626415e-16,0.0,True,True,0.9999973611274944,2.638875987452734e-06,6.9636481009306786e-12,True,True,-2.6388759864535334e-06,-6.9636481009306786e-12,0.5,0.4999973611274944,2.638872505622558e-06,99%+,99–100%,False,False,False,26.54375897,False
2020,CA-48,CA,48,-2.119969628,6.608,6.608,-0.4000000000000001,D_vs_R,,0.0,0.8485,1.8871696540327134,0.7199522500000001,True,False,0.795755369257674,1.5884368332628223,0.6332266077024171,True,False,0.29873282076989116,0.08672564229758295,0.34850000000000003,0.295755369257674,0.05274463074232605,80–90%,80–90%,False,False,False,2.119969628,True
2020,CA-49,CA,49,6.25915251,11.59767391304348,11.59767391304348,5.4,D_vs_R,,1.0,0.967,0.033556783528842754,0.0010890000000000019,True,True,0.9265659989751562,0.07627000106615771,0.005392552506516755,True,True,-0.042713217537314954,-0.004303552506516753,0.46699999999999997,0.42656599897515624,0.040434001024843735,95–99%,95–99%,False,False,False,6.25915251,False
2020,CA-5,CA,5,52.18145093,49.804785714285714,49.804785714285714,42.8,D_vs_R,,1.0,1.0,9.992007221626415e-16,0.0,True,True,0.999999999766458,2.3354196357301787e-10,5.4541848736803e-20,True,True,-2.335409643722957e-10,-5.4541848736803e-20,0.5,0.49999999976645804,2.3354196354574697e-10,99%+,99–100%,False,False,False,52.18145093,False
2020,CA-50,CA,50,-7.906399183,-12.569025000000002,-12.569025000000002,-17.1,D_vs_R,,0.0,0.0235,0.02378052866540339,0.00055225,False,True,0.057953939820432,0.05970110944449812,0.003358659140710254,False,True,-0.03592058077909473,-0.0028064091407102544,0.4765,0.442046060179568,0.03445393982043199,95–99%,1–5%,False,False,False,7.906399183,False
2020,CA-51,CA,51,36.60951092,53.28118181818182,53.28118181818182,46.9,D_vs_R,,1.0,1.0,9.992007221626415e-16,0.0,True,True,0.9999999999867328,1.326716514435863e-11,1.7601767096534928e-22,True,True,-1.3266165943636467e-11,-1.7601767096534928e-22,0.5,0.49999999998673283,1.326716514427062e-11,99%+,99–100%,False,False,False,36.60951092,False
2020,CA-52,CA,52,23.15161604,27.877874999999996,27.877874999999996,20.4,D_vs_R,,1.0,1.0,9.992007221626415e-16,0.0,True,True,0.9997558340263036,0.0002441957870607579,5.961702271109359e-08,True,True,-0.0002441957870597587,-5.961702271109359e-08,0.5,0.49975583402630364,0.00024416597369636417,99%+,99–100%,False,False,False,23.15161604,False
2020,CA-6,CA,6,46.68651034,49.45663636363636,49.45663636363636,42.7,D_vs_R,,1.0,1.0,9.992007221626415e-16,0.0,True,True,0.999999999691908,3.0809199640685453e-10,9.492067822071698e-20,True,True,-3.0809099720613237e-10,-9.492067822071698e-20,0.5,0.499999999691908,3.080919963593942e-10,99%+,99–100%,False,False,False,46.68651034,False
2020,CA-7,CA,7,13.24782207,16.784583333333334,16.784583333333334,9.3,D_vs_R,,1.0,0.996,0.004008021397538822,1.600000000000003e-05,True,True,0.9821128255951476,0.01804908354603167,0.0003199510081896081,True,True,-0.014041062148492846,-0.00030395100818960807,0.496,0.48211282559514756,0.013887174404852431,99%+,99–100%,False,False,False,13.24782207,False
2020,CA-8,CA,8,-12.11927477,-11.668878787878787,-11.668878787878787,-17.2,D_vs_R,,0.0,0.0315,0.03200679613508645,0.00099225,False,True,0.0722013771362321,0.07494057096849692,0.00521303886036842,False,True,-0.04293377483341047,-0.00422078886036842,0.4685,0.4277986228637679,0.04070137713623212,95–99%,1–5%,False,False,False,12.11927477,False
2020,CA-9,CA,9,15.16605532,24.11973913043478,24.11973913043478,16.5,D_vs_R,,1.0,1.0,9.992007221626415e-16,0.0,True,True,0.9987235241641568,0.0012772912250799387,1.6293905594916653e-06,True,True,-0.0012772912250789395,-1.6293905594916653e-06,0.5,0.4987235241641568,0.001276475835843227,99%+,99–100%,False,False,False,15.16605532,False
2020,CO-1,CO,1,50.11570321,50.708,50.708,43.7,D_vs_R,,1.0,1.0,9.992007221626415e-16,0.0,True,True,0.9999999998871576,1.1284240209545284e-10,1.2733407709234991e-20,True,True,-1.1284140289473068e-10,-1.2733407709234991e-20,0.5,0.4999999998871576,1.1284240208908614e-10,99%+,99–100%,False,False,False,50.11570321,False
2020,CO-2,CO,2,26.05926739,25.639630434782607,25.639630434782607,19.2,D_vs_R,,1.0,1.0,9.992007221626415e-16,0.0,True,True,0.9993296161366322,0.0006706086711072191,4.4941452426396167e-07,True,True,-0.0006706086711062199,-4.4941452426396167e-07,0.5,0.4993296161366322,0.0006703838633678183,99%+,99–100%,False,False,False,26.05926739,False
2020,CO-3,CO,3,-6.175361445,-6.938249999999999,-6.938249999999999,-14.1,D_vs_R,,0.0,0.138,0.14850000831844395,0.019044000000000002,False,True,0.1927343620538271,0.21410249765628675,0.03714653431629571,False,True,-0.0656024893378428,-0.018102534316295705,0.362,0.3072656379461729,0.05473436205382709,80–90%,10–20%,False,False,False,6.175361445,False
2020,CO-4,CO,4,-23.50228475,-19.03053658536586,-19.03053658536586,-25.200000000000003,D_vs_R,,0.0,0.001,0.0010005003335835344,1e-06,False,True,0.0086465565501305,0.008684154907991582,7.476294017460465e-05,False,True,-0.007683654574408048,-7.376294017460465e-05,0.499,0.4913534434498695,0.007646556550130523,99%+,0–1%,False,False,False,23.50228475,False
2020,CO-5,CO,5,-20.21544517,-22.774500000000003,-22.774500000000003,-26.1,D_vs_R,,0.0,0.0,9.992007221626415e-16,0.0,False,True,0.0021947350720644,0.0021971470328053916,4.816862036549528e-06,False,True,-0.0021971470328043924,-4.816862036549528e-06,0.5,0.4978052649279356,0.002194735072064413,99%+,0–1%,False,False,False,20.21544517,False
2020,CO-6,CO,6,17.13263987,13.317239130434782,13.317239130434782,6.800000000000001,D_vs_R,,1.0,0.988,0.012072581234269249,0.00014400000000000025,True,True,0.9521207463850456,0.04906341779550588,0.0022924229267251217,True,True,-0.03699083656123663,-0.0021484229267251216,0.488,0.4521207463850456,0.035879253614954365,95–99%,95–99%,False,False,False,17.13263987,False
2020,CO-7,CO,7,21.53078541,16.682886363636364,16.682886363636364,9.9,D_vs_R,,1.0,0.999,0.0010005003335835344,1.0000000000000019e-06,True,True,0.9815451862919308,0.018627228330502035,0.0003405801489995399,True,True,-0.0176267279969185,-0.0003395801489995399,0.499,0.48154518629193077,0.017454813708069228,99%+,99–100%,False,False,False,21.53078541,False
2020,CT-1,CT,1,26.0253066,28.008,28.008,21.0,D_vs_R,,1.0,1.0,9.992007221626415e-16,0.0,True,True,0.9997702798271186,0.00022974656260185718,5.277135782864409e-08,True,True,-0.00022974656260085798,-5.277135782864409e-08,0.5,0.49977027982711864,0.0002297201728813647,99%+,99–100%,False,False,False,26.0253066,False
2020,CT-2,CT,2,18.22445807,7.808,7.808,0.7999999999999998,D_vs_R,,1.0,0.8905,0.11597217625242076,0.01199025000000001,True,True,0.8356302411244627,0.17956905904452167,0.027017417632802267,True,True,-0.0635968827921009,-0.015027167632802258,0.39049999999999996,0.3356302411244627,0.054869758875537245,80–90%,80–90%,False,False,False,18.22445807,False
2020,CT-3,CT,3,18.11339399,20.408,20.408,13.4,D_vs_R,,1.0,0.9995,0.0005001250416822429,2.4999999999994493e-07,True,True,0.9946556454292628,0.0053586867204932324,2.856212577775993e-05,True,True,-0.004858561678810989,-2.8312125777759985e-05,0.49950000000000006,0.49465564542926277,0.004844354570737286,99%+,99–100%,False,False,False,18.11339399,False
2020,CT-4,CT,4,26.00522295,27.908,27.908,20.9,D_vs_R,,1.0,1.0,9.992007221626415e-16,0.0,True,True,0.999759251790698,0.0002407771938041899,5.795970028210876e-08,True,True,-0.0002407771938031907,-5.795970028210876e-08,0.5,0.499759251790698,0.0002407482093019775,99%+,99–100%,False,False,False,26.00522295,False
2020,CT-5,CT,5,9.100662615,9.008,9.008,1.9999999999999996,D_vs_R,,1.0,0.919,0.08446915662644996,0.006560999999999994,True,True,0.8700773280534291,0.13917318846331803,0.016879900685736287,True,True,-0.05470403183686806,-0.010318900685736293,0.41900000000000004,0.3700773280534291,0.04892267194657096,90–95%,90–95%,False,False,False,9.100662615,False
2020,DE-AL,DE,AL,17.40635304,16.408,16.408,9.4,D_vs_R,,1.0,0.997,0.0030045090202987243,9.000000000000015e-06,True,True,0.9799335490956024,0.02027051666182477,0.0004026624518986003,True,True,-0.017266007641526047,-0.00039366245189860027,0.497,0.4799335490956024,0.017066450904397623,99%+,99–100%,False,False,False,17.40635304,False
2020,FL-1,FL,1,-30.59544603,-37.392,-37.392,-41.4,D_vs_R,,0.0,0.0,9.992007221626415e-16,0.0,False,True,1.454509607498216e-06,1.454510665334807e-06,2.115598198304614e-12,False,True,-1.4545106643356063e-06,-2.115598198304614e-12,0.5,0.4999985454903925,1.4545096074791708e-06,99%+,0–1%,False,False,False,30.59544603,False
2020,FL-10,FL,10,27.24384094,31.807999999999996,31.807999999999996,24.799999999999997,D_vs_R,,1.0,1.0,9.992007221626415e-16,0.0,True,True,0.9999653493841916,3.465121615488545e-05,1.2006651759033642e-09,True,True,-3.465121615388625e-05,-1.2006651759033642e-09,0.5,0.49996534938419157,3.465061580842921e-05,99%+,99–100%,False,False,False,27.24384094,False
2020,FL-11,FL,11,-33.44433382,-30.392,-30.392,-34.4,D_vs_R,,0.0,0.0,9.992007221626415e-16,0.0,False,True,7.189593648578631e-05,7.18985211225474e-05,5.169025683168219e-09,False,True,-7.18985211215482e-05,-5.169025683168219e-09,0.5,0.49992810406351423,7.189593648576631e-05,99%+,0–1%,False,False,False,33.44433382,False
2020,FL-12,FL,12,-25.76428658,-16.692000000000004,-16.692000000000004,-20.700000000000003,D_vs_R,,0.0,0.0055,0.005515180688110111,3.0249999999999997e-05,False,True,0.018403326108035,0.018574774046794546,0.0003386824118386826,False,True,-0.013059593358684434,-0.0003084324118386826,0.4945,0.481596673891965,0.012903326108035018,99%+,0–1%,False,False,False,25.76428658,False
2020,FL-13,FL,13,6.079901508,8.108,8.108,1.1,D_vs_R,,1.0,0.8975,0.10814215861970315,0.010506250000000007,True,True,0.844751836032413,0.1687123799276398,0.02410199241530678,True,True,-0.06057022130793664,-0.013595742415306774,0.39749999999999996,0.344751836032413,0.05274816396758697,80–90%,80–90%,False,False,False,6.079901508,False
2020,FL-14,FL,14,20.51508051,23.107999999999997,23.107999999999997,16.099999999999998,D_vs_R,,1.0,1.0,9.992007221626415e-16,0.0,True,True,0.9980764928848374,0.0019253594306495002,3.699879622081333e-06,True,True,-0.001925359430648501,-3.699879622081333e-06,0.5,0.49807649288483735,0.0019235071151626482,99%+,99–100%,False,False,False,20.51508051,False
2020,FL-15,FL,15,-10.77044367,-6.592,-6.592,-12.1,D_vs_R,,0.0,0.1445,0.15606918564988884,0.020880249999999996,False,True,0.2048124854752204,0.2291773248133631,0.04194815420653737,False,True,-0.07310813916347425,-0.021067904206537376,0.35550000000000004,0.2951875145247796,0.060312485475220445,80–90%,10–20%,False,False,False,10.77044367,False
2020,FL-16,FL,16,-11.00056944,-8.791999999999998,-8.791999999999998,-12.8,D_vs_R,,0.0,0.0745,0.07742114696858486,0.00555025,False,True,0.1357230161472763,0.14586197839100912,0.018420737112113825,False,True,-0.06844083142242426,-0.012870487112113825,0.4255,0.36427698385272367,0.06122301614727632,90–95%,5–10%,False,False,False,11.00056944,False
2020,FL-17,FL,17,-30.55963065,-25.292,-25.292,-29.3,D_vs_R,,0.0,0.0,9.992007221626415e-16,0.0,False,True,0.0007790878401948,0.0007793914868479821,6.069778627393983e-07,False,True,-0.0007793914868469829,-6.069778627393983e-07,0.5,0.4992209121598052,0.0007790878401948143,99%+,0–1%,False,False,False,30.55963065,False
2020,FL-18,FL,18,-14.81188295,-7.291999999999999,-7.291999999999999,-11.3,D_vs_R,,0.0,0.1075,0.11372876532834296,0.011556249999999999,False,True,0.1808547267644767,0.19949383206087376,0.03270843219305353,False,True,-0.0857650667325308,-0.02115218219305353,0.3925,0.31914527323552333,0.07335472676447669,80–90%,10–20%,False,False,False,14.81188295,False
2020,FL-19,FL,19,-22.55881275,-18.692000000000004,-18.692000000000004,-24.200000000000003,D_vs_R,,0.0,0.0005,0.0005001250416822429,2.5e-07,False,True,0.0096918014124147,0.009739072596303928,9.393101461768356e-05,False,True,-0.009238947554621684,-9.368101461768356e-05,0.4995,0.4903081985875853,0.009191801412414713,99%+,0–1%,False,False,False,22.55881275,False
2020,FL-20,FL,20,57.35354782,67.008,67.008,60.0,D_vs_R,,1.0,1.0,9.992007221626415e-16,0.0,True,True,1.0,9.992007221626415e-16,0.0,True,True,0.0,0.0,0.5,0.5,0.0,99%+,99–100%,False,False,False,57.35354782,False
2020,FL-21,FL,21,19.92418623,24.408,24.408,17.4,D_vs_R,,1.0,1.0,9.992007221626415e-16,0.0,True,True,0.9988673608054658,0.0011332811150620546,1.2828715449951105e-06,True,True,-0.0011332811150610554,-1.2828715449951105e-06,0.5,0.4988673608054658,0.001132639194534213,99%+,99–100%,False,False,False,19.92418623,False
2020,FL-22,FL,22,17.20310104,20.708,20.708,13.7,D_vs_R,,1.0,1.0,9.992007221626415e-16,0.0,True,True,0.9952045429160796,0.004806992180390418,2.2996408643722093e-05,True,True,-0.004806992180389419,-2.2996408643722093e-05,0.5,0.4952045429160796,0.004795457083920374,99%+,99–100%,False,False,False,17.20310104,False
2020,FL-23,FL,23,16.40338141,31.008,31.008,24.0,D_vs_R,,1.0,1.0,9.992007221626415e-16,0.0,True,True,0.9999474713924582,5.2529987217411095e-05,2.7592546102794795e-09,True,True,-5.2529987216411895e-05,-2.7592546102794795e-09,0.5,0.4999474713924582,5.2528607541790784e-05,99%+,99–100%,False,False,False,16.40338141,False
2020,FL-24,FL,24,55.15194829,72.408,72.408,65.4,D_vs_R,,1.0,1.0,9.992007221626415e-16,0.0,True,True,1.0,9.992007221626415e-16,0.0,True,True,0.0,0.0,0.5,0.5,0.0,99%+,99–100%,False,False,False,55.15194829,False
2020,FL-26,FL,26,-3.448618043,21.208,21.208,14.2,D_vs_R,,0.0,0.9995,7.600902459542192,0.9990002500000001,True,False,0.9960084251683464,5.523569431301789,0.9920327830063296,True,False,2.0773330282404032,0.006967466993670568,0.49950000000000006,0.4960084251683464,0.003491574831653632,99%+,99–100%,True,True,True,3.448618043,True
2020,FL-27,FL,27,-2.735767913,24.508,24.508,17.5,D_vs_R,,0.0,1.0,34.53957599234088,1.0,True,False,0.9989136819805472,6.824961264746467,0.9978285440479338,True,False,27.714614727594412,0.002171455952066248,0.5,0.4989136819805472,0.0010863180194528033,99%+,99–100%,True,True,True,2.735767913,True
2020,FL-3,FL,3,-14.27993268,-12.592000000000002,-12.592000000000002,-18.1,D_vs_R,,0.0,0.0155,0.01562138090295678,0.00024024999999999999,False,True,0.0576215485469733,0.059348331952108264,0.003320242856951201,False,True,-0.04372695104915149,-0.003079992856951201,0.4845,0.4423784514530267,0.04212154854697331,95–99%,1–5%,False,False,False,14.27993268,False
2020,FL-4,FL,4,-22.19550838,-26.092,-26.092,-30.1,D_vs_R,,0.0,0.0,9.992007221626415e-16,0.0,False,True,0.0005498533430409,0.0005500045678271884,3.023386988532537e-07,False,True,-0.0005500045678261892,-3.023386988532537e-07,0.5,0.4994501466569591,0.000549853343040918,99%+,0–1%,False,False,False,22.19550838,False
2020,FL-5,FL,5,30.25553976,30.307999999999996,30.307999999999996,23.299999999999997,D_vs_R,,1.0,1.0,9.992007221626415e-16,0.0,True,True,0.9999249929520386,7.500986113066742e-05,5.6260572438796975e-09,True,True,-7.500986112966822e-05,-5.6260572438796975e-09,0.5,0.4999249929520386,7.500704796137292e-05,99%+,99–100%,False,False,False,30.25553976,False
2020,FL-6,FL,6,-21.25995761,-15.092000000000002,-15.092000000000002,-19.1,D_vs_R,,0.0,0.0095,0.009545412843531385,9.025e-05,False,True,0.0295285616573705,0.029973306643717355,0.0008719359535531312,False,True,-0.02042789380018597,-0.0007816859535531313,0.4905,0.4704714383426295,0.02002856165737049,99%+,0–1%,False,False,False,21.25995761,False
2020,FL-7,FL,7,12.10385559,12.207999999999998,12.207999999999998,5.199999999999999,D_vs_R,,1.0,0.9705,0.029943876373072074,0.0008702499999999983,True,True,0.9366226732968588,0.0654747744359579,0.0040166855400366975,True,True,-0.03553089806288582,-0.0031464355400366993,0.47050000000000003,0.4366226732968588,0.03387732670314125,95–99%,95–99%,False,False,False,12.10385559,False
2020,FL-8,FL,8,-22.70568175,-18.792,-18.792,-22.8,D_vs_R,,0.0,0.0025,0.002503130218118477,6.25e-06,False,True,0.0093721222389389,0.009416316925318207,8.78366752616131e-05,False,True,-0.006913186707199729,-8.158667526161309e-05,0.4975,0.4906278777610611,0.006872122238938905,99%+,0–1%,False,False,False,22.70568175,False
2020,FL-9,FL,9,12.06480805,17.808,17.808,10.8,D_vs_R,,1.0,0.9965,0.00350613932928759,1.2249999999999634e-05,True,True,0.9870429290321592,0.013041746034371063,0.0001678856880656635,True,True,-0.009535606705083473,-0.00015563568806566385,0.49650000000000005,0.4870429290321592,0.009457070967840875,99%+,99–100%,False,False,False,12.06480805,False
2020,GA-1,GA,1,-16.69844007,-13.592000000000002,-13.592000000000002,-17.6,D_vs_R,,0.0,0.0125,0.012578782206860073,0.00015625000000000003,False,True,0.0445521248138177,0.045575069185258915,0.001984891825425991,False,True,-0.03299628697839884,-0.0018286418254259908,0.4875,0.4554478751861823,0.032052124813817695,95–99%,1–5%,False,False,False,16.69844007,False
2020,GA-10,GA,10,-24.62015717,-23.592,-23.592,-27.6,D_vs_R,,0.0,0.0005,0.0005001250416822429,2.5e-07,False,True,0.0015838273152673,0.0015850828956730776,2.5085089645868233e-06,False,True,-0.0010849578539908348,-2.258508964586823e-06,0.4995,0.4984161726847327,0.001083827315267294,99%+,0–1%,False,False,False,24.62015717,False
2020,GA-11,GA,11,-20.85236596,-23.092,-23.092,-27.1,D_vs_R,,0.0,0.0,9.992007221626415e-16,0.0,False,True,0.0019357899598422,0.0019376660227266372,3.7472827686258657e-06,False,True,-0.001937666022725638,-3.7472827686258657e-06,0.5,0.4980642100401578,0.0019357899598422268,99%+,0–1%,False,False,False,20.85236596,False
2020,GA-12,GA,12,-16.76142135,-14.6154,-14.6154,-18.3,D_vs_R,,0.0,0.0095,0.009545412843531385,9.025e-05,False,True,0.0337633105360572,0.03434645463314429,0.0011399611383542314,False,True,-0.024801041789612906,-0.0010497111383542313,0.4905,0.4662366894639428,0.02426331053605718,99%+,0–1%,False,False,False,16.76142135,False
2020,GA-13,GA,13,54.79169787,49.693,49.693,42.3,D_vs_R,,1.0,1.0,9.992007221626415e-16,0.0,True,True,0.9999999997446803,2.5531965434017826e-10,6.518812587574429e-20,True,True,-2.553186551394561e-10,-6.518812587574429e-20,0.5,0.49999999974468035,2.553196543075842e-10,99%+,99–100%,False,False,False,54.79169787,False
2020,GA-14,GA,14,-49.42023568,-46.492,-46.492,-55.0,D_vs_R,,0.0,0.0,9.992007221626415e-16,0.0,False,True,3.024350268488029e-09,3.0243502192820514e-09,9.146694546503615e-18,False,True,-3.0243492200813293e-09,-9.146694546503615e-18,0.5,0.49999999697564973,3.0243502702198555e-09,99%+,0–1%,False,False,False,49.42023568,False
2020,GA-2,GA,2,18.2310628,17.440125000000002,17.440125000000002,9.6,D_vs_R,,1.0,0.996,0.004008021397538822,1.600000000000003e-05,True,True,0.9854260610405796,0.014681182052743883,0.00021239969679291134,True,True,-0.010673160655205061,-0.0001963996967929113,0.496,0.4854260610405796,0.010573938959420381,99%+,99–100%,False,False,False,18.2310628,False
2020,GA-3,GA,3,-30.09118868,-29.382,-29.382,-33.6,D_vs_R,,0.0,0.0,9.992007221626415e-16,0.0,False,True,0.0001188230535676,0.00011883011358588199,1.411891805912874e-08,False,True,-0.00011883011358488279,-1.411891805912874e-08,0.5,0.4998811769464324,0.00011882305356758494,99%+,0–1%,False,False,False,30.09118868,False
2020,GA-4,GA,4,60.1532017,57.937285714285714,57.937285714285714,51.0,D_vs_R,,1.0,1.0,9.992007221626415e-16,0.0,True,True,0.999999999999787,2.1305179842559023e-13,4.5391068812368663e-26,True,True,-2.120525977034276e-13,-4.5391068812368663e-26,0.5,0.49999999999978695,2.1305179842556754e-13,99%+,99–100%,False,False,False,60.1532017,False
2020,GA-5,GA,5,70.29869987,76.32168902439024,76.32168902439024,71.0,D_vs_R,,1.0,1.0,9.992007221626415e-16,0.0,True,True,1.0,9.992007221626415e-16,0.0,True,True,0.0,0.0,0.5,0.5,0.0,99%+,99–100%,False,False,False,70.29869987,False
2020,GA-6,GA,6,9.177948346,3.301288043478261,3.301288043478261,-3.6,D_vs_R,,1.0,0.7035,0.3516874024276933,0.08791225,True,True,0.6601741049451578,0.41525168337809576,0.1154816389498246,True,True,-0.06356428095040245,-0.027569388949824608,0.20350000000000001,0.16017410494515782,0.04332589505484219,65–80%,65–80%,False,False,False,9.177948346,False
2020,GA-7,GA,7,2.782503823,-3.323524390243903,-3.323524390243903,-8.4,D_vs_R,,1.0,0.2815,1.267622831402392,0.51624225,False,False,0.3388075432846322,1.082323051739483,0.43717546481730346,False,False,0.185299779662909,0.07906678518269655,0.21850000000000003,0.1611924567153678,0.05730754328463222,65–80%,20–35%,False,False,False,2.782503823,True
2020,GA-8,GA,8,-29.03676144,-27.12802272727273,-27.12802272727273,-31.0,D_vs_R,,0.0,0.0,9.992007221626415e-16,0.0,False,True,0.0003453027537633,0.00034536238448669665,1.192339917565182e-07,False,True,-0.00034536238448569745,-1.192339917565182e-07,0.5,0.4996546972462367,0.0003453027537633213,99%+,0–1%,False,False,False,29.03676144,False
2020,GA-9,GA,9,-57.1613783,-54.84486585365853,-54.84486585365853,-60.6,D_vs_R,,0.0,0.0,9.992007221626415e-16,0.0,False,True,3.4378340324681674e-12,3.4378055957577066e-12,1.1818702834796341e-23,False,True,-3.436806395035544e-12,-1.1818702834796341e-23,0.5,0.49999999999656214,3.4378611069030285e-12,99%+,0–1%,False,False,False,57.1613783,False
2020,HI-1,HI,1,39.53910969,37.508,37.508,30.5,D_vs_R,,1.0,1.0,9.992007221626415e-16,0.0,True,True,0.9999986449540996,1.355046818450799e-06,1.8361493921238355e-12,True,True,-1.3550468174515982e-06,-1.8361493921238355e-12,0.5,0.4999986449540996,1.3550459003752735e-06,99%+,99–100%,False,False,False,39.53910969,False
2020,HI-2,HI,2,29.51993414,35.208,35.208,29.7,D_vs_R,,1.0,1.0,9.992007221626415e-16,0.0,True,True,0.999994685317394,5.314696728981401e-06,2.8245851202580182e-11,True,True,-5.3146967279822006e-06,-2.8245851202580182e-11,0.5,0.499994685317394,5.314682606005761e-06,99%+,99–100%,False,False,False,29.51993414,False
2020,IA-1,IA,1,-2.533427994,3.17675,3.17675,-5.6,D_vs_R,,0.0,0.68,1.139434283188365,0.4624000000000001,True,False,0.654449225451996,1.0626156869539627,0.4283037886947175,True,False,0.07681859623440235,0.034096211305282564,0.18000000000000005,0.15444922545199602,0.02555077454800403,65–80%,65–80%,False,False,False,2.533427994,True
2020,IA-2,IA,2,-0.001449313871,-0.6919999999999993,-0.6919999999999993,-6.199999999999999,D_vs_R,,0.0,0.449,0.5960204698292226,0.201601,False,True,0.4655113727841751,0.6264448261693638,0.21670083819140723,False,True,-0.03042435634014118,-0.015099838191407228,0.05099999999999999,0.03448862721582491,0.016511372784175082,50–65%,35–50%,False,False,False,0.001449313871,True
2020,IA-3,IA,3,1.347184216,2.336295454545455,2.336295454545455,-5.6,D_vs_R,,1.0,0.6475,0.4346364854084443,0.12425625000000003,True,True,0.614945835175774,0.48622108793918384,0.14826670984848225,True,True,-0.05158460253073954,-0.024010459848482227,0.14749999999999996,0.11494583517577395,0.03255416482422602,50–65%,50–65%,False,False,False,1.347184216,True
2020,IA-4,IA,4,-23.0657916,-23.992,-23.992,-29.5,D_vs_R,,0.0,0.0,9.992007221626415e-16,0.0,False,True,0.001345404255832,0.0013463101247355132,1.8101126116108579e-06,False,True,-0.001346310124734514,-1.8101126116108579e-06,0.5,0.498654595744168,0.0013454042558320167,99%+,0–1%,False,False,False,23.0657916,False
2020,ID-1,ID,1,-39.11151041,-36.39269169960474,-36.39269169960474,-40.4,D_vs_R,,0.0,0.0,9.992007221626415e-16,0.0,False,True,2.6551017015591416e-06,2.6551052263984145e-06,7.049565045622249e-12,False,True,-2.655105225399214e-06,-7.049565045622249e-12,0.5,0.49999734489829845,2.655101701554141e-06,99%+,0–1%,False,False,False,39.11151041,False
2020,ID-2,ID,2,-32.3300105,-22.65235,-22.65235,-26.8,D_vs_R,,0.0,0.0,9.992007221626415e-16,0.0,False,True,0.0023024491330356,0.0023051038447158938,5.301272010216387e-06,False,True,-0.0023051038447148946,-5.301272010216387e-06,0.5,0.4976975508669644,0.0023024491330356223,99%+,0–1%,False,False,False,32.3300105,False
2020,IL-1,IL,1,47.64842844,57.77606818181818,57.77606818181818,51.9,D_vs_R,,1.0,1.0,9.992007221626415e-16,0.0,True,True,0.9999999999997528,2.472466675840529e-13,6.113091463140405e-26,True,True,-2.4624746686189027e-13,-6.113091463140405e-26,0.5,0.49999999999975275,2.4724666758402236e-13,99%+,99–100%,False,False,False,47.64842844,False
2020,IL-10,IL,10,27.75866748,33.2538,33.2538,27.299999999999997,D_vs_R,,1.0,1.0,9.992007221626415e-16,0.0,True,True,0.9999840540463218,1.594608081622457e-05,2.5427343870582213e-10,True,True,-1.594608081522537e-05,-2.5427343870582213e-10,0.5,0.49998405404632185,1.5945953678153657e-05,99%+,99–100%,False,False,False,27.75866748,False
2020,IL-11,IL,11,26.59600426,27.780099999999997,27.780099999999997,21.4,D_vs_R,,1.0,1.0,9.992007221626415e-16,0.0,True,True,0.9997444268862272,0.00025560577814656205,6.531761648351329e-08,True,True,-0.00025560577814556285,-6.531761648351329e-08,0.5,0.4997444268862272,0.0002555731137727779,99%+,99–100%,False,False,False,26.59600426,False
2020,IL-12,IL,12,-20.8618679,-13.134550000000004,-13.134550000000004,-16.900000000000002,D_vs_R,,0.0,0.0185,0.018673265265621256,0.00034224999999999994,False,True,0.0501995200712141,0.05150333757266975,0.0025199918153802274,False,True,-0.03283007230704849,-0.0021777418153802273,0.4815,0.4498004799287859,0.03169952007121407,95–99%,1–5%,False,False,False,20.8618679,False
2020,IL-13,IL,13,-8.925863534,-2.4982499999999996,-2.4982499999999996,-7.6,D_vs_R,,0.0,0.341,0.41703174447962976,0.11628100000000002,False,True,0.3773336542293417,0.4737444642192068,0.14238068661406839,False,True,-0.05671271973957703,-0.026099686614068363,0.15899999999999997,0.12266634577065832,0.03633365422934165,65–80%,20–35%,False,False,False,8.925863534,False
2020,IL-14,IL,14,1.339975863,1.575608695652174,1.575608695652174,-6.0,D_vs_R,,1.0,0.58,0.5447271754416722,0.17640000000000003,True,True,0.5781188830327976,0.5479757514714493,0.17798367685349434,True,True,-0.0032485760297771282,-0.001583676853494309,0.07999999999999996,0.07811888303279757,0.0018811169672023897,50–65%,50–65%,False,False,False,1.339975863,True
2020,IL-15,IL,15,-46.89210989,-42.405750000000005,-42.405750000000005,-48.3,D_vs_R,,0.0,0.0,9.992007221626415e-16,0.0,False,True,5.65589233943469e-08,5.655892503304767e-08,3.1989118155276006e-15,False,True,-5.6558924033846946e-08,-3.1989118155276006e-15,0.5,0.4999999434410766,5.655892337808055e-08,99%+,0–1%,False,False,False,46.89210989,False
2020,IL-16,IL,16,-29.43171703,-17.47256034482759,-17.47256034482759,-19.3,D_vs_R,,0.0,0.0015,0.0015011261262670914,2.25e-06,False,True,0.0144247159491687,0.014529763576132082,0.00020807243021420186,False,True,-0.013028637449864992,-0.00020582243021420186,0.4985,0.4855752840508313,0.012924715949168719,99%+,0–1%,False,False,False,29.43171703,False
2020,IL-17,IL,17,4.050751096,4.300272727272727,4.300272727272727,-2.8,D_vs_R,,1.0,0.7475,0.29102097371729546,0.06375624999999997,True,True,0.7046753498769311,0.35001807885946906,0.08721664897031303,True,True,-0.0589971051421736,-0.02346039897031306,0.24750000000000005,0.20467534987693115,0.04282465012306891,65–80%,65–80%,False,False,False,4.050751096,True
2020,IL-18,IL,18,-40.8199979,-25.392000000000003,-25.392000000000003,-29.4,D_vs_R,,0.0,0.0,9.992007221626415e-16,0.0,False,True,0.0007462621975077,0.0007465407897519743,5.569072674290215e-07,False,True,-0.0007465407897509751,-5.569072674290215e-07,0.5,0.4992537378024923,0.0007462621975076744,99%+,0–1%,False,False,False,40.8199979,False
2020,IL-2,IL,2,57.6282219,63.808,63.808,56.8,D_vs_R,,1.0,1.0,9.992007221626415e-16,0.0,True,True,0.9999999999999992,9.992007221626415e-16,6.039716305598372e-31,True,True,0.0,-6.039716305598372e-31,0.5,0.4999999999999992,7.771561172376096e-16,99%+,99–100%,False,False,False,57.6282219,False
2020,IL-3,IL,3,12.75745646,18.50038636363637,18.50038636363637,13.2,D_vs_R,,1.0,0.999,0.0010005003335835344,1.0000000000000019e-06,True,True,0.989668949153502,0.010384786570350253,0.00010673061159292686,True,True,-0.00938428623676672,-0.00010573061159292686,0.499,0.489668949153502,0.00933105084649799,99%+,99–100%,False,False,False,12.75745646,False
2020,IL-4,IL,4,68.10767856,75.7505,75.7505,66.80000000000001,D_vs_R,,1.0,1.0,9.992007221626415e-16,0.0,True,True,1.0,9.992007221626415e-16,0.0,True,True,0.0,0.0,0.5,0.5,0.0,99%+,99–100%,False,False,False,68.10767856,False
2020,IL-5,IL,5,44.13888743,50.78956666666667,50.78956666666667,44.5,D_vs_R,,1.0,1.0,9.992007221626415e-16,0.0,True,True,0.9999999998943964,1.0560363695180372e-10,1.1152128136270658e-20,True,True,-1.0560263775108155e-10,-1.1152128136270658e-20,0.5,0.49999999989439636,1.0560363694622765e-10,99%+,99–100%,False,False,False,44.13888743,False
2020,IL-6,IL,6,7.3838719,11.134195652173917,11.134195652173917,4.9,D_vs_R,,1.0,0.9655,0.035109177113567896,0.0011902499999999984,True,True,0.9181462206889291,0.0853986192494259,0.006700041187505491,True,True,-0.05028944213585801,-0.005509791187505492,0.4655,0.41814622068892915,0.047353779311070876,95–99%,95–99%,False,False,False,7.3838719,False
2020,IL-7,IL,7,67.06682402,82.688,82.688,76.10000000000001,D_vs_R,,1.0,1.0,9.992007221626415e-16,0.0,True,True,1.0,9.992007221626415e-16,0.0,True,True,0.0,0.0,0.5,0.5,0.0,99%+,99–100%,False,False,False,67.06682402,False
2020,IL-9,IL,9,41.96440664,47.981750000000005,47.981750000000005,43.1,D_vs_R,,1.0,1.0,9.992007221626415e-16,0.0,True,True,0.9999999990239872,9.760128265912253e-10,9.526010367408424e-19,True,True,-9.760118273905032e-10,-9.526010367408424e-19,0.5,0.4999999990239872,9.760128261149248e-10,99%+,99–100%,False,False,False,41.96440664,False
2020,IN-1,IN,1,16.19003634,16.870408536585366,16.870408536585366,10.5,D_vs_R,,1.0,0.997,0.0030045090202987243,9.000000000000015e-06,True,True,0.98258022218383,0.017573287494298977,0.0003034486591647281,True,True,-0.014568778474000253,-0.0002944486591647281,0.497,0.48258022218383,0.014419777816169987,99%+,99–100%,False,False,False,16.19003634,False
2020,IN-2,IN,2,-22.98772809,-20.16984090909091,-20.16984090909091,-25.3,D_vs_R,,0.0,0.0,9.992007221626415e-16,0.0,False,True,0.0058191686048612,0.005836165938797838,3.386272325180224e-05,False,True,-0.005836165938796839,-3.386272325180224e-05,0.5,0.4941808313951388,0.005819168604861202,99%+,0–1%,False,False,False,22.98772809,False
2020,IN-3,IN,3,-35.67970628,-33.977,-33.977,-37.1,D_vs_R,,0.0,0.0,9.992007221626415e-16,0.0,False,True,1.068951177177642e-05,1.0689568904982375e-05,1.1426566191894665e-10,False,True,-1.0689568903983175e-05,-1.1426566191894665e-10,0.5,0.4999893104882282,1.0689511771799776e-05,99%+,0–1%,False,False,False,35.67970628,False
2020,IN-4,IN,4,-33.24727117,-32.45621195652175,-32.45621195652175,-36.2,D_vs_R,,0.0,0.0,9.992007221626415e-16,0.0,False,True,2.4562319211632794e-05,2.4562620870365014e-05,6.033075250541454e-10,False,True,-2.4562620869365814e-05,-6.033075250541454e-10,0.5,0.4999754376807884,2.4562319211607342e-05,99%+,0–1%,False,False,False,33.24727117,False
2020,IN-5,IN,5,-4.080956019,-8.342060975609755,-8.342060975609755,-13.9,D_vs_R,,0.0,0.0885,0.09266368486341935,0.007832249999999999,False,True,0.1483680140464403,0.16060078683542747,0.0220130675920847,False,True,-0.06793710197200813,-0.014180817592084703,0.4115,0.3516319859535597,0.059868014046440265,90–95%,5–10%,False,False,False,4.080956019,True
2020,IN-6,IN,6,-40.89295671,-38.050749999999994,-38.050749999999994,-42.4,D_vs_R,,0.0,0.0,9.992007221626415e-16,0.0,False,True,9.701718336378957e-07,9.701723042644464e-07,9.412333867843167e-13,False,True,-9.701723032652457e-07,-9.412333867843167e-13,0.5,0.49999902982816635,9.701718336474485e-07,99%+,0–1%,False,False,False,40.89295671,False
2020,IN-7,IN,7,24.87047366,26.903625,26.903625,20.7,D_vs_R,,1.0,1.0,9.992007221626415e-16,0.0,True,True,0.9996175773853966,0.00038249575677957304,1.4624705616011368e-07,True,True,-0.00038249575677857384,-1.4624705616011368e-07,0.5,0.4996175773853966,0.0003824226146034171,99%+,99–100%,False,False,False,24.87047366,False
2020,IN-8,IN,8,-37.1009647,-32.842000000000006,-32.842000000000006,-35.800000000000004,D_vs_R,,0.0,0.0,9.992007221626415e-16,0.0,False,True,1.99542287610617e-05,1.9954427849381025e-05,3.98171245448782e-10,False,True,-1.9954427848381824e-05,-3.98171245448782e-10,0.5,0.49998004577123895,1.995422876105435e-05,99%+,0–1%,False,False,False,37.1009647,False
2020,IN-9,IN,9,-27.71043734,-24.76609090909091,-24.76609090909091,-29.0,D_vs_R,,0.0,0.0,9.992007221626415e-16,0.0,False,True,0.0009746769254805,0.0009751522319069125,9.499951090641202e-07,False,True,-0.0009751522319059133,-9.499951090641202e-07,0.5,0.4990253230745195,0.0009746769254804777,99%+,0–1%,False,False,False,27.71043734,False
2020,KS-1,KS,1,-42.31944283,-41.592,-41.592,-47.1,D_vs_R,,0.0,0.0,9.992007221626415e-16,0.0,False,True,9.831582379951593e-08,9.831582864847669e-08,9.666001209377463e-15,False,True,-9.831582764927597e-08,-9.666001209377463e-15,0.5,0.4999999016841762,9.831582381547577e-08,99%+,0–1%,False,False,False,42.31944283,False
2020,KS-2,KS,2,-14.51436897,-14.992,-14.992,-20.5,D_vs_R,,0.0,0.0075,0.0075282664207915245,5.625e-05,False,True,0.0303785196977288,0.030849510135383413,0.0009228544590252968,False,True,-0.023321243714591888,-0.0008666044590252968,0.4925,0.4696214803022712,0.022878519697728805,99%+,0–1%,False,False,False,14.51436897,False
2020,KS-3,KS,3,10.05706377,6.108,6.108,-0.9000000000000001,D_vs_R,,1.0,0.836,0.17912666589743548,0.02689600000000001,True,True,0.7775702881234526,0.2515812362836997,0.04947497672548388,True,True,-0.07245457038626424,-0.022578976725483868,0.33599999999999997,0.27757028812345264,0.05842971187654733,80–90%,80–90%,False,False,False,10.05706377,False
2020,KS-4,KS,4,-27.30492681,-25.292,-25.292,-29.3,D_vs_R,,0.0,0.0,9.992007221626415e-16,0.0,False,True,0.0007790878401948,0.0007793914868479821,6.069778627393983e-07,False,True,-0.0007793914868469829,-6.069778627393983e-07,0.5,0.4992209121598052,0.0007790878401948143,99%+,0–1%,False,False,False,27.30492681,False
2020,KY-1,KY,1,-49.98569124,-46.398607142857145,-46.398607142857145,-50.6,D_vs_R,,0.0,0.0,9.992007221626415e-16,0.0,False,True,3.242905238234309e-09,3.2429052829032534e-09,1.0516434384167521e-17,False,True,-3.2429042837025312e-09,-1.0516434384167521e-17,0.5,0.4999999967570948,3.242905222133885e-09,99%+,0–1%,False,False,False,49.98569124,False
2020,KY-2,KY,2,-44.69823723,-38.46561702127659,-38.46561702127659,-42.0,D_vs_R,,0.0,0.0,9.992007221626415e-16,0.0,False,True,7.492578059147172e-07,7.492580866036121e-07,5.613872597241361e-13,False,True,-7.492580856044113e-07,-5.613872597241361e-13,0.5,0.4999992507421941,7.49257805909842e-07,99%+,0–1%,False,False,False,44.69823723,False
2020,KY-3,KY,3,25.33218146,20.778227272727275,20.778227272727275,12.9,D_vs_R,,1.0,0.9995,0.0005001250416822429,2.4999999999994493e-07,True,True,0.9953255374223678,0.0046854220442418965,2.1850600389683447e-05,True,True,-0.004185297002559653,-2.1600600389683502e-05,0.49950000000000006,0.49532553742236785,0.00417446257763221,99%+,99–100%,False,False,False,25.33218146,False
2020,KY-4,KY,4,-34.173575,-33.992,-33.992,-38.0,D_vs_R,,0.0,0.0,9.992007221626415e-16,0.0,False,True,1.0600327440569952e-05,1.0600383624469878e-05,1.123669418473003e-10,False,True,-1.0600383623470677e-05,-1.123669418473003e-10,0.5,0.49998939967255945,1.0600327440546398e-05,99%+,0–1%,False,False,False,34.173575,False
2020,KY-5,KY,5,-68.41561231,-60.28630555555556,-60.28630555555556,-64.2,D_vs_R,,0.0,0.0,9.992007221626415e-16,0.0,False,True,2.3345409559820483e-14,2.331468351712856e-14,5.450081475157576e-28,False,True,-2.2315482794965918e-14,-5.450081475157576e-28,0.5,0.49999999999997663,2.3370194668359545e-14,99%+,0–1%,False,False,False,68.41561231,False
2020,KY-6,KY,6,-16.36596644,-13.392000000000005,-13.392000000000005,-17.400000000000002,D_vs_R,,0.0,0.0125,0.012578782206860073,0.00015625000000000003,False,True,0.0469548510242591,0.04809300081975648,0.002204758034710366,False,True,-0.03551421861289641,-0.0020485080347103658,0.4875,0.4530451489757409,0.0344548510242591,95–99%,1–5%,False,False,False,16.36596644,False
2020,LA-1,LA,1,-46.90559314,-40.092,-40.092,-44.1,D_vs_R,,0.0,0.0,9.992007221626415e-16,0.0,False,True,2.653493707208274e-07,2.653494059034817e-07,7.041028854193908e-14,False,True,-2.65349404904281e-07,-7.041028854193908e-14,0.5,0.4999997346506293,2.653493706983312e-07,99%+,0–1%,False,False,False,46.90559314,False
2020,LA-2,LA,2,48.6024443,57.308,57.308,50.3,D_vs_R,,1.0,1.0,9.992007221626415e-16,0.0,True,True,0.9999999999996204,3.7958525211941307e-13,1.4408496362650369e-25,True,True,-3.7858605139725043e-13,-1.4408496362650369e-25,0.5,0.4999999999996204,3.79585252119341e-13,99%+,99–100%,False,False,False,48.6024443,False
2020,LA-3,LA,3,-49.872986,-36.192,-36.192,-40.2,D_vs_R,,0.0,0.0,9.992007221626415e-16,0.0,False,True,2.990775177122219e-06,2.9907796494466904e-06,8.944736160090441e-12,False,True,-2.9907796484474897e-06,-8.944736160090441e-12,0.5,0.4999970092248229,2.9907751771252045e-06,99%+,0–1%,False,False,False,49.872986,False
2020,LA-4,LA,4,-34.93662298,-22.092,-22.092,-26.1,D_vs_R,,0.0,0.0005,0.0005001250416822429,2.5e-07,False,True,0.002860517348012,0.0028646164466558633,8.182559498277607e-06,False,True,-0.0023644914049736204,-7.932559498277608e-06,0.4995,0.497139482651988,0.0023605173480120145,99%+,0–1%,False,False,False,34.93662298,False
2020,LA-5,LA,5,-22.60934519,-25.992,-25.992,-31.5,D_vs_R,,0.0,0.0,9.992007221626415e-16,0.0,False,True,0.0005746282068423,0.0005747933689045536,3.301975760987971e-07,False,True,-0.0005747933689035544,-3.301975760987971e-07,0.5,0.4994253717931577,0.000574628206842287,99%+,0–1%,False,False,False,22.60934519,False
2020,LA-6,LA,6,-45.49914972,-31.892,-31.892,-35.9,D_vs_R,,0.0,0.0,9.992007221626415e-16,0.0,False,True,3.3151162706953686e-05,3.3151712218907137e-05,1.0989995888229169e-09,False,True,-3.3151712217907936e-05,-1.0989995888229169e-09,0.5,0.49996684883729303,3.315116270696805e-05,99%+,0–1%,False,False,False,45.49914972,False
2020,MA-2,MA,2,29.84998122,24.307999999999996,24.307999999999996,17.299999999999997,D_vs_R,,1.0,1.0,9.992007221626415e-16,0.0,True,True,0.998819236494126,0.001181461156329977,1.3942024568039505e-06,True,True,-0.0011814611563289777,-1.3942024568039505e-06,0.5,0.49881923649412596,0.0011807635058740384,99%+,99–100%,False,False,False,29.84998122,False
2020,MA-4,MA,4,20.85641367,27.607999999999997,27.607999999999997,22.1,D_vs_R,,1.0,1.0,9.992007221626415e-16,0.0,True,True,0.9997231334172578,0.00027690491737037586,7.66551046393294e-08,True,True,-0.00027690491736937666,-7.66551046393294e-08,0.5,0.4997231334172578,0.00027686658274217457,99%+,99–100%,False,False,False,20.85641367,False
2020,MA-5,MA,5,46.70767906,48.508,48.508,41.5,D_vs_R,,1.0,1.0,9.992007221626415e-16,0.0,True,True,0.9999999993507204,6.492796302713439e-10,4.215640380115801e-19,True,True,-6.492786310706218e-10,-4.215640380115801e-19,0.5,0.49999999935072037,6.492796300605619e-10,99%+,99–100%,False,False,False,46.70767906,False
2020,MA-6,MA,6,29.98006956,22.808,22.808,15.8,D_vs_R,,1.0,0.9995,0.0005001250416822429,2.4999999999994493e-07,True,True,0.997833996822194,0.0021683523555197522,4.691569766265775e-06,True,True,-0.0016682273138375094,-4.44156976626583e-06,0.49950000000000006,0.497833996822194,0.0016660031778060747,99%+,99–100%,False,False,False,29.98006956,False
2020,MA-9,MA,9,23.97480408,15.608,15.608,8.6,D_vs_R,,1.0,0.995,0.005012541823544286,2.5000000000000045e-05,True,True,0.9745493655006736,0.025780104056732613,0.0006477347964183025,True,True,-0.020767562233188326,-0.0006227347964183024,0.495,0.4745493655006736,0.02045063449932638,99%+,99–100%,False,False,False,23.97480408,False
2020,MD-1,MD,1,-27.05878784,-26.37807142857143,-26.37807142857143,-30.700000000000003,D_vs_R,,0.0,0.0,9.992007221626415e-16,0.0,False,True,0.0004843294537661,0.0004844467791602706,2.3457501978536877e-07,False,True,-0.0004844467791592714,-2.3457501978536877e-07,0.5,0.4995156705462339,0.0004843294537660858,99%+,0–1%,False,False,False,27.05878784,False
2020,MD-2,MD,2,35.68425364,28.818,28.818,22.299999999999997,D_vs_R,,1.0,1.0,9.992007221626415e-16,0.0,True,True,0.9998437256611048,0.00015628655100200924,2.4421668997132283e-08,True,True,-0.00015628655100101004,-2.4421668997132283e-08,0.5,0.4998437256611048,0.00015627433889520148,99%+,99–100%,False,False,False,35.68425364,False
2020,MD-3,MD,3,39.7209584,35.06675,35.06675,28.4,D_vs_R,,1.0,1.0,9.992007221626415e-16,0.0,True,True,0.9999942349715726,5.765045045258248e-06,3.32355527689376e-11,True,True,-5.7650450442590474e-06,-3.32355527689376e-11,0.5,0.4999942349715726,5.765028427417995e-06,99%+,99–100%,False,False,False,39.7209584,False
2020,MD-4,MD,4,59.35988311,62.26517171717172,62.26517171717172,55.4,D_vs_R,,1.0,1.0,9.992007221626415e-16,0.0,True,True,0.9999999999999966,3.441691376337991e-15,1.1845239529959255e-29,True,True,-2.44249065417535e-15,-1.1845239529959255e-29,0.5,0.49999999999999656,3.4416913763379853e-15,99%+,99–100%,False,False,False,59.35988311,False
2020,MD-5,MD,5,37.78090909,36.1205,36.1205,29.9,D_vs_R,,1.0,1.0,9.992007221626415e-16,0.0,True,True,0.9999968801036936,3.119901173300454e-06,9.733752962774782e-12,True,True,-3.119901172301253e-06,-9.733752962774782e-12,0.5,0.4999968801036936,3.1198963064138496e-06,99%+,99–100%,False,False,False,37.78090909,False
2020,MD-6,MD,6,19.63273059,20.218,20.218,13.0,D_vs_R,,1.0,0.9995,0.0005001250416822429,2.4999999999994493e-07,True,True,0.994279758917371,0.005736664321520882,3.272115804339693e-05,True,True,-0.0052365392798386385,-3.247115804339699e-05,0.49950000000000006,0.49427975891737097,0.005220241082629085,99%+,99–100%,False,False,False,19.63273059,False
2020,MD-7,MD,7,43.5830428,61.27402272727273,61.27402272727273,53.5,D_vs_R,,1.0,1.0,9.992007221626415e-16,0.0,True,True,0.999999999999991,8.992806499463809e-15,8.087056873679779e-29,True,True,-7.993605777301168e-15,-8.087056873679779e-29,0.5,0.499999999999991,8.992806499463768e-15,99%+,99–100%,False,False,False,43.5830428,False
2020,MD-8,MD,8,36.65024068,37.378,37.378,32.3,D_vs_R,,1.0,1.0,9.992007221626415e-16,0.0,True,True,0.9999985330228064,1.4669782696214267e-06,2.1520220865699093e-12,True,True,-1.466978268622226e-06,-2.1520220865699093e-12,0.5,0.4999985330228064,1.4669771936093312e-06,99%+,99–100%,False,False,False,36.65024068,False
2020,ME-1,ME,1,23.6608249,19.5386,19.5386,12.7,D_vs_R,,1.0,0.999,0.0010005003335835344,1.0000000000000019e-06,True,True,0.9927366102646592,0.007289896581593402,5.2756830447454057e-05,True,True,-0.006289396248009867,-5.175683044745405e-05,0.499,0.4927366102646592,0.006263389735340796,99%+,99–100%,False,False,False,23.6608249,False
2020,ME-2,ME,2,5.980690148,-5.392,-5.392,-12.4,D_vs_R,,1.0,0.2,1.6094379124341003,0.6400000000000001,False,False,0.2500116877507835,1.3862476112095508,0.5624824685104284,False,False,0.22319030122454953,0.07751753148957174,0.3,0.24998831224921653,0.05001168775078346,80–90%,20–35%,False,False,False,5.980690148,False
2020,MI-1,MI,1,-24.80737304,-19.392000000000003,-19.392000000000003,-23.4,D_vs_R,,0.0,0.0005,0.0005001250416822429,2.5e-07,False,True,0.0076409400561778,0.007670281598855285,5.8383964942102404e-05,False,True,-0.0071701565571730425,-5.8133964942102405e-05,0.4995,0.4923590599438222,0.007140940056177825,99%+,0–1%,False,False,False,24.80737304,False
2020,MI-10,MI,10,-32.56040958,-28.792000000000005,-28.792000000000005,-34.300000000000004,D_vs_R,,0.0,0.0,9.992007221626415e-16,0.0,False,True,0.0001582426635822,0.00015825518527350324,2.5040740577589324e-08,False,True,-0.00015825518527250404,-2.5040740577589324e-08,0.5,0.4998417573364178,0.00015824266358221983,99%+,0–1%,False,False,False,32.56040958,False
2020,MI-11,MI,11,2.380386838,0.508,0.508,-6.5,D_vs_R,,1.0,0.5195,0.6548884684428551,0.23088025000000004,True,True,0.5253328113402542,0.643723290874564,0.2253089399901467,True,True,0.011165177568291051,0.005571310009853336,0.019499999999999962,0.025332811340254224,-0.0058328113402542625,50–65%,50–65%,False,False,False,2.380386838,True
2020,MI-12,MI,12,35.75554357,31.208,31.208,24.2,D_vs_R,,1.0,1.0,9.992007221626415e-16,0.0,True,True,0.9999526180716084,4.738305095062736e-05,2.2450471381065988e-09,True,True,-4.738305094962816e-05,-2.2450471381065988e-09,0.5,0.4999526180716084,4.7381928391598827e-05,99%+,99–100%,False,False,False,35.75554357,False
2020,MI-13,MI,13,59.42739213,65.608,65.608,58.6,D_vs_R,,1.0,1.0,9.992007221626415e-16,0.0,True,True,1.0,9.992007221626415e-16,0.0,True,True,0.0,0.0,0.5,0.5,0.0,99%+,99–100%,False,False,False,59.42739213,False
2020,MI-14,MI,14,60.97112792,65.80799999999999,65.80799999999999,58.8,D_vs_R,,1.0,1.0,9.992007221626415e-16,0.0,True,True,1.0,9.992007221626415e-16,0.0,True,True,0.0,0.0,0.5,0.5,0.0,99%+,99–100%,False,False,False,60.97112792,False
2020,MI-2,MI,2,-20.97696945,-15.692000000000004,-15.692000000000004,-19.700000000000003,D_vs_R,,0.0,0.006,0.006018072325563021,3.6e-05,False,True,0.0248336480615397,0.025147205164998614,0.0006167100760444145,False,True,-0.019129132839435594,-0.0005807100760444145,0.494,0.4751663519384603,0.0188336480615397,99%+,0–1%,False,False,False,20.97696945,False
2020,MI-3,MI,3,-5.919403895,-5.992,-5.992,-11.5,D_vs_R,,0.0,0.1615,0.17614069771887347,0.02608225,False,True,0.2267769324077955,0.2571876981661804,0.05142777707228985,False,True,-0.08104700044730695,-0.025345527072289847,0.3385,0.2732230675922045,0.06527693240779553,80–90%,10–20%,False,False,False,5.919403895,False
2020,MI-4,MI,4,-32.63781163,-22.892000000000003,-22.892000000000003,-26.9,D_vs_R,,0.0,0.0,9.992007221626415e-16,0.0,False,True,0.0020954525809004,0.0020976511134772006,4.390921518802148e-06,False,True,-0.0020976511134762014,-4.390921518802148e-06,0.5,0.4979045474190996,0.002095452580900381,99%+,0–1%,False,False,False,32.63781163,False
2020,MI-5,MI,5,12.69333466,9.108,9.108,2.1,D_vs_R,,1.0,0.927,0.07580171341628185,0.0053289999999999935,True,True,0.8727037091740764,0.13615917459378815,0.016204345658038133,True,True,-0.0603574611775063,-0.01087534565803814,0.42700000000000005,0.37270370917407636,0.05429629082592369,90–95%,90–95%,False,False,False,12.69333466,False
2020,MI-6,MI,6,-15.67655285,-6.492,-6.492,-10.5,D_vs_R,,0.0,0.148,0.16016875215282134,0.021903999999999996,False,True,0.2083827964286632,0.23367733283280692,0.04342338984742969,False,True,-0.07350858067998559,-0.021519389847429692,0.352,0.2916172035713368,0.06038279642866318,80–90%,10–20%,False,False,False,15.67655285,False
2020,MI-7,MI,7,-17.50239499,-15.092000000000002,-15.092000000000002,-19.1,D_vs_R,,0.0,0.0075,0.0075282664207915245,5.625e-05,False,True,0.0295285616573705,0.029973306643717355,0.0008719359535531312,False,True,-0.02244504022292583,-0.0008156859535531312,0.4925,0.4704714383426295,0.022028561657370493,99%+,0–1%,False,False,False,17.50239499,False
2020,MI-8,MI,8,3.594540836,-1.7920000000000007,-1.7920000000000007,-8.8,D_vs_R,,1.0,0.3725,0.9875182411625228,0.3937562499999999,False,False,0.4113200829196376,0.8883835770271832,0.34654404477374234,False,False,0.09913466413533967,0.047212205226257575,0.1275,0.08867991708036238,0.03882008291963762,50–65%,35–50%,False,False,False,3.594540836,True
2020,MI-9,MI,9,19.29810056,12.707999999999998,12.707999999999998,5.699999999999999,D_vs_R,,1.0,0.9785,0.021734492146006094,0.0004622499999999984,True,True,0.9440338443878856,0.057593261373496706,0.0031322105739994017,True,True,-0.03585876922749061,-0.0026699605739994034,0.47850000000000004,0.4440338443878856,0.03446615561211441,95–99%,95–99%,False,False,False,19.29810056,False
2020,MN-1,MN,1,-3.07545492,-12.992,-12.992,-17.0,D_vs_R,,0.0,0.0155,0.01562138090295678,0.00024024999999999999,False,True,0.052071539205085,0.053476242871116235,0.002711445195186704,False,True,-0.03785486196815946,-0.002471195195186704,0.4845,0.447928460794915,0.03657153920508499,95–99%,1–5%,False,False,False,3.07545492,True
2020,MN-2,MN,2,2.25670888,3.708,3.708,-3.3,D_vs_R,,1.0,0.737,0.3051673867928005,0.06916900000000001,True,True,0.6786085988474344,0.3877107552601315,0.10329243273480934,True,True,-0.08254336846733101,-0.034123432734809334,0.237,0.1786085988474344,0.05839140115256558,65–80%,65–80%,False,False,False,2.25670888,True
2020,MN-3,MN,3,11.28058196,14.308,14.308,7.300000000000001,D_vs_R,,1.0,0.9875,0.012578782206860073,0.0001562499999999989,True,True,0.9632490834956372,0.037443246947241805,0.0013506298639106458,True,True,-0.02486446474038173,-0.001194379863910647,0.48750000000000004,0.4632490834956372,0.02425091650436284,95–99%,95–99%,False,False,False,11.28058196,False
2020,MN-4,MN,4,34.20154505,35.808,35.808,28.799999999999997,D_vs_R,,1.0,1.0,9.992007221626415e-16,0.0,True,True,0.9999962504665778,3.749540451710655e-06,1.405900088413966e-11,True,True,-3.749540450711454e-06,-1.405900088413966e-11,0.5,0.4999962504665778,3.7495334221926413e-06,99%+,99–100%,False,False,False,34.20154505,False
2020,MN-5,MN,5,38.43165616,60.108,60.108,53.1,D_vs_R,,1.0,1.0,9.992007221626415e-16,0.0,True,True,0.9999999999999724,2.764455331316678e-14,7.642213278844993e-28,True,True,-2.664535259100414e-14,-7.642213278844993e-28,0.5,0.49999999999997236,2.7644553313166398e-14,99%+,99–100%,False,False,False,38.43165616,False
2020,MN-6,MN,6,-31.5415455,-23.792,-23.792,-27.8,D_vs_R,,0.0,0.0,9.992007221626415e-16,0.0,False,True,0.0014601804178821,0.001461247520209592,2.132126852766344e-06,False,True,-0.0014612475202085927,-2.132126852766344e-06,0.5,0.4985398195821179,0.0014601804178820954,99%+,0–1%,False,False,False,31.5415455,False
2020,MN-7,MN,7,-13.54308526,-25.892,-25.892,-32.9,D_vs_R,,0.0,0.0,9.992007221626415e-16,0.0,False,True,0.0006004313460509,0.000600611677139488,3.605178013204956e-07,False,True,-0.0006006116771384888,-3.605178013204956e-07,0.5,0.4993995686539491,0.0006004313460509225,99%+,0–1%,False,False,False,13.54308526,False
2020,MN-8,MN,8,-19.19656804,-13.692,-13.692,-17.7,D_vs_R,,0.0,0.0145,0.014606152389362114,0.00021025000000000001,False,True,0.0433884526127566,0.04435787652796636,0.0018825578201294253,False,True,-0.029751724138604246,-0.0016723078201294254,0.4855,0.4566115473872434,0.028888452612756577,95–99%,1–5%,False,False,False,19.19656804,False
2020,MO-1,MO,1,59.82427231,61.608,61.608,56.1,D_vs_R,,1.0,1.0,9.992007221626415e-16,0.0,True,True,0.9999999999999936,6.4392935428259284e-15,4.1464501330679433e-29,True,True,-5.440092820663287e-15,-4.1464501330679433e-29,0.5,0.49999999999999356,6.439293542825908e-15,99%+,99–100%,False,False,False,59.82427231,False
2020,MO-2,MO,2,-6.36856067,-8.392,-8.392,-12.4,D_vs_R,,0.0,0.0845,0.08828491486757167,0.007140250000000001,False,True,0.1469268833214042,0.15891001807298966,0.02158750904254152,False,True,-0.07062510320541798,-0.01444725904254152,0.4155,0.3530731166785958,0.06242688332140417,90–95%,5–10%,False,False,False,6.36856067,False
2020,MO-3,MO,3,-40.94066989,-37.092,-37.092,-41.1,D_vs_R,,0.0,0.0,9.992007221626415e-16,0.0,False,True,1.7452856218116652e-06,1.745287144814152e-06,3.0460219017025306e-12,False,True,-1.7452871438149512e-06,-3.0460219017025306e-12,0.5,0.4999982547143782,1.745285621801429e-06,99%+,0–1%,False,False,False,40.94066989,False
2020,MO-4,MO,4,-37.92677684,-34.092,-34.092,-38.1,D_vs_R,,0.0,0.0,9.992007221626415e-16,0.0,False,True,1.002362025646407e-05,1.0023670493300184e-05,1.0047296304579682e-10,False,True,-1.0023670492300983e-05,-1.0047296304579682e-10,0.5,0.4999899763797435,1.0023620256482957e-05,99%+,0–1%,False,False,False,37.92677684,False
2020,MO-5,MO,5,20.21564566,18.408,18.408,11.4,D_vs_R,,1.0,0.999,0.0010005003335835344,1.0000000000000019e-06,True,True,0.9893478115706592,0.010709329133136856,0.00011346911833418184,True,True,-0.009708828799553322,-0.00011246911833418185,0.499,0.4893478115706592,0.009652188429340791,99%+,99–100%,False,False,False,20.21564566,False
2020,MO-6,MO,6,-36.23395778,-29.492,-29.492,-33.5,D_vs_R,,0.0,0.0,9.992007221626415e-16,0.0,False,True,0.0001125785363346,0.0001125848737736835,1.2673926843240853e-08,False,True,-0.0001125848737726843,-1.2673926843240853e-08,0.5,0.4998874214636654,0.00011257853633461767,99%+,0–1%,False,False,False,36.23395778,False
2020,MO-7,MO,7,-42.3000788,-43.792,-43.792,-47.8,D_vs_R,,0.0,0.0,9.992007221626415e-16,0.0,False,True,2.154706422491381e-08,2.154706447609213e-08,4.642759767125607e-16,False,True,-2.154706347689141e-08,-4.642759767125607e-16,0.5,0.49999997845293576,2.154706424395414e-08,99%+,0–1%,False,False,False,42.3000788,False
2020,MO-8,MO,8,-55.49229921,-52.492,-52.492,-56.5,D_vs_R,,0.0,0.0,9.992007221626415e-16,0.0,False,True,2.585806738565994e-11,2.5858093444576378e-11,6.686396489213303e-22,False,True,-2.5857094243854216e-11,-6.686396489213303e-22,0.5,0.4999999999741419,2.585809344424206e-11,99%+,0–1%,False,False,False,55.49229921,False
2020,MS-1,MS,1,-37.49425322,-31.257535714285716,-31.257535714285716,-35.1,D_vs_R,,0.0,0.0,9.992007221626415e-16,0.0,False,True,4.618287304495456e-05,4.618393950663617e-05,2.1328577626863906e-09,False,True,-4.618393950563697e-05,-2.1328577626863906e-09,0.5,0.499953817126955,4.618287304497537e-05,99%+,0–1%,False,False,False,37.49425322,False
2020,MS-2,MS,2,32.03334746,34.39515909090909,34.39515909090909,26.4,D_vs_R,,1.0,1.0,9.992007221626415e-16,0.0,True,True,0.9999915476915294,8.452344191535067e-06,7.144151848174617e-11,True,True,-8.452344190535866e-06,-7.144151848174617e-11,0.5,0.4999915476915294,8.452308470574543e-06,99%+,99–100%,False,False,False,32.03334746,False
2020,MS-3,MS,3,-29.33543174,-23.288634615384616,-23.288634615384616,-26.6,D_vs_R,,0.0,0.0,9.992007221626415e-16,0.0,False,True,0.0017896680624656,0.0017912714316371562,3.2029117738093752e-06,False,True,-0.001791271431636157,-3.2029117738093752e-06,0.5,0.4982103319375344,0.0017896680624656103,99%+,0–1%,False,False,False,29.33543174,False
2020,MT-AL,MT,AL,-12.77270997,-17.192000000000004,-17.192000000000004,-22.700000000000003,D_vs_R,,0.0,0.0035,0.00350613932928759,1.2250000000000001e-05,False,True,0.0157600450926627,0.01588555504492702,0.00024837902132276166,False,True,-0.01237941571563943,-0.00023612902132276166,0.4965,0.4842399549073373,0.012260045092662708,99%+,0–1%,False,False,False,12.77270997,False
2020,NC-1,NC,1,8.353556041,17.621181818181817,17.621181818181817,9.0,D_vs_R,,1.0,0.999,0.0010005003335835344,1.0000000000000019e-06,True,True,0.98624232989094,0.013853183895701296,0.00018927348682972405,True,True,-0.012852683562117762,-0.00018827348682972405,0.499,0.48624232989093996,0.012757670109060038,99%+,99–100%,False,False,False,8.353556041,False
2020,NC-10,NC,10,-37.81519535,-35.959272727272726,-35.959272727272726,-40.4,D_vs_R,,0.0,0.0,9.992007221626415e-16,0.0,False,True,3.4309147378752244e-06,3.4309206234689276e-06,1.177117593856942e-11,False,True,-3.430920622469727e-06,-1.177117593856942e-11,0.5,0.49999656908526213,3.4309147378674965e-06,99%+,0–1%,False,False,False,37.81519535,False
2020,NC-11,NC,11,-12.16097035,-13.363818181818186,-13.363818181818186,-19.4,D_vs_R,,0.0,0.0105,0.010555513939516587,0.00011025000000000001,False,True,0.0473016183389171,0.04845691895764901,0.0022374430974805783,False,True,-0.037901405018132425,-0.002127193097480578,0.4895,0.4526983816610829,0.0368016183389171,95–99%,1–5%,False,False,False,12.16097035,False
2020,NC-13,NC,13,-36.36379876,-33.573249999999994,-33.573249999999994,-38.5,D_vs_R,,0.0,0.0,9.992007221626415e-16,0.0,False,True,1.3376629616681168e-05,1.3376719084553789e-05,1.7893421990187177e-10,False,True,-1.3376719083554588e-05,-1.7893421990187177e-10,0.5,0.4999866233703833,1.3376629616701496e-05,99%+,0–1%,False,False,False,36.36379876,False
2020,NC-2,NC,2,28.13049491,27.803518292682924,27.803518292682924,22.299999999999997,D_vs_R,,1.0,1.0,9.992007221626415e-16,0.0,True,True,0.9997472034102848,0.00025282854815921043,6.390611577164562e-08,True,True,-0.00025282854815821123,-6.390611577164562e-08,0.5,0.4997472034102848,0.0002527965897152207,99%+,99–100%,False,False,False,28.13049491,False
2020,NC-3,NC,3,-26.76802224,-22.73325,-22.73325,-26.6,D_vs_R,,0.0,0.0,9.992007221626415e-16,0.0,False,True,0.0022305882727142,0.0022330797403838985,4.9755240423701185e-06,False,True,-0.0022330797403828993,-4.9755240423701185e-06,0.5,0.4977694117272858,0.002230588272714218,99%+,0–1%,False,False,False,26.76802224,False
2020,NC-4,NC,4,34.65999891,38.471295454545455,38.471295454545455,31.199999999999996,D_vs_R,,1.0,1.0,9.992007221626415e-16,0.0,True,True,0.999999253400856,7.465994226578661e-07,5.57410281750735e-13,True,True,-7.465994216586654e-07,-5.57410281750735e-13,0.5,0.49999925340085605,7.465991439525865e-07,99%+,99–100%,False,False,False,34.65999891,False
2020,NC-5,NC,5,-35.82067469,-32.399899999999995,-32.399899999999995,-39.0,D_vs_R,,0.0,0.0,9.992007221626415e-16,0.0,False,True,2.5313942557154867e-05,2.5314262960365737e-05,6.407956877869363e-10,False,True,-2.5314262959366537e-05,-6.407956877869363e-10,0.5,0.49997468605744283,2.5313942557170233e-05,99%+,0–1%,False,False,False,35.82067469,False
2020,NC-6,NC,6,24.54578279,24.908,24.908,19.4,D_vs_R,,1.0,1.0,9.992007221626415e-16,0.0,True,True,0.999082121091652,0.0009183004171423349,8.425016903902016e-07,True,True,-0.0009183004171413357,-8.425016903902016e-07,0.5,0.49908212109165195,0.0009178789083480465,99%+,99–100%,False,False,False,24.54578279,False
2020,NC-7,NC,7,-20.65376995,-17.992,-17.992,-22.0,D_vs_R,,0.0,0.0015,0.0015011261262670914,2.25e-06,False,True,0.012208248079453,0.012283380859302293,0.00014904132116946785,False,True,-0.010782254733035202,-0.00014679132116946785,0.4985,0.487791751920547,0.010708248079452976,99%+,0–1%,False,False,False,20.65376995,False
2020,NC-8,NC,8,-6.567513237,-6.304749999999999,-6.304749999999999,-11.2,D_vs_R,,0.0,0.1625,0.17733401528291554,0.026406250000000003,False,True,0.2151660753466928,0.2422831445331046,0.046296439980098684,False,True,-0.06494912925018906,-0.019890189980098682,0.3375,0.2848339246533072,0.05266607534669282,80–90%,10–20%,False,False,False,6.567513237,False
2020,NC-9,NC,9,-11.18419099,-4.591999999999999,-4.591999999999999,-12.6,D_vs_R,,0.0,0.2325,0.2646167995207849,0.05405625000000001,False,True,0.282853391942254,0.332474985005947,0.08000604133323837,False,True,-0.06785818548516215,-0.02594979133323836,0.26749999999999996,0.217146608057746,0.05035339194225397,65–80%,20–35%,False,False,False,11.18419099,False
2020,NE-1,NE,1,-21.84868657,-19.65927272727273,-19.65927272727273,-23.4,D_vs_R,,0.0,0.0,9.992007221626415e-16,0.0,False,True,0.0069650545912647,0.006989423805187386,4.851198545929748e-05,False,True,-0.006989423805186387,-4.851198545929748e-05,0.5,0.4930349454087353,0.006965054591264674,99%+,0–1%,False,False,False,21.84868657,False
2020,NE-2,NE,2,-4.559861349,-0.2920000000000007,-0.2920000000000007,-4.300000000000001,D_vs_R,,0.0,0.476,0.6462635946610948,0.22657599999999997,False,True,0.4854320596937831,0.6644276812963424,0.2356442845785486,False,True,-0.0181640866352476,-0.009068284578548635,0.02400000000000002,0.014567940306216887,0.009432059693783135,50–65%,35–50%,False,False,False,4.559861349,True
2020,NE-3,NE,3,-60.83865118,-54.00402127659574,-54.00402127659574,-57.0,D_vs_R,,0.0,0.0,9.992007221626415e-16,0.0,False,True,7.139820988496793e-12,7.13984427138987e-12,5.097704374777933e-23,False,True,-7.138845070667707e-12,-5.097704374777933e-23,0.5,0.49999999999286016,7.139844271364382e-12,99%+,0–1%,False,False,False,60.83865118,False
2020,NH-1,NH,1,5.103316769,3.308,3.308,-3.7,D_vs_R,,1.0,0.708,0.34531118528841737,0.08526400000000002,True,True,0.6604816141563125,0.41478599165804436,0.11527273432590308,True,True,-0.069474806369627,-0.030008734325903064,0.20799999999999996,0.16048161415631246,0.047518385843687505,65–80%,65–80%,False,False,False,5.103316769,False
2020,NH-2,NH,2,10.19638185,7.308,7.308,0.2999999999999998,D_vs_R,,1.0,0.879,0.12897038129696006,0.014641,True,True,0.8196715082062846,0.1988516187337867,0.032518364952596066,True,True,-0.06988123743682664,-0.017877364952596064,0.379,0.31967150820628465,0.059328491793715354,80–90%,80–90%,False,False,False,10.19638185,False
2020,NJ-1,NJ,1,24.96013298,28.976449999999996,28.976449999999996,22.4,D_vs_R,,1.0,1.0,9.992007221626415e-16,0.0,True,True,0.9998552341703256,0.0001447763092584992,2.0957145441310413e-08,True,True,-0.0001447763092575,-2.0957145441310413e-08,0.5,0.4998552341703256,0.0001447658296743759,99%+,99–100%,False,False,False,24.96013298,False
2020,NJ-10,NJ,10,69.38543287,76.11800000000001,76.11800000000001,70.30000000000001,D_vs_R,,1.0,1.0,9.992007221626415e-16,0.0,True,True,1.0,9.992007221626415e-16,0.0,True,True,0.0,0.0,0.5,0.5,0.0,99%+,99–100%,False,False,False,69.38543287,False
2020,NJ-11,NJ,11,6.607340381,4.008,4.008,-3.0,D_vs_R,,1.0,0.7425,0.2977324083052823,0.06630624999999997,True,True,0.6919329109888113,0.368266277502502,0.09490533133182769,True,True,-0.07053386919721971,-0.028599081331827717,0.24250000000000005,0.19193291098881127,0.05056708901118878,65–80%,65–80%,False,False,False,6.607340381,False
2020,NJ-12,NJ,12,33.06333073,38.108,38.108,31.1,D_vs_R,,1.0,1.0,9.992007221626415e-16,0.0,True,True,0.9999990636672416,9.363331967986423e-07,8.767190345257085e-13,True,True,-9.363331957994416e-07,-8.767190345257085e-13,0.5,0.49999906366724156,9.363327584388514e-07,99%+,99–100%,False,False,False,33.06333073,False
2020,NJ-2,NJ,2,-5.756784678,-3.292548780487804,-3.292548780487804,-6.699999999999999,D_vs_R,,0.0,0.313,0.37542098675978763,0.097969,False,True,0.3402264453642918,0.41585860187041246,0.11575403412522144,False,True,-0.040437615110624825,-0.017785034125221436,0.187,0.1597735546357082,0.027226445364291807,65–80%,20–35%,False,False,False,5.756784678,False
2020,NJ-3,NJ,3,7.761915129,-0.9245000000000008,-0.9245000000000008,-8.3,D_vs_R,,1.0,0.4335,0.8358634827615405,0.32092225,False,False,0.4539688645415985,0.7897266635973748,0.2981500008899913,False,False,0.04613681916416579,0.022772249110008747,0.0665,0.046031135458401484,0.02046886454159852,50–65%,35–50%,False,False,False,7.761915129,False
2020,NJ-4,NJ,4,-21.6045979,-14.166700000000002,-14.166700000000002,-16.900000000000002,D_vs_R,,0.0,0.016,0.016129381929883644,0.000256,False,True,0.0381949866215032,0.03894353765632201,0.0014588570030168086,False,True,-0.022814155726438367,-0.0012028570030168087,0.484,0.4618050133784968,0.02219498662150321,95–99%,1–5%,False,False,False,21.6045979,False
2020,NJ-5,NJ,5,7.516358383,5.0487142857142855,5.0487142857142855,-3.2,D_vs_R,,1.0,0.7975,0.22627344432313742,0.04100625000000001,True,True,0.7361475606390415,0.306324690349997,0.06961810975672827,True,True,-0.08005124602685956,-0.028611859756728267,0.2975,0.23614756063904152,0.061352439360958466,65–80%,65–80%,False,False,False,7.516358383,False
2020,NJ-6,NJ,6,22.33033504,21.31335,21.31335,13.5,D_vs_R,,1.0,0.9985,0.0015011261262670914,2.2499999999998374e-06,True,True,0.996161550009797,0.0038458357453256945,1.4733698327289386e-05,True,True,-0.0023447096190586034,-1.2483698327289548e-05,0.49850000000000005,0.496161550009797,0.002338449990203051,99%+,99–100%,False,False,False,22.33033504,False
2020,NJ-7,NJ,7,1.223882179,5.456109756097561,5.456109756097561,-1.0,D_vs_R,,1.0,0.807,0.2144316107121882,0.037248999999999984,True,True,0.7525297530703183,0.2843147441768723,0.06124152311543762,True,True,-0.06988313346468411,-0.023992523115437633,0.30700000000000005,0.25252975307031833,0.05447024692968172,80–90%,80–90%,False,False,False,1.223882179,True
2020,NJ-8,NJ,8,49.44947712,59.27425,59.27425,52.1,D_vs_R,,1.0,1.0,9.992007221626415e-16,0.0,True,True,0.9999999999999388,6.117328865684799e-14,3.742171245093819e-27,True,True,-6.017408793468535e-14,-3.742171245093819e-27,0.5,0.4999999999999388,6.117328865684613e-14,99%+,99–100%,False,False,False,49.44947712,False
2020,NJ-9,NJ,9,33.93562101,36.738,36.738,29.1,D_vs_R,,1.0,1.0,9.992007221626415e-16,0.0,True,True,0.99999783974047,2.1602618634013794e-06,4.666721237117411e-12,True,True,-2.1602618624021787e-06,-4.666721237117411e-12,0.5,0.49999783974046996,2.1602595300374006e-06,99%+,99–100%,False,False,False,33.93562101,False
2020,NM-1,NM,1,16.37648231,20.88140909090909,20.88140909090909,14.4,D_vs_R,,1.0,1.0,9.992007221626415e-16,0.0,True,True,0.995498370161797,0.0045117926848546345,2.0264671200199693e-05,True,True,-0.004511792684853635,-2.0264671200199693e-05,0.5,0.495498370161797,0.004501629838203014,99%+,99–100%,False,False,False,16.37648231,False
2020,NM-2,NM,2,-7.449442528,-5.291999999999999,-5.291999999999999,-12.3,D_vs_R,,0.0,0.2035,0.22752814963203385,0.04141225,False,True,0.2540033731284059,0.29303420040844586,0.06451771356060818,False,True,-0.065506050776412,-0.023105463560608178,0.2965,0.24599662687159413,0.05050337312840586,65–80%,20–35%,False,False,False,7.449442528,False
2020,NM-3,NM,3,17.36221365,19.559280487804877,19.559280487804877,13.0,D_vs_R,,1.0,0.9995,0.0005001250416822429,2.4999999999994493e-07,True,True,0.992788524411438,0.007237603970551698,5.200538016442644e-05,True,True,-0.006737478928869455,-5.17553801644265e-05,0.49950000000000006,0.49278852441143794,0.00671147558856211,99%+,99–100%,False,False,False,17.36221365,False
2020,NV-1,NV,1,28.39350755,34.4687,34.4687,26.9,D_vs_R,,1.0,1.0,9.992007221626415e-16,0.0,True,True,0.9999918918431157,8.108189755627233e-06,6.574220806115963e-11,True,True,-8.108189754628032e-06,-6.574220806115963e-11,0.5,0.49999189184311565,8.108156884345519e-06,99%+,99–100%,False,False,False,28.39350755,False
2020,NV-2,NV,2,-15.75705629,-10.392,-10.392,-14.4,D_vs_R,,0.0,0.05,0.05129329438755058,0.0025000000000000005,False,True,0.0968222483701708,0.10183589927799068,0.009374547779455041,False,True,-0.0505426048904401,-0.00687454777945504,0.45,0.4031777516298292,0.046822248370170794,95–99%,5–10%,False,False,False,15.75705629,False
2020,NV-3,NV,3,2.982849693,4.443842391304348,4.443842391304348,-3.1,D_vs_R,,1.0,0.7475,0.29102097371729546,0.06375624999999997,True,True,0.710844535722785,0.3413015288923649,0.08361088252137173,True,True,-0.050280555175069463,-0.019854632521371762,0.24750000000000005,0.21084453572278505,0.036655464277215,65–80%,65–80%,False,False,False,2.982849693,True
2020,NV-4,NV,4,4.864513684,10.290553191489362,10.290553191489362,2.8000000000000003,D_vs_R,,1.0,0.947,0.054456185796058855,0.002809000000000005,True,True,0.9009848554553118,0.10426683011072352,0.009803998849205494,True,True,-0.049810644314664664,-0.006994998849205489,0.44699999999999995,0.4009848554553118,0.046015144544688136,90–95%,90–95%,False,False,False,4.864513684,True
2020,NY-1,NY,1,-5.109584745,-10.004613636363636,-10.004613636363636,-14.4,D_vs_R,,0.0,0.051,0.052346480372209236,0.0026009999999999996,False,True,0.1053911577801611,0.11136870403956972,0.011107296138242812,False,True,-0.059022223667360485,-0.008506296138242813,0.449,0.3946088422198389,0.054391157780161126,90–95%,5–10%,False,False,False,5.109584745,False
2020,NY-10,NY,10,41.56261889,64.408,64.408,57.4,D_vs_R,,1.0,1.0,9.992007221626415e-16,0.0,True,True,0.9999999999999996,9.992007221626415e-16,1.9721522630525295e-31,True,True,0.0,-1.9721522630525295e-31,0.5,0.49999999999999956,4.440892098500626e-16,99%+,99–100%,False,False,False,41.56261889,False
2020,NY-11,NY,11,-2.918523582,-5.225567073170732,-5.225567073170732,-11.9,D_vs_R,,0.0,0.192,0.2131932204610416,0.036864,False,True,0.2566735355198531,0.2966199438484448,0.0658813038362613,False,True,-0.0834267233874032,-0.029017303836261298,0.308,0.2433264644801469,0.06467353551985311,80–90%,10–20%,False,False,False,2.918523582,True
2020,NY-12,NY,12,64.27506628,74.708,74.708,67.7,D_vs_R,,1.0,1.0,9.992007221626415e-16,0.0,True,True,1.0,9.992007221626415e-16,0.0,True,True,0.0,0.0,0.5,0.5,0.0,99%+,99–100%,False,False,False,64.27506628,False
2020,NY-13,NY,13,68.51135326,91.808,91.808,84.80000000000001,D_vs_R,,1.0,1.0,9.992007221626415e-16,0.0,True,True,1.0,9.992007221626415e-16,0.0,True,True,0.0,0.0,0.5,0.5,0.0,99%+,99–100%,False,False,False,68.51135326,False
2020,NY-14,NY,14,44.80280487,62.55520108695652,62.55520108695652,55.8,D_vs_R,,1.0,1.0,9.992007221626415e-16,0.0,True,True,0.9999999999999974,2.5535129566378632e-15,6.520428419717426e-30,True,True,-1.5543122344752217e-15,-6.520428419717426e-30,0.5,0.49999999999999745,2.55351295663786e-15,99%+,99–100%,False,False,False,44.80280487,False
2020,NY-15,NY,15,75.19742264,93.85675,93.85675,86.80000000000001,D_vs_R,,1.0,1.0,9.992007221626415e-16,0.0,True,True,1.0,9.992007221626415e-16,0.0,True,True,0.0,0.0,0.5,0.5,0.0,99%+,99–100%,False,False,False,75.19742264,False
2020,NY-17,NY,17,18.52077187,22.827659090909087,22.827659090909087,18.1,D_vs_R,,1.0,0.9995,0.0005001250416822429,2.4999999999994493e-07,True,True,0.9978506986012076,0.00215161446195142,4.619496502851121e-06,True,True,-0.001651489420269177,-4.369496502851176e-06,0.49950000000000006,0.49785069860120756,0.001649301398792491,99%+,99–100%,False,False,False,18.52077187,False
2020,NY-18,NY,18,11.86102392,4.575840909090909,4.575840909090909,-4.0,D_vs_R,,1.0,0.76,0.2744368457017603,0.0576,True,True,0.7164624765263258,0.3334294035998426,0.08039352721758436,True,True,-0.058992557898082276,-0.02279352721758436,0.26,0.21646247652632578,0.04353752347367423,65–80%,65–80%,False,False,False,11.86102392,False
2020,NY-19,NY,19,4.536852818,-0.8260909090909094,-0.8260909090909094,-8.9,D_vs_R,,1.0,0.437,0.8278220838865469,0.31696899999999995,False,False,0.4588502309334809,0.7790314164297165,0.292843072560747,False,False,0.04879066745683036,0.02412592743925296,0.063,0.041149769066519126,0.021850230933480874,50–65%,35–50%,False,False,False,4.536852818,True
2020,NY-2,NY,2,-3.709249701,-6.704225609756097,-6.704225609756097,-11.2,D_vs_R,,0.0,0.1445,0.15606918564988884,0.020880249999999996,False,True,0.2008493164752151,0.22420576085308733,0.040340447928561105,False,True,-0.06813657520319849,-0.01946019792856111,0.35550000000000004,0.2991506835247849,0.05634931647521513,80–90%,10–20%,False,False,False,3.709249701,True
2020,NY-20,NY,20,19.82608319,19.3614,19.3614,11.4,D_vs_R,,1.0,0.9995,0.0005001250416822429,2.4999999999994493e-07,True,True,0.9922781082903118,0.007751859889185634,5.962761157615101e-05,True,True,-0.007251734847503391,-5.937761157615107e-05,0.49950000000000006,0.4922781082903118,0.007221891709688233,99%+,99–100%,False,False,False,19.82608319,False
2020,NY-21,NY,21,-14.50653472,-11.992,-11.992,-16.0,D_vs_R,,0.0,0.025,0.025317807984289897,0.0006250000000000001,False,True,0.0668062398183416,0.06914242533207908,0.004463073678665772,False,True,-0.04382461734778918,-0.0038380736786657716,0.475,0.4331937601816584,0.041806239818341584,95–99%,1–5%,False,False,False,14.50653472,False
2020,NY-22,NY,22,-1.345202224,-9.253250000000005,-9.253250000000005,-17.6,D_vs_R,,0.0,0.0655,0.06774365208651953,0.004290250000000001,False,True,0.1235476272241241,0.1318729140597002,0.01526401619271113,False,True,-0.06412926197318067,-0.01097376619271113,0.4345,0.3764523727758759,0.0580476272241241,90–95%,5–10%,False,False,False,1.345202224,True
2020,NY-23,NY,23,-14.13397558,-14.082000000000004,-14.082000000000004,-16.900000000000002,D_vs_R,,0.0,0.014,0.014098924379501648,0.00019600000000000002,False,True,0.0390825718729875,0.03986679656813657,0.0015274474242072335,False,True,-0.02576787218863492,-0.0013314474242072335,0.486,0.46091742812701253,0.025082571872987458,95–99%,1–5%,False,False,False,14.13397558,False
2020,NY-24,NY,24,-2.370117074,5.72175,5.72175,1.5,D_vs_R,,0.0,0.828,1.7602608021686839,0.685584,True,False,0.7629115162581959,1.4393218584029106,0.5820339816393795,True,False,0.32093894376577325,0.1035500183606205,0.32799999999999996,0.26291151625819587,0.06508848374180409,80–90%,80–90%,False,False,False,2.370117074,True
2020,NY-25,NY,25,19.47944482,20.93536413043478,20.93536413043478,14.3,D_vs_R,,1.0,0.9995,0.0005001250416822429,2.4999999999994493e-07,True,True,0.9955864549305824,0.004423313512362533,1.947938007978042e-05,True,True,-0.003923188470680291,-1.9229380079780476e-05,0.49950000000000006,0.4955864549305824,0.0039135450694176566,99%+,99–100%,False,False,False,19.47944482,False
2020,NY-26,NY,26,32.76259593,26.26675,26.26675,17.5,D_vs_R,,1.0,1.0,9.992007221626415e-16,0.0,True,True,0.9994910832819308,0.0005090462601347638,2.5899622593031094e-07,True,True,-0.0005090462601337646,-2.5899622593031094e-07,0.5,0.4994910832819308,0.0005089167180691856,99%+,99–100%,False,False,False,32.76259593,False
2020,NY-27,NY,27,-14.06051252,-22.592,-22.592,-26.6,D_vs_R,,0.0,0.0,9.992007221626415e-16,0.0,False,True,0.0023574144240856,0.002360197500238576,5.5574027668868405e-06,False,True,-0.0023601975002375767,-5.5574027668868405e-06,0.5,0.4976425855759144,0.002357414424085602,99%+,0–1%,False,False,False,14.06051252,False
2020,NY-3,NY,3,12.18264822,12.471194444444444,12.471194444444444,4.0,D_vs_R,,1.0,0.9735,0.026857454169882642,0.0007022499999999983,True,True,0.9406137950443196,0.06122264336108944,0.0035267213390380754,True,True,-0.034365189191206805,-0.002824471339038077,0.47350000000000003,0.44061379504431963,0.0328862049556804,95–99%,95–99%,False,False,False,12.18264822,False
2020,NY-4,NY,4,15.63653364,14.274931818181818,14.274931818181818,7.5,D_vs_R,,1.0,0.9865,0.013591953519466972,0.00018224999999999882,True,True,0.962915196436963,0.03778993291322814,0.001375282655309042,True,True,-0.024197979393761164,-0.0011930326553090433,0.48650000000000004,0.462915196436963,0.02358480356303705,95–99%,95–99%,False,False,False,15.63653364,False
2020,NY-6,NY,6,30.627713,39.99726136363636,39.99726136363636,30.9,D_vs_R,,1.0,1.0,9.992007221626415e-16,0.0,True,True,0.999999717801303,2.82198736783945e-07,7.963610456924349e-14,True,True,-2.8219873578474425e-07,-7.963610456924349e-14,0.5,0.49999971780130303,2.821986969658852e-07,99%+,99–100%,False,False,False,30.627713,False
2020,NY-7,NY,7,54.20995114,81.408,81.408,74.4,D_vs_R,,1.0,1.0,9.992007221626415e-16,0.0,True,True,1.0,9.992007221626415e-16,0.0,True,True,0.0,0.0,0.5,0.5,0.0,99%+,99–100%,False,False,False,54.20995114,False
2020,NY-8,NY,8,58.79118764,76.10595731707316,76.10595731707316,69.0,D_vs_R,,1.0,1.0,9.992007221626415e-16,0.0,True,True,1.0,9.992007221626415e-16,0.0,True,True,0.0,0.0,0.5,0.5,0.0,99%+,99–100%,False,False,False,58.79118764,False
2020,NY-9,NY,9,54.15501093,74.85277272727272,74.85277272727272,67.0,D_vs_R,,1.0,1.0,9.992007221626415e-16,0.0,True,True,1.0,9.992007221626415e-16,0.0,True,True,0.0,0.0,0.5,0.5,0.0,99%+,99–100%,False,False,False,54.15501093,False
2020,OH-1,OH,1,-7.147436313,-4.276772727272727,-4.276772727272727,-8.7,D_vs_R,,0.0,0.2565,0.2963865130819272,0.06579225,False,True,0.2963401852677557,0.35146025732127634,0.08781750540452776,False,True,-0.05507374423934913,-0.022025255404527766,0.2435,0.20365981473224432,0.03984018526775568,65–80%,20–35%,False,False,False,7.147436313,False
2020,OH-10,OH,10,-16.71361399,-8.31835,-8.31835,-9.4,D_vs_R,,0.0,0.085,0.0888312137066157,0.007225000000000001,False,True,0.1490555599938446,0.161408440429469,0.022217559965078605,False,True,-0.0725772267228533,-0.014992559965078603,0.415,0.35094444000615543,0.06405555999384455,90–95%,5–10%,False,False,False,16.71361399,False
2020,OH-11,OH,11,60.10660635,68.83277272727273,68.83277272727273,61.4,D_vs_R,,1.0,1.0,9.992007221626415e-16,0.0,True,True,1.0,9.992007221626415e-16,0.0,True,True,0.0,0.0,0.5,0.5,0.0,99%+,99–100%,False,False,False,60.10660635,False
2020,OH-12,OH,12,-13.46739111,-10.345369565217393,-10.345369565217393,-13.4,D_vs_R,,0.0,0.0465,0.04761585394166328,0.00216225,False,True,0.0978257523839516,0.10294759840098766,0.009569877829486212,False,True,-0.05533174445932438,-0.0074076278294862115,0.4535,0.4021742476160484,0.051325752383951595,95–99%,1–5%,False,False,False,13.46739111,False
2020,OH-13,OH,13,7.55227463,11.917090909090913,11.917090909090913,4.4,D_vs_R,,1.0,0.9735,0.026857454169882642,0.0007022499999999983,True,True,0.9319716525761362,0.07045288044995332,0.004627856053221912,True,True,-0.04359542628007068,-0.003925606053221914,0.47350000000000003,0.43197165257613623,0.0415283474238638,95–99%,95–99%,False,False,False,7.55227463,False
2020,OH-14,OH,14,-20.19826393,-10.95385,-10.95385,-13.6,D_vs_R,,0.0,0.04,0.040821994520255166,0.0016,False,True,0.0853198133649379,0.08918079760715854,0.007279470552627835,False,True,-0.04835880308690337,-0.005679470552627835,0.46,0.4146801866350621,0.0453198133649379,95–99%,1–5%,False,False,False,20.19826393,False
2020,OH-15,OH,15,-26.84675802,-13.471318181818182,-13.471318181818182,-17.5,D_vs_R,,0.0,0.015,0.015113637810048184,0.000225,False,True,0.0459898030340068,0.04708091894737492,0.002115061983106741,False,True,-0.031967281137326733,-0.0018900619831067412,0.485,0.4540101969659932,0.03098980303400678,95–99%,1–5%,False,False,False,26.84675802,False
2020,OH-16,OH,16,-26.38283521,-14.692000000000004,-14.692000000000004,-18.700000000000003,D_vs_R,,0.0,0.013,0.01308523954865548,0.000169,False,True,0.0330507875607685,0.03360930565347094,0.0010923545583870497,False,True,-0.020524066104815462,-0.0009233545583870497,0.487,0.4669492124392315,0.0200507875607685,95–99%,1–5%,False,False,False,26.38283521,False
2020,OH-2,OH,2,-22.17347739,-14.402000000000005,-14.402000000000005,-18.200000000000003,D_vs_R,,0.0,0.011,0.011060947359424948,0.00012099999999999999,False,True,0.0358152125015088,0.03647231446499843,0.0012827294465282322,False,True,-0.025411367105573478,-0.0011617294465282322,0.489,0.4641847874984912,0.02481521250150881,95–99%,1–5%,False,False,False,22.17347739,False
2020,OH-3,OH,3,41.6861834,42.693225,42.693225,36.3,D_vs_R,,1.0,1.0,9.992007221626415e-16,0.0,True,True,0.9999999535881148,4.641188630094972e-08,2.1540630900381517e-15,True,True,-4.6411885301749e-08,-2.1540630900381517e-15,0.5,0.4999999535881148,4.641188522391815e-08,99%+,99–100%,False,False,False,41.6861834,False
2020,OH-4,OH,4,-38.54084562,-31.179075000000005,-31.179075000000005,-35.7,D_vs_R,,0.0,0.0,9.992007221626415e-16,0.0,False,True,4.809561590329903e-05,4.809677253457473e-05,2.3131882691176707e-09,False,True,-4.809677253357553e-05,-2.3131882691176707e-09,0.5,0.4999519043840967,4.809561590329858e-05,99%+,0–1%,False,False,False,38.54084562,False
2020,OH-5,OH,5,-35.99572465,-24.284,-24.284,-27.200000000000003,D_vs_R,,0.0,0.0,9.992007221626415e-16,0.0,False,True,0.0011925885384736,0.0011933002380841123,1.4222674220985973e-06,False,True,-0.0011933002380831131,-1.4222674220985973e-06,0.5,0.4988074114615264,0.0011925885384735935,99%+,0–1%,False,False,False,35.99572465,False
2020,OH-6,OH,6,-48.82717875,-40.29825,-40.29825,-44.7,D_vs_R,,0.0,0.0,9.992007221626415e-16,0.0,False,True,2.3195650309908177e-07,2.319565300180513e-07,5.3803819329954335e-14,False,True,-2.319565290188506e-07,-5.3803819329954335e-14,0.5,0.4999997680434969,2.3195650311613747e-07,99%+,0–1%,False,False,False,48.82717875,False
2020,OH-7,OH,7,-38.32160411,-27.804727272727273,-27.804727272727273,-31.8,D_vs_R,,0.0,0.0,9.992007221626415e-16,0.0,False,True,0.0002526540165643,0.0002526859389673073,6.383405208607359e-08,False,True,-0.0002526859389663081,-6.383405208607359e-08,0.5,0.4997473459834357,0.0002526540165643243,99%+,0–1%,False,False,False,38.32160411,False
2020,OH-8,OH,8,-37.94157751,-32.41692236024845,-32.41692236024845,-36.6,D_vs_R,,0.0,0.0,9.992007221626415e-16,0.0,False,True,2.508446818427752e-05,2.508478280481112e-05,6.292305440880311e-10,False,True,-2.508478280381192e-05,-6.292305440880311e-10,0.5,0.4999749155318157,2.5084468184277675e-05,99%+,0–1%,False,False,False,37.94157751,False
2020,OH-9,OH,9,26.16154988,31.107999999999997,31.107999999999997,20.1,D_vs_R,,1.0,1.0,9.992007221626415e-16,0.0,True,True,0.9999501073431412,4.9893901538845576e-05,2.4892772084340463e-09,True,True,-4.9893901537846375e-05,-2.4892772084340463e-09,0.5,0.49995010734314116,4.989265685884092e-05,99%+,99–100%,False,False,False,26.16154988,False
2020,OK-1,OK,1,-31.01877659,-26.792,-26.792,-30.8,D_vs_R,,0.0,0.0,9.992007221626415e-16,0.0,False,True,0.000402237124805,0.0004023180438571383,1.6179470457139314e-07,False,True,-0.0004023180438561391,-1.6179470457139314e-07,0.5,0.499597762875195,0.00040223712480502716,99%+,0–1%,False,False,False,31.01877659,False
2020,OK-2,OK,2,-53.04148312,-44.85851515151515,-44.85851515151515,-52.2,D_vs_R,,0.0,0.0,9.992007221626415e-16,0.0,False,True,1.0053222450874017e-08,1.0053222527247227e-08,1.0106728164675738e-16,False,True,-1.0053221528046505e-08,-1.0106728164675738e-16,0.5,0.4999999899467775,1.0053222476713586e-08,99%+,0–1%,False,False,False,53.04148312,False
2020,OK-3,OK,3,-56.98206211,-50.596,-50.596,-54.8,D_vs_R,,0.0,0.0,9.992007221626415e-16,0.0,False,True,1.235772101175262e-10,1.2357725954412492e-10,1.5271326860431218e-20,False,True,-1.2357626034340275e-10,-1.5271326860431218e-20,0.5,0.4999999998764228,1.23577204025338e-10,99%+,0–1%,False,False,False,56.98206211,False
2020,OK-4,OK,4,-39.0118909,-35.525,-35.525,-39.5,D_vs_R,,0.0,0.0,9.992007221626415e-16,0.0,False,True,4.423107485541246e-06,4.423117267464884e-06,1.9563879828651e-11,False,True,-4.423117266465683e-06,-1.9563879828651e-11,0.5,0.49999557689251445,4.423107485551636e-06,99%+,0–1%,False,False,False,39.0118909,False
2020,OK-5,OK,5,-4.124746173,-7.843432926829269,-7.843432926829269,-15.5,D_vs_R,,0.0,0.1005,0.1059162255915493,0.010100250000000002,False,True,0.1632746672061706,0.17825941910554374,0.026658616951285758,False,True,-0.07234319351399444,-0.016558366951285756,0.39949999999999997,0.33672533279382943,0.06277466720617053,80–90%,10–20%,False,False,False,4.124746173,True
2020,OR-1,OR,1,29.38536505,27.747375,27.747375,20.7,D_vs_R,,1.0,1.0,9.992007221626415e-16,0.0,True,True,0.9997404992975248,0.00025953437860856265,6.734061458510006e-08,True,True,-0.00025953437860756344,-6.734061458510006e-08,0.5,0.49974049929752484,0.0002595007024751572,99%+,99–100%,False,False,False,29.38536505,False
2020,OR-2,OR,2,-22.94412515,-17.365536585365856,-17.365536585365856,-22.200000000000003,D_vs_R,,0.0,0.0005,0.0005001250416822429,2.5e-07,False,True,0.0149221407702666,0.015034596030649227,0.00022267028516765266,False,True,-0.014534470988966984,-0.00022242028516765265,0.4995,0.4850778592297334,0.0144221407702666,99%+,0–1%,False,False,False,22.94412515,False
2020,OR-3,OR,3,49.52200397,53.108,53.108,46.1,D_vs_R,,1.0,1.0,9.992007221626415e-16,0.0,True,True,0.999999999984628,1.5372036976775606e-11,2.3629952081172407e-22,True,True,-1.5371037776053443e-11,-2.3629952081172407e-22,0.5,0.49999999998462796,1.5372036976657455e-11,99%+,99–100%,False,False,False,49.52200397,False
2020,OR-4,OR,4,5.317240568,1.4666363636363644,1.4666363636363644,-2.0,D_vs_R,,1.0,0.582,0.5412848312506993,0.17472400000000002,True,True,0.5727786070081726,0.5572560121334161,0.1825181186298774,True,True,-0.015971180882716873,-0.007794118629877389,0.08199999999999996,0.07277860700817262,0.009221392991827337,50–65%,50–65%,False,False,False,5.317240568,False
2020,OR-5,OR,5,6.736169103,8.87175,8.87175,2.1,D_vs_R,,1.0,0.92,0.08338160893905101,0.006399999999999993,True,True,0.8664388661896745,0.14336372489514446,0.01783857646469968,True,True,-0.05998211595609344,-0.011438576464699687,0.42000000000000004,0.3664388661896745,0.05356113381032557,90–95%,90–95%,False,False,False,6.736169103,False
2020,PA-1,PA,1,-13.11563375,1.060142857142857,1.060142857142857,-0.1,D_vs_R,,0.0,0.559,0.8187104035352912,0.31248100000000006,True,False,0.552747869345395,0.804632792703918,0.30553020706587386,True,False,0.014077610831373266,0.006950792934126204,0.05900000000000005,0.05274786934539499,0.006252130654605059,50–65%,50–65%,False,False,False,13.11563375,False
2020,PA-10,PA,10,-6.624744152,-2.992,-2.992,-11.0,D_vs_R,,0.0,0.3185,0.38345902784554975,0.10144225,False,True,0.3541086610322269,0.43712399527997925,0.12539294381803656,False,True,-0.0536649674344295,-0.023950693818036564,0.1815,0.14589133896777312,0.035608661032226874,65–80%,20–35%,False,False,False,6.624744152,False
2020,PA-11,PA,11,-26.2472602,-23.612357142857142,-23.612357142857142,-27.9,D_vs_R,,0.0,0.0,9.992007221626415e-16,0.0,False,True,0.0015708191674969,0.001572054197433968,2.467472856975654e-06,False,True,-0.0015720541974329689,-2.467472856975654e-06,0.5,0.4984291808325031,0.0015708191674969063,99%+,0–1%,False,False,False,26.2472602,False
2020,PA-12,PA,12,-41.68777959,-38.492,-38.492,-38.5,D_vs_R,,0.0,0.0,9.992007221626415e-16,0.0,False,True,7.369818245930813e-07,7.369820961385115e-07,5.431422097805472e-13,False,True,-7.369820951393108e-07,-5.431422097805472e-13,0.5,0.49999926301817543,7.369818245672732e-07,99%+,0–1%,False,False,False,41.68777959,False
2020,PA-13,PA,13,-46.97489853,-43.88639393939394,-43.88639393939394,-47.8,D_vs_R,,0.0,0.0,9.992007221626415e-16,0.0,False,True,2.015524772190212e-08,2.0155247896171443e-08,4.062340107312406e-16,False,True,-2.015524689697072e-08,-4.062340107312406e-16,0.5,0.49999997984475225,2.0155247748565586e-08,99%+,0–1%,False,False,False,46.97489853,False
2020,PA-14,PA,14,-29.38918527,-26.12154545454546,-26.12154545454546,-31.1,D_vs_R,,0.0,0.0,9.992007221626415e-16,0.0,False,True,0.0005427247957714,0.0005428721241816816,2.9455020394510787e-07,False,True,-0.0005428721241806824,-2.9455020394510787e-07,0.5,0.4994572752042286,0.0005427247957713877,99%+,0–1%,False,False,False,29.38918527,False
2020,PA-15,PA,15,-46.91688699,-41.472325,-41.472325,-45.4,D_vs_R,,0.0,0.0,9.992007221626415e-16,0.0,False,True,1.065538736225934e-07,1.0655387929022194e-07,1.1353727983979606e-14,False,True,-1.0655387829102122e-07,-1.1353727983979606e-14,0.5,0.4999998934461264,1.0655387361335755e-07,99%+,0–1%,False,False,False,46.91688699,False
2020,PA-16,PA,16,-18.67702302,-17.513941489361706,-17.513941489361706,-22.1,D_vs_R,,0.0,0.003,0.0030045090202987243,9e-06,False,True,0.0142362477959993,0.01433855531588104,0.00020267075130909492,False,True,-0.011334046295582316,-0.00019367075130909491,0.497,0.4857637522040007,0.011236247795999299,99%+,0–1%,False,False,False,18.67702302,False
2020,PA-17,PA,17,2.294165974,2.7391363636363635,2.7391363636363635,-4.7,D_vs_R,,1.0,0.6635,0.4102264252098749,0.11323225000000002,True,True,0.6340586335989795,0.4556138468037914,0.13391308364344592,True,True,-0.04538742159391651,-0.020680833643445903,0.16349999999999998,0.13405863359897952,0.029441366401020463,65–80%,65–80%,False,False,False,2.294165974,True
2020,PA-18,PA,18,38.49633179,32.408,32.408,25.4,D_vs_R,,1.0,1.0,9.992007221626415e-16,0.0,True,True,0.9999747954986316,2.5204819007229563e-05,6.352668892320796e-10,True,True,-2.5204819006230363e-05,-6.352668892320796e-10,0.5,0.49997479549863155,2.520450136844765e-05,99%+,99–100%,False,False,False,38.49633179,False
2020,PA-2,PA,2,45.07142282,53.97922340425532,53.97922340425532,45.9,D_vs_R,,1.0,1.0,9.992007221626415e-16,0.0,True,True,0.9999999999927058,7.29416527181388e-12,5.320484701214758e-23,True,True,-7.293166071091718e-12,-5.320484701214758e-23,0.5,0.49999999999270583,7.294165271787278e-12,99%+,99–100%,False,False,False,45.07142282,False
2020,PA-3,PA,3,82.06026443,88.808,88.808,81.80000000000001,D_vs_R,,1.0,1.0,9.992007221626415e-16,0.0,True,True,1.0,9.992007221626415e-16,0.0,True,True,0.0,0.0,0.5,0.5,0.0,99%+,99–100%,False,False,False,82.06026443,False
2020,PA-4,PA,4,19.05489211,22.708,22.708,17.2,D_vs_R,,1.0,1.0,9.992007221626415e-16,0.0,True,True,0.9977472041945236,0.002255337167444142,5.07508894117223e-06,True,True,-0.0022553371674431427,-5.07508894117223e-06,0.5,0.49774720419452356,0.0022527958054764374,99%+,99–100%,False,False,False,19.05489211,False
2020,PA-5,PA,5,29.39349094,32.69827173913043,32.69827173913043,26.1,D_vs_R,,1.0,1.0,9.992007221626415e-16,0.0,True,True,0.999978434212196,2.156602034893503e-05,4.6508320360671855e-10,True,True,-2.156602034793583e-05,-4.6508320360671855e-10,0.5,0.499978434212196,2.1565787803989878e-05,99%+,99–100%,False,False,False,29.39349094,False
2020,PA-6,PA,6,12.10844477,13.958625,13.958625,7.200000000000001,D_vs_R,,1.0,0.9855,0.014606152389362114,0.00021024999999999877,True,True,0.959594590154428,0.04124438563729502,0.0016325971447886426,True,True,-0.0266382332479329,-0.0014223471447886438,0.48550000000000004,0.45959459015442805,0.02590540984557199,95–99%,95–99%,False,False,False,12.10844477,False
2020,PA-7,PA,7,3.732733322,5.98175,5.98175,-1.0,D_vs_R,,1.0,0.8345,0.18092253588024726,0.027390249999999994,True,True,0.7728366466379735,0.25768757661035807,0.05160318911068093,True,True,-0.07676504073011081,-0.024212939110680936,0.3345,0.27283664663797347,0.06166335336202655,80–90%,80–90%,False,False,False,3.732733322,True
2020,PA-8,PA,8,3.554817372,-3.9307499999999993,-3.9307499999999993,-11.7,D_vs_R,,1.0,0.2785,1.2783372196147982,0.52056225,False,False,0.3114749232675478,1.1664364471491218,0.4740667812894292,False,False,0.11190077246567642,0.04649546871057081,0.22149999999999997,0.18852507673245222,0.03297492326754775,65–80%,20–35%,False,False,False,3.554817372,True
2020,PA-9,PA,9,-32.66069568,-31.78980487804878,-31.78980487804878,-36.1,D_vs_R,,0.0,0.0,9.992007221626415e-16,0.0,False,True,3.4983758211131636e-05,3.4984370157034895e-05,1.2238633385749202e-09,False,True,-3.4984370156035695e-05,-1.2238633385749202e-09,0.5,0.49996501624178885,3.498375821114896e-05,99%+,0–1%,False,False,False,32.66069568,False
2020,RI-2,RI,2,16.70415071,12.008,12.008,5.0,D_vs_R,,1.0,0.9735,0.026857454169882642,0.0007022499999999983,True,True,0.9334525777183972,0.06886511780666055,0.004428559412325967,True,True,-0.04200766363677791,-0.0037263094123259686,0.47350000000000003,0.4334525777183972,0.04004742228160285,95–99%,95–99%,False,False,False,16.70415071,False
2020,SC-1,SC,1,-1.267820309,-8.192,-8.192,-15.2,D_vs_R,,0.0,0.0825,0.08610269905341174,0.006806250000000001,False,True,0.1527551679067417,0.1657655681379423,0.023334141322216853,False,True,-0.07966286908453056,-0.016527891322216853,0.4175,0.3472448320932583,0.07025516790674169,90–95%,5–10%,False,False,False,1.267820309,True
2020,SC-2,SC,2,-13.06837994,-15.454950000000002,-15.454950000000002,-19.8,D_vs_R,,0.0,0.006,0.006018072325563021,3.6e-05,False,True,0.0266078088211075,0.02696820382690645,0.0007079754902606062,False,True,-0.02095013150134343,-0.0006719754902606062,0.494,0.4733921911788925,0.02060780882110752,99%+,0–1%,False,False,False,13.06837994,False
2020,SC-3,SC,3,-42.52017604,-36.092,-36.092,-40.1,D_vs_R,,0.0,0.0,9.992007221626415e-16,0.0,False,True,3.172836799900123e-06,3.1728418333046934e-06,1.0066893358800453e-11,False,True,-3.1728418323054927e-06,-1.0066893358800453e-11,0.5,0.4999968271632001,3.1728367999028784e-06,99%+,0–1%,False,False,False,42.52017604,False
2020,SC-4,SC,4,-24.71307724,-23.049045454545457,-23.049045454545457,-27.8,D_vs_R,,0.0,0.0,9.992007221626415e-16,0.0,False,True,0.0019691184252178,0.0019710596877065543,3.877427372532228e-06,False,True,-0.001971059687705555,-3.877427372532228e-06,0.5,0.4980308815747822,0.0019691184252177973,99%+,0–1%,False,False,False,24.71307724,False
2020,SC-5,SC,5,-20.21170869,-16.592000000000002,-16.592000000000002,-20.6,D_vs_R,,0.0,0.006,0.006018072325563021,3.6e-05,False,True,0.0189750233958596,0.019157359390077438,0.00036005151287341915,False,True,-0.013139287064514418,-0.00032405151287341914,0.494,0.4810249766041404,0.012975023395859597,99%+,0–1%,False,False,False,20.21170869,False
2020,SC-6,SC,6,37.36160164,40.898225,40.898225,34.4,D_vs_R,,1.0,1.0,9.992007221626415e-16,0.0,True,True,0.9999998437217422,1.5627826999053374e-07,2.4422893854466312e-14,True,True,-1.5627826899133301e-07,-2.4422893854466312e-14,0.5,0.4999998437217422,1.5627825777908555e-07,99%+,99–100%,False,False,False,37.36160164,False
2020,SC-7,SC,7,-23.65617387,-17.442227272727273,-17.442227272727273,-21.0,D_vs_R,,0.0,0.002,0.0020020026706730793,4e-06,False,True,0.0145642270769174,0.014671326585114748,0.00021211671034801396,False,True,-0.01266932391444167,-0.00020811671034801397,0.498,0.4854357729230826,0.0125642270769174,99%+,0–1%,False,False,False,23.65617387,False
2020,TN-1,TN,1,-52.24360968,-53.592,-53.592,-59.1,D_vs_R,,0.0,0.0,9.992007221626415e-16,0.0,False,True,1.0174134722802736e-11,1.017408379771669e-11,1.035130173577403e-22,False,True,-1.0173084596994527e-11,-1.035130173577403e-22,0.5,0.49999999998982586,1.0174139308816166e-11,99%+,0–1%,False,False,False,52.24360968,False
2020,TN-2,TN,2,-36.5866641,-33.492000000000004,-33.492000000000004,-37.5,D_vs_R,,0.0,0.0,9.992007221626415e-16,0.0,False,True,1.3989975662782442e-05,1.3990073523442578e-05,1.9571941904524503e-10,False,True,-1.3990073522443377e-05,-1.9571941904524503e-10,0.5,0.49998601002433724,1.398997566276483e-05,99%+,0–1%,False,False,False,36.5866641,False
2020,TN-3,TN,3,-36.80436093,-33.292,-33.292,-37.3,D_vs_R,,0.0,0.0,9.992007221626415e-16,0.0,False,True,1.5615682007296214e-05,1.5615803933284414e-05,2.438495245529947e-10,False,True,-1.5615803932285213e-05,-2.438495245529947e-10,0.5,0.4999843843179927,1.561568200730834e-05,99%+,0–1%,False,False,False,36.80436093,False
2020,TN-4,TN,4,-33.33055316,-39.292,-39.292,-43.3,D_vs_R,,0.0,0.0,9.992007221626415e-16,0.0,False,True,4.44363788637132e-07,4.4436388738381827e-07,1.9745917665194572e-13,False,True,-4.4436388638461755e-07,-1.9745917665194572e-13,0.5,0.49999955563621135,4.443637886542007e-07,99%+,0–1%,False,False,False,33.33055316,False
2020,TN-6,TN,6,-49.69420272,-46.992,-46.992,-51.0,D_vs_R,,0.0,0.0,9.992007221626415e-16,0.0,False,True,2.076920493377964e-09,2.0769205266087634e-09,4.313598735813365e-18,False,True,-2.0769195274080412e-09,-4.313598735813365e-18,0.5,0.49999999792307953,2.0769204689408127e-09,99%+,0–1%,False,False,False,49.69420272,False
2020,TN-7,TN,7,-42.59386542,-37.392,-37.392,-41.4,D_vs_R,,0.0,0.0,9.992007221626415e-16,0.0,False,True,1.454509607498216e-06,1.454510665334807e-06,2.115598198304614e-12,False,True,-1.4545106643356063e-06,-2.115598198304614e-12,0.5,0.4999985454903925,1.4545096074791708e-06,99%+,0–1%,False,False,False,42.59386542,False
2020,TN-8,TN,8,-38.97086963,-33.692,-33.692,-37.7,D_vs_R,,0.0,0.0,9.992007221626415e-16,0.0,False,True,1.2526016336407316e-05,1.252609478758714e-05,1.5690108525994295e-10,False,True,-1.252609478658794e-05,-1.5690108525994295e-10,0.5,0.4999874739836636,1.252601633638939e-05,99%+,0–1%,False,False,False,38.97086963,False
2020,TN-9,TN,9,57.26572793,62.608,62.608,55.6,D_vs_R,,1.0,1.0,9.992007221626415e-16,0.0,True,True,0.9999999999999976,2.4424906541753475e-15,5.965760595733902e-30,True,True,-1.443289932012706e-15,-5.965760595733902e-30,0.5,0.49999999999999756,2.4424906541753444e-15,99%+,99–100%,False,False,False,57.26572793,False
2020,TX-1,TX,1,-45.15726262,-45.727,-45.727,-49.0,D_vs_R,,0.0,0.0,9.992007221626415e-16,0.0,False,True,5.3350989678864204e-09,5.3350989324338035e-09,2.8463280997142746e-17,False,True,-5.335097933233081e-09,-2.8463280997142746e-17,0.5,0.499999994664901,5.335098973713315e-09,99%+,0–1%,False,False,False,45.15726262,False
2020,TX-10,TX,10,-7.134676995,-7.191999999999999,-7.191999999999999,-11.2,D_vs_R,,0.0,0.1195,0.12726535104587616,0.01428025,False,True,0.184165464587894,0.20354371980996902,0.033916918346874846,False,True,-0.07627836876409286,-0.019636668346874844,0.3805,0.315834535412106,0.06466546458789402,80–90%,10–20%,False,False,False,7.134676995,False
2020,TX-11,TX,11,-61.40869786,-55.292,-55.292,-60.8,D_vs_R,,0.0,0.0,9.992007221626415e-16,0.0,False,True,2.3204974299728533e-12,2.320477143771732e-12,5.3847083225106175e-24,False,True,-2.3194779430495694e-12,-5.3847083225106175e-24,0.5,0.4999999999976795,2.3204771437690397e-12,99%+,0–1%,False,False,False,61.40869786,False
2020,TX-12,TX,12,-30.6802608,-28.8695,-28.8695,-32.3,D_vs_R,,0.0,0.0,9.992007221626415e-16,0.0,False,True,0.0001524430249505,0.00015245464556947497,2.3238875856058762e-08,False,True,-0.00015245464556847577,-2.3238875856058762e-08,0.5,0.4998475569750495,0.00015244302495048823,99%+,0–1%,False,False,False,30.6802608,False
2020,TX-13,TX,13,-60.92947921,-58.503249999999994,-58.503249999999994,-65.1,D_vs_R,,0.0,0.0,9.992007221626415e-16,0.0,False,True,1.2601487552270274e-13,1.2601031329496322e-13,1.5879748853002266e-26,False,True,-1.2501111257280058e-13,-1.5879748853002266e-26,0.5,0.499999999999874,1.2601031329495527e-13,99%+,0–1%,False,False,False,60.92947921,False
2020,TX-14,TX,14,-23.28162658,-17.839500000000005,-17.839500000000005,-21.9,D_vs_R,,0.0,0.001,0.0010005003335835344,1e-06,False,True,0.0128261259347727,0.01290909086392101,0.00016450950649464884,False,True,-0.011908590530337475,-0.00016350950649464884,0.499,0.4871738740652273,0.011826125934772724,99%+,0–1%,False,False,False,23.28162658,False
2020,TX-15,TX,15,2.877898976,22.367969512195124,22.367969512195124,14.6,D_vs_R,,1.0,1.0,9.992007221626415e-16,0.0,True,True,0.9974280014081448,0.002575311862604582,6.61517675650511e-06,True,True,-0.002575311862603583,-6.61517675650511e-06,0.5,0.4974280014081448,0.0025719985918551957,99%+,99–100%,False,False,False,2.877898976,True
2020,TX-16,TX,16,29.44052009,44.72805434782609,44.72805434782609,38.6,D_vs_R,,1.0,1.0,9.992007221626415e-16,0.0,True,True,0.999999988953916,1.1046084108458208e-08,1.2201597278333428e-16,True,True,-1.1046083109257486e-08,-1.2201597278333428e-16,0.5,0.49999998895391595,1.1046084047450222e-08,99%+,99–100%,False,False,False,29.44052009,False
2020,TX-17,TX,17,-14.93288755,-14.000404255319152,-14.000404255319152,-19.6,D_vs_R,,0.0,0.015,0.015113637810048184,0.000225,False,True,0.0399534359854106,0.04077349151468093,0.001596277047040303,False,True,-0.025659853704632748,-0.001371277047040303,0.485,0.4600465640145894,0.02495343598541061,95–99%,1–5%,False,False,False,14.93288755,False
2020,TX-18,TX,18,49.78594139,61.408,61.408,54.4,D_vs_R,,1.0,1.0,9.992007221626415e-16,0.0,True,True,0.999999999999992,7.993605777301159e-15,6.389773332290196e-29,True,True,-6.994405055138517e-15,-6.389773332290196e-29,0.5,0.499999999999992,7.993605777301127e-15,99%+,99–100%,False,False,False,49.78594139,False
2020,TX-19,TX,19,-51.9200006,-47.092,-47.092,-51.1,D_vs_R,,0.0,0.0,9.992007221626415e-16,0.0,False,True,1.9256558418460176e-09,1.925655858847633e-09,3.708150421235695e-18,False,True,-1.925654859646911e-09,-3.708150421235695e-18,0.5,0.49999999807434414,1.9256558569935578e-09,99%+,0–1%,False,False,False,51.9200006,False
2020,TX-2,TX,2,-12.82107485,-7.392,-7.392,-11.4,D_vs_R,,0.0,0.109,0.11541085151132773,0.011881,False,True,0.1775815462359886,0.19550594561760165,0.03153520556356455,False,True,-0.08009509410627393,-0.019654205563564554,0.391,0.3224184537640114,0.06858154623598861,80–90%,10–20%,False,False,False,12.82107485,False
2020,TX-20,TX,20,31.56362777,33.484249999999996,33.484249999999996,24.6,D_vs_R,,1.0,1.0,9.992007221626415e-16,0.0,True,True,0.9999859501437682,1.4049954931922681e-05,1.9739846013335382e-10,True,True,-1.404995493092348e-05,-1.9739846013335382e-10,0.5,0.49998595014376823,1.4049856231768132e-05,99%+,99–100%,False,False,False,31.56362777,False
2020,TX-21,TX,21,-6.602754821,-7.409499999999999,-7.409499999999999,-12.1,D_vs_R,,0.0,0.124,0.13238918804574562,0.015375999999999999,False,True,0.1770126071767154,0.19481439698462777,0.03133346309949816,False,True,-0.06242520893888215,-0.015957463099498158,0.376,0.3229873928232846,0.05301260717671541,80–90%,10–20%,False,False,False,6.602754821,False
2020,TX-22,TX,22,-6.925900874,-4.5445,-4.5445,-10.0,D_vs_R,,0.0,0.233,0.26526847761488087,0.054289000000000004,False,True,0.2848666672883626,0.3352862743562606,0.08114901813197865,False,True,-0.07001779674137976,-0.02686001813197865,0.267,0.21513333271163743,0.05186666728836259,65–80%,20–35%,False,False,False,6.925900874,False
2020,TX-23,TX,23,-3.960644019,6.808,6.808,1.2999999999999998,D_vs_R,,0.0,0.8545,1.92757919237059,0.73017025,True,False,0.8027741366087842,1.623405692313946,0.6444463144079788,True,False,0.3041735000566441,0.08572393559202118,0.35450000000000004,0.30277413660878416,0.051725863391215876,80–90%,80–90%,False,False,False,3.960644019,True
2020,TX-24,TX,24,-1.332476796,-2.6511463414634155,-2.6511463414634155,-8.3,D_vs_R,,0.0,0.3415,0.41779075779880137,0.11662225000000002,False,True,0.3700896143956224,0.46217771478676495,0.13696632268350045,False,True,-0.04438695698796358,-0.020344072683500428,0.15849999999999997,0.12991038560437762,0.028589614395622354,65–80%,20–35%,False,False,False,1.332476796,True
2020,TX-25,TX,25,-13.82155554,-12.08714705882353,-12.08714705882353,-17.0,D_vs_R,,0.0,0.028,0.028399474521698,0.0007840000000000001,False,True,0.0652785326754321,0.06750668998280356,0.004261286828257456,False,True,-0.03910721546110556,-0.003477286828257456,0.472,0.4347214673245679,0.037278532675432074,95–99%,1–5%,False,False,False,13.82155554,False
2020,TX-26,TX,26,-23.35735687,-25.0645,-25.0645,-28.6,D_vs_R,,0.0,0.0,9.992007221626415e-16,0.0,False,True,0.0008587782506417,0.0008591472119360358,7.375000837752185e-07,False,True,-0.0008591472119350366,-7.375000837752185e-07,0.5,0.4991412217493583,0.0008587782506416786,99%+,0–1%,False,False,False,23.35735687,False
2020,TX-27,TX,27,-28.12009383,-20.864173913043484,-20.864173913043484,-25.700000000000003,D_vs_R,,0.0,0.0005,0.0005001250416822429,2.5e-07,False,True,0.0045300962686353,0.004540388248940226,2.0521772203103465e-05,False,True,-0.004040263207257984,-2.0271772203103466e-05,0.4995,0.4954699037313647,0.004030096268635319,99%+,0–1%,False,False,False,28.12009383,False
2020,TX-28,TX,28,19.32167026,27.33359659090909,27.33359659090909,17.7,D_vs_R,,1.0,1.0,9.992007221626415e-16,0.0,True,True,0.9996857365324174,0.000314312858694246,9.876152705701793e-08,True,True,-0.0003143128586932468,-9.876152705701793e-08,0.5,0.49968573653241743,0.00031426346758256507,99%+,99–100%,False,False,False,19.32167026,False
2020,TX-29,TX,29,43.75515265,52.62126086956522,52.62126086956522,43.6,D_vs_R,,1.0,1.0,9.992007221626415e-16,0.0,True,True,0.999999999976804,2.3196000676064886e-11,5.380544473515219e-22,True,True,-2.3195001475342723e-11,-5.380544473515219e-22,0.5,0.499999999976804,2.3196000675795858e-11,99%+,99–100%,False,False,False,43.75515265,False
2020,TX-3,TX,3,-12.19663108,-12.564840909090911,-12.564840909090911,-16.3,D_vs_R,,0.0,0.0235,0.02378052866540339,0.00055225,False,True,0.058014635140095,0.05976554076860169,0.0033656978904383454,False,True,-0.035985012103198294,-0.0028134478904383456,0.4765,0.44198536485990503,0.03451463514009495,95–99%,1–5%,False,False,False,12.19663108,False
2020,TX-30,TX,30,59.07911852,65.708,65.708,58.7,D_vs_R,,1.0,1.0,9.992007221626415e-16,0.0,True,True,1.0,9.992007221626415e-16,0.0,True,True,0.0,0.0,0.5,0.5,0.0,99%+,99–100%,False,False,False,59.07911852,False
2020,TX-31,TX,31,-9.144921456,-10.587675675675674,-10.587675675675674,-14.8,D_vs_R,,0.0,0.0455,0.04656763581633473,0.00207025,False,True,0.0926935971910965,0.09727506583938603,0.008592102960225254,False,True,-0.050707430023051295,-0.006521852960225254,0.4545,0.4073064028089035,0.047193597191096504,95–99%,1–5%,False,False,False,9.144921456,False
2020,TX-32,TX,32,6.015647959,6.808,6.808,-0.2000000000000001,D_vs_R,,1.0,0.86,0.15082288973458366,0.019600000000000003,True,True,0.8027741366087842,0.21968187906025108,0.03889804119041053,True,True,-0.06885898932566742,-0.019298041190410526,0.36,0.30277413660878416,0.057225863391215825,80–90%,80–90%,False,False,False,6.015647959,False
2020,TX-33,TX,33,41.67290585,54.32269114219115,54.32269114219115,47.1,D_vs_R,,1.0,1.0,9.992007221626415e-16,0.0,True,True,0.9999999999945808,5.419220627814998e-12,2.936795221277643e-23,True,True,-5.4182214270928355e-12,-2.936795221277643e-23,0.5,0.4999999999945808,5.419220627800314e-12,99%+,99–100%,False,False,False,41.67290585,False
2020,TX-34,TX,34,13.59021425,26.716035714285713,26.716035714285713,19.4,D_vs_R,,1.0,1.0,9.992007221626415e-16,0.0,True,True,0.999583738199638,0.00041634846135518987,1.7327388644063665e-07,True,True,-0.00041634846135419067,-1.7327388644063665e-07,0.5,0.49958373819963797,0.00041626180036202776,99%+,99–100%,False,False,False,13.59021425,False
2020,TX-35,TX,35,35.42589428,38.508,38.508,31.5,D_vs_R,,1.0,1.0,9.992007221626415e-16,0.0,True,True,0.9999992703685132,7.296317529655816e-07,5.323621065072125e-13,True,True,-7.296317519663809e-07,-5.323621065072125e-13,0.5,0.4999992703685132,7.296314867843989e-07,99%+,99–100%,False,False,False,35.42589428,False
2020,TX-36,TX,36,-49.34539529,-44.15551063829787,-44.15551063829787,-48.9,D_vs_R,,0.0,0.0,9.992007221626415e-16,0.0,False,True,1.664892786760585e-08,1.6648928041578067e-08,2.7718679914074273e-16,False,True,-1.6648927042377345e-08,-2.7718679914074273e-16,0.5,0.49999998335107215,1.6648927847473516e-08,99%+,0–1%,False,False,False,49.34539529,False
2020,TX-4,TX,4,-52.54867482,-50.326451219512194,-50.326451219512194,-55.7,D_vs_R,,0.0,0.0,9.992007221626415e-16,0.0,False,True,1.5366602191046867e-10,1.5366596885017452e-10,2.3613246289788638e-20,False,True,-1.5366496964945236e-10,-2.3613246289788638e-20,0.5,0.499999999846334,1.5366602434951915e-10,99%+,0–1%,False,False,False,52.54867482,False
2020,TX-5,TX,5,-26.06619522,-25.896239130434783,-25.896239130434783,-30.5,D_vs_R,,0.0,0.0,9.992007221626415e-16,0.0,False,True,0.0005993161409678,0.0005994958026725254,3.5917983682453586e-07,False,True,-0.0005994958026715262,-3.5917983682453586e-07,0.5,0.4994006838590322,0.0005993161409678094,99%+,0–1%,False,False,False,26.06619522,False
2020,TX-6,TX,6,-8.816972164,-9.84075,-9.84075,-14.4,D_vs_R,,0.0,0.052,0.053400776727115296,0.002704,False,True,0.1091763088961315,0.11560874864064212,0.011919466424183522,False,True,-0.062207971913526824,-0.009215466424183522,0.448,0.3908236911038685,0.05717630889613151,90–95%,5–10%,False,False,False,8.816972164,False
2020,TX-7,TX,7,3.334659769,6.239521739130435,6.239521739130435,-0.7000000000000002,D_vs_R,,1.0,0.8305,0.18572734992878748,0.028730249999999995,True,True,0.7824412090408013,0.2453364916066235,0.04733182752362833,True,True,-0.059609141677836014,-0.018601577523628333,0.3305,0.2824412090408013,0.04805879095919874,80–90%,80–90%,False,False,False,3.334659769,True
2020,TX-8,TX,8,-47.04095212,-46.79097727272727,-46.79097727272727,-50.9,D_vs_R,,0.0,0.0,9.992007221626415e-16,0.0,False,True,2.416783095860596e-09,2.416783109893662e-09,5.840840532437527e-18,False,True,-2.4167821106929396e-09,-5.840840532437527e-18,0.5,0.4999999975832169,2.4167831069732415e-09,99%+,0–1%,False,False,False,47.04095212,False
2020,TX-9,TX,9,53.84514659,66.208,66.208,59.2,D_vs_R,,1.0,1.0,9.992007221626415e-16,0.0,True,True,1.0,9.992007221626415e-16,0.0,True,True,0.0,0.0,0.5,0.5,0.0,99%+,99–100%,False,False,False,53.84514659,False
2020,UT-1,UT,1,-39.08094324,-21.20642307692308,-21.20642307692308,-29.4,D_vs_R,,0.0,0.001,0.0010005003335835344,1e-06,False,True,0.0039939078409711,0.004001904790714261,1.595129984217043e-05,False,True,-0.0030014044571307266,-1.495129984217043e-05,0.499,0.4960060921590289,0.0029939078409710884,99%+,0–1%,False,False,False,39.08094324,False
2020,UT-2,UT,2,-22.36861421,-13.243798780487808,-13.243798780487808,-16.1,D_vs_R,,0.0,0.0175,0.01765493523872071,0.00030625000000000004,False,True,0.0488014575151628,0.05003246589770072,0.0023815822556042397,False,True,-0.03237753065898001,-0.0020753322556042396,0.4825,0.4511985424848372,0.03130145751516278,95–99%,1–5%,False,False,False,22.36861421,False
2020,UT-3,UT,3,-41.96034291,-21.887,-21.887,-26.0,D_vs_R,,0.0,0.0005,0.0005001250416822429,2.5e-07,False,True,0.0030933956614217,0.0030981900997302586,9.569096718102597e-06,False,True,-0.0025980650580480157,-9.319096718102597e-06,0.4995,0.4969066043385783,0.0025933956614216935,99%+,0–1%,False,False,False,41.96034291,False
2020,UT-4,UT,4,-0.9993894832,-4.54825,-4.54825,-8.8,D_vs_R,,0.0,0.228,0.25877072895736086,0.051984,False,True,0.2847074762335941,0.33506369580777484,0.08105834702330256,False,True,-0.07629296685041398,-0.029074347023302555,0.272,0.2152925237664059,0.05670747623359412,65–80%,20–35%,False,False,False,0.9993894832,True
2020,VA-1,VA,1,-16.44235103,-10.492,-10.492,-14.5,D_vs_R,,0.0,0.049,0.05024121643674679,0.0024010000000000004,False,True,0.0946957378017941,0.09948419046122771,0.008967282757826137,False,True,-0.04924297402448092,-0.006566282757826137,0.451,0.4053042621982059,0.04569573780179409,95–99%,1–5%,False,False,False,16.44235103,False
2020,VA-10,VA,10,13.13879204,14.908,14.908,7.9,D_vs_R,,1.0,0.993,0.007024614936964466,4.9000000000000087e-05,True,True,0.968891940258853,0.03160219007055677,0.0009677113808587741,True,True,-0.024577575133592305,-0.000918711380858774,0.493,0.46889194025885295,0.024108059741147048,99%+,99–100%,False,False,False,13.13879204,False
2020,VA-11,VA,11,43.06392263,44.308,44.308,37.3,D_vs_R,,1.0,1.0,9.992007221626415e-16,0.0,True,True,0.9999999850671528,1.4932847292510027e-08,2.229899249315495e-16,True,True,-1.4932846293309304e-08,-2.229899249315495e-16,0.5,0.4999999850671528,1.4932847181015063e-08,99%+,99–100%,False,False,False,43.06392263,False
2020,VA-2,VA,2,5.746134224,1.508,1.508,-5.5,D_vs_R,,1.0,0.6115,0.49184032385490994,0.15093224999999996,True,True,0.5748072912857234,0.5537204399486675,0.1807888395437837,True,True,-0.06188011609375754,-0.02985658954378373,0.11150000000000004,0.07480729128572339,0.036692708714276656,50–65%,50–65%,False,False,False,5.746134224,False
2020,VA-3,VA,3,36.9189802,36.608,36.608,29.6,D_vs_R,,1.0,1.0,9.992007221626415e-16,0.0,True,True,0.9999976648204326,2.3351822939169912e-06,5.453063611913437e-12,True,True,-2.3351822929177905e-06,-5.453063611913437e-12,0.5,0.4999976648204326,2.3351795673809406e-06,99%+,99–100%,False,False,False,36.9189802,False
2020,VA-4,VA,4,23.38524831,26.508,26.508,19.5,D_vs_R,,1.0,1.0,9.992007221626415e-16,0.0,True,True,0.9995429744437933,0.00045713002421717306,2.0887235902608657e-07,True,True,-0.00045713002421617386,-2.0887235902608657e-07,0.5,0.49954297444379325,0.0004570255562067471,99%+,99–100%,False,False,False,23.38524831,False
2020,VA-5,VA,5,-5.138485324,-7.691999999999999,-7.691999999999999,-13.2,D_vs_R,,0.0,0.1045,0.11037305748137062,0.01092025,False,True,0.1679880875109466,0.1839085203679317,0.028219997545585452,False,True,-0.07353546288656108,-0.017299747545585453,0.3955,0.3320119124890534,0.06348808751094664,80–90%,10–20%,False,False,False,5.138485324,False
2020,VA-6,VA,6,-29.30151671,-22.892000000000003,-22.892000000000003,-26.9,D_vs_R,,0.0,0.0005,0.0005001250416822429,2.5e-07,False,True,0.0020954525809004,0.0020976511134772006,4.390921518802148e-06,False,True,-0.0015975260717949577,-4.140921518802148e-06,0.4995,0.4979045474190996,0.0015954525809003806,99%+,0–1%,False,False,False,29.30151671,False
2020,VA-7,VA,7,1.820226747,-1.5919999999999996,-1.5919999999999996,-8.6,D_vs_R,,1.0,0.3865,0.9506234109546604,0.3763822499999999,False,False,0.4210790642503945,0.8649346618623484,0.3351494498491988,False,False,0.08568874909231206,0.04123280015080111,0.11349999999999999,0.07892093574960551,0.034579064250394476,50–65%,35–50%,False,False,False,1.820226747,True
2020,VA-8,VA,8,51.81435342,57.508,57.508,50.5,D_vs_R,,1.0,1.0,9.992007221626415e-16,0.0,True,True,0.9999999999996838,3.1619151741329456e-13,9.997707568409015e-26,True,True,-3.151923166911319e-13,-9.997707568409015e-26,0.5,0.4999999999996838,3.161915174132446e-13,99%+,99–100%,False,False,False,51.81435342,False
2020,VT-AL,VT,AL,38.54699058,31.307999999999996,31.307999999999996,24.299999999999997,D_vs_R,,1.0,1.0,9.992007221626415e-16,0.0,True,True,0.9999550091524736,4.499185964494299e-05,2.0241763611442156e-09,True,True,-4.499185964394379e-05,-2.0241763611442156e-09,0.5,0.4999550091524736,4.499084752640492e-05,99%+,99–100%,False,False,False,38.54699058,False
2020,WA-1,WA,1,17.22734748,21.208,21.208,14.2,D_vs_R,,1.0,0.999,0.0010005003335835344,1.0000000000000019e-06,True,True,0.9960084251683464,0.003999562428952116,1.593266963669028e-05,True,True,-0.0029990620953685813,-1.4932669636690279e-05,0.499,0.4960084251683464,0.002991574831653576,99%+,99–100%,False,False,False,17.22734748,False
2020,WA-2,WA,2,26.41337822,27.008,27.008,20.0,D_vs_R,,1.0,1.0,9.992007221626415e-16,0.0,True,True,0.999635281409376,0.00036478511662521384,1.33019650346783e-07,True,True,-0.00036478511662421464,-1.33019650346783e-07,0.5,0.49963528140937596,0.0003647185906240358,99%+,99–100%,False,False,False,26.41337822,False
2020,WA-3,WA,3,-12.97717413,-5.492,-5.492,-9.5,D_vs_R,,0.0,0.2035,0.22752814963203385,0.04141225,False,True,0.2460535354564423,0.2824339154265585,0.06054234231061471,False,True,-0.054905765794524636,-0.01913009231061471,0.2965,0.25394646454355774,0.04255353545644225,65–80%,20–35%,False,False,False,12.97717413,False
2020,WA-4,WA,4,-32.57551685,-20.892000000000003,-20.892000000000003,-24.9,D_vs_R,,0.0,0.0005,0.0005001250416822429,2.5e-07,False,True,0.0044842167326653,0.004494300990475502,2.010819970551546e-05,False,True,-0.003994175948793258,-1.985819970551546e-05,0.4995,0.4955157832673347,0.003984216732665302,99%+,0–1%,False,False,False,32.57551685,False
2020,WA-5,WA,5,-22.77129291,-11.192,-11.192,-15.2,D_vs_R,,0.0,0.0435,0.04447449010182947,0.0018922499999999998,False,True,0.0807656107655383,0.0842141410124406,0.006523083882330436,False,True,-0.03973965091061113,-0.004630833882330436,0.4565,0.4192343892344617,0.037265610765538304,95–99%,1–5%,False,False,False,22.77129291,False
2020,WA-6,WA,6,18.85018791,17.208000000000002,17.208000000000002,10.2,D_vs_R,,1.0,0.999,0.0010005003335835344,1.0000000000000019e-06,True,True,0.984318862599198,0.01580538706498024,0.00024589807018283175,True,True,-0.014804886731396707,-0.0002448980701828317,0.499,0.484318862599198,0.014681137400802013,99%+,99–100%,False,False,False,18.85018791,False
2020,WA-7,WA,7,66.2152544,74.808,74.808,67.80000000000001,D_vs_R,,1.0,1.0,9.992007221626415e-16,0.0,True,True,1.0,9.992007221626415e-16,0.0,True,True,0.0,0.0,0.5,0.5,0.0,99%+,99–100%,False,False,False,66.2152544,False
2020,WA-8,WA,8,3.566991497,7.908,7.908,0.8999999999999999,D_vs_R,,1.0,0.8915,0.114849841678942,0.011772250000000008,True,True,0.8387086275189344,0.1758919182687952,0.026014906836825853,True,True,-0.061042076589853195,-0.014242656836825844,0.39149999999999996,0.3387086275189344,0.05279137248106558,80–90%,80–90%,False,False,False,3.566991497,True
2020,WA-9,WA,9,48.43833262,52.108,52.108,45.1,D_vs_R,,1.0,1.0,9.992007221626415e-16,0.0,True,True,0.9999999999643454,3.56545903918676e-11,1.2712498159665316e-21,True,True,-3.565359119114544e-11,-1.2712498159665316e-21,0.5,0.4999999999643454,3.565459039123198e-11,99%+,99–100%,False,False,False,48.43833262,False
2020,WI-1,WI,1,-18.69327997,-8.392,-8.392,-12.4,D_vs_R,,0.0,0.0885,0.09266368486341935,0.007832249999999999,False,True,0.1469268833214042,0.15891001807298966,0.02158750904254152,False,True,-0.06624633320957031,-0.013755259042541521,0.4115,0.3530731166785958,0.058426883321404166,90–95%,5–10%,False,False,False,18.69327997,False
2020,WI-2,WI,2,39.41711049,41.708,41.708,34.699999999999996,D_vs_R,,1.0,1.0,9.992007221626415e-16,0.0,True,True,0.9999999090797363,9.092026778445373e-08,8.266494342404868e-15,True,True,-9.0920266785253e-08,-8.266494342404868e-15,0.5,0.49999990907973635,9.092026365120631e-08,99%+,99–100%,False,False,False,39.41711049,False
2020,WI-3,WI,3,2.655421464,0.4080000000000003,0.4080000000000003,-6.6,D_vs_R,,1.0,0.5335,0.6282962082403291,0.21762225000000002,True,True,0.5203508957860933,0.653251895392893,0.23006326317320314,True,True,-0.02495568715256391,-0.01244101317320312,0.033499999999999974,0.02035089578609328,0.013149104213906693,50–65%,50–65%,False,False,False,2.655421464,True
2020,WI-4,WI,4,51.94114797,57.108,57.108,50.1,D_vs_R,,1.0,1.0,9.992007221626415e-16,0.0,True,True,0.9999999999995444,4.55635529306268e-13,2.0760373556610846e-25,True,True,-4.546363285841054e-13,-2.0760373556610846e-25,0.5,0.49999999999954436,4.556355293061642e-13,99%+,99–100%,False,False,False,51.94114797,False
2020,WI-5,WI,5,-20.27450243,-16.692000000000004,-16.692000000000004,-22.200000000000003,D_vs_R,,0.0,0.005,0.005012541823544286,2.5e-05,False,True,0.018403326108035,0.018574774046794546,0.0003386824118386826,False,True,-0.013562232223250259,-0.0003136824118386826,0.495,0.481596673891965,0.013403326108035019,99%+,0–1%,False,False,False,20.27450243,False
2020,WI-6,WI,6,-18.50456075,-14.992,-14.992,-19.0,D_vs_R,,0.0,0.011,0.011060947359424948,0.00012099999999999999,False,True,0.0303785196977288,0.030849510135383413,0.0009228544590252968,False,True,-0.019788562775958467,-0.0008018544590252968,0.489,0.4696214803022712,0.019378519697728802,95–99%,1–5%,False,False,False,18.50456075,False
2020,WI-7,WI,7,-21.51939606,-18.492,-18.492,-22.5,D_vs_R,,0.0,0.002,0.0020020026706730793,4e-06,False,True,0.0103598496179518,0.010413886392568598,0.00010732648410657606,False,True,-0.00841188372189552,-0.00010332648410657605,0.498,0.4896401503820482,0.008359849617951776,99%+,0–1%,False,False,False,21.51939606,False
2020,WI-8,WI,8,-28.38779623,-15.692000000000004,-15.692000000000004,-19.700000000000003,D_vs_R,,0.0,0.0045,0.004510155477886019,2.0249999999999998e-05,False,True,0.0248336480615397,0.025147205164998614,0.0006167100760444145,False,True,-0.020637049687112594,-0.0005964600760444145,0.4955,0.4751663519384603,0.0203336480615397,99%+,0–1%,False,False,False,28.38779623,False
2020,WV-1,WV,1,-37.94507934,-38.04395652173913,-38.04395652173913,-43.7,D_vs_R,,0.0,0.0,9.992007221626415e-16,0.0,False,True,9.742644160592671e-07,9.742648906274295e-07,9.491911523993048e-13,False,True,-9.742648896282288e-07,-9.491911523993048e-13,0.5,0.49999902573558397,9.74264416031545e-07,99%+,0–1%,False,False,False,37.94507934,False
2020,WV-2,WV,2,-26.15295574,-35.0695,-35.0695,-38.5,D_vs_R,,0.0,0.0,9.992007221626415e-16,0.0,False,True,5.75592291016606e-06,5.755939475576733e-06,3.313064854777452e-11,False,True,-5.7559394745775325e-06,-3.313064854777452e-11,0.5,0.4999942440770898,5.755922910188893e-06,99%+,0–1%,False,False,False,26.15295574,False
2020,WV-3,WV,3,-42.64298445,-47.292,-47.292,-51.3,D_vs_R,,0.0,0.0,9.992007221626415e-16,0.0,False,True,1.6546169333583e-09,1.6546168893160918e-09,2.737757196156025e-18,False,True,-1.6546158901153697e-09,-2.737757196156025e-18,0.5,0.49999999834538306,1.6546169434583646e-09,99%+,0–1%,False,False,False,42.64298445,False
2020,WY-AL,WY,AL,-42.78445834,-45.692,-45.692,-49.7,D_vs_R,,0.0,0.0,9.992007221626415e-16,0.0,False,True,5.474293272585655e-09,5.474293255920788e-09,2.996788683427657e-17,False,True,-5.474292256720066e-09,-2.996788683427657e-17,0.5,0.4999999945257067,5.474293296447996e-09,99%+,0–1%,False,False,False,42.78445834,False
2022,AK-AL,AK,AL,23.02150905,-14.092,-14.092,-14.62,D_vs_R,,1.0,0.0085,4.767689115485866,0.9830722500000001,False,False,0.0389769138865653,3.2447857597515575,0.92356537204299,False,False,1.5229033557343086,0.05950687795701004,0.4915,0.4610230861134347,0.030476913886565316,99%+,0–1%,True,True,True,23.02150905,False
2022,AL-2,AL,2,-39.93043863,-36.392,-36.392,-33.92,D_vs_R,,0.0,0.0,9.992007221626415e-16,0.0,False,True,2.656194115020084e-06,2.656197642681463e-06,7.0553671766673276e-12,False,True,-2.6561976416822625e-06,-7.0553671766673276e-12,0.5,0.49999734380588495,2.656194115047139e-06,99%+,0–1%,False,False,False,39.93043863,False
2022,AL-3,AL,3,-46.08205624,-40.94587500000001,-40.94587500000001,-38.620000000000005,D_vs_R,,0.0,0.0,9.992007221626415e-16,0.0,False,True,1.51417433742514e-07,1.5141744516612615e-07,2.2927239241168617e-14,False,True,-1.5141744416692543e-07,-2.2927239241168617e-14,0.5,0.49999984858256624,1.5141743375801653e-07,99%+,0–1%,False,False,False,46.08205624,False
2022,AL-4,AL,4,-70.48428216,-68.55978846153845,-68.55978846153845,-66.32,D_vs_R,,0.0,0.0,9.992007221626415e-16,0.0,False,True,4.922880346921621e-18,9.992007221626415e-16,2.4234750910107143e-35,False,True,0.0,-2.4234750910107143e-35,0.5,0.5,0.0,99%+,0–1%,False,False,False,70.48428216,False
2022,AL-5,AL,5,-37.53585441,-33.56325,-33.56325,-31.62,D_vs_R,,0.0,0.0,9.992007221626415e-16,0.0,False,True,1.345071458007648e-05,1.345080504170476e-05,1.80921722714682e-10,False,True,-1.345080504070556e-05,-1.80921722714682e-10,0.5,0.4999865492854199,1.345071458008773e-05,99%+,0–1%,False,False,False,37.53585441,False
2022,AL-7,AL,7,28.78055069,28.008,28.008,27.48,D_vs_R,,1.0,1.0,9.992007221626415e-16,0.0,True,True,0.9997702798271186,0.00022974656260185718,5.277135782864409e-08,True,True,-0.00022974656260085798,-5.277135782864409e-08,0.5,0.49977027982711864,0.0002297201728813647,99%+,99–100%,False,False,False,28.78055069,False
2022,AR-1,AR,1,-47.59564625,-48.351711538461544,-48.351711538461544,-45.42,D_vs_R,,0.0,0.0,9.992007221626415e-16,0.0,False,True,7.331570762065557e-10,7.331570908620546e-10,5.3751929839174535e-19,False,True,-7.331560916613324e-10,-5.3751929839174535e-19,0.5,0.4999999992668429,7.331570905932949e-10,99%+,0–1%,False,False,False,47.59564625,False
2022,AR-2,AR,2,-24.78758024,-19.820575,-19.820575,-17.619999999999997,D_vs_R,,0.0,0.0005,0.0005001250416822429,2.5e-07,False,True,0.0065831901496455,0.00660495491958562,4.333839254638954e-05,False,True,-0.006104829877903378,-4.308839254638954e-05,0.4995,0.4934168098503545,0.006083190149645479,99%+,0–1%,False,False,False,24.78758024,False
2022,AR-3,AR,3,-30.79771723,-30.658494565217392,-30.658494565217392,-27.92,D_vs_R,,0.0,0.0,9.992007221626415e-16,0.0,False,True,6.281092079792238e-05,6.281289348645256e-05,3.9452117714828785e-09,False,True,-6.281289348545336e-05,-3.9452117714828785e-09,0.5,0.4999371890792021,6.281092079790662e-05,99%+,0–1%,False,False,False,30.79771723,False
2022,AR-4,AR,4,-44.8116255,-42.58575,-42.58575,-39.72,D_vs_R,,0.0,0.0,9.992007221626415e-16,0.0,False,True,4.998008119120519e-08,4.998008243384595e-08,2.498008515879463e-15,False,True,-4.998008143464523e-08,-2.498008515879463e-15,0.5,0.4999999500199188,4.998008118484165e-08,99%+,0–1%,False,False,False,44.8116255,False
2022,AZ-1,AZ,1,-0.8838736628,-4.441999999999999,-4.441999999999999,-3.0199999999999996,D_vs_R,,0.0,0.2445,0.2803754972693427,0.05978025,False,True,0.2892342466133544,0.34141236424129795,0.08365644941399471,False,True,-0.06103686697195526,-0.023876199413994707,0.2555,0.2107657533866456,0.0447342466133544,65–80%,20–35%,False,False,False,0.8838736628,True
2022,AZ-2,AZ,2,-7.73602642,-9.392,-9.392,-12.42,D_vs_R,,0.0,0.0695,0.07203320289983162,0.004830250000000001,False,True,0.1200395704809993,0.12787833897658735,0.014409498481262797,False,True,-0.05584513607675573,-0.009579248481262796,0.4305,0.3799604295190007,0.050539570480999274,90–95%,5–10%,False,False,False,7.73602642,False
2022,AZ-3,AZ,3,53.96033287,47.369249999999994,47.369249999999994,46.08,D_vs_R,,1.0,1.0,9.992007221626415e-16,0.0,True,True,0.9999999984398016,1.5601984161242864e-09,2.434219093878867e-18,True,True,-1.5601974169235643e-09,-2.434219093878867e-18,0.5,0.4999999984398016,1.5601984149071768e-09,99%+,99–100%,False,False,False,53.96033287,False
2022,AZ-4,AZ,4,12.21101477,6.514005434782609,6.514005434782609,5.780000000000001,D_vs_R,,1.0,0.859,0.1519863569978817,0.019881000000000003,True,True,0.7924060005779686,0.2326813915236567,0.04309526859603437,True,True,-0.08069503452577498,-0.023214268596034364,0.359,0.2924060005779686,0.06659399942203137,80–90%,80–90%,False,False,False,12.21101477,False
2022,AZ-5,AZ,5,-19.34792749,-23.392,-23.392,-20.92,D_vs_R,,0.0,0.0,9.992007221626415e-16,0.0,False,True,0.001716947209304,0.001718422852473317,2.947907719536794e-06,False,True,-0.0017184228524723178,-2.947907719536794e-06,0.5,0.498283052790696,0.0017169472093039873,99%+,0–1%,False,False,False,19.34792749,False
2022,AZ-6,AZ,6,-1.497925751,-4.637909090909091,-4.637909090909091,-4.42,D_vs_R,,0.0,0.241,0.27575350158650713,0.058080999999999994,False,True,0.2809140646140449,0.3297744076994278,0.07891271169798379,False,True,-0.05402090611292065,-0.0208317116979838,0.259,0.2190859353859551,0.0399140646140449,65–80%,20–35%,False,False,False,1.497925751,True
2022,AZ-7,AZ,7,29.08884827,28.965499999999995,28.965499999999995,28.28,D_vs_R,,1.0,1.0,9.992007221626415e-16,0.0,True,True,0.9998544651180328,0.00014554547319576674,2.118040186921388e-08,True,True,-0.00014554547319476754,-2.118040186921388e-08,0.5,0.4998544651180328,0.0001455348819672242,99%+,99–100%,False,False,False,29.08884827,False
2022,CA-1,CA,1,-24.1458016,-26.092,-26.092,-23.62,D_vs_R,,0.0,0.0,9.992007221626415e-16,0.0,False,True,0.0005498533430409,0.0005500045678271884,3.023386988532537e-07,False,True,-0.0005500045678261892,-3.023386988532537e-07,0.5,0.4994501466569591,0.000549853343040918,99%+,0–1%,False,False,False,24.1458016,False
2022,CA-11,CA,11,67.90375002,70.50800000000001,70.50800000000001,69.98,D_vs_R,,1.0,1.0,9.992007221626415e-16,0.0,True,True,1.0,9.992007221626415e-16,0.0,True,True,0.0,0.0,0.5,0.5,0.0,99%+,99–100%,False,False,False,67.90375002,False
2022,CA-12,CA,12,80.9483725,76.70800000000001,76.70800000000001,76.18,D_vs_R,,1.0,1.0,9.992007221626415e-16,0.0,True,True,1.0,9.992007221626415e-16,0.0,True,True,0.0,0.0,0.5,0.5,0.0,99%+,99–100%,False,False,False,80.9483725,False
2022,CA-13,CA,13,-0.4222947677,6.117545454545455,6.117545454545455,6.380000000000001,D_vs_R,,0.0,0.834,1.7957674906255936,0.695556,True,False,0.7779258850222834,1.5047441015748109,0.605168682587703,True,False,0.29102338905078273,0.090387317412297,0.33399999999999996,0.27792588502228344,0.05607411497771653,80–90%,80–90%,False,False,False,0.4222947677,True
2022,CA-14,CA,14,38.67703966,41.508,41.508,40.98,D_vs_R,,1.0,1.0,9.992007221626415e-16,0.0,True,True,0.999999895969234,1.0403077141282871e-07,1.0822400274885521e-14,True,True,-1.0403077041362799e-07,-1.0822400274885521e-14,0.5,0.499999895969234,1.040307660016282e-07,99%+,99–100%,False,False,False,38.67703966,False
2022,CA-17,CA,17,41.85949748,40.1575652173913,40.1575652173913,42.879999999999995,D_vs_R,,1.0,1.0,9.992007221626415e-16,0.0,True,True,0.9999997457389505,2.542610818725229e-07,6.464868131734039e-14,True,True,-2.5426108087332215e-07,-6.464868131734039e-14,0.5,0.49999974573895045,2.5426104954817674e-07,99%+,99–100%,False,False,False,41.85949748,False
2022,CA-18,CA,18,31.70619023,38.477821428571424,38.477821428571424,39.58,D_vs_R,,1.0,1.0,9.992007221626415e-16,0.0,True,True,0.9999992564451377,7.435551387850596e-07,5.528738333213621e-13,True,True,-7.435551377858589e-07,-5.528738333213621e-13,0.5,0.49999925644513765,7.435548623480059e-07,99%+,99–100%,False,False,False,31.70619023,False
2022,CA-19,CA,19,37.30118951,35.818,35.818,35.08,D_vs_R,,1.0,1.0,9.992007221626415e-16,0.0,True,True,0.9999962723741024,3.727632845235116e-06,1.389519483261055e-11,True,True,-3.7276328442359154e-06,-1.389519483261055e-11,0.5,0.4999962723741024,3.7276258976204346e-06,99%+,99–100%,False,False,False,37.30118951,False
2022,CA-2,CA,2,48.8069597,45.191950000000006,45.191950000000006,44.98,D_vs_R,,1.0,1.0,9.992007221626415e-16,0.0,True,True,0.999999992106804,7.893196016859972e-09,6.230254286880795e-17,True,True,-7.89319501765925e-09,-6.230254286880795e-17,0.5,0.499999992106804,7.893195985708701e-09,99%+,99–100%,False,False,False,48.8069597,False
2022,CA-20,CA,20,-34.4928119,-31.892,-31.892,-29.42,D_vs_R,,0.0,0.0,9.992007221626415e-16,0.0,False,True,3.3151162706953686e-05,3.3151712218907137e-05,1.0989995888229169e-09,False,True,-3.3151712217907936e-05,-1.0989995888229169e-09,0.5,0.49996684883729303,3.315116270696805e-05,99%+,0–1%,False,False,False,34.4928119,False
2022,CA-21,CA,21,8.357541366,14.88105,14.88105,15.78,D_vs_R,,1.0,0.9905,0.009545412843531385,9.02499999999991e-05,True,True,0.9686548306774512,0.03184694244107202,0.0009825196398592561,True,True,-0.022301529597540636,-0.0008922696398592571,0.49050000000000005,0.4686548306774512,0.021845169322548874,99%+,99–100%,False,False,False,8.357541366,False
2022,CA-22,CA,22,-3.045033834,4.2973,4.2973,8.38,D_vs_R,,0.0,0.743,1.3586791940869172,0.552049,True,False,0.7045469741759471,1.2192454198346958,0.4963864388204827,True,False,0.13943377425222137,0.05566256117951729,0.243,0.20454697417594714,0.038453025824052856,65–80%,65–80%,False,False,False,3.045033834,True
2022,CA-23,CA,23,-22.05079684,-16.895079268292683,-16.895079268292683,-14.32,D_vs_R,,0.0,0.004,0.004008021397538822,1.6e-05,False,True,0.0172873684783352,0.017438539802334948,0.0002988531089057374,False,True,-0.013430518404796126,-0.0002828531089057374,0.496,0.4827126315216648,0.013287368478335171,99%+,0–1%,False,False,False,22.05079684,False
2022,CA-24,CA,24,21.1333374,23.950321428571428,23.950321428571428,24.58,D_vs_R,,1.0,1.0,9.992007221626415e-16,0.0,True,True,0.9986313803552374,0.001369557060036256,1.8731197320302356e-06,True,True,-0.0013695570600352567,-1.8731197320302356e-06,0.5,0.49863138035523735,0.0013686196447626475,99%+,99–100%,False,False,False,21.1333374,False
2022,CA-25,CA,25,14.75691035,12.897175,12.897175,10.78,D_vs_R,,1.0,0.984,0.016129381929883644,0.0002560000000000005,True,True,0.9466527629355308,0.0548229236427829,0.0028459277024126765,True,True,-0.03869354171289925,-0.002589927702412676,0.484,0.4466527629355308,0.037347237064469185,95–99%,95–99%,False,False,False,14.75691035,False
2022,CA-26,CA,26,9.060776615,16.008000000000003,16.008000000000003,15.48,D_vs_R,,1.0,0.9935,0.006521216990265463,4.224999999999935e-05,True,True,0.9773761695331472,0.022883675931808654,0.0005118377049928965,True,True,-0.01636245894154319,-0.00046958770499289716,0.49350000000000005,0.4773761695331472,0.01612383046685284,99%+,99–100%,False,False,False,9.060776615,False
2022,CA-27,CA,27,-6.478861772,5.74925,5.74925,7.880000000000001,D_vs_R,,0.0,0.8195,1.7120245012092015,0.67158025,True,False,0.7639724318303178,1.4438066665004692,0.5836538765967296,True,False,0.2682178347087323,0.08792637340327036,0.3195,0.2639724318303178,0.055527568169682184,80–90%,80–90%,False,False,False,6.478861772,False
2022,CA-28,CA,28,32.47174,30.29588888888889,30.29588888888889,29.680000000000003,D_vs_R,,1.0,1.0,9.992007221626415e-16,0.0,True,True,0.9999245340747444,7.546877295185426e-05,5.695105874690848e-09,True,True,-7.546877295085506e-05,-5.695105874690848e-09,0.5,0.49992453407474435,7.546592525564666e-05,99%+,99–100%,False,False,False,32.47174,False
2022,CA-3,CA,3,-7.296591652,-7.777625,-7.777625,-6.319999999999999,D_vs_R,,0.0,0.112,0.11878353598996698,0.012544000000000001,False,True,0.165312311797851,0.18069765020170245,0.027328160431949907,False,True,-0.06191411421173547,-0.014784160431949906,0.388,0.334687688202149,0.05331231179785101,80–90%,10–20%,False,False,False,7.296591652,False
2022,CA-31,CA,31,19.08478438,24.19451515151515,24.19451515151515,26.58,D_vs_R,,1.0,1.0,9.992007221626415e-16,0.0,True,True,0.9987623594121492,0.0012384070974707046,1.5317542246956932e-06,True,True,-0.0012384070974697054,-1.5317542246956932e-06,0.5,0.4987623594121492,0.0012376405878508079,99%+,99–100%,False,False,False,19.08478438,False
2022,CA-32,CA,32,38.33962046,35.2015,35.2015,36.28,D_vs_R,,1.0,1.0,9.992007221626415e-16,0.0,True,True,0.9999946653525428,5.334661686504804e-06,2.8458463492849976e-11,True,True,-5.334661685505603e-06,-2.8458463492849976e-11,0.5,0.4999946653525428,5.334647457222452e-06,99%+,99–100%,False,False,False,38.33962046,False
2022,CA-33,CA,33,15.4242052,20.914775,20.914775,20.78,D_vs_R,,1.0,1.0,9.992007221626415e-16,0.0,True,True,0.9955530253004388,0.0044568919035085875,1.9775583978537734e-05,True,True,-0.004456891903507588,-1.9775583978537734e-05,0.5,0.49555302530043877,0.004446974699561235,99%+,99–100%,False,False,False,15.4242052,False
2022,CA-35,CA,35,14.72971219,22.94157142857143,22.94157142857143,23.08,D_vs_R,,1.0,1.0,9.992007221626415e-16,0.0,True,True,0.9979451972637408,0.002056916739804979,4.22221428493847e-06,True,True,-0.00205691673980398,-4.22221428493847e-06,0.5,0.49794519726374076,0.0020548027362592425,99%+,99–100%,False,False,False,14.72971219,False
2022,CA-36,CA,36,39.50093875,38.980825,38.980825,39.58,D_vs_R,,1.0,1.0,9.992007221626415e-16,0.0,True,True,0.9999994583717884,5.416283582950217e-07,2.933611196166229e-13,True,True,-5.416283572958209e-07,-2.933611196166229e-13,0.5,0.4999994583717884,5.416282116144089e-07,99%+,99–100%,False,False,False,39.50093875,False
2022,CA-38,CA,38,16.18314392,26.208,26.208,25.68,D_vs_R,,1.0,1.0,9.992007221626415e-16,0.0,True,True,0.99947764637641,0.0005224900977712852,2.728533080775913e-07,True,True,-0.000522490097770286,-2.728533080775913e-07,0.5,0.49947764637641,0.0005223536235899884,99%+,99–100%,False,False,False,16.18314392,False
2022,CA-39,CA,39,15.34609452,21.535225,21.535225,21.58,D_vs_R,,1.0,0.9995,0.0005001250416822429,2.4999999999994493e-07,True,True,0.9964669430950288,0.0035393128900320903,1.248249109376459e-05,True,True,-0.0030391878483498475,-1.2232491093764645e-05,0.49950000000000006,0.4964669430950288,0.003033056904971243,99%+,99–100%,False,False,False,15.34609452,False
2022,CA-4,CA,4,35.60387418,32.69569886363636,32.69569886363636,32.08,D_vs_R,,1.0,1.0,9.992007221626415e-16,0.0,True,True,0.9999784042688136,2.1595964377590133e-05,4.663756054765497e-10,True,True,-2.1595964376590932e-05,-4.663756054765497e-10,0.5,0.49997840426881357,2.15957311864301e-05,99%+,99–100%,False,False,False,35.60387418,False
2022,CA-40,CA,40,-13.67059312,-3.813625,-3.813625,-2.6199999999999997,D_vs_R,,0.0,0.271,0.31608154697347896,0.073441,False,True,0.3166726939112675,0.3807813159146449,0.10028159506901932,False,True,-0.06469976894116597,-0.026840595069019313,0.22899999999999998,0.1833273060887325,0.04567269391126749,65–80%,20–35%,False,False,False,13.67059312,False
2022,CA-41,CA,41,-4.690709015,-9.115125,-9.115125,-5.619999999999999,D_vs_R,,0.0,0.069,0.07149600170506992,0.0047610000000000005,False,True,0.1271105807967823,0.13594639874491132,0.016157099750495323,False,True,-0.0644503970398414,-0.011396099750495322,0.431,0.3728894192032177,0.058110580796782274,90–95%,5–10%,False,False,False,4.690709015,True
2022,CA-42,CA,42,36.73787211,39.903113636363635,39.903113636363635,41.28,D_vs_R,,1.0,1.0,9.992007221626415e-16,0.0,True,True,0.9999997000376576,2.9996238739807803e-07,8.997740686371349e-14,True,True,-2.999623863988773e-07,-8.997740686371349e-14,0.5,0.4999997000376576,2.999623424093656e-07,99%+,99–100%,False,False,False,36.73787211,False
2022,CA-43,CA,43,54.66070459,58.31710714285714,58.31710714285714,59.28,D_vs_R,,1.0,1.0,9.992007221626415e-16,0.0,True,True,0.99999999999985,1.499911306268699e-13,2.2497339266723375e-26,True,True,-1.4899192990470727e-13,-2.2497339266723375e-26,0.5,0.49999999999985,1.4999113062685865e-13,99%+,99–100%,False,False,False,54.66070459,False
2022,CA-44,CA,44,44.4122439,44.810159090909096,44.810159090909096,43.68000000000001,D_vs_R,,1.0,1.0,9.992007221626415e-16,0.0,True,True,0.9999999895893134,1.0410686700280772e-08,1.0838239644306776e-16,True,True,-1.041068570108005e-08,-1.0838239644306776e-16,0.5,0.49999998958931335,1.0410686646089573e-08,99%+,99–100%,False,False,False,44.4122439,False
2022,CA-45,CA,45,-4.826469695,0.2317500000000004,0.2317500000000004,1.6800000000000006,D_vs_R,,0.0,0.5095,0.7123299999767192,0.25959024999999997,True,False,0.5115630066757595,0.716544795706886,0.26169670979914317,True,False,-0.004214795730166809,-0.002106459799143201,0.009499999999999953,0.01156300667575949,-0.0020630066757595378,50–65%,50–65%,False,False,False,4.826469695,True
2022,CA-46,CA,46,23.58232118,28.861043478260868,28.861043478260868,25.88,D_vs_R,,1.0,1.0,9.992007221626415e-16,0.0,True,True,0.9998469339524128,0.00015307776339025197,2.342921492398135e-08,True,True,-0.00015307776338925277,-2.342921492398135e-08,0.5,0.49984693395241275,0.00015306604758724696,99%+,99–100%,False,False,False,23.58232118,False
2022,CA-47,CA,47,3.430647317,7.003,7.003,6.58,D_vs_R,,1.0,0.864,0.14618251017808145,0.018496000000000002,True,True,0.8094750093597943,0.21136937803982137,0.03629977205845046,True,True,-0.06518686786173991,-0.01780377205845046,0.364,0.30947500935979433,0.05452499064020566,80–90%,80–90%,False,False,False,3.430647317,True
2022,CA-48,CA,48,-20.72229073,-19.292,-19.292,-16.82,D_vs_R,,0.0,0.0015,0.0015011261262670914,2.25e-06,False,True,0.0079082908038806,0.007939727183979223,6.254106343874246e-05,False,True,-0.0064386010577121315,-6.0291063438742455e-05,0.4985,0.4920917091961194,0.006408290803880612,99%+,0–1%,False,False,False,20.72229073,False
2022,CA-49,CA,49,5.260596089,6.5976739130434785,6.5976739130434785,6.880000000000001,D_vs_R,,1.0,0.8415,0.1725692653512763,0.025122249999999992,True,True,0.7953889942818855,0.22892398301299322,0.0418656636609783,True,True,-0.0563547176617169,-0.016743413660978305,0.3415,0.2953889942818855,0.04611100571811455,80–90%,80–90%,False,False,False,5.260596089,False
2022,CA-5,CA,5,-22.61880366,-19.295214285714287,-19.295214285714287,-16.82,D_vs_R,,0.0,0.001,0.0010005003335835344,1e-06,False,True,0.007899571046638,0.007930937957295985,6.240322272088139e-05,False,True,-0.00693043762371245,-6.140322272088139e-05,0.499,0.492100428953362,0.00689957104663802,99%+,0–1%,False,False,False,22.61880366,False
2022,CA-50,CA,50,25.68429281,28.130975,28.130975,28.58,D_vs_R,,1.0,1.0,9.992007221626415e-16,0.0,True,True,0.9997831952842254,0.00021682822131442598,4.700428478209018e-08,True,True,-0.00021682822131342678,-4.700428478209018e-08,0.5,0.49978319528422543,0.00021680471577456562,99%+,99–100%,False,False,False,25.68429281,False
2022,CA-51,CA,51,23.72657376,21.18118181818182,21.18118181818182,22.78,D_vs_R,,1.0,1.0,9.992007221626415e-16,0.0,True,True,0.995968581928893,0.004039566143168435,1.625233166404778e-05,True,True,-0.004039566143167436,-1.625233166404778e-05,0.5,0.49596858192889304,0.0040314180711069625,99%+,99–100%,False,False,False,23.72657376,False
2022,CA-52,CA,52,33.34481115,33.377874999999996,33.377874999999996,32.379999999999995,D_vs_R,,1.0,1.0,9.992007221626415e-16,0.0,True,True,0.9999851032091408,1.4896901817488828e-05,2.2191437790268294e-10,True,True,-1.4896901816489628e-05,-2.2191437790268294e-10,0.5,0.4999851032091408,1.4896790859197928e-05,99%+,99–100%,False,False,False,33.34481115,False
2022,CA-6,CA,6,11.89233905,14.156636363636364,14.156636363636364,13.88,D_vs_R,,1.0,0.9885,0.011566636371465405,0.00013224999999999896,True,True,0.9617004231707392,0.03905228724015294,0.0014668575853004487,True,True,-0.027485650868687532,-0.0013346075853004498,0.48850000000000005,0.4617004231707392,0.02679957682926082,95–99%,95–99%,False,False,False,11.89233905,False
2022,CA-7,CA,7,36.52147509,33.684583333333336,33.684583333333336,32.68000000000001,D_vs_R,,1.0,1.0,9.992007221626415e-16,0.0,True,True,0.9999874224004128,1.2577678685840243e-05,1.5819601137521183e-10,True,True,-1.2577678684841042e-05,-1.5819601137521183e-10,0.5,0.49998742240041283,1.2577599587171306e-05,99%+,99–100%,False,False,False,36.52147509,False
2022,CA-8,CA,8,51.45704843,50.031121212121214,50.031121212121214,49.48,D_vs_R,,1.0,1.0,9.992007221626415e-16,0.0,True,True,0.9999999998051436,1.9485635329397034e-10,3.796899841162609e-20,True,True,-1.9485535409324818e-10,-3.796899841162609e-20,0.5,0.49999999980514365,1.9485635327498585e-10,99%+,99–100%,False,False,False,51.45704843,False
2022,CA-9,CA,9,9.630733945,7.719739130434783,7.719739130434783,8.08,D_vs_R,,1.0,0.883,0.12443007837817703,0.013688999999999998,True,True,0.8328817946319746,0.18286355008741803,0.027928494565429497,True,True,-0.058433471709241,-0.014239494565429498,0.383,0.33288179463197465,0.05011820536802536,80–90%,80–90%,False,False,False,9.630733945,False
2022,CO-1,CO,1,62.77033147,57.308,57.308,56.78,D_vs_R,,1.0,1.0,9.992007221626415e-16,0.0,True,True,0.9999999999996204,3.7958525211941307e-13,1.4408496362650369e-25,True,True,-3.7858605139725043e-13,-1.4408496362650369e-25,0.5,0.4999999999996204,3.79585252119341e-13,99%+,99–100%,False,False,False,62.77033147,False
2022,CO-2,CO,2,41.96979122,35.339630434782606,35.339630434782606,35.379999999999995,D_vs_R,,1.0,1.0,9.992007221626415e-16,0.0,True,True,0.9999950745970756,4.925415054241834e-06,2.4259593967737523e-11,True,True,-4.925415053242633e-06,-2.4259593967737523e-11,0.5,0.4999950745970756,4.92540292440502e-06,99%+,99–100%,False,False,False,41.96979122,False
2022,CO-3,CO,3,-0.1668270773,-13.63825,-13.63825,-12.82,D_vs_R,,0.0,0.0175,0.01765493523872071,0.00030625000000000004,False,True,0.0440108386644746,0.045008703510146714,0.0019369539199504122,False,True,-0.027353768271426004,-0.0016307039199504121,0.4825,0.4559891613355254,0.026510838664474567,95–99%,1–5%,False,False,False,0.1668270773,True
2022,CO-4,CO,4,-24.37287208,-23.430536585365857,-23.430536585365857,-23.12,D_vs_R,,0.0,0.0,9.992007221626415e-16,0.0,False,True,0.0016905311646809,0.0016919617249887807,2.8578956187573607e-06,False,True,-0.0016919617249877815,-2.8578956187573607e-06,0.5,0.4983094688353191,0.0016905311646808752,99%+,0–1%,False,False,False,24.37287208,False
2022,CO-5,CO,5,-15.66749651,-17.7745,-17.7745,-14.62,D_vs_R,,0.0,0.0025,0.002503130218118477,6.25e-06,False,True,0.0130975967375758,0.013184126644080295,0.00017154704030015625,False,True,-0.010680996425961818,-0.00016529704030015626,0.4975,0.4869024032624242,0.01059759673757582,99%+,0–1%,False,False,False,15.66749651,False
2022,CO-6,CO,6,23.1718046,19.317239130434785,19.317239130434785,19.28,D_vs_R,,1.0,0.999,0.0010005003335835344,1.0000000000000019e-06,True,True,0.9921599510828298,0.007870943684281703,6.146636702362102e-05,True,True,-0.006870443350698168,-6.0466367023621015e-05,0.499,0.49215995108282984,0.006840048917170161,99%+,99–100%,False,False,False,23.1718046,False
2022,CO-7,CO,7,14.98180698,8.482886363636364,8.482886363636364,9.68,D_vs_R,,1.0,0.9145,0.0893778111512167,0.007310250000000003,True,True,0.8556717331022231,0.15586846575780847,0.02083064862571592,True,True,-0.06649065460659177,-0.013520398625715916,0.4145,0.3556717331022231,0.05882826689777687,90–95%,90–95%,False,False,False,14.98180698,False
2022,CO-8,CO,8,0.6900605071,-1.44325,-1.44325,0.08,D_vs_R,,1.0,0.418,0.8722738464573808,0.3387240000000001,False,False,0.4283692357490587,0.847769754964134,0.3267617306381152,False,False,0.024504091493246838,0.01196226936188488,0.08200000000000002,0.07163076425094128,0.010369235749058736,50–65%,35–50%,False,False,False,0.6900605071,True
2022,CT-1,CT,1,21.87952262,24.108,24.108,23.58,D_vs_R,,1.0,1.0,9.992007221626415e-16,0.0,True,True,0.9987173271662249,0.0012834961626907921,1.6452495985047601e-06,True,True,-0.001283496162689793,-1.6452495985047601e-06,0.5,0.49871732716622486,0.0012826728337751447,99%+,99–100%,False,False,False,21.87952262,False
2022,CT-2,CT,2,18.04715978,7.408,7.408,6.880000000000001,D_vs_R,,1.0,0.879,0.12897038129696006,0.014641,True,True,0.8229386717942693,0.19487359895010714,0.03135071394597749,True,True,-0.06590321765314708,-0.016709713945977492,0.379,0.32293867179426927,0.05606132820573073,80–90%,80–90%,False,False,False,18.04715978,False
2022,CT-3,CT,3,16.16313141,15.708,15.708,15.18,D_vs_R,,1.0,0.994,0.006018072325563021,3.600000000000006e-05,True,True,0.9752824393965598,0.02502816850148585,0.0006109578021847397,True,True,-0.01901009617592283,-0.0005749578021847397,0.494,0.4752824393965598,0.01871756060344021,99%+,99–100%,False,False,False,16.16313141,False
2022,CT-4,CT,4,19.87978855,27.008,27.008,26.48,D_vs_R,,1.0,1.0,9.992007221626415e-16,0.0,True,True,0.999635281409376,0.00036478511662521384,1.33019650346783e-07,True,True,-0.00036478511662421464,-1.33019650346783e-07,0.5,0.49963528140937596,0.0003647185906240358,99%+,99–100%,False,False,False,19.87978855,False
2022,CT-5,CT,5,0.1876438866,6.707999999999999,6.707999999999999,6.18,D_vs_R,,1.0,0.8525,0.15958206982446516,0.02175624999999999,True,True,0.7992831686165406,0.2240399922266514,0.04028724640061608,True,True,-0.06445792240218626,-0.01853099640061609,0.35250000000000004,0.2992831686165406,0.05321683138345945,80–90%,80–90%,False,False,False,0.1876438866,True
2022,DE-AL,DE,AL,12.50275922,15.008,15.008,14.48,D_vs_R,,1.0,0.991,0.00904074465214907,8.100000000000014e-05,True,True,0.9697588203797376,0.030707877184231295,0.0009145289448249742,True,True,-0.021667132532082224,-0.0008335289448249741,0.491,0.4697588203797376,0.021241179620262396,99%+,99–100%,False,False,False,12.50275922,False
2022,FL-1,FL,1,-35.72086818,-39.291999999999994,-39.291999999999994,-36.81999999999999,D_vs_R,,0.0,0.0,9.992007221626415e-16,0.0,False,True,4.443637886371335e-07,4.4436388738381827e-07,1.9745917665194704e-13,False,True,-4.4436388638461755e-07,-1.9745917665194704e-13,0.5,0.49999955563621135,4.443637886542007e-07,99%+,0–1%,False,False,False,35.72086818,False
2022,FL-10,FL,10,19.56430394,26.308,26.308,27.28,D_vs_R,,1.0,1.0,9.992007221626415e-16,0.0,True,True,0.9995003257490592,0.0004997991297201733,2.496743570532233e-07,True,True,-0.0004997991297191741,-2.496743570532233e-07,0.5,0.4995003257490592,0.0004996742509407737,99%+,99–100%,False,False,False,19.56430394,False
2022,FL-11,FL,11,-27.66243429,-17.892,-17.892,-15.42,D_vs_R,,0.0,0.0025,0.002503130218118477,6.25e-06,False,True,0.0126104274542184,0.012690613729866341,0.00015902288057810515,False,True,-0.010187483511747863,-0.00015277288057810516,0.4975,0.4873895725457816,0.010110427454218418,99%+,0–1%,False,False,False,27.66243429,False
2022,FL-12,FL,12,-40.74939052,-35.692,-35.692,-33.22,D_vs_R,,0.0,0.0,9.992007221626415e-16,0.0,False,True,4.012827198408946e-06,4.012835249831157e-06,1.6102782124290593e-11,False,True,-4.0128352488319565e-06,-1.6102782124290593e-11,0.5,0.4999959871728016,4.012827198418556e-06,99%+,0–1%,False,False,False,40.74939052,False
2022,FL-13,FL,13,-8.084123368,-12.292,-12.292,-11.32,D_vs_R,,0.0,0.0215,0.021734492146006094,0.00046224999999999993,False,True,0.0620814659536866,0.06409218444454655,0.003854108414958748,False,True,-0.04235769229854046,-0.003391858414958748,0.4785,0.4379185340463134,0.04058146595368656,95–99%,1–5%,False,False,False,8.084123368,False
2022,FL-14,FL,14,13.7974799,15.108000000000002,15.108000000000002,14.580000000000002,D_vs_R,,1.0,0.991,0.00904074465214907,8.100000000000014e-05,True,True,0.9706055822194408,0.029835090719667078,0.0008640317966580536,True,True,-0.020794346067518007,-0.0007830317966580534,0.491,0.4706055822194408,0.02039441778055917,99%+,99–100%,False,False,False,13.7974799,False
2022,FL-15,FL,15,-17.08660211,-8.692,-8.692,-7.72,D_vs_R,,0.0,0.0855,0.0893778111512167,0.007310250000000001,False,True,0.1384675442840098,0.14904255022872562,0.019173260820044218,False,True,-0.059664739077508924,-0.011863010820044217,0.4145,0.3615324557159902,0.05296754428400979,90–95%,5–10%,False,False,False,17.08660211,False
2022,FL-16,FL,16,-24.2950897,-15.892,-15.892,-13.42,D_vs_R,,0.0,0.0065,0.006521216990265463,4.225e-05,False,True,0.0234149677182806,0.023693453827014203,0.0005482607132481226,False,True,-0.01717223683674874,-0.0005060107132481227,0.4935,0.4765850322817194,0.016914967718280605,99%+,0–1%,False,False,False,24.2950897,False
2022,FL-17,FL,17,-28.31658565,-22.992,-22.992,-20.52,D_vs_R,,0.0,0.0,9.992007221626415e-16,0.0,False,True,0.0020141855459124,0.002016216745552654,4.056943413362433e-06,False,True,-0.0020162167455516546,-4.056943413362433e-06,0.5,0.4979858144540876,0.0020141855459123725,99%+,0–1%,False,False,False,28.31658565,False
2022,FL-19,FL,19,-36.0096912,-26.492,-26.492,-25.52,D_vs_R,,0.0,0.0,9.992007221626415e-16,0.0,False,True,0.0004603091303435,0.00046041510511320627,2.1188449547758927e-07,False,True,-0.00046041510511220707,-2.1188449547758927e-07,0.5,0.4995396908696565,0.00046030913034350585,99%+,0–1%,False,False,False,36.0096912,False
2022,FL-2,FL,2,-19.60356881,-16.492,-16.492,-15.52,D_vs_R,,0.0,0.0035,0.00350613932928759,1.2250000000000001e-05,False,True,0.019561755980917,0.01975561950159877,0.00038266229705694206,False,True,-0.016249480172311183,-0.00037041229705694206,0.4965,0.48043824401908297,0.016061755980917025,99%+,0–1%,False,False,False,19.60356881,False
2022,FL-20,FL,20,44.62801142,48.407999999999994,48.407999999999994,47.879999999999995,D_vs_R,,1.0,1.0,9.992007221626415e-16,0.0,True,True,0.9999999992982024,7.017976202636902e-10,4.925198994621295e-19,True,True,-7.017966210629681e-10,-4.925198994621295e-19,0.5,0.4999999992982024,7.017976200174303e-10,99%+,99–100%,False,False,False,44.62801142,False
2022,FL-21,FL,21,-27.00811251,-16.392,-16.392,-13.92,D_vs_R,,0.0,0.0035,0.00350613932928759,1.2250000000000001e-05,False,True,0.0201638250766184,0.020369889737250405,0.000406579841720465,False,True,-0.016863750407962817,-0.000394329841720465,0.4965,0.4798361749233816,0.0166638250766184,99%+,0–1%,False,False,False,27.00811251,False
2022,FL-22,FL,22,10.21880648,13.608000000000002,13.608000000000002,13.080000000000002,D_vs_R,,1.0,0.983,0.017146158834970514,0.0002890000000000005,True,True,0.9556357344646532,0.04537846943616654,0.0019681880564907583,True,True,-0.028232310601196024,-0.0016791880564907577,0.483,0.4556357344646532,0.027364265535346766,95–99%,95–99%,False,False,False,10.21880648,False
2022,FL-23,FL,23,4.755437217,7.707999999999999,7.707999999999999,8.68,D_vs_R,,1.0,0.898,0.10758521067993743,0.010403999999999997,True,True,0.8325140177666321,0.18330521911118167,0.028051554244676015,True,True,-0.07572000843124424,-0.01764755424467602,0.398,0.33251401776663214,0.06548598223336788,80–90%,80–90%,False,False,False,4.755437217,True
2022,FL-24,FL,24,43.5701567,45.108,45.108,44.58,D_vs_R,,1.0,1.0,9.992007221626415e-16,0.0,True,True,0.999999991609815,8.390185026411403e-09,7.039520418678932e-17,True,True,-8.39018402721068e-09,-7.039520418678932e-17,0.5,0.499999991609815,8.3901849912138e-09,99%+,99–100%,False,False,False,43.5701567,False
2022,FL-25,FL,25,10.18723971,15.908,15.908,15.38,D_vs_R,,1.0,0.9945,0.005515180688110111,3.0249999999999444e-05,True,True,0.9766955197918504,0.02358032362650969,0.000543098797772035,True,True,-0.01806514293839958,-0.0005128487977720355,0.49450000000000005,0.47669551979185043,0.01780448020814962,99%+,99–100%,False,False,False,10.18723971,False
2022,FL-26,FL,26,-41.74599719,-25.292,-25.292,-22.82,D_vs_R,,0.0,0.0,9.992007221626415e-16,0.0,False,True,0.0007790878401948,0.0007793914868479821,6.069778627393983e-07,False,True,-0.0007793914868469829,-6.069778627393983e-07,0.5,0.4992209121598052,0.0007790878401948143,99%+,0–1%,False,False,False,41.74599719,False
2022,FL-27,FL,27,-14.58629897,-7.292,-7.292,-4.819999999999999,D_vs_R,,0.0,0.12,0.12783337150988489,0.0144,False,True,0.1808547267644766,0.19949383206087362,0.032708432193053485,False,True,-0.07166046055098874,-0.018308432193053486,0.38,0.31914527323552344,0.06085472676447656,80–90%,10–20%,False,False,False,14.58629897,False
2022,FL-28,FL,28,-27.37011603,-13.292,-13.292,-10.82,D_vs_R,,0.0,0.0135,0.013591953519466972,0.00018224999999999998,False,True,0.0481945996724028,0.04939467650622483,0.002322719437583168,False,True,-0.03580272298675786,-0.002140469437583168,0.4865,0.4518054003275972,0.03469459967240279,95–99%,1–5%,False,False,False,27.37011603,False
2022,FL-3,FL,3,-26.22703963,-21.092,-21.092,-18.619999999999997,D_vs_R,,0.0,0.0,9.992007221626415e-16,0.0,False,True,0.0041664869932347,0.004175190985293307,1.735961386479393e-05,False,True,-0.0041751909852923074,-1.735961386479393e-05,0.5,0.4958335130067653,0.004166486993234686,99%+,0–1%,False,False,False,26.22703963,False
2022,FL-4,FL,4,-20.90236152,-12.191999999999998,-12.191999999999998,-11.22,D_vs_R,,0.0,0.0245,0.024805118918971115,0.0006002500000000001,False,True,0.0636265277512557,0.06574087327463149,0.004048335033681311,False,True,-0.040935754355660374,-0.0034480850336813113,0.4755,0.4363734722487443,0.03912652775125569,95–99%,1–5%,False,False,False,20.90236152,False
2022,FL-7,FL,7,-17.06500469,-10.992,-10.992,-10.02,D_vs_R,,0.0,0.034,0.03459144476961909,0.0011560000000000001,False,True,0.084577594527363,0.08836967490674921,0.007153369496035024,False,True,-0.05377823013713012,-0.0059973694960350245,0.46599999999999997,0.415422405472637,0.05057759452736299,95–99%,1–5%,False,False,False,17.06500469,False
2022,FL-8,FL,8,-29.82046007,-24.592,-24.592,-22.12,D_vs_R,,0.0,0.0,9.992007221626415e-16,0.0,False,True,0.0010487573216004,0.0010493076523694362,1.0998919196104446e-06,False,True,-0.001049307652368437,-1.0998919196104446e-06,0.5,0.4989512426783996,0.0010487573216004242,99%+,0–1%,False,False,False,29.82046007,False
2022,FL-9,FL,9,7.270912397,13.408,13.408,12.88,D_vs_R,,1.0,0.981,0.019182819416773987,0.00036100000000000064,True,True,0.9532411142309352,0.04788740183951211,0.0021863933983644543,True,True,-0.02870458242273812,-0.0018253933983644536,0.481,0.45324111423093516,0.027758885769064823,95–99%,95–99%,False,False,False,7.270912397,False
2022,GA-1,GA,1,-18.29447086,-20.392000000000003,-20.392000000000003,-17.92,D_vs_R,,0.0,0.0,9.992007221626415e-16,0.0,False,True,0.0053751391878811,0.005389637224506888,2.8892121289095087e-05,False,True,-0.005389637224505889,-2.8892121289095087e-05,0.5,0.4946248608121189,0.005375139187881073,99%+,0–1%,False,False,False,18.29447086,False
2022,GA-10,GA,10,-29.06608588,-28.892,-28.892,-27.92,D_vs_R,,0.0,0.0,9.992007221626415e-16,0.0,False,True,0.0001507969130424,0.00015080828404007485,2.273970898311715e-08,False,True,-0.00015080828403907565,-2.273970898311715e-08,0.5,0.4998492030869576,0.00015079691304237253,99%+,0–1%,False,False,False,29.06608588,False
2022,GA-11,GA,11,-25.19783835,-22.292,-22.292,-19.82,D_vs_R,,0.0,0.0,9.992007221626415e-16,0.0,False,True,0.0026486780554425,0.002652192009423278,7.015495441382664e-06,False,True,-0.0026521920094222788,-7.015495441382664e-06,0.5,0.4973513219445575,0.0026486780554424993,99%+,0–1%,False,False,False,25.19783835,False
2022,GA-12,GA,12,-19.19304663,-17.415399999999998,-17.415399999999998,-14.62,D_vs_R,,0.0,0.0025,0.002503130218118477,6.25e-06,False,True,0.014688580068444,0.014797525411775505,0.00021575438442709036,False,True,-0.012294395193657028,-0.00020950438442709037,0.4975,0.485311419931556,0.012188580068443977,99%+,0–1%,False,False,False,19.19304663,False
2022,GA-13,GA,13,63.54868942,56.79299999999999,56.79299999999999,55.879999999999995,D_vs_R,,1.0,1.0,9.992007221626415e-16,0.0,True,True,0.9999999999993936,6.064038160504444e-13,3.6772558812031818e-25,True,True,-6.054046153282817e-13,-3.6772558812031818e-25,0.5,0.4999999999993936,6.064038160502605e-13,99%+,99–100%,False,False,False,63.54868942,False
2022,GA-14,GA,14,-31.729314,-41.392,-41.392,-41.92,D_vs_R,,0.0,0.0,9.992007221626415e-16,0.0,False,True,1.124531752398328e-07,1.1245318153899052e-07,1.2645716621520543e-14,False,True,-1.124531805397898e-07,-1.2645716621520543e-14,0.5,0.4999998875468248,1.1245317521613174e-07,99%+,0–1%,False,False,False,31.729314,False
2022,GA-2,GA,2,9.948620204,7.140125000000001,7.140125000000001,5.780000000000001,D_vs_R,,1.0,0.872,0.13696585507315742,0.016384,True,True,0.8141023256121227,0.20566921373987734,0.03455794534282125,True,True,-0.06870335866671992,-0.01817394534282125,0.372,0.3141023256121227,0.057897674387877296,80–90%,80–90%,False,False,False,9.948620204,False
2022,GA-3,GA,3,-37.49971827,-36.882000000000005,-36.882000000000005,-34.620000000000005,D_vs_R,,0.0,0.0,9.992007221626415e-16,0.0,False,True,1.98116665805529e-06,1.981168620573729e-06,3.925021326989965e-12,False,True,-1.9811686195745284e-06,-3.925021326989965e-12,0.5,0.49999801883334194,1.9811666580604737e-06,99%+,0–1%,False,False,False,37.49971827,False
2022,GA-4,GA,4,56.97047534,53.63728571428572,53.63728571428572,53.18000000000001,D_vs_R,,1.0,1.0,9.992007221626415e-16,0.0,True,True,0.999999999990213,9.786949029026035e-12,9.57843712958162e-23,True,True,-9.785949828303872e-12,-9.57843712958162e-23,0.5,0.49999999999021305,9.786949028978142e-12,99%+,99–100%,False,False,False,56.97047534,False
2022,GA-5,GA,5,64.95654175,62.321689024390245,62.321689024390245,61.98,D_vs_R,,1.0,1.0,9.992007221626415e-16,0.0,True,True,0.9999999999999968,3.219646771412959e-15,1.0366125332669858e-29,True,True,-2.220446049250318e-15,-1.0366125332669858e-29,0.5,0.4999999999999968,3.219646771412954e-15,99%+,99–100%,False,False,False,64.95654175,False
2022,GA-6,GA,6,-24.4434553,-20.498711956521745,-20.498711956521745,-19.42,D_vs_R,,0.0,0.0005,0.0005001250416822429,2.5e-07,False,True,0.0051727672932702,0.005186192370551158,2.675752147032591e-05,False,True,-0.004686067328868915,-2.650752147032591e-05,0.4995,0.4948272327067298,0.004672767293270208,99%+,0–1%,False,False,False,24.4434553,False
2022,GA-7,GA,7,21.74149822,21.3764756097561,21.3764756097561,21.28,D_vs_R,,1.0,0.9995,0.0005001250416822429,2.4999999999994493e-07,True,True,0.9962507594767798,0.003756286542464799,1.4056804500956718e-05,True,True,-0.003256161500782556,-1.3806804500956773e-05,0.49950000000000006,0.49625075947677977,0.003249240523220287,99%+,99–100%,False,False,False,21.74149822,False
2022,GA-8,GA,8,-37.15241801,-34.72802272727273,-34.72802272727273,-32.120000000000005,D_vs_R,,0.0,0.0,9.992007221626415e-16,0.0,False,True,6.99811646922363e-06,6.998140956134753e-06,4.8973634116819e-11,False,True,-6.998140955135552e-06,-4.8973634116819e-11,0.5,0.4999930018835308,6.9981164692034525e-06,99%+,0–1%,False,False,False,37.15241801,False
2022,GA-9,GA,9,-44.70758624,-44.64486585365854,-44.64486585365854,-42.42,D_vs_R,,0.0,0.0,9.992007221626415e-16,0.0,False,True,1.1728202977892774e-08,1.1728203033131544e-08,1.3755074509065291e-16,False,True,-1.1728202033930822e-08,-1.3755074509065291e-16,0.5,0.49999998827179704,1.1728202964356171e-08,99%+,0–1%,False,False,False,44.70758624,False
2022,HI-1,HI,1,45.62205378,25.408,25.408,24.88,D_vs_R,,1.0,1.0,9.992007221626415e-16,0.0,True,True,0.9992588700705812,0.0007414047019747427,5.492735722802728e-07,True,True,-0.0007414047019737435,-5.492735722802728e-07,0.5,0.49925887007058123,0.0007411299294187712,99%+,99–100%,False,False,False,45.62205378,False
2022,HI-2,HI,2,25.59301334,24.008,24.008,24.98,D_vs_R,,1.0,1.0,9.992007221626415e-16,0.0,True,True,0.9986634119050076,0.001337482125582769,1.7864677356753454e-06,True,True,-0.0013374821255817699,-1.7864677356753454e-06,0.5,0.4986634119050076,0.0013365880949923747,99%+,99–100%,False,False,False,25.59301334,False
2022,IA-1,IA,1,-6.707002092,-8.123249999999999,-8.123249999999999,-7.42,D_vs_R,,0.0,0.0925,0.09706171284313124,0.00855625,False,True,0.1547935825132641,0.1681744004073291,0.023961053187290703,False,True,-0.07111268756419785,-0.015404803187290704,0.4075,0.34520641748673586,0.06229358251326411,90–95%,5–10%,False,False,False,6.707002092,False
2022,IA-2,IA,2,-8.161875169,-11.392,-11.392,-8.92,D_vs_R,,0.0,0.035,0.03562717764315116,0.0012250000000000002,False,True,0.0770848129520597,0.0802179370567061,0.00594206838785403,False,True,-0.04459075941355494,-0.00471706838785403,0.46499999999999997,0.4229151870479403,0.04208481295205968,95–99%,1–5%,False,False,False,8.161875169,False
2022,IA-3,IA,3,-0.680868083,-3.3637045454545453,-3.3637045454545453,-4.819999999999999,D_vs_R,,0.0,0.3035,0.36168748576227666,0.09211224999999999,False,True,0.3369704128244929,0.41093566358459277,0.11354905911910917,False,True,-0.04924817782231611,-0.021436809119109182,0.1965,0.16302958717550708,0.03347041282449292,65–80%,20–35%,False,False,False,0.680868083,True
2022,IA-4,IA,4,-35.98196626,-32.992000000000004,-32.992000000000004,-30.52,D_vs_R,,0.0,0.0,9.992007221626415e-16,0.0,False,True,1.8394573327268233e-05,1.8394742509545846e-05,3.3836032789224793e-10,False,True,-1.8394742508546645e-05,-3.3836032789224793e-10,0.5,0.49998160542667275,1.8394573327251695e-05,99%+,0–1%,False,False,False,35.98196626,False
2022,ID-1,ID,1,-45.01315444,-45.192691699604744,-45.192691699604744,-42.72,D_vs_R,,0.0,0.0,9.992007221626415e-16,0.0,False,True,7.888935208043792e-09,7.888935202902444e-09,6.223529871671294e-17,False,True,-7.888934203701722e-09,-6.223529871671294e-17,0.5,0.4999999921110648,7.888935227295946e-09,99%+,0–1%,False,False,False,45.01315444,False
2022,ID-2,ID,2,-27.18208167,-29.75235,-29.75235,-27.42,D_vs_R,,0.0,0.0,9.992007221626415e-16,0.0,False,True,9.900449719575188e-05,9.900939846453178e-05,9.801890464983644e-09,False,True,-9.900939846353258e-05,-9.801890464983644e-09,0.5,0.49990099550280426,9.900449719574267e-05,99%+,0–1%,False,False,False,27.18208167,False
2022,IL-1,IL,1,34.06717911,35.776068181818175,35.776068181818175,37.879999999999995,D_vs_R,,1.0,1.0,9.992007221626415e-16,0.0,True,True,0.9999961796846412,3.820322656261173e-06,1.45948094409725e-11,True,True,-3.820322655261972e-06,-1.45948094409725e-11,0.5,0.49999617968464116,3.820315358837867e-06,99%+,99–100%,False,False,False,34.06717911,False
2022,IL-10,IL,10,26.00169306,20.853799999999996,20.853799999999996,21.38,D_vs_R,,1.0,1.0,9.992007221626415e-16,0.0,True,True,0.9954526923080572,0.004557678145937858,2.0678007245201984e-05,True,True,-0.004557678145936859,-2.0678007245201984e-05,0.5,0.4954526923080572,0.004547307691942781,99%+,99–100%,False,False,False,26.00169306,False
2022,IL-11,IL,11,12.9060214,10.6801,10.6801,10.78,D_vs_R,,1.0,0.9495,0.05181974872979647,0.002550249999999999,True,True,0.9092106071434884,0.09517852061393915,0.008242713855253991,True,True,-0.04335877188414268,-0.005692463855253993,0.4495,0.40921060714348845,0.04028939285651156,90–95%,90–95%,False,False,False,12.9060214,False
2022,IL-12,IL,12,-50.0008586,-50.03455,-50.03455,-47.31999999999999,D_vs_R,,0.0,0.0,9.992007221626415e-16,0.0,False,True,1.9432147678206792e-10,1.9432144784060187e-10,3.776083633876376e-20,False,True,-1.943204486398797e-10,-3.776083633876376e-20,0.5,0.4999999998056785,1.9432150333287268e-10,99%+,0–1%,False,False,False,50.0008586,False
2022,IL-13,IL,13,13.23298063,6.801749999999999,6.801749999999999,6.68,D_vs_R,,1.0,0.868,0.14156356432178688,0.017424000000000002,True,True,0.8025570331695493,0.21995235713311928,0.03898372515081046,True,True,-0.0783887928113324,-0.021559725150810456,0.368,0.3025570331695493,0.0654429668304507,80–90%,80–90%,False,False,False,13.23298063,False
2022,IL-14,IL,14,8.322062553,8.075608695652173,8.075608695652173,6.98,D_vs_R,,1.0,0.8845,0.12273276538229713,0.01334025000000001,True,True,0.8437833753691515,0.1698594815846467,0.024403633811055425,True,True,-0.04712671620234957,-0.011063383811055415,0.38449999999999995,0.3437833753691515,0.040716624630848464,80–90%,80–90%,False,False,False,8.322062553,False
2022,IL-15,IL,15,-42.28781943,-45.30575,-45.30575,-43.22,D_vs_R,,0.0,0.0,9.992007221626415e-16,0.0,False,True,7.264916257926792e-09,7.264916250548428e-09,5.2779008234689024e-17,False,True,-7.264915251347706e-09,-5.2779008234689024e-17,0.5,0.4999999927350837,7.264916279670075e-09,99%+,0–1%,False,False,False,42.28781943,False
2022,IL-16,IL,16,-32.65558188,-30.672560344827588,-30.672560344827588,-26.02,D_vs_R,,0.0,0.0,9.992007221626415e-16,0.0,False,True,6.236283065994619e-05,6.236477530214104e-05,3.889122647921125e-09,False,True,-6.236477530114184e-05,-3.889122647921125e-09,0.5,0.49993763716934003,6.236283065996773e-05,99%+,0–1%,False,False,False,32.65558188,False
2022,IL-17,IL,17,3.970007249,2.4002727272727276,2.4002727272727276,3.28,D_vs_R,,1.0,0.646,0.43695577519953516,0.12531599999999998,True,True,0.6180013246669117,0.48126467805277634,0.1459229879562342,True,True,-0.04430890285324118,-0.020606987956234224,0.14600000000000002,0.11800132466691171,0.027998675333088308,50–65%,50–65%,False,False,False,3.970007249,True
2022,IL-2,IL,2,34.2550496,36.008,36.008,35.480000000000004,D_vs_R,,1.0,1.0,9.992007221626415e-16,0.0,True,True,0.99999666608148,3.3339240775507658e-06,1.111501269821279e-11,True,True,-3.333924076551565e-06,-1.111501269821279e-11,0.5,0.49999666608147997,3.3339185200320642e-06,99%+,99–100%,False,False,False,34.2550496,False
2022,IL-3,IL,3,36.99897052,35.700386363636355,35.700386363636355,36.879999999999995,D_vs_R,,1.0,1.0,9.992007221626415e-16,0.0,True,True,0.9999960067858562,3.993222116694546e-06,1.5945759198194228e-11,True,True,-3.9932221156953455e-06,-1.5945759198194228e-11,0.5,0.4999960067858562,3.993214143793722e-06,99%+,99–100%,False,False,False,36.99897052,False
2022,IL-4,IL,4,40.34965088,44.3505,44.3505,41.879999999999995,D_vs_R,,1.0,1.0,9.992007221626415e-16,0.0,True,True,0.999999985514014,1.4485986071239012e-08,2.0984378941633644e-16,True,True,-1.448598507203829e-08,-2.0984378941633644e-16,0.5,0.49999998551401403,1.4485985966317116e-08,99%+,99–100%,False,False,False,40.34965088,False
2022,IL-5,IL,5,40.75286833,34.88956666666667,34.88956666666667,35.08,D_vs_R,,1.0,1.0,9.992007221626415e-16,0.0,True,True,0.9999936184242872,6.381596075095912e-06,4.0724508577624416e-11,True,True,-6.381596074096712e-06,-4.0724508577624416e-11,0.5,0.49999361842428725,6.381575712754994e-06,99%+,99–100%,False,False,False,40.75286833,False
2022,IL-6,IL,6,8.721045731,6.134195652173913,6.134195652173913,6.380000000000001,D_vs_R,,1.0,0.841,0.17316361900918903,0.02528100000000001,True,True,0.7785453775979627,0.2503280009058772,0.04904214978322891,True,True,-0.07716438189668817,-0.023761149783228904,0.34099999999999997,0.2785453775979627,0.06245462240203725,80–90%,80–90%,False,False,False,8.721045731,False
2022,IL-8,IL,8,13.77554714,11.408,11.408,10.88,D_vs_R,,1.0,0.9605,0.04030129677352569,0.0015602499999999985,True,True,0.9232040517064918,0.07990499447440158,0.0058976176742991885,True,True,-0.03960369770087589,-0.00433736767429919,0.4605,0.4232040517064918,0.03729594829350824,95–99%,95–99%,False,False,False,13.77554714,False
2022,IL-9,IL,9,43.3880174,35.48175,35.48175,37.08,D_vs_R,,1.0,1.0,9.992007221626415e-16,0.0,True,True,0.9999954642739854,4.535736300990331e-06,2.0572810479101792e-11,True,True,-4.53573629999113e-06,-2.0572810479101792e-11,0.5,0.49999546427398545,4.535726014553987e-06,99%+,99–100%,False,False,False,43.3880174,False
2022,IN-1,IN,1,5.681802192,5.270408536585367,5.270408536585367,3.880000000000001,D_vs_R,,1.0,0.797,0.22690060019192196,0.04120899999999998,True,True,0.7451303950642818,0.29419604898608204,0.06495851552008906,True,True,-0.06729544879416008,-0.02374951552008908,0.29700000000000004,0.2451303950642818,0.05186960493571824,65–80%,65–80%,False,False,False,5.681802192,False
2022,IN-2,IN,2,-32.16418564,-28.469840909090912,-28.469840909090912,-27.12,D_vs_R,,0.0,0.0,9.992007221626415e-16,0.0,False,True,0.0001846368570215,0.00018465390450443856,3.409076897077783e-08,False,True,-0.00018465390450343936,-3.409076897077783e-08,0.5,0.4998153631429785,0.0001846368570215251,99%+,0–1%,False,False,False,32.16418564,False
2022,IN-3,IN,3,-35.22938147,-37.777,-37.777,-34.42,D_vs_R,,0.0,0.0,9.992007221626415e-16,0.0,False,True,1.1488875089574337e-06,1.1488881688778308e-06,1.3199425082384171e-12,False,True,-1.1488881678786301e-06,-1.3199425082384171e-12,0.5,0.49999885111249104,1.1488875089615824e-06,99%+,0–1%,False,False,False,35.22938147,False
2022,IN-4,IN,4,-36.43435948,-36.35621195652175,-36.35621195652175,-33.620000000000005,D_vs_R,,0.0,0.0,9.992007221626415e-16,0.0,False,True,2.7133056629159153e-06,2.7133093439474034e-06,7.362027620411575e-12,False,True,-2.7133093429482027e-06,-7.362027620411575e-12,0.5,0.4999972866943371,2.7133056629269348e-06,99%+,0–1%,False,False,False,36.43435948,False
2022,IN-5,IN,5,-22.14125304,-22.84206097560976,-22.84206097560976,-20.42,D_vs_R,,0.0,0.0005,0.0005001250416822429,2.5e-07,False,True,0.002137140189413,0.0021394271324338093,4.567368189204234e-06,False,True,-0.0016393020907515665,-4.317368189204234e-06,0.4995,0.497862859810587,0.0016371401894130222,99%+,0–1%,False,False,False,22.14125304,False
2022,IN-6,IN,6,-35.05921746,-38.55075,-38.55075,-36.42,D_vs_R,,0.0,0.0,9.992007221626415e-16,0.0,False,True,7.103364453425955e-07,7.103366976199692e-07,5.045778655819541e-13,False,True,-7.103366966207684e-07,-5.045778655819541e-13,0.5,0.49999928966355467,7.103364453309169e-07,99%+,0–1%,False,False,False,35.05921746,False
2022,IN-7,IN,7,36.35003996,37.603624999999994,37.603624999999994,37.879999999999995,D_vs_R,,1.0,1.0,9.992007221626415e-16,0.0,True,True,0.9999987220069158,1.2779939008815546e-06,1.6332663233849416e-12,True,True,-1.2779938998823539e-06,-1.6332663233849416e-12,0.5,0.49999872200691575,1.2779930842476972e-06,99%+,99–100%,False,False,False,36.35003996,False
2022,IN-8,IN,8,-34.20014812,-40.84199999999999,-40.84199999999999,-37.31999999999999,D_vs_R,,0.0,0.0,9.992007221626415e-16,0.0,False,True,1.62207723409579e-07,1.6220773651995688e-07,2.6311345533718478e-14,False,True,-1.6220773552075616e-07,-2.6311345533718478e-14,0.5,0.4999998377922766,1.6220772341979384e-07,99%+,0–1%,False,False,False,34.20014812,False
2022,IN-9,IN,9,-29.94815249,-32.56609090909091,-32.56609090909091,-31.82,D_vs_R,,0.0,0.0,9.992007221626415e-16,0.0,False,True,2.3156206846836195e-05,2.31564749558828e-05,5.362099155334634e-10,False,True,-2.31564749548836e-05,-5.362099155334634e-10,0.5,0.49997684379315316,2.315620684684161e-05,99%+,0–1%,False,False,False,29.94815249,False
2022,KS-1,KS,1,-35.33228479,-36.592000000000006,-36.592000000000006,-34.120000000000005,D_vs_R,,0.0,0.0,9.992007221626415e-16,0.0,False,True,2.3576232782459145e-06,2.3576260574688447e-06,5.558387522127012e-12,False,True,-2.357626056469644e-06,-5.558387522127012e-12,0.5,0.49999764237672173,2.357623278270715e-06,99%+,0–1%,False,False,False,35.33228479,False
2022,KS-2,KS,2,-15.27867054,-23.292,-23.292,-20.82,D_vs_R,,0.0,0.0,9.992007221626415e-16,0.0,False,True,0.0017872569517027,0.0017888560009670287,3.1942874114096275e-06,False,True,-0.0017888560009660295,-3.1942874114096275e-06,0.5,0.4982127430482973,0.001787256951702676,99%+,0–1%,False,False,False,15.27867054,False
2022,KS-3,KS,3,12.17681069,0.5080000000000003,0.5080000000000003,-0.0199999999999995,D_vs_R,,1.0,0.5215,0.65104600454131,0.22896225000000003,True,True,0.5253328113402542,0.643723290874564,0.2253089399901467,True,True,0.0073227136667459725,0.0036533100098533333,0.021499999999999964,0.025332811340254224,-0.0038328113402542607,50–65%,50–65%,False,False,False,12.17681069,False
2022,KS-4,KS,4,-26.68444522,-28.692,-28.692,-26.22,D_vs_R,,0.0,0.0,9.992007221626415e-16,0.0,False,True,0.0001660314952816,0.00016604528003614054,2.756645742544396e-08,False,True,-0.00016604528003514134,-2.756645742544396e-08,0.5,0.4998339685047184,0.00016603149528160444,99%+,0–1%,False,False,False,26.68444522,False
2022,KY-1,KY,1,-49.80761252,-49.498607142857146,-49.498607142857146,-47.22,D_vs_R,,0.0,0.0,9.992007221626415e-16,0.0,False,True,2.9800162383035085e-10,2.980016234221885e-10,8.880496780552593e-20,False,True,-2.9800062422146634e-10,-8.880496780552593e-20,0.5,0.4999999997019984,2.98001623377786e-10,99%+,0–1%,False,False,False,49.80761252,False
2022,KY-2,KY,2,-43.71564892,-44.16561702127659,-44.16561702127659,-41.22,D_vs_R,,0.0,0.0,9.992007221626415e-16,0.0,False,True,1.6529507201285956e-08,1.6529507344042378e-08,2.732246083173643e-16,False,True,-1.6529506344841656e-08,-2.732246083173643e-16,0.5,0.4999999834704928,1.6529507207430072e-08,99%+,0–1%,False,False,False,43.71564892,False
2022,KY-3,KY,3,23.99311214,17.678227272727273,17.678227272727273,17.78,D_vs_R,,1.0,0.9975,0.002503130218118477,6.2499999999997335e-06,True,True,0.98649120303917,0.013600870904214062,0.0001824875953289288,True,True,-0.011097740686095585,-0.00017623759532892904,0.49750000000000005,0.48649120303917004,0.011008796960830014,99%+,99–100%,False,False,False,23.99311214,False
2022,KY-4,KY,4,-33.98840969,-39.492,-39.492,-37.02,D_vs_R,,0.0,0.0,9.992007221626415e-16,0.0,False,True,3.909783279131001e-07,3.909784043674892e-07,1.528640528977236e-13,False,True,-3.909784033682885e-07,-1.528640528977236e-13,0.5,0.49999960902167206,3.9097832793544285e-07,99%+,0–1%,False,False,False,33.98840969,False
2022,KY-5,KY,5,-64.34688121,-66.48630555555555,-66.48630555555555,-63.92,D_vs_R,,0.0,0.0,9.992007221626415e-16,0.0,False,True,4.53478211174693e-17,9.992007221626415e-16,2.0564248801019947e-33,False,True,0.0,-2.0564248801019947e-33,0.5,0.49999999999999994,5.551115123125783e-17,99%+,0–1%,False,False,False,64.34688121,False
2022,KY-6,KY,6,-29.0728391,-17.992,-17.992,-15.52,D_vs_R,,0.0,0.0025,0.002503130218118477,6.25e-06,False,True,0.012208248079453,0.012283380859302293,0.00014904132116946785,False,True,-0.009780250641183815,-0.00014279132116946786,0.4975,0.487791751920547,0.009708248079452975,99%+,0–1%,False,False,False,29.0728391,False
2022,LA-1,LA,1,-47.61559391,-45.992,-45.992,-43.52,D_vs_R,,0.0,0.0,9.992007221626415e-16,0.0,False,True,4.3872115702439215e-09,4.387211603638486e-09,1.9247625362082134e-17,False,True,-4.3872106044377636e-09,-1.9247625362082134e-17,0.5,0.4999999956127884,4.387211594014673e-09,99%+,0–1%,False,False,False,47.61559391,False
2022,LA-2,LA,2,54.22805503,47.008,47.008,47.98,D_vs_R,,1.0,1.0,9.992007221626415e-16,0.0,True,True,0.999999997948036,2.051964045231298e-09,4.210556434282083e-18,True,True,-2.051963046030576e-09,-4.210556434282083e-18,0.5,0.49999999794803596,2.05196404312602e-09,99%+,99–100%,False,False,False,54.22805503,False
2022,LA-3,LA,3,-53.78798675,-44.592000000000006,-44.592000000000006,-42.120000000000005,D_vs_R,,0.0,0.0,9.992007221626415e-16,0.0,False,True,1.2182748068713984e-08,1.2182748106817224e-08,1.484193505057543e-16,False,True,-1.2182747107616501e-08,-1.484193505057543e-16,0.5,0.4999999878172519,1.21827480881187e-08,99%+,0–1%,False,False,False,53.78798675,False
2022,LA-5,LA,5,-51.858396,-35.192,-35.192,-34.22,D_vs_R,,0.0,0.0,9.992007221626415e-16,0.0,False,True,5.363955720489934e-06,5.363970106545134e-06,2.877202097137669e-11,False,True,-5.363970105545933e-06,-2.877202097137669e-11,0.5,0.4999946360442795,5.3639557204832045e-06,99%+,0–1%,False,False,False,51.858396,False
2022,MA-1,MA,1,22.47251101,17.708,17.708,17.18,D_vs_R,,1.0,0.9975,0.002503130218118477,6.2499999999997335e-06,True,True,0.9866195426152944,0.013470782335604326,0.00017903663982392297,True,True,-0.010967652117485849,-0.00017278663982392322,0.49750000000000005,0.4866195426152944,0.010880457384705666,99%+,99–100%,False,False,False,22.47251101,False
2022,MA-2,MA,2,31.66447079,26.808,26.808,26.28,D_vs_R,,1.0,1.0,9.992007221626415e-16,0.0,True,True,0.9996006603589926,0.0003994193983160069,1.5947214887988466e-07,True,True,-0.0003994193983150077,-1.5947214887988466e-07,0.5,0.49960066035899264,0.00039933964100735686,99%+,99–100%,False,False,False,31.66447079,False
2022,MA-3,MA,3,26.21872874,23.408,23.408,22.88,D_vs_R,,1.0,1.0,9.992007221626415e-16,0.0,True,True,0.9982940657497,0.0017073910131299532,2.910211666346512e-06,True,True,-0.001707391013128954,-2.910211666346512e-06,0.5,0.49829406574970003,0.0017059342502999675,99%+,99–100%,False,False,False,26.21872874,False
2022,MA-5,MA,5,46.51170138,47.108,47.108,46.58,D_vs_R,,1.0,1.0,9.992007221626415e-16,0.0,True,True,0.9999999980975296,1.9024704052461925e-09,3.619393635951823e-18,True,True,-1.9024694060454704e-09,-3.619393635951823e-18,0.5,0.4999999980975296,1.902470403436496e-09,99%+,99–100%,False,False,False,46.51170138,False
2022,MA-6,MA,6,27.04035514,23.608,23.608,23.08,D_vs_R,,1.0,1.0,9.992007221626415e-16,0.0,True,True,0.9984264048524204,0.0015748345488049878,2.476201688486058e-06,True,True,-0.0015748345488039886,-2.476201688486058e-06,0.5,0.4984264048524204,0.0015735951475795984,99%+,99–100%,False,False,False,27.04035514,False
2022,MA-7,MA,7,65.68824738,68.40800000000002,68.40800000000002,67.88000000000001,D_vs_R,,1.0,1.0,9.992007221626415e-16,0.0,True,True,1.0,9.992007221626415e-16,0.0,True,True,0.0,0.0,0.5,0.5,0.0,99%+,99–100%,False,False,False,65.68824738,False
2022,MA-8,MA,8,37.90142068,31.508,31.508,30.98,D_vs_R,,1.0,1.0,9.992007221626415e-16,0.0,True,True,0.9999594535327851,4.054728924507471e-05,1.644016003605113e-09,True,True,-4.054728924407551e-05,-1.644016003605113e-09,0.5,0.49995945353278515,4.0546467214852555e-05,99%+,99–100%,False,False,False,37.90142068,False
2022,MA-9,MA,9,17.95155568,14.208,14.208,13.68,D_vs_R,,1.0,0.9855,0.014606152389362114,0.00021024999999999877,True,True,0.9622318027176784,0.03849989817644192,0.0014264367259563657,True,True,-0.023893745787079805,-0.0012161867259563668,0.48550000000000004,0.4622318027176784,0.023268197282321657,95–99%,95–99%,False,False,False,17.95155568,False
2022,MD-1,MD,1,-11.30427669,-21.178071428571428,-21.178071428571428,-19.02,D_vs_R,,0.0,0.0,9.992007221626415e-16,0.0,False,True,0.0040360620820967,0.004044228962760465,1.628979713053875e-05,False,True,-0.0040442289627594654,-1.628979713053875e-05,0.5,0.4959639379179033,0.004036062082096725,99%+,0–1%,False,False,False,11.30427669,False
2022,MD-2,MD,2,18.59786763,16.318,16.318,16.28,D_vs_R,,1.0,0.9975,0.002503130218118477,6.2499999999997335e-06,True,True,0.9793805913745076,0.020834956762933593,0.0004251600120650298,True,True,-0.018331826544815116,-0.00041891001206503006,0.49750000000000005,0.4793805913745076,0.01811940862549244,99%+,99–100%,False,False,False,18.59786763,False
2022,MD-3,MD,3,20.47756874,21.16675,21.16675,20.98,D_vs_R,,1.0,1.0,9.992007221626415e-16,0.0,True,True,0.9959469938306252,0.0040612418592794585,1.6426859008989884e-05,True,True,-0.004061241859278459,-1.6426859008989884e-05,0.5,0.49594699383062524,0.004053006169374762,99%+,99–100%,False,False,False,20.47756874,False
2022,MD-4,MD,4,80.4498497,75.36517171717173,75.36517171717173,76.48,D_vs_R,,1.0,1.0,9.992007221626415e-16,0.0,True,True,1.0,9.992007221626415e-16,0.0,True,True,0.0,0.0,0.5,0.5,0.0,99%+,99–100%,False,False,False,80.4498497,False
2022,MD-5,MD,5,31.9507439,31.72049999999999,31.72049999999999,31.98,D_vs_R,,1.0,1.0,9.992007221626415e-16,0.0,True,True,0.9999637193488288,3.62813093299714e-05,1.3162856494083056e-09,True,True,-3.62813093289722e-05,-1.3162856494083056e-09,0.5,0.4999637193488288,3.6280651171227696e-05,99%+,99–100%,False,False,False,31.9507439,False
2022,MD-6,MD,6,9.564817198,6.018000000000001,6.018000000000001,5.280000000000001,D_vs_R,,1.0,0.818,0.20089294237939007,0.03312400000000002,True,True,0.7742015919204099,0.25592298462730895,0.050984921091277086,True,True,-0.05503004224791888,-0.017860921091277064,0.31799999999999995,0.27420159192040994,0.04379840807959001,80–90%,80–90%,False,False,False,9.564817198,False
2022,MD-7,MD,7,64.34110205,60.27402272727273,60.27402272727273,58.98,D_vs_R,,1.0,1.0,9.992007221626415e-16,0.0,True,True,0.9999999999999764,2.3647750424516115e-14,5.592161001401888e-28,True,True,-2.2648549702353474e-14,-5.592161001401888e-28,0.5,0.49999999999997635,2.3647750424515834e-14,99%+,99–100%,False,False,False,64.34110205,False
2022,MD-8,MD,8,62.02622196,56.678,56.678,58.08,D_vs_R,,1.0,1.0,9.992007221626415e-16,0.0,True,True,0.9999999999993272,6.727951529230711e-13,4.526533177964742e-25,True,True,-6.717959522009085e-13,-4.526533177964742e-25,0.5,0.4999999999993272,6.727951529228449e-13,99%+,99–100%,False,False,False,62.02622196,False
2022,ME-1,ME,1,25.2667966,18.6386,18.6386,18.28,D_vs_R,,1.0,0.998,0.0020020026706730793,4.0000000000000074e-06,True,True,0.9901336186503398,0.009915376627230982,9.734548093692312e-05,True,True,-0.007913373956557904,-9.334548093692312e-05,0.498,0.4901336186503398,0.007866381349660223,99%+,99–100%,False,False,False,25.2667966,False
2022,ME-2,ME,2,2.894967871,-10.092,-10.092,-10.62,D_vs_R,,1.0,0.054,2.9187712324178627,0.8949159999999999,False,False,0.1034118303596439,2.26903590991633,0.803870345939044,False,False,0.6497353225015328,0.09104565406095588,0.446,0.3965881696403561,0.049411830359643916,90–95%,5–10%,True,False,False,2.894967871,True
2022,MI-1,MI,1,-22.56593558,-26.792,-26.792,-24.32,D_vs_R,,0.0,0.0,9.992007221626415e-16,0.0,False,True,0.000402237124805,0.0004023180438571383,1.6179470457139314e-07,False,True,-0.0004023180438561391,-1.6179470457139314e-07,0.5,0.499597762875195,0.00040223712480502716,99%+,0–1%,False,False,False,22.56593558,False
2022,MI-10,MI,10,-0.4904409984,-6.492,-6.492,-5.52,D_vs_R,,0.0,0.1595,0.17375832613346673,0.02544025,False,True,0.2083827964286632,0.23367733283280692,0.04342338984742969,False,True,-0.059919006699340194,-0.017983139847429688,0.3405,0.2916172035713368,0.04888279642866322,80–90%,10–20%,False,False,False,0.4904409984,True
2022,MI-11,MI,11,22.63783559,15.808000000000002,15.808000000000002,15.28,D_vs_R,,1.0,0.9945,0.005515180688110111,3.0249999999999444e-05,True,True,0.9759977165388408,0.024295032183624884,0.0005761096113498354,True,True,-0.018779851495514772,-0.000545859611349836,0.49450000000000005,0.4759977165388408,0.01850228346115923,99%+,99–100%,False,False,False,22.63783559,False
2022,MI-12,MI,12,44.58402533,44.508,44.508,43.98,D_vs_R,,1.0,1.0,9.992007221626415e-16,0.0,True,True,0.9999999870596364,1.2940363642204446e-08,1.6745300902558386e-16,True,True,-1.2940362643003724e-08,-1.6745300902558386e-16,0.5,0.49999998705963644,1.2940363558477941e-08,99%+,99–100%,False,False,False,44.58402533,False
2022,MI-13,MI,13,47.11700875,44.108,44.108,45.08,D_vs_R,,1.0,1.0,9.992007221626415e-16,0.0,True,True,0.9999999827783628,1.722163737568607e-08,2.965847887919516e-16,True,True,-1.7221636376485346e-08,-2.965847887919516e-16,0.5,0.4999999827783628,1.722163722739367e-08,99%+,99–100%,False,False,False,47.11700875,False
2022,MI-2,MI,2,-29.38551665,-35.192,-35.192,-32.72,D_vs_R,,0.0,0.0,9.992007221626415e-16,0.0,False,True,5.363955720489934e-06,5.363970106545134e-06,2.877202097137669e-11,False,True,-5.363970105545933e-06,-2.877202097137669e-11,0.5,0.4999946360442795,5.3639557204832045e-06,99%+,0–1%,False,False,False,29.38551665,False
2022,MI-3,MI,3,12.90901153,3.0080000000000005,3.0080000000000005,3.98,D_vs_R,,1.0,0.6925,0.3674470409206435,0.09455625,True,True,0.6466354785145563,0.4359725458571351,0.12486648504463663,True,True,-0.06852550493649157,-0.030310235044636633,0.1925,0.14663547851455627,0.04586452148544373,65–80%,65–80%,False,False,False,12.90901153,False
2022,MI-4,MI,4,-11.89485382,-10.892,-10.892,-8.42,D_vs_R,,0.0,0.0455,0.04656763581633473,0.00207025,False,True,0.0865334739635093,0.09050854747368504,0.007488042116193342,False,True,-0.04394091165735031,-0.005417792116193342,0.4545,0.4134665260364907,0.041033473963509315,95–99%,1–5%,False,False,False,11.89485382,False
2022,MI-5,MI,5,-27.44580121,-31.192,-31.192,-28.72,D_vs_R,,0.0,0.0,9.992007221626415e-16,0.0,False,True,4.7775462559807585e-05,4.7776603843613225e-05,2.282494822803576e-09,False,True,-4.7776603842614025e-05,-2.282494822803576e-09,0.5,0.4999522245374402,4.777546255979592e-05,99%+,0–1%,False,False,False,27.44580121,False
2022,MI-6,MI,6,31.77525775,22.708,22.708,22.18,D_vs_R,,1.0,0.9995,0.0005001250416822429,2.4999999999994493e-07,True,True,0.9977472041945236,0.002255337167444142,5.07508894117223e-06,True,True,-0.001755212125761899,-4.825088941172285e-06,0.49950000000000006,0.49774720419452356,0.0017527958054764925,99%+,99–100%,False,False,False,31.77525775,False
2022,MI-7,MI,7,5.41576784,-3.492,-3.492,-4.02,D_vs_R,,1.0,0.2835,1.2605431558143303,0.5133722500000001,False,False,0.3311306089942932,1.1052423923282566,0.4473862622243452,False,False,0.1553007634860737,0.0659859877756549,0.21650000000000003,0.1688693910057068,0.04763060899429322,65–80%,20–35%,False,False,False,5.41576784,False
2022,MI-8,MI,8,10.26474783,-1.9919999999999995,-1.9919999999999995,-2.5199999999999996,D_vs_R,,1.0,0.384,0.9571127263944101,0.379456,False,False,0.4016156693817478,0.9122596939809458,0.3580638071294537,False,False,0.04485303241346439,0.021392192870546334,0.11599999999999999,0.09838433061825219,0.0176156693817478,50–65%,35–50%,False,False,False,10.26474783,False
2022,MI-9,MI,9,-30.72975046,-36.492,-36.492,-34.019999999999996,D_vs_R,,0.0,0.0,9.992007221626415e-16,0.0,False,True,2.502648152961983e-06,2.5026512845646627e-06,6.263247777524026e-12,False,True,-2.502651283565462e-06,-6.263247777524026e-12,0.5,0.49999749735184706,2.5026481529355493e-06,99%+,0–1%,False,False,False,30.72975046,False
2022,MN-1,MN,1,-11.52060213,-16.192,-16.192,-13.72,D_vs_R,,0.0,0.0025,0.002503130218118477,6.25e-06,False,True,0.0214151926473898,0.021647825127443943,0.0004586104761248182,False,True,-0.019144694909325466,-0.0004523604761248182,0.4975,0.4785848073526102,0.018915192647389778,99%+,0–1%,False,False,False,11.52060213,False
2022,MN-2,MN,2,5.225334284,3.2080000000000006,3.2080000000000006,2.6800000000000006,D_vs_R,,1.0,0.69,0.37106368139083207,0.09610000000000003,True,True,0.6558891408284802,0.421763496958425,0.11841228339976156,True,True,-0.050699815567592954,-0.02231228339976153,0.18999999999999995,0.15588914082848015,0.03411085917151979,65–80%,65–80%,False,False,False,5.225334284,False
2022,MN-3,MN,3,19.19196457,17.008000000000003,17.008000000000003,16.48,D_vs_R,,1.0,0.9975,0.002503130218118477,6.2499999999997335e-06,True,True,0.9833077646342802,0.01683312072127457,0.00027863072150458826,True,True,-0.014329990503156094,-0.0002723807215045885,0.49750000000000005,0.48330776463428016,0.014192235365719896,99%+,99–100%,False,False,False,19.19196457,False
2022,MN-4,MN,4,35.32822251,33.608,33.608,33.08,D_vs_R,,1.0,1.0,9.992007221626415e-16,0.0,True,True,0.9999868778100196,1.3122276077084952e-05,1.7219186988162684e-10,True,True,-1.3122276076085752e-05,-1.7219186988162684e-10,0.5,0.4999868778100196,1.3122189980396826e-05,99%+,99–100%,False,False,False,35.32822251,False
2022,MN-5,MN,5,49.79840808,59.108,59.108,58.58,D_vs_R,,1.0,1.0,9.992007221626415e-16,0.0,True,True,0.9999999999999284,7.160938508832516e-14,5.127904032727679e-27,True,True,-7.061018436616252e-14,-5.127904032727679e-27,0.5,0.4999999999999284,7.16093850883226e-14,99%+,99–100%,False,False,False,49.79840808,False
2022,MN-6,MN,6,-24.17166249,-24.592,-24.592,-22.12,D_vs_R,,0.0,0.0,9.992007221626415e-16,0.0,False,True,0.0010487573216004,0.0010493076523694362,1.0998919196104446e-06,False,True,-0.001049307652368437,-1.0998919196104446e-06,0.5,0.4989512426783996,0.0010487573216004242,99%+,0–1%,False,False,False,24.17166249,False
2022,MN-7,MN,7,-39.33454519,-40.192,-40.192,-37.72,D_vs_R,,0.0,0.0,9.992007221626415e-16,0.0,False,True,2.486178228735522e-07,2.4861785378984986e-07,6.181082185038499e-14,False,True,-2.4861785279064914e-07,-6.181082185038499e-14,0.5,0.4999997513821771,2.486178228844338e-07,99%+,0–1%,False,False,False,39.33454519,False
2022,MN-8,MN,8,-14.46497819,-18.292,-18.292,-15.82,D_vs_R,,0.0,0.0015,0.0015011261262670914,2.25e-06,False,True,0.0110676927591238,0.011129395363335282,0.0001224938230103614,False,True,-0.009628269237068192,-0.00012024382301036141,0.4985,0.4889323072408762,0.00956769275912378,99%+,0–1%,False,False,False,14.46497819,False
2022,MO-1,MO,1,48.53048996,54.407999999999994,54.407999999999994,53.879999999999995,D_vs_R,,1.0,1.0,9.992007221626415e-16,0.0,True,True,0.9999999999949676,5.0324189260335725e-12,2.5325240246973445e-23,True,True,-5.03141972531141e-12,-2.5325240246973445e-23,0.5,0.4999999999949676,5.0324189260209096e-12,99%+,99–100%,False,False,False,48.53048996,False
2022,MO-2,MO,2,-11.84226366,-14.792,-14.792,-12.32,D_vs_R,,0.0,0.0095,0.009545412843531385,9.025e-05,False,True,0.0321392924933326,0.03266709926361196,0.001032934121971985,False,True,-0.02312168642008057,-0.0009426841219719849,0.4905,0.4678607075066674,0.022639292493332575,99%+,0–1%,False,False,False,11.84226366,False
2022,MO-3,MO,3,-30.22186839,-33.292,-33.292,-30.82,D_vs_R,,0.0,0.0,9.992007221626415e-16,0.0,False,True,1.5615682007296214e-05,1.5615803933284414e-05,2.438495245529947e-10,False,True,-1.5615803932285213e-05,-2.438495245529947e-10,0.5,0.4999843843179927,1.561568200730834e-05,99%+,0–1%,False,False,False,30.22186839,False
2022,MO-4,MO,4,-45.01389766,-44.791999999999994,-44.791999999999994,-43.81999999999999,D_vs_R,,0.0,0.0,9.992007221626415e-16,0.0,False,True,1.0548086505847665e-08,1.0548086570980617e-08,1.1126212893484559e-16,False,True,-1.0548085571779895e-08,-1.1126212893484559e-16,0.5,0.4999999894519135,1.0548086515349553e-08,99%+,0–1%,False,False,False,45.01389766,False
2022,MO-5,MO,5,24.58415562,22.308,22.308,21.78,D_vs_R,,1.0,1.0,9.992007221626415e-16,0.0,True,True,0.9973676410245796,0.00263582972448438,6.929313775476111e-06,True,True,-0.002635829724483381,-6.929313775476111e-06,0.5,0.49736764102457964,0.002632358975420357,99%+,99–100%,False,False,False,24.58415562,False
2022,MO-6,MO,6,-42.83584133,-44.092000000000006,-44.092000000000006,-41.620000000000005,D_vs_R,,0.0,0.0,9.992007221626415e-16,0.0,False,True,1.7418773289582793e-08,1.7418773464334256e-08,3.0341366291388294e-16,False,True,-1.7418772465133534e-08,-3.0341366291388294e-16,0.5,0.4999999825812267,1.7418773312627422e-08,99%+,0–1%,False,False,False,42.83584133,False
2022,MO-7,MO,7,-44.09935423,-46.892,-46.892,-45.92,D_vs_R,,0.0,0.0,9.992007221626415e-16,0.0,False,True,2.239725585101398e-09,2.2397256296926266e-09,5.0163706965578e-18,False,True,-2.2397246304919044e-09,-5.0163706965578e-18,0.5,0.49999999776027443,2.23972557167329e-09,99%+,0–1%,False,False,False,44.09935423,False
2022,MO-8,MO,8,-54.08993663,-58.291999999999994,-58.291999999999994,-55.81999999999999,D_vs_R,,0.0,0.0,9.992007221626415e-16,0.0,False,True,1.53378692759868e-13,1.534328220032084e-13,2.3525023392725982e-26,False,True,-1.5243362128104576e-13,-2.3525023392725982e-26,0.5,0.4999999999998466,1.5337731085196538e-13,99%+,0–1%,False,False,False,54.08993663,False
2022,MS-1,MS,1,-45.94865851,-38.85753571428572,-38.85753571428572,-36.22,D_vs_R,,0.0,0.0,9.992007221626415e-16,0.0,False,True,5.855774573633061e-07,5.855776288631578e-07,3.429009585720746e-13,False,True,-5.855776278639571e-07,-3.429009585720746e-13,0.5,0.49999941442254264,5.855774573571004e-07,99%+,0–1%,False,False,False,45.94865851,False
2022,MS-2,MS,2,20.20380865,23.095159090909092,23.095159090909092,21.58,D_vs_R,,1.0,1.0,9.992007221626415e-16,0.0,True,True,0.9980666408345684,0.0019352305166478827,3.7378776625582984e-06,True,True,-0.0019352305166468835,-3.7378776625582984e-06,0.5,0.4980666408345684,0.0019333591654315807,99%+,99–100%,False,False,False,20.20380865,False
2022,MS-3,MS,3,-41.47604707,-31.988634615384616,-31.988634615384616,-28.82,D_vs_R,,0.0,0.0,9.992007221626415e-16,0.0,False,True,3.150215764848661e-05,3.1502653851855686e-05,9.923859365101033e-10,False,True,-3.1502653850856485e-05,-9.923859365101033e-10,0.5,0.49996849784235153,3.150215764846642e-05,99%+,0–1%,False,False,False,41.47604707,False
2022,MS-4,MS,4,-48.74209505,-43.93506818181818,-43.93506818181818,-42.52,D_vs_R,,0.0,0.0,9.992007221626415e-16,0.0,False,True,1.9472033502219805e-08,1.947203373071474e-08,3.791600887115705e-16,False,True,-1.947203273151402e-08,-3.791600887115705e-16,0.5,0.4999999805279665,1.947203348562354e-08,99%+,0–1%,False,False,False,48.74209505,False
2022,MT-1,MT,1,-3.160590418,-12.392,-12.392,-11.42,D_vs_R,,0.0,0.0235,0.02378052866540339,0.00055225,False,True,0.0605658346043175,0.0624775366704746,0.0036682203213175427,False,True,-0.03869700800507121,-0.003115970321317543,0.4765,0.4394341653956825,0.037065834604317505,95–99%,1–5%,False,False,False,3.160590418,True
2022,MT-2,MT,2,-36.39739976,-33.792,-33.792,-31.32,D_vs_R,,0.0,0.0,9.992007221626415e-16,0.0,False,True,1.184986633613764e-05,1.1849936546398432e-05,1.4041933218432812e-10,False,True,-1.1849936545399231e-05,-1.4041933218432812e-10,0.5,0.4999881501336639,1.1849866336122172e-05,99%+,0–1%,False,False,False,36.39739976,False
2022,NC-1,NC,1,4.7389982,3.421181818181819,3.421181818181819,2.78,D_vs_R,,1.0,0.704,0.3509769228240947,0.08761600000000003,True,True,0.6656508264896399,0.4069900304770392,0.11178936982706088,True,True,-0.05601310765294448,-0.02417336982706085,0.20399999999999996,0.1656508264896399,0.038349173510360046,65–80%,65–80%,False,False,False,4.7389982,True
2022,NC-10,NC,10,-45.303441,-46.05927272727273,-46.05927272727273,-44.02,D_vs_R,,0.0,0.0,9.992007221626415e-16,0.0,False,True,4.173959749803936e-09,4.173959742111037e-09,1.7421939992983338e-17,False,True,-4.173958742910315e-09,-1.7421939992983338e-17,0.5,0.49999999582604027,4.173959733400068e-09,99%+,0–1%,False,False,False,45.303441,False
2022,NC-11,NC,11,-9.282459433,-15.16381818181818,-15.16381818181818,-14.72,D_vs_R,,0.0,0.008,0.008032171697264267,6.4e-05,False,True,0.0289303944161909,0.029357128827671154,0.0008369677210763696,False,True,-0.021324957130406885,-0.0007729677210763696,0.492,0.4710696055838091,0.02093039441619088,99%+,0–1%,False,False,False,9.282459433,False
2022,NC-12,NC,12,25.49261304,25.723,25.723,25.68,D_vs_R,,1.0,1.0,9.992007221626415e-16,0.0,True,True,0.9993535158578086,0.0006466932031723534,4.1794174610491475e-07,True,True,-0.0006466932031713542,-4.1794174610491475e-07,0.5,0.4993535158578086,0.0006464841421913725,99%+,99–100%,False,False,False,25.49261304,False
2022,NC-13,NC,13,3.185191061,-2.8732499999999996,-2.8732499999999996,-2.8199999999999994,D_vs_R,,1.0,0.331,1.1056369036050742,0.44756100000000004,False,False,0.3596488252754333,1.0226272089734714,0.41004962697113256,False,False,0.08300969463160279,0.03751137302886748,0.16899999999999998,0.1403511747245667,0.028648825275433276,65–80%,20–35%,False,False,False,3.185191061,True
2022,NC-14,NC,14,15.41171359,11.6955,11.6955,11.88,D_vs_R,,1.0,0.9715,0.028914010164642245,0.0008122499999999983,True,True,0.9282553667095824,0.07444840440696368,0.005147292405976495,True,True,-0.04553439424232143,-0.004335042405976496,0.47150000000000003,0.4282553667095824,0.04324463329041761,95–99%,95–99%,False,False,False,15.41171359,False
2022,NC-2,NC,2,29.35506954,24.803518292682927,24.803518292682927,24.28,D_vs_R,,1.0,1.0,9.992007221626415e-16,0.0,True,True,0.999040608367916,0.0009598521427995292,9.204323037128548e-07,True,True,-0.00095985214279853,-9.204323037128548e-07,0.5,0.49904060836791597,0.0009593916320840279,99%+,99–100%,False,False,False,29.35506954,False
2022,NC-3,NC,3,-33.80581604,-32.533249999999995,-32.533249999999995,-29.92,D_vs_R,,0.0,0.0,9.992007221626415e-16,0.0,False,True,2.3568264477419063e-05,2.3568542213378375e-05,5.554630904775732e-10,False,True,-2.3568542212379174e-05,-5.554630904775732e-10,0.5,0.4999764317355226,2.356826447741378e-05,99%+,0–1%,False,False,False,33.80581604,False
2022,NC-4,NC,4,33.81350262,29.871295454545457,29.871295454545457,30.58,D_vs_R,,1.0,1.0,9.992007221626415e-16,0.0,True,True,0.9999066711051708,9.333325024145651e-05,8.710282610032193e-09,True,True,-9.333325024045731e-05,-8.710282610032193e-09,0.5,0.49990667110517084,9.332889482915885e-05,99%+,99–100%,False,False,False,33.81350262,False
2022,NC-5,NC,5,-26.30535979,-25.699900000000003,-25.699900000000003,-25.82,D_vs_R,,0.0,0.0,9.992007221626415e-16,0.0,False,True,0.000653026264037,0.0006532395785594336,4.264433015221216e-07,False,True,-0.0006532395785584344,-4.264433015221216e-07,0.5,0.499346973735963,0.0006530262640370155,99%+,0–1%,False,False,False,26.30535979,False
2022,NC-6,NC,6,8.848716979,8.408000000000001,8.408000000000001,7.880000000000001,D_vs_R,,1.0,0.918,0.08555788836164654,0.006723999999999994,True,True,0.8535328490792289,0.1583712499906345,0.021452626298847942,True,True,-0.07281336162898797,-0.014728626298847948,0.41800000000000004,0.3535328490792289,0.06446715092077115,90–95%,90–95%,False,False,False,8.848716979,False
2022,NC-7,NC,7,-15.41673556,-19.692,-19.692,-17.22,D_vs_R,,0.0,0.001,0.0010005003335835344,1e-06,False,True,0.0068860319524824,0.006909850075051987,4.7417436050608575e-05,False,True,-0.005909349741468452,-4.641743605060858e-05,0.499,0.4931139680475176,0.0058860319524823845,99%+,0–1%,False,False,False,15.41673556,False
2022,NC-8,NC,8,-39.82142179,-40.20475,-40.20475,-38.620000000000005,D_vs_R,,0.0,0.0,9.992007221626415e-16,0.0,False,True,2.465591325980264e-07,2.46559162950821e-07,6.079140586749117e-14,False,True,-2.4655916195162027e-07,-6.079140586749117e-14,0.5,0.4999997534408674,2.4655913261062423e-07,99%+,0–1%,False,False,False,39.82142179,False
2022,NC-9,NC,9,-13.00251445,-10.992,-10.992,-12.52,D_vs_R,,0.0,0.0375,0.03822121282019774,0.00140625,False,True,0.084577594527363,0.08836967490674921,0.007153369496035024,False,True,-0.05014846208655147,-0.005747119496035024,0.4625,0.415422405472637,0.04707759452736304,95–99%,1–5%,False,False,False,13.00251445,False
2022,NE-1,NE,1,-15.82102928,-18.359272727272725,-18.359272727272725,-15.62,D_vs_R,,0.0,0.001,0.0010005003335835344,1e-06,False,True,0.0108250420187509,0.01088405908066132,0.00011718153470772256,False,True,-0.009883558747077786,-0.00011618153470772256,0.499,0.4891749579812491,0.009825042018750896,99%+,0–1%,False,False,False,15.82102928,False
2022,NE-2,NE,2,-2.66824623,-0.6919999999999998,-0.6919999999999998,1.7800000000000002,D_vs_R,,0.0,0.459,0.6143360001356557,0.210681,False,True,0.4655113727841751,0.6264448261693638,0.21670083819140723,False,True,-0.012108826033708109,-0.006019838191407223,0.04099999999999998,0.03448862721582491,0.0065113727841750735,50–65%,35–50%,False,False,False,2.66824623,True
2022,NE-3,NE,3,-62.50861475,-59.80402127659574,-59.80402127659574,-56.31999999999999,D_vs_R,,0.0,0.0,9.992007221626415e-16,0.0,False,True,3.701267071442699e-14,3.6970426720018394e-14,1.3699377934146015e-27,False,True,-3.5971225997855753e-14,-1.3699377934146015e-27,0.5,0.499999999999963,3.702593787124897e-14,99%+,0–1%,False,False,False,62.50861475,False
2022,NH-1,NH,1,8.117769275,1.9080000000000008,1.9080000000000008,1.3800000000000008,D_vs_R,,1.0,0.653,0.42617814970570594,0.12040899999999999,True,True,0.5943154934080638,0.5203449669374531,0.16457991888874274,True,True,-0.09416681723174719,-0.04417091888874275,0.15300000000000002,0.09431549340806378,0.05868450659193625,65–80%,65–80%,False,False,False,8.117769275,False
2022,NH-2,NH,2,11.72265137,4.808000000000002,4.808000000000002,4.280000000000001,D_vs_R,,1.0,0.784,0.24334625863172918,0.04665599999999999,True,True,0.7262145025495989,0.31990984973917863,0.07495849861416362,True,True,-0.07656359110744945,-0.028302498614163632,0.28400000000000003,0.22621450254959885,0.05778549745040118,65–80%,65–80%,False,False,False,11.72265137,False
2022,NJ-1,NJ,1,27.14128745,19.976449999999996,19.976449999999996,19.88,D_vs_R,,1.0,0.9995,0.0005001250416822429,2.4999999999994493e-07,True,True,0.9937681162702248,0.0062513829707324265,3.883637482143728e-05,True,True,-0.005751257929050183,-3.8586374821437335e-05,0.49950000000000006,0.49376811627022477,0.005731883729775289,99%+,99–100%,False,False,False,27.14128745,False
2022,NJ-10,NJ,10,57.60444695,56.818000000000005,56.818000000000005,57.48,D_vs_R,,1.0,1.0,9.992007221626415e-16,0.0,True,True,0.9999999999994073,5.927480728475468e-13,3.5135027786427233e-25,True,True,-5.917488721253841e-13,-3.5135027786427233e-25,0.5,0.49999999999940725,5.927480728473711e-13,99%+,99–100%,False,False,False,57.60444695,False
2022,NJ-11,NJ,11,18.8128508,12.908,12.908,12.38,D_vs_R,,1.0,0.98,0.020202707317519466,0.0004000000000000007,True,True,0.9467996342746198,0.05466778761760483,0.0028302789133142115,True,True,-0.03446508030008537,-0.002430278913314211,0.48,0.4467996342746198,0.03320036572538021,95–99%,95–99%,False,False,False,18.8128508,False
2022,NJ-12,NJ,12,27.2172812,30.408,30.408,29.88,D_vs_R,,1.0,1.0,9.992007221626415e-16,0.0,True,True,0.9999286827063536,7.131983684550346e-05,5.086156373046868e-09,True,True,-7.131983684450426e-05,-5.086156373046868e-09,0.5,0.4999286827063536,7.131729364640016e-05,99%+,99–100%,False,False,False,27.2172812,False
2022,NJ-2,NJ,2,-18.89979872,-12.492548780487803,-12.492548780487803,-9.42,D_vs_R,,0.0,0.015,0.015113637810048184,0.000225,False,True,0.0590712276106806,0.06088783579054197,0.0034894099314328342,False,True,-0.045774197980493786,-0.0032644099314328343,0.485,0.4409287723893194,0.04407122761068061,95–99%,1–5%,False,False,False,18.89979872,False
2022,NJ-3,NJ,3,11.82234243,10.3755,10.3755,9.48,D_vs_R,,1.0,0.954,0.04709160753385057,0.0021160000000000037,True,True,0.9028235332959408,0.10222816736925622,0.00944326568108513,True,True,-0.05513655983540565,-0.007327265681085127,0.45399999999999996,0.4028235332959408,0.051176466704059176,95–99%,95–99%,False,False,False,11.82234243,False
2022,NJ-4,NJ,4,-35.54768653,-30.6667,-30.6667,-26.92,D_vs_R,,0.0,0.0,9.992007221626415e-16,0.0,False,True,6.254915481776969e-05,6.255111109769744e-05,3.912396768417321e-09,False,True,-6.255111109669824e-05,-3.912396768417321e-09,0.5,0.4999374508451822,6.254915481779255e-05,99%+,0–1%,False,False,False,35.54768653,False
2022,NJ-5,NJ,5,10.4105015,9.648714285714288,9.648714285714288,7.880000000000001,D_vs_R,,1.0,0.9365,0.06560575709799385,0.00403225,True,True,0.886264643119421,0.1207396787115951,0.012935731404752671,True,True,-0.055133921613601256,-0.00890348140475267,0.4365,0.386264643119421,0.05023535688057901,90–95%,90–95%,False,False,False,10.4105015,False
2022,NJ-6,NJ,6,16.43908955,16.01335,16.01335,14.68,D_vs_R,,1.0,0.994,0.006018072325563021,3.600000000000006e-05,True,True,0.977412107031454,0.02284690724566329,0.0005102129087584907,True,True,-0.01682883492010027,-0.0004742129087584906,0.494,0.477412107031454,0.016587892968546014,99%+,99–100%,False,False,False,16.43908955,False
2022,NJ-7,NJ,7,-2.802707575,-0.6438902439024388,-0.6438902439024388,-0.6199999999999997,D_vs_R,,0.0,0.46,0.616186139423817,0.2116,False,True,0.467903743993326,0.6309308736634028,0.21893391364297196,False,True,-0.014744734239585888,-0.007333913642971951,0.03999999999999998,0.032096256006673984,0.007903743993325996,50–65%,35–50%,False,False,False,2.802707575,True
2022,NJ-8,NJ,8,50.17704019,39.97425,39.97425,40.78,D_vs_R,,1.0,1.0,9.992007221626415e-16,0.0,True,True,0.999999713555612,2.864444290120632e-07,8.205038740916774e-14,True,True,-2.864444280128625e-07,-8.205038740916774e-14,0.5,0.499999713555612,2.8644438798686167e-07,99%+,99–100%,False,False,False,50.17704019,False
2022,NJ-9,NJ,9,11.39588223,15.538,15.538,14.38,D_vs_R,,1.0,0.993,0.007024614936964466,4.9000000000000087e-05,True,True,0.9740254506219566,0.026317845678975722,0.0006746772153924171,True,True,-0.019293230742011256,-0.000625677215392417,0.493,0.47402545062195656,0.018974549378043437,99%+,99–100%,False,False,False,11.39588223,False
2022,NM-1,NM,1,11.51205504,8.381409090909091,8.381409090909091,9.88,D_vs_R,,1.0,0.918,0.08555788836164654,0.006723999999999994,True,True,0.8527682733882904,0.15926742913749503,0.021677181321065192,True,True,-0.07370954077584849,-0.014953181321065198,0.41800000000000004,0.3527682733882904,0.06523172661170962,90–95%,90–95%,False,False,False,11.51205504,False
2022,NM-2,NM,2,0.7006690092,-1.0919999999999992,-1.0919999999999992,1.3800000000000008,D_vs_R,,1.0,0.442,0.816445396904439,0.3113640000000001,False,False,0.4456767542254769,0.8081613560427376,0.30727426080600234,False,False,0.008284040861701314,0.0040897391939977434,0.057999999999999996,0.05432324577452308,0.003676754225476919,50–65%,35–50%,False,False,False,0.7006690092,True
2022,NM-3,NM,3,16.31496391,7.859280487804879,7.859280487804879,6.280000000000001,D_vs_R,,1.0,0.895,0.11093156070728166,0.011024999999999997,True,True,0.8372135805138272,0.1776760671923262,0.026499418369128214,True,True,-0.06674450648504454,-0.015474418369128218,0.395,0.3372135805138272,0.0577864194861728,80–90%,80–90%,False,False,False,16.31496391,False
2022,NV-1,NV,1,5.609563671,5.068700000000001,5.068700000000001,3.98,D_vs_R,,1.0,0.7855,0.24143482128646124,0.04601025000000001,True,True,0.7369639324327528,0.30521632634479456,0.06918797284124142,True,True,-0.06378150505833333,-0.023177722841241415,0.2855,0.23696393243275282,0.048536067567247154,65–80%,65–80%,False,False,False,5.609563671,False
2022,NV-2,NV,2,-21.93122017,-17.992,-17.992,-15.52,D_vs_R,,0.0,0.001,0.0010005003335835344,1e-06,False,True,0.012208248079453,0.012283380859302293,0.00014904132116946785,False,True,-0.011282880525718759,-0.00014804132116946785,0.499,0.487791751920547,0.011208248079452976,99%+,0–1%,False,False,False,21.93122017,False
2022,NV-3,NV,3,3.96678418,3.1438423913043483,3.1438423913043483,2.08,D_vs_R,,1.0,0.696,0.3624056186477175,0.09241600000000003,True,True,0.652930512814841,0.4262845675963099,0.12045722893496921,True,True,-0.06387894894859242,-0.028041228934969187,0.19599999999999995,0.15293051281484105,0.043069487185158906,65–80%,65–80%,False,False,False,3.96678418,True
2022,NV-4,NV,4,4.830394585,4.790553191489363,4.790553191489363,3.780000000000001,D_vs_R,,1.0,0.7655,0.2672260638843987,0.05499025000000002,True,True,0.7254874374976055,0.32091152245549576,0.07535714697163107,True,True,-0.05368545857109708,-0.02036689697163105,0.26549999999999996,0.22548743749760547,0.04001256250239449,65–80%,65–80%,False,False,False,4.830394585,True
2022,NY-1,NY,1,-5.771559263,-4.904613636363636,-4.904613636363636,-4.319999999999999,D_vs_R,,0.0,0.2065,0.2313017390156733,0.04264224999999999,False,True,0.2697766158433548,0.31440478595585886,0.07277942245589301,False,True,-0.08310304694018555,-0.03013717245589302,0.2935,0.23022338415664523,0.06327661584335476,65–80%,20–35%,False,False,False,5.771559263,False
2022,NY-10,NY,10,66.22982125,65.70800000000001,65.70800000000001,66.68,D_vs_R,,1.0,1.0,9.992007221626415e-16,0.0,True,True,1.0,9.992007221626415e-16,0.0,True,True,0.0,0.0,0.5,0.5,0.0,99%+,99–100%,False,False,False,66.22982125,False
2022,NY-11,NY,11,-18.9383671,-14.92556707317073,-14.92556707317073,-12.12,D_vs_R,,0.0,0.006,0.006018072325563021,3.6e-05,False,True,0.030954302694145,0.03144350896096452,0.0009581688552807525,False,True,-0.025425436635401498,-0.0009221688552807525,0.494,0.469045697305855,0.024954302694145003,99%+,0–1%,False,False,False,18.9383671,False
2022,NY-12,NY,12,57.3041047,67.40800000000002,67.40800000000002,66.88000000000001,D_vs_R,,1.0,1.0,9.992007221626415e-16,0.0,True,True,1.0,9.992007221626415e-16,0.0,True,True,0.0,0.0,0.5,0.5,0.0,99%+,99–100%,False,False,False,57.3041047,False
2022,NY-14,NY,14,34.35659395,52.35520108695652,52.35520108695652,52.08,D_vs_R,,1.0,1.0,9.992007221626415e-16,0.0,True,True,0.9999999999709992,2.9000801760469013e-11,8.410465027256315e-22,True,True,-2.899980255974685e-11,-8.410465027256315e-22,0.5,0.4999999999709992,2.900080176004849e-11,99%+,99–100%,False,False,False,34.35659395,False
2022,NY-15,NY,15,59.49357134,67.55675000000001,67.55675000000001,65.48,D_vs_R,,1.0,1.0,9.992007221626415e-16,0.0,True,True,1.0,9.992007221626415e-16,0.0,True,True,0.0,0.0,0.5,0.5,0.0,99%+,99–100%,False,False,False,59.49357134,False
2022,NY-16,NY,16,23.85772371,41.703,41.703,39.18000000000001,D_vs_R,,1.0,1.0,9.992007221626415e-16,0.0,True,True,0.9999999087723632,9.122764093939838e-08,8.322481712127391e-15,True,True,-9.122763994019765e-08,-8.322481712127391e-15,0.5,0.4999999087723632,9.122763677815726e-08,99%+,99–100%,False,False,False,23.85772371,False
2022,NY-17,NY,17,2.649772749,5.327659090909091,5.327659090909091,5.58,D_vs_R,,1.0,0.7955,0.2287844312042955,0.04182025,True,True,0.7474238509615845,0.29112285052986014,0.0637947110630759,True,True,-0.06233841932556464,-0.021974461063075892,0.2955,0.24742385096158448,0.048076149038415505,65–80%,65–80%,False,False,False,2.649772749,True
2022,NY-18,NY,18,2.27278563,4.47584090909091,4.47584090909091,3.880000000000001,D_vs_R,,1.0,0.771,0.26006690541880756,0.052440999999999995,True,True,0.7122112094600835,0.33938076905973114,0.08282238796042792,True,True,-0.07931386364092358,-0.03038138796042792,0.271,0.21221120946008354,0.05878879053991648,65–80%,65–80%,False,False,False,2.27278563,True
2022,NY-19,NY,19,-1.901721598,0.1739090909090909,0.1739090909090909,0.08,D_vs_R,,0.0,0.537,0.7700282248959031,0.28836900000000004,True,False,0.5086776052247691,0.710654758157139,0.2587529060572061,True,False,0.05937346673876409,0.029616093942793964,0.03700000000000003,0.008677605224769125,0.028322394775230908,50–65%,50–65%,False,False,False,1.901721598,True
2022,NY-2,NY,2,-14.64135532,-9.504225609756098,-9.504225609756098,-6.02,D_vs_R,,0.0,0.0595,0.06134363024105197,0.0035402499999999996,False,True,0.1172539479471602,0.12471771651120958,0.013748488309195353,False,True,-0.06337408627015761,-0.010208238309195353,0.4405,0.3827460520528398,0.05775394794716021,90–95%,5–10%,False,False,False,14.64135532,False
2022,NY-20,NY,20,11.84389393,16.1614,16.1614,14.68,D_vs_R,,1.0,0.9955,0.004510155477886019,2.0249999999999537e-05,True,True,0.9783876738596636,0.021849292951346366,0.0004670926411962667,True,True,-0.017339137473460345,-0.00044684264119626717,0.49550000000000005,0.47838767385966363,0.01711232614033642,99%+,99–100%,False,False,False,11.84389393,False
2022,NY-21,NY,21,-13.10351257,-19.392000000000003,-19.392000000000003,-16.92,D_vs_R,,0.0,0.0025,0.002503130218118477,6.25e-06,False,True,0.0076409400561778,0.007670281598855285,5.8383964942102404e-05,False,True,-0.0051671513807368084,-5.21339649421024e-05,0.4975,0.4923590599438222,0.005140940056177823,99%+,0–1%,False,False,False,13.10351257,False
2022,NY-22,NY,22,5.979976714,3.34675,3.34675,2.9800000000000004,D_vs_R,,1.0,0.6985,0.3588201002851205,0.09090224999999999,True,True,0.6622548568599196,0.4121048169800374,0.11407178171471341,True,True,-0.05328471669491691,-0.02316953171471342,0.1985,0.16225485685991958,0.03624514314008043,65–80%,65–80%,False,False,False,5.979976714,False
2022,NY-23,NY,23,-19.2358702,-23.882,-23.882,-21.72,D_vs_R,,0.0,0.0005,0.0005001250416822429,2.5e-07,False,True,0.001407468208357,0.0014084596221005299,1.980966757535664e-06,False,True,-0.000908334580418287,-1.7309667575356639e-06,0.4995,0.498592531791643,0.0009074682083570207,99%+,0–1%,False,False,False,19.2358702,False
2022,NY-24,NY,24,-21.47587777,-23.97825,-23.97825,-21.72,D_vs_R,,0.0,0.0,9.992007221626415e-16,0.0,False,True,0.0013530230654656,0.001353939227659058,1.8306714156819294e-06,False,True,-0.0013539392276580588,-1.8306714156819294e-06,0.5,0.4986469769345344,0.0013530230654655861,99%+,0–1%,False,False,False,21.47587777,False
2022,NY-25,NY,25,11.18109407,15.335364130434783,15.335364130434783,15.18,D_vs_R,,1.0,0.9905,0.009545412843531385,9.02499999999991e-05,True,True,0.9724577301348404,0.027928669591149473,0.0007585766293252797,True,True,-0.018383256747618086,-0.0006683266293252806,0.49050000000000005,0.4724577301348404,0.018042269865159666,99%+,99–100%,False,False,False,11.18109407,False
2022,NY-26,NY,26,28.41026661,21.166749999999997,21.166749999999997,18.88,D_vs_R,,1.0,0.9995,0.0005001250416822429,2.4999999999994493e-07,True,True,0.9959469938306252,0.0040612418592794585,1.6426859008989884e-05,True,True,-0.0035611168175972156,-1.617685900898994e-05,0.49950000000000006,0.49594699383062524,0.003553006169374817,99%+,99–100%,False,False,False,28.41026661,False
2022,NY-3,NY,3,-4.937592039,4.171194444444444,4.171194444444444,3.68,D_vs_R,,0.0,0.732,1.3167682984712803,0.535824,True,False,0.6990776988194471,1.2009031831687744,0.4887096289866937,True,False,0.11586511530250587,0.04711437101330629,0.23199999999999998,0.19907769881944715,0.03292230118055284,65–80%,65–80%,False,False,False,4.937592039,True
2022,NY-4,NY,4,0.5449689102,8.77493181818182,8.77493181818182,9.98,D_vs_R,,1.0,0.9255,0.07742114696858486,0.005550250000000001,True,True,0.863811198931748,0.14640105381192317,0.01854738953640793,True,True,-0.06897990684333831,-0.012997139536407928,0.4255,0.36381119893174796,0.06168880106825203,90–95%,90–95%,False,False,False,0.5449689102,True
2022,NY-5,NY,5,50.57720558,57.45186363636363,57.45186363636363,57.879999999999995,D_vs_R,,1.0,1.0,9.992007221626415e-16,0.0,True,True,0.9999999999996672,3.328448627826773e-13,1.1078570268078242e-25,True,True,-3.3184566206051467e-13,-1.1078570268078242e-25,0.5,0.49999999999966716,3.3284486278262193e-13,99%+,99–100%,False,False,False,50.57720558,False
2022,NY-6,NY,6,29.62045725,28.397261363636364,28.397261363636364,25.78,D_vs_R,,1.0,1.0,9.992007221626415e-16,0.0,True,True,0.999808873999692,0.00019114426720957112,3.6529147993740225e-08,True,True,-0.00019114426720857192,-3.6529147993740225e-08,0.5,0.499808873999692,0.0001911260003080173,99%+,99–100%,False,False,False,29.62045725,False
2022,NY-7,NY,7,45.12591416,58.608,58.608,58.08,D_vs_R,,1.0,1.0,9.992007221626415e-16,0.0,True,True,0.9999999999998858,1.1424194923393515e-13,1.305122296476752e-26,True,True,-1.132427485117725e-13,-1.305122296476752e-26,0.5,0.49999999999988576,1.142419492339286e-13,99%+,99–100%,False,False,False,45.12591416,False
2022,NY-8,NY,8,43.12342534,49.30595731707318,49.30595731707318,48.68000000000001,D_vs_R,,1.0,1.0,9.992007221626415e-16,0.0,True,True,0.999999999652861,3.4713898428492354e-10,1.2050547436853626e-19,True,True,-3.4713798508420137e-10,-1.2050547436853626e-19,0.5,0.499999999652861,3.471389842246708e-10,99%+,99–100%,False,False,False,43.12342534,False
2022,OH-1,OH,1,5.51751587,1.923227272727273,1.923227272727273,3.98,D_vs_R,,1.0,0.6175,0.4820762104800047,0.14630624999999997,True,True,0.5950538507210885,0.519103372118281,0.16398138381581845,True,True,-0.03702716163827624,-0.017675133815818478,0.11750000000000005,0.09505385072108852,0.02244614927891153,50–65%,50–65%,False,False,False,5.51751587,False
2022,OH-10,OH,10,-23.33410267,-13.418349999999998,-13.418349999999998,-8.02,D_vs_R,,0.0,0.0175,0.01765493523872071,0.00030625000000000004,False,True,0.0466324706087453,0.047754794488834615,0.0021745873150754943,False,True,-0.030099859250113905,-0.0018683373150754942,0.4825,0.4533675293912547,0.029132470608745298,95–99%,1–5%,False,False,False,23.33410267,False
2022,OH-11,OH,11,55.5069306,54.03277272727272,54.03277272727272,53.08,D_vs_R,,1.0,1.0,9.992007221626415e-16,0.0,True,True,0.9999999999930352,6.9647621004052485e-12,4.850791111490348e-23,True,True,-6.963762899683086e-12,-4.850791111490348e-23,0.5,0.49999999999303524,6.9647621003809945e-12,99%+,99–100%,False,False,False,55.5069306,False
2022,OH-12,OH,12,-38.53611211,-38.84536956521739,-38.84536956521739,-35.42,D_vs_R,,0.0,0.0,9.992007221626415e-16,0.0,False,True,5.900957861519798e-07,5.900959602303768e-07,3.4821303683432304e-13,False,True,-5.900959592311761e-07,-3.4821303683432304e-13,0.5,0.4999994099042138,5.90095786179301e-07,99%+,0–1%,False,False,False,38.53611211,False
2022,OH-13,OH,13,5.35250291,-2.1829090909090905,-2.1829090909090905,-1.7199999999999998,D_vs_R,,1.0,0.3575,1.0286199168480747,0.4128062500000001,False,False,0.3924085365260399,0.9354517968740415,0.3691673864864286,False,False,0.09316811997403329,0.04363886351357149,0.14250000000000002,0.10759146347396009,0.034908536526039924,50–65%,35–50%,False,False,False,5.35250291,False
2022,OH-14,OH,14,-23.48263463,-23.253850000000003,-23.253850000000003,-19.42,D_vs_R,,0.0,0.0,9.992007221626415e-16,0.0,False,True,0.0018147632079067,0.0018164118855988174,3.2933655007718163e-06,False,True,-0.0018164118855978181,-3.2933655007718163e-06,0.5,0.4981852367920933,0.0018147632079066889,99%+,0–1%,False,False,False,23.48263463,False
2022,OH-15,OH,15,-13.91954659,-13.77131818181818,-13.77131818181818,-11.32,D_vs_R,,0.0,0.0135,0.013591953519466972,0.00018224999999999998,False,True,0.042483005629821,0.04341180939536013,0.0018048057673434026,False,True,-0.029819855875893156,-0.0016225557673434027,0.4865,0.457516994370179,0.02898300562982098,95–99%,1–5%,False,False,False,13.91954659,False
2022,OH-2,OH,2,-49.00760872,-52.602,-52.602,-49.92,D_vs_R,,0.0,0.0,9.992007221626415e-16,0.0,False,True,2.357483806261532e-11,2.3574808772075846e-11,5.557729896785361e-22,False,True,-2.3573809571353683e-11,-5.557729896785361e-22,0.5,0.49999999997642514,2.3574864282949193e-11,99%+,0–1%,False,False,False,49.00760872,False
2022,OH-3,OH,3,40.9081249,39.193225,39.193225,39.28,D_vs_R,,1.0,1.0,9.992007221626415e-16,0.0,True,True,0.999999526746006,4.7325410597804565e-07,2.2396934283064724e-13,True,True,-4.732541049788449e-07,-2.2396934283064724e-13,0.5,0.499999526746006,4.732539939933389e-07,99%+,99–100%,False,False,False,40.9081249,False
2022,OH-4,OH,4,-38.38969382,-42.179075,-42.179075,-40.22,D_vs_R,,0.0,0.0,9.992007221626415e-16,0.0,False,True,6.604306119416221e-08,6.604306342287014e-08,4.3616859318958544e-15,False,True,-6.604306242366942e-08,-4.3616859318958544e-15,0.5,0.4999999339569388,6.604306118651593e-08,99%+,0–1%,False,False,False,38.38969382,False
2022,OH-5,OH,5,-33.81796619,-34.884,-34.884,-31.32,D_vs_R,,0.0,0.0,9.992007221626415e-16,0.0,False,True,6.401930516095505e-06,6.401951008486947e-06,4.098471433291486e-11,False,True,-6.401951007487747e-06,-4.098471433291486e-11,0.5,0.4999935980694839,6.401930516097831e-06,99%+,0–1%,False,False,False,33.81796619,False
2022,OH-6,OH,6,-35.44544427,-35.29825,-35.29825,-33.22,D_vs_R,,0.0,0.0,9.992007221626415e-16,0.0,False,True,5.0447457093767635e-06,5.04475843416516e-06,2.5449459272275266e-11,False,True,-5.044758433165959e-06,-2.5449459272275266e-11,0.5,0.4999949552542906,5.044745709392728e-06,99%+,0–1%,False,False,False,35.44544427,False
2022,OH-7,OH,7,-10.71142691,-14.704727272727272,-14.704727272727272,-13.72,D_vs_R,,0.0,0.012,0.012072581234269249,0.000144,False,True,0.032933609140531,0.03348812936080709,0.001084622611021267,False,True,-0.021415548126537842,-0.0009406226110212669,0.488,0.467066390859469,0.020933609140530995,95–99%,1–5%,False,False,False,10.71142691,False
2022,OH-8,OH,8,-29.27691491,-28.816922360248448,-28.816922360248448,-26.52,D_vs_R,,0.0,0.0,9.992007221626415e-16,0.0,False,True,0.0001563554639794,0.0001563676887692572,2.4447031116213447e-08,False,True,-0.000156367688768258,-2.4447031116213447e-08,0.5,0.4998436445360206,0.00015635546397940736,99%+,0–1%,False,False,False,29.27691491,False
2022,OH-9,OH,9,13.26719721,-2.8919999999999995,-2.8919999999999995,-7.42,D_vs_R,,1.0,0.3045,1.1890841918321853,0.48372025,False,False,0.3587720636675919,1.0250680122869953,0.41117326633311874,False,False,0.16401617954519,0.07254698366688128,0.1955,0.1412279363324081,0.05427206366759191,65–80%,20–35%,False,False,False,13.26719721,False
2022,OK-1,OK,1,-26.47851132,-28.392,-28.392,-25.92,D_vs_R,,0.0,0.0,9.992007221626415e-16,0.0,False,True,0.0001916045958473,0.00019162295435298953,3.671232114980717e-08,False,True,-0.00019162295435199033,-3.671232114980717e-08,0.5,0.4998083954041527,0.0001916045958472723,99%+,0–1%,False,False,False,26.47851132,False
2022,OK-2,OK,2,-49.05599296,-55.55851515151515,-55.55851515151515,-57.92,D_vs_R,,0.0,0.0,9.992007221626415e-16,0.0,False,True,1.833152717655777e-12,1.8332002582627387e-12,3.3604488862487606e-24,False,True,-1.832201057540576e-12,-3.3604488862487606e-24,0.5,0.49999999999816686,1.8331447471098272e-12,99%+,0–1%,False,False,False,49.05599296,False
2022,OK-3,OK,3,-49.07873713,-51.39600000000001,-51.39600000000001,-49.120000000000005,D_vs_R,,0.0,0.0,9.992007221626415e-16,0.0,False,True,6.430013237166528e-11,6.430012078546767e-11,4.134507023013677e-21,False,True,-6.429912158474551e-11,-4.134507023013677e-21,0.5,0.4999999999356999,6.430012078340042e-11,99%+,0–1%,False,False,False,49.07873713,False
2022,OK-4,OK,4,-33.49514131,-38.62500000000001,-38.62500000000001,-36.120000000000005,D_vs_R,,0.0,0.0,9.992007221626415e-16,0.0,False,True,6.7798437589539e-07,6.779846056945941e-07,4.596628139582616e-13,False,True,-6.779846046953934e-07,-4.596628139582616e-13,0.5,0.4999993220156241,6.779843759185944e-07,99%+,0–1%,False,False,False,33.49514131,False
2022,OK-5,OK,5,-21.59752111,-23.243432926829268,-23.243432926829268,-21.42,D_vs_R,,0.0,0.0,9.992007221626415e-16,0.0,False,True,0.0018223405688489,0.0018240030514700299,3.3209251488725325e-06,False,True,-0.0018240030514690307,-3.3209251488725325e-06,0.5,0.4981776594311511,0.0018223405688488903,99%+,0–1%,False,False,False,21.59752111,False
2022,OR-1,OR,1,35.98469587,35.347375,35.347375,34.78,D_vs_R,,1.0,1.0,9.992007221626415e-16,0.0,True,True,0.999995096631041,4.903380980527901e-06,2.4043027147839866e-11,True,True,-4.9033809795287e-06,-2.4043027147839866e-11,0.5,0.499995096631041,4.9033689589750296e-06,99%+,99–100%,False,False,False,35.98469587,False
2022,OR-2,OR,2,-35.14591351,-32.065536585365855,-32.065536585365855,-28.92,D_vs_R,,0.0,0.0,9.992007221626415e-16,0.0,False,True,3.0245678889494316e-05,3.0246136299308877e-05,9.148010914864022e-10,False,True,-3.0246136298309676e-05,-9.148010914864022e-10,0.5,0.4999697543211105,3.0245678889484484e-05,99%+,0–1%,False,False,False,35.14591351,False
2022,OR-3,OR,3,43.63276125,43.308,43.308,42.78,D_vs_R,,1.0,1.0,9.992007221626415e-16,0.0,True,True,0.9999999697197376,3.028026286703565e-08,9.168942915329778e-16,True,True,-3.028026186783493e-08,-9.168942915329778e-16,0.5,0.4999999697197376,3.02802624085885e-08,99%+,99–100%,False,False,False,43.63276125,False
2022,OR-4,OR,4,7.466445675,3.666636363636364,3.666636363636364,8.18,D_vs_R,,1.0,0.7155,0.3347736799856314,0.08094024999999999,True,True,0.6767527744909563,0.3904492507680827,0.10448876879929457,True,True,-0.05567557078245128,-0.02354851879929458,0.21550000000000002,0.17675277449095628,0.03874722550904375,65–80%,65–80%,False,False,False,7.466445675,False
2022,OR-5,OR,5,-2.078107695,3.1717500000000007,3.1717500000000007,4.380000000000001,D_vs_R,,0.0,0.692,1.1776554960085623,0.47886399999999996,True,False,0.6542186307994227,1.061948584568488,0.4280020168850713,True,False,0.11570691144007439,0.05086198311492868,0.19199999999999995,0.15421863079942266,0.037781369200577286,65–80%,65–80%,False,False,False,2.078107695,True
2022,OR-6,OR,6,2.44924026,6.103568181818181,6.103568181818181,8.68,D_vs_R,,1.0,0.833,0.1827216368152944,0.02788900000000001,True,True,0.7774050792349968,0.25179372696689056,0.049548498750378055,True,True,-0.06907209015159615,-0.021659498750378044,0.33299999999999996,0.2774050792349968,0.055594920765003164,80–90%,80–90%,False,False,False,2.44924026,True
2022,PA-1,PA,1,-9.734335021,-5.239857142857142,-5.239857142857142,0.08,D_vs_R,,0.0,0.2005,0.22376874670812816,0.04020025000000001,False,True,0.2560979383901544,0.29584589043521253,0.0655861540476873,False,True,-0.07207714372708438,-0.0253859040476873,0.2995,0.24390206160984562,0.05559793839015437,65–80%,20–35%,False,False,False,9.734335021,False
2022,PA-10,PA,10,-7.666923121,-7.091999999999999,-7.091999999999999,-8.62,D_vs_R,,0.0,0.125,0.13353139262452263,0.015625,False,True,0.1875136667539029,0.20765618553990092,0.03516137521949375,False,True,-0.0741247929153783,-0.01953637521949375,0.375,0.3124863332460971,0.06251366675390291,80–90%,10–20%,False,False,False,7.666923121,False
2022,PA-11,PA,11,-23.09027668,-28.012357142857145,-28.012357142857145,-25.82,D_vs_R,,0.0,0.0,9.992007221626415e-16,0.0,False,True,0.0002292505530367,0.0002292768349615606,5.25558160676328e-08,False,True,-0.0002292768349605614,-5.25558160676328e-08,0.5,0.4997707494469633,0.00022925055303668618,99%+,0–1%,False,False,False,23.09027668,False
2022,PA-12,PA,12,12.39364616,10.408,10.408,15.38,D_vs_R,,1.0,0.951,0.05024121643674679,0.0024010000000000043,True,True,0.9035203297468476,0.10145666809968214,0.009308326772157021,True,True,-0.05121545166293535,-0.006907326772157017,0.45099999999999996,0.4035203297468476,0.04747967025315236,95–99%,95–99%,False,False,False,12.39364616,False
2022,PA-15,PA,15,-39.87861548,-44.072325,-44.072325,-41.52,D_vs_R,,0.0,0.0,9.992007221626415e-16,0.0,False,True,1.7664190970376723e-08,1.76641911548125e-08,3.1202364263793857e-16,False,True,-1.7664190155611777e-08,-3.1202364263793857e-16,0.5,0.49999998233580906,1.7664190943289526e-08,99%+,0–1%,False,False,False,39.87861548,False
2022,PA-16,PA,16,-18.72431766,-27.013941489361702,-27.013941489361702,-25.12,D_vs_R,,0.0,0.0,9.992007221626415e-16,0.0,False,True,0.0003637340682223,0.0003638002355038633,1.323024723855448e-07,False,True,-0.0003638002355028641,-1.323024723855448e-07,0.5,0.4996362659317777,0.00036373406822232113,99%+,0–1%,False,False,False,18.72431766,False
2022,PA-17,PA,17,6.784363039,0.7391363636363637,0.7391363636363637,1.2800000000000002,D_vs_R,,1.0,0.56,0.579818495252942,0.19359999999999997,True,True,0.5368313864785977,0.6220712254389419,0.2145251645513381,True,True,-0.04225273018599984,-0.020925164551338138,0.06000000000000005,0.03683138647859774,0.023168613521402315,50–65%,50–65%,False,False,False,6.784363039,False
2022,PA-2,PA,2,51.30354665,39.779223404255326,39.779223404255326,38.18000000000001,D_vs_R,,1.0,1.0,9.992007221626415e-16,0.0,True,True,0.9999996750136588,3.2498639397946845e-07,1.0561612194797101e-13,True,True,-3.249863929802677e-07,-1.0561612194797101e-13,0.5,0.49999967501365883,3.24986341171396e-07,99%+,99–100%,False,False,False,51.30354665,False
2022,PA-4,PA,4,22.57807708,14.908,14.908,14.38,D_vs_R,,1.0,0.9895,0.010555513939516587,0.00011024999999999903,True,True,0.968891940258853,0.03160219007055677,0.0009677113808587741,True,True,-0.021046676131040186,-0.0008574613808587751,0.48950000000000005,0.46889194025885295,0.0206080597411471,95–99%,95–99%,False,False,False,22.57807708,False
2022,PA-5,PA,5,30.16314176,27.898271739130433,27.898271739130433,27.78,D_vs_R,,1.0,1.0,9.992007221626415e-16,0.0,True,True,0.9997581530013684,0.0002418762483330488,5.8489970747118866e-08,True,True,-0.0002418762483320496,-5.8489970747118866e-08,0.5,0.4997581530013684,0.00024184699863161185,99%+,99–100%,False,False,False,30.16314176,False
2022,PA-6,PA,6,16.62843088,10.458625,10.458625,10.18,D_vs_R,,1.0,0.953,0.048140375327934984,0.002209000000000004,True,True,0.9045984004447803,0.10026419018583387,0.009101465197694487,True,True,-0.05212381485789888,-0.006892465197694483,0.45299999999999996,0.40459840044478035,0.04840159955521961,95–99%,95–99%,False,False,False,16.62843088,False
2022,PA-7,PA,7,1.966041409,-3.4182499999999996,-3.4182499999999996,-3.919999999999999,D_vs_R,,1.0,0.2805,1.271181554019386,0.5176802500000001,False,False,0.334482684530011,1.0951701659853759,0.44291329719038075,False,False,0.17601138803401017,0.07476695280961931,0.21949999999999997,0.165517315469989,0.05398268453001098,65–80%,20–35%,False,False,False,1.966041409,True
2022,PA-8,PA,8,2.44905642,-6.130749999999999,-6.130749999999999,-7.42,D_vs_R,,1.0,0.173,1.7544636844843582,0.6839289999999999,False,False,0.2215827413047659,1.506959209340694,0.6059334286346029,False,False,0.24750447514366414,0.07799557136539703,0.327,0.2784172586952341,0.04858274130476592,80–90%,10–20%,False,False,False,2.44905642,True
2022,PA-9,PA,9,-38.62170195,-43.189804878048776,-43.189804878048776,-41.02,D_vs_R,,0.0,0.0,9.992007221626415e-16,0.0,False,True,3.2886011994906346e-08,3.2886012565413694e-08,1.081489784929124e-15,False,True,-3.288601156621297e-08,-1.081489784929124e-15,0.5,0.49999996711398803,3.2886011969157636e-08,99%+,0–1%,False,False,False,38.62170195,False
2022,RI-1,RI,1,28.24084117,25.108,25.108,24.58,D_vs_R,,1.0,1.0,9.992007221626415e-16,0.0,True,True,0.9991570160027312,0.0008433395080859405,7.106220196512622e-07,True,True,-0.0008433395080849413,-7.106220196512622e-07,0.5,0.4991570160027312,0.0008429839972687869,99%+,99–100%,False,False,False,28.24084117,False
2022,RI-2,RI,2,3.711292015,8.208,8.208,9.18,D_vs_R,,1.0,0.9025,0.1025865887751011,0.009506250000000006,True,True,0.8477166612428245,0.1652088249156228,0.023190215263032662,True,True,-0.0626222361405217,-0.013683965263032656,0.40249999999999997,0.3477166612428245,0.05478333875717545,90–95%,90–95%,False,False,False,3.711292015,True
2022,SC-1,SC,1,-13.92139533,-15.592,-15.592,-13.12,D_vs_R,,0.0,0.005,0.005012541823544286,2.5e-05,False,True,0.0255695995611816,0.02590218337646897,0.0006538044217191783,False,True,-0.020889641552924682,-0.0006288044217191783,0.495,0.4744304004388184,0.020569599561181595,99%+,0–1%,False,False,False,13.92139533,False
2022,SC-2,SC,2,-20.15959305,-17.254949999999997,-17.254949999999997,-15.12,D_vs_R,,0.0,0.001,0.0010005003335835344,1e-06,False,True,0.0154515463242345,0.015572165582038926,0.0002387502838099647,False,True,-0.014571665248455393,-0.0002377502838099647,0.499,0.4845484536757655,0.01445154632423451,99%+,0–1%,False,False,False,20.15959305,False
2022,SC-5,SC,5,-29.5506543,-25.192,-25.192,-22.72,D_vs_R,,0.0,0.0,9.992007221626415e-16,0.0,False,True,0.0008132384816512,0.00081356933945487,6.613568280383492e-07,False,True,-0.0008135693394538708,-6.613568280383492e-07,0.5,0.4991867615183488,0.0008132384816512128,99%+,0–1%,False,False,False,29.5506543,False
2022,SC-6,SC,6,24.18825938,27.598225,27.598225,27.58,D_vs_R,,1.0,1.0,9.992007221626415e-16,0.0,True,True,0.9997218757234198,0.0002781629603096168,7.735311322328707e-08,True,True,-0.0002781629603086176,-7.735311322328707e-08,0.5,0.49972187572341975,0.0002781242765802494,99%+,99–100%,False,False,False,24.18825938,False
2022,SC-7,SC,7,-29.70476434,-24.642227272727272,-24.642227272727272,-23.22,D_vs_R,,0.0,0.0,9.992007221626415e-16,0.0,False,True,0.0010268710287251,0.0010273986219910196,1.054464109634945e-06,False,True,-0.0010273986219900204,-1.054464109634945e-06,0.5,0.4989731289712749,0.0010268710287251182,99%+,0–1%,False,False,False,29.70476434,False
2022,TN-1,TN,1,-58.61183066,-61.192,-61.192,-58.72,D_vs_R,,0.0,0.0,9.992007221626415e-16,0.0,False,True,9.730462236358704e-15,9.769962616701425e-15,9.468189533320283e-29,False,True,-8.770761894538784e-15,-9.468189533320283e-29,0.5,0.4999999999999903,9.71445146547012e-15,99%+,0–1%,False,False,False,58.61183066,False
2022,TN-2,TN,2,-35.81790703,-36.192,-36.192,-33.72,D_vs_R,,0.0,0.0,9.992007221626415e-16,0.0,False,True,2.990775177122219e-06,2.9907796494466904e-06,8.944736160090441e-12,False,True,-2.9907796484474897e-06,-8.944736160090441e-12,0.5,0.4999970092248229,2.9907751771252045e-06,99%+,0–1%,False,False,False,35.81790703,False
2022,TN-3,TN,3,-38.18495721,-38.892,-38.892,-36.42,D_vs_R,,0.0,0.0,9.992007221626415e-16,0.0,False,True,5.729579120749818e-07,5.729580762554269e-07,3.282807690093225e-13,False,True,-5.729580752562262e-07,-3.282807690093225e-13,0.5,0.49999942704208794,5.729579120594686e-07,99%+,0–1%,False,False,False,38.18495721,False
2022,TN-4,TN,4,-44.8306878,-44.692,-44.692,-42.22,D_vs_R,,0.0,0.0,9.992007221626415e-16,0.0,False,True,1.1336853311130897e-08,1.1336853409240814e-08,1.2852424299809959e-16,False,True,-1.1336852410040092e-08,-1.2852424299809959e-16,0.5,0.4999999886631467,1.1336853289467541e-08,99%+,0–1%,False,False,False,44.8306878,False
2022,TN-5,TN,5,-13.51711671,-16.792,-16.792,-15.82,D_vs_R,,0.0,0.004,0.004008021397538822,1.6e-05,False,True,0.0178463659786245,0.018007532741115183,0.000318492778643006,False,True,-0.013999511343576361,-0.000302492778643006,0.496,0.4821536340213755,0.013846365978624486,99%+,0–1%,False,False,False,13.51711671,False
2022,TN-6,TN,6,-32.66278074,-36.092000000000006,-36.092000000000006,-33.620000000000005,D_vs_R,,0.0,0.0,9.992007221626415e-16,0.0,False,True,3.172836799900118e-06,3.1728418333046934e-06,1.006689335880042e-11,False,True,-3.1728418323054927e-06,-1.006689335880042e-11,0.5,0.4999968271632001,3.1728367999028784e-06,99%+,0–1%,False,False,False,32.66278074,False
2022,TN-7,TN,7,-21.81592948,-22.092,-22.092,-19.619999999999997,D_vs_R,,0.0,0.0005,0.0005001250416822429,2.5e-07,False,True,0.002860517348012,0.0028646164466558633,8.182559498277607e-06,False,True,-0.0023644914049736204,-7.932559498277608e-06,0.4995,0.497139482651988,0.0023605173480120145,99%+,0–1%,False,False,False,21.81592948,False
2022,TN-8,TN,8,-49.6873737,-44.291999999999994,-44.291999999999994,-41.81999999999999,D_vs_R,,0.0,0.0,9.992007221626415e-16,0.0,False,True,1.510451873553398e-08,1.5104518860940048e-08,2.2814648623209706e-16,False,True,-1.5104517861739325e-08,-2.2814648623209706e-16,0.5,0.49999998489548125,1.5104518746866802e-08,99%+,0–1%,False,False,False,49.6873737,False
2022,TN-9,TN,9,43.81561851,44.108,44.108,43.58,D_vs_R,,1.0,1.0,9.992007221626415e-16,0.0,True,True,0.9999999827783628,1.722163737568607e-08,2.965847887919516e-16,True,True,-1.7221636376485346e-08,-2.965847887919516e-16,0.5,0.4999999827783628,1.722163722739367e-08,99%+,99–100%,False,False,False,43.81561851,False
2022,TX-1,TX,1,-56.15992363,-52.127,-52.127,-50.42,D_vs_R,,0.0,0.0,9.992007221626415e-16,0.0,False,True,3.509419681832691e-11,3.5094149809016995e-11,1.2316026503234665e-21,False,True,-3.509315060829483e-11,-1.2316026503234665e-21,0.5,0.4999999999649058,3.509420531955243e-11,99%+,0–1%,False,False,False,56.15992363,False
2022,TX-10,TX,10,-29.00129794,-25.792,-25.792,-23.32,D_vs_R,,0.0,0.0,9.992007221626415e-16,0.0,False,True,0.0006273012346776,0.000627498070418267,3.9350683902804135e-07,False,True,-0.0006274980704172678,-3.9350683902804135e-07,0.5,0.4993726987653224,0.0006273012346775797,99%+,0–1%,False,False,False,29.00129794,False
2022,TX-12,TX,12,-28.54327483,-25.669500000000003,-25.669500000000003,-22.62,D_vs_R,,0.0,0.0,9.992007221626415e-16,0.0,False,True,0.0006617289294256,0.000661947968648697,4.3788517603875063e-07,False,True,-0.0006619479686476978,-4.3788517603875063e-07,0.5,0.4993382710705744,0.0006617289294256201,99%+,0–1%,False,False,False,28.54327483,False
2022,TX-13,TX,13,-50.70734173,-51.40325,-51.40325,-50.02,D_vs_R,,0.0,0.0,9.992007221626415e-16,0.0,False,True,6.391769982965969e-11,6.391764895345979e-11,4.085472351514479e-21,False,True,-6.391664975273762e-11,-4.085472351514479e-21,0.5,0.4999999999360823,6.391770446256828e-11,99%+,0–1%,False,False,False,50.70734173,False
2022,TX-14,TX,14,-40.31780585,-35.439499999999995,-35.439499999999995,-33.019999999999996,D_vs_R,,0.0,0.0,9.992007221626415e-16,0.0,False,True,4.648382700254801e-06,4.648393503965192e-06,2.1607461728028112e-11,False,True,-4.648393502965991e-06,-2.1607461728028112e-11,0.5,0.49999535161729974,4.648382700256359e-06,99%+,0–1%,False,False,False,40.31780585,False
2022,TX-15,TX,15,-8.480535128,-7.632030487804878,-7.632030487804878,-7.42,D_vs_R,,0.0,0.103,0.10869941692334091,0.010608999999999999,False,True,0.1698786357020343,0.186183366835153,0.02885875086798448,False,True,-0.07748394991181208,-0.018249750867984478,0.397,0.3301213642979657,0.06687863570203434,80–90%,10–20%,False,False,False,8.480535128,False
2022,TX-16,TX,16,26.92696151,30.528054347826085,30.528054347826085,30.88,D_vs_R,,1.0,1.0,9.992007221626415e-16,0.0,True,True,0.9999328866297614,6.711562244157113e-05,4.504204464779314e-09,True,True,-6.711562244057193e-05,-4.504204464779314e-09,0.5,0.49993288662976143,6.711337023856956e-05,99%+,99–100%,False,False,False,26.92696151,False
2022,TX-17,TX,17,-32.96686601,-29.40040425531915,-29.40040425531915,-27.02,D_vs_R,,0.0,0.0,9.992007221626415e-16,0.0,False,True,0.0001177561230265,0.00011776305682303856,1.3866504510232203e-08,False,True,-0.00011776305682203936,-1.3866504510232203e-08,0.5,0.4998822438769735,0.00011775612302650229,99%+,0–1%,False,False,False,32.96686601,False
2022,TX-18,TX,18,44.51967133,44.608,44.608,44.08,D_vs_R,,1.0,1.0,9.992007221626415e-16,0.0,True,True,0.9999999879565956,1.204340445739785e-08,1.4504358917765178e-16,True,True,-1.2043403458197128e-08,-1.4504358917765178e-16,0.5,0.4999999879565956,1.2043404384876055e-08,99%+,99–100%,False,False,False,44.51967133,False
2022,TX-2,TX,2,-31.8276759,-29.792,-29.792,-27.32,D_vs_R,,0.0,0.0,9.992007221626415e-16,0.0,False,True,9.707747169723592e-05,9.70821840199139e-05,9.424035511127643e-09,False,True,-9.708218401891469e-05,-9.424035511127643e-09,0.5,0.49990292252830276,9.70774716972378e-05,99%+,0–1%,False,False,False,31.8276759,False
2022,TX-20,TX,20,36.84837988,30.98425,30.98425,28.58,D_vs_R,,1.0,1.0,9.992007221626415e-16,0.0,True,True,0.9999468263204028,5.3175093367447385e-05,2.827440201908799e-09,True,True,-5.3175093366448184e-05,-2.827440201908799e-09,0.5,0.49994682632040277,5.3173679597229295e-05,99%+,99–100%,False,False,False,36.84837988,False
2022,TX-21,TX,21,-25.68187808,-26.0095,-26.0095,-24.22,D_vs_R,,0.0,0.0,9.992007221626415e-16,0.0,False,True,0.0005702194459371,0.0005703820828740785,3.251502165248133e-07,False,True,-0.0005703820828730793,-3.251502165248133e-07,0.5,0.4994297805540629,0.0005702194459371035,99%+,0–1%,False,False,False,25.68187808,False
2022,TX-22,TX,22,-26.68200568,-23.0445,-23.0445,-20.52,D_vs_R,,0.0,0.0005,0.0005001250416822429,2.5e-07,False,True,0.0019726755650942,0.001974623852183937,3.89144888511972e-06,False,True,-0.0014744988105016943,-3.6414488851197202e-06,0.4995,0.4980273244349058,0.0014726755650941725,99%+,0–1%,False,False,False,26.68200568,False
2022,TX-23,TX,23,-17.10062459,-14.191999999999998,-14.191999999999998,-11.72,D_vs_R,,0.0,0.011,0.011060947359424948,0.00012099999999999999,False,True,0.0379330752304542,0.03867126236868598,0.001438918196439298,False,True,-0.027610315009261033,-0.001317918196439298,0.489,0.4620669247695458,0.026933075230454184,95–99%,1–5%,False,False,False,17.10062459,False
2022,TX-24,TX,24,-19.4976916,-19.151146341463416,-19.151146341463416,-16.82,D_vs_R,,0.0,0.0005,0.0005001250416822429,2.5e-07,False,True,0.0082988086467625,0.008333435466550613,6.887022495558005e-05,False,True,-0.00783331042486837,-6.862022495558005e-05,0.4995,0.4917011913532375,0.007798808646762523,99%+,0–1%,False,False,False,19.4976916,False
2022,TX-27,TX,27,-28.88753641,-28.56417391304348,-28.56417391304348,-26.92,D_vs_R,,0.0,0.0,9.992007221626415e-16,0.0,False,True,0.0001765104028519,0.00017652598264645208,3.115592231494003e-08,False,True,-0.00017652598264545288,-3.115592231494003e-08,0.5,0.4998234895971481,0.00017651040285188158,99%+,0–1%,False,False,False,28.88753641,False
2022,TX-28,TX,28,13.30164693,5.633596590909091,5.633596590909091,2.4800000000000004,D_vs_R,,1.0,0.808,0.2131932204610416,0.03686399999999998,True,True,0.7594930716211656,0.275104079277364,0.05784358259822176,True,True,-0.06191085881632241,-0.02097958259822178,0.30800000000000005,0.25949307162116564,0.04850692837883441,80–90%,80–90%,False,False,False,13.30164693,False
2022,TX-29,TX,29,42.81425817,34.72126086956522,34.72126086956522,32.18000000000001,D_vs_R,,1.0,1.0,9.992007221626415e-16,0.0,True,True,0.9999929748759984,7.025148677935318e-06,4.935236723836402e-11,True,True,-7.025148676936117e-06,-4.935236723836402e-11,0.5,0.49999297487599836,7.025124001636129e-06,99%+,99–100%,False,False,False,42.81425817,False
2022,TX-3,TX,3,-23.63781815,-20.164840909090913,-20.164840909090913,-18.92,D_vs_R,,0.0,0.0005,0.0005001250416822429,2.5e-07,False,True,0.0058295259901298,0.005846584002487583,3.398337326959882e-05,False,True,-0.00534645896080534,-3.373337326959882e-05,0.4995,0.4941704740098702,0.005329525990129813,99%+,0–1%,False,False,False,23.63781815,False
2022,TX-30,TX,30,52.99729105,51.208000000000006,51.208000000000006,52.18000000000001,D_vs_R,,1.0,1.0,9.992007221626415e-16,0.0,True,True,0.999999999924964,7.503597743434087e-11,5.630397909104431e-21,True,True,-7.503497823361871e-11,-5.630397909104431e-21,0.5,0.499999999924964,7.503597743152568e-11,99%+,99–100%,False,False,False,52.99729105,False
2022,TX-32,TX,32,30.71059555,29.008,29.008,28.48,D_vs_R,,1.0,1.0,9.992007221626415e-16,0.0,True,True,0.999857428790573,0.00014258137366793163,2.032654975746495e-08,True,True,-0.00014258137366693243,-2.032654975746495e-08,0.5,0.49985742879057304,0.000142571209426956,99%+,99–100%,False,False,False,30.71059555,False
2022,TX-33,TX,33,46.37200737,46.12269114219114,46.12269114219114,45.379999999999995,D_vs_R,,1.0,1.0,9.992007221626415e-16,0.0,True,True,0.9999999960178249,3.982175153118474e-09,1.585771888696593e-17,True,True,-3.982174153917752e-09,-1.585771888696593e-17,0.5,0.49999999601782485,3.982175145189615e-09,99%+,99–100%,False,False,False,46.37200737,False
2022,TX-34,TX,34,8.503484852,10.316035714285714,10.316035714285714,10.98,D_vs_R,,1.0,0.946,0.05551270993025883,0.0029160000000000054,True,True,0.9015390781654368,0.10365188934100324,0.00969455312851197,True,True,-0.04813917941074441,-0.006778553128511965,0.44599999999999995,0.40153907816543677,0.04446092183456318,90–95%,90–95%,False,False,False,8.503484852,False
2022,TX-35,TX,35,45.15366695,39.708000000000006,39.708000000000006,40.68000000000001,D_vs_R,,1.0,1.0,9.992007221626415e-16,0.0,True,True,0.9999996597291644,3.4027089351140575e-07,1.1578424157303752e-13,True,True,-3.4027089251220503e-07,-1.1578424157303752e-13,0.5,0.4999996597291644,3.4027083561927185e-07,99%+,99–100%,False,False,False,45.15366695,False
2022,TX-36,TX,36,-38.92040169,-37.85551063829788,-37.85551063829788,-36.120000000000005,D_vs_R,,0.0,0.0,9.992007221626415e-16,0.0,False,True,1.0946330712444358e-06,1.0946336704080863e-06,1.198221560662026e-12,False,True,-1.0946336694088856e-06,-1.198221560662026e-12,0.5,0.49999890536692876,1.0946330712413577e-06,99%+,0–1%,False,False,False,38.92040169,False
2022,TX-37,TX,37,55.78766153,47.308,47.308,48.28,D_vs_R,,1.0,1.0,9.992007221626415e-16,0.0,True,True,0.9999999983653848,1.6346152222938526e-09,2.671966920587143e-18,True,True,-1.6346142230931304e-09,-2.671966920587143e-18,0.5,0.4999999983653848,1.634615220957869e-09,99%+,99–100%,False,False,False,55.78766153,False
2022,TX-38,TX,38,-27.43497685,-23.592,-23.592,-22.62,D_vs_R,,0.0,0.0,9.992007221626415e-16,0.0,False,True,0.0015838273152673,0.0015850828956730776,2.5085089645868233e-06,False,True,-0.0015850828956720784,-2.5085089645868233e-06,0.5,0.4984161726847327,0.0015838273152672944,99%+,0–1%,False,False,False,27.43497685,False
2022,TX-4,TX,4,-35.78077333,-33.1264512195122,-33.1264512195122,-30.52,D_vs_R,,0.0,0.0,9.992007221626415e-16,0.0,False,True,1.7095593010391356e-05,1.7095739141756716e-05,2.922593003769418e-10,False,True,-1.7095739140757516e-05,-2.922593003769418e-10,0.5,0.4999829044069896,1.7095593010385546e-05,99%+,0–1%,False,False,False,35.78077333,False
2022,TX-5,TX,5,-30.03561909,-28.79623913043478,-28.79623913043478,-26.92,D_vs_R,,0.0,0.0,9.992007221626415e-16,0.0,False,True,0.0001579201654853,0.00015793263618759336,2.4938778666904537e-08,False,True,-0.00015793263618659416,-2.4938778666904537e-08,0.5,0.4998420798345147,0.00015792016548532573,99%+,0–1%,False,False,False,30.03561909,False
2022,TX-7,TX,7,27.58580864,25.639521739130434,25.639521739130434,25.18,D_vs_R,,1.0,1.0,9.992007221626415e-16,0.0,True,True,0.9993295844514029,0.0006706403775925667,4.494570078008142e-07,True,True,-0.0006706403775915675,-4.494570078008142e-07,0.5,0.49932958445140285,0.0006704155485971475,99%+,99–100%,False,False,False,27.58580864,False
2022,TX-8,TX,8,-37.52178088,-32.59097727272727,-32.59097727272727,-31.72,D_vs_R,,0.0,0.0,9.992007221626415e-16,0.0,False,True,2.2848515352766984e-05,2.2848776384027735e-05,5.220546538256286e-10,False,True,-2.2848776383028534e-05,-5.220546538256286e-10,0.5,0.4999771514846472,2.2848515352780208e-05,99%+,0–1%,False,False,False,37.52178088,False
2022,TX-9,TX,9,53.35040677,49.407999999999994,49.407999999999994,48.879999999999995,D_vs_R,,1.0,1.0,9.992007221626415e-16,0.0,True,True,0.9999999996797976,3.2020242018557266e-10,1.0252958985986782e-19,True,True,-3.202014209848505e-10,-1.0252958985986782e-19,0.5,0.4999999996797976,3.202024201343079e-10,99%+,99–100%,False,False,False,53.35040677,False
2022,UT-1,UT,1,-33.9494032,-24.206423076923077,-24.206423076923077,-24.42,D_vs_R,,0.0,0.0,9.992007221626415e-16,0.0,False,True,0.0012315569065918,0.0012323158960220245,1.5167324141739637e-06,False,True,-0.0012323158960210253,-1.5167324141739637e-06,0.5,0.4987684430934082,0.0012315569065918242,99%+,0–1%,False,False,False,33.9494032,False
2022,UT-2,UT,2,-25.69747763,-25.243798780487808,-25.243798780487808,-21.62,D_vs_R,,0.0,0.0,9.992007221626415e-16,0.0,False,True,0.0007953805342207,0.0007956970171451547,6.326301942172061e-07,False,True,-0.0007956970171441555,-6.326301942172061e-07,0.5,0.4992046194657793,0.0007953805342206799,99%+,0–1%,False,False,False,25.69747763,False
2022,UT-3,UT,3,-34.86837462,-26.087,-26.087,-23.72,D_vs_R,,0.0,0.0,9.992007221626415e-16,0.0,False,True,0.000551068244691,0.0005512201386013014,3.036762103068199e-07,False,True,-0.0005512201386003022,-3.036762103068199e-07,0.5,0.499448931755309,0.0005510682446909776,99%+,0–1%,False,False,False,34.86837462,False
2022,UT-4,UT,4,-28.7055369,-35.64825,-35.64825,-30.42,D_vs_R,,0.0,0.0,9.992007221626415e-16,0.0,False,True,4.1166469840290895e-06,4.116655457490328e-06,1.69467823911158e-11,False,True,-4.116655456491128e-06,-1.69467823911158e-11,0.5,0.499995883353016,4.116646984020367e-06,99%+,0–1%,False,False,False,28.7055369,False
2022,VA-1,VA,1,-13.01241167,-13.191999999999998,-13.191999999999998,-10.72,D_vs_R,,0.0,0.0145,0.014606152389362114,0.00021025000000000001,False,True,0.0494604005922261,0.05072545626153509,0.0024463312267434803,False,True,-0.03611930387217297,-0.0022360812267434803,0.4855,0.4505395994077739,0.034960400592226104,95–99%,1–5%,False,False,False,13.01241167,False
2022,VA-10,VA,10,6.497492782,14.108000000000002,14.108000000000002,13.580000000000002,D_vs_R,,1.0,0.992,0.008032171697264267,6.400000000000012e-05,True,True,0.9611916550166396,0.03958145699621261,0.0015060876403475134,True,True,-0.03154928529894835,-0.0014420876403475134,0.492,0.4611916550166396,0.03080834498336038,99%+,99–100%,False,False,False,6.497492782,False
2022,VA-11,VA,11,33.67762604,37.308,37.308,36.78,D_vs_R,,1.0,1.0,9.992007221626415e-16,0.0,True,True,0.9999984691312636,1.5308699082242203e-06,2.343559088220058e-12,True,True,-1.5308699072250196e-06,-2.343559088220058e-12,0.5,0.49999846913126356,1.5308687364434803e-06,99%+,99–100%,False,False,False,33.67762604,False
2022,VA-2,VA,2,-3.403749545,-2.0919999999999996,-2.0919999999999996,-2.6199999999999997,D_vs_R,,0.0,0.373,0.4668087383492164,0.139129,False,True,0.3967857210390583,0.5054827905510922,0.15743890842048539,False,True,-0.038674052201875864,-0.018309908420485382,0.127,0.10321427896094171,0.023785721039058294,50–65%,35–50%,False,False,False,3.403749545,True
2022,VA-3,VA,3,34.6360356,34.407999999999994,34.407999999999994,33.879999999999995,D_vs_R,,1.0,1.0,9.992007221626415e-16,0.0,True,True,0.9999916087700038,8.391265202752621e-06,7.041274084887903e-11,True,True,-8.39126520175342e-06,-7.041274084887903e-11,0.5,0.4999916087700038,8.391229996185245e-06,99%+,99–100%,False,False,False,34.6360356,False
2022,VA-4,VA,4,30.01943032,31.708,31.708,31.180000000000003,D_vs_R,,1.0,1.0,9.992007221626415e-16,0.0,True,True,0.9999634806496318,3.6520017215902473e-05,1.3336629513147314e-09,True,True,-3.652001721490327e-05,-1.3336629513147314e-09,0.5,0.4999634806496318,3.651935036819154e-05,99%+,99–100%,False,False,False,30.01943032,False
2022,VA-5,VA,5,-15.33350661,-15.292,-15.292,-12.82,D_vs_R,,0.0,0.008,0.008032171697264267,6.4e-05,False,True,0.0278878135469668,0.028284063020304718,0.0007777301444303849,False,True,-0.02025189132304045,-0.0007137301444303848,0.492,0.4721121864530332,0.01988781354696678,99%+,0–1%,False,False,False,15.33350661,False
2022,VA-6,VA,6,-28.94953832,-28.492,-28.492,-26.02,D_vs_R,,0.0,0.0,9.992007221626415e-16,0.0,False,True,0.0001826970894947,0.00018271378064093396,3.337822650983443e-08,False,True,-0.00018271378063993476,-3.337822650983443e-08,0.5,0.4998173029105053,0.00018269708949469887,99%+,0–1%,False,False,False,28.94953832,False
2022,VA-7,VA,7,4.65093412,2.8080000000000003,2.8080000000000003,2.28,D_vs_R,,1.0,0.675,0.3930425881096072,0.10562499999999997,True,True,0.6372943081868074,0.4505237078381163,0.13155541887368663,True,True,-0.05748111972850911,-0.02593041887368666,0.17500000000000004,0.13729430818680743,0.03770569181319261,65–80%,65–80%,False,False,False,4.65093412,True
2022,VA-8,VA,8,48.77405777,52.008,52.008,51.48,D_vs_R,,1.0,1.0,9.992007221626415e-16,0.0,True,True,0.9999999999612486,3.8751446496872223e-11,1.5016746055417587e-21,True,True,-3.875044729615006e-11,-1.5016746055417587e-21,0.5,0.49999999996124855,3.875144649612139e-11,99%+,99–100%,False,False,False,48.77405777,False
2022,VA-9,VA,9,-46.69764301,-48.892,-48.892,-46.42,D_vs_R,,0.0,0.0,9.992007221626415e-16,0.0,False,True,4.809496175276669e-10,4.809496135839963e-10,2.313125346000091e-19,False,True,-4.809486143832741e-10,-2.313125346000091e-19,0.5,0.4999999995190504,4.8094961346834e-10,99%+,0–1%,False,False,False,46.69764301,False
2022,VT-AL,VT,AL,33.6000411,30.108,30.108,31.08,D_vs_R,,1.0,1.0,9.992007221626415e-16,0.0,True,True,0.9999170678358462,8.293560321584785e-05,6.877743851229792e-09,True,True,-8.293560321484865e-05,-6.877743851229792e-09,0.5,0.4999170678358462,8.293216415378168e-05,99%+,99–100%,False,False,False,33.6000411,False
2022,WA-1,WA,1,27.09010618,26.608,26.608,26.08,D_vs_R,,1.0,1.0,9.992007221626415e-16,0.0,True,True,0.999563009899544,0.00043708560845494244,1.9096034789649893e-07,True,True,-0.00043708560845394324,-1.9096034789649893e-07,0.5,0.49956300989954405,0.00043699010045594733,99%+,99–100%,False,False,False,27.09010618,False
2022,WA-10,WA,10,14.10542749,13.708,13.708,13.18,D_vs_R,,1.0,0.984,0.016129381929883644,0.0002560000000000005,True,True,0.9567954371327044,0.04416566468018395,0.0018666342525540953,True,True,-0.028036282750300307,-0.001610634252554095,0.484,0.45679543713270443,0.027204562867295556,95–99%,95–99%,False,False,False,14.10542749,False
2022,WA-2,WA,2,20.3137993,18.908,18.908,18.38,D_vs_R,,1.0,0.9985,0.0015011261262670914,2.2499999999998374e-06,True,True,0.990987116688643,0.009053745050838507,8.123206558413693e-05,True,True,-0.007552618924571416,-7.898206558413709e-05,0.49850000000000005,0.49098711668864303,0.0075128833113570215,99%+,99–100%,False,False,False,20.3137993,False
2022,WA-3,WA,3,0.8221817056,-9.691999999999998,-9.691999999999998,-8.719999999999999,D_vs_R,,1.0,0.0625,2.772588722239781,0.87890625,False,False,0.1126960641636131,2.1830607816730025,0.787308274550743,False,False,0.5895279405667786,0.09159797544925696,0.4375,0.3873039358363869,0.05019606416361311,90–95%,5–10%,True,False,False,0.8221817056,True
2022,WA-4,WA,4,-35.25702965,-23.992,-23.992,-21.52,D_vs_R,,0.0,0.0,9.992007221626415e-16,0.0,False,True,0.001345404255832,0.0013463101247355132,1.8101126116108579e-06,False,True,-0.001346310124734514,-1.8101126116108579e-06,0.5,0.498654595744168,0.0013454042558320167,99%+,0–1%,False,False,False,35.25702965,False
2022,WA-5,WA,5,-19.26241144,-16.991999999999997,-16.991999999999997,-14.52,D_vs_R,,0.0,0.002,0.0020020026706730793,4e-06,False,True,0.0167754803638809,0.016917782436596113,0.0002814167414389536,False,True,-0.014915779765923034,-0.00027741674143895364,0.498,0.4832245196361191,0.014775480363880877,99%+,0–1%,False,False,False,19.26241144,False
2022,WA-6,WA,6,20.10963771,13.208,13.208,12.68,D_vs_R,,1.0,0.988,0.012072581234269249,0.00014400000000000025,True,True,0.950743892511222,0.050510556058485215,0.002426164124946048,True,True,-0.038437974824215966,-0.002282164124946048,0.488,0.45074389251122204,0.037256107488777945,95–99%,95–99%,False,False,False,20.10963771,False
2022,WA-7,WA,7,71.19375041,71.50800000000001,71.50800000000001,70.98,D_vs_R,,1.0,1.0,9.992007221626415e-16,0.0,True,True,1.0,9.992007221626415e-16,0.0,True,True,0.0,0.0,0.5,0.5,0.0,99%+,99–100%,False,False,False,71.19375041,False
2022,WA-8,WA,8,6.852498825,2.7080000000000006,2.7080000000000006,2.1800000000000006,D_vs_R,,1.0,0.6595,0.4162733068247678,0.11594025000000002,True,True,0.6325924865255889,0.4579288453142414,0.1349882809574496,True,True,-0.041655538489473565,-0.019048030957449585,0.15949999999999998,0.13259248652558886,0.026907513474411116,65–80%,65–80%,False,False,False,6.852498825,False
2022,WA-9,WA,9,43.4087422,41.208000000000006,41.208000000000006,40.68000000000001,D_vs_R,,1.0,1.0,9.992007221626415e-16,0.0,True,True,0.999999872819798,1.271802101237947e-07,1.6174803790017522e-14,True,True,-1.27180209124594e-07,-1.6174803790017522e-14,0.5,0.49999987281979796,1.2718020203639213e-07,99%+,99–100%,False,False,False,43.4087422,False
2022,WI-1,WI,1,-8.902604805,-8.992,-8.992,-6.52,D_vs_R,,0.0,0.0625,0.06453852113757118,0.00390625,False,True,0.1303463493999182,0.13966024935597496,0.016990170801885557,False,True,-0.07512172821840378,-0.013083920801885557,0.4375,0.3696536506000818,0.06784634939991818,90–95%,5–10%,False,False,False,8.902604805,False
2022,WI-2,WI,2,44.07759347,37.808,37.808,37.28,D_vs_R,,1.0,1.0,9.992007221626415e-16,0.0,True,True,0.9999988728364624,1.1271641728668457e-06,1.270497640534506e-12,True,True,-1.127164171867645e-06,-1.270497640534506e-12,0.5,0.4999988728364624,1.1271635376175482e-06,99%+,99–100%,False,False,False,44.07759347,False
2022,WI-3,WI,3,-3.70090777,-10.191999999999998,-10.191999999999998,-9.22,D_vs_R,,0.0,0.0445,0.045520515301809304,0.00198025,False,True,0.1011800706244219,0.10667256560172486,0.010237406691563004,False,True,-0.06115205029991556,-0.008257156691563005,0.4555,0.3988199293755781,0.05668007062442193,95–99%,1–5%,False,False,False,3.70090777,True
2022,WI-4,WI,4,52.66222766,49.108,49.108,48.58,D_vs_R,,1.0,1.0,9.992007221626415e-16,0.0,True,True,0.9999999995941574,4.058425818455924e-10,1.6470820117225075e-19,True,True,-4.058415826448702e-10,-1.6470820117225075e-19,0.5,0.4999999995941574,4.058425817632383e-10,99%+,99–100%,False,False,False,52.66222766,False
2022,WI-5,WI,5,-28.83840612,-29.892,-29.892,-27.42,D_vs_R,,0.0,0.0,9.992007221626415e-16,0.0,False,True,9.237276110543634e-05,9.2377027731654e-05,8.532726994242012e-09,False,True,-9.23770277306548e-05,-8.532726994242012e-09,0.5,0.49990762723889454,9.237276110546366e-05,99%+,0–1%,False,False,False,28.83840612,False
2022,WI-7,WI,7,-23.75246846,-26.992,-26.992,-24.52,D_vs_R,,0.0,0.0,9.992007221626415e-16,0.0,False,True,0.0003673821602927,0.00036744966165163767,1.349696517013311e-07,False,True,-0.00036744966165063846,-1.349696517013311e-07,0.5,0.4996326178397073,0.0003673821602926952,99%+,0–1%,False,False,False,23.75246846,False
2022,WV-1,WV,1,-37.88931143,-46.243956521739136,-46.243956521739136,-45.42,D_vs_R,,0.0,0.0,9.992007221626415e-16,0.0,False,True,3.6390251644267132e-09,3.639025198913674e-09,1.3242504147330867e-17,False,True,-3.639024199712952e-09,-1.3242504147330867e-17,0.5,0.49999999636097486,3.639025136781271e-09,99%+,0–1%,False,False,False,37.88931143,False
2022,WV-2,WV,2,-31.12264482,-44.5695,-44.5695,-41.52,D_vs_R,,0.0,0.0,9.992007221626415e-16,0.0,False,True,1.238135053055056e-08,1.2381350577061146e-08,1.5329784096036466e-16,False,True,-1.2381349577860424e-08,-1.5329784096036466e-16,0.5,0.49999998761864944,1.2381350555923376e-08,99%+,0–1%,False,False,False,31.12264482,False
2022,WY-AL,WY,AL,-42.8642065,-49.192,-49.192,-48.22,D_vs_R,,0.0,0.0,9.992007221626415e-16,0.0,False,True,3.7983637954626616e-10,3.798363846396491e-10,1.4427567522681515e-19,False,True,-3.798353854389269e-10,-1.4427567522681515e-19,0.5,0.4999999996201636,3.7983638456751123e-10,99%+,0–1%,False,False,False,42.8642065,False
