cycle,component_neutralized,race_id,district_id,state,baseline_model_margin_dem,neutralized_model_margin_dem,neutralized_minus_baseline_margin,absolute_margin_change,margin_changed,baseline_incumbency_adjustment_dem,neutralized_incumbency_adjustment_dem,baseline_district_elasticity,neutralized_district_elasticity,baseline_dem_candidate_is_incumbent,neutralized_dem_candidate_is_incumbent,baseline_gop_candidate_is_incumbent,neutralized_gop_candidate_is_incumbent
2016,incumbency,AK-AL,AK-AL,AK,-19.223,-17.723,1.5,1.5,True,-1.5,0.0,0.55,0.55,False,False,True,False
2016,incumbency,AL-1,AL-1,AL,-29.28,-27.78,1.5,1.5,True,-1.5,0.0,1.0,1.0,False,False,True,False
2016,incumbency,AL-2,AL-2,AL,-31.38898741602,-29.88898741602,1.5,1.5,True,-1.5,0.0,0.983356637,0.983356637,False,False,True,False
2016,incumbency,AL-3,AL-3,AL,-30.362692176958,-28.862692176958,1.5,1.5,True,-1.5,0.0,0.7614496723,0.7614496723,False,False,True,False
2016,incumbency,AL-4,AL-4,AL,-55.44778846153846,-53.94778846153846,1.5,1.5,True,-1.5,0.0,1.0,1.0,False,False,True,False
2016,incumbency,AL-5,AL-5,AL,-34.85125,-33.35125,1.5,1.5,True,-1.5,0.0,1.0,1.0,False,False,True,False
2016,incumbency,AL-6,AL-6,AL,-55.36999104732,-53.86999104732,1.5,1.5,True,-1.5,0.0,1.150479542,1.150479542,False,False,True,False
2016,incumbency,AL-7,AL-7,AL,43.419999999999995,41.919999999999995,-1.5,1.5,True,1.5,0.0,1.0,1.0,True,False,False,False
2016,incumbency,AR-1,AR-1,AR,-29.904711538461534,-28.404711538461534,1.5,1.5,True,-1.5,0.0,1.25,1.25,False,False,True,False
2016,incumbency,AR-2,AR-2,AR,-16.651575,-15.151575,1.5000000000000018,1.5000000000000018,True,-1.5,0.0,0.55,0.55,False,False,True,False
2016,incumbency,AR-3,AR-3,AR,-39.046494565217394,-37.546494565217394,1.5,1.5,True,-1.5,0.0,1.0,1.0,False,False,True,False
2016,incumbency,AR-4,AR-4,AR,-31.41675,-29.91675,1.5,1.5,True,-1.5,0.0,0.55,0.55,False,False,True,False
2016,incumbency,AZ-1,AZ-1,AZ,-5.073,-5.073,0.0,0.0,False,0.0,0.0,0.55,0.55,False,False,False,False
2016,incumbency,AZ-2,AZ-2,AZ,-2.623,-1.1230000000000002,1.5,1.5,True,-1.5,0.0,0.55,0.55,False,False,True,False
2016,incumbency,AZ-3,AZ-3,AZ,23.49074101182,21.99074101182,-1.5,1.5,True,1.5,0.0,1.202761133,1.202761133,True,False,False,False
2016,incumbency,AZ-4,AZ-4,AZ,-40.94764541993539,-39.44764541993539,1.5,1.5,True,-1.5,0.0,0.8636095283,0.8636095283,False,False,True,False
2016,incumbency,AZ-5,AZ-5,AZ,-32.688788054616,-32.688788054616,0.0,0.0,False,0.0,0.0,0.7985406396,0.7985406396,False,False,False,False
2016,incumbency,AZ-6,AZ-6,AZ,-25.068909090909088,-23.568909090909088,1.5,1.5,True,-1.5,0.0,0.55,0.55,False,False,True,False
2016,incumbency,AZ-7,AZ-7,AZ,43.4775,41.9775,-1.5,1.5,True,1.5,0.0,1.0,1.0,True,False,False,False
2016,incumbency,AZ-8,AZ-8,AZ,-28.0,-26.5,1.5,1.5,True,-1.5,0.0,1.0,1.0,False,False,True,False
2016,incumbency,AZ-9,AZ-9,AZ,3.2269324324324327,1.7269324324324324,-1.5000000000000002,1.5000000000000002,True,1.5,0.0,0.55,0.55,True,False,False,False
2016,incumbency,CA-1,CA-1,CA,-21.19622555982,-19.69622555982,1.5,1.5,True,-1.5,0.0,0.969952667,0.969952667,False,False,True,False
2016,incumbency,CA-10,CA-10,CA,-2.358577646366162,-0.8585776463661619,1.5,1.5,True,-1.5,0.0,0.9418231774,0.9418231774,False,False,True,False
2016,incumbency,CA-11,CA-11,CA,35.616374202338,34.116374202338,-1.5,1.5,True,1.5,0.0,0.8081003747,0.8081003747,True,False,False,False
2016,incumbency,CA-12,CA-12,CA,69.57026176018199,68.07026176018199,-1.5,1.5,True,1.5,0.0,0.7227069633,0.7227069633,True,False,False,False
2016,incumbency,CA-13,CA-13,CA,77.32954545454545,75.82954545454545,-1.5,1.5,True,1.5,0.0,1.0,1.0,True,False,False,False
2016,incumbency,CA-14,CA-14,CA,48.598945362894,47.098945362894,-1.5,1.5,True,1.5,0.0,0.7758247461,0.7758247461,True,False,False,False
2016,incumbency,CA-15,CA-15,CA,34.745,33.245,-1.5,1.5,True,1.5,0.0,1.0,1.0,True,False,False,False
2016,incumbency,CA-16,CA-16,CA,17.455,15.955,-1.4999999999999982,1.4999999999999982,True,1.5,0.0,1.25,1.25,True,False,False,False
2016,incumbency,CA-17,CA-17,CA,39.7695652173913,39.7695652173913,0.0,0.0,False,0.0,0.0,1.0,1.0,False,False,False,False
2016,incumbency,CA-18,CA-18,CA,35.70655478618542,34.20655478618542,-1.5,1.5,True,1.5,0.0,0.8458025141,0.8458025141,True,False,False,False
2016,incumbency,CA-19,CA-19,CA,43.03,41.53,-1.5,1.5,True,1.5,0.0,1.0,1.0,True,False,False,False
2016,incumbency,CA-2,CA-2,CA,39.56095,38.06095,-1.5,1.5,True,1.5,0.0,0.55,0.55,True,False,False,False
2016,incumbency,CA-20,CA-20,CA,41.32,41.32,0.0,0.0,False,0.0,0.0,1.0,1.0,False,False,False,False
2016,incumbency,CA-21,CA-21,CA,4.55005,6.05005,1.5,1.5,True,-1.5,0.0,0.55,0.55,False,False,True,False
2016,incumbency,CA-22,CA-22,CA,-21.355700000000002,-19.855700000000002,1.5,1.5,True,-1.5,0.0,1.25,1.25,False,False,True,False
2016,incumbency,CA-23,CA-23,CA,-30.383079268292683,-28.883079268292683,1.5,1.5,True,-1.5,0.0,1.0,1.0,False,False,True,False
2016,incumbency,CA-24,CA-24,CA,6.411028460451429,6.411028460451429,0.0,0.0,False,0.0,0.0,0.905013022,0.905013022,False,False,False,False
2016,incumbency,CA-25,CA-25,CA,-5.190825,-3.6908250000000002,1.5,1.5,True,-1.5,0.0,1.0,1.0,False,False,True,False
2016,incumbency,CA-26,CA-26,CA,8.235735799568001,6.735735799568001,-1.5,1.5,True,1.5,0.0,0.6587699992,0.6587699992,True,False,False,False
2016,incumbency,CA-27,CA-27,CA,26.116488116859998,24.616488116859998,-1.5,1.5,True,1.5,0.0,1.102292809,1.102292809,True,False,False,False
2016,incumbency,CA-28,CA-28,CA,42.007888888888886,40.507888888888886,-1.5,1.5,True,1.5,0.0,1.0,1.0,True,False,False,False
2016,incumbency,CA-29,CA-29,CA,55.04,53.54,-1.5,1.5,True,1.5,0.0,1.0,1.0,True,False,False,False
2016,incumbency,CA-3,CA-3,CA,8.660818463672,7.160818463671999,-1.5,1.5,True,1.5,0.0,0.6785990068,0.6785990068,True,False,False,False
2016,incumbency,CA-30,CA-30,CA,30.48,28.98,-1.5,1.5,True,1.5,0.0,1.0,1.0,True,False,False,False
2016,incumbency,CA-31,CA-31,CA,11.806515151515153,10.306515151515153,-1.5,1.5,True,1.5,0.0,1.0,1.0,True,False,False,False
2016,incumbency,CA-32,CA-32,CA,29.3485,27.8485,-1.5,1.5,True,1.5,0.0,1.25,1.25,True,False,False,False
2016,incumbency,CA-33,CA-33,CA,21.526775,20.026775,-1.5,1.5,True,1.5,0.0,1.0,1.0,True,False,False,False
2016,incumbency,CA-34,CA-34,CA,67.02000000000001,65.52000000000001,-1.5,1.5,True,1.5,0.0,1.0,1.0,True,False,False,False
2016,incumbency,CA-35,CA-35,CA,35.753571428571426,34.253571428571426,-1.5,1.5,True,1.5,0.0,1.0,1.0,True,False,False,False
2016,incumbency,CA-36,CA-36,CA,-0.050174999999999415,-1.5501749999999994,-1.5,1.5,True,1.5,0.0,0.55,0.55,True,False,False,False
2016,incumbency,CA-37,CA-37,CA,70.19274481851001,68.69274481851001,-1.5,1.5,True,1.5,0.0,0.7643422565,0.7643422565,True,False,False,False
2016,incumbency,CA-38,CA-38,CA,30.154999999999998,28.654999999999998,-1.5,1.5,True,1.5,0.0,1.25,1.25,True,False,False,False
2016,incumbency,CA-39,CA-39,CA,-9.017775,-7.517775,1.5,1.5,True,-1.5,0.0,1.25,1.25,False,False,True,False
2016,incumbency,CA-4,CA-4,CA,-23.19230113636364,-21.69230113636364,1.5,1.5,True,-1.5,0.0,1.0,1.0,False,False,True,False
2016,incumbency,CA-40,CA-40,CA,64.398375,62.898374999999994,-1.500000000000007,1.500000000000007,True,1.5,0.0,1.0,1.0,True,False,False,False
2016,incumbency,CA-41,CA-41,CA,22.183472649758002,20.683472649758002,-1.5,1.5,True,1.5,0.0,0.7899956477,0.7899956477,True,False,False,False
2016,incumbency,CA-42,CA-42,CA,-20.291194899696364,-18.791194899696364,1.5,1.5,True,-1.5,0.0,1.173502711,1.173502711,False,False,True,False
2016,incumbency,CA-43,CA-43,CA,54.62910714285714,53.12910714285714,-1.5,1.5,True,1.5,0.0,1.0,1.0,True,False,False,False
2016,incumbency,CA-44,CA-44,CA,68.3221590909091,68.3221590909091,0.0,0.0,False,0.0,0.0,1.0,1.0,False,False,False,False
2016,incumbency,CA-45,CA-45,CA,-15.521250000000002,-14.02125,1.5000000000000018,1.5000000000000018,True,-1.5,0.0,1.25,1.25,False,False,True,False
2016,incumbency,CA-46,CA-46,CA,24.29564664328087,24.29564664328087,0.0,0.0,False,0.0,0.0,1.041857713,1.041857713,False,False,False,False
2016,incumbency,CA-47,CA-47,CA,20.272672409295996,18.772672409295996,-1.5,1.5,True,1.5,0.0,0.5512452024,0.5512452024,True,False,False,False
2016,incumbency,CA-48,CA-48,CA,-16.633259407765998,-15.133259407766,1.4999999999999982,1.4999999999999982,True,-1.5,0.0,0.9013714671,0.9013714671,False,False,True,False
2016,incumbency,CA-49,CA-49,CA,-12.527109589614522,-11.027109589614522,1.5,1.5,True,-1.5,0.0,0.7466972173,0.7466972173,False,False,True,False
2016,incumbency,CA-5,CA-5,CA,40.316785714285714,38.816785714285714,-1.5,1.5,True,1.5,0.0,1.0,1.0,True,False,False,False
2016,incumbency,CA-50,CA-50,CA,-28.683331540478,-27.183331540478,1.5,1.5,True,-1.5,0.0,0.9512841843,0.9512841843,False,False,True,False
2016,incumbency,CA-51,CA-51,CA,37.90648101609582,36.40648101609582,-1.5,1.5,True,1.5,0.0,0.8394429591,0.8394429591,True,False,False,False
2016,incumbency,CA-52,CA-52,CA,4.746875000000001,3.2468750000000006,-1.5000000000000004,1.5000000000000004,True,1.5,0.0,0.55,0.55,True,False,False,False
2016,incumbency,CA-53,CA-53,CA,23.026448971159997,21.526448971159997,-1.5,1.5,True,1.5,0.0,0.826757354,0.826757354,True,False,False,False
2016,incumbency,CA-6,CA-6,CA,38.55806947876636,37.05806947876636,-1.5,1.5,True,1.5,0.0,0.7952465095,0.7952465095,True,False,False,False
2016,incumbency,CA-7,CA-7,CA,2.4068198987213334,0.9068198987213335,-1.5,1.5,True,1.5,0.0,0.6485862322,0.6485862322,True,False,False,False
2016,incumbency,CA-8,CA-8,CA,-18.75687878787879,-17.25687878787879,1.5,1.5,True,-1.5,0.0,1.0,1.0,False,False,True,False
2016,incumbency,CA-9,CA-9,CA,16.38144192847078,14.881441928470782,-1.5,1.5,True,1.5,0.0,0.9068570334,0.9068570334,True,False,False,False
2016,incumbency,CO-1,CO-1,CO,38.211103304998,36.711103304998,-1.5,1.5,True,1.5,0.0,0.7983394537,0.7983394537,True,False,False,False
2016,incumbency,CO-2,CO-2,CO,15.838675269016608,14.338675269016607,-1.5000000000000018,1.5000000000000018,True,1.5,0.0,0.7908237671,0.7908237671,True,False,False,False
2016,incumbency,CO-3,CO-3,CO,-9.11472582068,-7.6147258206799995,1.5000000000000009,1.5000000000000009,True,-1.5,0.0,1.206526258,1.206526258,False,False,True,False
2016,incumbency,CO-4,CO-4,CO,-21.883536585365853,-20.383536585365853,1.5,1.5,True,-1.5,0.0,1.25,1.25,False,False,True,False
2016,incumbency,CO-5,CO-5,CO,-26.3625,-24.8625,1.5,1.5,True,-1.5,0.0,1.0,1.0,False,False,True,False
2016,incumbency,CO-6,CO-6,CO,-0.29033456767921756,1.2096654323207825,1.5,1.5,True,-1.5,0.0,0.9637524109,0.9637524109,False,False,True,False
2016,incumbency,CO-7,CO-7,CO,12.533766929486365,11.033766929486365,-1.5,1.5,True,1.5,0.0,0.7016306775,0.7016306775,True,False,False,False
2016,incumbency,CT-1,CT-1,CT,25.955000000000002,24.455000000000002,-1.5,1.5,True,1.5,0.0,1.25,1.25,True,False,False,False
2016,incumbency,CT-2,CT-2,CT,11.555000000000001,10.055000000000001,-1.5,1.5,True,1.5,0.0,1.25,1.25,True,False,False,False
2016,incumbency,CT-3,CT-3,CT,23.055000000000003,23.055000000000003,0.0,0.0,False,0.0,0.0,1.25,1.25,False,False,False,False
2016,incumbency,CT-4,CT-4,CT,9.32271454426,7.82271454426,-1.5,1.5,True,1.5,0.0,1.190212119,1.190212119,True,False,False,False
2016,incumbency,CT-5,CT-5,CT,4.576999999999999,4.576999999999999,0.0,0.0,False,0.0,0.0,0.55,0.55,False,False,False,False
2016,incumbency,DE-AL,DE-AL,DE,15.237834284620002,15.237834284620002,0.0,0.0,False,0.0,0.0,1.033026453,1.033026453,False,False,False,False
2016,incumbency,FL-1,FL-1,FL,,,,,False,0.0,0.0,0.891232279,0.891232279,False,False,False,False
2016,incumbency,FL-10,FL-10,FL,,,,,False,0.0,0.0,1.25,1.25,False,False,False,False
2016,incumbency,FL-11,FL-11,FL,,,,,False,-1.5,0.0,0.7705473195,0.7705473195,False,False,True,False
2016,incumbency,FL-12,FL-12,FL,,,,,False,-1.5,0.0,1.0,1.0,False,False,True,False
2016,incumbency,FL-13,FL-13,FL,,,,,False,-1.5,0.0,1.0,1.0,False,False,True,False
2016,incumbency,FL-14,FL-14,FL,,,,,False,1.5,0.0,1.0,1.0,True,False,False,False
2016,incumbency,FL-15,FL-15,FL,,,,,False,-1.5,0.0,1.0,1.0,False,False,True,False
2016,incumbency,FL-16,FL-16,FL,,,,,False,-1.5,0.0,1.25,1.25,False,False,True,False
2016,incumbency,FL-17,FL-17,FL,,,,,False,-1.5,0.0,1.10014909,1.10014909,False,False,True,False
2016,incumbency,FL-18,FL-18,FL,,,,,False,0.0,0.0,0.55,0.55,False,False,False,False
2016,incumbency,FL-19,FL-19,FL,,,,,False,0.0,0.0,0.879374707,0.879374707,False,False,False,False
2016,incumbency,FL-2,FL-2,FL,,,,,False,0.0,0.0,0.55,0.55,False,False,False,False
2016,incumbency,FL-20,FL-20,FL,,,,,False,1.5,0.0,1.0,1.0,True,False,False,False
2016,incumbency,FL-21,FL-21,FL,,,,,False,1.5,0.0,1.0,1.0,True,False,False,False
2016,incumbency,FL-22,FL-22,FL,,,,,False,1.5,0.0,0.55,0.55,True,False,False,False
2016,incumbency,FL-23,FL-23,FL,,,,,False,1.5,0.0,0.651592452,0.651592452,True,False,False,False
2016,incumbency,FL-24,FL-24,FL,,,,,False,1.5,0.0,1.0,1.0,True,False,False,False
2016,incumbency,FL-25,FL-25,FL,,,,,False,-1.5,0.0,1.0,1.0,False,False,True,False
2016,incumbency,FL-26,FL-26,FL,,,,,False,-1.5,0.0,1.25,1.25,False,False,True,False
2016,incumbency,FL-27,FL-27,FL,,,,,False,-1.5,0.0,1.0,1.0,False,False,True,False
2016,incumbency,FL-3,FL-3,FL,,,,,False,-1.5,0.0,0.55,0.55,False,False,True,False
2016,incumbency,FL-4,FL-4,FL,,,,,False,0.0,0.0,1.0,1.0,False,False,False,False
2016,incumbency,FL-5,FL-5,FL,,,,,False,0.0,0.0,1.25,1.25,False,False,False,False
2016,incumbency,FL-6,FL-6,FL,,,,,False,-1.5,0.0,1.197643773,1.197643773,False,False,True,False
2016,incumbency,FL-7,FL-7,FL,,,,,False,-1.5,0.0,1.25,1.25,False,False,True,False
2016,incumbency,FL-8,FL-8,FL,,,,,False,-1.5,0.0,1.121970792,1.121970792,False,False,True,False
2016,incumbency,FL-9,FL-9,FL,,,,,False,0.0,0.0,1.25,1.25,False,False,False,False
2016,incumbency,GA-1,GA-1,GA,-18.023,-16.523,1.5,1.5,True,-1.5,0.0,0.55,0.55,False,False,True,False
2016,incumbency,GA-10,GA-10,GA,-31.08,-29.58,1.5,1.5,True,-1.5,0.0,1.0,1.0,False,False,True,False
2016,incumbency,GA-11,GA-11,GA,-40.28,-38.78,1.5,1.5,True,-1.5,0.0,1.0,1.0,False,False,True,False
2016,incumbency,GA-12,GA-12,GA,-16.8684,-15.3684,1.5000000000000018,1.5000000000000018,True,-1.5,0.0,1.25,1.25,False,False,True,False
2016,incumbency,GA-13,GA-13,GA,37.705,36.205,-1.5,1.5,True,1.5,0.0,1.0,1.0,True,False,False,False
2016,incumbency,GA-14,GA-14,GA,-49.78,-48.28,1.5,1.5,True,-1.5,0.0,1.0,1.0,False,False,True,False
2016,incumbency,GA-2,GA-2,GA,16.808000479940002,15.30800047994,-1.5000000000000018,1.5000000000000018,True,1.5,0.0,1.103473111,1.103473111,True,False,False,False
2016,incumbency,GA-3,GA-3,GA,-36.07,-36.07,0.0,0.0,False,0.0,0.0,1.0,1.0,False,False,False,False
2016,incumbency,GA-4,GA-4,GA,46.04928571428571,44.54928571428571,-1.5,1.5,True,1.5,0.0,1.0,1.0,True,False,False,False
2016,incumbency,GA-5,GA-5,GA,65.23368902439023,63.73368902439024,-1.499999999999993,1.499999999999993,True,1.5,0.0,1.0,1.0,True,False,False,False
2016,incumbency,GA-6,GA-6,GA,-28.45814815314974,-26.95814815314974,1.5,1.5,True,-1.5,0.0,0.6825255618,0.6825255618,False,False,True,False
2016,incumbency,GA-7,GA-7,GA,-27.2587784672439,-25.7587784672439,1.5,1.5,True,-1.5,0.0,0.91249245,0.91249245,False,False,True,False
2016,incumbency,GA-8,GA-8,GA,-29.116022727272732,-27.616022727272732,1.5,1.5,True,-1.5,0.0,1.0,1.0,False,False,True,False
2016,incumbency,GA-9,GA-9,GA,-62.187174154338535,-60.687174154338535,1.5,1.5,True,-1.5,0.0,1.084614258,1.084614258,False,False,True,False
2016,incumbency,HI-1,HI-1,HI,37.233028204584,37.233028204584,0.0,0.0,False,0.0,0.0,0.8389411196,0.8389411196,False,False,False,False
2016,incumbency,HI-2,HI-2,HI,42.577,41.077,-1.5,1.5,True,1.5,0.0,0.55,0.55,True,False,False,False
2016,incumbency,IA-1,IA-1,IA,10.72375,12.22375,1.5,1.5,True,-1.5,0.0,1.25,1.25,False,False,True,False
2016,incumbency,IA-2,IA-2,IA,11.237848914299999,9.737848914299999,-1.5,1.5,True,1.5,0.0,1.033053545,1.033053545,True,False,False,False
2016,incumbency,IA-3,IA-3,IA,0.040665618597454656,1.5406656185974548,1.5,1.5,True,-1.5,0.0,0.6155003038,0.6155003038,False,False,True,False
2016,incumbency,IA-4,IA-4,IA,-12.844999999999999,-11.344999999999999,1.5,1.5,True,-1.5,0.0,1.25,1.25,False,False,True,False
2016,incumbency,ID-1,ID-1,ID,-37.82369169960475,-36.32369169960475,1.5,1.5,True,-1.5,0.0,0.55,0.55,False,False,True,False
2016,incumbency,ID-2,ID-2,ID,-35.98335,-34.48335,1.5,1.5,True,-1.5,0.0,0.55,0.55,False,False,True,False
2016,incumbency,IL-1,IL-1,IL,55.557828612020174,54.057828612020174,-1.5,1.5,True,1.5,0.0,0.5736304263,0.5736304263,True,False,False,False
2016,incumbency,IL-10,IL-10,IL,10.323132547668,11.823132547668,1.5,1.5,True,-1.5,0.0,0.7358010142,0.7358010142,False,False,True,False
2016,incumbency,IL-11,IL-11,IL,14.78312893994,13.28312893994,-1.5,1.5,True,1.5,0.0,1.168572111,1.168572111,True,False,False,False
2016,incumbency,IL-12,IL-12,IL,-3.48755,-1.98755,1.5000000000000002,1.5000000000000002,True,-1.5,0.0,1.25,1.25,False,False,True,False
2016,incumbency,IL-13,IL-13,IL,-2.45125,-2.45125,0.0,0.0,False,0.0,0.0,1.25,1.25,False,False,False,False
2016,incumbency,IL-14,IL-14,IL,-14.177391304347825,-12.677391304347825,1.5,1.5,True,-1.5,0.0,1.25,1.25,False,False,True,False
2016,incumbency,IL-15,IL-15,IL,-34.158750000000005,-32.658750000000005,1.5,1.5,True,-1.5,0.0,1.25,1.25,False,False,True,False
2016,incumbency,IL-16,IL-16,IL,-14.625560344827587,-13.125560344827587,1.5,1.5,True,-1.5,0.0,1.25,1.25,False,False,True,False
2016,incumbency,IL-17,IL-17,IL,14.969272727272728,13.469272727272728,-1.5,1.5,True,1.5,0.0,0.55,0.55,True,False,False,False
2016,incumbency,IL-18,IL-18,IL,-28.423,-26.923,1.5,1.5,True,-1.5,0.0,0.55,0.55,False,False,True,False
2016,incumbency,IL-2,IL-2,IL,60.077,58.577,-1.5,1.5,True,1.5,0.0,0.55,0.55,True,False,False,False
2016,incumbency,IL-3,IL-3,IL,11.216298124176365,9.716298124176365,-1.5,1.5,True,1.5,0.0,1.007244001,1.007244001,True,False,False,False
2016,incumbency,IL-4,IL-4,IL,63.93516101652,62.43516101652,-1.5,1.5,True,1.5,0.0,1.134557438,1.134557438,True,False,False,False
2016,incumbency,IL-5,IL-5,IL,31.48773869463467,29.98773869463467,-1.5,1.5,True,1.5,0.0,0.7892074592,0.7892074592,True,False,False,False
2016,incumbency,IL-6,IL-6,IL,-13.718804347826085,-12.218804347826085,1.5,1.5,True,-1.5,0.0,1.25,1.25,False,False,True,False
2016,incumbency,IL-7,IL-7,IL,73.06682493125,71.56682493125,-1.5,1.5,True,1.5,0.0,0.9385646875,0.9385646875,True,False,False,False
2016,incumbency,IL-8,IL-8,IL,12.877,12.877,0.0,0.0,False,0.0,0.0,0.55,0.55,False,False,False,False
2016,incumbency,IL-9,IL-9,IL,27.450750000000003,25.950750000000003,-1.5,1.5,True,1.5,0.0,0.55,0.55,True,False,False,False
2016,incumbency,IN-1,IN-1,IN,22.81799743152537,21.31799743152537,-1.5,1.5,True,1.5,0.0,1.065905361,1.065905361,True,False,False,False
2016,incumbency,IN-2,IN-2,IN,-17.62284090909091,-17.62284090909091,0.0,0.0,False,0.0,0.0,1.25,1.25,False,False,False,False
2016,incumbency,IN-3,IN-3,IN,-31.050260177280002,-31.050260177280002,0.0,0.0,False,0.0,0.0,1.027295968,1.027295968,False,False,False,False
2016,incumbency,IN-4,IN-4,IN,-29.250851622379738,-27.750851622379738,1.5,1.5,True,-1.5,0.0,0.8025191373,0.8025191373,False,False,True,False
2016,incumbency,IN-5,IN-5,IN,-21.495060975609753,-19.995060975609753,1.5,1.5,True,-1.5,0.0,1.25,1.25,False,False,True,False
2016,incumbency,IN-6,IN-6,IN,-27.503750000000004,-26.003750000000004,1.5,1.5,True,-1.5,0.0,1.25,1.25,False,False,True,False
2016,incumbency,IN-7,IN-7,IN,24.950625,23.450625,-1.5,1.5,True,1.5,0.0,1.25,1.25,True,False,False,False
2016,incumbency,IN-8,IN-8,IN,-24.595,-23.095,1.5,1.5,True,-1.5,0.0,1.25,1.25,False,False,True,False
2016,incumbency,IN-9,IN-9,IN,-19.51909090909091,-19.51909090909091,0.0,0.0,False,0.0,0.0,1.25,1.25,False,False,False,False
2016,incumbency,KS-1,KS-1,KS,-45.88,-45.88,0.0,0.0,False,0.0,0.0,1.0,1.0,False,False,False,False
2016,incumbency,KS-2,KS-2,KS,-18.723,-17.223,1.5,1.5,True,-1.5,0.0,0.55,0.55,False,False,True,False
2016,incumbency,KS-3,KS-3,KS,-14.379999999999999,-12.879999999999999,1.5,1.5,True,-1.5,0.0,1.0,1.0,False,False,True,False
2016,incumbency,KS-4,KS-4,KS,-30.623,-29.123,1.5,1.5,True,-1.5,0.0,0.55,0.55,False,False,True,False
2016,incumbency,KY-1,KY-1,KY,-37.514443664795145,-37.514443664795145,0.0,0.0,False,0.0,0.0,0.9484508853,0.9484508853,False,False,False,False
2016,incumbency,KY-2,KY-2,KY,-33.674683878366594,-32.174683878366594,1.5,1.5,True,-1.5,0.0,0.7758021165,0.7758021165,False,False,True,False
2016,incumbency,KY-3,KY-3,KY,11.667709816275273,10.167709816275273,-1.5,1.5,True,1.5,0.0,0.5879306362,0.5879306362,True,False,False,False
2016,incumbency,KY-4,KY-4,KY,-33.488849333646,-31.988849333646,1.5,1.5,True,-1.5,0.0,0.9836123451,0.9836123451,False,False,True,False
2016,incumbency,KY-5,KY-5,KY,-57.01730555555556,-55.51730555555556,1.5,1.5,True,-1.5,0.0,0.55,0.55,False,False,True,False
2016,incumbency,KY-6,KY-6,KY,-18.345,-16.845,1.5,1.5,True,-1.5,0.0,1.25,1.25,False,False,True,False
2016,incumbency,LA-1,LA-1,LA,-48.745000000000005,-47.245000000000005,1.5,1.5,True,-1.5,0.0,1.25,1.25,False,False,True,False
2016,incumbency,LA-2,LA-2,LA,51.12,49.62,-1.5,1.5,True,1.5,0.0,1.0,1.0,True,False,False,False
2016,incumbency,LA-3,LA-3,LA,-37.18,-37.18,0.0,0.0,False,0.0,0.0,1.0,1.0,False,False,False,False
2016,incumbency,LA-4,LA-4,LA,-22.68,-22.68,0.0,0.0,False,0.0,0.0,1.0,1.0,False,False,False,False
2016,incumbency,LA-5,LA-5,LA,-28.18,-26.68,1.5,1.5,True,-1.5,0.0,1.0,1.0,False,False,True,False
2016,incumbency,LA-6,LA-6,LA,-38.980000000000004,-37.480000000000004,1.5,1.5,True,-1.5,0.0,1.0,1.0,False,False,True,False
2016,incumbency,MA-1,MA-1,MA,27.82,26.32,-1.5,1.5,True,1.5,0.0,1.0,1.0,True,False,False,False
2016,incumbency,MA-2,MA-2,MA,17.62,16.12,-1.5,1.5,True,1.5,0.0,1.0,1.0,True,False,False,False
2016,incumbency,MA-3,MA-3,MA,13.553503942512,12.053503942512,-1.5,1.5,True,1.5,0.0,0.8768591528,0.8768591528,True,False,False,False
2016,incumbency,MA-4,MA-4,MA,13.920000000000002,12.420000000000002,-1.5,1.5,True,1.5,0.0,1.0,1.0,True,False,False,False
2016,incumbency,MA-5,MA-5,MA,30.22,28.72,-1.5,1.5,True,1.5,0.0,1.0,1.0,True,False,False,False
2016,incumbency,MA-6,MA-6,MA,8.677,7.1770000000000005,-1.4999999999999991,1.4999999999999991,True,1.5,0.0,0.55,0.55,True,False,False,False
2016,incumbency,MA-7,MA-7,MA,65.02000000000001,63.52,-1.500000000000007,1.500000000000007,True,1.5,0.0,1.0,1.0,True,False,False,False
2016,incumbency,MA-8,MA-8,MA,15.120000000000001,13.620000000000001,-1.5,1.5,True,1.5,0.0,1.0,1.0,True,False,False,False
2016,incumbency,MA-9,MA-9,MA,10.655000000000001,9.155000000000001,-1.5,1.5,True,1.5,0.0,1.25,1.25,True,False,False,False
2016,incumbency,MD-1,MD-1,MD,-27.497729917435425,-25.997729917435425,1.5,1.5,True,-1.5,0.0,0.5710027984,0.5710027984,False,False,True,False
2016,incumbency,MD-2,MD-2,MD,25.79284480256,24.29284480256,-1.5,1.5,True,1.5,0.0,1.116379264,1.116379264,True,False,False,False
2016,incumbency,MD-3,MD-3,MD,21.51375,20.01375,-1.5,1.5,True,1.5,0.0,1.25,1.25,True,False,False,False
2016,incumbency,MD-4,MD-4,MD,53.91217171717171,53.91217171717171,0.0,0.0,False,0.0,0.0,1.25,1.25,False,False,False,False
2016,incumbency,MD-5,MD-5,MD,31.1675,29.6675,-1.5,1.5,True,1.5,0.0,1.25,1.25,True,False,False,False
2016,incumbency,MD-6,MD-6,MD,10.865,9.365,-1.5,1.5,True,1.5,0.0,1.25,1.25,True,False,False,False
2016,incumbency,MD-7,MD-7,MD,52.92102272727272,51.42102272727272,-1.5,1.5,True,1.5,0.0,1.25,1.25,True,False,False,False
2016,incumbency,MD-8,MD-8,MD,20.76779401244,20.76779401244,0.0,0.0,False,0.0,0.0,1.144062986,1.144062986,False,False,False,False
2016,incumbency,ME-1,ME-1,ME,19.107599999999998,17.607599999999998,-1.5,1.5,True,1.5,0.0,0.55,0.55,True,False,False,False
2016,incumbency,ME-2,ME-2,ME,3.755,5.255,1.5,1.5,True,-1.5,0.0,1.25,1.25,False,False,True,False
2016,incumbency,MI-1,MI-1,MI,-11.726446476328,-11.726446476328,0.0,0.0,False,0.0,0.0,0.9139880068,0.9139880068,False,False,False,False
2016,incumbency,MI-10,MI-10,MI,-15.222999999999999,-15.222999999999999,0.0,0.0,False,0.0,0.0,0.55,0.55,False,False,False,False
2016,incumbency,MI-11,MI-11,MI,-10.22325324464,-8.72325324464,1.5,1.5,True,-1.5,0.0,1.105086584,1.105086584,False,False,True,False
2016,incumbency,MI-12,MI-12,MI,31.428194945815996,29.928194945815996,-1.5,1.5,True,1.5,0.0,0.8299906404,0.8299906404,True,False,False,False
2016,incumbency,MI-13,MI-13,MI,68.94763785836001,67.44763785836001,-1.5,1.5,True,1.5,0.0,0.865996034,0.865996034,True,False,False,False
2016,incumbency,MI-14,MI-14,MI,60.545665764759995,59.045665764759995,-1.5,1.5,True,1.5,0.0,1.047529194,1.047529194,True,False,False,False
2016,incumbency,MI-2,MI-2,MI,-17.94909151031,-16.44909151031,1.5,1.5,True,-1.5,0.0,0.6868675735,0.6868675735,False,False,True,False
2016,incumbency,MI-3,MI-3,MI,-12.06871985694,-10.56871985694,1.5,1.5,True,-1.5,0.0,1.206074339,1.206074339,False,False,True,False
2016,incumbency,MI-4,MI-4,MI,-13.123,-11.623,1.5,1.5,True,-1.5,0.0,0.55,0.55,False,False,True,False
2016,incumbency,MI-5,MI-5,MI,20.276999999999997,18.776999999999997,-1.5,1.5,True,1.5,0.0,0.55,0.55,True,False,False,False
2016,incumbency,MI-6,MI-6,MI,-6.425160727804,-4.925160727804,1.5,1.5,True,-1.5,0.0,0.7311838374,0.7311838374,False,False,True,False
2016,incumbency,MI-7,MI-7,MI,-8.18053537578,-6.68053537578,1.5,1.5,True,-1.5,0.0,0.628638193,0.628638193,False,False,True,False
2016,incumbency,MI-8,MI-8,MI,-8.222999999999999,-6.723,1.4999999999999991,1.4999999999999991,True,-1.5,0.0,0.55,0.55,False,False,True,False
2016,incumbency,MI-9,MI-9,MI,13.278404236204,11.778404236204,-1.5,1.5,True,1.5,0.0,0.7377856226,0.7377856226,True,False,False,False
2016,incumbency,MN-1,MN-1,MN,-0.5184843133800001,-2.01848431338,-1.5,1.5,True,1.5,0.0,0.928732753,0.928732753,True,False,False,False
2016,incumbency,MN-2,MN-2,MN,-3.1998520022799997,-3.1998520022799997,0.0,0.0,False,0.0,0.0,1.148422218,1.148422218,False,False,False,False
2016,incumbency,MN-3,MN-3,MN,-4.06825007142,-2.56825007142,1.4999999999999996,1.4999999999999996,True,-1.5,0.0,1.021759127,1.021759127,False,False,True,False
2016,incumbency,MN-4,MN-4,MN,24.935908125879997,23.435908125879997,-1.5,1.5,True,1.5,0.0,0.659089122,0.659089122,True,False,False,False
2016,incumbency,MN-5,MN-5,MN,47.376999999999995,45.876999999999995,-1.5,1.5,True,1.5,0.0,0.55,0.55,True,False,False,False
2016,incumbency,MN-6,MN-6,MN,-19.745,-18.245,1.5,1.5,True,-1.5,0.0,1.25,1.25,False,False,True,False
2016,incumbency,MN-7,MN-7,MN,-11.545,-13.045,-1.5,1.5,True,1.5,0.0,1.25,1.25,True,False,False,False
2016,incumbency,MN-8,MN-8,MN,3.609728012324,2.109728012324,-1.5,1.5,True,1.5,0.0,0.9809778006,0.9809778006,True,False,False,False
2016,incumbency,MO-1,MO-1,MO,59.15273051132,57.65273051132,-1.5,1.5,True,1.5,0.0,1.060612058,1.060612058,True,False,False,False
2016,incumbency,MO-2,MO-2,MO,-20.5373179518,-19.0373179518,1.5,1.5,True,-1.5,0.0,1.07904083,1.07904083,False,False,True,False
2016,incumbency,MO-3,MO-3,MO,-30.64758149916,-29.14758149916,1.5,1.5,True,-1.5,0.0,1.245219446,1.245219446,False,False,True,False
2016,incumbency,MO-4,MO-4,MO,-29.544999999999998,-28.044999999999998,1.5,1.5,True,-1.5,0.0,1.25,1.25,False,False,True,False
2016,incumbency,MO-5,MO-5,MO,17.755,16.255,-1.5,1.5,True,1.5,0.0,1.25,1.25,True,False,False,False
2016,incumbency,MO-6,MO-6,MO,-27.068616192994003,-25.568616192994003,1.5,1.5,True,-1.5,0.0,0.8358959389,0.8358959389,False,False,True,False
2016,incumbency,MO-7,MO-7,MO,-42.36387925668,-40.86387925668,1.5,1.5,True,-1.5,0.0,0.659482858,0.659482858,False,False,True,False
2016,incumbency,MO-8,MO-8,MO,-37.523,-37.523,0.0,0.0,False,0.0,0.0,0.55,0.55,False,False,False,False
2016,incumbency,MS-1,MS-1,MS,-29.810535714285713,-28.310535714285713,1.5,1.5,True,-1.5,0.0,1.25,1.25,False,False,True,False
2016,incumbency,MS-2,MS-2,MS,32.507159090909084,31.007159090909088,-1.4999999999999964,1.4999999999999964,True,1.5,0.0,1.0,1.0,True,False,False,False
2016,incumbency,MS-3,MS-3,MS,-26.476634615384615,-24.976634615384615,1.5,1.5,True,-1.5,0.0,1.0,1.0,False,False,True,False
2016,incumbency,MS-4,MS-4,MS,-41.624538616498185,-40.124538616498185,1.5,1.5,True,-1.5,0.0,1.182462158,1.182462158,False,False,True,False
2016,incumbency,MT-AL,MT-AL,MT,-18.692403389823998,-17.192403389823998,1.5,1.5,True,-1.5,0.0,0.7918455744,0.7918455744,False,False,True,False
2016,incumbency,NC-1,NC-1,NC,36.59412163357382,35.09412163357382,-1.5,1.5,True,1.5,0.0,0.9276663248,0.9276663248,True,False,False,False
2016,incumbency,NC-10,NC-10,NC,-22.53547963919273,-21.03547963919273,1.5,1.5,True,-1.5,0.0,1.021839052,1.021839052,False,False,True,False
2016,incumbency,NC-11,NC-11,NC,-24.733835264998184,-23.233835264998184,1.5,1.5,True,-1.5,0.0,1.218486883,1.218486883,False,False,True,False
2016,incumbency,NC-12,NC-12,NC,34.16586260218,32.66586260218,-1.5,1.5,True,1.5,0.0,1.057152967,1.057152967,True,False,False,False
2016,incumbency,NC-13,NC-13,NC,-9.504249999999999,-9.504249999999999,0.0,0.0,False,0.0,0.0,0.55,0.55,False,False,False,False
2016,incumbency,NC-2,NC-2,NC,-18.066815747031075,-16.566815747031075,1.5,1.5,True,-1.5,0.0,0.6623443709,0.6623443709,False,False,True,False
2016,incumbency,NC-3,NC-3,NC,-22.86022795934,-21.36022795934,1.5,1.5,True,-1.5,0.0,1.113003779,1.113003779,False,False,True,False
2016,incumbency,NC-4,NC-4,NC,28.440295454545456,26.940295454545456,-1.5,1.5,True,1.5,0.0,0.55,0.55,True,False,False,False
2016,incumbency,NC-5,NC-5,NC,-16.516801338002,-15.016801338001999,1.5000000000000018,1.5000000000000018,True,-1.5,0.0,0.9464790037,0.9464790037,False,False,True,False
2016,incumbency,NC-6,NC-6,NC,-17.822999999999997,-16.322999999999997,1.5,1.5,True,-1.5,0.0,0.55,0.55,False,False,True,False
2016,incumbency,NC-7,NC-7,NC,-17.444999999999997,-15.944999999999997,1.5,1.5,True,-1.5,0.0,1.25,1.25,False,False,True,False
2016,incumbency,NC-8,NC-8,NC,-14.15775,-12.65775,1.5,1.5,True,-1.5,0.0,1.25,1.25,False,False,True,False
2016,incumbency,NC-9,NC-9,NC,-12.48,-10.98,1.5,1.5,True,-1.5,0.0,1.0,1.0,False,False,True,False
2016,incumbency,ND-AL,ND-AL,ND,-25.52,-24.02,1.5,1.5,True,-1.5,0.0,1.0,1.0,False,False,True,False
2016,incumbency,NE-1,NE-1,NE,-21.99027272727273,-20.49027272727273,1.5,1.5,True,-1.5,0.0,0.55,0.55,False,False,True,False
2016,incumbency,NE-2,NE-2,NE,-9.323,-10.823,-1.5,1.5,True,1.5,0.0,0.55,0.55,True,False,False,False
2016,incumbency,NE-3,NE-3,NE,-48.48685666001975,-46.98685666001975,1.5,1.5,True,-1.5,0.0,0.6391937344,0.6391937344,False,False,True,False
2016,incumbency,NH-1,NH-1,NH,-3.2872259134479997,-1.7872259134479997,1.5,1.5,True,-1.5,0.0,0.9866186788,0.9866186788,False,False,True,False
2016,incumbency,NH-2,NH-2,NH,7.576999999999999,6.076999999999999,-1.5,1.5,True,1.5,0.0,0.55,0.55,True,False,False,False
2016,incumbency,NJ-1,NJ-1,NJ,29.123450000000002,27.623450000000002,-1.5,1.5,True,1.5,0.0,1.25,1.25,True,False,False,False
2016,incumbency,NJ-10,NJ-10,NJ,73.20207429673,71.70207429673,-1.5,1.5,True,1.5,0.0,0.7631005495,0.7631005495,True,False,False,False
2016,incumbency,NJ-11,NJ-11,NJ,-10.740743102579998,-9.240743102579998,1.5,1.5,True,-1.5,0.0,0.887512773,0.887512773,False,False,True,False
2016,incumbency,NJ-12,NJ-12,NJ,32.355000000000004,30.855,-1.5000000000000036,1.5000000000000036,True,1.5,0.0,1.25,1.25,True,False,False,False
2016,incumbency,NJ-2,NJ-2,NJ,2.583717201948195,4.083717201948195,1.5,1.5,True,-1.5,0.0,0.9338258934,0.9338258934,False,False,True,False
2016,incumbency,NJ-3,NJ-3,NJ,-0.15550000000000036,1.3444999999999996,1.5,1.5,True,-1.5,0.0,0.55,0.55,False,False,True,False
2016,incumbency,NJ-4,NJ-4,NJ,-15.62926423636,-14.12926423636,1.5,1.5,True,-1.5,0.0,1.047103266,1.047103266,False,False,True,False
2016,incumbency,NJ-5,NJ-5,NJ,-6.982285714285713,-5.482285714285714,1.4999999999999991,1.4999999999999991,True,-1.5,0.0,0.55,0.55,False,False,True,False
2016,incumbency,NJ-6,NJ-6,NJ,22.909538019214,21.409538019214,-1.5,1.5,True,1.5,0.0,0.9707185541,0.9707185541,True,False,False,False
2016,incumbency,NJ-7,NJ-7,NJ,-11.79526520507844,-10.29526520507844,1.5,1.5,True,-1.5,0.0,0.6974537756,0.6974537756,False,False,True,False
2016,incumbency,NJ-8,NJ-8,NJ,55.643249999999995,54.143249999999995,-1.5,1.5,True,1.5,0.0,0.55,0.55,True,False,False,False
2016,incumbency,NJ-9,NJ-9,NJ,36.35100747898,34.85100747898,-1.5,1.5,True,1.5,0.0,1.187050887,1.187050887,True,False,False,False
2016,incumbency,NM-1,NM-1,NM,13.051351600699089,11.551351600699089,-1.5,1.5,True,1.5,0.0,0.5517453885,0.5517453885,True,False,False,False
2016,incumbency,NM-2,NM-2,NM,-11.570691002199998,-10.070691002199998,1.5,1.5,True,-1.5,0.0,1.20242407,1.20242407,False,False,True,False
2016,incumbency,NM-3,NM-3,NM,17.80348693915288,16.30348693915288,-1.5,1.5,True,1.5,0.0,0.6892712062,0.6892712062,True,False,False,False
2016,incumbency,NV-1,NV-1,NV,32.0157,30.515700000000002,-1.5,1.5,True,1.5,0.0,1.25,1.25,True,False,False,False
2016,incumbency,NV-2,NV-2,NV,-12.844999999999999,-11.344999999999999,1.5,1.5,True,-1.5,0.0,1.25,1.25,False,False,True,False
2016,incumbency,NV-3,NV-3,NV,-1.9091576086956523,-1.9091576086956523,0.0,0.0,False,0.0,0.0,1.25,1.25,False,False,False,False
2016,incumbency,NV-4,NV-4,NV,6.437553191489361,7.937553191489361,1.5,1.5,True,-1.5,0.0,1.25,1.25,False,False,True,False
2016,incumbency,NY-1,NY-1,NY,-3.8576136363636366,-2.3576136363636366,1.5,1.5,True,-1.5,0.0,1.25,1.25,False,False,True,False
2016,incumbency,NY-10,NY-10,NY,46.62,45.12,-1.5,1.5,True,1.5,0.0,1.0,1.0,True,False,False,False
2016,incumbency,NY-11,NY-11,NY,-0.9848775094067317,0.5151224905932683,1.5,1.5,True,-1.5,0.0,0.8679436366,0.8679436366,False,False,True,False
2016,incumbency,NY-12,NY-12,NY,53.343094270542,51.843094270542,-1.5,1.5,True,1.5,0.0,0.6723967973,0.6723967973,True,False,False,False
2016,incumbency,NY-13,NY-13,NY,86.62,86.62,0.0,0.0,False,0.0,0.0,1.0,1.0,False,False,False,False
2016,incumbency,NY-14,NY-14,NY,60.26720108695652,58.76720108695652,-1.5,1.5,True,1.5,0.0,1.0,1.0,True,False,False,False
2016,incumbency,NY-15,NY-15,NY,93.36875,91.86875,-1.5,1.5,True,1.5,0.0,1.0,1.0,True,False,False,False
2016,incumbency,NY-16,NY-16,NY,48.315,46.815,-1.5,1.5,True,1.5,0.0,1.0,1.0,True,False,False,False
2016,incumbency,NY-17,NY-17,NY,12.646955450929092,11.146955450929092,-1.5,1.5,True,1.5,0.0,1.198696963,1.198696963,True,False,False,False
2016,incumbency,NY-18,NY-18,NY,3.744840909090909,2.244840909090909,-1.5,1.5,True,1.5,0.0,0.55,0.55,True,False,False,False
2016,incumbency,NY-19,NY-19,NY,4.020909090909091,4.020909090909091,0.0,0.0,False,0.0,0.0,1.25,1.25,False,False,False,False
2016,incumbency,NY-2,NY-2,NY,-1.357225609756097,0.14277439024390293,1.5,1.5,True,-1.5,0.0,1.25,1.25,False,False,True,False
2016,incumbency,NY-20,NY-20,NY,19.608399999999996,18.108399999999996,-1.5,1.5,True,1.5,0.0,1.25,1.25,True,False,False,False
2016,incumbency,NY-21,NY-21,NY,1.3549999999999995,2.8549999999999995,1.5,1.5,True,-1.5,0.0,1.25,1.25,False,False,True,False
2016,incumbency,NY-22,NY-22,NY,-2.4412500000000006,-2.4412500000000006,0.0,0.0,False,0.0,0.0,1.0,1.0,False,False,False,False
2016,incumbency,NY-23,NY-23,NY,-7.135000000000001,-5.635000000000001,1.5,1.5,True,-1.5,0.0,1.25,1.25,False,False,True,False
2016,incumbency,NY-24,NY-24,NY,11.36875,12.86875,1.5,1.5,True,-1.5,0.0,1.25,1.25,False,False,True,False
2016,incumbency,NY-25,NY-25,NY,17.28236413043478,15.78236413043478,-1.4999999999999982,1.4999999999999982,True,1.5,0.0,1.25,1.25,True,False,False,False
2016,incumbency,NY-26,NY-26,NY,29.55788729214,28.05788729214,-1.5,1.5,True,1.5,0.0,1.146550541,1.146550541,True,False,False,False
2016,incumbency,NY-27,NY-27,NY,-17.145,-15.645,1.5,1.5,True,-1.5,0.0,1.25,1.25,False,False,True,False
2016,incumbency,NY-3,NY-3,NY,0.6743536642904444,0.6743536642904444,0.0,0.0,False,0.0,0.0,0.9836281849,0.9836281849,False,False,False,False
2016,incumbency,NY-4,NY-4,NY,11.52193181818182,10.02193181818182,-1.5,1.5,True,1.5,0.0,1.25,1.25,True,False,False,False
2016,incumbency,NY-5,NY-5,NY,78.66386363636364,77.16386363636364,-1.5,1.5,True,1.5,0.0,1.0,1.0,True,False,False,False
2016,incumbency,NY-6,NY-6,NY,37.009261363636355,35.509261363636355,-1.5,1.5,True,1.5,0.0,1.0,1.0,True,False,False,False
2016,incumbency,NY-7,NY-7,NY,76.22,74.72,-1.5,1.5,True,1.5,0.0,1.0,1.0,True,False,False,False
2016,incumbency,NY-8,NY-8,NY,77.21795731707317,75.71795731707317,-1.5,1.5,True,1.5,0.0,1.0,1.0,True,False,False,False
2016,incumbency,NY-9,NY-9,NY,70.26477272727273,68.76477272727273,-1.5,1.5,True,1.5,0.0,1.0,1.0,True,False,False,False
2016,incumbency,OH-1,OH-1,OH,-10.653825945938726,-9.153825945938726,1.5,1.5,True,-1.5,0.0,0.8350866321,0.8350866321,False,False,True,False
2016,incumbency,OH-10,OH-10,OH,-9.57135,-8.07135,1.5,1.5,True,-1.5,0.0,1.25,1.25,False,False,True,False
2016,incumbency,OH-11,OH-11,OH,64.84477272727271,63.34477272727272,-1.499999999999993,1.499999999999993,True,1.5,0.0,1.0,1.0,True,False,False,False
2016,incumbency,OH-12,OH-12,OH,-16.19836956521739,-14.69836956521739,1.5,1.5,True,-1.5,0.0,1.25,1.25,False,False,True,False
2016,incumbency,OH-13,OH-13,OH,26.157001551590906,24.657001551590906,-1.5,1.5,True,1.5,0.0,1.051686375,1.051686375,True,False,False,False
2016,incumbency,OH-14,OH-14,OH,-9.40685,-7.90685,1.5,1.5,True,-1.5,0.0,1.25,1.25,False,False,True,False
2016,incumbency,OH-15,OH-15,OH,-10.415467588198181,-8.915467588198181,1.5,1.5,True,-1.5,0.0,1.081204803,1.081204803,False,False,True,False
2016,incumbency,OH-16,OH-16,OH,-12.944999999999999,-11.444999999999999,1.5,1.5,True,-1.5,0.0,1.25,1.25,False,False,True,False
2016,incumbency,OH-2,OH-2,OH,-15.954999999999998,-14.454999999999998,1.5,1.5,True,-1.5,0.0,1.25,1.25,False,False,True,False
2016,incumbency,OH-3,OH-3,OH,38.44022499999999,36.94022499999999,-1.5,1.5,True,1.5,0.0,1.25,1.25,True,False,False,False
2016,incumbency,OH-4,OH-4,OH,-18.232075000000002,-16.732075000000002,1.5,1.5,True,-1.5,0.0,1.25,1.25,False,False,True,False
2016,incumbency,OH-5,OH-5,OH,-15.637,-14.137,1.5,1.5,True,-1.5,0.0,1.25,1.25,False,False,True,False
2016,incumbency,OH-6,OH-6,OH,-16.85125,-15.35125,1.5,1.5,True,-1.5,0.0,1.25,1.25,False,False,True,False
2016,incumbency,OH-7,OH-7,OH,-14.392727272727273,-12.892727272727273,1.5,1.5,True,-1.5,0.0,1.0,1.0,False,False,True,False
2016,incumbency,OH-8,OH-8,OH,-30.20492236024845,-28.70492236024845,1.5,1.5,True,-1.5,0.0,1.0,1.0,False,False,True,False
2016,incumbency,OH-9,OH-9,OH,38.955,37.455,-1.5,1.5,True,1.5,0.0,1.25,1.25,True,False,False,False
2016,incumbency,OK-1,OK-1,OK,-36.480000000000004,-34.980000000000004,1.5,1.5,True,-1.5,0.0,1.0,1.0,False,False,True,False
2016,incumbency,OK-2,OK-2,OK,-37.011515151515155,-35.511515151515155,1.5,1.5,True,-1.5,0.0,1.25,1.25,False,False,True,False
2016,incumbency,OK-3,OK-3,OK,-52.727000000000004,-51.227000000000004,1.5,1.5,True,-1.5,0.0,0.55,0.55,False,False,True,False
2016,incumbency,OK-4,OK-4,OK,-39.171554402552005,-37.671554402552005,1.5,1.5,True,-1.5,0.0,0.8915659212,0.8915659212,False,False,True,False
2016,incumbency,OK-5,OK-5,OK,-22.830229270463267,-21.330229270463267,1.5,1.5,True,-1.5,0.0,0.6318586229,0.6318586229,False,False,True,False
2016,incumbency,OR-1,OR-1,OR,15.313656612522001,13.813656612522001,-1.5,1.5,True,1.5,0.0,0.7301511343,0.7301511343,True,False,False,False
2016,incumbency,OR-2,OR-2,OR,-21.912337731845852,-20.412337731845852,1.5,1.5,True,-1.5,0.0,0.891108988,0.891108988,False,False,True,False
2016,incumbency,OR-3,OR-3,OR,45.17699999999999,43.67699999999999,-1.5,1.5,True,1.5,0.0,0.55,0.55,True,False,False,False
2016,incumbency,OR-4,OR-4,OR,1.0356363636363644,-0.4643636363636352,-1.4999999999999996,1.4999999999999996,True,1.5,0.0,0.55,0.55,True,False,False,False
2016,incumbency,OR-5,OR-5,OR,1.04075,-0.45924999999999994,-1.5,1.5,True,1.5,0.0,0.55,0.55,True,False,False,False
2016,incumbency,PA-1,PA-1,PA,60.54306674483886,59.04306674483886,-1.5,1.5,True,1.5,0.0,0.7609701624,0.7609701624,True,False,False,False
2016,incumbency,PA-10,PA-10,PA,-22.444999999999997,-20.944999999999997,1.5,1.5,True,-1.5,0.0,1.25,1.25,False,False,True,False
2016,incumbency,PA-11,PA-11,PA,-13.865357142857142,-12.365357142857142,1.5,1.5,True,-1.5,0.0,1.25,1.25,False,False,True,False
2016,incumbency,PA-12,PA-12,PA,-25.645,-24.145,1.5,1.5,True,-1.5,0.0,1.25,1.25,False,False,True,False
2016,incumbency,PA-13,PA-13,PA,31.185981922616058,29.685981922616058,-1.5,1.5,True,1.5,0.0,0.7414367815,0.7414367815,True,False,False,False
2016,incumbency,PA-14,PA-14,PA,36.49045454545454,34.99045454545454,-1.5,1.5,True,1.5,0.0,1.0,1.0,True,False,False,False
2016,incumbency,PA-15,PA-15,PA,-7.8603250000000005,-6.3603250000000005,1.5,1.5,True,-1.5,0.0,1.0,1.0,False,False,True,False
2016,incumbency,PA-16,PA-16,PA,-9.1449414893617,-9.1449414893617,0.0,0.0,False,0.0,0.0,0.55,0.55,False,False,False,False
2016,incumbency,PA-17,PA-17,PA,10.627957089788364,9.127957089788364,-1.5,1.5,True,1.5,0.0,0.9570754188,0.9570754188,True,False,False,False
2016,incumbency,PA-18,PA-18,PA,-21.78,-20.28,1.5,1.5,True,-1.5,0.0,1.0,1.0,False,False,True,False
2016,incumbency,PA-2,PA-2,PA,79.01283566726933,79.01283566726933,0.0,0.0,False,0.0,0.0,0.8548375241,0.8548375241,False,False,False,False
2016,incumbency,PA-3,PA-3,PA,-16.014254679788,-16.014254679788,0.0,0.0,False,0.0,0.0,0.9365654078,0.9365654078,False,False,False,False
2016,incumbency,PA-4,PA-4,PA,-20.345,-18.845,1.5,1.5,True,-1.5,0.0,1.25,1.25,False,False,True,False
2016,incumbency,PA-5,PA-5,PA,-21.124582195413563,-19.624582195413563,1.5,1.5,True,-1.5,0.0,0.5650853064,0.5650853064,False,False,True,False
2016,incumbency,PA-6,PA-6,PA,-7.872375,-6.372375,1.5,1.5,True,-1.5,0.0,0.55,0.55,False,False,True,False
2016,incumbency,PA-7,PA-7,PA,-6.896405802438,-5.396405802438,1.5,1.5,True,-1.5,0.0,0.8330448103,0.8330448103,False,False,True,False
2016,incumbency,PA-8,PA-8,PA,-2.6136770235599998,-2.6136770235599998,0.0,0.0,False,0.0,0.0,1.194579586,1.194579586,False,False,False,False
2016,incumbency,PA-9,PA-9,PA,-31.626303395208783,-30.126303395208783,1.5,1.5,True,-1.5,0.0,0.725002746,0.725002746,False,False,True,False
2016,incumbency,RI-1,RI-1,RI,31.877,30.377,-1.5,1.5,True,1.5,0.0,0.55,0.55,True,False,False,False
2016,incumbency,RI-2,RI-2,RI,19.377,17.877,-1.5,1.5,True,1.5,0.0,0.55,0.55,True,False,False,False
2016,incumbency,SC-1,SC-1,SC,-22.980000000000004,-21.480000000000004,1.5,1.5,True,-1.5,0.0,1.0,1.0,False,False,True,False
2016,incumbency,SC-2,SC-2,SC,-24.242949999999997,-22.742949999999997,1.5,1.5,True,-1.5,0.0,1.0,1.0,False,False,True,False
2016,incumbency,SC-3,SC-3,SC,-35.43027481928,-33.93027481928,1.5,1.5,True,-1.5,0.0,1.092083668,1.092083668,False,False,True,False
2016,incumbency,SC-4,SC-4,SC,-30.137045454545458,-28.637045454545458,1.5,1.5,True,-1.5,0.0,1.0,1.0,False,False,True,False
2016,incumbency,SC-5,SC-5,SC,-16.43333844195,-14.93333844195,1.5,1.5,True,-1.5,0.0,0.9012251075,0.9012251075,False,False,True,False
2016,incumbency,SC-6,SC-6,SC,40.410225,38.910225,-1.5,1.5,True,1.5,0.0,1.0,1.0,True,False,False,False
2016,incumbency,SC-7,SC-7,SC,-15.508293349263273,-14.008293349263273,1.5,1.5,True,-1.5,0.0,0.8554331916,0.8554331916,False,False,True,False
2016,incumbency,SD-AL,SD-AL,SD,-22.745,-21.245,1.5,1.5,True,-1.5,0.0,1.25,1.25,False,False,True,False
2016,incumbency,TN-1,TN-1,TN,-51.88,-50.38,1.5,1.5,True,-1.5,0.0,1.0,1.0,False,False,True,False
2016,incumbency,TN-2,TN-2,TN,-41.523,-40.023,1.5,1.5,True,-1.5,0.0,0.55,0.55,False,False,True,False
2016,incumbency,TN-3,TN-3,TN,-33.296448675902,-31.796448675902,1.5,1.5,True,-1.5,0.0,0.5991691187,0.5991691187,False,False,True,False
2016,incumbency,TN-4,TN-4,TN,-36.94500000000001,-35.44500000000001,1.5,1.5,True,-1.5,0.0,1.25,1.25,False,False,True,False
2016,incumbency,TN-5,TN-5,TN,11.454488424828,9.954488424828,-1.5,1.5,True,1.5,0.0,0.8786822682,0.8786822682,True,False,False,False
2016,incumbency,TN-6,TN-6,TN,-44.480000000000004,-42.980000000000004,1.5,1.5,True,-1.5,0.0,1.0,1.0,False,False,True,False
2016,incumbency,TN-7,TN-7,TN,-37.923,-36.423,1.5,1.5,True,-1.5,0.0,0.55,0.55,False,False,True,False
2016,incumbency,TN-8,TN-8,TN,-36.697504960597996,-36.697504960597996,0.0,0.0,False,0.0,0.0,0.9675834063,0.9675834063,False,False,False,False
2016,incumbency,TN-9,TN-9,TN,55.276999999999994,53.776999999999994,-1.5,1.5,True,1.5,0.0,0.55,0.55,True,False,False,False
2016,incumbency,TX-1,TX-1,TX,-49.64339208932,-48.14339208932,1.5,1.5,True,-1.5,0.0,1.132607242,1.132607242,False,False,True,False
2016,incumbency,TX-10,TX-10,TX,-25.315979589808,-23.815979589808,1.5,1.5,True,-1.5,0.0,0.7481859448,0.7481859448,False,False,True,False
2016,incumbency,TX-11,TX-11,TX,-64.48,-62.980000000000004,1.5,1.5,True,-1.5,0.0,1.0,1.0,False,False,True,False
2016,incumbency,TX-12,TX-12,TX,-40.80050000000001,-39.30050000000001,1.5,1.5,True,-1.5,0.0,0.55,0.55,False,False,True,False
2016,incumbency,TX-13,TX-13,TX,-65.49125,-63.99125,1.499999999999993,1.499999999999993,True,-1.5,0.0,1.0,1.0,False,False,True,False
2016,incumbency,TX-14,TX-14,TX,-24.4925,-22.9925,1.5,1.5,True,-1.5,0.0,1.25,1.25,False,False,True,False
2016,incumbency,TX-15,TX-15,TX,13.414969512195123,13.414969512195123,0.0,0.0,False,0.0,0.0,1.25,1.25,False,False,False,False
2016,incumbency,TX-16,TX-16,TX,26.69705434782609,25.19705434782609,-1.5,1.5,True,1.5,0.0,0.55,0.55,True,False,False,False
2016,incumbency,TX-17,TX-17,TX,-27.488404255319146,-25.988404255319146,1.5,1.5,True,-1.5,0.0,1.0,1.0,False,False,True,False
2016,incumbency,TX-18,TX-18,TX,51.320246736845995,49.820246736845995,-1.5,1.5,True,1.5,0.0,0.8152717349,0.8152717349,True,False,False,False
2016,incumbency,TX-19,TX-19,TX,-51.980000000000004,-51.980000000000004,0.0,0.0,False,0.0,0.0,1.0,1.0,False,False,False,False
2016,incumbency,TX-2,TX-2,TX,-32.232667234207995,-30.732667234207998,1.4999999999999964,1.4999999999999964,True,-1.5,0.0,0.9024680848,0.9024680848,False,False,True,False
2016,incumbency,TX-20,TX-20,TX,19.19625,17.69625,-1.5,1.5,True,1.5,0.0,1.0,1.0,True,False,False,False
2016,incumbency,TX-21,TX-21,TX,-26.0975,-24.5975,1.5,1.5,True,-1.5,0.0,1.0,1.0,False,False,True,False
2016,incumbency,TX-22,TX-22,TX,-30.534161731593997,-29.034161731593997,1.5,1.5,True,-1.5,0.0,0.6265523489,0.6265523489,False,False,True,False
2016,incumbency,TX-23,TX-23,TX,-7.50308080501,-6.00308080501,1.5,1.5,True,-1.5,0.0,0.9572577685,0.9572577685,False,False,True,False
2016,incumbency,TX-24,TX-24,TX,-27.135760307103414,-25.635760307103414,1.5,1.5,True,-1.5,0.0,1.006270434,1.006270434,False,False,True,False
2016,incumbency,TX-25,TX-25,TX,-26.25050441528553,-24.75050441528553,1.5,1.5,True,-1.5,0.0,0.6752641547,0.6752641547,False,False,True,False
2016,incumbency,TX-26,TX-26,TX,-42.2525,-40.7525,1.5,1.5,True,-1.5,0.0,1.0,1.0,False,False,True,False
2016,incumbency,TX-27,TX-27,TX,-26.217173913043478,-24.717173913043478,1.5,1.5,True,-1.5,0.0,1.25,1.25,False,False,True,False
2016,incumbency,TX-28,TX-28,TX,22.34559659090909,20.84559659090909,-1.5,1.5,True,1.5,0.0,1.0,1.0,True,False,False,False
2016,incumbency,TX-29,TX-29,TX,33.03326086956521,31.533260869565215,-1.4999999999999964,1.4999999999999964,True,1.5,0.0,1.0,1.0,True,False,False,False
2016,incumbency,TX-3,TX-3,TX,-35.252840909090914,-33.752840909090914,1.5,1.5,True,-1.5,0.0,1.0,1.0,False,False,True,False
2016,incumbency,TX-30,TX-30,TX,58.12,56.62,-1.5,1.5,True,1.5,0.0,1.0,1.0,True,False,False,False
2016,incumbency,TX-31,TX-31,TX,-26.03570400714767,-24.53570400714767,1.5,1.5,True,-1.5,0.0,0.8888364232,0.8888364232,False,False,True,False
2016,incumbency,TX-32,TX-32,TX,-20.37551056582,-18.87551056582,1.5,1.5,True,-1.5,0.0,1.008313767,1.008313767,False,False,True,False
2016,incumbency,TX-33,TX-33,TX,43.23469114219114,41.73469114219114,-1.5,1.5,True,1.5,0.0,1.0,1.0,True,False,False,False
2016,incumbency,TX-34,TX-34,TX,20.821760677919713,19.321760677919713,-1.5,1.5,True,1.5,0.0,0.8031943771,0.8031943771,True,False,False,False
2016,incumbency,TX-35,TX-35,TX,26.338423836191996,24.838423836191996,-1.5,1.5,True,1.5,0.0,0.6637478448,0.6637478448,True,False,False,False
2016,incumbency,TX-36,TX-36,TX,-51.575558675577874,-50.075558675577874,1.5,1.5,True,-1.5,0.0,1.125836968,1.125836968,False,False,True,False
2016,incumbency,TX-4,TX-4,TX,-54.2144512195122,-52.7144512195122,1.5,1.5,True,-1.5,0.0,1.0,1.0,False,False,True,False
2016,incumbency,TX-5,TX-5,TX,-34.384239130434786,-32.884239130434786,1.5,1.5,True,-1.5,0.0,1.0,1.0,False,False,True,False
2016,incumbency,TX-6,TX-6,TX,-21.492730937342003,-19.992730937342003,1.5,1.5,True,-1.5,0.0,0.8815167827,0.8815167827,False,False,True,False
2016,incumbency,TX-7,TX-7,TX,-26.374998281229562,-24.874998281229562,1.5,1.5,True,-1.5,0.0,0.765703666,0.765703666,False,False,True,False
2016,incumbency,TX-8,TX-8,TX,-60.07897727272727,-58.57897727272727,1.5,1.5,True,-1.5,0.0,1.0,1.0,False,False,True,False
2016,incumbency,TX-9,TX-9,TX,55.019999999999996,53.519999999999996,-1.5,1.5,True,1.5,0.0,1.0,1.0,True,False,False,False
2016,incumbency,UT-1,UT-1,UT,-59.43742307692308,-57.93742307692308,1.5,1.5,True,-1.5,0.0,0.55,0.55,False,False,True,False
2016,incumbency,UT-2,UT-2,UT,-45.074798780487804,-43.574798780487804,1.5,1.5,True,-1.5,0.0,0.55,0.55,False,False,True,False
2016,incumbency,UT-3,UT-3,UT,-63.818000000000005,-62.318000000000005,1.5,1.5,True,-1.5,0.0,0.55,0.55,False,False,True,False
2016,incumbency,UT-4,UT-4,UT,-44.714824903794,-43.214824903794,1.5,1.5,True,-1.5,0.0,0.8544909189,0.8544909189,False,False,True,False
2016,incumbency,VA-1,VA-1,VA,-16.645,-15.145,1.5,1.5,True,-1.5,0.0,1.25,1.25,False,False,True,False
2016,incumbency,VA-10,VA-10,VA,-6.223,-4.723,1.5,1.5,True,-1.5,0.0,0.55,0.55,False,False,True,False
2016,incumbency,VA-11,VA-11,VA,24.3832097162,22.8832097162,-1.5,1.5,True,1.5,0.0,1.11705503,1.11705503,True,False,False,False
2016,incumbency,VA-2,VA-2,VA,-5.59989119494,-5.59989119494,0.0,0.0,False,0.0,0.0,1.148349639,1.148349639,False,False,False,False
2016,incumbency,VA-3,VA-3,VA,34.419999999999995,32.919999999999995,-1.5,1.5,True,1.5,0.0,1.0,1.0,True,False,False,False
2016,incumbency,VA-4,VA-4,VA,18.471026966820002,18.471026966820002,0.0,0.0,False,0.0,0.0,1.094494383,1.094494383,False,False,False,False
2016,incumbency,VA-5,VA-5,VA,-9.844999999999999,-9.844999999999999,0.0,0.0,False,0.0,0.0,1.25,1.25,False,False,False,False
2016,incumbency,VA-6,VA-6,VA,-24.18,-22.68,1.5,1.5,True,-1.5,0.0,1.0,1.0,False,False,True,False
2016,incumbency,VA-7,VA-7,VA,-15.393471353324,-13.893471353324,1.5,1.5,True,-1.5,0.0,0.9750530494,0.9750530494,False,False,True,False
2016,incumbency,VA-8,VA-8,VA,34.718372856486,33.218372856486,-1.5,1.5,True,1.5,0.0,0.6266164009,0.6266164009,True,False,False,False
2016,incumbency,VA-9,VA-9,VA,-33.08,-31.58,1.5,1.5,True,-1.5,0.0,1.0,1.0,False,False,True,False
2016,incumbency,VT-AL,VT-AL,VT,34.05499999999999,32.55499999999999,-1.5,1.5,True,1.5,0.0,1.25,1.25,True,False,False,False
2016,incumbency,WA-1,WA-1,WA,8.677,7.1770000000000005,-1.4999999999999991,1.4999999999999991,True,1.5,0.0,0.55,0.55,True,False,False,False
2016,incumbency,WA-10,WA-10,WA,13.319137139346,11.819137139346,-1.5,1.5,True,1.5,0.0,0.9984021099,0.9984021099,True,False,False,False
2016,incumbency,WA-2,WA-2,WA,19.077499458096,17.577499458096,-1.5,1.5,True,1.5,0.0,0.5509249224,0.5509249224,True,False,False,False
2016,incumbency,WA-3,WA-3,WA,-6.77950729246,-5.27950729246,1.5,1.5,True,-1.5,0.0,0.630542051,0.630542051,False,False,True,False
2016,incumbency,WA-4,WA-4,WA,-26.68,-25.18,1.5,1.5,True,-1.5,0.0,1.0,1.0,False,False,True,False
2016,incumbency,WA-5,WA-5,WA,-14.923,-13.423,1.5,1.5,True,-1.5,0.0,0.55,0.55,False,False,True,False
2016,incumbency,WA-6,WA-6,WA,12.777000000000001,11.277000000000001,-1.5,1.5,True,1.5,0.0,0.55,0.55,True,False,False,False
2016,incumbency,WA-7,WA-7,WA,57.477,57.477,0.0,0.0,False,0.0,0.0,0.55,0.55,False,False,False,False
2016,incumbency,WA-8,WA-8,WA,-3.29858379949,-1.7985837994899998,1.5,1.5,True,-1.5,0.0,0.9655855565,0.9655855565,False,False,True,False
2016,incumbency,WA-9,WA-9,WA,36.59401697653,35.09401697653,-1.5,1.5,True,1.5,0.0,0.5815129195,0.5815129195,True,False,False,False
2016,incumbency,WI-1,WI-1,WI,-8.945,-7.445000000000001,1.4999999999999991,1.4999999999999991,True,-1.5,0.0,1.25,1.25,False,False,True,False
2016,incumbency,WI-2,WI-2,WI,35.67699999999999,34.17699999999999,-1.5,1.5,True,1.5,0.0,0.55,0.55,True,False,False,False
2016,incumbency,WI-3,WI-3,WI,9.254999999999999,7.755,-1.4999999999999991,1.4999999999999991,True,1.5,0.0,1.25,1.25,True,False,False,False
2016,incumbency,WI-4,WI-4,WI,49.490593973723996,47.990593973723996,-1.5,1.5,True,1.5,0.0,0.7603592106,0.7603592106,True,False,False,False
2016,incumbency,WI-5,WI-5,WI,-28.640962066594003,-27.140962066594003,1.5,1.5,True,-1.5,0.0,0.7019220989,0.7019220989,False,False,True,False
2016,incumbency,WI-6,WI-6,WI,-12.422999999999998,-10.922999999999998,1.5,1.5,True,-1.5,0.0,0.55,0.55,False,False,True,False
2016,incumbency,WI-7,WI-7,WI,-7.97658412578,-6.47658412578,1.5,1.5,True,-1.5,0.0,1.006325693,1.006325693,False,False,True,False
2016,incumbency,WI-8,WI-8,WI,-6.945,-6.945,0.0,0.0,False,0.0,0.0,1.25,1.25,False,False,False,False
2016,incumbency,WV-1,WV-1,WV,-30.10742432326713,-28.60742432326713,1.5,1.5,True,-1.5,0.0,0.6750596268,0.6750596268,False,False,True,False
2016,incumbency,WV-2,WV-2,WV,-27.7005,-26.2005,1.5,1.5,True,-1.5,0.0,0.55,0.55,False,False,True,False
2016,incumbency,WV-3,WV-3,WV,-36.94500000000001,-35.44500000000001,1.5,1.5,True,-1.5,0.0,1.25,1.25,False,False,True,False
2016,incumbency,WY-AL,WY-AL,WY,-44.217323437218006,-44.217323437218006,0.0,0.0,False,0.0,0.0,0.5605121533,0.5605121533,False,False,False,False
2016,district_elasticity,AK-AL,AK-AL,AK,-19.223,-18.98,0.24299999999999855,0.24299999999999855,True,-1.5,-1.5,0.55,1.0,False,False,True,True
2016,district_elasticity,AL-1,AL-1,AL,-29.28,-29.28,0.0,0.0,False,-1.5,-1.5,1.0,1.0,False,False,True,True
2016,district_elasticity,AL-2,AL-2,AL,-31.38898741602,-31.380000000000003,0.008987416019998307,0.008987416019998307,True,-1.5,-1.5,0.983356637,1.0,False,False,True,True
2016,district_elasticity,AL-3,AL-3,AL,-30.362692176958,-30.233875,0.12881717695799821,0.12881717695799821,True,-1.5,-1.5,0.7614496723,1.0,False,False,True,True
2016,district_elasticity,AL-4,AL-4,AL,-55.44778846153846,-55.44778846153846,0.0,0.0,False,-1.5,-1.5,1.0,1.0,False,False,True,True
2016,district_elasticity,AL-5,AL-5,AL,-34.85125,-34.85125,0.0,0.0,False,-1.5,-1.5,1.0,1.0,False,False,True,True
2016,district_elasticity,AL-6,AL-6,AL,-55.36999104732,-55.45125,-0.0812589526800025,0.0812589526800025,True,-1.5,-1.5,1.150479542,1.0,False,False,True,True
2016,district_elasticity,AL-7,AL-7,AL,43.419999999999995,43.419999999999995,0.0,0.0,False,1.5,1.5,1.0,1.0,True,True,False,False
2016,district_elasticity,AR-1,AR-1,AR,-29.904711538461534,-30.039711538461535,-0.13500000000000156,0.13500000000000156,True,-1.5,-1.5,1.25,1.0,False,False,True,True
2016,district_elasticity,AR-2,AR-2,AR,-16.651575,-16.408575,0.2430000000000021,0.2430000000000021,True,-1.5,-1.5,0.55,1.0,False,False,True,True
2016,district_elasticity,AR-3,AR-3,AR,-39.046494565217394,-39.046494565217394,0.0,0.0,False,-1.5,-1.5,1.0,1.0,False,False,True,True
2016,district_elasticity,AR-4,AR-4,AR,-31.41675,-31.173750000000002,0.24299999999999855,0.24299999999999855,True,-1.5,-1.5,0.55,1.0,False,False,True,True
2016,district_elasticity,AZ-1,AZ-1,AZ,-5.073,-4.83,0.24300000000000033,0.24300000000000033,True,0.0,0.0,0.55,1.0,False,False,False,False
2016,district_elasticity,AZ-2,AZ-2,AZ,-2.623,-2.38,0.24300000000000033,0.24300000000000033,True,-1.5,-1.5,0.55,1.0,False,False,True,True
2016,district_elasticity,AZ-3,AZ-3,AZ,23.49074101182,23.381249999999998,-0.1094910118200012,0.1094910118200012,True,1.5,1.5,1.202761133,1.0,True,True,False,False
2016,district_elasticity,AZ-4,AZ-4,AZ,-40.94764541993539,-40.873994565217394,0.0736508547179966,0.0736508547179966,True,-1.5,-1.5,0.8636095283,1.0,False,False,True,True
2016,district_elasticity,AZ-5,AZ-5,AZ,-32.688788054616,-32.58,0.10878805461599939,0.10878805461599939,True,0.0,0.0,0.7985406396,1.0,False,False,False,False
2016,district_elasticity,AZ-6,AZ-6,AZ,-25.068909090909088,-24.82590909090909,0.24299999999999855,0.24299999999999855,True,-1.5,-1.5,0.55,1.0,False,False,True,True
2016,district_elasticity,AZ-7,AZ-7,AZ,43.4775,43.4775,0.0,0.0,False,1.5,1.5,1.0,1.0,True,True,False,False
2016,district_elasticity,AZ-8,AZ-8,AZ,-28.0,-28.0,0.0,0.0,False,-1.5,-1.5,1.0,1.0,False,False,True,True
2016,district_elasticity,AZ-9,AZ-9,AZ,3.2269324324324327,3.4699324324324325,0.24299999999999988,0.24299999999999988,True,1.5,1.5,0.55,1.0,True,True,False,False
2016,district_elasticity,CA-1,CA-1,CA,-21.19622555982,-21.18,0.016225559820000512,0.016225559820000512,True,-1.5,-1.5,0.969952667,1.0,False,False,True,True
2016,district_elasticity,CA-10,CA-10,CA,-2.358577646366162,-2.327162162162162,0.03141548420399998,0.03141548420399998,True,-1.5,-1.5,0.9418231774,1.0,False,False,True,True
2016,district_elasticity,CA-11,CA-11,CA,35.616374202338,35.72,0.10362579766199786,0.10362579766199786,True,1.5,1.5,0.8081003747,1.0,True,True,False,False
2016,district_elasticity,CA-12,CA-12,CA,69.57026176018199,69.72,0.1497382398180065,0.1497382398180065,True,1.5,1.5,0.7227069633,1.0,True,True,False,False
2016,district_elasticity,CA-13,CA-13,CA,77.32954545454545,77.32954545454545,0.0,0.0,False,1.5,1.5,1.0,1.0,True,True,False,False
2016,district_elasticity,CA-14,CA-14,CA,48.598945362894,48.72,0.12105463710599906,0.12105463710599906,True,1.5,1.5,0.7758247461,1.0,True,True,False,False
2016,district_elasticity,CA-15,CA-15,CA,34.745,34.745,0.0,0.0,False,1.5,1.5,1.0,1.0,True,True,False,False
2016,district_elasticity,CA-16,CA-16,CA,17.455,17.32,-0.134999999999998,0.134999999999998,True,1.5,1.5,1.25,1.0,True,True,False,False
2016,district_elasticity,CA-17,CA-17,CA,39.7695652173913,39.7695652173913,0.0,0.0,False,0.0,0.0,1.0,1.0,False,False,False,False
2016,district_elasticity,CA-18,CA-18,CA,35.70655478618542,35.78982142857142,0.08326664238600046,0.08326664238600046,True,1.5,1.5,0.8458025141,1.0,True,True,False,False
2016,district_elasticity,CA-19,CA-19,CA,43.03,43.03,0.0,0.0,False,1.5,1.5,1.0,1.0,True,True,False,False
2016,district_elasticity,CA-2,CA-2,CA,39.56095,39.80395,0.2430000000000021,0.2430000000000021,True,1.5,1.5,0.55,1.0,True,True,False,False
2016,district_elasticity,CA-20,CA-20,CA,41.32,41.32,0.0,0.0,False,0.0,0.0,1.0,1.0,False,False,False,False
2016,district_elasticity,CA-21,CA-21,CA,4.55005,4.79305,0.24300000000000033,0.24300000000000033,True,-1.5,-1.5,0.55,1.0,False,False,True,True
2016,district_elasticity,CA-22,CA-22,CA,-21.355700000000002,-21.490700000000004,-0.13500000000000156,0.13500000000000156,True,-1.5,-1.5,1.25,1.0,False,False,True,True
2016,district_elasticity,CA-23,CA-23,CA,-30.383079268292683,-30.383079268292683,0.0,0.0,False,-1.5,-1.5,1.0,1.0,False,False,True,True
2016,district_elasticity,CA-24,CA-24,CA,6.411028460451429,6.462321428571429,0.05129296812000028,0.05129296812000028,True,0.0,0.0,0.905013022,1.0,False,False,False,False
2016,district_elasticity,CA-25,CA-25,CA,-5.190825,-5.190825,0.0,0.0,False,-1.5,-1.5,1.0,1.0,False,False,True,True
2016,district_elasticity,CA-26,CA-26,CA,8.235735799568001,8.420000000000002,0.18426420043200054,0.18426420043200054,True,1.5,1.5,0.6587699992,1.0,True,True,False,False
2016,district_elasticity,CA-27,CA-27,CA,26.116488116859998,26.061249999999998,-0.05523811686000002,0.05523811686000002,True,1.5,1.5,1.102292809,1.0,True,True,False,False
2016,district_elasticity,CA-28,CA-28,CA,42.007888888888886,42.007888888888886,0.0,0.0,False,1.5,1.5,1.0,1.0,True,True,False,False
2016,district_elasticity,CA-29,CA-29,CA,55.04,55.04,0.0,0.0,False,1.5,1.5,1.0,1.0,True,True,False,False
2016,district_elasticity,CA-3,CA-3,CA,8.660818463672,8.834375,0.17355653632800028,0.17355653632800028,True,1.5,1.5,0.6785990068,1.0,True,True,False,False
2016,district_elasticity,CA-30,CA-30,CA,30.48,30.48,0.0,0.0,False,1.5,1.5,1.0,1.0,True,True,False,False
2016,district_elasticity,CA-31,CA-31,CA,11.806515151515153,11.806515151515153,0.0,0.0,False,1.5,1.5,1.0,1.0,True,True,False,False
2016,district_elasticity,CA-32,CA-32,CA,29.3485,29.2135,-0.13500000000000156,0.13500000000000156,True,1.5,1.5,1.25,1.0,True,True,False,False
2016,district_elasticity,CA-33,CA-33,CA,21.526775,21.526775,0.0,0.0,False,1.5,1.5,1.0,1.0,True,True,False,False
2016,district_elasticity,CA-34,CA-34,CA,67.02000000000001,67.02000000000001,0.0,0.0,False,1.5,1.5,1.0,1.0,True,True,False,False
2016,district_elasticity,CA-35,CA-35,CA,35.753571428571426,35.753571428571426,0.0,0.0,False,1.5,1.5,1.0,1.0,True,True,False,False
2016,district_elasticity,CA-36,CA-36,CA,-0.050174999999999415,0.19282500000000047,0.24299999999999988,0.24299999999999988,True,1.5,1.5,0.55,1.0,True,True,False,False
2016,district_elasticity,CA-37,CA-37,CA,70.19274481851001,70.32000000000001,0.1272551814899998,0.1272551814899998,True,1.5,1.5,0.7643422565,1.0,True,True,False,False
2016,district_elasticity,CA-38,CA-38,CA,30.154999999999998,30.019999999999996,-0.13500000000000156,0.13500000000000156,True,1.5,1.5,1.25,1.0,True,True,False,False
2016,district_elasticity,CA-39,CA-39,CA,-9.017775,-9.152775,-0.1349999999999998,0.1349999999999998,True,-1.5,-1.5,1.25,1.0,False,False,True,True
2016,district_elasticity,CA-4,CA-4,CA,-23.19230113636364,-23.19230113636364,0.0,0.0,False,-1.5,-1.5,1.0,1.0,False,False,True,True
2016,district_elasticity,CA-40,CA-40,CA,64.398375,64.398375,0.0,0.0,False,1.5,1.5,1.0,1.0,True,True,False,False
2016,district_elasticity,CA-41,CA-41,CA,22.183472649758002,22.296875,0.11340235024199785,0.11340235024199785,True,1.5,1.5,0.7899956477,1.0,True,True,False,False
2016,district_elasticity,CA-42,CA-42,CA,-20.291194899696364,-20.384886363636365,-0.09369146394000083,0.09369146394000083,True,-1.5,-1.5,1.173502711,1.0,False,False,True,True
2016,district_elasticity,CA-43,CA-43,CA,54.62910714285714,54.62910714285714,0.0,0.0,False,1.5,1.5,1.0,1.0,True,True,False,False
2016,district_elasticity,CA-44,CA-44,CA,68.3221590909091,68.3221590909091,0.0,0.0,False,0.0,0.0,1.0,1.0,False,False,False,False
2016,district_elasticity,CA-45,CA-45,CA,-15.521250000000002,-15.65625,-0.134999999999998,0.134999999999998,True,-1.5,-1.5,1.25,1.0,False,False,True,True
2016,district_elasticity,CA-46,CA-46,CA,24.29564664328087,24.27304347826087,-0.02260316502000137,0.02260316502000137,True,0.0,0.0,1.041857713,1.0,False,False,False,False
2016,district_elasticity,CA-47,CA-47,CA,20.272672409295996,20.514999999999997,0.24232759070400078,0.24232759070400078,True,1.5,1.5,0.5512452024,1.0,True,True,False,False
2016,district_elasticity,CA-48,CA-48,CA,-16.633259407765998,-16.58,0.053259407765999356,0.053259407765999356,True,-1.5,-1.5,0.9013714671,1.0,False,False,True,True
2016,district_elasticity,CA-49,CA-49,CA,-12.527109589614522,-12.390326086956524,0.1367835026579982,0.1367835026579982,True,-1.5,-1.5,0.7466972173,1.0,False,False,True,True
2016,district_elasticity,CA-5,CA-5,CA,40.316785714285714,40.316785714285714,0.0,0.0,False,1.5,1.5,1.0,1.0,True,True,False,False
2016,district_elasticity,CA-50,CA-50,CA,-28.683331540478,-28.657025,0.026306540478000073,0.026306540478000073,True,-1.5,-1.5,0.9512841843,1.0,False,False,True,True
2016,district_elasticity,CA-51,CA-51,CA,37.90648101609582,37.99318181818182,0.08670080208599984,0.08670080208599984,True,1.5,1.5,0.8394429591,1.0,True,True,False,False
2016,district_elasticity,CA-52,CA-52,CA,4.746875000000001,4.9898750000000005,0.24299999999999944,0.24299999999999944,True,1.5,1.5,0.55,1.0,True,True,False,False
2016,district_elasticity,CA-53,CA-53,CA,23.026448971159997,23.119999999999997,0.09355102884000033,0.09355102884000033,True,1.5,1.5,0.826757354,1.0,True,True,False,False
2016,district_elasticity,CA-6,CA-6,CA,38.55806947876636,38.66863636363636,0.11056688486999633,0.11056688486999633,True,1.5,1.5,0.7952465095,1.0,True,True,False,False
2016,district_elasticity,CA-7,CA-7,CA,2.4068198987213334,2.5965833333333337,0.1897634346120003,0.1897634346120003,True,1.5,1.5,0.6485862322,1.0,True,True,False,False
2016,district_elasticity,CA-8,CA-8,CA,-18.75687878787879,-18.75687878787879,0.0,0.0,False,-1.5,-1.5,1.0,1.0,False,False,True,True
2016,district_elasticity,CA-9,CA-9,CA,16.38144192847078,16.43173913043478,0.05029720196399978,0.05029720196399978,True,1.5,1.5,0.9068570334,1.0,True,True,False,False
2016,district_elasticity,CO-1,CO-1,CO,38.211103304998,38.32,0.10889669500200228,0.10889669500200228,True,1.5,1.5,0.7983394537,1.0,True,True,False,False
2016,district_elasticity,CO-2,CO-2,CO,15.838675269016608,15.951630434782608,0.11295516576599951,0.11295516576599951,True,1.5,1.5,0.7908237671,1.0,True,True,False,False
2016,district_elasticity,CO-3,CO-3,CO,-9.11472582068,-9.22625,-0.11152417931999992,0.11152417931999992,True,-1.5,-1.5,1.206526258,1.0,False,False,True,True
2016,district_elasticity,CO-4,CO-4,CO,-21.883536585365853,-22.018536585365855,-0.13500000000000156,0.13500000000000156,True,-1.5,-1.5,1.25,1.0,False,False,True,True
2016,district_elasticity,CO-5,CO-5,CO,-26.3625,-26.3625,0.0,0.0,False,-1.5,-1.5,1.0,1.0,False,False,True,True
2016,district_elasticity,CO-6,CO-6,CO,-0.29033456767921756,-0.27076086956521755,0.019573698114000004,0.019573698114000004,True,-1.5,-1.5,0.9637524109,1.0,False,False,True,True
2016,district_elasticity,CO-7,CO-7,CO,12.533766929486365,12.694886363636366,0.16111943415000063,0.16111943415000063,True,1.5,1.5,0.7016306775,1.0,True,True,False,False
2016,district_elasticity,CT-1,CT-1,CT,25.955000000000002,25.82,-0.13500000000000156,0.13500000000000156,True,1.5,1.5,1.25,1.0,True,True,False,False
2016,district_elasticity,CT-2,CT-2,CT,11.555000000000001,11.420000000000002,-0.1349999999999998,0.1349999999999998,True,1.5,1.5,1.25,1.0,True,True,False,False
2016,district_elasticity,CT-3,CT-3,CT,23.055000000000003,22.92,-0.13500000000000156,0.13500000000000156,True,0.0,0.0,1.25,1.0,False,False,False,False
2016,district_elasticity,CT-4,CT-4,CT,9.32271454426,9.219999999999999,-0.10271454426000126,0.10271454426000126,True,1.5,1.5,1.190212119,1.0,True,True,False,False
2016,district_elasticity,CT-5,CT-5,CT,4.576999999999999,4.819999999999999,0.24300000000000033,0.24300000000000033,True,0.0,0.0,0.55,1.0,False,False,False,False
2016,district_elasticity,DE-AL,DE-AL,DE,15.237834284620002,15.220000000000002,-0.017834284619999252,0.017834284619999252,True,0.0,0.0,1.033026453,1.0,False,False,False,False
2016,district_elasticity,FL-1,FL-1,FL,,,,,False,0.0,0.0,0.891232279,1.0,False,False,False,False
2016,district_elasticity,FL-10,FL-10,FL,,,,,False,0.0,0.0,1.25,1.0,False,False,False,False
2016,district_elasticity,FL-11,FL-11,FL,,,,,False,-1.5,-1.5,0.7705473195,1.0,False,False,True,True
2016,district_elasticity,FL-12,FL-12,FL,,,,,False,-1.5,-1.5,1.0,1.0,False,False,True,True
2016,district_elasticity,FL-13,FL-13,FL,,,,,False,-1.5,-1.5,1.0,1.0,False,False,True,True
2016,district_elasticity,FL-14,FL-14,FL,,,,,False,1.5,1.5,1.0,1.0,True,True,False,False
2016,district_elasticity,FL-15,FL-15,FL,,,,,False,-1.5,-1.5,1.0,1.0,False,False,True,True
2016,district_elasticity,FL-16,FL-16,FL,,,,,False,-1.5,-1.5,1.25,1.0,False,False,True,True
2016,district_elasticity,FL-17,FL-17,FL,,,,,False,-1.5,-1.5,1.10014909,1.0,False,False,True,True
2016,district_elasticity,FL-18,FL-18,FL,,,,,False,0.0,0.0,0.55,1.0,False,False,False,False
2016,district_elasticity,FL-19,FL-19,FL,,,,,False,0.0,0.0,0.879374707,1.0,False,False,False,False
2016,district_elasticity,FL-2,FL-2,FL,,,,,False,0.0,0.0,0.55,1.0,False,False,False,False
2016,district_elasticity,FL-20,FL-20,FL,,,,,False,1.5,1.5,1.0,1.0,True,True,False,False
2016,district_elasticity,FL-21,FL-21,FL,,,,,False,1.5,1.5,1.0,1.0,True,True,False,False
2016,district_elasticity,FL-22,FL-22,FL,,,,,False,1.5,1.5,0.55,1.0,True,True,False,False
2016,district_elasticity,FL-23,FL-23,FL,,,,,False,1.5,1.5,0.651592452,1.0,True,True,False,False
2016,district_elasticity,FL-24,FL-24,FL,,,,,False,1.5,1.5,1.0,1.0,True,True,False,False
2016,district_elasticity,FL-25,FL-25,FL,,,,,False,-1.5,-1.5,1.0,1.0,False,False,True,True
2016,district_elasticity,FL-26,FL-26,FL,,,,,False,-1.5,-1.5,1.25,1.0,False,False,True,True
2016,district_elasticity,FL-27,FL-27,FL,,,,,False,-1.5,-1.5,1.0,1.0,False,False,True,True
2016,district_elasticity,FL-3,FL-3,FL,,,,,False,-1.5,-1.5,0.55,1.0,False,False,True,True
2016,district_elasticity,FL-4,FL-4,FL,,,,,False,0.0,0.0,1.0,1.0,False,False,False,False
2016,district_elasticity,FL-5,FL-5,FL,,,,,False,0.0,0.0,1.25,1.0,False,False,False,False
2016,district_elasticity,FL-6,FL-6,FL,,,,,False,-1.5,-1.5,1.197643773,1.0,False,False,True,True
2016,district_elasticity,FL-7,FL-7,FL,,,,,False,-1.5,-1.5,1.25,1.0,False,False,True,True
2016,district_elasticity,FL-8,FL-8,FL,,,,,False,-1.5,-1.5,1.121970792,1.0,False,False,True,True
2016,district_elasticity,FL-9,FL-9,FL,,,,,False,0.0,0.0,1.25,1.0,False,False,False,False
2016,district_elasticity,GA-1,GA-1,GA,-18.023,-17.78,0.24299999999999855,0.24299999999999855,True,-1.5,-1.5,0.55,1.0,False,False,True,True
2016,district_elasticity,GA-10,GA-10,GA,-31.08,-31.08,0.0,0.0,False,-1.5,-1.5,1.0,1.0,False,False,True,True
2016,district_elasticity,GA-11,GA-11,GA,-40.28,-40.28,0.0,0.0,False,-1.5,-1.5,1.0,1.0,False,False,True,True
2016,district_elasticity,GA-12,GA-12,GA,-16.8684,-17.0034,-0.134999999999998,0.134999999999998,True,-1.5,-1.5,1.25,1.0,False,False,True,True
2016,district_elasticity,GA-13,GA-13,GA,37.705,37.705,0.0,0.0,False,1.5,1.5,1.0,1.0,True,True,False,False
2016,district_elasticity,GA-14,GA-14,GA,-49.78,-49.78,0.0,0.0,False,-1.5,-1.5,1.0,1.0,False,False,True,True
2016,district_elasticity,GA-2,GA-2,GA,16.808000479940002,16.752125000000003,-0.055875479939999195,0.055875479939999195,True,1.5,1.5,1.103473111,1.0,True,True,False,False
2016,district_elasticity,GA-3,GA-3,GA,-36.07,-36.07,0.0,0.0,False,0.0,0.0,1.0,1.0,False,False,False,False
2016,district_elasticity,GA-4,GA-4,GA,46.04928571428571,46.04928571428571,0.0,0.0,False,1.5,1.5,1.0,1.0,True,True,False,False
2016,district_elasticity,GA-5,GA-5,GA,65.23368902439023,65.23368902439023,0.0,0.0,False,1.5,1.5,1.0,1.0,True,True,False,False
2016,district_elasticity,GA-6,GA-6,GA,-28.45814815314974,-28.28671195652174,0.17143619662800091,0.17143619662800091,True,-1.5,-1.5,0.6825255618,1.0,False,False,True,True
2016,district_elasticity,GA-7,GA-7,GA,-27.2587784672439,-27.211524390243902,0.04725407699999806,0.04725407699999806,True,-1.5,-1.5,0.91249245,1.0,False,False,True,True
2016,district_elasticity,GA-8,GA-8,GA,-29.116022727272732,-29.116022727272732,0.0,0.0,False,-1.5,-1.5,1.0,1.0,False,False,True,True
2016,district_elasticity,GA-9,GA-9,GA,-62.187174154338535,-62.23286585365854,-0.0456916993200025,0.0456916993200025,True,-1.5,-1.5,1.084614258,1.0,False,False,True,True
2016,district_elasticity,HI-1,HI-1,HI,37.233028204584,37.32,0.08697179541599809,0.08697179541599809,True,0.0,0.0,0.8389411196,1.0,False,False,False,False
2016,district_elasticity,HI-2,HI-2,HI,42.577,42.82,0.2430000000000021,0.2430000000000021,True,1.5,1.5,0.55,1.0,True,True,False,False
2016,district_elasticity,IA-1,IA-1,IA,10.72375,10.588750000000001,-0.1349999999999998,0.1349999999999998,True,-1.5,-1.5,1.25,1.0,False,False,True,True
2016,district_elasticity,IA-2,IA-2,IA,11.237848914299999,11.219999999999999,-0.01784891430000002,0.01784891430000002,True,1.5,1.5,1.033053545,1.0,True,True,False,False
2016,district_elasticity,IA-3,IA-3,IA,0.040665618597454656,0.24829545454545465,0.207629835948,0.207629835948,True,-1.5,-1.5,0.6155003038,1.0,False,False,True,True
2016,district_elasticity,IA-4,IA-4,IA,-12.844999999999999,-12.98,-0.13500000000000156,0.13500000000000156,True,-1.5,-1.5,1.25,1.0,False,False,True,True
2016,district_elasticity,ID-1,ID-1,ID,-37.82369169960475,-37.58069169960475,0.2430000000000021,0.2430000000000021,True,-1.5,-1.5,0.55,1.0,False,False,True,True
2016,district_elasticity,ID-2,ID-2,ID,-35.98335,-35.74035,0.2430000000000021,0.2430000000000021,True,-1.5,-1.5,0.55,1.0,False,False,True,True
2016,district_elasticity,IL-1,IL-1,IL,55.557828612020174,55.788068181818176,0.23023956979800175,0.23023956979800175,True,1.5,1.5,0.5736304263,1.0,True,True,False,False
2016,district_elasticity,IL-10,IL-10,IL,10.323132547668,10.4658,0.14266745233200062,0.14266745233200062,True,-1.5,-1.5,0.7358010142,1.0,False,False,True,True
2016,district_elasticity,IL-11,IL-11,IL,14.78312893994,14.6921,-0.09102893993999928,0.09102893993999928,True,1.5,1.5,1.168572111,1.0,True,True,False,False
2016,district_elasticity,IL-12,IL-12,IL,-3.48755,-3.62255,-0.1349999999999998,0.1349999999999998,True,-1.5,-1.5,1.25,1.0,False,False,True,True
2016,district_elasticity,IL-13,IL-13,IL,-2.45125,-2.5862499999999997,-0.1349999999999998,0.1349999999999998,True,0.0,0.0,1.25,1.0,False,False,False,False
2016,district_elasticity,IL-14,IL-14,IL,-14.177391304347825,-14.312391304347825,-0.1349999999999998,0.1349999999999998,True,-1.5,-1.5,1.25,1.0,False,False,True,True
2016,district_elasticity,IL-15,IL-15,IL,-34.158750000000005,-34.29375,-0.134999999999998,0.134999999999998,True,-1.5,-1.5,1.25,1.0,False,False,True,True
2016,district_elasticity,IL-16,IL-16,IL,-14.625560344827587,-14.760560344827589,-0.13500000000000156,0.13500000000000156,True,-1.5,-1.5,1.25,1.0,False,False,True,True
2016,district_elasticity,IL-17,IL-17,IL,14.969272727272728,15.212272727272728,0.24300000000000033,0.24300000000000033,True,1.5,1.5,0.55,1.0,True,True,False,False
2016,district_elasticity,IL-18,IL-18,IL,-28.423,-28.18,0.24299999999999855,0.24299999999999855,True,-1.5,-1.5,0.55,1.0,False,False,True,True
2016,district_elasticity,IL-2,IL-2,IL,60.077,60.32,0.2430000000000021,0.2430000000000021,True,1.5,1.5,0.55,1.0,True,True,False,False
2016,district_elasticity,IL-3,IL-3,IL,11.216298124176365,11.212386363636366,-0.00391176053999942,0.00391176053999942,True,1.5,1.5,1.007244001,1.0,True,True,False,False
2016,district_elasticity,IL-4,IL-4,IL,63.93516101652,63.8625,-0.07266101652000145,0.07266101652000145,True,1.5,1.5,1.134557438,1.0,True,True,False,False
2016,district_elasticity,IL-5,IL-5,IL,31.48773869463467,31.601566666666667,0.11382797203199857,0.11382797203199857,True,1.5,1.5,0.7892074592,1.0,True,True,False,False
2016,district_elasticity,IL-6,IL-6,IL,-13.718804347826085,-13.853804347826085,-0.1349999999999998,0.1349999999999998,True,-1.5,-1.5,1.25,1.0,False,False,True,True
2016,district_elasticity,IL-7,IL-7,IL,73.06682493125,73.10000000000001,0.03317506875001186,0.03317506875001186,True,1.5,1.5,0.9385646875,1.0,True,True,False,False
2016,district_elasticity,IL-8,IL-8,IL,12.877,13.120000000000001,0.24300000000000033,0.24300000000000033,True,0.0,0.0,0.55,1.0,False,False,False,False
2016,district_elasticity,IL-9,IL-9,IL,27.450750000000003,27.69375,0.24299999999999855,0.24299999999999855,True,1.5,1.5,0.55,1.0,True,True,False,False
2016,district_elasticity,IN-1,IN-1,IN,22.81799743152537,22.78240853658537,-0.035588894940001836,0.035588894940001836,True,1.5,1.5,1.065905361,1.0,True,True,False,False
2016,district_elasticity,IN-2,IN-2,IN,-17.62284090909091,-17.757840909090913,-0.13500000000000156,0.13500000000000156,True,0.0,0.0,1.25,1.0,False,False,False,False
2016,district_elasticity,IN-3,IN-3,IN,-31.050260177280002,-31.065,-0.014739822719999296,0.014739822719999296,True,0.0,0.0,1.027295968,1.0,False,False,False,False
2016,district_elasticity,IN-4,IN-4,IN,-29.250851622379738,-29.14421195652174,0.10663966585799756,0.10663966585799756,True,-1.5,-1.5,0.8025191373,1.0,False,False,True,True
2016,district_elasticity,IN-5,IN-5,IN,-21.495060975609753,-21.630060975609755,-0.13500000000000156,0.13500000000000156,True,-1.5,-1.5,1.25,1.0,False,False,True,True
2016,district_elasticity,IN-6,IN-6,IN,-27.503750000000004,-27.638750000000005,-0.13500000000000156,0.13500000000000156,True,-1.5,-1.5,1.25,1.0,False,False,True,True
2016,district_elasticity,IN-7,IN-7,IN,24.950625,24.815624999999997,-0.13500000000000156,0.13500000000000156,True,1.5,1.5,1.25,1.0,True,True,False,False
2016,district_elasticity,IN-8,IN-8,IN,-24.595,-24.73,-0.13500000000000156,0.13500000000000156,True,-1.5,-1.5,1.25,1.0,False,False,True,True
2016,district_elasticity,IN-9,IN-9,IN,-19.51909090909091,-19.65409090909091,-0.13500000000000156,0.13500000000000156,True,0.0,0.0,1.25,1.0,False,False,False,False
2016,district_elasticity,KS-1,KS-1,KS,-45.88,-45.88,0.0,0.0,False,0.0,0.0,1.0,1.0,False,False,False,False
2016,district_elasticity,KS-2,KS-2,KS,-18.723,-18.48,0.24299999999999855,0.24299999999999855,True,-1.5,-1.5,0.55,1.0,False,False,True,True
2016,district_elasticity,KS-3,KS-3,KS,-14.379999999999999,-14.379999999999999,0.0,0.0,False,-1.5,-1.5,1.0,1.0,False,False,True,True
2016,district_elasticity,KS-4,KS-4,KS,-30.623,-30.380000000000003,0.24299999999999855,0.24299999999999855,True,-1.5,-1.5,0.55,1.0,False,False,True,True
2016,district_elasticity,KY-1,KY-1,KY,-37.514443664795145,-37.486607142857146,0.027836521937999237,0.027836521937999237,True,0.0,0.0,0.9484508853,1.0,False,False,False,False
2016,district_elasticity,KY-2,KY-2,KY,-33.674683878366594,-33.553617021276594,0.12106685708999976,0.12106685708999976,True,-1.5,-1.5,0.7758021165,1.0,False,False,True,True
2016,district_elasticity,KY-3,KY-3,KY,11.667709816275273,11.890227272727273,0.2225174564519996,0.2225174564519996,True,1.5,1.5,0.5879306362,1.0,True,True,False,False
2016,district_elasticity,KY-4,KY-4,KY,-33.488849333646,-33.480000000000004,0.008849333645997604,0.008849333645997604,True,-1.5,-1.5,0.9836123451,1.0,False,False,True,True
2016,district_elasticity,KY-5,KY-5,KY,-57.01730555555556,-56.77430555555556,0.2430000000000021,0.2430000000000021,True,-1.5,-1.5,0.55,1.0,False,False,True,True
2016,district_elasticity,KY-6,KY-6,KY,-18.345,-18.48,-0.13500000000000156,0.13500000000000156,True,-1.5,-1.5,1.25,1.0,False,False,True,True
2016,district_elasticity,LA-1,LA-1,LA,-48.745000000000005,-48.88,-0.134999999999998,0.134999999999998,True,-1.5,-1.5,1.25,1.0,False,False,True,True
2016,district_elasticity,LA-2,LA-2,LA,51.12,51.12,0.0,0.0,False,1.5,1.5,1.0,1.0,True,True,False,False
2016,district_elasticity,LA-3,LA-3,LA,-37.18,-37.18,0.0,0.0,False,0.0,0.0,1.0,1.0,False,False,False,False
2016,district_elasticity,LA-4,LA-4,LA,-22.68,-22.68,0.0,0.0,False,0.0,0.0,1.0,1.0,False,False,False,False
2016,district_elasticity,LA-5,LA-5,LA,-28.18,-28.18,0.0,0.0,False,-1.5,-1.5,1.0,1.0,False,False,True,True
2016,district_elasticity,LA-6,LA-6,LA,-38.980000000000004,-38.980000000000004,0.0,0.0,False,-1.5,-1.5,1.0,1.0,False,False,True,True
2016,district_elasticity,MA-1,MA-1,MA,27.82,27.82,0.0,0.0,False,1.5,1.5,1.0,1.0,True,True,False,False
2016,district_elasticity,MA-2,MA-2,MA,17.62,17.62,0.0,0.0,False,1.5,1.5,1.0,1.0,True,True,False,False
2016,district_elasticity,MA-3,MA-3,MA,13.553503942512,13.620000000000001,0.06649605748800091,0.06649605748800091,True,1.5,1.5,0.8768591528,1.0,True,True,False,False
2016,district_elasticity,MA-4,MA-4,MA,13.920000000000002,13.920000000000002,0.0,0.0,False,1.5,1.5,1.0,1.0,True,True,False,False
2016,district_elasticity,MA-5,MA-5,MA,30.22,30.22,0.0,0.0,False,1.5,1.5,1.0,1.0,True,True,False,False
2016,district_elasticity,MA-6,MA-6,MA,8.677,8.920000000000002,0.2430000000000021,0.2430000000000021,True,1.5,1.5,0.55,1.0,True,True,False,False
2016,district_elasticity,MA-7,MA-7,MA,65.02000000000001,65.02000000000001,0.0,0.0,False,1.5,1.5,1.0,1.0,True,True,False,False
2016,district_elasticity,MA-8,MA-8,MA,15.120000000000001,15.120000000000001,0.0,0.0,False,1.5,1.5,1.0,1.0,True,True,False,False
2016,district_elasticity,MA-9,MA-9,MA,10.655000000000001,10.52,-0.13500000000000156,0.13500000000000156,True,1.5,1.5,1.25,1.0,True,True,False,False
2016,district_elasticity,MD-1,MD-1,MD,-27.497729917435425,-27.266071428571426,0.23165848886399942,0.23165848886399942,True,-1.5,-1.5,0.5710027984,1.0,False,False,True,True
2016,district_elasticity,MD-2,MD-2,MD,25.79284480256,25.73,-0.0628448025600008,0.0628448025600008,True,1.5,1.5,1.116379264,1.0,True,True,False,False
2016,district_elasticity,MD-3,MD-3,MD,21.51375,21.37875,-0.13500000000000156,0.13500000000000156,True,1.5,1.5,1.25,1.0,True,True,False,False
2016,district_elasticity,MD-4,MD-4,MD,53.91217171717171,53.77717171717171,-0.134999999999998,0.134999999999998,True,0.0,0.0,1.25,1.0,False,False,False,False
2016,district_elasticity,MD-5,MD-5,MD,31.1675,31.0325,-0.13500000000000156,0.13500000000000156,True,1.5,1.5,1.25,1.0,True,True,False,False
2016,district_elasticity,MD-6,MD-6,MD,10.865,10.729999999999999,-0.13500000000000156,0.13500000000000156,True,1.5,1.5,1.25,1.0,True,True,False,False
2016,district_elasticity,MD-7,MD-7,MD,52.92102272727272,52.78602272727272,-0.134999999999998,0.134999999999998,True,1.5,1.5,1.25,1.0,True,True,False,False
2016,district_elasticity,MD-8,MD-8,MD,20.76779401244,20.689999999999998,-0.07779401244000184,0.07779401244000184,True,0.0,0.0,1.144062986,1.0,False,False,False,False
2016,district_elasticity,ME-1,ME-1,ME,19.107599999999998,19.350599999999996,0.24299999999999855,0.24299999999999855,True,1.5,1.5,0.55,1.0,True,True,False,False
2016,district_elasticity,ME-2,ME-2,ME,3.755,3.62,-0.1349999999999998,0.1349999999999998,True,-1.5,-1.5,1.25,1.0,False,False,True,True
2016,district_elasticity,MI-1,MI-1,MI,-11.726446476328,-11.68,0.046446476328000585,0.046446476328000585,True,0.0,0.0,0.9139880068,1.0,False,False,False,False
2016,district_elasticity,MI-10,MI-10,MI,-15.222999999999999,-14.98,0.24299999999999855,0.24299999999999855,True,0.0,0.0,0.55,1.0,False,False,False,False
2016,district_elasticity,MI-11,MI-11,MI,-10.22325324464,-10.280000000000001,-0.056746755360000734,0.056746755360000734,True,-1.5,-1.5,1.105086584,1.0,False,False,True,True
2016,district_elasticity,MI-12,MI-12,MI,31.428194945815996,31.519999999999996,0.09180505418400031,0.09180505418400031,True,1.5,1.5,0.8299906404,1.0,True,True,False,False
2016,district_elasticity,MI-13,MI-13,MI,68.94763785836001,69.02000000000001,0.07236214163999932,0.07236214163999932,True,1.5,1.5,0.865996034,1.0,True,True,False,False
2016,district_elasticity,MI-14,MI-14,MI,60.545665764759995,60.519999999999996,-0.025665764759999377,0.025665764759999377,True,1.5,1.5,1.047529194,1.0,True,True,False,False
2016,district_elasticity,MI-2,MI-2,MI,-17.94909151031,-17.78,0.16909151031000036,0.16909151031000036,True,-1.5,-1.5,0.6868675735,1.0,False,False,True,True
2016,district_elasticity,MI-3,MI-3,MI,-12.06871985694,-12.18,-0.11128014306000011,0.11128014306000011,True,-1.5,-1.5,1.206074339,1.0,False,False,True,True
2016,district_elasticity,MI-4,MI-4,MI,-13.123,-12.879999999999999,0.24300000000000033,0.24300000000000033,True,-1.5,-1.5,0.55,1.0,False,False,True,True
2016,district_elasticity,MI-5,MI-5,MI,20.276999999999997,20.519999999999996,0.24299999999999855,0.24299999999999855,True,1.5,1.5,0.55,1.0,True,True,False,False
2016,district_elasticity,MI-6,MI-6,MI,-6.425160727804,-6.28,0.1451607278039999,0.1451607278039999,True,-1.5,-1.5,0.7311838374,1.0,False,False,True,True
2016,district_elasticity,MI-7,MI-7,MI,-8.18053537578,-7.9799999999999995,0.20053537578000036,0.20053537578000036,True,-1.5,-1.5,0.628638193,1.0,False,False,True,True
2016,district_elasticity,MI-8,MI-8,MI,-8.222999999999999,-7.9799999999999995,0.24299999999999944,0.24299999999999944,True,-1.5,-1.5,0.55,1.0,False,False,True,True
2016,district_elasticity,MI-9,MI-9,MI,13.278404236204,13.420000000000002,0.14159576379600125,0.14159576379600125,True,1.5,1.5,0.7377856226,1.0,True,True,False,False
2016,district_elasticity,MN-1,MN-1,MN,-0.5184843133800001,-0.48,0.038484313380000135,0.038484313380000135,True,1.5,1.5,0.928732753,1.0,True,True,False,False
2016,district_elasticity,MN-2,MN-2,MN,-3.1998520022799997,-3.28,-0.08014799772000014,0.08014799772000014,True,0.0,0.0,1.148422218,1.0,False,False,False,False
2016,district_elasticity,MN-3,MN-3,MN,-4.06825007142,-4.08,-0.011749928580000457,0.011749928580000457,True,-1.5,-1.5,1.021759127,1.0,False,False,True,True
2016,district_elasticity,MN-4,MN-4,MN,24.935908125879997,25.119999999999997,0.18409187411999994,0.18409187411999994,True,1.5,1.5,0.659089122,1.0,True,True,False,False
2016,district_elasticity,MN-5,MN-5,MN,47.376999999999995,47.62,0.2430000000000021,0.2430000000000021,True,1.5,1.5,0.55,1.0,True,True,False,False
2016,district_elasticity,MN-6,MN-6,MN,-19.745,-19.880000000000003,-0.13500000000000156,0.13500000000000156,True,-1.5,-1.5,1.25,1.0,False,False,True,True
2016,district_elasticity,MN-7,MN-7,MN,-11.545,-11.68,-0.1349999999999998,0.1349999999999998,True,1.5,1.5,1.25,1.0,True,True,False,False
2016,district_elasticity,MN-8,MN-8,MN,3.609728012324,3.62,0.010271987676000016,0.010271987676000016,True,1.5,1.5,0.9809778006,1.0,True,True,False,False
2016,district_elasticity,MO-1,MO-1,MO,59.15273051132,59.12,-0.03273051132000404,0.03273051132000404,True,1.5,1.5,1.060612058,1.0,True,True,False,False
2016,district_elasticity,MO-2,MO-2,MO,-20.5373179518,-20.58,-0.042682048199999656,0.042682048199999656,True,-1.5,-1.5,1.07904083,1.0,False,False,True,True
2016,district_elasticity,MO-3,MO-3,MO,-30.64758149916,-30.78,-0.13241850084000006,0.13241850084000006,True,-1.5,-1.5,1.245219446,1.0,False,False,True,True
2016,district_elasticity,MO-4,MO-4,MO,-29.544999999999998,-29.68,-0.13500000000000156,0.13500000000000156,True,-1.5,-1.5,1.25,1.0,False,False,True,True
2016,district_elasticity,MO-5,MO-5,MO,17.755,17.62,-0.134999999999998,0.134999999999998,True,1.5,1.5,1.25,1.0,True,True,False,False
2016,district_elasticity,MO-6,MO-6,MO,-27.068616192994003,-26.980000000000004,0.08861619299399948,0.08861619299399948,True,-1.5,-1.5,0.8358959389,1.0,False,False,True,True
2016,district_elasticity,MO-7,MO-7,MO,-42.36387925668,-42.18,0.18387925668000094,0.18387925668000094,True,-1.5,-1.5,0.659482858,1.0,False,False,True,True
2016,district_elasticity,MO-8,MO-8,MO,-37.523,-37.28,0.2430000000000021,0.2430000000000021,True,0.0,0.0,0.55,1.0,False,False,False,False
2016,district_elasticity,MS-1,MS-1,MS,-29.810535714285713,-29.945535714285715,-0.13500000000000156,0.13500000000000156,True,-1.5,-1.5,1.25,1.0,False,False,True,True
2016,district_elasticity,MS-2,MS-2,MS,32.507159090909084,32.507159090909084,0.0,0.0,False,1.5,1.5,1.0,1.0,True,True,False,False
2016,district_elasticity,MS-3,MS-3,MS,-26.476634615384615,-26.476634615384615,0.0,0.0,False,-1.5,-1.5,1.0,1.0,False,False,True,True
2016,district_elasticity,MS-4,MS-4,MS,-41.624538616498185,-41.723068181818185,-0.09852956531999979,0.09852956531999979,True,-1.5,-1.5,1.182462158,1.0,False,False,True,True
2016,district_elasticity,MT-AL,MT-AL,MT,-18.692403389823998,-18.58,0.11240338982399933,0.11240338982399933,True,-1.5,-1.5,0.7918455744,1.0,False,False,True,True
2016,district_elasticity,NC-1,NC-1,NC,36.59412163357382,36.63318181818182,0.03906018460799743,0.03906018460799743,True,1.5,1.5,0.9276663248,1.0,True,True,False,False
2016,district_elasticity,NC-10,NC-10,NC,-22.53547963919273,-22.54727272727273,-0.011793088080001013,0.011793088080001013,True,-1.5,-1.5,1.021839052,1.0,False,False,True,True
2016,district_elasticity,NC-11,NC-11,NC,-24.733835264998184,-24.851818181818185,-0.11798291682000084,0.11798291682000084,True,-1.5,-1.5,1.218486883,1.0,False,False,True,True
2016,district_elasticity,NC-12,NC-12,NC,34.16586260218,34.135,-0.03086260218000092,0.03086260218000092,True,1.5,1.5,1.057152967,1.0,True,True,False,False
2016,district_elasticity,NC-13,NC-13,NC,-9.504249999999999,-9.26125,0.24299999999999855,0.24299999999999855,True,0.0,0.0,0.55,1.0,False,False,False,False
2016,district_elasticity,NC-2,NC-2,NC,-18.066815747031075,-17.884481707317075,0.18233403971400008,0.18233403971400008,True,-1.5,-1.5,0.6623443709,1.0,False,False,True,True
2016,district_elasticity,NC-3,NC-3,NC,-22.86022795934,-22.92125,-0.06102204065999928,0.06102204065999928,True,-1.5,-1.5,1.113003779,1.0,False,False,True,True
2016,district_elasticity,NC-4,NC-4,NC,28.440295454545456,28.683295454545455,0.24299999999999855,0.24299999999999855,True,1.5,1.5,0.55,1.0,True,True,False,False
2016,district_elasticity,NC-5,NC-5,NC,-16.516801338002,-16.4879,0.028901338002000898,0.028901338002000898,True,-1.5,-1.5,0.9464790037,1.0,False,False,True,True
2016,district_elasticity,NC-6,NC-6,NC,-17.822999999999997,-17.58,0.24299999999999855,0.24299999999999855,True,-1.5,-1.5,0.55,1.0,False,False,True,True
2016,district_elasticity,NC-7,NC-7,NC,-17.444999999999997,-17.58,-0.13500000000000156,0.13500000000000156,True,-1.5,-1.5,1.25,1.0,False,False,True,True
2016,district_elasticity,NC-8,NC-8,NC,-14.15775,-14.29275,-0.1349999999999998,0.1349999999999998,True,-1.5,-1.5,1.25,1.0,False,False,True,True
2016,district_elasticity,NC-9,NC-9,NC,-12.48,-12.48,0.0,0.0,False,-1.5,-1.5,1.0,1.0,False,False,True,True
2016,district_elasticity,ND-AL,ND-AL,ND,-25.52,-25.52,0.0,0.0,False,-1.5,-1.5,1.0,1.0,False,False,True,True
2016,district_elasticity,NE-1,NE-1,NE,-21.99027272727273,-21.74727272727273,0.24299999999999855,0.24299999999999855,True,-1.5,-1.5,0.55,1.0,False,False,True,True
2016,district_elasticity,NE-2,NE-2,NE,-9.323,-9.080000000000002,0.24299999999999855,0.24299999999999855,True,1.5,1.5,0.55,1.0,True,True,False,False
2016,district_elasticity,NE-3,NE-3,NE,-48.48685666001975,-48.29202127659575,0.19483538342399953,0.19483538342399953,True,-1.5,-1.5,0.6391937344,1.0,False,False,True,True
2016,district_elasticity,NH-1,NH-1,NH,-3.2872259134479997,-3.28,0.007225913447999943,0.007225913447999943,True,-1.5,-1.5,0.9866186788,1.0,False,False,True,True
2016,district_elasticity,NH-2,NH-2,NH,7.576999999999999,7.819999999999999,0.24300000000000033,0.24300000000000033,True,1.5,1.5,0.55,1.0,True,True,False,False
2016,district_elasticity,NJ-1,NJ-1,NJ,29.123450000000002,28.98845,-0.13500000000000156,0.13500000000000156,True,1.5,1.5,1.25,1.0,True,True,False,False
2016,district_elasticity,NJ-10,NJ-10,NJ,73.20207429673,73.33000000000001,0.12792570327000874,0.12792570327000874,True,1.5,1.5,0.7631005495,1.0,True,True,False,False
2016,district_elasticity,NJ-11,NJ-11,NJ,-10.740743102579998,-10.68,0.060743102579998265,0.060743102579998265,True,-1.5,-1.5,0.887512773,1.0,False,False,True,True
2016,district_elasticity,NJ-12,NJ-12,NJ,32.355000000000004,32.22,-0.13500000000000512,0.13500000000000512,True,1.5,1.5,1.25,1.0,True,True,False,False
2016,district_elasticity,NJ-2,NJ-2,NJ,2.583717201948195,2.619451219512195,0.03573401756399974,0.03573401756399974,True,-1.5,-1.5,0.9338258934,1.0,False,False,True,True
2016,district_elasticity,NJ-3,NJ-3,NJ,-0.15550000000000036,0.08749999999999963,0.243,0.243,True,-1.5,-1.5,0.55,1.0,False,False,True,True
2016,district_elasticity,NJ-4,NJ-4,NJ,-15.62926423636,-15.654699999999998,-0.02543576363999911,0.02543576363999911,True,-1.5,-1.5,1.047103266,1.0,False,False,True,True
2016,district_elasticity,NJ-5,NJ-5,NJ,-6.982285714285713,-6.739285714285714,0.24299999999999944,0.24299999999999944,True,-1.5,-1.5,0.55,1.0,False,False,True,True
2016,district_elasticity,NJ-6,NJ-6,NJ,22.909538019214,22.925349999999998,0.015811980785997548,0.015811980785997548,True,1.5,1.5,0.9707185541,1.0,True,True,False,False
2016,district_elasticity,NJ-7,NJ-7,NJ,-11.79526520507844,-11.631890243902442,0.16337496117599848,0.16337496117599848,True,-1.5,-1.5,0.6974537756,1.0,False,False,True,True
2016,district_elasticity,NJ-8,NJ-8,NJ,55.643249999999995,55.88625,0.2430000000000021,0.2430000000000021,True,1.5,1.5,0.55,1.0,True,True,False,False
2016,district_elasticity,NJ-9,NJ-9,NJ,36.35100747898,36.25,-0.10100747898000151,0.10100747898000151,True,1.5,1.5,1.187050887,1.0,True,True,False,False
2016,district_elasticity,NM-1,NM-1,NM,13.051351600699089,13.29340909090909,0.24205749021000145,0.24205749021000145,True,1.5,1.5,0.5517453885,1.0,True,True,False,False
2016,district_elasticity,NM-2,NM-2,NM,-11.570691002199998,-11.68,-0.10930899780000125,0.10930899780000125,True,-1.5,-1.5,1.20242407,1.0,False,False,True,True
2016,district_elasticity,NM-3,NM-3,NM,17.80348693915288,17.97128048780488,0.1677935486519999,0.1677935486519999,True,1.5,1.5,0.6892712062,1.0,True,True,False,False
2016,district_elasticity,NV-1,NV-1,NV,32.0157,31.8807,-0.13500000000000156,0.13500000000000156,True,1.5,1.5,1.25,1.0,True,True,False,False
2016,district_elasticity,NV-2,NV-2,NV,-12.844999999999999,-12.98,-0.13500000000000156,0.13500000000000156,True,-1.5,-1.5,1.25,1.0,False,False,True,True
2016,district_elasticity,NV-3,NV-3,NV,-1.9091576086956523,-2.0441576086956523,-0.135,0.135,True,0.0,0.0,1.25,1.0,False,False,False,False
2016,district_elasticity,NV-4,NV-4,NV,6.437553191489361,6.302553191489361,-0.1349999999999998,0.1349999999999998,True,-1.5,-1.5,1.25,1.0,False,False,True,True
2016,district_elasticity,NY-1,NY-1,NY,-3.8576136363636366,-3.9926136363636364,-0.1349999999999998,0.1349999999999998,True,-1.5,-1.5,1.25,1.0,False,False,True,True
2016,district_elasticity,NY-10,NY-10,NY,46.62,46.62,0.0,0.0,False,1.5,1.5,1.0,1.0,True,True,False,False
2016,district_elasticity,NY-11,NY-11,NY,-0.9848775094067317,-0.9135670731707317,0.07131043623599997,0.07131043623599997,True,-1.5,-1.5,0.8679436366,1.0,False,False,True,True
2016,district_elasticity,NY-12,NY-12,NY,53.343094270542,53.519999999999996,0.17690572945799943,0.17690572945799943,True,1.5,1.5,0.6723967973,1.0,True,True,False,False
2016,district_elasticity,NY-13,NY-13,NY,86.62,86.62,0.0,0.0,False,0.0,0.0,1.0,1.0,False,False,False,False
2016,district_elasticity,NY-14,NY-14,NY,60.26720108695652,60.26720108695652,0.0,0.0,False,1.5,1.5,1.0,1.0,True,True,False,False
2016,district_elasticity,NY-15,NY-15,NY,93.36875,93.36875,0.0,0.0,False,1.5,1.5,1.0,1.0,True,True,False,False
2016,district_elasticity,NY-16,NY-16,NY,48.315,48.315,0.0,0.0,False,1.5,1.5,1.0,1.0,True,True,False,False
2016,district_elasticity,NY-17,NY-17,NY,12.646955450929092,12.53965909090909,-0.1072963600200012,0.1072963600200012,True,1.5,1.5,1.198696963,1.0,True,True,False,False
2016,district_elasticity,NY-18,NY-18,NY,3.744840909090909,3.987840909090909,0.24299999999999988,0.24299999999999988,True,1.5,1.5,0.55,1.0,True,True,False,False
2016,district_elasticity,NY-19,NY-19,NY,4.020909090909091,3.885909090909091,-0.13500000000000023,0.13500000000000023,True,0.0,0.0,1.25,1.0,False,False,False,False
2016,district_elasticity,NY-2,NY-2,NY,-1.357225609756097,-1.492225609756097,-0.135,0.135,True,-1.5,-1.5,1.25,1.0,False,False,True,True
2016,district_elasticity,NY-20,NY-20,NY,19.608399999999996,19.473399999999994,-0.13500000000000156,0.13500000000000156,True,1.5,1.5,1.25,1.0,True,True,False,False
2016,district_elasticity,NY-21,NY-21,NY,1.3549999999999995,1.2199999999999998,-0.1349999999999998,0.1349999999999998,True,-1.5,-1.5,1.25,1.0,False,False,True,True
2016,district_elasticity,NY-22,NY-22,NY,-2.4412500000000006,-2.4412500000000006,0.0,0.0,False,0.0,0.0,1.0,1.0,False,False,False,False
2016,district_elasticity,NY-23,NY-23,NY,-7.135000000000001,-7.2700000000000005,-0.1349999999999998,0.1349999999999998,True,-1.5,-1.5,1.25,1.0,False,False,True,True
2016,district_elasticity,NY-24,NY-24,NY,11.36875,11.233749999999999,-0.13500000000000156,0.13500000000000156,True,-1.5,-1.5,1.25,1.0,False,False,True,True
2016,district_elasticity,NY-25,NY-25,NY,17.28236413043478,17.14736413043478,-0.134999999999998,0.134999999999998,True,1.5,1.5,1.25,1.0,True,True,False,False
2016,district_elasticity,NY-26,NY-26,NY,29.55788729214,29.478749999999998,-0.07913729214000043,0.07913729214000043,True,1.5,1.5,1.146550541,1.0,True,True,False,False
2016,district_elasticity,NY-27,NY-27,NY,-17.145,-17.28,-0.13500000000000156,0.13500000000000156,True,-1.5,-1.5,1.25,1.0,False,False,True,True
2016,district_elasticity,NY-3,NY-3,NY,0.6743536642904444,0.6831944444444444,0.008840780154000027,0.008840780154000027,True,0.0,0.0,0.9836281849,1.0,False,False,False,False
2016,district_elasticity,NY-4,NY-4,NY,11.52193181818182,11.38693181818182,-0.1349999999999998,0.1349999999999998,True,1.5,1.5,1.25,1.0,True,True,False,False
2016,district_elasticity,NY-5,NY-5,NY,78.66386363636364,78.66386363636364,0.0,0.0,False,1.5,1.5,1.0,1.0,True,True,False,False
2016,district_elasticity,NY-6,NY-6,NY,37.009261363636355,37.009261363636355,0.0,0.0,False,1.5,1.5,1.0,1.0,True,True,False,False
2016,district_elasticity,NY-7,NY-7,NY,76.22,76.22,0.0,0.0,False,1.5,1.5,1.0,1.0,True,True,False,False
2016,district_elasticity,NY-8,NY-8,NY,77.21795731707317,77.21795731707317,0.0,0.0,False,1.5,1.5,1.0,1.0,True,True,False,False
2016,district_elasticity,NY-9,NY-9,NY,70.26477272727273,70.26477272727273,0.0,0.0,False,1.5,1.5,1.0,1.0,True,True,False,False
2016,district_elasticity,OH-1,OH-1,OH,-10.653825945938726,-10.564772727272727,0.08905321866599891,0.08905321866599891,True,-1.5,-1.5,0.8350866321,1.0,False,False,True,True
2016,district_elasticity,OH-10,OH-10,OH,-9.57135,-9.70635,-0.1349999999999998,0.1349999999999998,True,-1.5,-1.5,1.25,1.0,False,False,True,True
2016,district_elasticity,OH-11,OH-11,OH,64.84477272727271,64.84477272727271,0.0,0.0,False,1.5,1.5,1.0,1.0,True,True,False,False
2016,district_elasticity,OH-12,OH-12,OH,-16.19836956521739,-16.33336956521739,-0.134999999999998,0.134999999999998,True,-1.5,-1.5,1.25,1.0,False,False,True,True
2016,district_elasticity,OH-13,OH-13,OH,26.157001551590906,26.129090909090905,-0.027910642500000193,0.027910642500000193,True,1.5,1.5,1.051686375,1.0,True,True,False,False
2016,district_elasticity,OH-14,OH-14,OH,-9.40685,-9.54185,-0.1349999999999998,0.1349999999999998,True,-1.5,-1.5,1.25,1.0,False,False,True,True
2016,district_elasticity,OH-15,OH-15,OH,-10.415467588198181,-10.459318181818182,-0.04385059362000021,0.04385059362000021,True,-1.5,-1.5,1.081204803,1.0,False,False,True,True
2016,district_elasticity,OH-16,OH-16,OH,-12.944999999999999,-13.079999999999998,-0.1349999999999998,0.1349999999999998,True,-1.5,-1.5,1.25,1.0,False,False,True,True
2016,district_elasticity,OH-2,OH-2,OH,-15.954999999999998,-16.09,-0.13500000000000156,0.13500000000000156,True,-1.5,-1.5,1.25,1.0,False,False,True,True
2016,district_elasticity,OH-3,OH-3,OH,38.44022499999999,38.30522499999999,-0.134999999999998,0.134999999999998,True,1.5,1.5,1.25,1.0,True,True,False,False
2016,district_elasticity,OH-4,OH-4,OH,-18.232075000000002,-18.367075000000003,-0.13500000000000156,0.13500000000000156,True,-1.5,-1.5,1.25,1.0,False,False,True,True
2016,district_elasticity,OH-5,OH-5,OH,-15.637,-15.772,-0.1349999999999998,0.1349999999999998,True,-1.5,-1.5,1.25,1.0,False,False,True,True
2016,district_elasticity,OH-6,OH-6,OH,-16.85125,-16.986250000000002,-0.13500000000000156,0.13500000000000156,True,-1.5,-1.5,1.25,1.0,False,False,True,True
2016,district_elasticity,OH-7,OH-7,OH,-14.392727272727273,-14.392727272727273,0.0,0.0,False,-1.5,-1.5,1.0,1.0,False,False,True,True
2016,district_elasticity,OH-8,OH-8,OH,-30.20492236024845,-30.20492236024845,0.0,0.0,False,-1.5,-1.5,1.0,1.0,False,False,True,True
2016,district_elasticity,OH-9,OH-9,OH,38.955,38.82,-0.134999999999998,0.134999999999998,True,1.5,1.5,1.25,1.0,True,True,False,False
2016,district_elasticity,OK-1,OK-1,OK,-36.480000000000004,-36.480000000000004,0.0,0.0,False,-1.5,-1.5,1.0,1.0,False,False,True,True
2016,district_elasticity,OK-2,OK-2,OK,-37.011515151515155,-37.14651515151515,-0.134999999999998,0.134999999999998,True,-1.5,-1.5,1.25,1.0,False,False,True,True
2016,district_elasticity,OK-3,OK-3,OK,-52.727000000000004,-52.484,0.2430000000000021,0.2430000000000021,True,-1.5,-1.5,0.55,1.0,False,False,True,True
2016,district_elasticity,OK-4,OK-4,OK,-39.171554402552005,-39.11300000000001,0.05855440255199795,0.05855440255199795,True,-1.5,-1.5,0.8915659212,1.0,False,False,True,True
2016,district_elasticity,OK-5,OK-5,OK,-22.830229270463267,-22.63143292682927,0.19879634363399745,0.19879634363399745,True,-1.5,-1.5,0.6318586229,1.0,False,False,True,True
2016,district_elasticity,OR-1,OR-1,OR,15.313656612522001,15.459375000000001,0.14571838747800037,0.14571838747800037,True,1.5,1.5,0.7301511343,1.0,True,True,False,False
2016,district_elasticity,OR-2,OR-2,OR,-21.912337731845852,-21.853536585365852,0.058801146480000455,0.058801146480000455,True,-1.5,-1.5,0.891108988,1.0,False,False,True,True
2016,district_elasticity,OR-3,OR-3,OR,45.17699999999999,45.419999999999995,0.2430000000000021,0.2430000000000021,True,1.5,1.5,0.55,1.0,True,True,False,False
2016,district_elasticity,OR-4,OR-4,OR,1.0356363636363644,1.2786363636363647,0.24300000000000033,0.24300000000000033,True,1.5,1.5,0.55,1.0,True,True,False,False
2016,district_elasticity,OR-5,OR-5,OR,1.04075,1.28375,0.24299999999999988,0.24299999999999988,True,1.5,1.5,0.55,1.0,True,True,False,False
2016,district_elasticity,PA-1,PA-1,PA,60.54306674483886,60.67214285714286,0.1290761123039985,0.1290761123039985,True,1.5,1.5,0.7609701624,1.0,True,True,False,False
2016,district_elasticity,PA-10,PA-10,PA,-22.444999999999997,-22.58,-0.13500000000000156,0.13500000000000156,True,-1.5,-1.5,1.25,1.0,False,False,True,True
2016,district_elasticity,PA-11,PA-11,PA,-13.865357142857142,-14.000357142857144,-0.13500000000000156,0.13500000000000156,True,-1.5,-1.5,1.25,1.0,False,False,True,True
2016,district_elasticity,PA-12,PA-12,PA,-25.645,-25.78,-0.13500000000000156,0.13500000000000156,True,-1.5,-1.5,1.25,1.0,False,False,True,True
2016,district_elasticity,PA-13,PA-13,PA,31.185981922616058,31.325606060606056,0.13962413798999762,0.13962413798999762,True,1.5,1.5,0.7414367815,1.0,True,True,False,False
2016,district_elasticity,PA-14,PA-14,PA,36.49045454545454,36.49045454545454,0.0,0.0,False,1.5,1.5,1.0,1.0,True,True,False,False
2016,district_elasticity,PA-15,PA-15,PA,-7.8603250000000005,-7.8603250000000005,0.0,0.0,False,-1.5,-1.5,1.0,1.0,False,False,True,True
2016,district_elasticity,PA-16,PA-16,PA,-9.1449414893617,-8.901941489361702,0.24299999999999855,0.24299999999999855,True,0.0,0.0,0.55,1.0,False,False,False,False
2016,district_elasticity,PA-17,PA-17,PA,10.627957089788364,10.651136363636363,0.023179273847999227,0.023179273847999227,True,1.5,1.5,0.9570754188,1.0,True,True,False,False
2016,district_elasticity,PA-18,PA-18,PA,-21.78,-21.78,0.0,0.0,False,-1.5,-1.5,1.0,1.0,False,False,True,True
2016,district_elasticity,PA-2,PA-2,PA,79.01283566726933,79.09122340425533,0.07838773698600221,0.07838773698600221,True,0.0,0.0,0.8548375241,1.0,False,False,False,False
2016,district_elasticity,PA-3,PA-3,PA,-16.014254679788,-15.98,0.03425467978799901,0.03425467978799901,True,0.0,0.0,0.9365654078,1.0,False,False,False,False
2016,district_elasticity,PA-4,PA-4,PA,-20.345,-20.48,-0.13500000000000156,0.13500000000000156,True,-1.5,-1.5,1.25,1.0,False,False,True,True
2016,district_elasticity,PA-5,PA-5,PA,-21.124582195413563,-20.889728260869564,0.23485393454399883,0.23485393454399883,True,-1.5,-1.5,0.5650853064,1.0,False,False,True,True
2016,district_elasticity,PA-6,PA-6,PA,-7.872375,-7.629375,0.24300000000000033,0.24300000000000033,True,-1.5,-1.5,0.55,1.0,False,False,True,True
2016,district_elasticity,PA-7,PA-7,PA,-6.896405802438,-6.80625,0.09015580243799981,0.09015580243799981,True,-1.5,-1.5,0.8330448103,1.0,False,False,True,True
2016,district_elasticity,PA-8,PA-8,PA,-2.6136770235599998,-2.7187499999999996,-0.1050729764399998,0.1050729764399998,True,0.0,0.0,1.194579586,1.0,False,False,False,False
2016,district_elasticity,PA-9,PA-9,PA,-31.626303395208783,-31.477804878048783,0.14849851716000018,0.14849851716000018,True,-1.5,-1.5,0.725002746,1.0,False,False,True,True
2016,district_elasticity,RI-1,RI-1,RI,31.877,32.12,0.24299999999999855,0.24299999999999855,True,1.5,1.5,0.55,1.0,True,True,False,False
2016,district_elasticity,RI-2,RI-2,RI,19.377,19.619999999999997,0.24299999999999855,0.24299999999999855,True,1.5,1.5,0.55,1.0,True,True,False,False
2016,district_elasticity,SC-1,SC-1,SC,-22.980000000000004,-22.980000000000004,0.0,0.0,False,-1.5,-1.5,1.0,1.0,False,False,True,True
2016,district_elasticity,SC-2,SC-2,SC,-24.242949999999997,-24.242949999999997,0.0,0.0,False,-1.5,-1.5,1.0,1.0,False,False,True,True
2016,district_elasticity,SC-3,SC-3,SC,-35.43027481928,-35.480000000000004,-0.04972518072000298,0.04972518072000298,True,-1.5,-1.5,1.092083668,1.0,False,False,True,True
2016,district_elasticity,SC-4,SC-4,SC,-30.137045454545458,-30.137045454545458,0.0,0.0,False,-1.5,-1.5,1.0,1.0,False,False,True,True
2016,district_elasticity,SC-5,SC-5,SC,-16.43333844195,-16.38,0.05333844195000026,0.05333844195000026,True,-1.5,-1.5,0.9012251075,1.0,False,False,True,True
2016,district_elasticity,SC-6,SC-6,SC,40.410225,40.410225,0.0,0.0,False,1.5,1.5,1.0,1.0,True,True,False,False
2016,district_elasticity,SC-7,SC-7,SC,-15.508293349263273,-15.430227272727272,0.0780660765360004,0.0780660765360004,True,-1.5,-1.5,0.8554331916,1.0,False,False,True,True
2016,district_elasticity,SD-AL,SD-AL,SD,-22.745,-22.880000000000003,-0.13500000000000156,0.13500000000000156,True,-1.5,-1.5,1.25,1.0,False,False,True,True
2016,district_elasticity,TN-1,TN-1,TN,-51.88,-51.88,0.0,0.0,False,-1.5,-1.5,1.0,1.0,False,False,True,True
2016,district_elasticity,TN-2,TN-2,TN,-41.523,-41.28,0.2430000000000021,0.2430000000000021,True,-1.5,-1.5,0.55,1.0,False,False,True,True
2016,district_elasticity,TN-3,TN-3,TN,-33.296448675902,-33.08,0.2164486759020008,0.2164486759020008,True,-1.5,-1.5,0.5991691187,1.0,False,False,True,True
2016,district_elasticity,TN-4,TN-4,TN,-36.94500000000001,-37.080000000000005,-0.134999999999998,0.134999999999998,True,-1.5,-1.5,1.25,1.0,False,False,True,True
2016,district_elasticity,TN-5,TN-5,TN,11.454488424828,11.52,0.06551157517199968,0.06551157517199968,True,1.5,1.5,0.8786822682,1.0,True,True,False,False
2016,district_elasticity,TN-6,TN-6,TN,-44.480000000000004,-44.480000000000004,0.0,0.0,False,-1.5,-1.5,1.0,1.0,False,False,True,True
2016,district_elasticity,TN-7,TN-7,TN,-37.923,-37.68,0.2430000000000021,0.2430000000000021,True,-1.5,-1.5,0.55,1.0,False,False,True,True
2016,district_elasticity,TN-8,TN-8,TN,-36.697504960597996,-36.68,0.017504960597996444,0.017504960597996444,True,0.0,0.0,0.9675834063,1.0,False,False,False,False
2016,district_elasticity,TN-9,TN-9,TN,55.276999999999994,55.519999999999996,0.2430000000000021,0.2430000000000021,True,1.5,1.5,0.55,1.0,True,True,False,False
2016,district_elasticity,TX-1,TX-1,TX,-49.64339208932,-49.715,-0.07160791068000094,0.07160791068000094,True,-1.5,-1.5,1.132607242,1.0,False,False,True,True
2016,district_elasticity,TX-10,TX-10,TX,-25.315979589808,-25.18,0.13597958980799874,0.13597958980799874,True,-1.5,-1.5,0.7481859448,1.0,False,False,True,True
2016,district_elasticity,TX-11,TX-11,TX,-64.48,-64.48,0.0,0.0,False,-1.5,-1.5,1.0,1.0,False,False,True,True
2016,district_elasticity,TX-12,TX-12,TX,-40.80050000000001,-40.557500000000005,0.2430000000000021,0.2430000000000021,True,-1.5,-1.5,0.55,1.0,False,False,True,True
2016,district_elasticity,TX-13,TX-13,TX,-65.49125,-65.49125,0.0,0.0,False,-1.5,-1.5,1.0,1.0,False,False,True,True
2016,district_elasticity,TX-14,TX-14,TX,-24.4925,-24.6275,-0.13500000000000156,0.13500000000000156,True,-1.5,-1.5,1.25,1.0,False,False,True,True
2016,district_elasticity,TX-15,TX-15,TX,13.414969512195123,13.279969512195121,-0.13500000000000156,0.13500000000000156,True,0.0,0.0,1.25,1.0,False,False,False,False
2016,district_elasticity,TX-16,TX-16,TX,26.69705434782609,26.940054347826088,0.24299999999999855,0.24299999999999855,True,1.5,1.5,0.55,1.0,True,True,False,False
2016,district_elasticity,TX-17,TX-17,TX,-27.488404255319146,-27.488404255319146,0.0,0.0,False,-1.5,-1.5,1.0,1.0,False,False,True,True
2016,district_elasticity,TX-18,TX-18,TX,51.320246736845995,51.419999999999995,0.09975326315399968,0.09975326315399968,True,1.5,1.5,0.8152717349,1.0,True,True,False,False
2016,district_elasticity,TX-19,TX-19,TX,-51.980000000000004,-51.980000000000004,0.0,0.0,False,0.0,0.0,1.0,1.0,False,False,False,False
2016,district_elasticity,TX-2,TX-2,TX,-32.232667234207995,-32.18,0.052667234207994795,0.052667234207994795,True,-1.5,-1.5,0.9024680848,1.0,False,False,True,True
2016,district_elasticity,TX-20,TX-20,TX,19.19625,19.19625,0.0,0.0,False,1.5,1.5,1.0,1.0,True,True,False,False
2016,district_elasticity,TX-21,TX-21,TX,-26.0975,-26.0975,0.0,0.0,False,-1.5,-1.5,1.0,1.0,False,False,True,True
2016,district_elasticity,TX-22,TX-22,TX,-30.534161731593997,-30.3325,0.20166173159399747,0.20166173159399747,True,-1.5,-1.5,0.6265523489,1.0,False,False,True,True
2016,district_elasticity,TX-23,TX-23,TX,-7.50308080501,-7.4799999999999995,0.023080805010000205,0.023080805010000205,True,-1.5,-1.5,0.9572577685,1.0,False,False,True,True
2016,district_elasticity,TX-24,TX-24,TX,-27.135760307103414,-27.139146341463416,-0.003386034360001844,0.003386034360001844,True,-1.5,-1.5,1.006270434,1.0,False,False,True,True
2016,district_elasticity,TX-25,TX-25,TX,-26.25050441528553,-26.075147058823532,0.17535735646199768,0.17535735646199768,True,-1.5,-1.5,0.6752641547,1.0,False,False,True,True
2016,district_elasticity,TX-26,TX-26,TX,-42.2525,-42.2525,0.0,0.0,False,-1.5,-1.5,1.0,1.0,False,False,True,True
2016,district_elasticity,TX-27,TX-27,TX,-26.217173913043478,-26.35217391304348,-0.13500000000000156,0.13500000000000156,True,-1.5,-1.5,1.25,1.0,False,False,True,True
2016,district_elasticity,TX-28,TX-28,TX,22.34559659090909,22.34559659090909,0.0,0.0,False,1.5,1.5,1.0,1.0,True,True,False,False
2016,district_elasticity,TX-29,TX-29,TX,33.03326086956521,33.03326086956521,0.0,0.0,False,1.5,1.5,1.0,1.0,True,True,False,False
2016,district_elasticity,TX-3,TX-3,TX,-35.252840909090914,-35.252840909090914,0.0,0.0,False,-1.5,-1.5,1.0,1.0,False,False,True,True
2016,district_elasticity,TX-30,TX-30,TX,58.12,58.12,0.0,0.0,False,1.5,1.5,1.0,1.0,True,True,False,False
2016,district_elasticity,TX-31,TX-31,TX,-26.03570400714767,-25.975675675675674,0.060028331471997376,0.060028331471997376,True,-1.5,-1.5,0.8888364232,1.0,False,False,True,True
2016,district_elasticity,TX-32,TX-32,TX,-20.37551056582,-20.380000000000003,-0.004489434180001695,0.004489434180001695,True,-1.5,-1.5,1.008313767,1.0,False,False,True,True
2016,district_elasticity,TX-33,TX-33,TX,43.23469114219114,43.23469114219114,0.0,0.0,False,1.5,1.5,1.0,1.0,True,True,False,False
2016,district_elasticity,TX-34,TX-34,TX,20.821760677919713,20.928035714285713,0.10627503636600011,0.10627503636600011,True,1.5,1.5,0.8031943771,1.0,True,True,False,False
2016,district_elasticity,TX-35,TX-35,TX,26.338423836191996,26.519999999999996,0.1815761638079998,0.1815761638079998,True,1.5,1.5,0.6637478448,1.0,True,True,False,False
2016,district_elasticity,TX-36,TX-36,TX,-51.575558675577874,-51.643510638297876,-0.06795196272000226,0.06795196272000226,True,-1.5,-1.5,1.125836968,1.0,False,False,True,True
2016,district_elasticity,TX-4,TX-4,TX,-54.2144512195122,-54.2144512195122,0.0,0.0,False,-1.5,-1.5,1.0,1.0,False,False,True,True
2016,district_elasticity,TX-5,TX-5,TX,-34.384239130434786,-34.384239130434786,0.0,0.0,False,-1.5,-1.5,1.0,1.0,False,False,True,True
2016,district_elasticity,TX-6,TX-6,TX,-21.492730937342003,-21.428750000000004,0.06398093734199861,0.06398093734199861,True,-1.5,-1.5,0.8815167827,1.0,False,False,True,True
2016,district_elasticity,TX-7,TX-7,TX,-26.374998281229562,-26.248478260869565,0.12652002035999743,0.12652002035999743,True,-1.5,-1.5,0.765703666,1.0,False,False,True,True
2016,district_elasticity,TX-8,TX-8,TX,-60.07897727272727,-60.07897727272727,0.0,0.0,False,-1.5,-1.5,1.0,1.0,False,False,True,True
2016,district_elasticity,TX-9,TX-9,TX,55.019999999999996,55.019999999999996,0.0,0.0,False,1.5,1.5,1.0,1.0,True,True,False,False
2016,district_elasticity,UT-1,UT-1,UT,-59.43742307692308,-59.19442307692308,0.2430000000000021,0.2430000000000021,True,-1.5,-1.5,0.55,1.0,False,False,True,True
2016,district_elasticity,UT-2,UT-2,UT,-45.074798780487804,-44.8317987804878,0.2430000000000021,0.2430000000000021,True,-1.5,-1.5,0.55,1.0,False,False,True,True
2016,district_elasticity,UT-3,UT-3,UT,-63.818000000000005,-63.575,0.2430000000000021,0.2430000000000021,True,-1.5,-1.5,0.55,1.0,False,False,True,True
2016,district_elasticity,UT-4,UT-4,UT,-44.714824903794,-44.636250000000004,0.07857490379399934,0.07857490379399934,True,-1.5,-1.5,0.8544909189,1.0,False,False,True,True
2016,district_elasticity,VA-1,VA-1,VA,-16.645,-16.78,-0.13500000000000156,0.13500000000000156,True,-1.5,-1.5,1.25,1.0,False,False,True,True
2016,district_elasticity,VA-10,VA-10,VA,-6.223,-5.9799999999999995,0.24300000000000033,0.24300000000000033,True,-1.5,-1.5,0.55,1.0,False,False,True,True
2016,district_elasticity,VA-11,VA-11,VA,24.3832097162,24.32,-0.06320971619999938,0.06320971619999938,True,1.5,1.5,1.11705503,1.0,True,True,False,False
2016,district_elasticity,VA-2,VA-2,VA,-5.59989119494,-5.68,-0.08010880506000007,0.08010880506000007,True,0.0,0.0,1.148349639,1.0,False,False,False,False
2016,district_elasticity,VA-3,VA-3,VA,34.419999999999995,34.419999999999995,0.0,0.0,False,1.5,1.5,1.0,1.0,True,True,False,False
2016,district_elasticity,VA-4,VA-4,VA,18.471026966820002,18.42,-0.0510269668200003,0.0510269668200003,True,0.0,0.0,1.094494383,1.0,False,False,False,False
2016,district_elasticity,VA-5,VA-5,VA,-9.844999999999999,-9.98,-0.13500000000000156,0.13500000000000156,True,0.0,0.0,1.25,1.0,False,False,False,False
2016,district_elasticity,VA-6,VA-6,VA,-24.18,-24.18,0.0,0.0,False,-1.5,-1.5,1.0,1.0,False,False,True,True
2016,district_elasticity,VA-7,VA-7,VA,-15.393471353324,-15.379999999999999,0.01347135332400029,0.01347135332400029,True,-1.5,-1.5,0.9750530494,1.0,False,False,True,True
2016,district_elasticity,VA-8,VA-8,VA,34.718372856486,34.919999999999995,0.20162714351399558,0.20162714351399558,True,1.5,1.5,0.6266164009,1.0,True,True,False,False
2016,district_elasticity,VA-9,VA-9,VA,-33.08,-33.08,0.0,0.0,False,-1.5,-1.5,1.0,1.0,False,False,True,True
2016,district_elasticity,VT-AL,VT-AL,VT,34.05499999999999,33.919999999999995,-0.134999999999998,0.134999999999998,True,1.5,1.5,1.25,1.0,True,True,False,False
2016,district_elasticity,WA-1,WA-1,WA,8.677,8.920000000000002,0.2430000000000021,0.2430000000000021,True,1.5,1.5,0.55,1.0,True,True,False,False
2016,district_elasticity,WA-10,WA-10,WA,13.319137139346,13.32,0.0008628606540010963,0.0008628606540010963,True,1.5,1.5,0.9984021099,1.0,True,True,False,False
2016,district_elasticity,WA-2,WA-2,WA,19.077499458096,19.32,0.2425005419040005,0.2425005419040005,True,1.5,1.5,0.5509249224,1.0,True,True,False,False
2016,district_elasticity,WA-3,WA-3,WA,-6.77950729246,-6.58,0.19950729245999987,0.19950729245999987,True,-1.5,-1.5,0.630542051,1.0,False,False,True,True
2016,district_elasticity,WA-4,WA-4,WA,-26.68,-26.68,0.0,0.0,False,-1.5,-1.5,1.0,1.0,False,False,True,True
2016,district_elasticity,WA-5,WA-5,WA,-14.923,-14.68,0.24300000000000033,0.24300000000000033,True,-1.5,-1.5,0.55,1.0,False,False,True,True
2016,district_elasticity,WA-6,WA-6,WA,12.777000000000001,13.02,0.24299999999999855,0.24299999999999855,True,1.5,1.5,0.55,1.0,True,True,False,False
2016,district_elasticity,WA-7,WA-7,WA,57.477,57.72,0.2430000000000021,0.2430000000000021,True,0.0,0.0,0.55,1.0,False,False,False,False
2016,district_elasticity,WA-8,WA-8,WA,-3.29858379949,-3.28,0.018583799489999997,0.018583799489999997,True,-1.5,-1.5,0.9655855565,1.0,False,False,True,True
2016,district_elasticity,WA-9,WA-9,WA,36.59401697653,36.82,0.22598302347000043,0.22598302347000043,True,1.5,1.5,0.5815129195,1.0,True,True,False,False
2016,district_elasticity,WI-1,WI-1,WI,-8.945,-9.080000000000002,-0.13500000000000156,0.13500000000000156,True,-1.5,-1.5,1.25,1.0,False,False,True,True
2016,district_elasticity,WI-2,WI-2,WI,35.67699999999999,35.919999999999995,0.2430000000000021,0.2430000000000021,True,1.5,1.5,0.55,1.0,True,True,False,False
2016,district_elasticity,WI-3,WI-3,WI,9.254999999999999,9.120000000000001,-0.134999999999998,0.134999999999998,True,1.5,1.5,1.25,1.0,True,True,False,False
2016,district_elasticity,WI-4,WI-4,WI,49.490593973723996,49.62,0.12940602627600128,0.12940602627600128,True,1.5,1.5,0.7603592106,1.0,True,True,False,False
2016,district_elasticity,WI-5,WI-5,WI,-28.640962066594003,-28.480000000000004,0.16096206659399925,0.16096206659399925,True,-1.5,-1.5,0.7019220989,1.0,False,False,True,True
2016,district_elasticity,WI-6,WI-6,WI,-12.422999999999998,-12.18,0.24299999999999855,0.24299999999999855,True,-1.5,-1.5,0.55,1.0,False,False,True,True
2016,district_elasticity,WI-7,WI-7,WI,-7.97658412578,-7.9799999999999995,-0.0034158742199998926,0.0034158742199998926,True,-1.5,-1.5,1.006325693,1.0,False,False,True,True
2016,district_elasticity,WI-8,WI-8,WI,-6.945,-7.08,-0.1349999999999998,0.1349999999999998,True,0.0,0.0,1.25,1.0,False,False,False,False
2016,district_elasticity,WV-1,WV-1,WV,-30.10742432326713,-29.931956521739128,0.17546780152800068,0.17546780152800068,True,-1.5,-1.5,0.6750596268,1.0,False,False,True,True
2016,district_elasticity,WV-2,WV-2,WV,-27.7005,-27.457500000000003,0.24299999999999855,0.24299999999999855,True,-1.5,-1.5,0.55,1.0,False,False,True,True
2016,district_elasticity,WV-3,WV-3,WV,-36.94500000000001,-37.080000000000005,-0.134999999999998,0.134999999999998,True,-1.5,-1.5,1.25,1.0,False,False,True,True
2016,district_elasticity,WY-AL,WY-AL,WY,-44.217323437218006,-43.980000000000004,0.2373234372180022,0.2373234372180022,True,0.0,0.0,0.5605121533,1.0,False,False,False,False
2018,incumbency,AK-AL,AK-AL,AK,-15.1865,-13.6865,1.5,1.5,True,-1.5,0.0,0.55,0.55,False,False,True,False
2018,incumbency,AL-1,AL-1,AL,-26.43,-24.93,1.5,1.5,True,-1.5,0.0,1.0,1.0,False,False,True,False
2018,incumbency,AL-2,AL-2,AL,-27.2875,-25.7875,1.5,1.5,True,-1.5,0.0,1.25,1.25,False,False,True,False
2018,incumbency,AL-3,AL-3,AL,-31.993132808048,-30.493132808048,1.5,1.5,True,-1.5,0.0,0.6789561936,0.6789561936,False,False,True,False
2018,incumbency,AL-4,AL-4,AL,-59.79778846153845,-58.29778846153845,1.5,1.5,True,-1.5,0.0,1.0,1.0,False,False,True,False
2018,incumbency,AL-5,AL-5,AL,-31.40125,-29.90125,1.5,1.5,True,-1.5,0.0,1.0,1.0,False,False,True,False
2018,incumbency,AL-6,AL-6,AL,-41.843244844560004,-40.343244844560004,1.5,1.5,True,-1.5,0.0,1.130594392,1.130594392,False,False,True,False
2018,incumbency,AL-7,AL-7,AL,47.17,45.67,-1.5,1.5,True,1.5,0.0,1.0,1.0,True,False,False,False
2018,incumbency,AR-1,AR-1,AR,-30.647211538461537,-29.147211538461537,1.5,1.5,True,-1.5,0.0,1.25,1.25,False,False,True,False
2018,incumbency,AR-2,AR-2,AR,-10.415074999999998,-8.915074999999998,1.5,1.5,True,-1.5,0.0,0.55,0.55,False,False,True,False
2018,incumbency,AR-3,AR-3,AR,-28.696494565217392,-27.196494565217392,1.5,1.5,True,-1.5,0.0,1.0,1.0,False,False,True,False
2018,incumbency,AR-4,AR-4,AR,-33.280249999999995,-31.78025,1.4999999999999964,1.4999999999999964,True,-1.5,0.0,0.55,0.55,False,False,True,False
2018,incumbency,AZ-1,AZ-1,AZ,2.9635000000000002,1.4635000000000002,-1.5,1.5,True,1.5,0.0,0.55,0.55,True,False,False,False
2018,incumbency,AZ-2,AZ-2,AZ,10.4135,10.4135,0.0,0.0,False,0.0,0.0,0.55,0.55,False,False,False,False
2018,incumbency,AZ-3,AZ-3,AZ,38.001024004579996,36.501024004579996,-1.5,1.5,True,1.5,0.0,1.208489194,1.208489194,True,False,False,False
2018,incumbency,AZ-4,AZ-4,AZ,-37.771499439252395,-36.271499439252395,1.5,1.5,True,-1.5,0.0,0.8862245245,0.8862245245,False,False,True,False
2018,incumbency,AZ-5,AZ-5,AZ,-16.446510287170003,-16.446510287170003,0.0,0.0,False,0.0,0.0,1.027928419,1.027928419,False,False,False,False
2018,incumbency,AZ-6,AZ-6,AZ,-8.73297645088709,-7.23297645088709,1.5,1.5,True,-1.5,0.0,0.6260171446,0.6260171446,False,False,True,False
2018,incumbency,AZ-7,AZ-7,AZ,55.3275,53.8275,-1.5,1.5,True,1.5,0.0,1.0,1.0,True,False,False,False
2018,incumbency,AZ-8,AZ-8,AZ,-16.450000000000003,-14.950000000000003,1.5,1.5,True,-1.5,0.0,1.0,1.0,False,False,True,False
2018,incumbency,AZ-9,AZ-9,AZ,18.663432432432433,18.663432432432433,0.0,0.0,False,0.0,0.0,0.55,0.55,False,False,False,False
2018,incumbency,CA-1,CA-1,CA,-15.27365173043,-15.27365173043,0.0,0.0,False,0.0,0.0,0.993355901,0.993355901,False,False,False,False
2018,incumbency,CA-10,CA-10,CA,5.547207538637838,7.047207538637838,1.5,1.5,True,-1.5,0.0,1.09503344,1.09503344,False,False,True,False
2018,incumbency,CA-11,CA-11,CA,54.77165409605,53.27165409605,-1.5,1.5,True,1.5,0.0,1.000251765,1.000251765,True,False,False,False
2018,incumbency,CA-12,CA-12,CA,81.685818108337,80.185818108337,-1.5,1.5,True,1.5,0.0,0.7284350241,0.7284350241,True,False,False,False
2018,incumbency,CA-13,CA-13,CA,88.47741659829545,86.97741659829545,-1.5,1.5,True,1.5,0.0,1.182324375,1.182324375,True,False,False,False
2018,incumbency,CA-14,CA-14,CA,64.291327388204,62.791327388204,-1.499999999999993,1.499999999999993,True,1.5,0.0,0.9423633772,0.9423633772,True,False,False,False
2018,incumbency,CA-15,CA-15,CA,51.7375,50.2375,-1.5,1.5,True,1.5,0.0,1.25,1.25,True,False,False,False
2018,incumbency,CA-16,CA-16,CA,29.2125,27.7125,-1.5,1.5,True,1.5,0.0,1.25,1.25,True,False,False,False
2018,incumbency,CA-17,CA-17,CA,56.119565217391305,54.619565217391305,-1.5,1.5,True,1.5,0.0,1.0,1.0,True,False,False,False
2018,incumbency,CA-18,CA-18,CA,57.28625085222443,55.78625085222443,-1.5,1.5,True,1.5,0.0,0.9614047829,0.9614047829,True,False,False,False
2018,incumbency,CA-19,CA-19,CA,57.58,56.08,-1.5,1.5,True,1.5,0.0,1.0,1.0,True,False,False,False
2018,incumbency,CA-2,CA-2,CA,48.397450000000006,46.897450000000006,-1.5,1.5,True,1.5,0.0,0.55,0.55,True,False,False,False
2018,incumbency,CA-20,CA-20,CA,53.17,51.67,-1.5,1.5,True,1.5,0.0,1.0,1.0,True,False,False,False
2018,incumbency,CA-21,CA-21,CA,14.08655,15.58655,1.5,1.5,True,-1.5,0.0,0.55,0.55,False,False,True,False
2018,incumbency,CA-22,CA-22,CA,-6.498199999999999,-4.998199999999999,1.5,1.5,True,-1.5,0.0,1.25,1.25,False,False,True,False
2018,incumbency,CA-23,CA-23,CA,-17.490579268292684,-15.990579268292684,1.5,1.5,True,-1.5,0.0,1.25,1.25,False,False,True,False
2018,incumbency,CA-24,CA-24,CA,24.451545701788426,22.951545701788426,-1.5,1.5,True,1.5,0.0,0.9146460081,0.9146460081,True,False,False,False
2018,incumbency,CA-25,CA-25,CA,11.259174999999999,12.759174999999999,1.5,1.5,True,-1.5,0.0,1.0,1.0,False,False,True,False
2018,incumbency,CA-26,CA-26,CA,28.473585328409996,26.973585328409996,-1.5,1.5,True,1.5,0.0,1.091869913,1.091869913,True,False,False,False
2018,incumbency,CA-27,CA-27,CA,45.55375,44.05375,-1.5,1.5,True,1.5,0.0,1.25,1.25,True,False,False,False
2018,incumbency,CA-28,CA-28,CA,55.85788888888889,54.35788888888889,-1.5,1.5,True,1.5,0.0,1.0,1.0,True,False,False,False
2018,incumbency,CA-29,CA-29,CA,67.29,65.79,-1.5,1.5,True,1.5,0.0,1.0,1.0,True,False,False,False
2018,incumbency,CA-3,CA-3,CA,17.991238000662,16.491238000662,-1.5,1.5,True,1.5,0.0,0.9858238966,0.9858238966,True,False,False,False
2018,incumbency,CA-30,CA-30,CA,50.1725,48.6725,-1.5,1.5,True,1.5,0.0,1.25,1.25,True,False,False,False
2018,incumbency,CA-31,CA-31,CA,25.79901515151515,24.29901515151515,-1.5,1.5,True,1.5,0.0,1.25,1.25,True,False,False,False
2018,incumbency,CA-32,CA-32,CA,44.906,43.406,-1.5,1.5,True,1.5,0.0,1.25,1.25,True,False,False,False
2018,incumbency,CA-33,CA-33,CA,48.51927499999999,47.01927499999999,-1.5,1.5,True,1.5,0.0,1.25,1.25,True,False,False,False
2018,incumbency,CA-34,CA-34,CA,78.87,77.37,-1.5,1.5,True,1.5,0.0,1.0,1.0,True,False,False,False
2018,incumbency,CA-35,CA-35,CA,47.60357142857143,46.10357142857143,-1.5,1.5,True,1.5,0.0,1.0,1.0,True,False,False,False
2018,incumbency,CA-36,CA-36,CA,11.913001159657002,10.413001159657002,-1.5,1.5,True,1.5,0.0,0.7367087001,0.7367087001,True,False,False,False
2018,incumbency,CA-37,CA-37,CA,80.559361984661,79.059361984661,-1.5,1.5,True,1.5,0.0,0.7700703173,0.7700703173,True,False,False,False
2018,incumbency,CA-38,CA-38,CA,47.2125,45.7125,-1.5,1.5,True,1.5,0.0,1.25,1.25,True,False,False,False
2018,incumbency,CA-39,CA-39,CA,14.139725,14.139725,0.0,0.0,False,0.0,0.0,1.25,1.25,False,False,False,False
2018,incumbency,CA-4,CA-4,CA,-11.642301136363637,-10.142301136363637,1.5,1.5,True,-1.5,0.0,1.0,1.0,False,False,True,False
2018,incumbency,CA-40,CA-40,CA,76.648375,75.148375,-1.5,1.5,True,1.5,0.0,1.0,1.0,True,False,False,False
2018,incumbency,CA-41,CA-41,CA,33.923408624349996,32.423408624349996,-1.5,1.5,True,1.5,0.0,1.163855955,1.163855955,True,False,False,False
2018,incumbency,CA-42,CA-42,CA,-7.792386363636363,-6.292386363636363,1.5,1.5,True,-1.5,0.0,1.25,1.25,False,False,True,False
2018,incumbency,CA-43,CA-43,CA,67.82160714285715,66.32160714285715,-1.5,1.5,True,1.5,0.0,1.25,1.25,True,False,False,False
2018,incumbency,CA-44,CA-44,CA,77.27215909090911,75.77215909090911,-1.5,1.5,True,1.5,0.0,1.0,1.0,True,False,False,False
2018,incumbency,CA-45,CA-45,CA,11.03625,12.53625,1.5,1.5,True,-1.5,0.0,1.25,1.25,False,False,True,False
2018,incumbency,CA-46,CA-46,CA,47.135682013440864,45.635682013440864,-1.5,1.5,True,1.5,0.0,1.047585774,1.047585774,True,False,False,False
2018,incumbency,CA-47,CA-47,CA,37.041755334145,35.541755334145,-1.5,1.5,True,1.5,0.0,0.9355791985,0.9355791985,True,False,False,False
2018,incumbency,CA-48,CA-48,CA,5.52307588811,7.02307588811,1.5,1.5,True,-1.5,0.0,1.129844123,1.129844123,False,False,True,False
2018,incumbency,CA-49,CA-49,CA,12.531017576033479,12.531017576033479,0.0,0.0,False,0.0,0.0,1.208728107,1.208728107,False,False,False,False
2018,incumbency,CA-5,CA-5,CA,50.86678571428571,49.36678571428571,-1.5,1.5,True,1.5,0.0,1.0,1.0,True,False,False,False
2018,incumbency,CA-50,CA-50,CA,-11.364525,-9.864525,1.5,1.5,True,-1.5,0.0,1.25,1.25,False,False,True,False
2018,incumbency,CA-51,CA-51,CA,54.24569868368982,52.74569868368982,-1.5,1.5,True,1.5,0.0,0.9851623844,0.9851623844,True,False,False,False
2018,incumbency,CA-52,CA-52,CA,26.860636566582,25.360636566582,-1.5,1.5,True,1.5,0.0,0.6835253526,0.6835253526,True,False,False,False
2018,incumbency,CA-53,CA-53,CA,42.1028128675,40.6028128675,-1.5,1.5,True,1.5,0.0,1.18764275,1.18764275,True,False,False,False
2018,incumbency,CA-6,CA-6,CA,49.77093385020436,48.27093385020436,-1.5,1.5,True,1.5,0.0,0.8861944424,0.8861944424,True,False,False,False
2018,incumbency,CA-7,CA-7,CA,15.642451912011335,14.142451912011335,-1.5,1.5,True,1.5,0.0,0.6645157654,0.6645157654,True,False,False,False
2018,incumbency,CA-8,CA-8,CA,-10.464378787878786,-8.964378787878786,1.5,1.5,True,-1.5,0.0,1.25,1.25,False,False,True,False
2018,incumbency,CA-9,CA-9,CA,25.79439375254478,24.29439375254478,-1.5,1.5,True,1.5,0.0,1.093250323,1.093250323,True,False,False,False
2018,incumbency,CO-1,CO-1,CO,50.652270203087,49.152270203087,-1.5,1.5,True,1.5,0.0,0.8298736991,0.8298736991,True,False,False,False
2018,incumbency,CO-2,CO-2,CO,24.76236005936361,24.76236005936361,0.0,0.0,False,0.0,0.0,0.9331399733,0.9331399733,False,False,False,False
2018,incumbency,CO-3,CO-3,CO,-5.73375,-4.23375,1.5,1.5,True,-1.5,0.0,1.25,1.25,False,False,True,False
2018,incumbency,CO-4,CO-4,CO,-16.32603658536586,-14.826036585365859,1.5,1.5,True,-1.5,0.0,1.25,1.25,False,False,True,False
2018,incumbency,CO-5,CO-5,CO,-24.669,-23.169,1.5,1.5,True,-1.5,0.0,0.55,0.55,False,False,True,False
2018,incumbency,CO-6,CO-6,CO,10.728252347243783,12.228252347243783,1.5,1.5,True,-1.5,0.0,0.9009152537,0.9009152537,False,False,True,False
2018,incumbency,CO-7,CO-7,CO,16.580113485075362,15.080113485075364,-1.4999999999999982,1.4999999999999982,True,1.5,0.0,0.8227134127,0.8227134127,True,False,False,False
2018,incumbency,CT-1,CT-1,CT,30.7125,29.2125,-1.5,1.5,True,1.5,0.0,1.25,1.25,True,False,False,False
2018,incumbency,CT-2,CT-2,CT,10.435486873910001,8.935486873910001,-1.5,1.5,True,1.5,0.0,1.238278063,1.238278063,True,False,False,False
2018,incumbency,CT-3,CT-3,CT,23.1125,21.6125,-1.5,1.5,True,1.5,0.0,1.25,1.25,True,False,False,False
2018,incumbency,CT-4,CT-4,CT,30.612499999999997,29.112499999999997,-1.5,1.5,True,1.5,0.0,1.25,1.25,True,False,False,False
2018,incumbency,CT-5,CT-5,CT,5.6135,5.6135,0.0,0.0,False,0.0,0.0,0.55,0.55,False,False,False,False
2018,incumbency,DE-AL,DE-AL,DE,15.727717418068,14.227717418068,-1.5,1.5,True,1.5,0.0,0.7348123924,0.7348123924,True,False,False,False
2018,incumbency,FL-1,FL-1,FL,-35.49393476169,-33.99393476169,1.5,1.5,True,-1.5,0.0,1.127254983,1.127254983,False,False,True,False
2018,incumbency,FL-10,FL-10,FL,34.512499999999996,33.012499999999996,-1.5,1.5,True,1.5,0.0,1.25,1.25,True,False,False,False
2018,incumbency,FL-11,FL-11,FL,-31.375248188894,-29.875248188894,1.5,1.5,True,-1.5,0.0,0.6886989058,0.6886989058,False,False,True,False
2018,incumbency,FL-12,FL-12,FL,-15.630000000000003,-14.130000000000003,1.5,1.5,True,-1.5,0.0,1.0,1.0,False,False,True,False
2018,incumbency,FL-13,FL-13,FL,9.17,7.67,-1.5,1.5,True,1.5,0.0,1.0,1.0,True,False,False,False
2018,incumbency,FL-14,FL-14,FL,24.169999999999998,22.669999999999998,-1.5,1.5,True,1.5,0.0,1.0,1.0,True,False,False,False
2018,incumbency,FL-15,FL-15,FL,-3.8874999999999993,-3.8874999999999993,0.0,0.0,False,0.0,0.0,1.25,1.25,False,False,False,False
2018,incumbency,FL-16,FL-16,FL,-6.087499999999999,-4.587499999999999,1.5,1.5,True,-1.5,0.0,1.25,1.25,False,False,True,False
2018,incumbency,FL-17,FL-17,FL,-23.089084530629002,-23.089084530629002,0.0,0.0,False,0.0,0.0,0.9453448203,0.9453448203,False,False,False,False
2018,incumbency,FL-18,FL-18,FL,-9.186499999999999,-7.686499999999999,1.5,1.5,True,-1.5,0.0,0.55,0.55,False,False,True,False
2018,incumbency,FL-19,FL-19,FL,-20.176916088659002,-18.676916088659002,1.5,1.5,True,-1.5,0.0,0.8406520413,0.8406520413,False,False,True,False
2018,incumbency,FL-2,FL-2,FL,-35.5865,-34.0865,1.5,1.5,True,-1.5,0.0,0.55,0.55,False,False,True,False
2018,incumbency,FL-20,FL-20,FL,65.1135,63.6135,-1.5,1.5,True,1.5,0.0,0.55,0.55,True,False,False,False
2018,incumbency,FL-21,FL-21,FL,25.47,23.97,-1.5,1.5,True,1.5,0.0,1.0,1.0,True,False,False,False
2018,incumbency,FL-22,FL-22,FL,18.8135,17.3135,-1.5,1.5,True,1.5,0.0,0.55,0.55,True,False,False,False
2018,incumbency,FL-23,FL-23,FL,29.113500000000002,27.613500000000002,-1.5,1.5,True,1.5,0.0,0.55,0.55,True,False,False,False
2018,incumbency,FL-24,FL-24,FL,73.47,71.97,-1.5,1.5,True,1.5,0.0,1.0,1.0,True,False,False,False
2018,incumbency,FL-25,FL-25,FL,1.17,2.67,1.5,1.5,True,-1.5,0.0,1.0,1.0,False,False,True,False
2018,incumbency,FL-26,FL-26,FL,19.44242663437,20.94242663437,1.5,1.5,True,-1.5,0.0,1.026244541,1.026244541,False,False,True,False
2018,incumbency,FL-27,FL-27,FL,24.07,24.07,0.0,0.0,False,0.0,0.0,1.0,1.0,False,False,False,False
2018,incumbency,FL-3,FL-3,FL,-13.612944984874002,-12.112944984874002,1.5,1.5,True,-1.5,0.0,0.9112716918,0.9112716918,False,False,True,False
2018,incumbency,FL-4,FL-4,FL,-25.03,-23.53,1.5,1.5,True,-1.5,0.0,1.0,1.0,False,False,True,False
2018,incumbency,FL-5,FL-5,FL,33.012499999999996,31.512499999999996,-1.5,1.5,True,1.5,0.0,1.25,1.25,True,False,False,False
2018,incumbency,FL-6,FL-6,FL,-10.887500000000001,-10.887500000000001,0.0,0.0,False,0.0,0.0,1.25,1.25,False,False,False,False
2018,incumbency,FL-7,FL-7,FL,14.9125,13.4125,-1.5,1.5,True,1.5,0.0,1.25,1.25,True,False,False,False
2018,incumbency,FL-8,FL-8,FL,-17.63928758295,-16.13928758295,1.5,1.5,True,-1.5,0.0,1.013807065,1.013807065,False,False,True,False
2018,incumbency,FL-9,FL-9,FL,20.512500000000003,19.012500000000003,-1.5,1.5,True,1.5,0.0,1.25,1.25,True,False,False,False
2018,incumbency,GA-1,GA-1,GA,-15.486500000000001,-13.986500000000001,1.5,1.5,True,-1.5,0.0,0.55,0.55,False,False,True,False
2018,incumbency,GA-10,GA-10,GA,-22.53,-21.03,1.5,1.5,True,-1.5,0.0,1.0,1.0,False,False,True,False
2018,incumbency,GA-11,GA-11,GA,-22.03,-20.53,1.5,1.5,True,-1.5,0.0,1.0,1.0,False,False,True,False
2018,incumbency,GA-12,GA-12,GA,-12.95063381262,-11.45063381262,1.5,1.5,True,-1.5,0.0,1.091745234,1.091745234,False,False,True,False
2018,incumbency,GA-13,GA-13,GA,50.754999999999995,49.254999999999995,-1.5,1.5,True,1.5,0.0,1.0,1.0,True,False,False,False
2018,incumbency,GA-14,GA-14,GA,-45.43,-45.43,0.0,0.0,False,0.0,0.0,1.0,1.0,False,False,False,False
2018,incumbency,GA-2,GA-2,GA,19.22265353616,17.72265353616,-1.5,1.5,True,1.5,0.0,1.109669488,1.109669488,True,False,False,False
2018,incumbency,GA-3,GA-3,GA,-28.32,-26.82,1.5,1.5,True,-1.5,0.0,1.0,1.0,False,False,True,False
2018,incumbency,GA-4,GA-4,GA,58.99928571428571,57.49928571428571,-1.5,1.5,True,1.5,0.0,1.0,1.0,True,False,False,False
2018,incumbency,GA-5,GA-5,GA,78.88368902439024,77.38368902439024,-1.5,1.5,True,1.5,0.0,1.0,1.0,True,False,False,False
2018,incumbency,GA-6,GA-6,GA,0.5369650120652605,2.0369650120652607,1.5000000000000002,1.5000000000000002,True,-1.5,0.0,0.8742278491,0.8742278491,False,False,True,False
2018,incumbency,GA-7,GA-7,GA,-3.112603959433903,-1.6126039594339028,1.5000000000000002,1.5000000000000002,True,-1.5,0.0,1.098770233,1.098770233,False,False,True,False
2018,incumbency,GA-8,GA-8,GA,-26.066022727272728,-24.566022727272728,1.5,1.5,True,-1.5,0.0,1.0,1.0,False,False,True,False
2018,incumbency,GA-9,GA-9,GA,-54.689316817828534,-53.189316817828534,1.5,1.5,True,-1.5,0.0,1.090342319,1.090342319,False,False,True,False
2018,incumbency,HI-1,HI-1,HI,38.7125,38.7125,0.0,0.0,False,0.0,0.0,1.25,1.25,False,False,False,False
2018,incumbency,HI-2,HI-2,HI,34.8135,33.3135,-1.5,1.5,True,1.5,0.0,0.55,0.55,True,False,False,False
2018,incumbency,IA-1,IA-1,IA,2.8812500000000005,4.3812500000000005,1.5,1.5,True,-1.5,0.0,1.25,1.25,False,False,True,False
2018,incumbency,IA-2,IA-2,IA,1.90664966752,0.40664966752,-1.5,1.5,True,1.5,0.0,1.005578336,1.005578336,True,False,False,False
2018,incumbency,IA-3,IA-3,IA,-2.5582045454545446,-1.0582045454545446,1.5,1.5,True,-1.5,0.0,0.55,0.55,False,False,True,False
2018,incumbency,IA-4,IA-4,IA,-22.7875,-21.2875,1.5,1.5,True,-1.5,0.0,1.25,1.25,False,False,True,False
2018,incumbency,ID-1,ID-1,ID,-36.78719169960474,-36.78719169960474,0.0,0.0,False,0.0,0.0,0.55,0.55,False,False,False,False
2018,incumbency,ID-2,ID-2,ID,-24.54685,-23.04685,1.5,1.5,True,-1.5,0.0,0.55,0.55,False,False,True,False
2018,incumbency,IL-1,IL-1,IL,56.30090696624818,54.80090696624818,-1.5,1.5,True,1.5,0.0,0.613826299,0.613826299,True,False,False,False
2018,incumbency,IL-10,IL-10,IL,33.62987575961699,32.12987575961699,-1.5,1.5,True,1.5,0.0,0.8955975281,0.8955975281,True,False,False,False
2018,incumbency,IL-11,IL-11,IL,30.484599999999997,28.984599999999997,-1.5,1.5,True,1.5,0.0,1.25,1.25,True,False,False,False
2018,incumbency,IL-12,IL-12,IL,-10.430050000000001,-8.930050000000001,1.5,1.5,True,-1.5,0.0,1.25,1.25,False,False,True,False
2018,incumbency,IL-13,IL-13,IL,0.2062500000000007,1.7062500000000007,1.5,1.5,True,-1.5,0.0,1.25,1.25,False,False,True,False
2018,incumbency,IL-14,IL-14,IL,1.2801086956521743,2.7801086956521743,1.5,1.5,True,-1.5,0.0,1.25,1.25,False,False,True,False
2018,incumbency,IL-15,IL-15,IL,-41.20125000000001,-39.70125000000001,1.5,1.5,True,-1.5,0.0,1.25,1.25,False,False,True,False
2018,incumbency,IL-16,IL-16,IL,-14.768060344827587,-13.268060344827587,1.5,1.5,True,-1.5,0.0,1.25,1.25,False,False,True,False
2018,incumbency,IL-17,IL-17,IL,2.405772727272728,0.905772727272728,-1.5,1.5,True,1.5,0.0,0.55,0.55,True,False,False,False
2018,incumbency,IL-18,IL-18,IL,-26.475855793977004,-24.975855793977004,1.5,1.5,True,-1.5,0.0,0.6733857239,0.6733857239,False,False,True,False
2018,incumbency,IL-2,IL-2,IL,61.9135,60.4135,-1.5,1.5,True,1.5,0.0,0.55,0.55,True,False,False,False
2018,incumbency,IL-3,IL-3,IL,21.147612810976366,19.647612810976366,-1.5,1.5,True,1.5,0.0,1.012972062,1.012972062,True,False,False,False
2018,incumbency,IL-4,IL-4,IL,76.23417572843,76.23417572843,0.0,0.0,False,0.0,0.0,1.140285499,1.140285499,False,False,False,False
2018,incumbency,IL-5,IL-5,IL,51.42261417205667,49.92261417205667,-1.5,1.5,True,1.5,0.0,0.934710427,0.934710427,True,False,False,False
2018,incumbency,IL-6,IL-6,IL,10.838695652173914,12.338695652173914,1.5,1.5,True,-1.5,0.0,1.25,1.25,False,False,True,False
2018,incumbency,IL-7,IL-7,IL,82.592081392856,81.092081392856,-1.5,1.5,True,1.5,0.0,0.8237566808,0.8237566808,True,False,False,False
2018,incumbency,IL-8,IL-8,IL,24.7135,23.2135,-1.5,1.5,True,1.5,0.0,0.55,0.55,True,False,False,False
2018,incumbency,IL-9,IL-9,IL,46.087250000000004,44.587250000000004,-1.5,1.5,True,1.5,0.0,0.55,0.55,True,False,False,False
2018,incumbency,IN-1,IN-1,IN,19.903040119125368,18.403040119125368,-1.5,1.5,True,1.5,0.0,1.071633422,1.071633422,True,False,False,False
2018,incumbency,IN-2,IN-2,IN,-17.46534090909091,-17.46534090909091,0.0,0.0,False,0.0,0.0,1.25,1.25,False,False,False,False
2018,incumbency,IN-3,IN-3,IN,-34.699622737348996,-33.199622737348996,1.5,1.5,True,-1.5,0.0,0.7283679243,0.7283679243,False,False,True,False
2018,incumbency,IN-4,IN-4,IN,-31.86823709528274,-31.86823709528274,0.0,0.0,False,0.0,0.0,0.6995395527,0.6995395527,False,False,False,False
2018,incumbency,IN-5,IN-5,IN,-7.137560975609756,-5.637560975609756,1.5,1.5,True,-1.5,0.0,1.25,1.25,False,False,True,False
2018,incumbency,IN-6,IN-6,IN,-35.066635180329996,-35.066635180329996,0.0,0.0,False,0.0,0.0,1.064248831,1.064248831,False,False,False,False
2018,incumbency,IN-7,IN-7,IN,29.608125,28.108125,-1.5,1.5,True,1.5,0.0,1.25,1.25,True,False,False,False
2018,incumbency,IN-8,IN-8,IN,-31.028339702800004,-29.528339702800004,1.5,1.5,True,-1.5,0.0,1.11440796,1.11440796,False,False,True,False
2018,incumbency,IN-9,IN-9,IN,-22.06159090909091,-20.56159090909091,1.5,1.5,True,-1.5,0.0,1.25,1.25,False,False,True,False
2018,incumbency,KS-1,KS-1,KS,-42.03,-40.53,1.5,1.5,True,-1.5,0.0,1.0,1.0,False,False,True,False
2018,incumbency,KS-2,KS-2,KS,-16.886499999999998,-16.886499999999998,0.0,0.0,False,0.0,0.0,0.55,0.55,False,False,False,False
2018,incumbency,KS-3,KS-3,KS,5.8125,7.3125,1.5,1.5,True,-1.5,0.0,1.25,1.25,False,False,True,False
2018,incumbency,KS-4,KS-4,KS,-27.1865,-25.6865,1.5,1.5,True,-1.5,0.0,0.55,0.55,False,False,True,False
2018,incumbency,KY-1,KY-1,KY,-45.995704841365146,-44.495704841365146,1.5,1.5,True,-1.5,0.0,0.8996807156,0.8996807156,False,False,True,False
2018,incumbency,KY-2,KY-2,KY,-38.838963756415595,-37.338963756415595,1.5,1.5,True,-1.5,0.0,0.7815301773,0.7815301773,False,False,True,False
2018,incumbency,KY-3,KY-3,KY,18.883727272727274,17.383727272727274,-1.5,1.5,True,1.5,0.0,0.55,0.55,True,False,False,False
2018,incumbency,KY-4,KY-4,KY,-34.751367959606,-33.251367959606,1.5,1.5,True,-1.5,0.0,0.7227750442,0.7227750442,False,False,True,False
2018,incumbency,KY-5,KY-5,KY,-62.18080555555556,-60.68080555555556,1.5,1.5,True,-1.5,0.0,0.55,0.55,False,False,True,False
2018,incumbency,KY-6,KY-6,KY,-10.687500000000002,-9.187500000000002,1.5,1.5,True,-1.5,0.0,1.25,1.25,False,False,True,False
2018,incumbency,LA-1,LA-1,LA,-37.3875,-35.8875,1.5,1.5,True,-1.5,0.0,1.25,1.25,False,False,True,False
2018,incumbency,LA-2,LA-2,LA,58.37,56.87,-1.5,1.5,True,1.5,0.0,1.0,1.0,True,False,False,False
2018,incumbency,LA-3,LA-3,LA,-35.13,-33.63,1.5,1.5,True,-1.5,0.0,1.0,1.0,False,False,True,False
2018,incumbency,LA-4,LA-4,LA,-21.03,-19.53,1.5,1.5,True,-1.5,0.0,1.0,1.0,False,False,True,False
2018,incumbency,LA-5,LA-5,LA,-26.43,-24.93,1.5,1.5,True,-1.5,0.0,1.0,1.0,False,False,True,False
2018,incumbency,LA-6,LA-6,LA,-33.7865,-32.2865,1.5,1.5,True,-1.5,0.0,0.55,0.55,False,False,True,False
2018,incumbency,MA-1,MA-1,MA,26.669999999999998,25.169999999999998,-1.5,1.5,True,1.5,0.0,1.0,1.0,True,False,False,False
2018,incumbency,MA-2,MA-2,MA,25.369999999999997,23.869999999999997,-1.5,1.5,True,1.5,0.0,1.0,1.0,True,False,False,False
2018,incumbency,MA-3,MA-3,MA,27.97106690844,27.97106690844,0.0,0.0,False,0.0,0.0,1.106707292,1.106707292,False,False,False,False
2018,incumbency,MA-4,MA-4,MA,30.169999999999998,28.669999999999998,-1.5,1.5,True,1.5,0.0,1.0,1.0,True,False,False,False
2018,incumbency,MA-5,MA-5,MA,49.57,48.07,-1.5,1.5,True,1.5,0.0,1.0,1.0,True,False,False,False
2018,incumbency,MA-6,MA-6,MA,20.9135,19.4135,-1.5,1.5,True,1.5,0.0,0.55,0.55,True,False,False,False
2018,incumbency,MA-7,MA-7,MA,76.67000000000002,76.67000000000002,0.0,0.0,False,0.0,0.0,1.0,1.0,False,False,False,False
2018,incumbency,MA-8,MA-8,MA,31.97,30.47,-1.5,1.5,True,1.5,0.0,1.0,1.0,True,False,False,False
2018,incumbency,MA-9,MA-9,MA,18.3125,16.8125,-1.5,1.5,True,1.5,0.0,1.25,1.25,True,False,False,False
2018,incumbency,MD-1,MD-1,MD,-28.06463568196643,-26.56463568196643,1.5,1.5,True,-1.5,0.0,0.5816492765,0.5816492765,False,False,True,False
2018,incumbency,MD-2,MD-2,MD,30.67897626117,29.17897626117,-1.5,1.5,True,1.5,0.0,1.121609781,1.121609781,True,False,False,False
2018,incumbency,MD-3,MD-3,MD,37.771249999999995,36.271249999999995,-1.5,1.5,True,1.5,0.0,1.25,1.25,True,False,False,False
2018,incumbency,MD-4,MD-4,MD,64.96967171717172,63.469671717171714,-1.500000000000007,1.500000000000007,True,1.5,0.0,1.25,1.25,True,False,False,False
2018,incumbency,MD-5,MD-5,MD,38.824999999999996,37.324999999999996,-1.5,1.5,True,1.5,0.0,1.25,1.25,True,False,False,False
2018,incumbency,MD-6,MD-6,MD,21.4225,21.4225,0.0,0.0,False,0.0,0.0,1.25,1.25,False,False,False,False
2018,incumbency,MD-7,MD-7,MD,63.978522727272725,62.478522727272725,-1.5,1.5,True,1.5,0.0,1.25,1.25,True,False,False,False
2018,incumbency,MD-8,MD-8,MD,39.698142267339996,38.198142267339996,-1.5,1.5,True,1.5,0.0,1.191498062,1.191498062,True,False,False,False
2018,incumbency,ME-1,ME-1,ME,17.6441,16.1441,-1.5,1.5,True,1.5,0.0,0.55,0.55,True,False,False,False
2018,incumbency,ME-2,ME-2,ME,-5.6875,-4.1875,1.5,1.5,True,-1.5,0.0,1.25,1.25,False,False,True,False
2018,incumbency,MI-1,MI-1,MI,-20.765483010591,-19.265483010591,1.5,1.5,True,-1.5,0.0,0.6293024337,0.6293024337,False,False,True,False
2018,incumbency,MI-10,MI-10,MI,-31.173425815120005,-29.673425815120005,1.5,1.5,True,-1.5,0.0,0.704196984,0.704196984,False,False,True,False
2018,incumbency,MI-11,MI-11,MI,0.49247278611999956,0.49247278611999956,0.0,0.0,False,0.0,0.0,1.064303316,1.064303316,False,False,False,False
2018,incumbency,MI-12,MI-12,MI,31.219474386191,29.719474386191,-1.5,1.5,True,1.5,0.0,0.8401026463,0.8401026463,True,False,False,False
2018,incumbency,MI-13,MI-13,MI,63.927956339659005,63.927956339659005,0.0,0.0,False,0.0,0.0,0.8109522587,0.8109522587,False,False,False,False
2018,incumbency,MI-14,MI-14,MI,66.91385470400999,65.41385470400999,-1.5,1.5,True,1.5,0.0,1.006674993,1.006674993,True,False,False,False
2018,incumbency,MI-2,MI-2,MI,-16.927609307738003,-15.427609307738003,1.5,1.5,True,-1.5,0.0,0.6502877766,0.6502877766,False,False,True,False
2018,incumbency,MI-3,MI-3,MI,-6.36019799422,-4.86019799422,1.5,1.5,True,-1.5,0.0,1.010624354,1.010624354,False,False,True,False
2018,incumbency,MI-4,MI-4,MI,-24.7865,-23.2865,1.5,1.5,True,-1.5,0.0,0.55,0.55,False,False,True,False
2018,incumbency,MI-5,MI-5,MI,7.213500000000001,5.713500000000001,-1.5,1.5,True,1.5,0.0,0.55,0.55,True,False,False,False
2018,incumbency,MI-6,MI-6,MI,-8.3865,-6.8865,1.5,1.5,True,-1.5,0.0,0.55,0.55,False,False,True,False
2018,incumbency,MI-7,MI-7,MI,-16.9865,-15.486500000000001,1.4999999999999982,1.4999999999999982,True,-1.5,0.0,0.55,0.55,False,False,True,False
2018,incumbency,MI-8,MI-8,MI,-6.6865000000000006,-5.1865000000000006,1.5,1.5,True,-1.5,0.0,0.55,0.55,False,False,True,False
2018,incumbency,MI-9,MI-9,MI,9.686420176682999,9.686420176682999,0.0,0.0,False,0.0,0.0,0.6067610619,0.6067610619,False,False,False,False
2018,incumbency,MN-1,MN-1,MN,-12.649941113228,-12.649941113228,0.0,0.0,False,0.0,0.0,0.6621094196,0.6621094196,False,False,False,False
2018,incumbency,MN-2,MN-2,MN,3.4125000000000005,4.9125000000000005,1.5,1.5,True,-1.5,0.0,1.25,1.25,False,False,True,False
2018,incumbency,MN-3,MN-3,MN,13.724989520440001,15.224989520440001,1.5,1.5,True,-1.5,0.0,1.206238892,1.206238892,False,False,True,False
2018,incumbency,MN-4,MN-4,MN,33.9135,32.4135,-1.5,1.5,True,1.5,0.0,0.55,0.55,True,False,False,False
2018,incumbency,MN-5,MN-5,MN,56.7135,56.7135,0.0,0.0,False,0.0,0.0,0.55,0.55,False,False,False,False
2018,incumbency,MN-6,MN-6,MN,-21.6256974494,-20.1256974494,1.5,1.5,True,-1.5,0.0,1.16808258,1.16808258,False,False,True,False
2018,incumbency,MN-7,MN-7,MN,-23.1875,-24.6875,-1.5,1.5,True,1.5,0.0,1.25,1.25,True,False,False,False
2018,incumbency,MN-8,MN-8,MN,-11.921020978641,-11.921020978641,0.0,0.0,False,0.0,0.0,0.8796010687,0.8796010687,False,False,False,False
2018,incumbency,MO-1,MO-1,MO,64.5948860391,63.094886039100004,-1.5,1.5,True,1.5,0.0,1.06467063,1.06467063,True,False,False,False
2018,incumbency,MO-2,MO-2,MO,-5.6875,-4.1875,1.5,1.5,True,-1.5,0.0,1.25,1.25,False,False,True,False
2018,incumbency,MO-3,MO-3,MO,-34.97870834193,-33.47870834193,1.5,1.5,True,-1.5,0.0,1.160013951,1.160013951,False,False,True,False
2018,incumbency,MO-4,MO-4,MO,-31.387500000000003,-29.887500000000003,1.5,1.5,True,-1.5,0.0,1.25,1.25,False,False,True,False
2018,incumbency,MO-5,MO-5,MO,21.1125,19.6125,-1.5,1.5,True,1.5,0.0,1.25,1.25,True,False,False,False
2018,incumbency,MO-6,MO-6,MO,-30.262855818131,-28.762855818131,1.5,1.5,True,-1.5,0.0,0.7210265117,0.7210265117,False,False,True,False
2018,incumbency,MO-7,MO-7,MO,-45.6865,-44.1865,1.5,1.5,True,-1.5,0.0,0.55,0.55,False,False,True,False
2018,incumbency,MO-8,MO-8,MO,-54.3865,-52.8865,1.5,1.5,True,-1.5,0.0,0.55,0.55,False,False,True,False
2018,incumbency,MS-1,MS-1,MS,-28.553035714285716,-27.053035714285716,1.5,1.5,True,-1.5,0.0,1.25,1.25,False,False,True,False
2018,incumbency,MS-2,MS-2,MS,35.45715909090909,33.95715909090909,-1.5,1.5,True,1.5,0.0,1.0,1.0,True,False,False,False
2018,incumbency,MS-3,MS-3,MS,-19.084134615384617,-19.084134615384617,0.0,0.0,False,0.0,0.0,1.25,1.25,False,False,False,False
2018,incumbency,MS-4,MS-4,MS,-37.03056818181819,-35.53056818181819,1.5,1.5,True,-1.5,0.0,1.25,1.25,False,False,True,False
2018,incumbency,MT-AL,MT-AL,MT,-19.393315136072,-17.893315136072,1.5,1.5,True,-1.5,0.0,0.7316110904,0.7316110904,False,False,True,False
2018,incumbency,NC-1,NC-1,NC,42.63324350041682,41.13324350041682,-1.5,1.5,True,1.5,0.0,0.7032057355,0.7032057355,True,False,False,False
2018,incumbency,NC-10,NC-10,NC,-22.31999285638073,-20.81999285638073,1.5,1.5,True,-1.5,0.0,0.8291141356,0.8291141356,False,False,True,False
2018,incumbency,NC-11,NC-11,NC,-25.43741449737818,-23.93741449737818,1.5,1.5,True,-1.5,0.0,1.040244092,1.040244092,False,False,True,False
2018,incumbency,NC-12,NC-12,NC,42.5285,41.0285,-1.5,1.5,True,1.5,0.0,0.55,0.55,True,False,False,False
2018,incumbency,NC-13,NC-13,NC,-8.149829927887001,-6.649829927887,1.5000000000000018,1.5000000000000018,True,-1.5,0.0,0.5983896609,0.5983896609,False,False,True,False
2018,incumbency,NC-2,NC-2,NC,-8.316539407947072,-6.816539407947072,1.5,1.5,True,-1.5,0.0,0.743979041,0.743979041,False,False,True,False
2018,incumbency,NC-3,NC-3,NC,-20.48634187116,-18.98634187116,1.5,1.5,True,-1.5,0.0,1.043365012,1.043365012,False,False,True,False
2018,incumbency,NC-4,NC-4,NC,43.27679545454546,41.77679545454546,-1.5,1.5,True,1.5,0.0,0.55,0.55,True,False,False,False
2018,incumbency,NC-5,NC-5,NC,-11.996871394630002,-10.496871394630002,1.5,1.5,True,-1.5,0.0,1.006244841,1.006244841,False,False,True,False
2018,incumbency,NC-6,NC-6,NC,-14.6865,-13.1865,1.5,1.5,True,-1.5,0.0,0.55,0.55,False,False,True,False
2018,incumbency,NC-7,NC-7,NC,-13.0875,-11.5875,1.5,1.5,True,-1.5,0.0,1.25,1.25,False,False,True,False
2018,incumbency,NC-8,NC-8,NC,-9.500250000000001,-8.000250000000001,1.5,1.5,True,-1.5,0.0,1.25,1.25,False,False,True,False
2018,incumbency,NC-9,NC-9,NC,-3.129999999999999,-3.129999999999999,0.0,0.0,False,0.0,0.0,1.0,1.0,False,False,False,False
2018,incumbency,ND-AL,ND-AL,ND,-32.77,-32.77,0.0,0.0,False,0.0,0.0,1.0,1.0,False,False,False,False
2018,incumbency,NE-1,NE-1,NE,-21.553772727272726,-20.053772727272726,1.5,1.5,True,-1.5,0.0,0.55,0.55,False,False,True,False
2018,incumbency,NE-2,NE-2,NE,-2.1865,-0.6865000000000001,1.5,1.5,True,-1.5,0.0,0.55,0.55,False,False,True,False
2018,incumbency,NE-3,NE-3,NE,-55.274885082131746,-53.774885082131746,1.5,1.5,True,-1.5,0.0,0.6449217952,0.6449217952,False,False,True,False
2018,incumbency,NH-1,NH-1,NH,3.1154407065800003,3.1154407065800003,0.0,0.0,False,0.0,0.0,1.037357794,1.037357794,False,False,False,False
2018,incumbency,NH-2,NH-2,NH,5.413500000000001,3.9135000000000004,-1.5000000000000004,1.5000000000000004,True,1.5,0.0,0.55,0.55,True,False,False,False
2018,incumbency,NJ-1,NJ-1,NJ,31.680949999999996,30.180949999999996,-1.5,1.5,True,1.5,0.0,1.25,1.25,True,False,False,False
2018,incumbency,NJ-10,NJ-10,NJ,75.58114317497602,74.08114317497602,-1.5,1.5,True,1.5,0.0,0.7566427968,0.7566427968,True,False,False,False
2018,incumbency,NJ-11,NJ-11,NJ,3.3106728389280002,3.3106728389280002,0.0,0.0,False,0.0,0.0,0.9605285904,0.9605285904,False,False,False,False
2018,incumbency,NJ-12,NJ-12,NJ,40.8125,39.3125,-1.5,1.5,True,1.5,0.0,1.25,1.25,True,False,False,False
2018,incumbency,NJ-2,NJ-2,NJ,-1.3485639477228046,-1.3485639477228046,0.0,0.0,False,0.0,0.0,0.9059337645,0.9059337645,False,False,False,False
2018,incumbency,NJ-3,NJ-3,NJ,-5.819000000000001,-4.319000000000001,1.5,1.5,True,-1.5,0.0,0.55,0.55,False,False,True,False
2018,incumbency,NJ-4,NJ-4,NJ,-12.364034019640002,-10.864034019640002,1.5,1.5,True,-1.5,0.0,1.112734548,1.112734548,False,False,True,False
2018,incumbency,NJ-5,NJ-5,NJ,5.367478420946286,3.867478420946286,-1.5,1.5,True,1.5,0.0,0.8868742976,0.8868742976,True,False,False,False
2018,incumbency,NJ-6,NJ-6,NJ,23.00930297217,21.50930297217,-1.5,1.5,True,1.5,0.0,1.096492081,1.096492081,True,False,False,False
2018,incumbency,NJ-7,NJ-7,NJ,2.9246398697145617,4.424639869714562,1.5,1.5,True,-1.5,0.0,0.9096697281,0.9096697281,False,False,True,False
2018,incumbency,NJ-8,NJ-8,NJ,57.37975,55.87975,-1.5,1.5,True,1.5,0.0,0.55,0.55,True,False,False,False
2018,incumbency,NJ-9,NJ-9,NJ,38.9045527362,37.4045527362,-1.5,1.5,True,1.5,0.0,1.16812066,1.16812066,True,False,False,False
2018,incumbency,NM-1,NM-1,NM,19.63339731965609,19.63339731965609,0.0,0.0,False,0.0,0.0,0.8767105371,0.8767105371,False,False,False,False
2018,incumbency,NM-2,NM-2,NM,-4.586166252149998,-4.586166252149998,0.0,0.0,False,0.0,0.0,1.174099505,1.174099505,False,False,False,False
2018,incumbency,NM-3,NM-3,NM,20.17384823412488,18.67384823412488,-1.5,1.5,True,1.5,0.0,0.703587176,0.703587176,True,False,False,False
2018,incumbency,NV-1,NV-1,NV,37.173199999999994,35.673199999999994,-1.5,1.5,True,1.5,0.0,1.25,1.25,True,False,False,False
2018,incumbency,NV-2,NV-2,NV,-7.6875,-6.1875,1.5,1.5,True,-1.5,0.0,1.25,1.25,False,False,True,False
2018,incumbency,NV-3,NV-3,NV,5.6483423913043485,5.6483423913043485,0.0,0.0,False,0.0,0.0,1.25,1.25,False,False,False,False
2018,incumbency,NV-4,NV-4,NV,11.495053191489363,11.495053191489363,0.0,0.0,False,0.0,0.0,1.25,1.25,False,False,False,False
2018,incumbency,NY-1,NY-1,NY,-7.300113636363636,-5.800113636363636,1.5,1.5,True,-1.5,0.0,1.25,1.25,False,False,True,False
2018,incumbency,NY-10,NY-10,NY,65.47,63.97,-1.5,1.5,True,1.5,0.0,1.0,1.0,True,False,False,False
2018,incumbency,NY-11,NY-11,NY,-10.120067073170732,-8.620067073170732,1.5,1.5,True,-1.5,0.0,0.55,0.55,False,False,True,False
2018,incumbency,NY-12,NY-12,NY,74.200903880822,72.700903880822,-1.5,1.5,True,1.5,0.0,0.7611725846,0.7611725846,True,False,False,False
2018,incumbency,NY-13,NY-13,NY,92.87,91.37,-1.5,1.5,True,1.5,0.0,1.0,1.0,True,False,False,False
2018,incumbency,NY-14,NY-14,NY,62.11720108695652,62.11720108695652,0.0,0.0,False,0.0,0.0,1.0,1.0,False,False,False,False
2018,incumbency,NY-15,NY-15,NY,96.41875,94.91875,-1.5,1.5,True,1.5,0.0,1.0,1.0,True,False,False,False
2018,incumbency,NY-16,NY-16,NY,60.565,59.065,-1.5,1.5,True,1.5,0.0,1.0,1.0,True,False,False,False
2018,incumbency,NY-17,NY-17,NY,26.73273149858909,25.23273149858909,-1.5,1.5,True,1.5,0.0,1.204425024,1.204425024,True,False,False,False
2018,incumbency,NY-18,NY-18,NY,3.4104298576299095,1.9104298576299095,-1.5,1.5,True,1.5,0.0,0.6609724427,0.6609724427,True,False,False,False
2018,incumbency,NY-19,NY-19,NY,-1.121590909090909,0.3784090909090909,1.5,1.5,True,-1.5,0.0,1.25,1.25,False,False,True,False
2018,incumbency,NY-2,NY-2,NY,-5.499725609756096,-3.9997256097560965,1.4999999999999996,1.4999999999999996,True,-1.5,0.0,1.25,1.25,False,False,True,False
2018,incumbency,NY-20,NY-20,NY,22.0659,20.5659,-1.5,1.5,True,1.5,0.0,1.25,1.25,True,False,False,False
2018,incumbency,NY-21,NY-21,NY,-9.2875,-7.7875,1.5,1.5,True,-1.5,0.0,1.25,1.25,False,False,True,False
2018,incumbency,NY-22,NY-22,NY,-11.191250000000002,-9.691250000000002,1.5,1.5,True,-1.5,0.0,1.0,1.0,False,False,True,False
2018,incumbency,NY-23,NY-23,NY,-11.377500000000001,-9.877500000000001,1.5,1.5,True,-1.5,0.0,1.25,1.25,False,False,True,False
2018,incumbency,NY-24,NY-24,NY,8.42625,9.92625,1.5,1.5,True,-1.5,0.0,1.25,1.25,False,False,True,False
2018,incumbency,NY-25,NY-25,NY,22.13986413043478,22.13986413043478,0.0,0.0,False,0.0,0.0,1.25,1.25,False,False,False,False
2018,incumbency,NY-26,NY-26,NY,28.971249999999998,27.471249999999998,-1.5,1.5,True,1.5,0.0,1.25,1.25,True,False,False,False
2018,incumbency,NY-27,NY-27,NY,-19.887500000000003,-18.387500000000003,1.5,1.5,True,-1.5,0.0,1.25,1.25,False,False,True,False
2018,incumbency,NY-3,NY-3,NY,12.975380427671444,11.475380427671444,-1.5,1.5,True,1.5,0.0,0.9150968011,0.9150968011,True,False,False,False
2018,incumbency,NY-4,NY-4,NY,16.979431818181816,15.47943181818182,-1.4999999999999964,1.4999999999999964,True,1.5,0.0,1.25,1.25,True,False,False,False
2018,incumbency,NY-5,NY-5,NY,78.01386363636364,76.51386363636364,-1.5,1.5,True,1.5,0.0,1.0,1.0,True,False,False,False
2018,incumbency,NY-6,NY-6,NY,41.05926136363636,39.55926136363636,-1.5,1.5,True,1.5,0.0,1.0,1.0,True,False,False,False
2018,incumbency,NY-7,NY-7,NY,84.11250000000001,82.61250000000001,-1.5,1.5,True,1.5,0.0,1.25,1.25,True,False,False,False
2018,incumbency,NY-8,NY-8,NY,77.16795731707316,75.66795731707316,-1.5,1.5,True,1.5,0.0,1.0,1.0,True,False,False,False
2018,incumbency,NY-9,NY-9,NY,75.91477272727272,74.41477272727272,-1.5,1.5,True,1.5,0.0,1.0,1.0,True,False,False,False
2018,incumbency,OH-1,OH-1,OH,-3.324107536667727,-1.8241075366677268,1.5,1.5,True,-1.5,0.0,0.9833584765,0.9833584765,False,False,True,False
2018,incumbency,OH-10,OH-10,OH,-5.7904785369999985,-4.2904785369999985,1.5,1.5,True,-1.5,0.0,1.2231159,1.2231159,False,False,True,False
2018,incumbency,OH-11,OH-11,OH,68.08307163768772,66.58307163768772,-1.5,1.5,True,1.5,0.0,0.7242464095,0.7242464095,True,False,False,False
2018,incumbency,OH-12,OH-12,OH,-7.6408695652173915,-6.1408695652173915,1.5,1.5,True,-1.5,0.0,1.25,1.25,False,False,True,False
2018,incumbency,OH-13,OH-13,OH,12.46340890553591,10.96340890553591,-1.5,1.5,True,1.5,0.0,0.9215095885,0.9215095885,True,False,False,False
2018,incumbency,OH-14,OH-14,OH,-8.24935,-6.74935,1.5,1.5,True,-1.5,0.0,1.25,1.25,False,False,True,False
2018,incumbency,OH-15,OH-15,OH,-12.54795401058418,-11.04795401058418,1.5,1.5,True,-1.5,0.0,0.9788986562,0.9788986562,False,False,True,False
2018,incumbency,OH-16,OH-16,OH,-10.5875,-10.5875,0.0,0.0,False,0.0,0.0,1.25,1.25,False,False,False,False
2018,incumbency,OH-2,OH-2,OH,-11.697500000000002,-10.197500000000002,1.5,1.5,True,-1.5,0.0,1.25,1.25,False,False,True,False
2018,incumbency,OH-3,OH-3,OH,45.397724999999994,43.897724999999994,-1.5,1.5,True,1.5,0.0,1.25,1.25,True,False,False,False
2018,incumbency,OH-4,OH-4,OH,-29.067956172330003,-27.567956172330003,1.5,1.5,True,-1.5,0.0,1.159683231,1.159683231,False,False,True,False
2018,incumbency,OH-5,OH-5,OH,-21.579500000000003,-20.079500000000003,1.5,1.5,True,-1.5,0.0,1.25,1.25,False,False,True,False
2018,incumbency,OH-6,OH-6,OH,-41.01754116590401,-39.51754116590401,1.5,1.5,True,-1.5,0.0,0.7288750128,0.7288750128,False,False,True,False
2018,incumbency,OH-7,OH-7,OH,-26.742727272727272,-25.242727272727272,1.5,1.5,True,-1.5,0.0,1.0,1.0,False,False,True,False
2018,incumbency,OH-8,OH-8,OH,-34.31142236024845,-32.81142236024845,1.5,1.5,True,-1.5,0.0,0.55,0.55,False,False,True,False
2018,incumbency,OH-9,OH-9,OH,33.8125,32.3125,-1.5,1.5,True,1.5,0.0,1.25,1.25,True,False,False,False
2018,incumbency,OK-1,OK-1,OK,-24.23,-24.23,0.0,0.0,False,0.0,0.0,1.0,1.0,False,False,False,False
2018,incumbency,OK-2,OK-2,OK,-42.15401515151515,-40.65401515151515,1.5,1.5,True,-1.5,0.0,1.25,1.25,False,False,True,False
2018,incumbency,OK-3,OK-3,OK,-52.490500000000004,-50.990500000000004,1.5,1.5,True,-1.5,0.0,0.55,0.55,False,False,True,False
2018,incumbency,OK-4,OK-4,OK,-35.121049945787,-33.621049945787,1.5,1.5,True,-1.5,0.0,0.8998401909,0.8998401909,False,False,True,False
2018,incumbency,OK-5,OK-5,OK,-11.825483818633268,-10.325483818633268,1.5,1.5,True,-1.5,0.0,0.6888811428,0.6888811428,False,False,True,False
2018,incumbency,OR-1,OR-1,OR,26.554868358594,25.054868358594,-1.5,1.5,True,1.5,0.0,0.6568483042,0.6568483042,True,False,False,False
2018,incumbency,OR-2,OR-2,OR,-18.479391380948854,-16.979391380948854,1.5,1.5,True,-1.5,0.0,0.8971301681,0.8971301681,False,False,True,False
2018,incumbency,OR-3,OR-3,OR,51.2135,49.7135,-1.5,1.5,True,1.5,0.0,0.55,0.55,True,False,False,False
2018,incumbency,OR-4,OR-4,OR,-0.427863636363635,-1.927863636363635,-1.5,1.5,True,1.5,0.0,0.55,0.55,True,False,False,False
2018,incumbency,OR-5,OR-5,OR,6.977250000000001,5.477250000000001,-1.5,1.5,True,1.5,0.0,0.55,0.55,True,False,False,False
2018,incumbency,PA-1,PA-1,PA,0.06448312094085829,1.5644831209408583,1.5,1.5,True,-1.5,0.0,0.6868097814,0.6868097814,False,False,True,False
2018,incumbency,PA-10,PA-10,PA,-0.37772444344,1.12227555656,1.5,1.5,True,-1.5,0.0,1.236267208,1.236267208,False,False,True,False
2018,incumbency,PA-11,PA-11,PA,-20.907857142857143,-19.407857142857143,1.5,1.5,True,-1.5,0.0,1.25,1.25,False,False,True,False
2018,incumbency,PA-12,PA-12,PA,-36.05455563866,-34.55455563866,1.5,1.5,True,-1.5,0.0,1.209352262,1.209352262,False,False,True,False
2018,incumbency,PA-13,PA-13,PA,-42.985520925482945,-42.985520925482945,0.0,0.0,False,0.0,0.0,0.7471648423,0.7471648423,False,False,False,False
2018,incumbency,PA-14,PA-14,PA,-23.559545454545457,-23.559545454545457,0.0,0.0,False,0.0,0.0,1.0,1.0,False,False,False,False
2018,incumbency,PA-15,PA-15,PA,-40.410325,-38.910325,1.5,1.5,True,-1.5,0.0,1.0,1.0,False,False,True,False
2018,incumbency,PA-16,PA-16,PA,-19.408441489361703,-17.908441489361703,1.5,1.5,True,-1.5,0.0,0.55,0.55,False,False,True,False
2018,incumbency,PA-17,PA-17,PA,0.5465880279523634,0.5465880279523634,0.0,0.0,False,0.0,0.0,0.7329454588,0.7329454588,True,False,True,False
2018,incumbency,PA-18,PA-18,PA,33.47,31.97,-1.5,1.5,True,1.5,0.0,1.0,1.0,True,False,False,False
2018,incumbency,PA-2,PA-2,PA,54.53210751783032,53.03210751783032,-1.5,1.5,True,1.5,0.0,0.9225089975,0.9225089975,True,False,False,False
2018,incumbency,PA-3,PA-3,PA,89.49086808870202,87.99086808870202,-1.5,1.5,True,1.5,0.0,0.9422934686,0.9422934686,True,False,False,False
2018,incumbency,PA-4,PA-4,PA,25.4125,25.4125,0.0,0.0,False,0.0,0.0,1.25,1.25,False,False,False,False
2018,incumbency,PA-5,PA-5,PA,29.303771739130436,29.303771739130436,0.0,0.0,False,0.0,0.0,0.55,0.55,False,False,False,False
2018,incumbency,PA-6,PA-6,PA,10.564125,10.564125,0.0,0.0,False,0.0,0.0,0.55,0.55,False,False,False,False
2018,incumbency,PA-7,PA-7,PA,4.947962936375,4.947962936375,0.0,0.0,False,0.0,0.0,0.9093170375,0.9093170375,False,False,False,False
2018,incumbency,PA-8,PA-8,PA,-1.226249999999999,-2.726249999999999,-1.5,1.5,True,1.5,0.0,1.25,1.25,True,False,False,False
2018,incumbency,PA-9,PA-9,PA,-31.210932391773785,-31.210932391773785,0.0,0.0,False,0.0,0.0,0.6981541075,0.6981541075,False,False,False,False
2018,incumbency,RI-1,RI-1,RI,28.613500000000002,27.113500000000002,-1.5,1.5,True,1.5,0.0,0.55,0.55,True,False,False,False
2018,incumbency,RI-2,RI-2,RI,10.1135,8.6135,-1.5,1.5,True,1.5,0.0,0.55,0.55,True,False,False,False
2018,incumbency,SC-1,SC-1,SC,-8.629999999999999,-8.629999999999999,0.0,0.0,False,0.0,0.0,1.0,1.0,False,False,False,False
2018,incumbency,SC-2,SC-2,SC,-17.144930435271,-15.644930435271002,1.4999999999999982,1.4999999999999982,True,-1.5,0.0,0.5811293097,0.5811293097,False,False,True,False
2018,incumbency,SC-3,SC-3,SC,-35.626314523592,-34.126314523592,1.5,1.5,True,-1.5,0.0,0.9092367544,0.9092367544,False,False,True,False
2018,incumbency,SC-4,SC-4,SC,-20.487045454545456,-20.487045454545456,0.0,0.0,False,0.0,0.0,1.0,1.0,False,False,False,False
2018,incumbency,SC-5,SC-5,SC,-16.532448142163002,-15.032448142163002,1.5,1.5,True,-1.5,0.0,0.8474203741,0.8474203741,False,False,True,False
2018,incumbency,SC-6,SC-6,SC,39.003725,37.503725,-1.5,1.5,True,1.5,0.0,0.55,0.55,True,False,False,False
2018,incumbency,SC-7,SC-7,SC,-18.72320772457127,-17.22320772457127,1.5,1.5,True,-1.5,0.0,0.6433819708,0.6433819708,False,False,True,False
2018,incumbency,SD-AL,SD-AL,SD,-23.6875,-23.6875,0.0,0.0,False,0.0,0.0,1.25,1.25,False,False,False,False
2018,incumbency,TN-1,TN-1,TN,-54.03,-52.53,1.5,1.5,True,-1.5,0.0,1.0,1.0,False,False,True,False
2018,incumbency,TN-2,TN-2,TN,-33.8865,-33.8865,0.0,0.0,False,0.0,0.0,0.55,0.55,False,False,False,False
2018,incumbency,TN-3,TN-3,TN,-35.1865,-33.6865,1.5,1.5,True,-1.5,0.0,0.55,0.55,False,False,True,False
2018,incumbency,TN-4,TN-4,TN,-37.69792383274,-36.19792383274,1.5,1.5,True,-1.5,0.0,1.080985718,1.080985718,False,False,True,False
2018,incumbency,TN-5,TN-5,TN,22.727488416747,21.227488416747,-1.5,1.5,True,1.5,0.0,0.7652189371,0.7652189371,True,False,False,False
2018,incumbency,TN-6,TN-6,TN,-47.3865,-47.3865,0.0,0.0,False,0.0,0.0,0.55,0.55,False,False,False,False
2018,incumbency,TN-7,TN-7,TN,-37.7865,-37.7865,0.0,0.0,False,0.0,0.0,0.55,0.55,False,False,False,False
2018,incumbency,TN-8,TN-8,TN,-33.022569530984,-31.522569530984004,1.4999999999999964,1.4999999999999964,True,-1.5,0.0,0.9402481688,0.9402481688,False,False,True,False
2018,incumbency,TN-9,TN-9,TN,61.44906171451,59.94906171451,-1.5,1.5,True,1.5,0.0,0.661957643,0.661957643,True,False,False,False
2018,incumbency,TX-1,TX-1,TX,-43.78154544367,-42.28154544367,1.5,1.5,True,-1.5,0.0,1.134467969,1.134467969,False,False,True,False
2018,incumbency,TX-10,TX-10,TX,-6.484630317003999,-4.984630317003999,1.5,1.5,True,-1.5,0.0,0.9460227828,0.9460227828,False,False,True,False
2018,incumbency,TX-11,TX-11,TX,-55.730000000000004,-54.230000000000004,1.5,1.5,True,-1.5,0.0,1.0,1.0,False,False,True,False
2018,incumbency,TX-12,TX-12,TX,-30.623518947970997,-29.123518947970997,1.5,1.5,True,-1.5,0.0,0.5713821997,0.5713821997,False,False,True,False
2018,incumbency,TX-13,TX-13,TX,-58.94125,-57.44125,1.5,1.5,True,-1.5,0.0,1.0,1.0,False,False,True,False
2018,incumbency,TX-14,TX-14,TX,-15.135000000000002,-13.635000000000002,1.5,1.5,True,-1.5,0.0,1.25,1.25,False,False,True,False
2018,incumbency,TX-15,TX-15,TX,25.072469512195124,23.572469512195124,-1.5,1.5,True,1.5,0.0,1.25,1.25,True,False,False,False
2018,incumbency,TX-16,TX-16,TX,41.33355434782609,41.33355434782609,0.0,0.0,False,0.0,0.0,0.55,0.55,False,False,False,False
2018,incumbency,TX-17,TX-17,TX,-12.79590425531915,-11.29590425531915,1.5,1.5,True,-1.5,0.0,1.25,1.25,False,False,True,False
2018,incumbency,TX-18,TX-18,TX,61.356114420463,59.856114420463,-1.5,1.5,True,1.5,0.0,0.8304588159,0.8304588159,True,False,False,False
2018,incumbency,TX-19,TX-19,TX,-46.03,-44.53,1.5,1.5,True,-1.5,0.0,1.0,1.0,False,False,True,False
2018,incumbency,TX-2,TX-2,TX,-3.605537536799999,-3.605537536799999,0.0,0.0,False,0.0,0.0,1.18637176,1.18637176,False,False,False,False
2018,incumbency,TX-20,TX-20,TX,34.54625,33.04625,-1.5,1.5,True,1.5,0.0,1.0,1.0,True,False,False,False
2018,incumbency,TX-21,TX-21,TX,-4.847499999999999,-4.847499999999999,0.0,0.0,False,0.0,0.0,1.0,1.0,False,False,False,False
2018,incumbency,TX-22,TX-22,TX,-4.80265661089,-3.3026566108899993,1.5000000000000004,1.5000000000000004,True,-1.5,0.0,1.027373423,1.027373423,False,False,True,False
2018,incumbency,TX-23,TX-23,TX,5.7245818588,7.2245818588,1.5,1.5,True,-1.5,0.0,0.90176284,0.90176284,False,False,True,False
2018,incumbency,TX-24,TX-24,TX,-1.446646341463415,0.05335365853658494,1.5,1.5,True,-1.5,0.0,1.25,1.25,False,False,True,False
2018,incumbency,TX-25,TX-25,TX,-12.77258161794553,-11.27258161794553,1.5,1.5,True,-1.5,0.0,0.7340282254,0.7340282254,False,False,True,False
2018,incumbency,TX-26,TX-26,TX,-24.0025,-22.5025,1.5,1.5,True,-1.5,0.0,1.0,1.0,False,False,True,False
2018,incumbency,TX-27,TX-27,TX,-18.159673913043484,-16.659673913043484,1.5,1.5,True,-1.5,0.0,1.25,1.25,False,False,True,False
2018,incumbency,TX-28,TX-28,TX,28.39559659090909,26.89559659090909,-1.5,1.5,True,1.5,0.0,1.0,1.0,True,False,False,False
2018,incumbency,TX-29,TX-29,TX,52.18326086956522,52.18326086956522,0.0,0.0,False,0.0,0.0,1.0,1.0,False,False,False,False
2018,incumbency,TX-3,TX-3,TX,-10.00284090909091,-10.00284090909091,0.0,0.0,False,0.0,0.0,1.0,1.0,False,False,False,False
2018,incumbency,TX-30,TX-30,TX,66.77,65.27,-1.5,1.5,True,1.5,0.0,1.0,1.0,True,False,False,False
2018,incumbency,TX-31,TX-31,TX,-8.946307019055675,-7.446307019055675,1.5,1.5,True,-1.5,0.0,1.088183966,1.088183966,False,False,True,False
2018,incumbency,TX-32,TX-32,TX,4.962254809960001,6.462254809960001,1.5,1.5,True,-1.5,0.0,1.014041828,1.014041828,False,False,True,False
2018,incumbency,TX-33,TX-33,TX,55.384691142191144,53.884691142191144,-1.5,1.5,True,1.5,0.0,1.0,1.0,True,False,False,False
2018,incumbency,TX-34,TX-34,TX,26.833417198959715,25.333417198959715,-1.5,1.5,True,1.5,0.0,0.8562224482,0.8562224482,True,False,False,False
2018,incumbency,TX-35,TX-35,TX,37.657795548237,36.157795548237,-1.5,1.5,True,1.5,0.0,0.7089490941,0.7089490941,True,False,False,False
2018,incumbency,TX-36,TX-36,TX,-42.22912839776787,-40.72912839776787,1.5,1.5,True,-1.5,0.0,1.131565029,1.131565029,False,False,True,False
2018,incumbency,TX-4,TX-4,TX,-50.764451219512196,-49.264451219512196,1.5,1.5,True,-1.5,0.0,1.0,1.0,False,False,True,False
2018,incumbency,TX-5,TX-5,TX,-23.33423913043478,-23.33423913043478,0.0,0.0,False,0.0,0.0,1.0,1.0,False,False,False,False
2018,incumbency,TX-6,TX-6,TX,-7.552427649407999,-7.552427649407999,0.0,0.0,False,0.0,0.0,0.9583443456,0.9583443456,False,False,False,False
2018,incumbency,TX-7,TX-7,TX,5.310777972180435,6.810777972180435,1.5,1.5,True,-1.5,0.0,1.153615865,1.153615865,False,False,True,False
2018,incumbency,TX-8,TX-8,TX,-45.72897727272727,-44.22897727272727,1.5,1.5,True,-1.5,0.0,1.0,1.0,False,False,True,False
2018,incumbency,TX-9,TX-9,TX,67.27,65.77,-1.5,1.5,True,1.5,0.0,1.0,1.0,True,False,False,False
2018,incumbency,UT-1,UT-1,UT,-24.600923076923078,-23.100923076923078,1.5,1.5,True,-1.5,0.0,0.55,0.55,False,False,True,False
2018,incumbency,UT-2,UT-2,UT,-15.138298780487807,-13.638298780487807,1.5,1.5,True,-1.5,0.0,0.55,0.55,False,False,True,False
2018,incumbency,UT-3,UT-3,UT,-23.577608971403,-22.077608971403,1.5,1.5,True,-1.5,0.0,0.5810336421,0.5810336421,False,False,True,False
2018,incumbency,UT-4,UT-4,UT,-9.120907534080999,-7.620907534081,1.4999999999999991,1.4999999999999991,True,-1.5,0.0,0.5989866767,0.5989866767,False,False,True,False
2018,incumbency,VA-1,VA-1,VA,-7.7875,-6.2875,1.5,1.5,True,-1.5,0.0,1.25,1.25,False,False,True,False
2018,incumbency,VA-10,VA-10,VA,10.02736352125,11.52736352125,1.5,1.5,True,-1.5,0.0,0.552110125,0.552110125,False,False,True,False
2018,incumbency,VA-11,VA-11,VA,46.17668490787,44.67668490787,-1.5,1.5,True,1.5,0.0,1.122783091,1.122783091,True,False,False,False
2018,incumbency,VA-2,VA-2,VA,-1.0409510250519993,0.4590489749480007,1.5,1.5,True,-1.5,0.0,0.9070089764,0.9070089764,False,False,True,False
2018,incumbency,VA-3,VA-3,VA,37.67,36.17,-1.5,1.5,True,1.5,0.0,1.0,1.0,True,False,False,False
2018,incumbency,VA-4,VA-4,VA,29.2125,27.7125,-1.5,1.5,True,1.5,0.0,1.25,1.25,True,False,False,False
2018,incumbency,VA-5,VA-5,VA,-4.987499999999999,-4.987499999999999,0.0,0.0,False,0.0,0.0,1.25,1.25,False,False,False,False
2018,incumbency,VA-6,VA-6,VA,-20.330000000000002,-20.330000000000002,0.0,0.0,False,0.0,0.0,1.0,1.0,False,False,False,False
2018,incumbency,VA-7,VA-7,VA,-2.68733845541,-1.18733845541,1.5,1.5,True,-1.5,0.0,1.128258987,1.128258987,False,False,True,False
2018,incumbency,VA-8,VA-8,VA,57.56273722978,56.06273722978,-1.5,1.5,True,1.5,0.0,0.846687554,0.846687554,True,False,False,False
2018,incumbency,VA-9,VA-9,VA,-38.53,-37.03,1.5,1.5,True,-1.5,0.0,1.0,1.0,False,False,True,False
2018,incumbency,VT-AL,VT-AL,VT,34.012499999999996,32.512499999999996,-1.5,1.5,True,1.5,0.0,1.25,1.25,True,False,False,False
2018,incumbency,WA-1,WA-1,WA,19.3135,17.8135,-1.5,1.5,True,1.5,0.0,0.55,0.55,True,False,False,False
2018,incumbency,WA-10,WA-10,WA,18.14307222942,16.64307222942,-1.5,1.5,True,1.5,0.0,1.117667006,1.117667006,True,False,False,False
2018,incumbency,WA-2,WA-2,WA,26.217916163639,24.717916163639,-1.5,1.5,True,1.5,0.0,0.7180998727,0.7180998727,True,False,False,False
2018,incumbency,WA-3,WA-3,WA,-7.064161131161,-5.564161131161,1.5,1.5,True,-1.5,0.0,0.5990622327,0.5990622327,False,False,True,False
2018,incumbency,WA-4,WA-4,WA,-19.830000000000002,-18.330000000000002,1.5,1.5,True,-1.5,0.0,1.0,1.0,False,False,True,False
2018,incumbency,WA-5,WA-5,WA,-13.0865,-11.5865,1.5,1.5,True,-1.5,0.0,0.55,0.55,False,False,True,False
2018,incumbency,WA-6,WA-6,WA,15.313500000000001,13.813500000000001,-1.5,1.5,True,1.5,0.0,0.55,0.55,True,False,False,False
2018,incumbency,WA-7,WA-7,WA,72.91350000000001,71.41350000000001,-1.5,1.5,True,1.5,0.0,0.55,0.55,True,False,False,False
2018,incumbency,WA-8,WA-8,WA,7.766920657710001,7.766920657710001,0.0,0.0,False,0.0,0.0,1.045193403,1.045193403,False,False,False,False
2018,incumbency,WA-9,WA-9,WA,51.026590050145,49.526590050145,-1.5,1.5,True,1.5,0.0,0.6737579985,0.6737579985,True,False,False,False
2018,incumbency,WI-1,WI-1,WI,-5.31234676978,-5.31234676978,0.0,0.0,False,0.0,0.0,1.078790446,1.078790446,False,False,False,False
2018,incumbency,WI-2,WI-2,WI,39.8135,38.3135,-1.5,1.5,True,1.5,0.0,0.55,0.55,True,False,False,False
2018,incumbency,WI-3,WI-3,WI,3.1125000000000007,1.6125000000000007,-1.5,1.5,True,1.5,0.0,1.25,1.25,True,False,False,False
2018,incumbency,WI-4,WI-4,WI,56.633193373098,55.133193373098,-1.5,1.5,True,1.5,0.0,0.7660872714,0.7660872714,True,False,False,False
2018,incumbency,WI-5,WI-5,WI,-19.277969141568,-17.777969141568,1.5,1.5,True,-1.5,0.0,0.6730640576,0.6730640576,False,False,True,False
2018,incumbency,WI-6,WI-6,WI,-16.886499999999998,-15.3865,1.4999999999999982,1.4999999999999982,True,-1.5,0.0,0.55,0.55,False,False,True,False
2018,incumbency,WI-7,WI-7,WI,-18.477941513892,-16.977941513892,1.5,1.5,True,-1.5,0.0,0.8404959644,0.8404959644,False,False,True,False
2018,incumbency,WI-8,WI-8,WI,-12.987500000000002,-11.487500000000002,1.5,1.5,True,-1.5,0.0,1.25,1.25,False,False,True,False
2018,incumbency,WV-1,WV-1,WV,-39.938456521739134,-38.438456521739134,1.5,1.5,True,-1.5,0.0,0.55,0.55,False,False,True,False
2018,incumbency,WV-2,WV-2,WV,-36.964,-35.464,1.5,1.5,True,-1.5,0.0,0.55,0.55,False,False,True,False
2018,incumbency,WV-3,WV-3,WV,-47.364380762976005,-47.364380762976005,0.0,0.0,False,0.0,0.0,0.5990288032,0.5990288032,False,False,False,False
2018,incumbency,WY-AL,WY-AL,WY,-45.073909139687004,-43.573909139687004,1.5,1.5,True,-1.5,0.0,0.9324339209,0.9324339209,False,False,True,False
2018,district_elasticity,AK-AL,AK-AL,AK,-15.1865,-12.23,2.9565,2.9565,True,-1.5,-1.5,0.55,1.0,False,False,True,True
2018,district_elasticity,AL-1,AL-1,AL,-26.43,-26.43,0.0,0.0,False,-1.5,-1.5,1.0,1.0,False,False,True,True
2018,district_elasticity,AL-2,AL-2,AL,-27.2875,-28.93,-1.6424999999999983,1.6424999999999983,True,-1.5,-1.5,1.25,1.0,False,False,True,True
2018,district_elasticity,AL-3,AL-3,AL,-31.993132808048,-29.883875,2.1092578080479996,2.1092578080479996,True,-1.5,-1.5,0.6789561936,1.0,False,False,True,True
2018,district_elasticity,AL-4,AL-4,AL,-59.79778846153845,-59.79778846153845,0.0,0.0,False,-1.5,-1.5,1.0,1.0,False,False,True,True
2018,district_elasticity,AL-5,AL-5,AL,-31.40125,-31.40125,0.0,0.0,False,-1.5,-1.5,1.0,1.0,False,False,True,True
2018,district_elasticity,AL-6,AL-6,AL,-41.843244844560004,-42.70125,-0.8580051554399972,0.8580051554399972,True,-1.5,-1.5,1.130594392,1.0,False,False,True,True
2018,district_elasticity,AL-7,AL-7,AL,47.17,47.17,0.0,0.0,False,1.5,1.5,1.0,1.0,True,True,False,False
2018,district_elasticity,AR-1,AR-1,AR,-30.647211538461537,-32.28971153846154,-1.6425000000000018,1.6425000000000018,True,-1.5,-1.5,1.25,1.0,False,False,True,True
2018,district_elasticity,AR-2,AR-2,AR,-10.415074999999998,-7.458574999999999,2.9564999999999992,2.9564999999999992,True,-1.5,-1.5,0.55,1.0,False,False,True,True
2018,district_elasticity,AR-3,AR-3,AR,-28.696494565217392,-28.696494565217392,0.0,0.0,False,-1.5,-1.5,1.0,1.0,False,False,True,True
2018,district_elasticity,AR-4,AR-4,AR,-33.280249999999995,-30.32375,2.956499999999995,2.956499999999995,True,-1.5,-1.5,0.55,1.0,False,False,True,True
2018,district_elasticity,AZ-1,AZ-1,AZ,2.9635000000000002,5.92,2.9564999999999997,2.9564999999999997,True,1.5,1.5,0.55,1.0,True,True,False,False
2018,district_elasticity,AZ-2,AZ-2,AZ,10.4135,13.370000000000001,2.9565,2.9565,True,0.0,0.0,0.55,1.0,False,False,False,False
2018,district_elasticity,AZ-3,AZ-3,AZ,38.001024004579996,36.631249999999994,-1.3697740045800018,1.3697740045800018,True,1.5,1.5,1.208489194,1.0,True,True,False,False
2018,district_elasticity,AZ-4,AZ-4,AZ,-37.771499439252395,-37.02399456521739,0.7475048740350019,0.7475048740350019,True,-1.5,-1.5,0.8862245245,1.0,False,False,True,True
2018,district_elasticity,AZ-5,AZ-5,AZ,-16.446510287170003,-16.630000000000003,-0.18348971282999926,0.18348971282999926,True,0.0,0.0,1.027928419,1.0,False,False,False,False
2018,district_elasticity,AZ-6,AZ-6,AZ,-8.73297645088709,-6.27590909090909,2.4570673599779997,2.4570673599779997,True,-1.5,-1.5,0.6260171446,1.0,False,False,True,True
2018,district_elasticity,AZ-7,AZ-7,AZ,55.3275,55.3275,0.0,0.0,False,1.5,1.5,1.0,1.0,True,True,False,False
2018,district_elasticity,AZ-8,AZ-8,AZ,-16.450000000000003,-16.450000000000003,0.0,0.0,False,-1.5,-1.5,1.0,1.0,False,False,True,True
2018,district_elasticity,AZ-9,AZ-9,AZ,18.663432432432433,21.619932432432435,2.956500000000002,2.956500000000002,True,0.0,0.0,0.55,1.0,False,False,False,False
2018,district_elasticity,CA-1,CA-1,CA,-15.27365173043,-15.23,0.0436517304299997,0.0436517304299997,True,0.0,0.0,0.993355901,1.0,False,False,False,False
2018,district_elasticity,CA-10,CA-10,CA,5.547207538637838,4.922837837837839,-0.6243697007999991,0.6243697007999991,True,-1.5,-1.5,1.09503344,1.0,False,False,True,True
2018,district_elasticity,CA-11,CA-11,CA,54.77165409605,54.769999999999996,-0.0016540960500037727,0.0016540960500037727,True,1.5,1.5,1.000251765,1.0,True,True,False,False
2018,district_elasticity,CA-12,CA-12,CA,81.685818108337,83.47,1.7841818916629961,1.7841818916629961,True,1.5,1.5,0.7284350241,1.0,True,True,False,False
2018,district_elasticity,CA-13,CA-13,CA,88.47741659829545,87.27954545454544,-1.1978711437500067,1.1978711437500067,True,1.5,1.5,1.182324375,1.0,True,True,False,False
2018,district_elasticity,CA-14,CA-14,CA,64.291327388204,64.67,0.37867261179600575,0.37867261179600575,True,1.5,1.5,0.9423633772,1.0,True,True,False,False
2018,district_elasticity,CA-15,CA-15,CA,51.7375,50.095,-1.6424999999999983,1.6424999999999983,True,1.5,1.5,1.25,1.0,True,True,False,False
2018,district_elasticity,CA-16,CA-16,CA,29.2125,27.57,-1.6424999999999983,1.6424999999999983,True,1.5,1.5,1.25,1.0,True,True,False,False
2018,district_elasticity,CA-17,CA-17,CA,56.119565217391305,56.119565217391305,0.0,0.0,False,1.5,1.5,1.0,1.0,True,True,False,False
2018,district_elasticity,CA-18,CA-18,CA,57.28625085222443,57.53982142857143,0.253570576347002,0.253570576347002,True,1.5,1.5,0.9614047829,1.0,True,True,False,False
2018,district_elasticity,CA-19,CA-19,CA,57.58,57.58,0.0,0.0,False,1.5,1.5,1.0,1.0,True,True,False,False
2018,district_elasticity,CA-2,CA-2,CA,48.397450000000006,51.353950000000005,2.9564999999999984,2.9564999999999984,True,1.5,1.5,0.55,1.0,True,True,False,False
2018,district_elasticity,CA-20,CA-20,CA,53.17,53.17,0.0,0.0,False,1.5,1.5,1.0,1.0,True,True,False,False
2018,district_elasticity,CA-21,CA-21,CA,14.08655,17.043049999999997,2.9564999999999966,2.9564999999999966,True,-1.5,-1.5,0.55,1.0,False,False,True,True
2018,district_elasticity,CA-22,CA-22,CA,-6.498199999999999,-8.140699999999999,-1.6425,1.6425,True,-1.5,-1.5,1.25,1.0,False,False,True,True
2018,district_elasticity,CA-23,CA-23,CA,-17.490579268292684,-19.133079268292683,-1.6424999999999983,1.6424999999999983,True,-1.5,-1.5,1.25,1.0,False,False,True,True
2018,district_elasticity,CA-24,CA-24,CA,24.451545701788426,25.012321428571425,0.5607757267829996,0.5607757267829996,True,1.5,1.5,0.9146460081,1.0,True,True,False,False
2018,district_elasticity,CA-25,CA-25,CA,11.259174999999999,11.259174999999999,0.0,0.0,False,-1.5,-1.5,1.0,1.0,False,False,True,True
2018,district_elasticity,CA-26,CA-26,CA,28.473585328409996,27.869999999999997,-0.6035853284099986,0.6035853284099986,True,1.5,1.5,1.091869913,1.0,True,True,False,False
2018,district_elasticity,CA-27,CA-27,CA,45.55375,43.91125,-1.6424999999999983,1.6424999999999983,True,1.5,1.5,1.25,1.0,True,True,False,False
2018,district_elasticity,CA-28,CA-28,CA,55.85788888888889,55.85788888888889,0.0,0.0,False,1.5,1.5,1.0,1.0,True,True,False,False
2018,district_elasticity,CA-29,CA-29,CA,67.29,67.29,0.0,0.0,False,1.5,1.5,1.0,1.0,True,True,False,False
2018,district_elasticity,CA-3,CA-3,CA,17.991238000662,18.084375,0.09313699933800024,0.09313699933800024,True,1.5,1.5,0.9858238966,1.0,True,True,False,False
2018,district_elasticity,CA-30,CA-30,CA,50.1725,48.53,-1.6424999999999983,1.6424999999999983,True,1.5,1.5,1.25,1.0,True,True,False,False
2018,district_elasticity,CA-31,CA-31,CA,25.79901515151515,24.15651515151515,-1.6424999999999983,1.6424999999999983,True,1.5,1.5,1.25,1.0,True,True,False,False
2018,district_elasticity,CA-32,CA-32,CA,44.906,43.2635,-1.6424999999999983,1.6424999999999983,True,1.5,1.5,1.25,1.0,True,True,False,False
2018,district_elasticity,CA-33,CA-33,CA,48.51927499999999,46.876774999999995,-1.6424999999999983,1.6424999999999983,True,1.5,1.5,1.25,1.0,True,True,False,False
2018,district_elasticity,CA-34,CA-34,CA,78.87,78.87,0.0,0.0,False,1.5,1.5,1.0,1.0,True,True,False,False
2018,district_elasticity,CA-35,CA-35,CA,47.60357142857143,47.60357142857143,0.0,0.0,False,1.5,1.5,1.0,1.0,True,True,False,False
2018,district_elasticity,CA-36,CA-36,CA,11.913001159657002,13.642825000000002,1.7298238403430002,1.7298238403430002,True,1.5,1.5,0.7367087001,1.0,True,True,False,False
2018,district_elasticity,CA-37,CA-37,CA,80.559361984661,82.07,1.5106380153389978,1.5106380153389978,True,1.5,1.5,0.7700703173,1.0,True,True,False,False
2018,district_elasticity,CA-38,CA-38,CA,47.2125,45.57,-1.6424999999999983,1.6424999999999983,True,1.5,1.5,1.25,1.0,True,True,False,False
2018,district_elasticity,CA-39,CA-39,CA,14.139725,12.497225,-1.6425,1.6425,True,0.0,0.0,1.25,1.0,False,False,False,False
2018,district_elasticity,CA-4,CA-4,CA,-11.642301136363637,-11.642301136363637,0.0,0.0,False,-1.5,-1.5,1.0,1.0,False,False,True,True
2018,district_elasticity,CA-40,CA-40,CA,76.648375,76.648375,0.0,0.0,False,1.5,1.5,1.0,1.0,True,True,False,False
2018,district_elasticity,CA-41,CA-41,CA,33.923408624349996,32.846875,-1.0765336243499988,1.0765336243499988,True,1.5,1.5,1.163855955,1.0,True,True,False,False
2018,district_elasticity,CA-42,CA-42,CA,-7.792386363636363,-9.434886363636362,-1.6424999999999992,1.6424999999999992,True,-1.5,-1.5,1.25,1.0,False,False,True,True
2018,district_elasticity,CA-43,CA-43,CA,67.82160714285715,66.17910714285715,-1.6424999999999983,1.6424999999999983,True,1.5,1.5,1.25,1.0,True,True,False,False
2018,district_elasticity,CA-44,CA-44,CA,77.27215909090911,77.27215909090911,0.0,0.0,False,1.5,1.5,1.0,1.0,True,True,False,False
2018,district_elasticity,CA-45,CA-45,CA,11.03625,9.39375,-1.6425,1.6425,True,-1.5,-1.5,1.25,1.0,False,False,True,True
2018,district_elasticity,CA-46,CA-46,CA,47.135682013440864,46.823043478260864,-0.3126385351799996,0.3126385351799996,True,1.5,1.5,1.047585774,1.0,True,True,False,False
2018,district_elasticity,CA-47,CA-47,CA,37.041755334145,37.465,0.42324466585500176,0.42324466585500176,True,1.5,1.5,0.9355791985,1.0,True,True,False,False
2018,district_elasticity,CA-48,CA-48,CA,5.52307588811,4.67,-0.8530758881100002,0.8530758881100002,True,-1.5,-1.5,1.129844123,1.0,False,False,True,True
2018,district_elasticity,CA-49,CA-49,CA,12.531017576033479,11.159673913043479,-1.3713436629900002,1.3713436629900002,True,0.0,0.0,1.208728107,1.0,False,False,False,False
2018,district_elasticity,CA-5,CA-5,CA,50.86678571428571,50.86678571428571,0.0,0.0,False,1.5,1.5,1.0,1.0,True,True,False,False
2018,district_elasticity,CA-50,CA-50,CA,-11.364525,-13.007025,-1.6425,1.6425,True,-1.5,-1.5,1.25,1.0,False,False,True,True
2018,district_elasticity,CA-51,CA-51,CA,54.24569868368982,54.34318181818182,0.09748313449200197,0.09748313449200197,True,1.5,1.5,0.9851623844,1.0,True,True,False,False
2018,district_elasticity,CA-52,CA-52,CA,26.860636566582,28.939874999999997,2.0792384334179985,2.0792384334179985,True,1.5,1.5,0.6835253526,1.0,True,True,False,False
2018,district_elasticity,CA-53,CA-53,CA,42.1028128675,40.87,-1.2328128675000016,1.2328128675000016,True,1.5,1.5,1.18764275,1.0,True,True,False,False
2018,district_elasticity,CA-6,CA-6,CA,49.77093385020436,50.51863636363636,0.747702513432003,0.747702513432003,True,1.5,1.5,0.8861944424,1.0,True,True,False,False
2018,district_elasticity,CA-7,CA-7,CA,15.642451912011335,17.846583333333335,2.204131421322,2.204131421322,True,1.5,1.5,0.6645157654,1.0,True,True,False,False
2018,district_elasticity,CA-8,CA-8,CA,-10.464378787878786,-12.106878787878786,-1.6425,1.6425,True,-1.5,-1.5,1.25,1.0,False,False,True,True
2018,district_elasticity,CA-9,CA-9,CA,25.79439375254478,25.18173913043478,-0.61265462211,0.61265462211,True,1.5,1.5,1.093250323,1.0,True,True,False,False
2018,district_elasticity,CO-1,CO-1,CO,50.652270203087,51.769999999999996,1.1177297969129967,1.1177297969129967,True,1.5,1.5,0.8298736991,1.0,True,True,False,False
2018,district_elasticity,CO-2,CO-2,CO,24.76236005936361,25.201630434782608,0.4392703754189995,0.4392703754189995,True,0.0,0.0,0.9331399733,1.0,False,False,False,False
2018,district_elasticity,CO-3,CO-3,CO,-5.73375,-7.37625,-1.6425,1.6425,True,-1.5,-1.5,1.25,1.0,False,False,True,True
2018,district_elasticity,CO-4,CO-4,CO,-16.32603658536586,-17.968536585365857,-1.6424999999999983,1.6424999999999983,True,-1.5,-1.5,1.25,1.0,False,False,True,True
2018,district_elasticity,CO-5,CO-5,CO,-24.669,-21.712500000000002,2.9564999999999984,2.9564999999999984,True,-1.5,-1.5,0.55,1.0,False,False,True,True
2018,district_elasticity,CO-6,CO-6,CO,10.728252347243783,11.379239130434783,0.6509867831909997,0.6509867831909997,True,-1.5,-1.5,0.9009152537,1.0,False,False,True,True
2018,district_elasticity,CO-7,CO-7,CO,16.580113485075362,17.74488636363636,1.1647728785609992,1.1647728785609992,True,1.5,1.5,0.8227134127,1.0,True,True,False,False
2018,district_elasticity,CT-1,CT-1,CT,30.7125,29.07,-1.6424999999999983,1.6424999999999983,True,1.5,1.5,1.25,1.0,True,True,False,False
2018,district_elasticity,CT-2,CT-2,CT,10.435486873910001,8.870000000000001,-1.5654868739100003,1.5654868739100003,True,1.5,1.5,1.238278063,1.0,True,True,False,False
2018,district_elasticity,CT-3,CT-3,CT,23.1125,21.47,-1.6425000000000018,1.6425000000000018,True,1.5,1.5,1.25,1.0,True,True,False,False
2018,district_elasticity,CT-4,CT-4,CT,30.612499999999997,28.97,-1.6424999999999983,1.6424999999999983,True,1.5,1.5,1.25,1.0,True,True,False,False
2018,district_elasticity,CT-5,CT-5,CT,5.6135,8.57,2.9565,2.9565,True,0.0,0.0,0.55,1.0,False,False,False,False
2018,district_elasticity,DE-AL,DE-AL,DE,15.727717418068,17.47,1.742282581931999,1.742282581931999,True,1.5,1.5,0.7348123924,1.0,True,True,False,False
2018,district_elasticity,FL-1,FL-1,FL,-35.49393476169,-36.33,-0.8360652383099989,0.8360652383099989,True,-1.5,-1.5,1.127254983,1.0,False,False,True,True
2018,district_elasticity,FL-10,FL-10,FL,34.512499999999996,32.87,-1.6424999999999983,1.6424999999999983,True,1.5,1.5,1.25,1.0,True,True,False,False
2018,district_elasticity,FL-11,FL-11,FL,-31.375248188894,-29.33,2.045248188894,2.045248188894,True,-1.5,-1.5,0.6886989058,1.0,False,False,True,True
2018,district_elasticity,FL-12,FL-12,FL,-15.630000000000003,-15.630000000000003,0.0,0.0,False,-1.5,-1.5,1.0,1.0,False,False,True,True
2018,district_elasticity,FL-13,FL-13,FL,9.17,9.17,0.0,0.0,False,1.5,1.5,1.0,1.0,True,True,False,False
2018,district_elasticity,FL-14,FL-14,FL,24.169999999999998,24.169999999999998,0.0,0.0,False,1.5,1.5,1.0,1.0,True,True,False,False
2018,district_elasticity,FL-15,FL-15,FL,-3.8874999999999993,-5.529999999999999,-1.6425,1.6425,True,0.0,0.0,1.25,1.0,False,False,False,False
2018,district_elasticity,FL-16,FL-16,FL,-6.087499999999999,-7.729999999999999,-1.6425,1.6425,True,-1.5,-1.5,1.25,1.0,False,False,True,True
2018,district_elasticity,FL-17,FL-17,FL,-23.089084530629002,-22.73,0.35908453062900136,0.35908453062900136,True,0.0,0.0,0.9453448203,1.0,False,False,False,False
2018,district_elasticity,FL-18,FL-18,FL,-9.186499999999999,-6.229999999999999,2.9565,2.9565,True,-1.5,-1.5,0.55,1.0,False,False,True,True
2018,district_elasticity,FL-19,FL-19,FL,-20.176916088659002,-19.130000000000003,1.0469160886589997,1.0469160886589997,True,-1.5,-1.5,0.8406520413,1.0,False,False,True,True
2018,district_elasticity,FL-2,FL-2,FL,-35.5865,-32.63,2.9564999999999984,2.9564999999999984,True,-1.5,-1.5,0.55,1.0,False,False,True,True
2018,district_elasticity,FL-20,FL-20,FL,65.1135,68.07,2.9564999999999912,2.9564999999999912,True,1.5,1.5,0.55,1.0,True,True,False,False
2018,district_elasticity,FL-21,FL-21,FL,25.47,25.47,0.0,0.0,False,1.5,1.5,1.0,1.0,True,True,False,False
2018,district_elasticity,FL-22,FL-22,FL,18.8135,21.770000000000003,2.956500000000002,2.956500000000002,True,1.5,1.5,0.55,1.0,True,True,False,False
2018,district_elasticity,FL-23,FL-23,FL,29.113500000000002,32.07,2.9564999999999984,2.9564999999999984,True,1.5,1.5,0.55,1.0,True,True,False,False
2018,district_elasticity,FL-24,FL-24,FL,73.47,73.47,0.0,0.0,False,1.5,1.5,1.0,1.0,True,True,False,False
2018,district_elasticity,FL-25,FL-25,FL,1.17,1.17,0.0,0.0,False,-1.5,-1.5,1.0,1.0,False,False,True,True
2018,district_elasticity,FL-26,FL-26,FL,19.44242663437,19.270000000000003,-0.17242663436999806,0.17242663436999806,True,-1.5,-1.5,1.026244541,1.0,False,False,True,True
2018,district_elasticity,FL-27,FL-27,FL,24.07,24.07,0.0,0.0,False,0.0,0.0,1.0,1.0,False,False,False,False
2018,district_elasticity,FL-3,FL-3,FL,-13.612944984874002,-13.030000000000001,0.5829449848740005,0.5829449848740005,True,-1.5,-1.5,0.9112716918,1.0,False,False,True,True
2018,district_elasticity,FL-4,FL-4,FL,-25.03,-25.03,0.0,0.0,False,-1.5,-1.5,1.0,1.0,False,False,True,True
2018,district_elasticity,FL-5,FL-5,FL,33.012499999999996,31.369999999999997,-1.6424999999999983,1.6424999999999983,True,1.5,1.5,1.25,1.0,True,True,False,False
2018,district_elasticity,FL-6,FL-6,FL,-10.887500000000001,-12.530000000000001,-1.6425,1.6425,True,0.0,0.0,1.25,1.0,False,False,False,False
2018,district_elasticity,FL-7,FL-7,FL,14.9125,13.27,-1.6425,1.6425,True,1.5,1.5,1.25,1.0,True,True,False,False
2018,district_elasticity,FL-8,FL-8,FL,-17.63928758295,-17.73,-0.09071241704999977,0.09071241704999977,True,-1.5,-1.5,1.013807065,1.0,False,False,True,True
2018,district_elasticity,FL-9,FL-9,FL,20.512500000000003,18.87,-1.6425000000000018,1.6425000000000018,True,1.5,1.5,1.25,1.0,True,True,False,False
2018,district_elasticity,GA-1,GA-1,GA,-15.486500000000001,-12.530000000000001,2.9565,2.9565,True,-1.5,-1.5,0.55,1.0,False,False,True,True
2018,district_elasticity,GA-10,GA-10,GA,-22.53,-22.53,0.0,0.0,False,-1.5,-1.5,1.0,1.0,False,False,True,True
2018,district_elasticity,GA-11,GA-11,GA,-22.03,-22.03,0.0,0.0,False,-1.5,-1.5,1.0,1.0,False,False,True,True
2018,district_elasticity,GA-12,GA-12,GA,-12.95063381262,-13.5534,-0.6027661873800003,0.6027661873800003,True,-1.5,-1.5,1.091745234,1.0,False,False,True,True
2018,district_elasticity,GA-13,GA-13,GA,50.754999999999995,50.754999999999995,0.0,0.0,False,1.5,1.5,1.0,1.0,True,True,False,False
2018,district_elasticity,GA-14,GA-14,GA,-45.43,-45.43,0.0,0.0,False,0.0,0.0,1.0,1.0,False,False,False,False
2018,district_elasticity,GA-2,GA-2,GA,19.22265353616,18.502125000000003,-0.7205285361599962,0.7205285361599962,True,1.5,1.5,1.109669488,1.0,True,True,False,False
2018,district_elasticity,GA-3,GA-3,GA,-28.32,-28.32,0.0,0.0,False,-1.5,-1.5,1.0,1.0,False,False,True,True
2018,district_elasticity,GA-4,GA-4,GA,58.99928571428571,58.99928571428571,0.0,0.0,False,1.5,1.5,1.0,1.0,True,True,False,False
2018,district_elasticity,GA-5,GA-5,GA,78.88368902439024,78.88368902439024,0.0,0.0,False,1.5,1.5,1.0,1.0,True,True,False,False
2018,district_elasticity,GA-6,GA-6,GA,0.5369650120652605,1.363288043478261,0.8263230314130006,0.8263230314130006,True,-1.5,-1.5,0.8742278491,1.0,False,False,True,True
2018,district_elasticity,GA-7,GA-7,GA,-3.112603959433903,-3.7615243902439026,-0.6489204308099996,0.6489204308099996,True,-1.5,-1.5,1.098770233,1.0,False,False,True,True
2018,district_elasticity,GA-8,GA-8,GA,-26.066022727272728,-26.066022727272728,0.0,0.0,False,-1.5,-1.5,1.0,1.0,False,False,True,True
2018,district_elasticity,GA-9,GA-9,GA,-54.689316817828534,-55.282865853658535,-0.5935490358300015,0.5935490358300015,True,-1.5,-1.5,1.090342319,1.0,False,False,True,True
2018,district_elasticity,HI-1,HI-1,HI,38.7125,37.07,-1.6424999999999983,1.6424999999999983,True,0.0,0.0,1.25,1.0,False,False,False,False
2018,district_elasticity,HI-2,HI-2,HI,34.8135,37.769999999999996,2.9564999999999984,2.9564999999999984,True,1.5,1.5,0.55,1.0,True,True,False,False
2018,district_elasticity,IA-1,IA-1,IA,2.8812500000000005,1.2387500000000007,-1.6424999999999998,1.6424999999999998,True,-1.5,-1.5,1.25,1.0,False,False,True,True
2018,district_elasticity,IA-2,IA-2,IA,1.90664966752,1.870000000000001,-0.036649667519998985,0.036649667519998985,True,1.5,1.5,1.005578336,1.0,True,True,False,False
2018,district_elasticity,IA-3,IA-3,IA,-2.5582045454545446,0.398295454545455,2.9564999999999997,2.9564999999999997,True,-1.5,-1.5,0.55,1.0,False,False,True,True
2018,district_elasticity,IA-4,IA-4,IA,-22.7875,-24.43,-1.6424999999999983,1.6424999999999983,True,-1.5,-1.5,1.25,1.0,False,False,True,True
2018,district_elasticity,ID-1,ID-1,ID,-36.78719169960474,-33.83069169960474,2.9564999999999984,2.9564999999999984,True,0.0,0.0,0.55,1.0,False,False,False,False
2018,district_elasticity,ID-2,ID-2,ID,-24.54685,-21.59035,2.9564999999999984,2.9564999999999984,True,-1.5,-1.5,0.55,1.0,False,False,True,True
2018,district_elasticity,IL-1,IL-1,IL,56.30090696624818,58.83806818181818,2.537161215570002,2.537161215570002,True,1.5,1.5,0.613826299,1.0,True,True,False,False
2018,district_elasticity,IL-10,IL-10,IL,33.62987575961699,34.315799999999996,0.6859242403830024,0.6859242403830024,True,1.5,1.5,0.8955975281,1.0,True,True,False,False
2018,district_elasticity,IL-11,IL-11,IL,30.484599999999997,28.8421,-1.6424999999999983,1.6424999999999983,True,1.5,1.5,1.25,1.0,True,True,False,False
2018,district_elasticity,IL-12,IL-12,IL,-10.430050000000001,-12.072550000000001,-1.6425,1.6425,True,-1.5,-1.5,1.25,1.0,False,False,True,True
2018,district_elasticity,IL-13,IL-13,IL,0.2062500000000007,-1.4362499999999994,-1.6425,1.6425,True,-1.5,-1.5,1.25,1.0,False,False,True,True
2018,district_elasticity,IL-14,IL-14,IL,1.2801086956521743,-0.36239130434782585,-1.6425,1.6425,True,-1.5,-1.5,1.25,1.0,False,False,True,True
2018,district_elasticity,IL-15,IL-15,IL,-41.20125000000001,-42.84375000000001,-1.6424999999999983,1.6424999999999983,True,-1.5,-1.5,1.25,1.0,False,False,True,True
2018,district_elasticity,IL-16,IL-16,IL,-14.768060344827587,-16.410560344827587,-1.6425,1.6425,True,-1.5,-1.5,1.25,1.0,False,False,True,True
2018,district_elasticity,IL-17,IL-17,IL,2.405772727272728,5.362272727272727,2.9564999999999992,2.9564999999999992,True,1.5,1.5,0.55,1.0,True,True,False,False
2018,district_elasticity,IL-18,IL-18,IL,-26.475855793977004,-24.330000000000002,2.1458557939770024,2.1458557939770024,True,-1.5,-1.5,0.6733857239,1.0,False,False,True,True
2018,district_elasticity,IL-2,IL-2,IL,61.9135,64.87,2.9565000000000055,2.9565000000000055,True,1.5,1.5,0.55,1.0,True,True,False,False
2018,district_elasticity,IL-3,IL-3,IL,21.147612810976366,21.062386363636367,-0.0852264473399984,0.0852264473399984,True,1.5,1.5,1.012972062,1.0,True,True,False,False
2018,district_elasticity,IL-4,IL-4,IL,76.23417572843,75.3125,-0.921675728430003,0.921675728430003,True,0.0,0.0,1.140285499,1.0,False,False,False,False
2018,district_elasticity,IL-5,IL-5,IL,51.42261417205667,51.85156666666667,0.4289524946100016,0.4289524946100016,True,1.5,1.5,0.934710427,1.0,True,True,False,False
2018,district_elasticity,IL-6,IL-6,IL,10.838695652173914,9.196195652173914,-1.6425,1.6425,True,-1.5,-1.5,1.25,1.0,False,False,True,True
2018,district_elasticity,IL-7,IL-7,IL,82.592081392856,83.75000000000001,1.157918607144012,1.157918607144012,True,1.5,1.5,0.8237566808,1.0,True,True,False,False
2018,district_elasticity,IL-8,IL-8,IL,24.7135,27.669999999999998,2.9564999999999984,2.9564999999999984,True,1.5,1.5,0.55,1.0,True,True,False,False
2018,district_elasticity,IL-9,IL-9,IL,46.087250000000004,49.04375,2.9564999999999984,2.9564999999999984,True,1.5,1.5,0.55,1.0,True,True,False,False
2018,district_elasticity,IN-1,IN-1,IN,19.903040119125368,19.432408536585367,-0.47063158254000115,0.47063158254000115,True,1.5,1.5,1.071633422,1.0,True,True,False,False
2018,district_elasticity,IN-2,IN-2,IN,-17.46534090909091,-19.10784090909091,-1.6425000000000018,1.6425000000000018,True,0.0,0.0,1.25,1.0,False,False,False,False
2018,district_elasticity,IN-3,IN-3,IN,-34.699622737348996,-32.915,1.7846227373489967,1.7846227373489967,True,-1.5,-1.5,0.7283679243,1.0,False,False,True,True
2018,district_elasticity,IN-4,IN-4,IN,-31.86823709528274,-29.89421195652174,1.9740251387610002,1.9740251387610002,True,0.0,0.0,0.6995395527,1.0,False,False,False,False
2018,district_elasticity,IN-5,IN-5,IN,-7.137560975609756,-8.780060975609755,-1.6424999999999992,1.6424999999999992,True,-1.5,-1.5,1.25,1.0,False,False,True,True
2018,district_elasticity,IN-6,IN-6,IN,-35.066635180329996,-35.488749999999996,-0.42211481967,0.42211481967,True,0.0,0.0,1.064248831,1.0,False,False,False,False
2018,district_elasticity,IN-7,IN-7,IN,29.608125,27.965625,-1.6425000000000018,1.6425000000000018,True,1.5,1.5,1.25,1.0,True,True,False,False
2018,district_elasticity,IN-8,IN-8,IN,-31.028339702800004,-31.780000000000005,-0.7516602972000008,0.7516602972000008,True,-1.5,-1.5,1.11440796,1.0,False,False,True,True
2018,district_elasticity,IN-9,IN-9,IN,-22.06159090909091,-23.704090909090908,-1.6424999999999983,1.6424999999999983,True,-1.5,-1.5,1.25,1.0,False,False,True,True
2018,district_elasticity,KS-1,KS-1,KS,-42.03,-42.03,0.0,0.0,False,-1.5,-1.5,1.0,1.0,False,False,True,True
2018,district_elasticity,KS-2,KS-2,KS,-16.886499999999998,-13.93,2.9564999999999984,2.9564999999999984,True,0.0,0.0,0.55,1.0,False,False,False,False
2018,district_elasticity,KS-3,KS-3,KS,5.8125,4.17,-1.6425,1.6425,True,-1.5,-1.5,1.25,1.0,False,False,True,True
2018,district_elasticity,KS-4,KS-4,KS,-27.1865,-24.23,2.9564999999999984,2.9564999999999984,True,-1.5,-1.5,0.55,1.0,False,False,True,True
2018,district_elasticity,KY-1,KY-1,KY,-45.995704841365146,-45.33660714285715,0.659097698507999,0.659097698507999,True,-1.5,-1.5,0.8996807156,1.0,False,False,True,True
2018,district_elasticity,KY-2,KY-2,KY,-38.838963756415595,-37.403617021276595,1.4353467351389995,1.4353467351389995,True,-1.5,-1.5,0.7815301773,1.0,False,False,True,True
2018,district_elasticity,KY-3,KY-3,KY,18.883727272727274,21.840227272727272,2.9564999999999984,2.9564999999999984,True,1.5,1.5,0.55,1.0,True,True,False,False
2018,district_elasticity,KY-4,KY-4,KY,-34.751367959606,-32.93,1.8213679596060004,1.8213679596060004,True,-1.5,-1.5,0.7227750442,1.0,False,False,True,True
2018,district_elasticity,KY-5,KY-5,KY,-62.18080555555556,-59.22430555555556,2.9564999999999984,2.9564999999999984,True,-1.5,-1.5,0.55,1.0,False,False,True,True
2018,district_elasticity,KY-6,KY-6,KY,-10.687500000000002,-12.330000000000002,-1.6425,1.6425,True,-1.5,-1.5,1.25,1.0,False,False,True,True
2018,district_elasticity,LA-1,LA-1,LA,-37.3875,-39.03,-1.6424999999999983,1.6424999999999983,True,-1.5,-1.5,1.25,1.0,False,False,True,True
2018,district_elasticity,LA-2,LA-2,LA,58.37,58.37,0.0,0.0,False,1.5,1.5,1.0,1.0,True,True,False,False
2018,district_elasticity,LA-3,LA-3,LA,-35.13,-35.13,0.0,0.0,False,-1.5,-1.5,1.0,1.0,False,False,True,True
2018,district_elasticity,LA-4,LA-4,LA,-21.03,-21.03,0.0,0.0,False,-1.5,-1.5,1.0,1.0,False,False,True,True
2018,district_elasticity,LA-5,LA-5,LA,-26.43,-26.43,0.0,0.0,False,-1.5,-1.5,1.0,1.0,False,False,True,True
2018,district_elasticity,LA-6,LA-6,LA,-33.7865,-30.83,2.9564999999999984,2.9564999999999984,True,-1.5,-1.5,0.55,1.0,False,False,True,True
2018,district_elasticity,MA-1,MA-1,MA,26.669999999999998,26.669999999999998,0.0,0.0,False,1.5,1.5,1.0,1.0,True,True,False,False
2018,district_elasticity,MA-2,MA-2,MA,25.369999999999997,25.369999999999997,0.0,0.0,False,1.5,1.5,1.0,1.0,True,True,False,False
2018,district_elasticity,MA-3,MA-3,MA,27.97106690844,27.27,-0.7010669084400014,0.7010669084400014,True,0.0,0.0,1.106707292,1.0,False,False,False,False
2018,district_elasticity,MA-4,MA-4,MA,30.169999999999998,30.169999999999998,0.0,0.0,False,1.5,1.5,1.0,1.0,True,True,False,False
2018,district_elasticity,MA-5,MA-5,MA,49.57,49.57,0.0,0.0,False,1.5,1.5,1.0,1.0,True,True,False,False
2018,district_elasticity,MA-6,MA-6,MA,20.9135,23.869999999999997,2.9564999999999984,2.9564999999999984,True,1.5,1.5,0.55,1.0,True,True,False,False
2018,district_elasticity,MA-7,MA-7,MA,76.67000000000002,76.67000000000002,0.0,0.0,False,0.0,0.0,1.0,1.0,False,False,False,False
2018,district_elasticity,MA-8,MA-8,MA,31.97,31.97,0.0,0.0,False,1.5,1.5,1.0,1.0,True,True,False,False
2018,district_elasticity,MA-9,MA-9,MA,18.3125,16.67,-1.6424999999999983,1.6424999999999983,True,1.5,1.5,1.25,1.0,True,True,False,False
2018,district_elasticity,MD-1,MD-1,MD,-28.06463568196643,-25.31607142857143,2.748564253394999,2.748564253394999,True,-1.5,-1.5,0.5816492765,1.0,False,False,True,True
2018,district_elasticity,MD-2,MD-2,MD,30.67897626117,29.88,-0.7989762611700009,0.7989762611700009,True,1.5,1.5,1.121609781,1.0,True,True,False,False
2018,district_elasticity,MD-3,MD-3,MD,37.771249999999995,36.12875,-1.6424999999999983,1.6424999999999983,True,1.5,1.5,1.25,1.0,True,True,False,False
2018,district_elasticity,MD-4,MD-4,MD,64.96967171717172,63.327171717171716,-1.6425000000000054,1.6425000000000054,True,1.5,1.5,1.25,1.0,True,True,False,False
2018,district_elasticity,MD-5,MD-5,MD,38.824999999999996,37.1825,-1.6424999999999983,1.6424999999999983,True,1.5,1.5,1.25,1.0,True,True,False,False
2018,district_elasticity,MD-6,MD-6,MD,21.4225,19.78,-1.6424999999999983,1.6424999999999983,True,0.0,0.0,1.25,1.0,False,False,False,False
2018,district_elasticity,MD-7,MD-7,MD,63.978522727272725,62.33602272727273,-1.6424999999999983,1.6424999999999983,True,1.5,1.5,1.25,1.0,True,True,False,False
2018,district_elasticity,MD-8,MD-8,MD,39.698142267339996,38.44,-1.2581422673399985,1.2581422673399985,True,1.5,1.5,1.191498062,1.0,True,True,False,False
2018,district_elasticity,ME-1,ME-1,ME,17.6441,20.600600000000004,2.956500000000002,2.956500000000002,True,1.5,1.5,0.55,1.0,True,True,False,False
2018,district_elasticity,ME-2,ME-2,ME,-5.6875,-7.33,-1.6425,1.6425,True,-1.5,-1.5,1.25,1.0,False,False,True,True
2018,district_elasticity,MI-1,MI-1,MI,-20.765483010591,-18.330000000000002,2.4354830105909997,2.4354830105909997,True,-1.5,-1.5,0.6293024337,1.0,False,False,True,True
2018,district_elasticity,MI-10,MI-10,MI,-31.173425815120005,-29.230000000000004,1.9434258151200012,1.9434258151200012,True,-1.5,-1.5,0.704196984,1.0,False,False,True,True
2018,district_elasticity,MI-11,MI-11,MI,0.49247278611999956,0.07000000000000028,-0.4224727861199993,0.4224727861199993,True,0.0,0.0,1.064303316,1.0,False,False,False,False
2018,district_elasticity,MI-12,MI-12,MI,31.219474386191,32.269999999999996,1.050525613808997,1.050525613808997,True,1.5,1.5,0.8401026463,1.0,True,True,False,False
2018,district_elasticity,MI-13,MI-13,MI,63.927956339659005,65.17,1.2420436603409968,1.2420436603409968,True,0.0,0.0,0.8109522587,1.0,False,False,False,False
2018,district_elasticity,MI-14,MI-14,MI,66.91385470400999,66.87,-0.0438547040099877,0.0438547040099877,True,1.5,1.5,1.006674993,1.0,True,True,False,False
2018,district_elasticity,MI-2,MI-2,MI,-16.927609307738003,-14.630000000000003,2.297609307738,2.297609307738,True,-1.5,-1.5,0.6502877766,1.0,False,False,True,True
2018,district_elasticity,MI-3,MI-3,MI,-6.36019799422,-6.43,-0.06980200577999973,0.06980200577999973,True,-1.5,-1.5,1.010624354,1.0,False,False,True,True
2018,district_elasticity,MI-4,MI-4,MI,-24.7865,-21.830000000000002,2.9564999999999984,2.9564999999999984,True,-1.5,-1.5,0.55,1.0,False,False,True,True
2018,district_elasticity,MI-5,MI-5,MI,7.213500000000001,10.17,2.9564999999999992,2.9564999999999992,True,1.5,1.5,0.55,1.0,True,True,False,False
2018,district_elasticity,MI-6,MI-6,MI,-8.3865,-5.43,2.9565,2.9565,True,-1.5,-1.5,0.55,1.0,False,False,True,True
2018,district_elasticity,MI-7,MI-7,MI,-16.9865,-14.030000000000001,2.9564999999999984,2.9564999999999984,True,-1.5,-1.5,0.55,1.0,False,False,True,True
2018,district_elasticity,MI-8,MI-8,MI,-6.6865000000000006,-3.7300000000000004,2.9565,2.9565,True,-1.5,-1.5,0.55,1.0,False,False,True,True
2018,district_elasticity,MI-9,MI-9,MI,9.686420176682999,12.27,2.5835798233170006,2.5835798233170006,True,0.0,0.0,0.6067610619,1.0,False,False,False,False
2018,district_elasticity,MN-1,MN-1,MN,-12.649941113228,-10.43,2.219941113228,2.219941113228,True,0.0,0.0,0.6621094196,1.0,False,False,False,False
2018,district_elasticity,MN-2,MN-2,MN,3.4125000000000005,1.7700000000000005,-1.6425,1.6425,True,-1.5,-1.5,1.25,1.0,False,False,True,True
2018,district_elasticity,MN-3,MN-3,MN,13.724989520440001,12.370000000000001,-1.3549895204400002,1.3549895204400002,True,-1.5,-1.5,1.206238892,1.0,False,False,True,True
2018,district_elasticity,MN-4,MN-4,MN,33.9135,36.87,2.9564999999999984,2.9564999999999984,True,1.5,1.5,0.55,1.0,True,True,False,False
2018,district_elasticity,MN-5,MN-5,MN,56.7135,59.67,2.9564999999999984,2.9564999999999984,True,0.0,0.0,0.55,1.0,False,False,False,False
2018,district_elasticity,MN-6,MN-6,MN,-21.6256974494,-22.73,-1.1043025506,1.1043025506,True,-1.5,-1.5,1.16808258,1.0,False,False,True,True
2018,district_elasticity,MN-7,MN-7,MN,-23.1875,-24.83,-1.6424999999999983,1.6424999999999983,True,1.5,1.5,1.25,1.0,True,True,False,False
2018,district_elasticity,MN-8,MN-8,MN,-11.921020978641,-11.129999999999999,0.7910209786410007,0.7910209786410007,True,0.0,0.0,0.8796010687,1.0,False,False,False,False
2018,district_elasticity,MO-1,MO-1,MO,64.5948860391,64.17,-0.4248860391000022,0.4248860391000022,True,1.5,1.5,1.06467063,1.0,True,True,False,False
2018,district_elasticity,MO-2,MO-2,MO,-5.6875,-7.33,-1.6425,1.6425,True,-1.5,-1.5,1.25,1.0,False,False,True,True
2018,district_elasticity,MO-3,MO-3,MO,-34.97870834193,-36.03,-1.0512916580699994,1.0512916580699994,True,-1.5,-1.5,1.160013951,1.0,False,False,True,True
2018,district_elasticity,MO-4,MO-4,MO,-31.387500000000003,-33.03,-1.6424999999999983,1.6424999999999983,True,-1.5,-1.5,1.25,1.0,False,False,True,True
2018,district_elasticity,MO-5,MO-5,MO,21.1125,19.47,-1.6425000000000018,1.6425000000000018,True,1.5,1.5,1.25,1.0,True,True,False,False
2018,district_elasticity,MO-6,MO-6,MO,-30.262855818131,-28.43,1.8328558181310015,1.8328558181310015,True,-1.5,-1.5,0.7210265117,1.0,False,False,True,True
2018,district_elasticity,MO-7,MO-7,MO,-45.6865,-42.730000000000004,2.9564999999999984,2.9564999999999984,True,-1.5,-1.5,0.55,1.0,False,False,True,True
2018,district_elasticity,MO-8,MO-8,MO,-54.3865,-51.43,2.9564999999999984,2.9564999999999984,True,-1.5,-1.5,0.55,1.0,False,False,True,True
2018,district_elasticity,MS-1,MS-1,MS,-28.553035714285716,-30.195535714285715,-1.6424999999999983,1.6424999999999983,True,-1.5,-1.5,1.25,1.0,False,False,True,True
2018,district_elasticity,MS-2,MS-2,MS,35.45715909090909,35.45715909090909,0.0,0.0,False,1.5,1.5,1.0,1.0,True,True,False,False
2018,district_elasticity,MS-3,MS-3,MS,-19.084134615384617,-20.726634615384615,-1.6424999999999983,1.6424999999999983,True,0.0,0.0,1.25,1.0,False,False,False,False
2018,district_elasticity,MS-4,MS-4,MS,-37.03056818181819,-38.67306818181819,-1.6424999999999983,1.6424999999999983,True,-1.5,-1.5,1.25,1.0,False,False,True,True
2018,district_elasticity,MT-AL,MT-AL,MT,-19.393315136072,-17.630000000000003,1.7633151360719985,1.7633151360719985,True,-1.5,-1.5,0.7316110904,1.0,False,False,True,True
2018,district_elasticity,NC-1,NC-1,NC,42.63324350041682,44.58318181818182,1.9499383177650031,1.9499383177650031,True,1.5,1.5,0.7032057355,1.0,True,True,False,False
2018,district_elasticity,NC-10,NC-10,NC,-22.31999285638073,-21.19727272727273,1.122720129108,1.122720129108,True,-1.5,-1.5,0.8291141356,1.0,False,False,True,True
2018,district_elasticity,NC-11,NC-11,NC,-25.43741449737818,-25.701818181818183,-0.2644036844400013,0.2644036844400013,True,-1.5,-1.5,1.040244092,1.0,False,False,True,True
2018,district_elasticity,NC-12,NC-12,NC,42.5285,45.485,2.9564999999999984,2.9564999999999984,True,1.5,1.5,0.55,1.0,True,True,False,False
2018,district_elasticity,NC-13,NC-13,NC,-8.149829927887001,-5.5112499999999995,2.638579927887002,2.638579927887002,True,-1.5,-1.5,0.5983896609,1.0,False,False,True,True
2018,district_elasticity,NC-2,NC-2,NC,-8.316539407947072,-6.6344817073170725,1.6820577006299997,1.6820577006299997,True,-1.5,-1.5,0.743979041,1.0,False,False,True,True
2018,district_elasticity,NC-3,NC-3,NC,-20.48634187116,-20.771250000000002,-0.2849081288400015,0.2849081288400015,True,-1.5,-1.5,1.043365012,1.0,False,False,True,True
2018,district_elasticity,NC-4,NC-4,NC,43.27679545454546,46.233295454545456,2.9564999999999984,2.9564999999999984,True,1.5,1.5,0.55,1.0,True,True,False,False
2018,district_elasticity,NC-5,NC-5,NC,-11.996871394630002,-12.037900000000002,-0.04102860537000019,0.04102860537000019,True,-1.5,-1.5,1.006244841,1.0,False,False,True,True
2018,district_elasticity,NC-6,NC-6,NC,-14.6865,-11.73,2.9565,2.9565,True,-1.5,-1.5,0.55,1.0,False,False,True,True
2018,district_elasticity,NC-7,NC-7,NC,-13.0875,-14.73,-1.6425,1.6425,True,-1.5,-1.5,1.25,1.0,False,False,True,True
2018,district_elasticity,NC-8,NC-8,NC,-9.500250000000001,-11.142750000000001,-1.6425,1.6425,True,-1.5,-1.5,1.25,1.0,False,False,True,True
2018,district_elasticity,NC-9,NC-9,NC,-3.129999999999999,-3.129999999999999,0.0,0.0,False,0.0,0.0,1.0,1.0,False,False,False,False
2018,district_elasticity,ND-AL,ND-AL,ND,-32.77,-32.77,0.0,0.0,False,0.0,0.0,1.0,1.0,False,False,False,False
2018,district_elasticity,NE-1,NE-1,NE,-21.553772727272726,-18.597272727272728,2.9564999999999984,2.9564999999999984,True,-1.5,-1.5,0.55,1.0,False,False,True,True
2018,district_elasticity,NE-2,NE-2,NE,-2.1865,0.7699999999999996,2.9564999999999997,2.9564999999999997,True,-1.5,-1.5,0.55,1.0,False,False,True,True
2018,district_elasticity,NE-3,NE-3,NE,-55.274885082131746,-52.942021276595746,2.3328638055360003,2.3328638055360003,True,-1.5,-1.5,0.6449217952,1.0,False,False,True,True
2018,district_elasticity,NH-1,NH-1,NH,3.1154407065800003,2.87,-0.24544070658000017,0.24544070658000017,True,0.0,0.0,1.037357794,1.0,False,False,False,False
2018,district_elasticity,NH-2,NH-2,NH,5.413500000000001,8.370000000000001,2.9565,2.9565,True,1.5,1.5,0.55,1.0,True,True,False,False
2018,district_elasticity,NJ-1,NJ-1,NJ,31.680949999999996,30.038449999999997,-1.6424999999999983,1.6424999999999983,True,1.5,1.5,1.25,1.0,True,True,False,False
2018,district_elasticity,NJ-10,NJ-10,NJ,75.58114317497602,77.18,1.5988568250239865,1.5988568250239865,True,1.5,1.5,0.7566427968,1.0,True,True,False,False
2018,district_elasticity,NJ-11,NJ-11,NJ,3.3106728389280002,3.5700000000000003,0.25932716107200005,0.25932716107200005,True,0.0,0.0,0.9605285904,1.0,False,False,False,False
2018,district_elasticity,NJ-12,NJ-12,NJ,40.8125,39.17,-1.6424999999999983,1.6424999999999983,True,1.5,1.5,1.25,1.0,True,True,False,False
2018,district_elasticity,NJ-2,NJ-2,NJ,-1.3485639477228046,-0.7305487804878039,0.6180151672350007,0.6180151672350007,True,0.0,0.0,0.9059337645,1.0,False,False,False,False
2018,district_elasticity,NJ-3,NJ-3,NJ,-5.819000000000001,-2.8625000000000007,2.9565,2.9565,True,-1.5,-1.5,0.55,1.0,False,False,True,True
2018,district_elasticity,NJ-4,NJ-4,NJ,-12.364034019640002,-13.104700000000001,-0.7406659803599993,0.7406659803599993,True,-1.5,-1.5,1.112734548,1.0,False,False,True,True
2018,district_elasticity,NJ-5,NJ-5,NJ,5.367478420946286,6.110714285714286,0.7432358647679997,0.7432358647679997,True,1.5,1.5,0.8868742976,1.0,True,True,False,False
2018,district_elasticity,NJ-6,NJ-6,NJ,23.00930297217,22.37535,-0.6339529721700004,0.6339529721700004,True,1.5,1.5,1.096492081,1.0,True,True,False,False
2018,district_elasticity,NJ-7,NJ-7,NJ,2.9246398697145617,3.5181097560975614,0.5934698863829997,0.5934698863829997,True,-1.5,-1.5,0.9096697281,1.0,False,False,True,True
2018,district_elasticity,NJ-8,NJ-8,NJ,57.37975,60.33625,2.9564999999999984,2.9564999999999984,True,1.5,1.5,0.55,1.0,True,True,False,False
2018,district_elasticity,NJ-9,NJ-9,NJ,38.9045527362,37.800000000000004,-1.1045527361999987,1.1045527361999987,True,1.5,1.5,1.16812066,1.0,True,True,False,False
2018,district_elasticity,NM-1,NM-1,NM,19.63339731965609,20.44340909090909,0.8100117712529986,0.8100117712529986,True,0.0,0.0,0.8767105371,1.0,False,False,False,False
2018,district_elasticity,NM-2,NM-2,NM,-4.586166252149998,-5.729999999999999,-1.1438337478500005,1.1438337478500005,True,0.0,0.0,1.174099505,1.0,False,False,False,False
2018,district_elasticity,NM-3,NM-3,NM,20.17384823412488,22.121280487804878,1.9474322536799988,1.9474322536799988,True,1.5,1.5,0.703587176,1.0,True,True,False,False
2018,district_elasticity,NV-1,NV-1,NV,37.173199999999994,35.530699999999996,-1.6424999999999983,1.6424999999999983,True,1.5,1.5,1.25,1.0,True,True,False,False
2018,district_elasticity,NV-2,NV-2,NV,-7.6875,-9.33,-1.6425,1.6425,True,-1.5,-1.5,1.25,1.0,False,False,True,True
2018,district_elasticity,NV-3,NV-3,NV,5.6483423913043485,4.005842391304348,-1.6425,1.6425,True,0.0,0.0,1.25,1.0,False,False,False,False
2018,district_elasticity,NV-4,NV-4,NV,11.495053191489363,9.852553191489363,-1.6425,1.6425,True,0.0,0.0,1.25,1.0,False,False,False,False
2018,district_elasticity,NY-1,NY-1,NY,-7.300113636363636,-8.942613636363637,-1.642500000000001,1.642500000000001,True,-1.5,-1.5,1.25,1.0,False,False,True,True
2018,district_elasticity,NY-10,NY-10,NY,65.47,65.47,0.0,0.0,False,1.5,1.5,1.0,1.0,True,True,False,False
2018,district_elasticity,NY-11,NY-11,NY,-10.120067073170732,-7.163567073170732,2.9565,2.9565,True,-1.5,-1.5,0.55,1.0,False,False,True,True
2018,district_elasticity,NY-12,NY-12,NY,74.200903880822,75.77000000000001,1.5690961191780133,1.5690961191780133,True,1.5,1.5,0.7611725846,1.0,True,True,False,False
2018,district_elasticity,NY-13,NY-13,NY,92.87,92.87,0.0,0.0,False,1.5,1.5,1.0,1.0,True,True,False,False
2018,district_elasticity,NY-14,NY-14,NY,62.11720108695652,62.11720108695652,0.0,0.0,False,0.0,0.0,1.0,1.0,False,False,False,False
2018,district_elasticity,NY-15,NY-15,NY,96.41875,96.41875,0.0,0.0,False,1.5,1.5,1.0,1.0,True,True,False,False
2018,district_elasticity,NY-16,NY-16,NY,60.565,60.565,0.0,0.0,False,1.5,1.5,1.0,1.0,True,True,False,False
2018,district_elasticity,NY-17,NY-17,NY,26.73273149858909,25.38965909090909,-1.3430724076800011,1.3430724076800011,True,1.5,1.5,1.204425024,1.0,True,True,False,False
2018,district_elasticity,NY-18,NY-18,NY,3.4104298576299095,5.63784090909091,2.2274110514610004,2.2274110514610004,True,1.5,1.5,0.6609724427,1.0,True,True,False,False
2018,district_elasticity,NY-19,NY-19,NY,-1.121590909090909,-2.764090909090909,-1.6425,1.6425,True,-1.5,-1.5,1.25,1.0,False,False,True,True
2018,district_elasticity,NY-2,NY-2,NY,-5.499725609756096,-7.142225609756096,-1.6425,1.6425,True,-1.5,-1.5,1.25,1.0,False,False,True,True
2018,district_elasticity,NY-20,NY-20,NY,22.0659,20.423399999999997,-1.6425000000000018,1.6425000000000018,True,1.5,1.5,1.25,1.0,True,True,False,False
2018,district_elasticity,NY-21,NY-21,NY,-9.2875,-10.93,-1.6425,1.6425,True,-1.5,-1.5,1.25,1.0,False,False,True,True
2018,district_elasticity,NY-22,NY-22,NY,-11.191250000000002,-11.191250000000002,0.0,0.0,False,-1.5,-1.5,1.0,1.0,False,False,True,True
2018,district_elasticity,NY-23,NY-23,NY,-11.377500000000001,-13.020000000000001,-1.6425,1.6425,True,-1.5,-1.5,1.25,1.0,False,False,True,True
2018,district_elasticity,NY-24,NY-24,NY,8.42625,6.78375,-1.6424999999999992,1.6424999999999992,True,-1.5,-1.5,1.25,1.0,False,False,True,True
2018,district_elasticity,NY-25,NY-25,NY,22.13986413043478,20.49736413043478,-1.6425000000000018,1.6425000000000018,True,0.0,0.0,1.25,1.0,False,False,False,False
2018,district_elasticity,NY-26,NY-26,NY,28.971249999999998,27.32875,-1.6424999999999983,1.6424999999999983,True,1.5,1.5,1.25,1.0,True,True,False,False
2018,district_elasticity,NY-27,NY-27,NY,-19.887500000000003,-21.53,-1.6424999999999983,1.6424999999999983,True,-1.5,-1.5,1.25,1.0,False,False,True,True
2018,district_elasticity,NY-3,NY-3,NY,12.975380427671444,13.533194444444444,0.5578140167729995,0.5578140167729995,True,1.5,1.5,0.9150968011,1.0,True,True,False,False
2018,district_elasticity,NY-4,NY-4,NY,16.979431818181816,15.336931818181819,-1.6424999999999965,1.6424999999999965,True,1.5,1.5,1.25,1.0,True,True,False,False
2018,district_elasticity,NY-5,NY-5,NY,78.01386363636364,78.01386363636364,0.0,0.0,False,1.5,1.5,1.0,1.0,True,True,False,False
2018,district_elasticity,NY-6,NY-6,NY,41.05926136363636,41.05926136363636,0.0,0.0,False,1.5,1.5,1.0,1.0,True,True,False,False
2018,district_elasticity,NY-7,NY-7,NY,84.11250000000001,82.47,-1.6425000000000125,1.6425000000000125,True,1.5,1.5,1.25,1.0,True,True,False,False
2018,district_elasticity,NY-8,NY-8,NY,77.16795731707316,77.16795731707316,0.0,0.0,False,1.5,1.5,1.0,1.0,True,True,False,False
2018,district_elasticity,NY-9,NY-9,NY,75.91477272727272,75.91477272727272,0.0,0.0,False,1.5,1.5,1.0,1.0,True,True,False,False
2018,district_elasticity,OH-1,OH-1,OH,-3.324107536667727,-3.2147727272727264,0.1093348093950004,0.1093348093950004,True,-1.5,-1.5,0.9833584765,1.0,False,False,True,True
2018,district_elasticity,OH-10,OH-10,OH,-5.7904785369999985,-7.256349999999999,-1.465871463000001,1.465871463000001,True,-1.5,-1.5,1.2231159,1.0,False,False,True,True
2018,district_elasticity,OH-11,OH-11,OH,68.08307163768772,69.89477272727272,1.811701089585,1.811701089585,True,1.5,1.5,0.7242464095,1.0,True,True,False,False
2018,district_elasticity,OH-12,OH-12,OH,-7.6408695652173915,-9.283369565217392,-1.6425,1.6425,True,-1.5,-1.5,1.25,1.0,False,False,True,True
2018,district_elasticity,OH-13,OH-13,OH,12.46340890553591,12.97909090909091,0.5156820035549998,0.5156820035549998,True,1.5,1.5,0.9215095885,1.0,True,True,False,False
2018,district_elasticity,OH-14,OH-14,OH,-8.24935,-9.89185,-1.6425,1.6425,True,-1.5,-1.5,1.25,1.0,False,False,True,True
2018,district_elasticity,OH-15,OH-15,OH,-12.54795401058418,-12.40931818181818,0.13863582876599878,0.13863582876599878,True,-1.5,-1.5,0.9788986562,1.0,False,False,True,True
2018,district_elasticity,OH-16,OH-16,OH,-10.5875,-12.23,-1.6425,1.6425,True,0.0,0.0,1.25,1.0,False,False,False,False
2018,district_elasticity,OH-2,OH-2,OH,-11.697500000000002,-13.340000000000002,-1.6425,1.6425,True,-1.5,-1.5,1.25,1.0,False,False,True,True
2018,district_elasticity,OH-3,OH-3,OH,45.397724999999994,43.755224999999996,-1.6424999999999983,1.6424999999999983,True,1.5,1.5,1.25,1.0,True,True,False,False
2018,district_elasticity,OH-4,OH-4,OH,-29.067956172330003,-30.117075000000003,-1.04911882767,1.04911882767,True,-1.5,-1.5,1.159683231,1.0,False,False,True,True
2018,district_elasticity,OH-5,OH-5,OH,-21.579500000000003,-23.222,-1.6424999999999983,1.6424999999999983,True,-1.5,-1.5,1.25,1.0,False,False,True,True
2018,district_elasticity,OH-6,OH-6,OH,-41.01754116590401,-39.236250000000005,1.7812911659040012,1.7812911659040012,True,-1.5,-1.5,0.7288750128,1.0,False,False,True,True
2018,district_elasticity,OH-7,OH-7,OH,-26.742727272727272,-26.742727272727272,0.0,0.0,False,-1.5,-1.5,1.0,1.0,False,False,True,True
2018,district_elasticity,OH-8,OH-8,OH,-34.31142236024845,-31.354922360248448,2.956500000000002,2.956500000000002,True,-1.5,-1.5,0.55,1.0,False,False,True,True
2018,district_elasticity,OH-9,OH-9,OH,33.8125,32.17,-1.6424999999999983,1.6424999999999983,True,1.5,1.5,1.25,1.0,True,True,False,False
2018,district_elasticity,OK-1,OK-1,OK,-24.23,-24.23,0.0,0.0,False,0.0,0.0,1.0,1.0,False,False,False,False
2018,district_elasticity,OK-2,OK-2,OK,-42.15401515151515,-43.79651515151515,-1.6424999999999983,1.6424999999999983,True,-1.5,-1.5,1.25,1.0,False,False,True,True
2018,district_elasticity,OK-3,OK-3,OK,-52.490500000000004,-49.534000000000006,2.9564999999999984,2.9564999999999984,True,-1.5,-1.5,0.55,1.0,False,False,True,True
2018,district_elasticity,OK-4,OK-4,OK,-35.121049945787,-34.463,0.658049945786999,0.658049945786999,True,-1.5,-1.5,0.8998401909,1.0,False,False,True,True
2018,district_elasticity,OK-5,OK-5,OK,-11.825483818633268,-9.781432926829268,2.044050891804,2.044050891804,True,-1.5,-1.5,0.6888811428,1.0,False,False,True,True
2018,district_elasticity,OR-1,OR-1,OR,26.554868358594,28.809375,2.2545066414059995,2.2545066414059995,True,1.5,1.5,0.6568483042,1.0,True,True,False,False
2018,district_elasticity,OR-2,OR-2,OR,-18.479391380948854,-17.803536585365855,0.6758547955829997,0.6758547955829997,True,-1.5,-1.5,0.8971301681,1.0,False,False,True,True
2018,district_elasticity,OR-3,OR-3,OR,51.2135,54.17,2.9564999999999984,2.9564999999999984,True,1.5,1.5,0.55,1.0,True,True,False,False
2018,district_elasticity,OR-4,OR-4,OR,-0.427863636363635,2.5286363636363647,2.9564999999999997,2.9564999999999997,True,1.5,1.5,0.55,1.0,True,True,False,False
2018,district_elasticity,OR-5,OR-5,OR,6.977250000000001,9.93375,2.9564999999999992,2.9564999999999992,True,1.5,1.5,0.55,1.0,True,True,False,False
2018,district_elasticity,PA-1,PA-1,PA,0.06448312094085829,2.122142857142858,2.057659736202,2.057659736202,True,-1.5,-1.5,0.6868097814,1.0,False,False,True,True
2018,district_elasticity,PA-10,PA-10,PA,-0.37772444344,-1.9299999999999997,-1.5522755565599997,1.5522755565599997,True,-1.5,-1.5,1.236267208,1.0,False,False,True,True
2018,district_elasticity,PA-11,PA-11,PA,-20.907857142857143,-22.550357142857145,-1.6425000000000018,1.6425000000000018,True,-1.5,-1.5,1.25,1.0,False,False,True,True
2018,district_elasticity,PA-12,PA-12,PA,-36.05455563866,-37.43,-1.3754443613400014,1.3754443613400014,True,-1.5,-1.5,1.209352262,1.0,False,False,True,True
2018,district_elasticity,PA-13,PA-13,PA,-42.985520925482945,-41.32439393939394,1.661126986089002,1.661126986089002,True,0.0,0.0,0.7471648423,1.0,False,False,False,False
2018,district_elasticity,PA-14,PA-14,PA,-23.559545454545457,-23.559545454545457,0.0,0.0,False,0.0,0.0,1.0,1.0,False,False,False,False
2018,district_elasticity,PA-15,PA-15,PA,-40.410325,-40.410325,0.0,0.0,False,-1.5,-1.5,1.0,1.0,False,False,True,True
2018,district_elasticity,PA-16,PA-16,PA,-19.408441489361703,-16.451941489361705,2.9564999999999984,2.9564999999999984,True,-1.5,-1.5,0.55,1.0,False,False,True,True
2018,district_elasticity,PA-17,PA-17,PA,0.5465880279523634,2.3011363636363638,1.7545483356840004,1.7545483356840004,True,0.0,0.0,0.7329454588,1.0,True,True,True,True
2018,district_elasticity,PA-18,PA-18,PA,33.47,33.47,0.0,0.0,False,1.5,1.5,1.0,1.0,True,True,False,False
2018,district_elasticity,PA-2,PA-2,PA,54.53210751783032,55.04122340425532,0.5091158864250005,0.5091158864250005,True,1.5,1.5,0.9225089975,1.0,True,True,False,False
2018,district_elasticity,PA-3,PA-3,PA,89.49086808870202,89.87,0.3791319112979892,0.3791319112979892,True,1.5,1.5,0.9422934686,1.0,True,True,False,False
2018,district_elasticity,PA-4,PA-4,PA,25.4125,23.77,-1.6425000000000018,1.6425000000000018,True,0.0,0.0,1.25,1.0,False,False,False,False
2018,district_elasticity,PA-5,PA-5,PA,29.303771739130436,32.26027173913044,2.956500000000002,2.956500000000002,True,0.0,0.0,0.55,1.0,False,False,False,False
2018,district_elasticity,PA-6,PA-6,PA,10.564125,13.520625,2.9565,2.9565,True,0.0,0.0,0.55,1.0,False,False,False,False
2018,district_elasticity,PA-7,PA-7,PA,4.947962936375,5.54375,0.595787063625,0.595787063625,True,0.0,0.0,0.9093170375,1.0,False,False,False,False
2018,district_elasticity,PA-8,PA-8,PA,-1.226249999999999,-2.868749999999999,-1.6425,1.6425,True,1.5,1.5,1.25,1.0,True,True,False,False
2018,district_elasticity,PA-9,PA-9,PA,-31.210932391773785,-29.227804878048783,1.9831275137250017,1.9831275137250017,True,0.0,0.0,0.6981541075,1.0,False,False,False,False
2018,district_elasticity,RI-1,RI-1,RI,28.613500000000002,31.57,2.9564999999999984,2.9564999999999984,True,1.5,1.5,0.55,1.0,True,True,False,False
2018,district_elasticity,RI-2,RI-2,RI,10.1135,13.07,2.9565,2.9565,True,1.5,1.5,0.55,1.0,True,True,False,False
2018,district_elasticity,SC-1,SC-1,SC,-8.629999999999999,-8.629999999999999,0.0,0.0,False,0.0,0.0,1.0,1.0,False,False,False,False
2018,district_elasticity,SC-2,SC-2,SC,-17.144930435271,-14.39295,2.7519804352709993,2.7519804352709993,True,-1.5,-1.5,0.5811293097,1.0,False,False,True,True
2018,district_elasticity,SC-3,SC-3,SC,-35.626314523592,-35.03,0.5963145235919995,0.5963145235919995,True,-1.5,-1.5,0.9092367544,1.0,False,False,True,True
2018,district_elasticity,SC-4,SC-4,SC,-20.487045454545456,-20.487045454545456,0.0,0.0,False,0.0,0.0,1.0,1.0,False,False,False,False
2018,district_elasticity,SC-5,SC-5,SC,-16.532448142163002,-15.530000000000001,1.0024481421630007,1.0024481421630007,True,-1.5,-1.5,0.8474203741,1.0,False,False,True,True
2018,district_elasticity,SC-6,SC-6,SC,39.003725,41.960225,2.9564999999999984,2.9564999999999984,True,1.5,1.5,0.55,1.0,True,True,False,False
2018,district_elasticity,SC-7,SC-7,SC,-18.72320772457127,-16.38022727272727,2.3429804518439994,2.3429804518439994,True,-1.5,-1.5,0.6433819708,1.0,False,False,True,True
2018,district_elasticity,SD-AL,SD-AL,SD,-23.6875,-25.330000000000002,-1.6425000000000018,1.6425000000000018,True,0.0,0.0,1.25,1.0,False,False,False,False
2018,district_elasticity,TN-1,TN-1,TN,-54.03,-54.03,0.0,0.0,False,-1.5,-1.5,1.0,1.0,False,False,True,True
2018,district_elasticity,TN-2,TN-2,TN,-33.8865,-30.93,2.9564999999999984,2.9564999999999984,True,0.0,0.0,0.55,1.0,False,False,False,False
2018,district_elasticity,TN-3,TN-3,TN,-35.1865,-32.230000000000004,2.9564999999999984,2.9564999999999984,True,-1.5,-1.5,0.55,1.0,False,False,True,True
2018,district_elasticity,TN-4,TN-4,TN,-37.69792383274,-38.230000000000004,-0.5320761672600014,0.5320761672600014,True,-1.5,-1.5,1.080985718,1.0,False,False,True,True
2018,district_elasticity,TN-5,TN-5,TN,22.727488416747,24.27,1.542511583252999,1.542511583252999,True,1.5,1.5,0.7652189371,1.0,True,True,False,False
2018,district_elasticity,TN-6,TN-6,TN,-47.3865,-44.43,2.9564999999999984,2.9564999999999984,True,0.0,0.0,0.55,1.0,False,False,False,False
2018,district_elasticity,TN-7,TN-7,TN,-37.7865,-34.83,2.9564999999999984,2.9564999999999984,True,0.0,0.0,0.55,1.0,False,False,False,False
2018,district_elasticity,TN-8,TN-8,TN,-33.022569530984,-32.63,0.39256953098399805,0.39256953098399805,True,-1.5,-1.5,0.9402481688,1.0,False,False,True,True
2018,district_elasticity,TN-9,TN-9,TN,61.44906171451,63.67,2.22093828549,2.22093828549,True,1.5,1.5,0.661957643,1.0,True,True,False,False
2018,district_elasticity,TX-1,TX-1,TX,-43.78154544367,-44.665,-0.8834545563300011,0.8834545563300011,True,-1.5,-1.5,1.134467969,1.0,False,False,True,True
2018,district_elasticity,TX-10,TX-10,TX,-6.484630317003999,-6.129999999999999,0.35463031700400016,0.35463031700400016,True,-1.5,-1.5,0.9460227828,1.0,False,False,True,True
2018,district_elasticity,TX-11,TX-11,TX,-55.730000000000004,-55.730000000000004,0.0,0.0,False,-1.5,-1.5,1.0,1.0,False,False,True,True
2018,district_elasticity,TX-12,TX-12,TX,-30.623518947970997,-27.807499999999997,2.816018947970999,2.816018947970999,True,-1.5,-1.5,0.5713821997,1.0,False,False,True,True
2018,district_elasticity,TX-13,TX-13,TX,-58.94125,-58.94125,0.0,0.0,False,-1.5,-1.5,1.0,1.0,False,False,True,True
2018,district_elasticity,TX-14,TX-14,TX,-15.135000000000002,-16.777500000000003,-1.6425000000000018,1.6425000000000018,True,-1.5,-1.5,1.25,1.0,False,False,True,True
2018,district_elasticity,TX-15,TX-15,TX,25.072469512195124,23.429969512195125,-1.6424999999999983,1.6424999999999983,True,1.5,1.5,1.25,1.0,True,True,False,False
2018,district_elasticity,TX-16,TX-16,TX,41.33355434782609,44.290054347826086,2.9564999999999984,2.9564999999999984,True,0.0,0.0,0.55,1.0,False,False,False,False
2018,district_elasticity,TX-17,TX-17,TX,-12.79590425531915,-14.438404255319151,-1.6425,1.6425,True,-1.5,-1.5,1.25,1.0,False,False,True,True
2018,district_elasticity,TX-18,TX-18,TX,61.356114420463,62.47,1.1138855795369977,1.1138855795369977,True,1.5,1.5,0.8304588159,1.0,True,True,False,False
2018,district_elasticity,TX-19,TX-19,TX,-46.03,-46.03,0.0,0.0,False,-1.5,-1.5,1.0,1.0,False,False,True,True
2018,district_elasticity,TX-2,TX-2,TX,-3.605537536799999,-4.83,-1.224462463200001,1.224462463200001,True,0.0,0.0,1.18637176,1.0,False,False,False,False
2018,district_elasticity,TX-20,TX-20,TX,34.54625,34.54625,0.0,0.0,False,1.5,1.5,1.0,1.0,True,True,False,False
2018,district_elasticity,TX-21,TX-21,TX,-4.847499999999999,-4.847499999999999,0.0,0.0,False,0.0,0.0,1.0,1.0,False,False,False,False
2018,district_elasticity,TX-22,TX-22,TX,-4.80265661089,-4.9825,-0.1798433891100002,0.1798433891100002,True,-1.5,-1.5,1.027373423,1.0,False,False,True,True
2018,district_elasticity,TX-23,TX-23,TX,5.7245818588,6.37,0.6454181412000004,0.6454181412000004,True,-1.5,-1.5,0.90176284,1.0,False,False,True,True
2018,district_elasticity,TX-24,TX-24,TX,-1.446646341463415,-3.0891463414634153,-1.6425000000000003,1.6425000000000003,True,-1.5,-1.5,1.25,1.0,False,False,True,True
2018,district_elasticity,TX-25,TX-25,TX,-12.77258161794553,-11.02514705882353,1.7474345591220004,1.7474345591220004,True,-1.5,-1.5,0.7340282254,1.0,False,False,True,True
2018,district_elasticity,TX-26,TX-26,TX,-24.0025,-24.0025,0.0,0.0,False,-1.5,-1.5,1.0,1.0,False,False,True,True
2018,district_elasticity,TX-27,TX-27,TX,-18.159673913043484,-19.802173913043482,-1.6424999999999983,1.6424999999999983,True,-1.5,-1.5,1.25,1.0,False,False,True,True
2018,district_elasticity,TX-28,TX-28,TX,28.39559659090909,28.39559659090909,0.0,0.0,False,1.5,1.5,1.0,1.0,True,True,False,False
2018,district_elasticity,TX-29,TX-29,TX,52.18326086956522,52.18326086956522,0.0,0.0,False,0.0,0.0,1.0,1.0,False,False,False,False
2018,district_elasticity,TX-3,TX-3,TX,-10.00284090909091,-10.00284090909091,0.0,0.0,False,0.0,0.0,1.0,1.0,False,False,False,False
2018,district_elasticity,TX-30,TX-30,TX,66.77,66.77,0.0,0.0,False,1.5,1.5,1.0,1.0,True,True,False,False
2018,district_elasticity,TX-31,TX-31,TX,-8.946307019055675,-9.525675675675675,-0.5793686566199998,0.5793686566199998,True,-1.5,-1.5,1.088183966,1.0,False,False,True,True
2018,district_elasticity,TX-32,TX-32,TX,4.962254809960001,4.87,-0.0922548099600009,0.0922548099600009,True,-1.5,-1.5,1.014041828,1.0,False,False,True,True
2018,district_elasticity,TX-33,TX-33,TX,55.384691142191144,55.384691142191144,0.0,0.0,False,1.5,1.5,1.0,1.0,True,True,False,False
2018,district_elasticity,TX-34,TX-34,TX,26.833417198959715,27.778035714285714,0.9446185153259989,0.9446185153259989,True,1.5,1.5,0.8562224482,1.0,True,True,False,False
2018,district_elasticity,TX-35,TX-35,TX,37.657795548237,39.57,1.912204451763003,1.912204451763003,True,1.5,1.5,0.7089490941,1.0,True,True,False,False
2018,district_elasticity,TX-36,TX-36,TX,-42.22912839776787,-43.09351063829787,-0.8643822405299986,0.8643822405299986,True,-1.5,-1.5,1.131565029,1.0,False,False,True,True
2018,district_elasticity,TX-4,TX-4,TX,-50.764451219512196,-50.764451219512196,0.0,0.0,False,-1.5,-1.5,1.0,1.0,False,False,True,True
2018,district_elasticity,TX-5,TX-5,TX,-23.33423913043478,-23.33423913043478,0.0,0.0,False,0.0,0.0,1.0,1.0,False,False,False,False
2018,district_elasticity,TX-6,TX-6,TX,-7.552427649407999,-7.2787500000000005,0.27367764940799866,0.27367764940799866,True,0.0,0.0,0.9583443456,1.0,False,False,False,False
2018,district_elasticity,TX-7,TX-7,TX,5.310777972180435,4.301521739130435,-1.0092562330499995,1.0092562330499995,True,-1.5,-1.5,1.153615865,1.0,False,False,True,True
2018,district_elasticity,TX-8,TX-8,TX,-45.72897727272727,-45.72897727272727,0.0,0.0,False,-1.5,-1.5,1.0,1.0,False,False,True,True
2018,district_elasticity,TX-9,TX-9,TX,67.27,67.27,0.0,0.0,False,1.5,1.5,1.0,1.0,True,True,False,False
2018,district_elasticity,UT-1,UT-1,UT,-24.600923076923078,-21.64442307692308,2.9564999999999984,2.9564999999999984,True,-1.5,-1.5,0.55,1.0,False,False,True,True
2018,district_elasticity,UT-2,UT-2,UT,-15.138298780487807,-12.181798780487807,2.9565,2.9565,True,-1.5,-1.5,0.55,1.0,False,False,True,True
2018,district_elasticity,UT-3,UT-3,UT,-23.577608971403,-20.825,2.7526089714029993,2.7526089714029993,True,-1.5,-1.5,0.5810336421,1.0,False,False,True,True
2018,district_elasticity,UT-4,UT-4,UT,-9.120907534080999,-6.48625,2.634657534080999,2.634657534080999,True,-1.5,-1.5,0.5989866767,1.0,False,False,True,True
2018,district_elasticity,VA-1,VA-1,VA,-7.7875,-9.43,-1.6425,1.6425,True,-1.5,-1.5,1.25,1.0,False,False,True,True
2018,district_elasticity,VA-10,VA-10,VA,10.02736352125,12.97,2.94263647875,2.94263647875,True,-1.5,-1.5,0.552110125,1.0,False,False,True,True
2018,district_elasticity,VA-11,VA-11,VA,46.17668490787,45.37,-0.8066849078700002,0.8066849078700002,True,1.5,1.5,1.122783091,1.0,True,True,False,False
2018,district_elasticity,VA-2,VA-2,VA,-1.0409510250519993,-0.4299999999999997,0.6109510250519996,0.6109510250519996,True,-1.5,-1.5,0.9070089764,1.0,False,False,True,True
2018,district_elasticity,VA-3,VA-3,VA,37.67,37.67,0.0,0.0,False,1.5,1.5,1.0,1.0,True,True,False,False
2018,district_elasticity,VA-4,VA-4,VA,29.2125,27.57,-1.6424999999999983,1.6424999999999983,True,1.5,1.5,1.25,1.0,True,True,False,False
2018,district_elasticity,VA-5,VA-5,VA,-4.987499999999999,-6.629999999999999,-1.6425,1.6425,True,0.0,0.0,1.25,1.0,False,False,False,False
2018,district_elasticity,VA-6,VA-6,VA,-20.330000000000002,-20.330000000000002,0.0,0.0,False,0.0,0.0,1.0,1.0,False,False,False,False
2018,district_elasticity,VA-7,VA-7,VA,-2.68733845541,-3.5299999999999994,-0.8426615445899994,0.8426615445899994,True,-1.5,-1.5,1.128258987,1.0,False,False,True,True
2018,district_elasticity,VA-8,VA-8,VA,57.56273722978,58.57,1.0072627702200023,1.0072627702200023,True,1.5,1.5,0.846687554,1.0,True,True,False,False
2018,district_elasticity,VA-9,VA-9,VA,-38.53,-38.53,0.0,0.0,False,-1.5,-1.5,1.0,1.0,False,False,True,True
2018,district_elasticity,VT-AL,VT-AL,VT,34.012499999999996,32.37,-1.6424999999999983,1.6424999999999983,True,1.5,1.5,1.25,1.0,True,True,False,False
2018,district_elasticity,WA-1,WA-1,WA,19.3135,22.270000000000003,2.956500000000002,2.956500000000002,True,1.5,1.5,0.55,1.0,True,True,False,False
2018,district_elasticity,WA-10,WA-10,WA,18.14307222942,17.37,-0.7730722294199985,0.7730722294199985,True,1.5,1.5,1.117667006,1.0,True,True,False,False
2018,district_elasticity,WA-2,WA-2,WA,26.217916163639,28.07,1.8520838363610004,1.8520838363610004,True,1.5,1.5,0.7180998727,1.0,True,True,False,False
2018,district_elasticity,WA-3,WA-3,WA,-7.064161131161,-4.43,2.634161131161,2.634161131161,True,-1.5,-1.5,0.5990622327,1.0,False,False,True,True
2018,district_elasticity,WA-4,WA-4,WA,-19.830000000000002,-19.830000000000002,0.0,0.0,False,-1.5,-1.5,1.0,1.0,False,False,True,True
2018,district_elasticity,WA-5,WA-5,WA,-13.0865,-10.129999999999999,2.9565,2.9565,True,-1.5,-1.5,0.55,1.0,False,False,True,True
2018,district_elasticity,WA-6,WA-6,WA,15.313500000000001,18.270000000000003,2.956500000000002,2.956500000000002,True,1.5,1.5,0.55,1.0,True,True,False,False
2018,district_elasticity,WA-7,WA-7,WA,72.91350000000001,75.87,2.9564999999999912,2.9564999999999912,True,1.5,1.5,0.55,1.0,True,True,False,False
2018,district_elasticity,WA-8,WA-8,WA,7.766920657710001,7.470000000000001,-0.2969206577100003,0.2969206577100003,True,0.0,0.0,1.045193403,1.0,False,False,False,False
2018,district_elasticity,WA-9,WA-9,WA,51.026590050145,53.17,2.1434099498549983,2.1434099498549983,True,1.5,1.5,0.6737579985,1.0,True,True,False,False
2018,district_elasticity,WI-1,WI-1,WI,-5.31234676978,-5.83,-0.5176532302199996,0.5176532302199996,True,0.0,0.0,1.078790446,1.0,False,False,False,False
2018,district_elasticity,WI-2,WI-2,WI,39.8135,42.769999999999996,2.9564999999999984,2.9564999999999984,True,1.5,1.5,0.55,1.0,True,True,False,False
2018,district_elasticity,WI-3,WI-3,WI,3.1125000000000007,1.4700000000000006,-1.6425,1.6425,True,1.5,1.5,1.25,1.0,True,True,False,False
2018,district_elasticity,WI-4,WI-4,WI,56.633193373098,58.17,1.536806626901999,1.536806626901999,True,1.5,1.5,0.7660872714,1.0,True,True,False,False
2018,district_elasticity,WI-5,WI-5,WI,-19.277969141568,-17.130000000000003,2.147969141567998,2.147969141567998,True,-1.5,-1.5,0.6730640576,1.0,False,False,True,True
2018,district_elasticity,WI-6,WI-6,WI,-16.886499999999998,-13.93,2.9564999999999984,2.9564999999999984,True,-1.5,-1.5,0.55,1.0,False,False,True,True
2018,district_elasticity,WI-7,WI-7,WI,-18.477941513892,-17.43,1.047941513891999,1.047941513891999,True,-1.5,-1.5,0.8404959644,1.0,False,False,True,True
2018,district_elasticity,WI-8,WI-8,WI,-12.987500000000002,-14.630000000000003,-1.6425,1.6425,True,-1.5,-1.5,1.25,1.0,False,False,True,True
2018,district_elasticity,WV-1,WV-1,WV,-39.938456521739134,-36.981956521739136,2.9564999999999984,2.9564999999999984,True,-1.5,-1.5,0.55,1.0,False,False,True,True
2018,district_elasticity,WV-2,WV-2,WV,-36.964,-34.0075,2.9564999999999984,2.9564999999999984,True,-1.5,-1.5,0.55,1.0,False,False,True,True
2018,district_elasticity,WV-3,WV-3,WV,-47.364380762976005,-44.730000000000004,2.6343807629760008,2.6343807629760008,True,0.0,0.0,0.5990288032,1.0,False,False,False,False
2018,district_elasticity,WY-AL,WY-AL,WY,-45.073909139687004,-44.63,0.4439091396870012,0.4439091396870012,True,-1.5,-1.5,0.9324339209,1.0,False,False,True,True
2020,incumbency,AK-AL,AK-AL,AK,-15.434000000000001,-13.934000000000001,1.5,1.5,True,-1.5,0.0,0.55,0.55,False,False,True,False
2020,incumbency,AL-1,AL-1,AL,-25.38,-25.38,0.0,0.0,False,0.0,0.0,1.0,1.0,False,False,False,False
2020,incumbency,AL-2,AL-2,AL,-30.634,-30.634,0.0,0.0,False,0.0,0.0,0.55,0.55,False,False,False,False
2020,incumbency,AL-3,AL-3,AL,-31.716227490188,-30.216227490188,1.5,1.5,True,-1.5,0.0,0.7741254101,0.7741254101,False,False,True,False
2020,incumbency,AL-4,AL-4,AL,-60.247788461538455,-58.747788461538455,1.5,1.5,True,-1.5,0.0,1.0,1.0,False,False,True,False
2020,incumbency,AL-5,AL-5,AL,-31.13911620016,-29.63911620016,1.5,1.5,True,-1.5,0.0,1.116361732,1.116361732,False,False,True,False
2020,incumbency,AL-6,AL-6,AL,-42.52894095792,-41.02894095792,1.5,1.5,True,-1.5,0.0,1.101684484,1.101684484,False,False,True,False
2020,incumbency,AL-7,AL-7,AL,46.72,45.22,-1.5,1.5,True,1.5,0.0,1.0,1.0,True,False,False,False
2020,incumbency,AR-1,AR-1,AR,-31.209711538461537,-29.709711538461537,1.5,1.5,True,-1.5,0.0,1.25,1.25,False,False,True,False
2020,incumbency,AR-2,AR-2,AR,-10.178624098435998,-8.678624098435998,1.5,1.5,True,-1.5,0.0,0.6290769447,0.6290769447,False,False,True,False
2020,incumbency,AR-3,AR-3,AR,-29.14649456521739,-27.64649456521739,1.5,1.5,True,-1.5,0.0,1.0,1.0,False,False,True,False
2020,incumbency,AR-4,AR-4,AR,-33.52775,-32.02775,1.5,1.5,True,-1.5,0.0,0.55,0.55,False,False,True,False
2020,incumbency,AZ-1,AZ-1,AZ,2.716,1.2160000000000002,-1.5,1.5,True,1.5,0.0,0.55,0.55,True,False,False,False
2020,incumbency,AZ-2,AZ-2,AZ,14.878851375800002,13.378851375800002,-1.5,1.5,True,1.5,0.0,1.074975715,1.074975715,True,False,False,False
2020,incumbency,AZ-3,AZ-3,AZ,37.489383886039995,35.989383886039995,-1.5,1.5,True,1.5,0.0,1.213747367,1.213747367,True,False,False,False
2020,incumbency,AZ-4,AZ-4,AZ,-38.63365648380939,-37.13365648380939,1.5,1.5,True,-1.5,0.0,0.8105127584,0.8105127584,False,False,True,False
2020,incumbency,AZ-5,AZ-5,AZ,-18.489434575360004,-16.989434575360004,1.5,1.5,True,-1.5,0.0,1.014798272,1.014798272,False,False,True,False
2020,incumbency,AZ-6,AZ-6,AZ,-6.86482019239709,-5.36482019239709,1.5,1.5,True,-1.5,0.0,0.9773021076,0.9773021076,False,False,True,False
2020,incumbency,AZ-7,AZ-7,AZ,54.8775,53.3775,-1.5,1.5,True,1.5,0.0,1.0,1.0,True,False,False,False
2020,incumbency,AZ-8,AZ-8,AZ,-16.900000000000002,-15.400000000000002,1.5,1.5,True,-1.5,0.0,1.0,1.0,False,False,True,False
2020,incumbency,AZ-9,AZ-9,AZ,19.915932432432434,18.415932432432434,-1.5,1.5,True,1.5,0.0,0.55,0.55,True,False,False,False
2020,incumbency,CA-1,CA-1,CA,-17.373070365236,-15.873070365236,1.5,1.5,True,-1.5,0.0,0.9684525547,0.9684525547,False,False,True,False
2020,incumbency,CA-10,CA-10,CA,7.473120049397838,5.973120049397838,-1.5,1.5,True,1.5,0.0,1.000046113,1.000046113,True,False,False,False
2020,incumbency,CA-11,CA-11,CA,53.357713094299996,51.857713094299996,-1.5,1.5,True,1.5,0.0,0.8427635775,0.8427635775,True,False,False,False
2020,incumbency,CA-12,CA-12,CA,81.3902023687,79.8902023687,-1.5,1.5,True,1.5,0.0,0.7336931975,0.7336931975,True,False,False,False
2020,incumbency,CA-13,CA-13,CA,87.97755064830545,86.47755064830545,-1.5,1.5,True,1.5,0.0,1.187582548,1.187582548,True,False,False,False
2020,incumbency,CA-14,CA-14,CA,61.697002359020004,60.197002359020004,-1.5,1.5,True,1.5,0.0,0.5877454835,0.5877454835,True,False,False,False
2020,incumbency,CA-15,CA-15,CA,46.891,45.391,-1.5,1.5,True,1.5,0.0,0.55,0.55,True,False,False,False
2020,incumbency,CA-16,CA-16,CA,26.825450166876,25.325450166876,-1.5,1.5,True,1.5,0.0,0.9518709423,0.9518709423,True,False,False,False
2020,incumbency,CA-17,CA-17,CA,55.6695652173913,54.1695652173913,-1.5,1.5,True,1.5,0.0,1.0,1.0,True,False,False,False
2020,incumbency,CA-18,CA-18,CA,56.50096398029543,55.00096398029543,-1.5,1.5,True,1.5,0.0,0.9037814627,0.9037814627,True,False,False,False
2020,incumbency,CA-19,CA-19,CA,54.376,52.876,-1.5,1.5,True,1.5,0.0,0.55,0.55,True,False,False,False
2020,incumbency,CA-2,CA-2,CA,48.149950000000004,46.649950000000004,-1.5,1.5,True,1.5,0.0,0.55,0.55,True,False,False,False
2020,incumbency,CA-20,CA-20,CA,52.72,51.22,-1.5,1.5,True,1.5,0.0,1.0,1.0,True,False,False,False
2020,incumbency,CA-21,CA-21,CA,19.2993189476,17.7993189476,-1.5,1.5,True,1.5,0.0,0.95200473,0.95200473,True,False,False,False
2020,incumbency,CA-22,CA-22,CA,-7.060699999999999,-5.560699999999999,1.5,1.5,True,-1.5,0.0,1.25,1.25,False,False,True,False
2020,incumbency,CA-23,CA-23,CA,-18.25175309757268,-16.75175309757268,1.5,1.5,True,-1.5,0.0,1.217536956,1.217536956,False,False,True,False
2020,incumbency,CA-24,CA-24,CA,24.522881029819427,23.022881029819427,-1.5,1.5,True,1.5,0.0,0.9935554904,0.9935554904,True,False,False,False
2020,incumbency,CA-25,CA-25,CA,12.339175000000001,13.839175000000001,1.5,1.5,True,-1.5,0.0,1.25,1.25,False,False,True,False
2020,incumbency,CA-26,CA-26,CA,26.509873895303997,25.009873895303997,-1.5,1.5,True,1.5,0.0,0.8512865842,0.8512865842,True,False,False,False
2020,incumbency,CA-27,CA-27,CA,44.99125,43.49125,-1.5,1.5,True,1.5,0.0,1.25,1.25,True,False,False,False
2020,incumbency,CA-28,CA-28,CA,52.653888888888886,51.153888888888886,-1.5,1.5,True,1.5,0.0,0.55,0.55,True,False,False,False
2020,incumbency,CA-29,CA-29,CA,66.84,65.34,-1.5,1.5,True,1.5,0.0,1.0,1.0,True,False,False,False
2020,incumbency,CA-3,CA-3,CA,15.365414438423999,13.865414438423999,-1.5,1.5,True,1.5,0.0,0.6292548102,0.6292548102,True,False,False,False
2020,incumbency,CA-30,CA-30,CA,46.895868194095996,45.395868194095996,-1.5,1.5,True,1.5,0.0,0.8065144108,0.8065144108,True,False,False,False
2020,incumbency,CA-31,CA-31,CA,23.08907162020715,21.58907162020715,-1.5,1.5,True,1.5,0.0,0.8991105341,0.8991105341,True,False,False,False
2020,incumbency,CA-32,CA-32,CA,44.3435,42.8435,-1.5,1.5,True,1.5,0.0,1.25,1.25,True,False,False,False
2020,incumbency,CA-33,CA-33,CA,46.985062195759994,45.485062195759994,-1.5,1.5,True,1.5,0.0,1.091223398,1.091223398,True,False,False,False
2020,incumbency,CA-34,CA-34,CA,78.42000000000002,76.92000000000002,-1.5,1.5,True,1.5,0.0,1.0,1.0,True,False,False,False
2020,incumbency,CA-35,CA-35,CA,44.39957142857143,42.89957142857143,-1.5,1.5,True,1.5,0.0,0.55,0.55,True,False,False,False
2020,incumbency,CA-36,CA-36,CA,10.438825000000003,8.938825000000003,-1.5,1.5,True,1.5,0.0,0.55,0.55,True,False,False,False
2020,incumbency,CA-37,CA-37,CA,80.245010363084,78.745010363084,-1.5,1.5,True,1.5,0.0,0.7753284907,0.7753284907,True,False,False,False
2020,incumbency,CA-38,CA-38,CA,45.49902143484,43.99902143484,-1.5,1.5,True,1.5,0.0,1.061931607,1.061931607,True,False,False,False
2020,incumbency,CA-39,CA-39,CA,15.077225,13.577225,-1.5,1.5,True,1.5,0.0,1.25,1.25,True,False,False,False
2020,incumbency,CA-4,CA-4,CA,-10.562301136363637,-9.062301136363637,1.5,1.5,True,-1.5,0.0,1.25,1.25,False,False,True,False
2020,incumbency,CA-40,CA-40,CA,76.19837500000001,74.69837500000001,-1.5,1.5,True,1.5,0.0,1.0,1.0,True,False,False,False
2020,incumbency,CA-41,CA-41,CA,31.147258332399993,29.647258332399996,-1.4999999999999964,1.4999999999999964,True,1.5,0.0,0.79581427,0.79581427,True,False,False,False
2020,incumbency,CA-42,CA-42,CA,-9.640531648716363,-8.140531648716363,1.5,1.5,True,-1.5,0.0,1.039927241,1.039927241,False,False,True,False
2020,incumbency,CA-43,CA-43,CA,64.63113211249315,63.13113211249315,-1.5,1.5,True,1.5,0.0,0.8205923153,0.8205923153,True,False,False,False
2020,incumbency,CA-44,CA-44,CA,76.82215909090911,75.32215909090911,-1.5,1.5,True,1.5,0.0,1.0,1.0,True,False,False,False
2020,incumbency,CA-45,CA-45,CA,13.47375,11.97375,-1.5,1.5,True,1.5,0.0,1.25,1.25,True,False,False,False
2020,incumbency,CA-46,CA-46,CA,46.69644843390086,45.19644843390086,-1.5,1.5,True,1.5,0.0,1.052843947,1.052843947,True,False,False,False
2020,incumbency,CA-47,CA-47,CA,35.521139344804006,34.021139344804006,-1.5,1.5,True,1.5,0.0,0.7559051217,0.7559051217,True,False,False,False
2020,incumbency,CA-48,CA-48,CA,8.75,7.25,-1.5,1.5,True,1.5,0.0,1.25,1.25,True,False,False,False
2020,incumbency,CA-49,CA-49,CA,13.547113657763479,12.047113657763479,-1.5,1.5,True,1.5,0.0,1.218535906,1.218535906,True,False,False,False
2020,incumbency,CA-5,CA-5,CA,50.41678571428571,48.91678571428571,-1.5,1.5,True,1.5,0.0,1.0,1.0,True,False,False,False
2020,incumbency,CA-50,CA-50,CA,-10.427025,-10.427025,0.0,0.0,False,0.0,0.0,1.25,1.25,False,False,False,False
2020,incumbency,CA-51,CA-51,CA,51.51872558094582,50.01872558094582,-1.5,1.5,True,1.5,0.0,0.6120169547,0.6120169547,True,False,False,False
2020,incumbency,CA-52,CA-52,CA,28.651278133319995,27.151278133319995,-1.5,1.5,True,1.5,0.0,1.026373061,1.026373061,True,False,False,False
2020,incumbency,CA-53,CA-53,CA,38.458101900928,38.458101900928,0.0,0.0,False,0.0,0.0,0.9245264544,0.9245264544,False,False,False,False
2020,incumbency,CA-6,CA-6,CA,49.40432637233236,47.90432637233236,-1.5,1.5,True,1.5,0.0,0.8914526158,0.8914526158,True,False,False,False
2020,incumbency,CA-7,CA-7,CA,16.205052959061334,14.705052959061334,-1.5,1.5,True,1.5,0.0,0.8053054944,0.8053054944,True,False,False,False
2020,incumbency,CA-8,CA-8,CA,-9.526878787878786,-9.526878787878786,0.0,0.0,False,0.0,0.0,1.25,1.25,False,False,False,False
2020,incumbency,CA-9,CA-9,CA,22.90778311846278,21.40778311846278,-1.5,1.5,True,1.5,0.0,0.7019679719,0.7019679719,True,False,False,False
2020,incumbency,CO-1,CO-1,CO,51.07431999296,49.57431999296,-1.5,1.5,True,1.5,0.0,0.959856208,0.959856208,True,False,False,False
2020,incumbency,CO-2,CO-2,CO,25.718911944182608,24.218911944182608,-1.5,1.5,True,1.5,0.0,0.912954495,0.912954495,True,False,False,False
2020,incumbency,CO-3,CO-3,CO,-5.97812461404,-5.97812461404,0.0,0.0,False,0.0,0.0,1.056883233,1.056883233,False,False,False,False
2020,incumbency,CO-4,CO-4,CO,-16.88853658536586,-15.388536585365859,1.5,1.5,True,-1.5,0.0,1.25,1.25,False,False,True,False
2020,incumbency,CO-5,CO-5,CO,-22.259251561032002,-20.759251561032002,1.5,1.5,True,-1.5,0.0,0.9841909214,0.9841909214,False,False,True,False
2020,incumbency,CO-6,CO-6,CO,15.459239130434783,13.959239130434783,-1.5,1.5,True,1.5,0.0,1.25,1.25,True,False,False,False
2020,incumbency,CO-7,CO-7,CO,16.935138556056362,15.435138556056364,-1.4999999999999982,1.4999999999999982,True,1.5,0.0,0.9412176785,0.9412176785,True,False,False,False
2020,incumbency,CT-1,CT-1,CT,28.072157261112,26.572157261112,-1.5,1.5,True,1.5,0.0,0.9104832126,0.9104832126,True,False,False,False
2020,incumbency,CT-2,CT-2,CT,7.104671397284,5.604671397284,-1.5,1.5,True,1.5,0.0,0.7850770257,0.7850770257,True,False,False,False
2020,incumbency,CT-3,CT-3,CT,19.012447753052,17.512447753052,-1.5,1.5,True,1.5,0.0,0.6719685871,0.6719685871,True,False,False,False
2020,incumbency,CT-4,CT-4,CT,28.433349403496,26.933349403496,-1.5,1.5,True,1.5,0.0,0.9858414058,0.9858414058,True,False,False,False
2020,incumbency,CT-5,CT-5,CT,6.866,5.366,-1.5,1.5,True,1.5,0.0,0.55,0.55,True,False,False,False
2020,incumbency,DE-AL,DE-AL,DE,17.16372158428,15.663721584280001,-1.5,1.5,True,1.5,0.0,1.023483919,1.023483919,True,False,False,False
2020,incumbency,FL-1,FL-1,FL,-37.413861553715996,-35.913861553715996,1.5,1.5,True,-1.5,0.0,0.8964278507,0.8964278507,False,False,True,False
2020,incumbency,FL-10,FL-10,FL,33.949999999999996,32.449999999999996,-1.5,1.5,True,1.5,0.0,1.25,1.25,True,False,False,False
2020,incumbency,FL-11,FL-11,FL,-31.513845855968,-30.013845855968,1.5,1.5,True,-1.5,0.0,0.7166918536,0.7166918536,False,False,True,False
2020,incumbency,FL-12,FL-12,FL,-14.550000000000002,-13.050000000000002,1.5,1.5,True,-1.5,0.0,1.25,1.25,False,False,True,False
2020,incumbency,FL-13,FL-13,FL,9.4452670934,7.9452670934,-1.5,1.5,True,1.5,0.0,1.118507695,1.118507695,True,False,False,False
2020,incumbency,FL-14,FL-14,FL,23.72,22.22,-1.5,1.5,True,1.5,0.0,1.0,1.0,True,False,False,False
2020,incumbency,FL-15,FL-15,FL,-5.87146765684,-5.87146765684,0.0,0.0,False,0.0,0.0,1.017734043,1.017734043,False,False,False,False
2020,incumbency,FL-16,FL-16,FL,-6.676117938439999,-5.176117938439999,1.5,1.5,True,-1.5,0.0,1.245732363,1.245732363,False,False,True,False
2020,incumbency,FL-17,FL-17,FL,-25.785773193728,-24.285773193728,1.5,1.5,True,-1.5,0.0,0.8193181056,0.8193181056,False,False,True,False
2020,incumbency,FL-18,FL-18,FL,-9.433999999999997,-7.933999999999998,1.4999999999999991,1.4999999999999991,True,-1.5,0.0,0.55,0.55,False,False,True,False
2020,incumbency,FL-19,FL-19,FL,-18.891192838328003,-18.891192838328003,0.0,0.0,False,0.0,0.0,0.8674521506,0.8674521506,False,False,False,False
2020,incumbency,FL-2,FL-2,FL,-35.834,-34.334,1.5,1.5,True,-1.5,0.0,0.55,0.55,False,False,True,False
2020,incumbency,FL-20,FL-20,FL,64.866,63.366,-1.5,1.5,True,1.5,0.0,0.55,0.55,True,False,False,False
2020,incumbency,FL-21,FL-21,FL,25.02,23.52,-1.5,1.5,True,1.5,0.0,1.0,1.0,True,False,False,False
2020,incumbency,FL-22,FL-22,FL,18.566000000000003,17.066000000000003,-1.5,1.5,True,1.5,0.0,0.55,0.55,True,False,False,False
2020,incumbency,FL-23,FL-23,FL,29.620723568952002,28.120723568952002,-1.5,1.5,True,1.5,0.0,0.6733208446,0.6733208446,True,False,False,False
2020,incumbency,FL-24,FL-24,FL,73.02000000000001,71.52000000000001,-1.5,1.5,True,1.5,0.0,1.0,1.0,True,False,False,False
2020,incumbency,FL-25,FL-25,FL,-1.1453454789480002,0.3546545210519998,1.5,1.5,True,-1.5,0.0,0.6952049871,0.6952049871,False,False,True,False
2020,incumbency,FL-26,FL-26,FL,22.835952895,21.335952895,-1.5,1.5,True,1.5,0.0,1.166005375,1.166005375,True,False,False,False
2020,incumbency,FL-27,FL-27,FL,26.65,25.15,-1.5,1.5,True,1.5,0.0,1.25,1.25,True,False,False,False
2020,incumbency,FL-3,FL-3,FL,-13.558440693520001,-13.558440693520001,0.0,0.0,False,0.0,0.0,0.742084854,0.742084854,False,False,False,False
2020,incumbency,FL-4,FL-4,FL,-25.28989846696,-23.78989846696,1.5,1.5,True,-1.5,0.0,1.031062342,1.031062342,False,False,True,False
2020,incumbency,FL-5,FL-5,FL,30.841838191111997,29.341838191111997,-1.5,1.5,True,1.5,0.0,0.9872284626,0.9872284626,True,False,False,False
2020,incumbency,FL-6,FL-6,FL,-14.609197825496,-13.109197825496,1.5,1.5,True,-1.5,0.0,0.9788892442,0.9788892442,False,False,True,False
2020,incumbency,FL-7,FL-7,FL,14.35,12.85,-1.5,1.5,True,1.5,0.0,1.25,1.25,True,False,False,False
2020,incumbency,FL-8,FL-8,FL,-17.823792144240002,-16.323792144240002,1.5,1.5,True,-1.5,0.0,1.058203898,1.058203898,False,False,True,False
2020,incumbency,FL-9,FL-9,FL,17.848732941528,16.348732941528,-1.5,1.5,True,1.5,0.0,0.9066557094,0.9066557094,True,False,False,False
2020,incumbency,GA-1,GA-1,GA,-15.734000000000002,-14.234000000000002,1.5,1.5,True,-1.5,0.0,0.55,0.55,False,False,True,False
2020,incumbency,GA-10,GA-10,GA,-22.98,-21.48,1.5,1.5,True,-1.5,0.0,1.0,1.0,False,False,True,False
2020,incumbency,GA-11,GA-11,GA,-21.840687725200002,-20.340687725200002,1.5,1.5,True,-1.5,0.0,1.10446279,1.10446279,False,False,True,False
2020,incumbency,GA-12,GA-12,GA,-14.702344989924,-13.202344989924,1.5,1.5,True,-1.5,0.0,0.8857933023,0.8857933023,False,False,True,False
2020,incumbency,GA-13,GA-13,GA,50.30499999999999,48.80499999999999,-1.5,1.5,True,1.5,0.0,1.0,1.0,True,False,False,False
2020,incumbency,GA-14,GA-14,GA,-45.88,-45.88,0.0,0.0,False,0.0,0.0,1.0,1.0,False,False,False,False
2020,incumbency,GA-2,GA-2,GA,16.003536811548,14.503536811547999,-1.5,1.5,True,1.5,0.0,0.6652633679,0.6652633679,True,False,False,False
2020,incumbency,GA-3,GA-3,GA,-30.018248607696002,-28.518248607696002,1.5,1.5,True,-1.5,0.0,0.7960378092,0.7960378092,False,False,True,False
2020,incumbency,GA-4,GA-4,GA,57.50854445145771,56.00854445145771,-1.5,1.5,True,1.5,0.0,0.8299442381,0.8299442381,True,False,False,False
2020,incumbency,GA-5,GA-5,GA,76.93368902439025,76.93368902439025,0.0,0.0,False,0.0,0.0,1.0,1.0,False,False,False,False
2020,incumbency,GA-6,GA-6,GA,5.443288043478262,3.943288043478262,-1.5,1.5,True,1.5,0.0,1.25,1.25,True,False,False,False
2020,incumbency,GA-7,GA-7,GA,-1.1815243902439023,-1.1815243902439023,0.0,0.0,False,0.0,0.0,1.25,1.25,False,False,False,False
2020,incumbency,GA-8,GA-8,GA,-26.516022727272727,-25.016022727272727,1.5,1.5,True,-1.5,0.0,1.0,1.0,False,False,True,False
2020,incumbency,GA-9,GA-9,GA,-53.647790842618534,-53.647790842618534,0.0,0.0,False,0.0,0.0,1.095600492,1.095600492,False,False,False,False
2020,incumbency,HI-1,HI-1,HI,39.0867880586,37.5867880586,-1.5,1.5,True,1.5,0.0,1.157971905,1.157971905,True,False,False,False
2020,incumbency,HI-2,HI-2,HI,33.066,33.066,0.0,0.0,False,0.0,0.0,0.55,0.55,False,False,False,False
2020,incumbency,IA-1,IA-1,IA,5.3187500000000005,3.8187500000000005,-1.5,1.5,True,1.5,0.0,1.25,1.25,True,False,False,False
2020,incumbency,IA-2,IA-2,IA,-0.861204112495999,-0.861204112495999,0.0,0.0,False,0.0,0.0,0.8723522692,0.8723522692,False,False,False,False
2020,incumbency,IA-3,IA-3,IA,3.0701251990654543,1.5701251990654543,-1.5,1.5,True,1.5,0.0,1.019906821,1.019906821,True,False,False,False
2020,incumbency,IA-4,IA-4,IA,-21.85,-21.85,0.0,0.0,False,0.0,0.0,1.25,1.25,False,False,False,False
2020,incumbency,ID-1,ID-1,ID,-38.53469169960474,-37.03469169960474,1.5,1.5,True,-1.5,0.0,0.55,0.55,False,False,True,False
2020,incumbency,ID-2,ID-2,ID,-24.465126543100002,-22.965126543100002,1.5,1.5,True,-1.5,0.0,0.6037946825,0.6037946825,False,False,True,False
2020,incumbency,IL-1,IL-1,IL,57.37768891280218,55.87768891280218,-1.5,1.5,True,1.5,0.0,0.8349053482,0.8349053482,True,False,False,False
2020,incumbency,IL-10,IL-10,IL,35.395799999999994,33.895799999999994,-1.5,1.5,True,1.5,0.0,1.25,1.25,True,False,False,False
2020,incumbency,IL-11,IL-11,IL,29.03895351628,27.53895351628,-1.5,1.5,True,1.5,0.0,1.105695019,1.105695019,True,False,False,False
2020,incumbency,IL-12,IL-12,IL,-11.078482192960001,-9.578482192960001,1.5,1.5,True,-1.5,0.0,1.235958792,1.235958792,False,False,True,False
2020,incumbency,IL-13,IL-13,IL,-0.3562499999999993,1.1437500000000007,1.5,1.5,True,-1.5,0.0,1.25,1.25,False,False,True,False
2020,incumbency,IL-14,IL-14,IL,3.7176086956521743,2.2176086956521743,-1.5,1.5,True,1.5,0.0,1.25,1.25,True,False,False,False
2020,incumbency,IL-15,IL-15,IL,-40.26375000000001,-40.26375000000001,0.0,0.0,False,0.0,0.0,1.25,1.25,False,False,False,False
2020,incumbency,IL-16,IL-16,IL,-15.330560344827587,-13.830560344827587,1.5,1.5,True,-1.5,0.0,1.25,1.25,False,False,True,False
2020,incumbency,IL-17,IL-17,IL,2.4267150945007274,0.9267150945007273,-1.5,1.5,True,1.5,0.0,0.5938631319,0.5938631319,True,False,False,False
2020,incumbency,IL-18,IL-18,IL,-25.559683572792004,-24.059683572792004,1.5,1.5,True,-1.5,0.0,0.8726007234,0.8726007234,False,False,True,False
2020,incumbency,IL-2,IL-2,IL,61.666,60.166,-1.5,1.5,True,1.5,0.0,0.55,0.55,True,False,False,False
2020,incumbency,IL-3,IL-3,IL,19.223955401836367,19.223955401836367,0.0,0.0,False,0.0,0.0,1.018230235,1.018230235,False,False,False,False
2020,incumbency,IL-4,IL-4,IL,77.25322727264,75.75322727264,-1.5,1.5,True,1.5,0.0,1.145543672,1.145543672,True,False,False,False
2020,incumbency,IL-5,IL-5,IL,51.55191153526667,50.05191153526667,-1.5,1.5,True,1.5,0.0,1.024566155,1.024566155,True,False,False,False
2020,incumbency,IL-6,IL-6,IL,13.276195652173914,11.776195652173914,-1.5,1.5,True,1.5,0.0,1.25,1.25,True,False,False,False
2020,incumbency,IL-7,IL-7,IL,82.35040116765201,80.85040116765201,-1.5,1.5,True,1.5,0.0,0.8448367921,0.8448367921,True,False,False,False
2020,incumbency,IL-8,IL-8,IL,27.010558825096,25.510558825096,-1.5,1.5,True,1.5,0.0,0.9657775858,0.9657775858,True,False,False,False
2020,incumbency,IL-9,IL-9,IL,48.215991984080006,46.715991984080006,-1.5,1.5,True,1.5,0.0,0.938274834,0.938274834,True,False,False,False
2020,incumbency,IN-1,IN-1,IN,17.952985104105366,17.952985104105366,0.0,0.0,False,0.0,0.0,1.076891596,1.076891596,False,False,False,False
2020,incumbency,IN-2,IN-2,IN,-18.02784090909091,-18.02784090909091,0.0,0.0,False,0.0,0.0,1.25,1.25,False,False,False,False
2020,incumbency,IN-3,IN-3,IN,-31.850591501720004,-30.350591501720004,1.5,1.5,True,-1.5,0.0,1.247452369,1.247452369,False,False,True,False
2020,incumbency,IN-4,IN-4,IN,-32.93763515120575,-31.43763515120574,1.500000000000007,1.500000000000007,True,-1.5,0.0,0.8213360793,0.8213360793,False,False,True,False
2020,incumbency,IN-5,IN-5,IN,-6.200060975609756,-6.200060975609756,0.0,0.0,False,0.0,0.0,1.25,1.25,False,False,False,False
2020,incumbency,IN-6,IN-6,IN,-36.699003225279995,-35.199003225279995,1.5,1.5,True,-1.5,0.0,1.120873656,1.120873656,False,False,True,False
2020,incumbency,IN-7,IN-7,IN,27.87594402084,26.37594402084,-1.5,1.5,True,1.5,0.0,1.058875657,1.058875657,True,False,False,False
2020,incumbency,IN-8,IN-8,IN,-32.780333713528,-31.280333713528005,1.4999999999999964,1.4999999999999964,True,-1.5,0.0,0.9100761906,0.9100761906,False,False,True,False
2020,incumbency,IN-9,IN-9,IN,-23.09422337269091,-21.59422337269091,1.5,1.5,True,-1.5,0.0,1.17318097,1.17318097,False,False,True,False
2020,incumbency,KS-1,KS-1,KS,-40.980000000000004,-40.980000000000004,0.0,0.0,False,0.0,0.0,1.0,1.0,False,False,False,False
2020,incumbency,KS-2,KS-2,KS,-12.85,-12.85,0.0,0.0,False,0.0,0.0,1.25,1.25,False,False,False,False
2020,incumbency,KS-3,KS-3,KS,8.25,6.75,-1.5,1.5,True,1.5,0.0,1.25,1.25,True,False,False,False
2020,incumbency,KS-4,KS-4,KS,-24.874187772584,-23.374187772584,1.5,1.5,True,-1.5,0.0,0.9682699718,0.9682699718,False,False,True,False
2020,incumbency,KY-1,KY-1,KY,-46.275118519705146,-44.775118519705146,1.5,1.5,True,-1.5,0.0,0.9201778796,0.9201778796,False,False,True,False
2020,incumbency,KY-2,KY-2,KY,-39.15847231499259,-37.65847231499259,1.5,1.5,True,-1.5,0.0,0.7867883507,0.7867883507,False,False,True,False
2020,incumbency,KY-3,KY-3,KY,18.636227272727275,17.136227272727275,-1.5,1.5,True,1.5,0.0,0.55,0.55,True,False,False,False
2020,incumbency,KY-4,KY-4,KY,-33.21983822912,-31.71983822912,1.5,1.5,True,-1.5,0.0,1.026170224,1.026170224,False,False,True,False
2020,incumbency,KY-5,KY-5,KY,-62.42830555555556,-60.92830555555556,1.5,1.5,True,-1.5,0.0,0.55,0.55,False,False,True,False
2020,incumbency,KY-6,KY-6,KY,-11.250000000000002,-9.750000000000002,1.5,1.5,True,-1.5,0.0,1.25,1.25,False,False,True,False
2020,incumbency,LA-1,LA-1,LA,-37.95,-36.45,1.5,1.5,True,-1.5,0.0,1.25,1.25,False,False,True,False
2020,incumbency,LA-2,LA-2,LA,57.919999999999995,56.419999999999995,-1.5,1.5,True,1.5,0.0,1.0,1.0,True,False,False,False
2020,incumbency,LA-3,LA-3,LA,-38.334,-36.834,1.5,1.5,True,-1.5,0.0,0.55,0.55,False,False,True,False
2020,incumbency,LA-4,LA-4,LA,-24.234,-22.734,1.5,1.5,True,-1.5,0.0,0.55,0.55,False,False,True,False
2020,incumbency,LA-5,LA-5,LA,-25.38,-25.38,0.0,0.0,False,0.0,0.0,1.0,1.0,False,False,False,False
2020,incumbency,LA-6,LA-6,LA,-34.034,-32.534,1.5,1.5,True,-1.5,0.0,0.55,0.55,False,False,True,False
2020,incumbency,MA-1,MA-1,MA,26.22,24.72,-1.5,1.5,True,1.5,0.0,1.0,1.0,True,False,False,False
2020,incumbency,MA-2,MA-2,MA,24.919999999999998,23.419999999999998,-1.5,1.5,True,1.5,0.0,1.0,1.0,True,False,False,False
2020,incumbency,MA-3,MA-3,MA,25.566,24.066,-1.5,1.5,True,1.5,0.0,0.55,0.55,True,False,False,False
2020,incumbency,MA-4,MA-4,MA,28.22,28.22,0.0,0.0,False,0.0,0.0,1.0,1.0,False,False,False,False
2020,incumbency,MA-5,MA-5,MA,49.12,47.62,-1.5,1.5,True,1.5,0.0,1.0,1.0,True,False,False,False
2020,incumbency,MA-6,MA-6,MA,20.666,19.166,-1.5,1.5,True,1.5,0.0,0.55,0.55,True,False,False,False
2020,incumbency,MA-7,MA-7,MA,77.72000000000001,76.22000000000001,-1.5,1.5,True,1.5,0.0,1.0,1.0,True,False,False,False
2020,incumbency,MA-8,MA-8,MA,31.52,30.02,-1.5,1.5,True,1.5,0.0,1.0,1.0,True,False,False,False
2020,incumbency,MA-9,MA-9,MA,15.90654203948,14.40654203948,-1.5,1.5,True,1.5,0.0,0.948781379,0.948781379,True,False,False,False
2020,incumbency,MD-1,MD-1,MD,-25.28099823957143,-23.78099823957143,1.5,1.5,True,-1.5,0.0,1.079260325,1.079260325,False,False,True,False
2020,incumbency,MD-2,MD-2,MD,29.161805330592,27.661805330592,-1.5,1.5,True,1.5,0.0,0.9561773416,0.9561773416,True,False,False,False
2020,incumbency,MD-3,MD-3,MD,37.208749999999995,35.708749999999995,-1.5,1.5,True,1.5,0.0,1.25,1.25,True,False,False,False
2020,incumbency,MD-4,MD-4,MD,63.703122021171716,62.203122021171716,-1.5,1.5,True,1.5,0.0,1.1349592,1.1349592,True,False,False,False
2020,incumbency,MD-5,MD-5,MD,37.51715651588,36.01715651588,-1.5,1.5,True,1.5,0.0,1.128211849,1.128211849,True,False,False,False
2020,incumbency,MD-6,MD-6,MD,22.36,20.86,-1.5,1.5,True,1.5,0.0,1.25,1.25,True,False,False,False
2020,incumbency,MD-7,MD-7,MD,61.741924800324725,60.241924800324725,-1.5,1.5,True,1.5,0.0,0.9764545871,0.9764545871,True,False,False,False
2020,incumbency,MD-8,MD-8,MD,38.7892765594,37.2892765594,-1.5,1.5,True,1.5,0.0,1.130600745,1.130600745,True,False,False,False
2020,incumbency,ME-1,ME-1,ME,17.797651873628002,16.297651873628002,-1.5,1.5,True,1.5,0.0,0.6155313519,0.6155313519,True,False,False,False
2020,incumbency,ME-2,ME-2,ME,-3.25,-4.75,-1.5,1.5,True,1.5,0.0,1.25,1.25,True,False,False,False
2020,incumbency,MI-1,MI-1,MI,-20.964871783608004,-19.464871783608004,1.5,1.5,True,-1.5,0.0,0.6429948066,0.6429948066,False,False,True,False
2020,incumbency,MI-10,MI-10,MI,-29.646751891204005,-29.646751891204005,0.0,0.0,False,0.0,0.0,0.7603346583,0.7603346583,False,False,False,False
2020,incumbency,MI-11,MI-11,MI,2.6500000000000004,1.1500000000000004,-1.5,1.5,True,1.5,0.0,1.25,1.25,True,False,False,False
2020,incumbency,MI-12,MI-12,MI,30.19280805356,28.69280805356,-1.5,1.5,True,1.5,0.0,0.734118963,0.734118963,True,False,False,False
2020,incumbency,MI-13,MI-13,MI,65.09520784384,63.59520784384,-1.5,1.5,True,1.5,0.0,0.816210432,0.816210432,True,False,False,False
2020,incumbency,MI-14,MI-14,MI,65.28894219273599,63.788942192735995,-1.499999999999993,1.499999999999993,True,1.5,0.0,0.8151866328,0.8151866328,True,False,False,False
2020,incumbency,MI-2,MI-2,MI,-14.174126045600003,-12.674126045600003,1.5,1.5,True,-1.5,0.0,1.14801862,1.14801862,False,False,True,False
2020,incumbency,MI-3,MI-3,MI,-4.99973152336,-4.99973152336,0.0,0.0,False,0.0,0.0,1.062135372,1.062135372,False,False,False,False
2020,incumbency,MI-4,MI-4,MI,-25.034000000000002,-23.534000000000002,1.5,1.5,True,-1.5,0.0,0.55,0.55,False,False,True,False
2020,incumbency,MI-5,MI-5,MI,6.966000000000001,5.466000000000001,-1.5,1.5,True,1.5,0.0,0.55,0.55,True,False,False,False
2020,incumbency,MI-6,MI-6,MI,-5.431426668479999,-3.9314266684799994,1.5,1.5,True,-1.5,0.0,1.073296296,1.073296296,False,False,True,False
2020,incumbency,MI-7,MI-7,MI,-15.927269339996002,-14.427269339996002,1.5,1.5,True,-1.5,0.0,0.7635180817,0.7635180817,False,False,True,False
2020,incumbency,MI-8,MI-8,MI,-1.9924962496120004,-3.4924962496120004,-1.5,1.5,True,1.5,0.0,0.8672391749,0.8672391749,True,False,False,False
2020,incumbency,MI-9,MI-9,MI,10.919001687516,9.419001687516,-1.5,1.5,True,1.5,0.0,0.6076800143,0.6076800143,True,False,False,False
2020,incumbency,MN-1,MN-1,MN,-15.134,-13.634,1.5,1.5,True,-1.5,0.0,0.55,0.55,False,False,True,False
2020,incumbency,MN-2,MN-2,MN,5.19857237124,3.69857237124,-1.5,1.5,True,1.5,0.0,1.143557577,1.143557577,True,False,False,False
2020,incumbency,MN-3,MN-3,MN,16.450000000000003,14.950000000000001,-1.5000000000000018,1.5000000000000018,True,1.5,0.0,1.25,1.25,True,False,False,False
2020,incumbency,MN-4,MN-4,MN,35.72107858248,34.22107858248,-1.5,1.5,True,1.5,0.0,0.885797154,0.885797154,True,False,False,False
2020,incumbency,MN-5,MN-5,MN,58.686105945012,57.186105945012,-1.5,1.5,True,1.5,0.0,0.6676643701,0.6676643701,True,False,False,False
2020,incumbency,MN-6,MN-6,MN,-22.78269462452,-21.28269462452,1.5,1.5,True,-1.5,0.0,1.064919179,1.064919179,False,False,True,False
2020,incumbency,MN-7,MN-7,MN,-26.0238671045,-27.5238671045,-1.5,1.5,True,1.5,0.0,0.8784530875,0.8784530875,True,False,False,False
2020,incumbency,MN-8,MN-8,MN,-15.834,-14.334,1.5,1.5,True,-1.5,0.0,0.55,0.55,False,False,True,False
2020,incumbency,MO-1,MO-1,MO,62.02789818474,62.02789818474,0.0,0.0,False,0.0,0.0,0.9686108145,0.9686108145,False,False,False,False
2020,incumbency,MO-2,MO-2,MO,-6.25,-4.75,1.5,1.5,True,-1.5,0.0,1.25,1.25,False,False,True,False
2020,incumbency,MO-3,MO-3,MO,-36.146827756920004,-34.646827756920004,1.5,1.5,True,-1.5,0.0,1.054439909,1.054439909,False,False,True,False
2020,incumbency,MO-4,MO-4,MO,-31.99642284384,-30.49642284384,1.5,1.5,True,-1.5,0.0,1.242414568,1.242414568,False,False,True,False
2020,incumbency,MO-5,MO-5,MO,20.54839528704,19.04839528704,-1.5,1.5,True,1.5,0.0,1.249737792,1.249737792,True,False,False,False
2020,incumbency,MO-6,MO-6,MO,-30.118860393056,-28.618860393056,1.5,1.5,True,-1.5,0.0,0.7975718312,0.7975718312,False,False,True,False
2020,incumbency,MO-7,MO-7,MO,-45.342939411088004,-43.842939411088004,1.5,1.5,True,-1.5,0.0,0.6465785276,0.6465785276,False,False,True,False
2020,incumbency,MO-8,MO-8,MO,-54.634,-53.134,1.5,1.5,True,-1.5,0.0,0.55,0.55,False,False,True,False
2020,incumbency,MS-1,MS-1,MS,-30.065091382885715,-28.565091382885715,1.5,1.5,True,-1.5,0.0,1.094843845,1.094843845,False,False,True,False
2020,incumbency,MS-2,MS-2,MS,35.007159090909084,33.507159090909084,-1.5,1.5,True,1.5,0.0,1.0,1.0,True,False,False,False
2020,incumbency,MS-3,MS-3,MS,-21.903180178104616,-20.403180178104616,1.5,1.5,True,-1.5,0.0,1.126381444,1.126381444,False,False,True,False
2020,incumbency,MS-4,MS-4,MS,-39.69400888884219,-38.19400888884219,1.5,1.5,True,-1.5,0.0,0.9067090348,0.9067090348,False,False,True,False
2020,incumbency,MT-AL,MT-AL,MT,-16.901156146340004,-16.901156146340004,0.0,0.0,False,0.0,0.0,0.9475235055,0.9475235055,False,False,False,False
2020,incumbency,NC-1,NC-1,NC,15.504763629933818,14.004763629933818,-1.5,1.5,True,1.5,0.0,0.5541800346,0.5541800346,True,False,False,False
2020,incumbency,NC-10,NC-10,NC,-36.104686868544725,-34.604686868544725,1.5,1.5,True,-1.5,0.0,0.8762395194,0.8762395194,False,False,True,False
2020,incumbency,NC-11,NC-11,NC,-13.014191808942185,-13.014191808942185,0.0,0.0,False,0.0,0.0,0.9571284923,0.9571284923,False,False,False,False
2020,incumbency,NC-12,NC-12,NC,42.140862484888,40.640862484888,-1.5,1.5,True,1.5,0.0,0.8865788374,0.8865788374,True,False,False,False
2020,incumbency,NC-13,NC-13,NC,-34.655345828668,-33.155345828668,1.5,1.5,True,-1.5,0.0,0.7231869561,0.7231869561,False,False,True,False
2020,incumbency,NC-2,NC-2,NC,27.448215534126923,27.448215534126923,0.0,0.0,False,0.0,0.0,0.8419439937,0.8419439937,False,False,False,False
2020,incumbency,NC-3,NC-3,NC,-21.8236761078,-20.3236761078,1.5,1.5,True,-1.5,0.0,1.048623185,1.048623185,False,False,True,False
2020,incumbency,NC-4,NC-4,NC,37.540391168937454,36.040391168937454,-1.5,1.5,True,1.5,0.0,0.7478914566,0.7478914566,True,False,False,False
2020,incumbency,NC-5,NC-5,NC,-33.003060275672,-31.503060275672002,1.4999999999999964,1.4999999999999964,True,-1.5,0.0,0.8014443994,0.8014443994,False,False,True,False
2020,incumbency,NC-6,NC-6,NC,22.766,22.766,0.0,0.0,False,0.0,0.0,0.55,0.55,False,False,False,False
2020,incumbency,NC-7,NC-7,NC,-15.85,-14.35,1.5,1.5,True,-1.5,0.0,1.25,1.25,False,False,True,False
2020,incumbency,NC-8,NC-8,NC,-4.162749999999999,-2.662749999999999,1.5,1.5,True,-1.5,0.0,1.25,1.25,False,False,True,False
2020,incumbency,NC-9,NC-9,NC,-2.4499999999999993,-0.9499999999999993,1.5,1.5,True,-1.5,0.0,1.25,1.25,False,False,True,False
2020,incumbency,ND-AL,ND-AL,ND,-34.720000000000006,-33.220000000000006,1.5,1.5,True,-1.5,0.0,1.0,1.0,False,False,True,False
2020,incumbency,NE-1,NE-1,NE,-18.694249101392728,-17.194249101392728,1.5,1.5,True,-1.5,0.0,1.057683599,1.057683599,False,False,True,False
2020,incumbency,NE-2,NE-2,NE,-2.434,-0.9340000000000002,1.5,1.5,True,-1.5,0.0,0.55,0.55,False,False,True,False
2020,incumbency,NE-3,NE-3,NE,-55.53291986876375,-54.03291986876375,1.5,1.5,True,-1.5,0.0,0.6501799686,0.6501799686,False,False,True,False
2020,incumbency,NH-1,NH-1,NH,3.620419572776,2.120419572776,-1.5,1.5,True,1.5,0.0,0.9510489498,0.9510489498,True,False,False,False
2020,incumbency,NH-2,NH-2,NH,5.33790124056,3.83790124056,-1.5,1.5,True,1.5,0.0,0.578088438,0.578088438,True,False,False,False
2020,incumbency,NJ-1,NJ-1,NJ,31.118449999999996,29.618449999999996,-1.5,1.5,True,1.5,0.0,1.25,1.25,True,False,False,False
2020,incumbency,NJ-10,NJ-10,NJ,75.01986200933601,73.51986200933601,-1.5,1.5,True,1.5,0.0,0.7205656878,0.7205656878,True,False,False,False
2020,incumbency,NJ-11,NJ-11,NJ,6.15,4.65,-1.5,1.5,True,1.5,0.0,1.25,1.25,True,False,False,False
2020,incumbency,NJ-12,NJ-12,NJ,39.31473420092,37.81473420092,-1.5,1.5,True,1.5,0.0,1.097178791,1.097178791,True,False,False,False
2020,incumbency,NJ-2,NJ-2,NJ,-1.1505487804878038,0.34945121951219615,1.5,1.5,True,-1.5,0.0,1.25,1.25,False,False,True,False
2020,incumbency,NJ-3,NJ-3,NJ,0.08224102815999873,-1.4177589718400012,-1.5,1.5,True,1.5,0.0,1.064500168,1.064500168,True,False,False,False
2020,incumbency,NJ-4,NJ-4,NJ,-12.024700000000001,-10.524700000000001,1.5,1.5,True,-1.5,0.0,1.25,1.25,False,False,True,False
2020,incumbency,NJ-5,NJ-5,NJ,5.373013301138286,3.873013301138286,-1.5,1.5,True,1.5,0.0,0.9529900352,0.9529900352,True,False,False,False
2020,incumbency,NJ-6,NJ-6,NJ,20.063567173176,18.563567173176,-1.5,1.5,True,1.5,0.0,0.6957871198,0.6957871198,True,False,False,False
2020,incumbency,NJ-7,NJ-7,NJ,7.166638244377562,5.666638244377562,-1.5,1.5,True,1.5,0.0,1.179498119,1.179498119,True,False,False,False
2020,incumbency,NJ-8,NJ-8,NJ,57.13225,55.63225,-1.5,1.5,True,1.5,0.0,0.55,0.55,True,False,False,False
2020,incumbency,NJ-9,NJ-9,NJ,35.88718669416,34.38718669416,-1.5,1.5,True,1.5,0.0,0.760978218,0.760978218,True,False,False,False
2020,incumbency,NM-1,NM-1,NM,18.739409090909092,17.239409090909092,-1.5,1.5,True,1.5,0.0,0.55,0.55,True,False,False,False
2020,incumbency,NM-2,NM-2,NM,-3.1499999999999986,-4.649999999999999,-1.5,1.5,True,1.5,0.0,1.25,1.25,True,False,False,False
2020,incumbency,NM-3,NM-3,NM,19.35470330468888,19.35470330468888,0.0,0.0,False,0.0,0.0,0.8665723557,0.8665723557,False,False,False,False
2020,incumbency,NV-1,NV-1,NV,35.1207407732,33.6207407732,-1.5,1.5,True,1.5,0.0,1.00654261,1.00654261,True,False,False,False
2020,incumbency,NV-2,NV-2,NV,-8.25,-6.75,1.5,1.5,True,-1.5,0.0,1.25,1.25,False,False,True,False
2020,incumbency,NV-3,NV-3,NV,6.5858423913043485,5.0858423913043485,-1.5,1.5,True,1.5,0.0,1.25,1.25,True,False,False,False
2020,incumbency,NV-4,NV-4,NV,10.823595240369363,9.323595240369363,-1.5,1.5,True,1.5,0.0,0.987098374,0.987098374,True,False,False,False
2020,incumbency,NY-1,NY-1,NY,-7.929061193643636,-6.429061193643636,1.5,1.5,True,-1.5,0.0,1.239142556,1.239142556,False,False,True,False
2020,incumbency,NY-10,NY-10,NY,64.051824735076,62.551824735075996,-1.5,1.5,True,1.5,0.0,0.8418014273,0.8418014273,True,False,False,False
2020,incumbency,NY-11,NY-11,NY,-3.0835670731707316,-4.583567073170732,-1.5000000000000004,1.5000000000000004,True,1.5,0.0,1.25,1.25,True,False,False,False
2020,incumbency,NY-12,NY-12,NY,74.7339749936,73.2339749936,-1.5,1.5,True,1.5,0.0,0.90424428,0.90424428,True,False,False,False
2020,incumbency,NY-13,NY-13,NY,89.73086829617601,88.23086829617601,-1.5,1.5,True,1.5,0.0,0.5605993948,0.5605993948,True,False,False,False
2020,incumbency,NY-14,NY-14,NY,60.99095943420052,59.49095943420052,-1.5,1.5,True,1.5,0.0,0.6444049587,0.6444049587,True,False,False,False
2020,incumbency,NY-15,NY-15,NY,91.71475000000001,91.71475000000001,0.0,0.0,False,0.0,0.0,0.55,0.55,False,False,False,False
2020,incumbency,NY-16,NY-16,NY,58.614999999999995,58.614999999999995,0.0,0.0,False,0.0,0.0,1.0,1.0,False,False,False,False
2020,incumbency,NY-17,NY-17,NY,24.722920256549088,24.722920256549088,0.0,0.0,False,0.0,0.0,1.209683197,1.209683197,False,False,False,False
2020,incumbency,NY-18,NY-18,NY,2.834893463262909,1.334893463262909,-1.5,1.5,True,1.5,0.0,0.6155314631,0.6155314631,True,False,False,False
2020,incumbency,NY-19,NY-19,NY,1.315909090909091,-0.18409090909090908,-1.5,1.5,True,1.5,0.0,1.25,1.25,True,False,False,False
2020,incumbency,NY-2,NY-2,NY,-4.562225609756096,-4.562225609756096,0.0,0.0,False,0.0,0.0,1.25,1.25,False,False,False,False
2020,incumbency,NY-20,NY-20,NY,18.036675652596,16.536675652596,-1.5,1.5,True,1.5,0.0,0.6835417733,0.6835417733,True,False,False,False
2020,incumbency,NY-21,NY-21,NY,-9.85,-8.35,1.5,1.5,True,-1.5,0.0,1.25,1.25,False,False,True,False
2020,incumbency,NY-22,NY-22,NY,-9.266927840756003,-10.766927840756003,-1.5,1.5,True,1.5,0.0,0.8977650587,0.8977650587,True,False,False,False
2020,incumbency,NY-23,NY-23,NY,-11.940000000000001,-10.440000000000001,1.5,1.5,True,-1.5,0.0,1.25,1.25,False,False,True,False
2020,incumbency,NY-24,NY-24,NY,7.8637500000000005,9.36375,1.4999999999999991,1.4999999999999991,True,-1.5,0.0,1.25,1.25,False,False,True,False
2020,incumbency,NY-25,NY-25,NY,22.27038242371478,20.77038242371478,-1.5,1.5,True,1.5,0.0,1.118140244,1.118140244,True,False,False,False
2020,incumbency,NY-26,NY-26,NY,24.12475,22.62475,-1.5,1.5,True,1.5,0.0,0.55,0.55,True,False,False,False
2020,incumbency,NY-27,NY-27,NY,-20.450000000000003,-18.950000000000003,1.5,1.5,True,-1.5,0.0,1.25,1.25,False,False,True,False
2020,incumbency,NY-3,NY-3,NY,12.659115750128443,11.159115750128443,-1.5,1.5,True,1.5,0.0,0.9307060957,0.9307060957,True,False,False,False
2020,incumbency,NY-4,NY-4,NY,15.934020464101819,14.434020464101819,-1.5,1.5,True,1.5,0.0,1.171092916,1.171092916,True,False,False,False
2020,incumbency,NY-5,NY-5,NY,77.56386363636365,76.06386363636365,-1.5,1.5,True,1.5,0.0,1.0,1.0,True,False,False,False
2020,incumbency,NY-6,NY-6,NY,40.60926136363636,39.10926136363636,-1.5,1.5,True,1.5,0.0,1.0,1.0,True,False,False,False
2020,incumbency,NY-7,NY-7,NY,83.55000000000001,82.05000000000001,-1.5,1.5,True,1.5,0.0,1.25,1.25,True,False,False,False
2020,incumbency,NY-8,NY-8,NY,76.71795731707317,75.21795731707317,-1.5,1.5,True,1.5,0.0,1.0,1.0,True,False,False,False
2020,incumbency,NY-9,NY-9,NY,75.46477272727273,73.96477272727273,-1.5,1.5,True,1.5,0.0,1.0,1.0,True,False,False,False
2020,incumbency,OH-1,OH-1,OH,-2.8275332019927273,-1.3275332019927273,1.5,1.5,True,-1.5,0.0,1.136803844,1.136803844,False,False,True,False
2020,incumbency,OH-10,OH-10,OH,-6.176349999999999,-4.676349999999999,1.5,1.5,True,-1.5,0.0,1.25,1.25,False,False,True,False
2020,incumbency,OH-11,OH-11,OH,67.65708420862072,66.15708420862072,-1.5,1.5,True,1.5,0.0,0.7078940329,0.7078940329,True,False,False,False
2020,incumbency,OH-12,OH-12,OH,-8.203369565217391,-6.7033695652173915,1.5,1.5,True,-1.5,0.0,1.25,1.25,False,False,True,False
2020,incumbency,OH-13,OH-13,OH,9.775090909090911,8.27509090909091,-1.5000000000000018,1.5000000000000018,True,1.5,0.0,0.55,0.55,True,False,False,False
2020,incumbency,OH-14,OH-14,OH,-8.81185,-7.31185,1.5,1.5,True,-1.5,0.0,1.25,1.25,False,False,True,False
2020,incumbency,OH-15,OH-15,OH,-12.148830001018181,-10.648830001018181,1.5,1.5,True,-1.5,0.0,1.11609284,1.11609284,False,False,True,False
2020,incumbency,OH-16,OH-16,OH,-12.550000000000002,-11.050000000000002,1.5,1.5,True,-1.5,0.0,1.25,1.25,False,False,True,False
2020,incumbency,OH-2,OH-2,OH,-12.260000000000002,-10.760000000000002,1.5,1.5,True,-1.5,0.0,1.25,1.25,False,False,True,False
2020,incumbency,OH-3,OH-3,OH,44.835224999999994,43.335224999999994,-1.5,1.5,True,1.5,0.0,1.25,1.25,True,False,False,False
2020,incumbency,OH-4,OH-4,OH,-30.855325258860002,-29.355325258860002,1.5,1.5,True,-1.5,0.0,0.9529002845,0.9529002845,False,False,True,False
2020,incumbency,OH-5,OH-5,OH,-22.142000000000003,-20.642000000000003,1.5,1.5,True,-1.5,0.0,1.25,1.25,False,False,True,False
2020,incumbency,OH-6,OH-6,OH,-41.628351532404004,-40.128351532404004,1.5,1.5,True,-1.5,0.0,0.6826631483,0.6826631483,False,False,True,False
2020,incumbency,OH-7,OH-7,OH,-25.66272727272727,-24.16272727272727,1.5,1.5,True,-1.5,0.0,1.25,1.25,False,False,True,False
2020,incumbency,OH-8,OH-8,OH,-31.98812584667245,-30.48812584667245,1.5,1.5,True,-1.5,0.0,0.9700647898,0.9700647898,False,False,True,False
2020,incumbency,OH-9,OH-9,OH,30.872510748291997,29.372510748291997,-1.5,1.5,True,1.5,0.0,0.8615213641,0.8615213641,True,False,False,False
2020,incumbency,OK-1,OK-1,OK,-26.18,-24.68,1.5,1.5,True,-1.5,0.0,1.0,1.0,False,False,True,False
2020,incumbency,OK-2,OK-2,OK,-42.71651515151515,-41.21651515151515,1.5,1.5,True,-1.5,0.0,1.25,1.25,False,False,True,False
2020,incumbency,OK-3,OK-3,OK,-51.55848354742,-50.05848354742,1.5,1.5,True,-1.5,0.0,0.7427314465,0.7427314465,False,False,True,False
2020,incumbency,OK-4,OK-4,OK,-34.2508533014,-32.7508533014,1.5,1.5,True,-1.5,0.0,1.108193905,1.108193905,False,False,True,False
2020,incumbency,OK-5,OK-5,OK,-5.701432926829268,-7.201432926829268,-1.5,1.5,True,1.5,0.0,1.25,1.25,True,False,False,False
2020,incumbency,OR-1,OR-1,OR,27.488617082951997,25.988617082951997,-1.5,1.5,True,1.5,0.0,0.8577192946,0.8577192946,True,False,False,False
2020,incumbency,OR-2,OR-2,OR,-15.223536585365856,-15.223536585365856,0.0,0.0,False,0.0,0.0,1.25,1.25,False,False,False,False
2020,incumbency,OR-3,OR-3,OR,50.966,49.466,-1.5,1.5,True,1.5,0.0,0.55,0.55,True,False,False,False
2020,incumbency,OR-4,OR-4,OR,-0.6753636363636351,-2.175363636363635,-1.5,1.5,True,1.5,0.0,0.55,0.55,True,False,False,False
2020,incumbency,OR-5,OR-5,OR,6.729750000000001,5.229750000000001,-1.5,1.5,True,1.5,0.0,0.55,0.55,True,False,False,False
2020,incumbency,PA-1,PA-1,PA,-1.081857142857142,0.41814285714285804,1.5,1.5,True,-1.5,0.0,0.55,0.55,False,False,True,False
2020,incumbency,PA-10,PA-10,PA,-0.8499999999999996,0.6500000000000004,1.5,1.5,True,-1.5,0.0,1.25,1.25,False,False,True,False
2020,incumbency,PA-11,PA-11,PA,-21.643980582017146,-20.143980582017146,1.5,1.5,True,-1.5,0.0,1.221630157,1.221630157,False,False,True,False
2020,incumbency,PA-12,PA-12,PA,-40.634,-39.134,1.5,1.5,True,-1.5,0.0,0.55,0.55,False,False,True,False
2020,incumbency,PA-13,PA-13,PA,-44.78956508392194,-43.28956508392194,1.5,1.5,True,-1.5,0.0,0.7524230156,0.7524230156,False,False,True,False
2020,incumbency,PA-14,PA-14,PA,-28.263545454545458,-26.763545454545458,1.5,1.5,True,-1.5,0.0,0.55,0.55,False,False,True,False
2020,incumbency,PA-15,PA-15,PA,-43.614325,-42.114325,1.5,1.5,True,-1.5,0.0,0.55,0.55,False,False,True,False
2020,incumbency,PA-16,PA-16,PA,-18.678035828969705,-17.178035828969705,1.5,1.5,True,-1.5,0.0,0.7097885066,0.7097885066,False,False,True,False
2020,incumbency,PA-17,PA-17,PA,1.8081879901603641,0.3081879901603641,-1.5,1.5,True,1.5,0.0,0.7478842527,0.7478842527,True,False,False,False
2020,incumbency,PA-18,PA-18,PA,33.019999999999996,31.52,-1.4999999999999964,1.4999999999999964,True,1.5,0.0,1.0,1.0,True,False,False,False
2020,incumbency,PA-2,PA-2,PA,51.83722340425532,50.33722340425532,-1.5,1.5,True,1.5,0.0,0.55,0.55,True,False,False,False
2020,incumbency,PA-3,PA-3,PA,89.09901604904002,87.59901604904002,-1.5,1.5,True,1.5,0.0,0.947551642,0.947551642,True,False,False,False
2020,incumbency,PA-4,PA-4,PA,24.85,24.85,0.0,0.0,False,0.0,0.0,1.25,1.25,False,False,False,False
2020,incumbency,PA-5,PA-5,PA,34.840271739130436,33.340271739130436,-1.5,1.5,True,1.5,0.0,1.25,1.25,True,False,False,False
2020,incumbency,PA-6,PA-6,PA,16.100625,14.600625,-1.5,1.5,True,1.5,0.0,1.25,1.25,True,False,False,False
2020,incumbency,PA-7,PA-7,PA,8.123750000000001,6.62375,-1.5000000000000009,1.5000000000000009,True,1.5,0.0,1.25,1.25,True,False,False,False
2020,incumbency,PA-8,PA-8,PA,-1.788749999999999,-3.288749999999999,-1.5,1.5,True,1.5,0.0,1.25,1.25,True,False,False,False
2020,incumbency,PA-9,PA-9,PA,-32.38359855614478,-30.883598556144783,1.5,1.5,True,-1.5,0.0,0.8029748892,0.8029748892,False,False,True,False
2020,incumbency,RI-1,RI-1,RI,28.476223319968,26.976223319968,-1.5,1.5,True,1.5,0.0,0.5680103464,0.5680103464,True,False,False,False
2020,incumbency,RI-2,RI-2,RI,9.866,8.366,-1.5,1.5,True,1.5,0.0,0.55,0.55,True,False,False,False
2020,incumbency,SC-1,SC-1,SC,-6.049999999999999,-7.549999999999999,-1.5,1.5,True,1.5,0.0,1.25,1.25,True,False,False,False
2020,incumbency,SC-2,SC-2,SC,-13.990235718120001,-12.490235718120001,1.5,1.5,True,-1.5,0.0,1.139332399,1.139332399,False,False,True,False
2020,incumbency,SC-3,SC-3,SC,-35.861087841824,-34.361087841824,1.5,1.5,True,-1.5,0.0,0.9377307448,0.9377307448,False,False,True,False
2020,incumbency,SC-4,SC-4,SC,-21.231141125625456,-19.731141125625456,1.5,1.5,True,-1.5,0.0,1.197043191,1.197043191,False,False,True,False
2020,incumbency,SC-5,SC-5,SC,-17.172294494828,-15.672294494828002,1.5,1.5,True,-1.5,0.0,0.8051806381,0.8051806381,False,False,True,False
2020,incumbency,SC-6,SC-6,SC,38.756225,37.256225,-1.5,1.5,True,1.5,0.0,0.55,0.55,True,False,False,False
2020,incumbency,SC-7,SC-7,SC,-18.256167935975274,-16.756167935975274,1.5,1.5,True,-1.5,0.0,0.7670031596,0.7670031596,False,False,True,False
2020,incumbency,SD-AL,SD-AL,SD,-26.76296622484,-25.26296622484,1.5,1.5,True,-1.5,0.0,1.084482643,1.084482643,False,False,True,False
2020,incumbency,TN-1,TN-1,TN,-52.765756566360004,-52.765756566360004,0.0,0.0,False,0.0,0.0,1.035007097,1.035007097,False,False,False,False
2020,incumbency,TN-2,TN-2,TN,-33.161670039144,-31.661670039144,1.5,1.5,True,-1.5,0.0,0.9539754838,0.9539754838,False,False,True,False
2020,incumbency,TN-3,TN-3,TN,-34.46167725575201,-32.96167725575201,1.5,1.5,True,-1.5,0.0,0.7088762654,0.7088762654,False,False,True,False
2020,incumbency,TN-4,TN-4,TN,-40.333979852296004,-38.833979852296004,1.5,1.5,True,-1.5,0.0,0.7297418542,0.7297418542,False,False,True,False
2020,incumbency,TN-5,TN-5,TN,23.436597358752,21.936597358752,-1.5,1.5,True,1.5,0.0,0.9373525096,0.9373525096,True,False,False,False
2020,incumbency,TN-6,TN-6,TN,-46.47089041194,-44.97089041194,1.5,1.5,True,-1.5,0.0,0.9851486255,0.9851486255,False,False,True,False
2020,incumbency,TN-7,TN-7,TN,-38.12730156474,-36.62730156474,1.5,1.5,True,-1.5,0.0,0.7798526855,0.7798526855,False,False,True,False
2020,incumbency,TN-8,TN-8,TN,-33.457489136780005,-31.957489136780005,1.5,1.5,True,-1.5,0.0,0.9383187685,0.9383187685,False,False,True,False
2020,incumbency,TN-9,TN-9,TN,60.537999469504,59.037999469504,-1.5,1.5,True,1.5,0.0,0.5617646192,0.5617646192,True,False,False,False
2020,incumbency,TX-1,TX-1,TX,-45.713333866804,-44.213333866804,1.5,1.5,True,-1.5,0.0,0.9022330283,0.9022330283,False,False,True,False
2020,incumbency,TX-10,TX-10,TX,-5.57376791716,-4.07376791716,1.5,1.5,True,-1.5,0.0,1.164417007,1.164417007,False,False,True,False
2020,incumbency,TX-11,TX-11,TX,-54.68000000000001,-54.68000000000001,0.0,0.0,False,0.0,0.0,1.0,1.0,False,False,False,False
2020,incumbency,TX-12,TX-12,TX,-28.661158325935997,-27.161158325935997,1.5,1.5,True,-1.5,0.0,0.9340427572,0.9340427572,False,False,True,False
2020,incumbency,TX-13,TX-13,TX,-57.89125,-57.89125,0.0,0.0,False,0.0,0.0,1.0,1.0,False,False,False,False
2020,incumbency,TX-14,TX-14,TX,-16.89039980016,-15.39039980016,1.5,1.5,True,-1.5,0.0,1.055081732,1.055081732,False,False,True,False
2020,incumbency,TX-15,TX-15,TX,22.667913999247123,21.167913999247123,-1.5,1.5,True,1.5,0.0,0.9490105371,0.9490105371,True,False,False,False
2020,incumbency,TX-16,TX-16,TX,42.586054347826085,41.086054347826085,-1.5,1.5,True,1.5,0.0,0.55,0.55,True,False,False,False
2020,incumbency,TX-17,TX-17,TX,-12.598644644759151,-12.598644644759151,0.0,0.0,False,0.0,0.0,1.129045688,1.129045688,False,False,False,False
2020,incumbency,TX-18,TX-18,TX,60.822915524992,59.322915524992,-1.5,1.5,True,1.5,0.0,0.8043979616,0.8043979616,True,False,False,False
2020,incumbency,TX-19,TX-19,TX,-46.480000000000004,-44.980000000000004,1.5,1.5,True,-1.5,0.0,1.0,1.0,False,False,True,False
2020,incumbency,TX-2,TX-2,TX,-5.25,-3.75,1.5,1.5,True,-1.5,0.0,1.25,1.25,False,False,True,False
2020,incumbency,TX-20,TX-20,TX,34.09625,32.59625,-1.5,1.5,True,1.5,0.0,1.0,1.0,True,False,False,False
2020,incumbency,TX-21,TX-21,TX,-5.267499999999999,-3.767499999999999,1.5,1.5,True,-1.5,0.0,1.25,1.25,False,False,True,False
2020,incumbency,TX-22,TX-22,TX,-2.9592659718399994,-2.9592659718399994,0.0,0.0,False,0.0,0.0,1.159025168,1.159025168,False,False,False,False
2020,incumbency,TX-23,TX-23,TX,5.585766509236,5.585766509236,0.0,0.0,False,0.0,0.0,0.7002886453,0.7002886453,False,False,False,False
2020,incumbency,TX-24,TX-24,TX,-0.5091463414634151,-0.5091463414634151,0.0,0.0,False,0.0,0.0,1.25,1.25,False,False,False,False
2020,incumbency,TX-25,TX-25,TX,-11.57305478577553,-10.07305478577553,1.5,1.5,True,-1.5,0.0,0.9840020054,0.9840020054,False,False,True,False
2020,incumbency,TX-26,TX-26,TX,-22.922500000000003,-21.422500000000003,1.5,1.5,True,-1.5,0.0,1.25,1.25,False,False,True,False
2020,incumbency,TX-27,TX-27,TX,-21.19775040415548,-19.69775040415548,1.5,1.5,True,-1.5,0.0,0.8454940374,0.8454940374,False,False,True,False
2020,incumbency,TX-28,TX-28,TX,27.94559659090909,26.44559659090909,-1.5,1.5,True,1.5,0.0,1.0,1.0,True,False,False,False
2020,incumbency,TX-29,TX-29,TX,50.55096085074922,49.05096085074922,-1.5,1.5,True,1.5,0.0,0.5617156832,0.5617156832,True,False,False,False
2020,incumbency,TX-3,TX-3,TX,-10.42284090909091,-8.92284090909091,1.5,1.5,True,-1.5,0.0,1.25,1.25,False,False,True,False
2020,incumbency,TX-30,TX-30,TX,66.32,64.82,-1.5,1.5,True,1.5,0.0,1.0,1.0,True,False,False,False
2020,incumbency,TX-31,TX-31,TX,-8.445675675675675,-6.945675675675674,1.5000000000000009,1.5000000000000009,True,-1.5,0.0,1.25,1.25,False,False,True,False
2020,incumbency,TX-32,TX-32,TX,7.53811600612,6.03811600612,-1.5,1.5,True,1.5,0.0,1.019300001,1.019300001,True,False,False,False
2020,incumbency,TX-33,TX-33,TX,54.450006632555144,52.950006632555144,-1.5,1.5,True,1.5,0.0,0.9208031847,0.9208031847,True,False,False,False
2020,incumbency,TX-34,TX-34,TX,24.574035714285714,23.074035714285714,-1.5,1.5,True,1.5,0.0,0.55,0.55,True,False,False,False
2020,incumbency,TX-35,TX-35,TX,39.073758343044,37.573758343044,-1.5,1.5,True,1.5,0.0,0.9924441737,0.9924441737,True,False,False,False
2020,incumbency,TX-36,TX-36,TX,-42.70615264205787,-41.20615264205787,1.5,1.5,True,-1.5,0.0,1.136823202,1.136823202,False,False,True,False
2020,incumbency,TX-4,TX-4,TX,-49.7144512195122,-49.7144512195122,0.0,0.0,False,0.0,0.0,1.0,1.0,False,False,False,False
2020,incumbency,TX-5,TX-5,TX,-25.28423913043478,-23.78423913043478,1.5,1.5,True,-1.5,0.0,1.0,1.0,False,False,True,False
2020,incumbency,TX-6,TX-6,TX,-8.8128354732,-7.3128354732,1.5,1.5,True,-1.5,0.0,1.06795989,1.06795989,False,False,True,False
2020,incumbency,TX-7,TX-7,TX,8.381521739130434,6.881521739130435,-1.4999999999999991,1.4999999999999991,True,1.5,0.0,1.25,1.25,True,False,False,False
2020,incumbency,TX-8,TX-8,TX,-46.17897727272727,-44.67897727272727,1.5,1.5,True,-1.5,0.0,1.0,1.0,False,False,True,False
2020,incumbency,TX-9,TX-9,TX,66.82,65.32,-1.5,1.5,True,1.5,0.0,1.0,1.0,True,False,False,False
2020,incumbency,UT-1,UT-1,UT,-23.34842307692308,-23.34842307692308,0.0,0.0,False,0.0,0.0,0.55,0.55,False,False,False,False
2020,incumbency,UT-2,UT-2,UT,-13.596088074911806,-12.096088074911806,1.5,1.5,True,-1.5,0.0,0.8424363898,0.8424363898,False,False,True,False
2020,incumbency,UT-3,UT-3,UT,-23.305194447056,-21.805194447056,1.5,1.5,True,-1.5,0.0,0.6682688812,0.6682688812,False,False,True,False
2020,incumbency,UT-4,UT-4,UT,-4.246283676088,-5.746283676088,-1.5,1.5,True,1.5,0.0,0.9493409026,0.9493409026,True,False,False,False
2020,incumbency,VA-1,VA-1,VA,-8.35,-6.85,1.5,1.5,True,-1.5,0.0,1.25,1.25,False,False,True,False
2020,incumbency,VA-10,VA-10,VA,15.99548497888,14.49548497888,-1.5,1.5,True,1.5,0.0,1.077693624,1.077693624,True,False,False,False
2020,incumbency,VA-11,VA-11,VA,45.703612535679994,44.203612535679994,-1.5,1.5,True,1.5,0.0,1.128041264,1.128041264,True,False,False,False
2020,incumbency,VA-2,VA-2,VA,3.6500000000000004,2.1500000000000004,-1.5,1.5,True,1.5,0.0,1.25,1.25,True,False,False,False
2020,incumbency,VA-3,VA-3,VA,37.22,35.72,-1.5,1.5,True,1.5,0.0,1.0,1.0,True,False,False,False
2020,incumbency,VA-4,VA-4,VA,28.65,27.15,-1.5,1.5,True,1.5,0.0,1.25,1.25,True,False,False,False
2020,incumbency,VA-5,VA-5,VA,-5.69133573288,-5.69133573288,0.0,0.0,False,0.0,0.0,1.226905926,1.226905926,False,False,False,False
2020,incumbency,VA-6,VA-6,VA,-20.75,-19.25,1.5,1.5,True,-1.5,0.0,1.25,1.25,False,False,True,False
2020,incumbency,VA-7,VA-7,VA,0.5500000000000007,-0.9499999999999993,-1.5,1.5,True,1.5,0.0,1.25,1.25,True,False,False,False
2020,incumbency,VA-8,VA-8,VA,57.763666408228,56.263666408228,-1.5,1.5,True,1.5,0.0,0.9417755569,0.9417755569,True,False,False,False
2020,incumbency,VA-9,VA-9,VA,-38.37710648656,-36.87710648656,1.5,1.5,True,-1.5,0.0,1.098512012,1.098512012,False,False,True,False
2020,incumbency,VT-AL,VT-AL,VT,33.449999999999996,31.949999999999996,-1.5,1.5,True,1.5,0.0,1.25,1.25,True,False,False,False
2020,incumbency,WA-1,WA-1,WA,19.835563789264,18.335563789264,-1.5,1.5,True,1.5,0.0,0.6757457172,0.6757457172,True,False,False,False
2020,incumbency,WA-10,WA-10,WA,15.076446784644002,15.076446784644002,0.0,0.0,False,0.0,0.0,0.9438638537,0.9438638537,False,False,False,False
2020,incumbency,WA-2,WA-2,WA,25.92695124152,24.42695124152,-1.5,1.5,True,1.5,0.0,0.723358046,0.723358046,True,False,False,False
2020,incumbency,WA-3,WA-3,WA,-4.28213622692,-2.7821362269199996,1.5,1.5,True,-1.5,0.0,1.097690159,1.097690159,False,False,True,False
2020,incumbency,WA-4,WA-4,WA,-20.28,-18.78,1.5,1.5,True,-1.5,0.0,1.0,1.0,False,False,True,False
2020,incumbency,WA-5,WA-5,WA,-12.126772391827998,-10.626772391827998,1.5,1.5,True,-1.5,0.0,0.7472594131,0.7472594131,False,False,True,False
2020,incumbency,WA-6,WA-6,WA,15.066000000000003,13.566000000000003,-1.5,1.5,True,1.5,0.0,0.55,0.55,True,False,False,False
2020,incumbency,WA-7,WA-7,WA,72.66600000000001,71.16600000000001,-1.5,1.5,True,1.5,0.0,0.55,0.55,True,False,False,False
2020,incumbency,WA-8,WA-8,WA,10.05,8.55,-1.5,1.5,True,1.5,0.0,1.25,1.25,True,False,False,False
2020,incumbency,WA-9,WA-9,WA,50.755578972028005,49.255578972028005,-1.5,1.5,True,1.5,0.0,0.6790161719,0.6790161719,True,False,False,False
2020,incumbency,WI-1,WI-1,WI,-6.25,-4.75,1.5,1.5,True,-1.5,0.0,1.25,1.25,False,False,True,False
2020,incumbency,WI-2,WI-2,WI,39.565999999999995,38.065999999999995,-1.5,1.5,True,1.5,0.0,0.55,0.55,True,False,False,False
2020,incumbency,WI-3,WI-3,WI,2.5500000000000007,1.0500000000000007,-1.5,1.5,True,1.5,0.0,1.25,1.25,True,False,False,False
2020,incumbency,WI-4,WI-4,WI,56.320634122176,54.820634122176,-1.5,1.5,True,1.5,0.0,0.7713454448,0.7713454448,True,False,False,False
2020,incumbency,WI-5,WI-5,WI,-15.877503055680004,-15.877503055680004,0.0,0.0,False,0.0,0.0,1.033087736,1.033087736,False,False,False,False
2020,incumbency,WI-6,WI-6,WI,-17.134,-15.634,1.5,1.5,True,-1.5,0.0,0.55,0.55,False,False,True,False
2020,incumbency,WI-7,WI-7,WI,-19.77468744012,-18.27468744012,1.5,1.5,True,-1.5,0.0,0.690410549,0.690410549,False,False,True,False
2020,incumbency,WI-8,WI-8,WI,-15.529797318056003,-14.029797318056003,1.5,1.5,True,-1.5,0.0,0.9265037062,0.9265037062,False,False,True,False
2020,incumbency,WV-1,WV-1,WV,-39.156693467627136,-37.656693467627136,1.5,1.5,True,-1.5,0.0,0.7181802376,0.7181802376,False,False,True,False
2020,incumbency,WV-2,WV-2,WV,-37.2115,-35.7115,1.5,1.5,True,-1.5,0.0,0.55,0.55,False,False,True,False
2020,incumbency,WV-3,WV-3,WV,-45.150000000000006,-43.650000000000006,1.5,1.5,True,-1.5,0.0,1.25,1.25,False,False,True,False
2020,incumbency,WY-AL,WY-AL,WY,-47.271973055228,-45.771973055228,1.5,1.5,True,-1.5,0.0,0.6418344681,0.6418344681,False,False,True,False
2020,district_elasticity,AK-AL,AK-AL,AK,-15.434000000000001,-12.68,2.7540000000000013,2.7540000000000013,True,-1.5,-1.5,0.55,1.0,False,False,True,True
2020,district_elasticity,AL-1,AL-1,AL,-25.38,-25.38,0.0,0.0,False,0.0,0.0,1.0,1.0,False,False,False,False
2020,district_elasticity,AL-2,AL-2,AL,-30.634,-27.88,2.7540000000000013,2.7540000000000013,True,0.0,0.0,0.55,1.0,False,False,False,False
2020,district_elasticity,AL-3,AL-3,AL,-31.716227490188,-30.333875,1.3823524901880013,1.3823524901880013,True,-1.5,-1.5,0.7741254101,1.0,False,False,True,True
2020,district_elasticity,AL-4,AL-4,AL,-60.247788461538455,-60.247788461538455,0.0,0.0,False,-1.5,-1.5,1.0,1.0,False,False,True,True
2020,district_elasticity,AL-5,AL-5,AL,-31.13911620016,-31.85125,-0.7121337998400001,0.7121337998400001,True,-1.5,-1.5,1.116361732,1.0,False,False,True,True
2020,district_elasticity,AL-6,AL-6,AL,-42.52894095792,-43.151250000000005,-0.6223090420800048,0.6223090420800048,True,-1.5,-1.5,1.101684484,1.0,False,False,True,True
2020,district_elasticity,AL-7,AL-7,AL,46.72,46.72,0.0,0.0,False,1.5,1.5,1.0,1.0,True,True,False,False
2020,district_elasticity,AR-1,AR-1,AR,-31.209711538461537,-32.73971153846154,-1.5300000000000047,1.5300000000000047,True,-1.5,-1.5,1.25,1.0,False,False,True,True
2020,district_elasticity,AR-2,AR-2,AR,-10.178624098435998,-7.908575,2.2700490984359982,2.2700490984359982,True,-1.5,-1.5,0.6290769447,1.0,False,False,True,True
2020,district_elasticity,AR-3,AR-3,AR,-29.14649456521739,-29.14649456521739,0.0,0.0,False,-1.5,-1.5,1.0,1.0,False,False,True,True
2020,district_elasticity,AR-4,AR-4,AR,-33.52775,-30.77375,2.753999999999998,2.753999999999998,True,-1.5,-1.5,0.55,1.0,False,False,True,True
2020,district_elasticity,AZ-1,AZ-1,AZ,2.716,5.47,2.7539999999999996,2.7539999999999996,True,1.5,1.5,0.55,1.0,True,True,False,False
2020,district_elasticity,AZ-2,AZ-2,AZ,14.878851375800002,14.42,-0.4588513758000019,0.4588513758000019,True,1.5,1.5,1.074975715,1.0,True,True,False,False
2020,district_elasticity,AZ-3,AZ-3,AZ,37.489383886039995,36.18124999999999,-1.3081338860400038,1.3081338860400038,True,1.5,1.5,1.213747367,1.0,True,True,False,False
2020,district_elasticity,AZ-4,AZ-4,AZ,-38.63365648380939,-37.473994565217396,1.1596619185919934,1.1596619185919934,True,-1.5,-1.5,0.8105127584,1.0,False,False,True,True
2020,district_elasticity,AZ-5,AZ-5,AZ,-18.489434575360004,-18.580000000000002,-0.09056542463999762,0.09056542463999762,True,-1.5,-1.5,1.014798272,1.0,False,False,True,True
2020,district_elasticity,AZ-6,AZ-6,AZ,-6.86482019239709,-6.725909090909091,0.13891110148799957,0.13891110148799957,True,-1.5,-1.5,0.9773021076,1.0,False,False,True,True
2020,district_elasticity,AZ-7,AZ-7,AZ,54.8775,54.8775,0.0,0.0,False,1.5,1.5,1.0,1.0,True,True,False,False
2020,district_elasticity,AZ-8,AZ-8,AZ,-16.900000000000002,-16.900000000000002,0.0,0.0,False,-1.5,-1.5,1.0,1.0,False,False,True,True
2020,district_elasticity,AZ-9,AZ-9,AZ,19.915932432432434,22.669932432432432,2.753999999999998,2.753999999999998,True,1.5,1.5,0.55,1.0,True,True,False,False
2020,district_elasticity,CA-1,CA-1,CA,-17.373070365236,-17.18,0.19307036523600019,0.19307036523600019,True,-1.5,-1.5,0.9684525547,1.0,False,False,True,True
2020,district_elasticity,CA-10,CA-10,CA,7.473120049397838,7.4728378378378375,-0.0002822115600000785,0.0002822115600000785,True,1.5,1.5,1.000046113,1.0,True,True,False,False
2020,district_elasticity,CA-11,CA-11,CA,53.357713094299996,54.31999999999999,0.9622869056999974,0.9622869056999974,True,1.5,1.5,0.8427635775,1.0,True,True,False,False
2020,district_elasticity,CA-12,CA-12,CA,81.3902023687,83.02000000000001,1.6297976313000078,1.6297976313000078,True,1.5,1.5,0.7336931975,1.0,True,True,False,False
2020,district_elasticity,CA-13,CA-13,CA,87.97755064830545,86.82954545454545,-1.1480051937599995,1.1480051937599995,True,1.5,1.5,1.187582548,1.0,True,True,False,False
2020,district_elasticity,CA-14,CA-14,CA,61.697002359020004,64.22,2.5229976409799946,2.5229976409799946,True,1.5,1.5,0.5877454835,1.0,True,True,False,False
2020,district_elasticity,CA-15,CA-15,CA,46.891,49.644999999999996,2.753999999999998,2.753999999999998,True,1.5,1.5,0.55,1.0,True,True,False,False
2020,district_elasticity,CA-16,CA-16,CA,26.825450166876,27.12,0.29454983312400174,0.29454983312400174,True,1.5,1.5,0.9518709423,1.0,True,True,False,False
2020,district_elasticity,CA-17,CA-17,CA,55.6695652173913,55.6695652173913,0.0,0.0,False,1.5,1.5,1.0,1.0,True,True,False,False
2020,district_elasticity,CA-18,CA-18,CA,56.50096398029543,57.089821428571426,0.588857448275995,0.588857448275995,True,1.5,1.5,0.9037814627,1.0,True,True,False,False
2020,district_elasticity,CA-19,CA-19,CA,54.376,57.129999999999995,2.753999999999998,2.753999999999998,True,1.5,1.5,0.55,1.0,True,True,False,False
2020,district_elasticity,CA-2,CA-2,CA,48.149950000000004,50.90395,2.753999999999998,2.753999999999998,True,1.5,1.5,0.55,1.0,True,True,False,False
2020,district_elasticity,CA-20,CA-20,CA,52.72,52.72,0.0,0.0,False,1.5,1.5,1.0,1.0,True,True,False,False
2020,district_elasticity,CA-21,CA-21,CA,19.2993189476,19.593049999999998,0.2937310523999983,0.2937310523999983,True,1.5,1.5,0.95200473,1.0,True,True,False,False
2020,district_elasticity,CA-22,CA-22,CA,-7.060699999999999,-8.5907,-1.5300000000000011,1.5300000000000011,True,-1.5,-1.5,1.25,1.0,False,False,True,True
2020,district_elasticity,CA-23,CA-23,CA,-18.25175309757268,-19.583079268292682,-1.3313261707200006,1.3313261707200006,True,-1.5,-1.5,1.217536956,1.0,False,False,True,True
2020,district_elasticity,CA-24,CA-24,CA,24.522881029819427,24.562321428571426,0.03944039875199934,0.03944039875199934,True,1.5,1.5,0.9935554904,1.0,True,True,False,False
2020,district_elasticity,CA-25,CA-25,CA,12.339175000000001,10.809175,-1.5300000000000011,1.5300000000000011,True,-1.5,-1.5,1.25,1.0,False,False,True,True
2020,district_elasticity,CA-26,CA-26,CA,26.509873895303997,27.419999999999998,0.9101261046960012,0.9101261046960012,True,1.5,1.5,0.8512865842,1.0,True,True,False,False
2020,district_elasticity,CA-27,CA-27,CA,44.99125,43.46125,-1.5300000000000011,1.5300000000000011,True,1.5,1.5,1.25,1.0,True,True,False,False
2020,district_elasticity,CA-28,CA-28,CA,52.653888888888886,55.407888888888884,2.753999999999998,2.753999999999998,True,1.5,1.5,0.55,1.0,True,True,False,False
2020,district_elasticity,CA-29,CA-29,CA,66.84,66.84,0.0,0.0,False,1.5,1.5,1.0,1.0,True,True,False,False
2020,district_elasticity,CA-3,CA-3,CA,15.365414438423999,17.634375000000002,2.2689605615760033,2.2689605615760033,True,1.5,1.5,0.6292548102,1.0,True,True,False,False
2020,district_elasticity,CA-30,CA-30,CA,46.895868194095996,48.08,1.184131805904002,1.184131805904002,True,1.5,1.5,0.8065144108,1.0,True,True,False,False
2020,district_elasticity,CA-31,CA-31,CA,23.08907162020715,23.706515151515152,0.6174435313080018,0.6174435313080018,True,1.5,1.5,0.8991105341,1.0,True,True,False,False
2020,district_elasticity,CA-32,CA-32,CA,44.3435,42.8135,-1.5300000000000011,1.5300000000000011,True,1.5,1.5,1.25,1.0,True,True,False,False
2020,district_elasticity,CA-33,CA-33,CA,46.985062195759994,46.42677499999999,-0.558287195760002,0.558287195760002,True,1.5,1.5,1.091223398,1.0,True,True,False,False
2020,district_elasticity,CA-34,CA-34,CA,78.42000000000002,78.42000000000002,0.0,0.0,False,1.5,1.5,1.0,1.0,True,True,False,False
2020,district_elasticity,CA-35,CA-35,CA,44.39957142857143,47.153571428571425,2.753999999999998,2.753999999999998,True,1.5,1.5,0.55,1.0,True,True,False,False
2020,district_elasticity,CA-36,CA-36,CA,10.438825000000003,13.192825000000001,2.753999999999998,2.753999999999998,True,1.5,1.5,0.55,1.0,True,True,False,False
2020,district_elasticity,CA-37,CA-37,CA,80.245010363084,81.62,1.3749896369159984,1.3749896369159984,True,1.5,1.5,0.7753284907,1.0,True,True,False,False
2020,district_elasticity,CA-38,CA-38,CA,45.49902143484,45.12,-0.3790214348400056,0.3790214348400056,True,1.5,1.5,1.061931607,1.0,True,True,False,False
2020,district_elasticity,CA-39,CA-39,CA,15.077225,13.547225000000001,-1.5299999999999994,1.5299999999999994,True,1.5,1.5,1.25,1.0,True,True,False,False
2020,district_elasticity,CA-4,CA-4,CA,-10.562301136363637,-12.092301136363636,-1.5299999999999994,1.5299999999999994,True,-1.5,-1.5,1.25,1.0,False,False,True,True
2020,district_elasticity,CA-40,CA-40,CA,76.19837500000001,76.19837500000001,0.0,0.0,False,1.5,1.5,1.0,1.0,True,True,False,False
2020,district_elasticity,CA-41,CA-41,CA,31.147258332399993,32.396875,1.2496166676000087,1.2496166676000087,True,1.5,1.5,0.79581427,1.0,True,True,False,False
2020,district_elasticity,CA-42,CA-42,CA,-9.640531648716363,-9.884886363636364,-0.24435471492000005,0.24435471492000005,True,-1.5,-1.5,1.039927241,1.0,False,False,True,True
2020,district_elasticity,CA-43,CA-43,CA,64.63113211249315,65.72910714285715,1.0979750303639975,1.0979750303639975,True,1.5,1.5,0.8205923153,1.0,True,True,False,False
2020,district_elasticity,CA-44,CA-44,CA,76.82215909090911,76.82215909090911,0.0,0.0,False,1.5,1.5,1.0,1.0,True,True,False,False
2020,district_elasticity,CA-45,CA-45,CA,13.47375,11.94375,-1.5300000000000011,1.5300000000000011,True,1.5,1.5,1.25,1.0,True,True,False,False
2020,district_elasticity,CA-46,CA-46,CA,46.69644843390086,46.37304347826086,-0.32340495564000094,0.32340495564000094,True,1.5,1.5,1.052843947,1.0,True,True,False,False
2020,district_elasticity,CA-47,CA-47,CA,35.521139344804006,37.015,1.493860655195995,1.493860655195995,True,1.5,1.5,0.7559051217,1.0,True,True,False,False
2020,district_elasticity,CA-48,CA-48,CA,8.75,7.22,-1.5300000000000002,1.5300000000000002,True,1.5,1.5,1.25,1.0,True,True,False,False
2020,district_elasticity,CA-49,CA-49,CA,13.547113657763479,12.209673913043478,-1.337439744720001,1.337439744720001,True,1.5,1.5,1.218535906,1.0,True,True,False,False
2020,district_elasticity,CA-5,CA-5,CA,50.41678571428571,50.41678571428571,0.0,0.0,False,1.5,1.5,1.0,1.0,True,True,False,False
2020,district_elasticity,CA-50,CA-50,CA,-10.427025,-11.957025,-1.5299999999999994,1.5299999999999994,True,0.0,0.0,1.25,1.0,False,False,False,False
2020,district_elasticity,CA-51,CA-51,CA,51.51872558094582,53.893181818181816,2.3744562372359965,2.3744562372359965,True,1.5,1.5,0.6120169547,1.0,True,True,False,False
2020,district_elasticity,CA-52,CA-52,CA,28.651278133319995,28.489874999999998,-0.16140313331999678,0.16140313331999678,True,1.5,1.5,1.026373061,1.0,True,True,False,False
2020,district_elasticity,CA-53,CA-53,CA,38.458101900928,38.919999999999995,0.46189809907199475,0.46189809907199475,True,0.0,0.0,0.9245264544,1.0,False,False,False,False
2020,district_elasticity,CA-6,CA-6,CA,49.40432637233236,50.06863636363636,0.6643099913039947,0.6643099913039947,True,1.5,1.5,0.8914526158,1.0,True,True,False,False
2020,district_elasticity,CA-7,CA-7,CA,16.205052959061334,17.396583333333336,1.191530374272002,1.191530374272002,True,1.5,1.5,0.8053054944,1.0,True,True,False,False
2020,district_elasticity,CA-8,CA-8,CA,-9.526878787878786,-11.056878787878786,-1.5299999999999994,1.5299999999999994,True,0.0,0.0,1.25,1.0,False,False,False,False
2020,district_elasticity,CA-9,CA-9,CA,22.90778311846278,24.731739130434782,1.823956011972001,1.823956011972001,True,1.5,1.5,0.7019679719,1.0,True,True,False,False
2020,district_elasticity,CO-1,CO-1,CO,51.07431999296,51.31999999999999,0.2456800070399936,0.2456800070399936,True,1.5,1.5,0.959856208,1.0,True,True,False,False
2020,district_elasticity,CO-2,CO-2,CO,25.718911944182608,26.25163043478261,0.5327184906000006,0.5327184906000006,True,1.5,1.5,0.912954495,1.0,True,True,False,False
2020,district_elasticity,CO-3,CO-3,CO,-5.97812461404,-6.32625,-0.34812538595999953,0.34812538595999953,True,0.0,0.0,1.056883233,1.0,False,False,False,False
2020,district_elasticity,CO-4,CO-4,CO,-16.88853658536586,-18.418536585365857,-1.5299999999999976,1.5299999999999976,True,-1.5,-1.5,1.25,1.0,False,False,True,True
2020,district_elasticity,CO-5,CO-5,CO,-22.259251561032002,-22.1625,0.09675156103200067,0.09675156103200067,True,-1.5,-1.5,0.9841909214,1.0,False,False,True,True
2020,district_elasticity,CO-6,CO-6,CO,15.459239130434783,13.929239130434784,-1.5299999999999994,1.5299999999999994,True,1.5,1.5,1.25,1.0,True,True,False,False
2020,district_elasticity,CO-7,CO-7,CO,16.935138556056362,17.294886363636362,0.3597478075799998,0.3597478075799998,True,1.5,1.5,0.9412176785,1.0,True,True,False,False
2020,district_elasticity,CT-1,CT-1,CT,28.072157261112,28.62,0.5478427388880007,0.5478427388880007,True,1.5,1.5,0.9104832126,1.0,True,True,False,False
2020,district_elasticity,CT-2,CT-2,CT,7.104671397284,8.42,1.3153286027159998,1.3153286027159998,True,1.5,1.5,0.7850770257,1.0,True,True,False,False
2020,district_elasticity,CT-3,CT-3,CT,19.012447753052,21.02,2.0075522469479985,2.0075522469479985,True,1.5,1.5,0.6719685871,1.0,True,True,False,False
2020,district_elasticity,CT-4,CT-4,CT,28.433349403496,28.52,0.08665059650400053,0.08665059650400053,True,1.5,1.5,0.9858414058,1.0,True,True,False,False
2020,district_elasticity,CT-5,CT-5,CT,6.866,9.62,2.7539999999999996,2.7539999999999996,True,1.5,1.5,0.55,1.0,True,True,False,False
2020,district_elasticity,DE-AL,DE-AL,DE,17.16372158428,17.02,-0.14372158428000148,0.14372158428000148,True,1.5,1.5,1.023483919,1.0,True,True,False,False
2020,district_elasticity,FL-1,FL-1,FL,-37.413861553715996,-36.78,0.6338615537159953,0.6338615537159953,True,-1.5,-1.5,0.8964278507,1.0,False,False,True,True
2020,district_elasticity,FL-10,FL-10,FL,33.949999999999996,32.42,-1.529999999999994,1.529999999999994,True,1.5,1.5,1.25,1.0,True,True,False,False
2020,district_elasticity,FL-11,FL-11,FL,-31.513845855968,-29.779999999999998,1.7338458559680028,1.7338458559680028,True,-1.5,-1.5,0.7166918536,1.0,False,False,True,True
2020,district_elasticity,FL-12,FL-12,FL,-14.550000000000002,-16.080000000000002,-1.5299999999999994,1.5299999999999994,True,-1.5,-1.5,1.25,1.0,False,False,True,True
2020,district_elasticity,FL-13,FL-13,FL,9.4452670934,8.72,-0.7252670933999994,0.7252670933999994,True,1.5,1.5,1.118507695,1.0,True,True,False,False
2020,district_elasticity,FL-14,FL-14,FL,23.72,23.72,0.0,0.0,False,1.5,1.5,1.0,1.0,True,True,False,False
2020,district_elasticity,FL-15,FL-15,FL,-5.87146765684,-5.9799999999999995,-0.10853234315999938,0.10853234315999938,True,0.0,0.0,1.017734043,1.0,False,False,False,False
2020,district_elasticity,FL-16,FL-16,FL,-6.676117938439999,-8.18,-1.5038820615600006,1.5038820615600006,True,-1.5,-1.5,1.245732363,1.0,False,False,True,True
2020,district_elasticity,FL-17,FL-17,FL,-25.785773193728,-24.68,1.1057731937280018,1.1057731937280018,True,-1.5,-1.5,0.8193181056,1.0,False,False,True,True
2020,district_elasticity,FL-18,FL-18,FL,-9.433999999999997,-6.679999999999999,2.7539999999999987,2.7539999999999987,True,-1.5,-1.5,0.55,1.0,False,False,True,True
2020,district_elasticity,FL-19,FL-19,FL,-18.891192838328003,-18.080000000000002,0.8111928383280009,0.8111928383280009,True,0.0,0.0,0.8674521506,1.0,False,False,False,False
2020,district_elasticity,FL-2,FL-2,FL,-35.834,-33.08,2.754000000000005,2.754000000000005,True,-1.5,-1.5,0.55,1.0,False,False,True,True
2020,district_elasticity,FL-20,FL-20,FL,64.866,67.62,2.754000000000005,2.754000000000005,True,1.5,1.5,0.55,1.0,True,True,False,False
2020,district_elasticity,FL-21,FL-21,FL,25.02,25.02,0.0,0.0,False,1.5,1.5,1.0,1.0,True,True,False,False
2020,district_elasticity,FL-22,FL-22,FL,18.566000000000003,21.32,2.753999999999998,2.753999999999998,True,1.5,1.5,0.55,1.0,True,True,False,False
2020,district_elasticity,FL-23,FL-23,FL,29.620723568952002,31.62,1.9992764310479991,1.9992764310479991,True,1.5,1.5,0.6733208446,1.0,True,True,False,False
2020,district_elasticity,FL-24,FL-24,FL,73.02000000000001,73.02000000000001,0.0,0.0,False,1.5,1.5,1.0,1.0,True,True,False,False
2020,district_elasticity,FL-25,FL-25,FL,-1.1453454789480002,0.7199999999999998,1.865345478948,1.865345478948,True,-1.5,-1.5,0.6952049871,1.0,False,False,True,True
2020,district_elasticity,FL-26,FL-26,FL,22.835952895,21.82,-1.015952894999998,1.015952894999998,True,1.5,1.5,1.166005375,1.0,True,True,False,False
2020,district_elasticity,FL-27,FL-27,FL,26.65,25.12,-1.5299999999999976,1.5299999999999976,True,1.5,1.5,1.25,1.0,True,True,False,False
2020,district_elasticity,FL-3,FL-3,FL,-13.558440693520001,-11.98,1.578440693520001,1.578440693520001,True,0.0,0.0,0.742084854,1.0,False,False,False,False
2020,district_elasticity,FL-4,FL-4,FL,-25.28989846696,-25.48,-0.19010153304,0.19010153304,True,-1.5,-1.5,1.031062342,1.0,False,False,True,True
2020,district_elasticity,FL-5,FL-5,FL,30.841838191111997,30.919999999999998,0.07816180888800162,0.07816180888800162,True,1.5,1.5,0.9872284626,1.0,True,True,False,False
2020,district_elasticity,FL-6,FL-6,FL,-14.609197825496,-14.48,0.129197825496,0.129197825496,True,-1.5,-1.5,0.9788892442,1.0,False,False,True,True
2020,district_elasticity,FL-7,FL-7,FL,14.35,12.82,-1.5299999999999994,1.5299999999999994,True,1.5,1.5,1.25,1.0,True,True,False,False
2020,district_elasticity,FL-8,FL-8,FL,-17.823792144240002,-18.18,-0.35620785575999747,0.35620785575999747,True,-1.5,-1.5,1.058203898,1.0,False,False,True,True
2020,district_elasticity,FL-9,FL-9,FL,17.848732941528,18.42,0.571267058472003,0.571267058472003,True,1.5,1.5,0.9066557094,1.0,True,True,False,False
2020,district_elasticity,GA-1,GA-1,GA,-15.734000000000002,-12.98,2.7540000000000013,2.7540000000000013,True,-1.5,-1.5,0.55,1.0,False,False,True,True
2020,district_elasticity,GA-10,GA-10,GA,-22.98,-22.98,0.0,0.0,False,-1.5,-1.5,1.0,1.0,False,False,True,True
2020,district_elasticity,GA-11,GA-11,GA,-21.840687725200002,-22.48,-0.6393122747999982,0.6393122747999982,True,-1.5,-1.5,1.10446279,1.0,False,False,True,True
2020,district_elasticity,GA-12,GA-12,GA,-14.702344989924,-14.0034,0.6989449899240014,0.6989449899240014,True,-1.5,-1.5,0.8857933023,1.0,False,False,True,True
2020,district_elasticity,GA-13,GA-13,GA,50.30499999999999,50.30499999999999,0.0,0.0,False,1.5,1.5,1.0,1.0,True,True,False,False
2020,district_elasticity,GA-14,GA-14,GA,-45.88,-45.88,0.0,0.0,False,0.0,0.0,1.0,1.0,False,False,False,False
2020,district_elasticity,GA-2,GA-2,GA,16.003536811548,18.052125,2.048588188452001,2.048588188452001,True,1.5,1.5,0.6652633679,1.0,True,True,False,False
2020,district_elasticity,GA-3,GA-3,GA,-30.018248607696002,-28.77,1.2482486076960022,1.2482486076960022,True,-1.5,-1.5,0.7960378092,1.0,False,False,True,True
2020,district_elasticity,GA-4,GA-4,GA,57.50854445145771,58.54928571428571,1.040741262828,1.040741262828,True,1.5,1.5,0.8299442381,1.0,True,True,False,False
2020,district_elasticity,GA-5,GA-5,GA,76.93368902439025,76.93368902439025,0.0,0.0,False,0.0,0.0,1.0,1.0,False,False,False,False
2020,district_elasticity,GA-6,GA-6,GA,5.443288043478262,3.9132880434782606,-1.5300000000000011,1.5300000000000011,True,1.5,1.5,1.25,1.0,True,True,False,False
2020,district_elasticity,GA-7,GA-7,GA,-1.1815243902439023,-2.711524390243903,-1.5300000000000005,1.5300000000000005,True,0.0,0.0,1.25,1.0,False,False,False,False
2020,district_elasticity,GA-8,GA-8,GA,-26.516022727272727,-26.516022727272727,0.0,0.0,False,-1.5,-1.5,1.0,1.0,False,False,True,True
2020,district_elasticity,GA-9,GA-9,GA,-53.647790842618534,-54.23286585365854,-0.5850750110400043,0.5850750110400043,True,0.0,0.0,1.095600492,1.0,False,False,False,False
2020,district_elasticity,HI-1,HI-1,HI,39.0867880586,38.12,-0.9667880586000024,0.9667880586000024,True,1.5,1.5,1.157971905,1.0,True,True,False,False
2020,district_elasticity,HI-2,HI-2,HI,33.066,35.82,2.753999999999998,2.753999999999998,True,0.0,0.0,0.55,1.0,False,False,False,False
2020,district_elasticity,IA-1,IA-1,IA,5.3187500000000005,3.7887500000000003,-1.5300000000000002,1.5300000000000002,True,1.5,1.5,1.25,1.0,True,True,False,False
2020,district_elasticity,IA-2,IA-2,IA,-0.861204112495999,-0.07999999999999918,0.7812041124959999,0.7812041124959999,True,0.0,0.0,0.8723522692,1.0,False,False,False,False
2020,district_elasticity,IA-3,IA-3,IA,3.0701251990654543,2.948295454545455,-0.1218297445199994,0.1218297445199994,True,1.5,1.5,1.019906821,1.0,True,True,False,False
2020,district_elasticity,IA-4,IA-4,IA,-21.85,-23.38,-1.5299999999999976,1.5299999999999976,True,0.0,0.0,1.25,1.0,False,False,False,False
2020,district_elasticity,ID-1,ID-1,ID,-38.53469169960474,-35.780691699604745,2.753999999999998,2.753999999999998,True,-1.5,-1.5,0.55,1.0,False,False,True,True
2020,district_elasticity,ID-2,ID-2,ID,-24.465126543100002,-22.04035,2.424776543100002,2.424776543100002,True,-1.5,-1.5,0.6037946825,1.0,False,False,True,True
2020,district_elasticity,IL-1,IL-1,IL,57.37768891280218,58.38806818181818,1.0103792690159992,1.0103792690159992,True,1.5,1.5,0.8349053482,1.0,True,True,False,False
2020,district_elasticity,IL-10,IL-10,IL,35.395799999999994,33.86579999999999,-1.5300000000000011,1.5300000000000011,True,1.5,1.5,1.25,1.0,True,True,False,False
2020,district_elasticity,IL-11,IL-11,IL,29.03895351628,28.3921,-0.6468535162800002,0.6468535162800002,True,1.5,1.5,1.105695019,1.0,True,True,False,False
2020,district_elasticity,IL-12,IL-12,IL,-11.078482192960001,-12.52255,-1.4440678070399997,1.4440678070399997,True,-1.5,-1.5,1.235958792,1.0,False,False,True,True
2020,district_elasticity,IL-13,IL-13,IL,-0.3562499999999993,-1.8862499999999995,-1.5300000000000002,1.5300000000000002,True,-1.5,-1.5,1.25,1.0,False,False,True,True
2020,district_elasticity,IL-14,IL-14,IL,3.7176086956521743,2.187608695652174,-1.5300000000000002,1.5300000000000002,True,1.5,1.5,1.25,1.0,True,True,False,False
2020,district_elasticity,IL-15,IL-15,IL,-40.26375000000001,-41.79375000000001,-1.5300000000000011,1.5300000000000011,True,0.0,0.0,1.25,1.0,False,False,False,False
2020,district_elasticity,IL-16,IL-16,IL,-15.330560344827587,-16.860560344827586,-1.5299999999999994,1.5299999999999994,True,-1.5,-1.5,1.25,1.0,False,False,True,True
2020,district_elasticity,IL-17,IL-17,IL,2.4267150945007274,4.912272727272727,2.4855576327719997,2.4855576327719997,True,1.5,1.5,0.5938631319,1.0,True,True,False,False
2020,district_elasticity,IL-18,IL-18,IL,-25.559683572792004,-24.78,0.7796835727920026,0.7796835727920026,True,-1.5,-1.5,0.8726007234,1.0,False,False,True,True
2020,district_elasticity,IL-2,IL-2,IL,61.666,64.41999999999999,2.7539999999999907,2.7539999999999907,True,1.5,1.5,0.55,1.0,True,True,False,False
2020,district_elasticity,IL-3,IL-3,IL,19.223955401836367,19.112386363636364,-0.11156903820000252,0.11156903820000252,True,0.0,0.0,1.018230235,1.0,False,False,False,False
2020,district_elasticity,IL-4,IL-4,IL,77.25322727264,76.36250000000001,-0.8907272726399924,0.8907272726399924,True,1.5,1.5,1.145543672,1.0,True,True,False,False
2020,district_elasticity,IL-5,IL-5,IL,51.55191153526667,51.40156666666667,-0.1503448686000013,0.1503448686000013,True,1.5,1.5,1.024566155,1.0,True,True,False,False
2020,district_elasticity,IL-6,IL-6,IL,13.276195652173914,11.746195652173913,-1.5300000000000011,1.5300000000000011,True,1.5,1.5,1.25,1.0,True,True,False,False
2020,district_elasticity,IL-7,IL-7,IL,82.35040116765201,83.30000000000001,0.949598832348002,0.949598832348002,True,1.5,1.5,0.8448367921,1.0,True,True,False,False
2020,district_elasticity,IL-8,IL-8,IL,27.010558825096,27.22,0.2094411749040006,0.2094411749040006,True,1.5,1.5,0.9657775858,1.0,True,True,False,False
2020,district_elasticity,IL-9,IL-9,IL,48.215991984080006,48.59375,0.37775801591999425,0.37775801591999425,True,1.5,1.5,0.938274834,1.0,True,True,False,False
2020,district_elasticity,IN-1,IN-1,IN,17.952985104105366,17.482408536585368,-0.47057656751999843,0.47057656751999843,True,0.0,0.0,1.076891596,1.0,False,False,False,False
2020,district_elasticity,IN-2,IN-2,IN,-18.02784090909091,-19.55784090909091,-1.5300000000000011,1.5300000000000011,True,0.0,0.0,1.25,1.0,False,False,False,False
2020,district_elasticity,IN-3,IN-3,IN,-31.850591501720004,-33.365,-1.5144084982799981,1.5144084982799981,True,-1.5,-1.5,1.247452369,1.0,False,False,True,True
2020,district_elasticity,IN-4,IN-4,IN,-32.93763515120575,-31.84421195652174,1.0934231946840072,1.0934231946840072,True,-1.5,-1.5,0.8213360793,1.0,False,False,True,True
2020,district_elasticity,IN-5,IN-5,IN,-6.200060975609756,-7.7300609756097565,-1.5300000000000002,1.5300000000000002,True,0.0,0.0,1.25,1.0,False,False,False,False
2020,district_elasticity,IN-6,IN-6,IN,-36.699003225279995,-37.43875,-0.7397467747200039,0.7397467747200039,True,-1.5,-1.5,1.120873656,1.0,False,False,True,True
2020,district_elasticity,IN-7,IN-7,IN,27.87594402084,27.515625,-0.36031902083999867,0.36031902083999867,True,1.5,1.5,1.058875657,1.0,True,True,False,False
2020,district_elasticity,IN-8,IN-8,IN,-32.780333713528,-32.230000000000004,0.5503337135279978,0.5503337135279978,True,-1.5,-1.5,0.9100761906,1.0,False,False,True,True
2020,district_elasticity,IN-9,IN-9,IN,-23.09422337269091,-24.154090909090908,-1.0598675363999988,1.0598675363999988,True,-1.5,-1.5,1.17318097,1.0,False,False,True,True
2020,district_elasticity,KS-1,KS-1,KS,-40.980000000000004,-40.980000000000004,0.0,0.0,False,0.0,0.0,1.0,1.0,False,False,False,False
2020,district_elasticity,KS-2,KS-2,KS,-12.85,-14.379999999999999,-1.5299999999999994,1.5299999999999994,True,0.0,0.0,1.25,1.0,False,False,False,False
2020,district_elasticity,KS-3,KS-3,KS,8.25,6.72,-1.5300000000000002,1.5300000000000002,True,1.5,1.5,1.25,1.0,True,True,False,False
2020,district_elasticity,KS-4,KS-4,KS,-24.874187772584,-24.68,0.19418777258400155,0.19418777258400155,True,-1.5,-1.5,0.9682699718,1.0,False,False,True,True
2020,district_elasticity,KY-1,KY-1,KY,-46.275118519705146,-45.78660714285715,0.4885113768479954,0.4885113768479954,True,-1.5,-1.5,0.9201778796,1.0,False,False,True,True
2020,district_elasticity,KY-2,KY-2,KY,-39.15847231499259,-37.8536170212766,1.3048552937159954,1.3048552937159954,True,-1.5,-1.5,0.7867883507,1.0,False,False,True,True
2020,district_elasticity,KY-3,KY-3,KY,18.636227272727275,21.390227272727273,2.753999999999998,2.753999999999998,True,1.5,1.5,0.55,1.0,True,True,False,False
2020,district_elasticity,KY-4,KY-4,KY,-33.21983822912,-33.379999999999995,-0.16016177087999495,0.16016177087999495,True,-1.5,-1.5,1.026170224,1.0,False,False,True,True
2020,district_elasticity,KY-5,KY-5,KY,-62.42830555555556,-59.67430555555556,2.753999999999998,2.753999999999998,True,-1.5,-1.5,0.55,1.0,False,False,True,True
2020,district_elasticity,KY-6,KY-6,KY,-11.250000000000002,-12.780000000000001,-1.5299999999999994,1.5299999999999994,True,-1.5,-1.5,1.25,1.0,False,False,True,True
2020,district_elasticity,LA-1,LA-1,LA,-37.95,-39.480000000000004,-1.5300000000000011,1.5300000000000011,True,-1.5,-1.5,1.25,1.0,False,False,True,True
2020,district_elasticity,LA-2,LA-2,LA,57.919999999999995,57.919999999999995,0.0,0.0,False,1.5,1.5,1.0,1.0,True,True,False,False
2020,district_elasticity,LA-3,LA-3,LA,-38.334,-35.580000000000005,2.753999999999998,2.753999999999998,True,-1.5,-1.5,0.55,1.0,False,False,True,True
2020,district_elasticity,LA-4,LA-4,LA,-24.234,-21.48,2.7540000000000013,2.7540000000000013,True,-1.5,-1.5,0.55,1.0,False,False,True,True
2020,district_elasticity,LA-5,LA-5,LA,-25.38,-25.38,0.0,0.0,False,0.0,0.0,1.0,1.0,False,False,False,False
2020,district_elasticity,LA-6,LA-6,LA,-34.034,-31.279999999999998,2.7540000000000013,2.7540000000000013,True,-1.5,-1.5,0.55,1.0,False,False,True,True
2020,district_elasticity,MA-1,MA-1,MA,26.22,26.22,0.0,0.0,False,1.5,1.5,1.0,1.0,True,True,False,False
2020,district_elasticity,MA-2,MA-2,MA,24.919999999999998,24.919999999999998,0.0,0.0,False,1.5,1.5,1.0,1.0,True,True,False,False
2020,district_elasticity,MA-3,MA-3,MA,25.566,28.32,2.7540000000000013,2.7540000000000013,True,1.5,1.5,0.55,1.0,True,True,False,False
2020,district_elasticity,MA-4,MA-4,MA,28.22,28.22,0.0,0.0,False,0.0,0.0,1.0,1.0,False,False,False,False
2020,district_elasticity,MA-5,MA-5,MA,49.12,49.12,0.0,0.0,False,1.5,1.5,1.0,1.0,True,True,False,False
2020,district_elasticity,MA-6,MA-6,MA,20.666,23.419999999999998,2.753999999999998,2.753999999999998,True,1.5,1.5,0.55,1.0,True,True,False,False
2020,district_elasticity,MA-7,MA-7,MA,77.72000000000001,77.72000000000001,0.0,0.0,False,1.5,1.5,1.0,1.0,True,True,False,False
2020,district_elasticity,MA-8,MA-8,MA,31.52,31.52,0.0,0.0,False,1.5,1.5,1.0,1.0,True,True,False,False
2020,district_elasticity,MA-9,MA-9,MA,15.90654203948,16.22,0.3134579605199992,0.3134579605199992,True,1.5,1.5,0.948781379,1.0,True,True,False,False
2020,district_elasticity,MD-1,MD-1,MD,-25.28099823957143,-25.76607142857143,-0.48507318899999774,0.48507318899999774,True,-1.5,-1.5,1.079260325,1.0,False,False,True,True
2020,district_elasticity,MD-2,MD-2,MD,29.161805330592,29.43,0.2681946694080004,0.2681946694080004,True,1.5,1.5,0.9561773416,1.0,True,True,False,False
2020,district_elasticity,MD-3,MD-3,MD,37.208749999999995,35.678749999999994,-1.5300000000000011,1.5300000000000011,True,1.5,1.5,1.25,1.0,True,True,False,False
2020,district_elasticity,MD-4,MD-4,MD,63.703122021171716,62.87717171717171,-0.8259503040000027,0.8259503040000027,True,1.5,1.5,1.1349592,1.0,True,True,False,False
2020,district_elasticity,MD-5,MD-5,MD,37.51715651588,36.732499999999995,-0.7846565158800018,0.7846565158800018,True,1.5,1.5,1.128211849,1.0,True,True,False,False
2020,district_elasticity,MD-6,MD-6,MD,22.36,20.830000000000002,-1.5299999999999976,1.5299999999999976,True,1.5,1.5,1.25,1.0,True,True,False,False
2020,district_elasticity,MD-7,MD-7,MD,61.741924800324725,61.886022727272724,0.1440979269479996,0.1440979269479996,True,1.5,1.5,0.9764545871,1.0,True,True,False,False
2020,district_elasticity,MD-8,MD-8,MD,38.7892765594,37.989999999999995,-0.7992765594000062,0.7992765594000062,True,1.5,1.5,1.130600745,1.0,True,True,False,False
2020,district_elasticity,ME-1,ME-1,ME,17.797651873628002,20.1506,2.3529481263719987,2.3529481263719987,True,1.5,1.5,0.6155313519,1.0,True,True,False,False
2020,district_elasticity,ME-2,ME-2,ME,-3.25,-4.78,-1.5300000000000002,1.5300000000000002,True,1.5,1.5,1.25,1.0,True,True,False,False
2020,district_elasticity,MI-1,MI-1,MI,-20.964871783608004,-18.78,2.1848717836080027,2.1848717836080027,True,-1.5,-1.5,0.6429948066,1.0,False,False,True,True
2020,district_elasticity,MI-10,MI-10,MI,-29.646751891204005,-28.180000000000003,1.4667518912040016,1.4667518912040016,True,0.0,0.0,0.7603346583,1.0,False,False,False,False
2020,district_elasticity,MI-11,MI-11,MI,2.6500000000000004,1.12,-1.5300000000000002,1.5300000000000002,True,1.5,1.5,1.25,1.0,True,True,False,False
2020,district_elasticity,MI-12,MI-12,MI,30.19280805356,31.82,1.62719194644,1.62719194644,True,1.5,1.5,0.734118963,1.0,True,True,False,False
2020,district_elasticity,MI-13,MI-13,MI,65.09520784384,66.22,1.124792156159998,1.124792156159998,True,1.5,1.5,0.816210432,1.0,True,True,False,False
2020,district_elasticity,MI-14,MI-14,MI,65.28894219273599,66.42,1.131057807264014,1.131057807264014,True,1.5,1.5,0.8151866328,1.0,True,True,False,False
2020,district_elasticity,MI-2,MI-2,MI,-14.174126045600003,-15.080000000000002,-0.9058739543999987,0.9058739543999987,True,-1.5,-1.5,1.14801862,1.0,False,False,True,True
2020,district_elasticity,MI-3,MI-3,MI,-4.99973152336,-5.38,-0.3802684766399995,0.3802684766399995,True,0.0,0.0,1.062135372,1.0,False,False,False,False
2020,district_elasticity,MI-4,MI-4,MI,-25.034000000000002,-22.28,2.7540000000000013,2.7540000000000013,True,-1.5,-1.5,0.55,1.0,False,False,True,True
2020,district_elasticity,MI-5,MI-5,MI,6.966000000000001,9.72,2.7539999999999996,2.7539999999999996,True,1.5,1.5,0.55,1.0,True,True,False,False
2020,district_elasticity,MI-6,MI-6,MI,-5.431426668479999,-5.88,-0.44857333152000045,0.44857333152000045,True,-1.5,-1.5,1.073296296,1.0,False,False,True,True
2020,district_elasticity,MI-7,MI-7,MI,-15.927269339996002,-14.48,1.4472693399960015,1.4472693399960015,True,-1.5,-1.5,0.7635180817,1.0,False,False,True,True
2020,district_elasticity,MI-8,MI-8,MI,-1.9924962496120004,-1.1800000000000006,0.8124962496119998,0.8124962496119998,True,1.5,1.5,0.8672391749,1.0,True,True,False,False
2020,district_elasticity,MI-9,MI-9,MI,10.919001687516,13.32,2.400998312484001,2.400998312484001,True,1.5,1.5,0.6076800143,1.0,True,True,False,False
2020,district_elasticity,MN-1,MN-1,MN,-15.134,-12.379999999999999,2.7540000000000013,2.7540000000000013,True,-1.5,-1.5,0.55,1.0,False,False,True,True
2020,district_elasticity,MN-2,MN-2,MN,5.19857237124,4.32,-0.8785723712399998,0.8785723712399998,True,1.5,1.5,1.143557577,1.0,True,True,False,False
2020,district_elasticity,MN-3,MN-3,MN,16.450000000000003,14.920000000000002,-1.5300000000000011,1.5300000000000011,True,1.5,1.5,1.25,1.0,True,True,False,False
2020,district_elasticity,MN-4,MN-4,MN,35.72107858248,36.419999999999995,0.6989214175199976,0.6989214175199976,True,1.5,1.5,0.885797154,1.0,True,True,False,False
2020,district_elasticity,MN-5,MN-5,MN,58.686105945012,60.72,2.0338940549879965,2.0338940549879965,True,1.5,1.5,0.6676643701,1.0,True,True,False,False
2020,district_elasticity,MN-6,MN-6,MN,-22.78269462452,-23.18,-0.39730537547999845,0.39730537547999845,True,-1.5,-1.5,1.064919179,1.0,False,False,True,True
2020,district_elasticity,MN-7,MN-7,MN,-26.0238671045,-25.279999999999998,0.7438671045000014,0.7438671045000014,True,1.5,1.5,0.8784530875,1.0,True,True,False,False
2020,district_elasticity,MN-8,MN-8,MN,-15.834,-13.079999999999998,2.7540000000000013,2.7540000000000013,True,-1.5,-1.5,0.55,1.0,False,False,True,True
2020,district_elasticity,MO-1,MO-1,MO,62.02789818474,62.22,0.1921018152599956,0.1921018152599956,True,0.0,0.0,0.9686108145,1.0,False,False,False,False
2020,district_elasticity,MO-2,MO-2,MO,-6.25,-7.78,-1.5300000000000002,1.5300000000000002,True,-1.5,-1.5,1.25,1.0,False,False,True,True
2020,district_elasticity,MO-3,MO-3,MO,-36.146827756920004,-36.480000000000004,-0.33317224307999993,0.33317224307999993,True,-1.5,-1.5,1.054439909,1.0,False,False,True,True
2020,district_elasticity,MO-4,MO-4,MO,-31.99642284384,-33.480000000000004,-1.4835771561600026,1.4835771561600026,True,-1.5,-1.5,1.242414568,1.0,False,False,True,True
2020,district_elasticity,MO-5,MO-5,MO,20.54839528704,19.02,-1.5283952870400022,1.5283952870400022,True,1.5,1.5,1.249737792,1.0,True,True,False,False
2020,district_elasticity,MO-6,MO-6,MO,-30.118860393056,-28.88,1.238860393056001,1.238860393056001,True,-1.5,-1.5,0.7975718312,1.0,False,False,True,True
2020,district_elasticity,MO-7,MO-7,MO,-45.342939411088004,-43.18000000000001,2.162939411087997,2.162939411087997,True,-1.5,-1.5,0.6465785276,1.0,False,False,True,True
2020,district_elasticity,MO-8,MO-8,MO,-54.634,-51.88,2.753999999999998,2.753999999999998,True,-1.5,-1.5,0.55,1.0,False,False,True,True
2020,district_elasticity,MS-1,MS-1,MS,-30.065091382885715,-30.645535714285714,-0.580444331399999,0.580444331399999,True,-1.5,-1.5,1.094843845,1.0,False,False,True,True
2020,district_elasticity,MS-2,MS-2,MS,35.007159090909084,35.007159090909084,0.0,0.0,False,1.5,1.5,1.0,1.0,True,True,False,False
2020,district_elasticity,MS-3,MS-3,MS,-21.903180178104616,-22.676634615384614,-0.7734544372799981,0.7734544372799981,True,-1.5,-1.5,1.126381444,1.0,False,False,True,True
2020,district_elasticity,MS-4,MS-4,MS,-39.69400888884219,-39.12306818181819,0.5709407070240005,0.5709407070240005,True,-1.5,-1.5,0.9067090348,1.0,False,False,True,True
2020,district_elasticity,MT-AL,MT-AL,MT,-16.901156146340004,-16.580000000000002,0.32115614634000167,0.32115614634000167,True,0.0,0.0,0.9475235055,1.0,False,False,False,False
2020,district_elasticity,NC-1,NC-1,NC,15.504763629933818,18.23318181818182,2.7284181882480016,2.7284181882480016,True,1.5,1.5,0.5541800346,1.0,True,True,False,False
2020,district_elasticity,NC-10,NC-10,NC,-36.104686868544725,-35.34727272727273,0.7574141412719939,0.7574141412719939,True,-1.5,-1.5,0.8762395194,1.0,False,False,True,True
2020,district_elasticity,NC-11,NC-11,NC,-13.014191808942185,-12.751818181818184,0.2623736271240009,0.2623736271240009,True,0.0,0.0,0.9571284923,1.0,False,False,False,False
2020,district_elasticity,NC-12,NC-12,NC,42.140862484888,42.834999999999994,0.6941375151119971,0.6941375151119971,True,1.5,1.5,0.8865788374,1.0,True,True,False,False
2020,district_elasticity,NC-13,NC-13,NC,-34.655345828668,-32.96125,1.6940958286679972,1.6940958286679972,True,-1.5,-1.5,0.7231869561,1.0,False,False,True,True
2020,district_elasticity,NC-2,NC-2,NC,27.448215534126923,28.415518292682926,0.9673027585560021,0.9673027585560021,True,0.0,0.0,0.8419439937,1.0,False,False,False,False
2020,district_elasticity,NC-3,NC-3,NC,-21.8236761078,-22.12125,-0.2975738921999991,0.2975738921999991,True,-1.5,-1.5,1.048623185,1.0,False,False,True,True
2020,district_elasticity,NC-4,NC-4,NC,37.540391168937454,39.08329545454545,1.542904285607996,1.542904285607996,True,1.5,1.5,0.7478914566,1.0,True,True,False,False
2020,district_elasticity,NC-5,NC-5,NC,-33.003060275672,-31.787900000000004,1.2151602756719946,1.2151602756719946,True,-1.5,-1.5,0.8014443994,1.0,False,False,True,True
2020,district_elasticity,NC-6,NC-6,NC,22.766,25.52,2.7540000000000013,2.7540000000000013,True,0.0,0.0,0.55,1.0,False,False,False,False
2020,district_elasticity,NC-7,NC-7,NC,-15.85,-17.38,-1.5299999999999994,1.5299999999999994,True,-1.5,-1.5,1.25,1.0,False,False,True,True
2020,district_elasticity,NC-8,NC-8,NC,-4.162749999999999,-5.692749999999999,-1.5300000000000002,1.5300000000000002,True,-1.5,-1.5,1.25,1.0,False,False,True,True
2020,district_elasticity,NC-9,NC-9,NC,-2.4499999999999993,-3.9799999999999995,-1.5300000000000002,1.5300000000000002,True,-1.5,-1.5,1.25,1.0,False,False,True,True
2020,district_elasticity,ND-AL,ND-AL,ND,-34.720000000000006,-34.720000000000006,0.0,0.0,False,-1.5,-1.5,1.0,1.0,False,False,True,True
2020,district_elasticity,NE-1,NE-1,NE,-18.694249101392728,-19.047272727272727,-0.3530236258799988,0.3530236258799988,True,-1.5,-1.5,1.057683599,1.0,False,False,True,True
2020,district_elasticity,NE-2,NE-2,NE,-2.434,0.3199999999999994,2.7539999999999996,2.7539999999999996,True,-1.5,-1.5,0.55,1.0,False,False,True,True
2020,district_elasticity,NE-3,NE-3,NE,-55.53291986876375,-53.39202127659575,2.140898592168,2.140898592168,True,-1.5,-1.5,0.6501799686,1.0,False,False,True,True
2020,district_elasticity,NH-1,NH-1,NH,3.620419572776,3.92,0.2995804272239999,0.2995804272239999,True,1.5,1.5,0.9510489498,1.0,True,True,False,False
2020,district_elasticity,NH-2,NH-2,NH,5.33790124056,7.92,2.58209875944,2.58209875944,True,1.5,1.5,0.578088438,1.0,True,True,False,False
2020,district_elasticity,NJ-1,NJ-1,NJ,31.118449999999996,29.588449999999998,-1.5299999999999976,1.5299999999999976,True,1.5,1.5,1.25,1.0,True,True,False,False
2020,district_elasticity,NJ-10,NJ-10,NJ,75.01986200933601,76.73000000000002,1.710137990664009,1.710137990664009,True,1.5,1.5,0.7205656878,1.0,True,True,False,False
2020,district_elasticity,NJ-11,NJ-11,NJ,6.15,4.62,-1.5300000000000002,1.5300000000000002,True,1.5,1.5,1.25,1.0,True,True,False,False
2020,district_elasticity,NJ-12,NJ-12,NJ,39.31473420092,38.72,-0.5947342009200014,0.5947342009200014,True,1.5,1.5,1.097178791,1.0,True,True,False,False
2020,district_elasticity,NJ-2,NJ-2,NJ,-1.1505487804878038,-2.680548780487804,-1.5300000000000002,1.5300000000000002,True,-1.5,-1.5,1.25,1.0,False,False,True,True
2020,district_elasticity,NJ-3,NJ-3,NJ,0.08224102815999873,-0.3125000000000007,-0.39474102815999945,0.39474102815999945,True,1.5,1.5,1.064500168,1.0,True,True,False,False
2020,district_elasticity,NJ-4,NJ-4,NJ,-12.024700000000001,-13.5547,-1.5299999999999994,1.5299999999999994,True,-1.5,-1.5,1.25,1.0,False,False,True,True
2020,district_elasticity,NJ-5,NJ-5,NJ,5.373013301138286,5.660714285714286,0.28770098457599946,0.28770098457599946,True,1.5,1.5,0.9529900352,1.0,True,True,False,False
2020,district_elasticity,NJ-6,NJ-6,NJ,20.063567173176,21.92535,1.861782826824001,1.861782826824001,True,1.5,1.5,0.6957871198,1.0,True,True,False,False
2020,district_elasticity,NJ-7,NJ-7,NJ,7.166638244377562,6.068109756097561,-1.0985284882800004,1.0985284882800004,True,1.5,1.5,1.179498119,1.0,True,True,False,False
2020,district_elasticity,NJ-8,NJ-8,NJ,57.13225,59.88625,2.753999999999998,2.753999999999998,True,1.5,1.5,0.55,1.0,True,True,False,False
2020,district_elasticity,NJ-9,NJ-9,NJ,35.88718669416,37.35,1.462813305840001,1.462813305840001,True,1.5,1.5,0.760978218,1.0,True,True,False,False
2020,district_elasticity,NM-1,NM-1,NM,18.739409090909092,21.49340909090909,2.753999999999998,2.753999999999998,True,1.5,1.5,0.55,1.0,True,True,False,False
2020,district_elasticity,NM-2,NM-2,NM,-3.1499999999999986,-4.679999999999999,-1.5300000000000002,1.5300000000000002,True,1.5,1.5,1.25,1.0,True,True,False,False
2020,district_elasticity,NM-3,NM-3,NM,19.35470330468888,20.17128048780488,0.8165771831159994,0.8165771831159994,True,0.0,0.0,0.8665723557,1.0,False,False,False,False
2020,district_elasticity,NV-1,NV-1,NV,35.1207407732,35.08069999999999,-0.040040773200004764,0.040040773200004764,True,1.5,1.5,1.00654261,1.0,True,True,False,False
2020,district_elasticity,NV-2,NV-2,NV,-8.25,-9.780000000000001,-1.5300000000000011,1.5300000000000011,True,-1.5,-1.5,1.25,1.0,False,False,True,True
2020,district_elasticity,NV-3,NV-3,NV,6.5858423913043485,5.055842391304347,-1.5300000000000011,1.5300000000000011,True,1.5,1.5,1.25,1.0,True,True,False,False
2020,district_elasticity,NV-4,NV-4,NV,10.823595240369363,10.902553191489362,0.07895795111999959,0.07895795111999959,True,1.5,1.5,0.987098374,1.0,True,True,False,False
2020,district_elasticity,NY-1,NY-1,NY,-7.929061193643636,-9.392613636363638,-1.463552442720002,1.463552442720002,True,-1.5,-1.5,1.239142556,1.0,False,False,True,True
2020,district_elasticity,NY-10,NY-10,NY,64.051824735076,65.02,0.9681752649239996,0.9681752649239996,True,1.5,1.5,0.8418014273,1.0,True,True,False,False
2020,district_elasticity,NY-11,NY-11,NY,-3.0835670731707316,-4.613567073170732,-1.5300000000000007,1.5300000000000007,True,1.5,1.5,1.25,1.0,True,True,False,False
2020,district_elasticity,NY-12,NY-12,NY,74.7339749936,75.32000000000001,0.586025006400007,0.586025006400007,True,1.5,1.5,0.90424428,1.0,True,True,False,False
2020,district_elasticity,NY-13,NY-13,NY,89.73086829617601,92.42000000000002,2.6891317038240032,2.6891317038240032,True,1.5,1.5,0.5605993948,1.0,True,True,False,False
2020,district_elasticity,NY-14,NY-14,NY,60.99095943420052,63.16720108695652,2.176241652755998,2.176241652755998,True,1.5,1.5,0.6444049587,1.0,True,True,False,False
2020,district_elasticity,NY-15,NY-15,NY,91.71475000000001,94.46875000000001,2.754000000000005,2.754000000000005,True,0.0,0.0,0.55,1.0,False,False,False,False
2020,district_elasticity,NY-16,NY-16,NY,58.614999999999995,58.614999999999995,0.0,0.0,False,0.0,0.0,1.0,1.0,False,False,False,False
2020,district_elasticity,NY-17,NY-17,NY,24.722920256549088,23.43965909090909,-1.283261165639999,1.283261165639999,True,0.0,0.0,1.209683197,1.0,False,False,False,False
2020,district_elasticity,NY-18,NY-18,NY,2.834893463262909,5.187840909090909,2.3529474458279998,2.3529474458279998,True,1.5,1.5,0.6155314631,1.0,True,True,False,False
2020,district_elasticity,NY-19,NY-19,NY,1.315909090909091,-0.21409090909090933,-1.5300000000000002,1.5300000000000002,True,1.5,1.5,1.25,1.0,True,True,False,False
2020,district_elasticity,NY-2,NY-2,NY,-4.562225609756096,-6.092225609756097,-1.5300000000000011,1.5300000000000011,True,0.0,0.0,1.25,1.0,False,False,False,False
2020,district_elasticity,NY-20,NY-20,NY,18.036675652596,19.973399999999998,1.9367243474039988,1.9367243474039988,True,1.5,1.5,0.6835417733,1.0,True,True,False,False
2020,district_elasticity,NY-21,NY-21,NY,-9.85,-11.379999999999999,-1.5299999999999994,1.5299999999999994,True,-1.5,-1.5,1.25,1.0,False,False,True,True
2020,district_elasticity,NY-22,NY-22,NY,-9.266927840756003,-8.641250000000001,0.6256778407560013,0.6256778407560013,True,1.5,1.5,0.8977650587,1.0,True,True,False,False
2020,district_elasticity,NY-23,NY-23,NY,-11.940000000000001,-13.47,-1.5299999999999994,1.5299999999999994,True,-1.5,-1.5,1.25,1.0,False,False,True,True
2020,district_elasticity,NY-24,NY-24,NY,7.8637500000000005,6.33375,-1.5300000000000002,1.5300000000000002,True,-1.5,-1.5,1.25,1.0,False,False,True,True
2020,district_elasticity,NY-25,NY-25,NY,22.27038242371478,21.54736413043478,-0.7230182932799991,0.7230182932799991,True,1.5,1.5,1.118140244,1.0,True,True,False,False
2020,district_elasticity,NY-26,NY-26,NY,24.12475,26.87875,2.7540000000000013,2.7540000000000013,True,1.5,1.5,0.55,1.0,True,True,False,False
2020,district_elasticity,NY-27,NY-27,NY,-20.450000000000003,-21.98,-1.5299999999999976,1.5299999999999976,True,-1.5,-1.5,1.25,1.0,False,False,True,True
2020,district_elasticity,NY-3,NY-3,NY,12.659115750128443,13.083194444444443,0.424078694316,0.424078694316,True,1.5,1.5,0.9307060957,1.0,True,True,False,False
2020,district_elasticity,NY-4,NY-4,NY,15.934020464101819,14.88693181818182,-1.0470886459199988,1.0470886459199988,True,1.5,1.5,1.171092916,1.0,True,True,False,False
2020,district_elasticity,NY-5,NY-5,NY,77.56386363636365,77.56386363636365,0.0,0.0,False,1.5,1.5,1.0,1.0,True,True,False,False
2020,district_elasticity,NY-6,NY-6,NY,40.60926136363636,40.60926136363636,0.0,0.0,False,1.5,1.5,1.0,1.0,True,True,False,False
2020,district_elasticity,NY-7,NY-7,NY,83.55000000000001,82.02000000000001,-1.5300000000000011,1.5300000000000011,True,1.5,1.5,1.25,1.0,True,True,False,False
2020,district_elasticity,NY-8,NY-8,NY,76.71795731707317,76.71795731707317,0.0,0.0,False,1.5,1.5,1.0,1.0,True,True,False,False
2020,district_elasticity,NY-9,NY-9,NY,75.46477272727273,75.46477272727273,0.0,0.0,False,1.5,1.5,1.0,1.0,True,True,False,False
2020,district_elasticity,OH-1,OH-1,OH,-2.8275332019927273,-3.6647727272727266,-0.8372395252799993,0.8372395252799993,True,-1.5,-1.5,1.136803844,1.0,False,False,True,True
2020,district_elasticity,OH-10,OH-10,OH,-6.176349999999999,-7.7063500000000005,-1.5300000000000011,1.5300000000000011,True,-1.5,-1.5,1.25,1.0,False,False,True,True
2020,district_elasticity,OH-11,OH-11,OH,67.65708420862072,69.44477272727272,1.7876885186520042,1.7876885186520042,True,1.5,1.5,0.7078940329,1.0,True,True,False,False
2020,district_elasticity,OH-12,OH-12,OH,-8.203369565217391,-9.733369565217393,-1.5300000000000011,1.5300000000000011,True,-1.5,-1.5,1.25,1.0,False,False,True,True
2020,district_elasticity,OH-13,OH-13,OH,9.775090909090911,12.52909090909091,2.753999999999998,2.753999999999998,True,1.5,1.5,0.55,1.0,True,True,False,False
2020,district_elasticity,OH-14,OH-14,OH,-8.81185,-10.34185,-1.5300000000000011,1.5300000000000011,True,-1.5,-1.5,1.25,1.0,False,False,True,True
2020,district_elasticity,OH-15,OH-15,OH,-12.148830001018181,-12.85931818181818,-0.7104881807999988,0.7104881807999988,True,-1.5,-1.5,1.11609284,1.0,False,False,True,True
2020,district_elasticity,OH-16,OH-16,OH,-12.550000000000002,-14.080000000000002,-1.5299999999999994,1.5299999999999994,True,-1.5,-1.5,1.25,1.0,False,False,True,True
2020,district_elasticity,OH-2,OH-2,OH,-12.260000000000002,-13.790000000000001,-1.5299999999999994,1.5299999999999994,True,-1.5,-1.5,1.25,1.0,False,False,True,True
2020,district_elasticity,OH-3,OH-3,OH,44.835224999999994,43.30522499999999,-1.5300000000000011,1.5300000000000011,True,1.5,1.5,1.25,1.0,True,True,False,False
2020,district_elasticity,OH-4,OH-4,OH,-30.855325258860002,-30.567075000000003,0.2882502588599998,0.2882502588599998,True,-1.5,-1.5,0.9529002845,1.0,False,False,True,True
2020,district_elasticity,OH-5,OH-5,OH,-22.142000000000003,-23.672,-1.5299999999999976,1.5299999999999976,True,-1.5,-1.5,1.25,1.0,False,False,True,True
2020,district_elasticity,OH-6,OH-6,OH,-41.628351532404004,-39.68625000000001,1.9421015324039956,1.9421015324039956,True,-1.5,-1.5,0.6826631483,1.0,False,False,True,True
2020,district_elasticity,OH-7,OH-7,OH,-25.66272727272727,-27.19272727272727,-1.5300000000000011,1.5300000000000011,True,-1.5,-1.5,1.25,1.0,False,False,True,True
2020,district_elasticity,OH-8,OH-8,OH,-31.98812584667245,-31.804922360248447,0.1832034864240022,0.1832034864240022,True,-1.5,-1.5,0.9700647898,1.0,False,False,True,True
2020,district_elasticity,OH-9,OH-9,OH,30.872510748291997,31.72,0.8474892517080015,0.8474892517080015,True,1.5,1.5,0.8615213641,1.0,True,True,False,False
2020,district_elasticity,OK-1,OK-1,OK,-26.18,-26.18,0.0,0.0,False,-1.5,-1.5,1.0,1.0,False,False,True,True
2020,district_elasticity,OK-2,OK-2,OK,-42.71651515151515,-44.246515151515155,-1.5300000000000011,1.5300000000000011,True,-1.5,-1.5,1.25,1.0,False,False,True,True
2020,district_elasticity,OK-3,OK-3,OK,-51.55848354742,-49.98400000000001,1.5744835474199945,1.5744835474199945,True,-1.5,-1.5,0.7427314465,1.0,False,False,True,True
2020,district_elasticity,OK-4,OK-4,OK,-34.2508533014,-34.913000000000004,-0.6621466986000044,0.6621466986000044,True,-1.5,-1.5,1.108193905,1.0,False,False,True,True
2020,district_elasticity,OK-5,OK-5,OK,-5.701432926829268,-7.231432926829267,-1.5299999999999994,1.5299999999999994,True,1.5,1.5,1.25,1.0,True,True,False,False
2020,district_elasticity,OR-1,OR-1,OR,27.488617082951997,28.359375,0.8707579170480031,0.8707579170480031,True,1.5,1.5,0.8577192946,1.0,True,True,False,False
2020,district_elasticity,OR-2,OR-2,OR,-15.223536585365856,-16.753536585365854,-1.5299999999999976,1.5299999999999976,True,0.0,0.0,1.25,1.0,False,False,False,False
2020,district_elasticity,OR-3,OR-3,OR,50.966,53.72,2.753999999999998,2.753999999999998,True,1.5,1.5,0.55,1.0,True,True,False,False
2020,district_elasticity,OR-4,OR-4,OR,-0.6753636363636351,2.0786363636363645,2.7539999999999996,2.7539999999999996,True,1.5,1.5,0.55,1.0,True,True,False,False
2020,district_elasticity,OR-5,OR-5,OR,6.729750000000001,9.48375,2.7539999999999996,2.7539999999999996,True,1.5,1.5,0.55,1.0,True,True,False,False
2020,district_elasticity,PA-1,PA-1,PA,-1.081857142857142,1.6721428571428572,2.753999999999999,2.753999999999999,True,-1.5,-1.5,0.55,1.0,False,False,True,True
2020,district_elasticity,PA-10,PA-10,PA,-0.8499999999999996,-2.38,-1.5300000000000002,1.5300000000000002,True,-1.5,-1.5,1.25,1.0,False,False,True,True
2020,district_elasticity,PA-11,PA-11,PA,-21.643980582017146,-23.000357142857144,-1.3563765608399976,1.3563765608399976,True,-1.5,-1.5,1.221630157,1.0,False,False,True,True
2020,district_elasticity,PA-12,PA-12,PA,-40.634,-37.88,2.753999999999998,2.753999999999998,True,-1.5,-1.5,0.55,1.0,False,False,True,True
2020,district_elasticity,PA-13,PA-13,PA,-44.78956508392194,-43.274393939393946,1.5151711445279972,1.5151711445279972,True,-1.5,-1.5,0.7524230156,1.0,False,False,True,True
2020,district_elasticity,PA-14,PA-14,PA,-28.263545454545458,-25.509545454545457,2.7540000000000013,2.7540000000000013,True,-1.5,-1.5,0.55,1.0,False,False,True,True
2020,district_elasticity,PA-15,PA-15,PA,-43.614325,-40.860325,2.753999999999998,2.753999999999998,True,-1.5,-1.5,0.55,1.0,False,False,True,True
2020,district_elasticity,PA-16,PA-16,PA,-18.678035828969705,-16.901941489361704,1.776094339608001,1.776094339608001,True,-1.5,-1.5,0.7097885066,1.0,False,False,True,True
2020,district_elasticity,PA-17,PA-17,PA,1.8081879901603641,3.3511363636363636,1.5429483734759994,1.5429483734759994,True,1.5,1.5,0.7478842527,1.0,True,True,False,False
2020,district_elasticity,PA-18,PA-18,PA,33.019999999999996,33.019999999999996,0.0,0.0,False,1.5,1.5,1.0,1.0,True,True,False,False
2020,district_elasticity,PA-2,PA-2,PA,51.83722340425532,54.59122340425532,2.753999999999998,2.753999999999998,True,1.5,1.5,0.55,1.0,True,True,False,False
2020,district_elasticity,PA-3,PA-3,PA,89.09901604904002,89.42000000000002,0.32098395095999877,0.32098395095999877,True,1.5,1.5,0.947551642,1.0,True,True,False,False
2020,district_elasticity,PA-4,PA-4,PA,24.85,23.32,-1.5300000000000011,1.5300000000000011,True,0.0,0.0,1.25,1.0,False,False,False,False
2020,district_elasticity,PA-5,PA-5,PA,34.840271739130436,33.310271739130435,-1.5300000000000011,1.5300000000000011,True,1.5,1.5,1.25,1.0,True,True,False,False
2020,district_elasticity,PA-6,PA-6,PA,16.100625,14.570625,-1.5300000000000011,1.5300000000000011,True,1.5,1.5,1.25,1.0,True,True,False,False
2020,district_elasticity,PA-7,PA-7,PA,8.123750000000001,6.59375,-1.5300000000000011,1.5300000000000011,True,1.5,1.5,1.25,1.0,True,True,False,False
2020,district_elasticity,PA-8,PA-8,PA,-1.788749999999999,-3.318749999999999,-1.5300000000000002,1.5300000000000002,True,1.5,1.5,1.25,1.0,True,True,False,False
2020,district_elasticity,PA-9,PA-9,PA,-32.38359855614478,-31.177804878048782,1.2057936780960006,1.2057936780960006,True,-1.5,-1.5,0.8029748892,1.0,False,False,True,True
2020,district_elasticity,RI-1,RI-1,RI,28.476223319968,31.12,2.6437766800320013,2.6437766800320013,True,1.5,1.5,0.5680103464,1.0,True,True,False,False
2020,district_elasticity,RI-2,RI-2,RI,9.866,12.620000000000001,2.7540000000000013,2.7540000000000013,True,1.5,1.5,0.55,1.0,True,True,False,False
2020,district_elasticity,SC-1,SC-1,SC,-6.049999999999999,-7.579999999999998,-1.5299999999999994,1.5299999999999994,True,1.5,1.5,1.25,1.0,True,True,False,False
2020,district_elasticity,SC-2,SC-2,SC,-13.990235718120001,-14.84295,-0.8527142818799991,0.8527142818799991,True,-1.5,-1.5,1.139332399,1.0,False,False,True,True
2020,district_elasticity,SC-3,SC-3,SC,-35.861087841824,-35.480000000000004,0.381087841823998,0.381087841823998,True,-1.5,-1.5,0.9377307448,1.0,False,False,True,True
2020,district_elasticity,SC-4,SC-4,SC,-21.231141125625456,-22.437045454545455,-1.205904328919999,1.205904328919999,True,-1.5,-1.5,1.197043191,1.0,False,False,True,True
2020,district_elasticity,SC-5,SC-5,SC,-17.172294494828,-15.98,1.1922944948280012,1.1922944948280012,True,-1.5,-1.5,0.8051806381,1.0,False,False,True,True
2020,district_elasticity,SC-6,SC-6,SC,38.756225,41.510225,2.753999999999998,2.753999999999998,True,1.5,1.5,0.55,1.0,True,True,False,False
2020,district_elasticity,SC-7,SC-7,SC,-18.256167935975274,-16.83022727272727,1.425940663248003,1.425940663248003,True,-1.5,-1.5,0.7670031596,1.0,False,False,True,True
2020,district_elasticity,SD-AL,SD-AL,SD,-26.76296622484,-27.28,-0.5170337751600016,0.5170337751600016,True,-1.5,-1.5,1.084482643,1.0,False,False,True,True
2020,district_elasticity,TN-1,TN-1,TN,-52.765756566360004,-52.980000000000004,-0.2142434336400001,0.2142434336400001,True,0.0,0.0,1.035007097,1.0,False,False,False,False
2020,district_elasticity,TN-2,TN-2,TN,-33.161670039144,-32.879999999999995,0.2816700391440037,0.2816700391440037,True,-1.5,-1.5,0.9539754838,1.0,False,False,True,True
2020,district_elasticity,TN-3,TN-3,TN,-34.46167725575201,-32.68000000000001,1.781677255752001,1.781677255752001,True,-1.5,-1.5,0.7088762654,1.0,False,False,True,True
2020,district_elasticity,TN-4,TN-4,TN,-40.333979852296004,-38.68000000000001,1.653979852295997,1.653979852295997,True,-1.5,-1.5,0.7297418542,1.0,False,False,True,True
2020,district_elasticity,TN-5,TN-5,TN,23.436597358752,23.82,0.3834026412480007,0.3834026412480007,True,1.5,1.5,0.9373525096,1.0,True,True,False,False
2020,district_elasticity,TN-6,TN-6,TN,-46.47089041194,-46.38,0.09089041193999492,0.09089041193999492,True,-1.5,-1.5,0.9851486255,1.0,False,False,True,True
2020,district_elasticity,TN-7,TN-7,TN,-38.12730156474,-36.78,1.3473015647400004,1.3473015647400004,True,-1.5,-1.5,0.7798526855,1.0,False,False,True,True
2020,district_elasticity,TN-8,TN-8,TN,-33.457489136780005,-33.08,0.3774891367800066,0.3774891367800066,True,-1.5,-1.5,0.9383187685,1.0,False,False,True,True
2020,district_elasticity,TN-9,TN-9,TN,60.537999469504,63.22,2.6820005304959977,2.6820005304959977,True,1.5,1.5,0.5617646192,1.0,True,True,False,False
2020,district_elasticity,TX-1,TX-1,TX,-45.713333866804,-45.115,0.5983338668039977,0.5983338668039977,True,-1.5,-1.5,0.9022330283,1.0,False,False,True,True
2020,district_elasticity,TX-10,TX-10,TX,-5.57376791716,-6.579999999999999,-1.0062320828399995,1.0062320828399995,True,-1.5,-1.5,1.164417007,1.0,False,False,True,True
2020,district_elasticity,TX-11,TX-11,TX,-54.68000000000001,-54.68000000000001,0.0,0.0,False,0.0,0.0,1.0,1.0,False,False,False,False
2020,district_elasticity,TX-12,TX-12,TX,-28.661158325935997,-28.257499999999997,0.40365832593600004,0.40365832593600004,True,-1.5,-1.5,0.9340427572,1.0,False,False,True,True
2020,district_elasticity,TX-13,TX-13,TX,-57.89125,-57.89125,0.0,0.0,False,0.0,0.0,1.0,1.0,False,False,False,False
2020,district_elasticity,TX-14,TX-14,TX,-16.89039980016,-17.227500000000003,-0.33710019984000184,0.33710019984000184,True,-1.5,-1.5,1.055081732,1.0,False,False,True,True
2020,district_elasticity,TX-15,TX-15,TX,22.667913999247123,22.979969512195122,0.3120555129479996,0.3120555129479996,True,1.5,1.5,0.9490105371,1.0,True,True,False,False
2020,district_elasticity,TX-16,TX-16,TX,42.586054347826085,45.34005434782608,2.753999999999998,2.753999999999998,True,1.5,1.5,0.55,1.0,True,True,False,False
2020,district_elasticity,TX-17,TX-17,TX,-12.598644644759151,-13.38840425531915,-0.7897596105599991,0.7897596105599991,True,0.0,0.0,1.129045688,1.0,False,False,False,False
2020,district_elasticity,TX-18,TX-18,TX,60.822915524992,62.019999999999996,1.1970844750079976,1.1970844750079976,True,1.5,1.5,0.8043979616,1.0,True,True,False,False
2020,district_elasticity,TX-19,TX-19,TX,-46.480000000000004,-46.480000000000004,0.0,0.0,False,-1.5,-1.5,1.0,1.0,False,False,True,True
2020,district_elasticity,TX-2,TX-2,TX,-5.25,-6.78,-1.5300000000000002,1.5300000000000002,True,-1.5,-1.5,1.25,1.0,False,False,True,True
2020,district_elasticity,TX-20,TX-20,TX,34.09625,34.09625,0.0,0.0,False,1.5,1.5,1.0,1.0,True,True,False,False
2020,district_elasticity,TX-21,TX-21,TX,-5.267499999999999,-6.797499999999999,-1.5300000000000002,1.5300000000000002,True,-1.5,-1.5,1.25,1.0,False,False,True,True
2020,district_elasticity,TX-22,TX-22,TX,-2.9592659718399994,-3.9324999999999997,-0.9732340281600003,0.9732340281600003,True,0.0,0.0,1.159025168,1.0,False,False,False,False
2020,district_elasticity,TX-23,TX-23,TX,5.585766509236,7.42,1.8342334907640003,1.8342334907640003,True,0.0,0.0,0.7002886453,1.0,False,False,False,False
2020,district_elasticity,TX-24,TX-24,TX,-0.5091463414634151,-2.0391463414634154,-1.5300000000000002,1.5300000000000002,True,0.0,0.0,1.25,1.0,False,False,False,False
2020,district_elasticity,TX-25,TX-25,TX,-11.57305478577553,-11.475147058823529,0.0979077269520019,0.0979077269520019,True,-1.5,-1.5,0.9840020054,1.0,False,False,True,True
2020,district_elasticity,TX-26,TX-26,TX,-22.922500000000003,-24.4525,-1.5299999999999976,1.5299999999999976,True,-1.5,-1.5,1.25,1.0,False,False,True,True
2020,district_elasticity,TX-27,TX-27,TX,-21.19775040415548,-20.25217391304348,0.9455764911119999,0.9455764911119999,True,-1.5,-1.5,0.8454940374,1.0,False,False,True,True
2020,district_elasticity,TX-28,TX-28,TX,27.94559659090909,27.94559659090909,0.0,0.0,False,1.5,1.5,1.0,1.0,True,True,False,False
2020,district_elasticity,TX-29,TX-29,TX,50.55096085074922,53.233260869565214,2.682300018815994,2.682300018815994,True,1.5,1.5,0.5617156832,1.0,True,True,False,False
2020,district_elasticity,TX-3,TX-3,TX,-10.42284090909091,-11.95284090909091,-1.5299999999999994,1.5299999999999994,True,-1.5,-1.5,1.25,1.0,False,False,True,True
2020,district_elasticity,TX-30,TX-30,TX,66.32,66.32,0.0,0.0,False,1.5,1.5,1.0,1.0,True,True,False,False
2020,district_elasticity,TX-31,TX-31,TX,-8.445675675675675,-9.975675675675676,-1.5300000000000011,1.5300000000000011,True,-1.5,-1.5,1.25,1.0,False,False,True,True
2020,district_elasticity,TX-32,TX-32,TX,7.53811600612,7.42,-0.11811600612000017,0.11811600612000017,True,1.5,1.5,1.019300001,1.0,True,True,False,False
2020,district_elasticity,TX-33,TX-33,TX,54.450006632555144,54.93469114219114,0.4846845096359971,0.4846845096359971,True,1.5,1.5,0.9208031847,1.0,True,True,False,False
2020,district_elasticity,TX-34,TX-34,TX,24.574035714285714,27.328035714285715,2.7540000000000013,2.7540000000000013,True,1.5,1.5,0.55,1.0,True,True,False,False
2020,district_elasticity,TX-35,TX-35,TX,39.073758343044,39.12,0.04624165695599913,0.04624165695599913,True,1.5,1.5,0.9924441737,1.0,True,True,False,False
2020,district_elasticity,TX-36,TX-36,TX,-42.70615264205787,-43.543510638297874,-0.8373579962400015,0.8373579962400015,True,-1.5,-1.5,1.136823202,1.0,False,False,True,True
2020,district_elasticity,TX-4,TX-4,TX,-49.7144512195122,-49.7144512195122,0.0,0.0,False,0.0,0.0,1.0,1.0,False,False,False,False
2020,district_elasticity,TX-5,TX-5,TX,-25.28423913043478,-25.28423913043478,0.0,0.0,False,-1.5,-1.5,1.0,1.0,False,False,True,True
2020,district_elasticity,TX-6,TX-6,TX,-8.8128354732,-9.228750000000002,-0.41591452680000174,0.41591452680000174,True,-1.5,-1.5,1.06795989,1.0,False,False,True,True
2020,district_elasticity,TX-7,TX-7,TX,8.381521739130434,6.851521739130435,-1.5299999999999994,1.5299999999999994,True,1.5,1.5,1.25,1.0,True,True,False,False
2020,district_elasticity,TX-8,TX-8,TX,-46.17897727272727,-46.17897727272727,0.0,0.0,False,-1.5,-1.5,1.0,1.0,False,False,True,True
2020,district_elasticity,TX-9,TX-9,TX,66.82,66.82,0.0,0.0,False,1.5,1.5,1.0,1.0,True,True,False,False
2020,district_elasticity,UT-1,UT-1,UT,-23.34842307692308,-20.59442307692308,2.7540000000000013,2.7540000000000013,True,0.0,0.0,0.55,1.0,False,False,False,False
2020,district_elasticity,UT-2,UT-2,UT,-13.596088074911806,-12.631798780487806,0.9642892944240007,0.9642892944240007,True,-1.5,-1.5,0.8424363898,1.0,False,False,True,True
2020,district_elasticity,UT-3,UT-3,UT,-23.305194447056,-21.275,2.030194447056001,2.030194447056001,True,-1.5,-1.5,0.6682688812,1.0,False,False,True,True
2020,district_elasticity,UT-4,UT-4,UT,-4.246283676088,-3.9362500000000002,0.3100336760879996,0.3100336760879996,True,1.5,1.5,0.9493409026,1.0,True,True,False,False
2020,district_elasticity,VA-1,VA-1,VA,-8.35,-9.879999999999999,-1.5299999999999994,1.5299999999999994,True,-1.5,-1.5,1.25,1.0,False,False,True,True
2020,district_elasticity,VA-10,VA-10,VA,15.99548497888,15.52,-0.47548497888000085,0.47548497888000085,True,1.5,1.5,1.077693624,1.0,True,True,False,False
2020,district_elasticity,VA-11,VA-11,VA,45.703612535679994,44.919999999999995,-0.7836125356799997,0.7836125356799997,True,1.5,1.5,1.128041264,1.0,True,True,False,False
2020,district_elasticity,VA-2,VA-2,VA,3.6500000000000004,2.12,-1.5300000000000002,1.5300000000000002,True,1.5,1.5,1.25,1.0,True,True,False,False
2020,district_elasticity,VA-3,VA-3,VA,37.22,37.22,0.0,0.0,False,1.5,1.5,1.0,1.0,True,True,False,False
2020,district_elasticity,VA-4,VA-4,VA,28.65,27.12,-1.5299999999999976,1.5299999999999976,True,1.5,1.5,1.25,1.0,True,True,False,False
2020,district_elasticity,VA-5,VA-5,VA,-5.69133573288,-7.079999999999999,-1.3886642671199994,1.3886642671199994,True,0.0,0.0,1.226905926,1.0,False,False,False,False
2020,district_elasticity,VA-6,VA-6,VA,-20.75,-22.28,-1.5300000000000011,1.5300000000000011,True,-1.5,-1.5,1.25,1.0,False,False,True,True
2020,district_elasticity,VA-7,VA-7,VA,0.5500000000000007,-0.9799999999999995,-1.5300000000000002,1.5300000000000002,True,1.5,1.5,1.25,1.0,True,True,False,False
2020,district_elasticity,VA-8,VA-8,VA,57.763666408228,58.12,0.35633359177199964,0.35633359177199964,True,1.5,1.5,0.9417755569,1.0,True,True,False,False
2020,district_elasticity,VA-9,VA-9,VA,-38.37710648656,-38.980000000000004,-0.6028935134400015,0.6028935134400015,True,-1.5,-1.5,1.098512012,1.0,False,False,True,True
2020,district_elasticity,VT-AL,VT-AL,VT,33.449999999999996,31.919999999999998,-1.5299999999999976,1.5299999999999976,True,1.5,1.5,1.25,1.0,True,True,False,False
2020,district_elasticity,WA-1,WA-1,WA,19.835563789264,21.82,1.9844362107359999,1.9844362107359999,True,1.5,1.5,0.6757457172,1.0,True,True,False,False
2020,district_elasticity,WA-10,WA-10,WA,15.076446784644002,15.420000000000002,0.3435532153559997,0.3435532153559997,True,0.0,0.0,0.9438638537,1.0,False,False,False,False
2020,district_elasticity,WA-2,WA-2,WA,25.92695124152,27.62,1.6930487584799998,1.6930487584799998,True,1.5,1.5,0.723358046,1.0,True,True,False,False
2020,district_elasticity,WA-3,WA-3,WA,-4.28213622692,-4.88,-0.5978637730800003,0.5978637730800003,True,-1.5,-1.5,1.097690159,1.0,False,False,True,True
2020,district_elasticity,WA-4,WA-4,WA,-20.28,-20.28,0.0,0.0,False,-1.5,-1.5,1.0,1.0,False,False,True,True
2020,district_elasticity,WA-5,WA-5,WA,-12.126772391827998,-10.579999999999998,1.546772391828,1.546772391828,True,-1.5,-1.5,0.7472594131,1.0,False,False,True,True
2020,district_elasticity,WA-6,WA-6,WA,15.066000000000003,17.82,2.753999999999998,2.753999999999998,True,1.5,1.5,0.55,1.0,True,True,False,False
2020,district_elasticity,WA-7,WA-7,WA,72.66600000000001,75.42000000000002,2.754000000000005,2.754000000000005,True,1.5,1.5,0.55,1.0,True,True,False,False
2020,district_elasticity,WA-8,WA-8,WA,10.05,8.52,-1.5300000000000011,1.5300000000000011,True,1.5,1.5,1.25,1.0,True,True,False,False
2020,district_elasticity,WA-9,WA-9,WA,50.755578972028005,52.72,1.9644210279719942,1.9644210279719942,True,1.5,1.5,0.6790161719,1.0,True,True,False,False
2020,district_elasticity,WI-1,WI-1,WI,-6.25,-7.78,-1.5300000000000002,1.5300000000000002,True,-1.5,-1.5,1.25,1.0,False,False,True,True
2020,district_elasticity,WI-2,WI-2,WI,39.565999999999995,42.31999999999999,2.753999999999998,2.753999999999998,True,1.5,1.5,0.55,1.0,True,True,False,False
2020,district_elasticity,WI-3,WI-3,WI,2.5500000000000007,1.0200000000000005,-1.5300000000000002,1.5300000000000002,True,1.5,1.5,1.25,1.0,True,True,False,False
2020,district_elasticity,WI-4,WI-4,WI,56.320634122176,57.72,1.3993658778239961,1.3993658778239961,True,1.5,1.5,0.7713454448,1.0,True,True,False,False
2020,district_elasticity,WI-5,WI-5,WI,-15.877503055680004,-16.080000000000002,-0.2024969443199982,0.2024969443199982,True,0.0,0.0,1.033087736,1.0,False,False,False,False
2020,district_elasticity,WI-6,WI-6,WI,-17.134,-14.379999999999999,2.7540000000000013,2.7540000000000013,True,-1.5,-1.5,0.55,1.0,False,False,True,True
2020,district_elasticity,WI-7,WI-7,WI,-19.77468744012,-17.88,1.894687440120002,1.894687440120002,True,-1.5,-1.5,0.690410549,1.0,False,False,True,True
2020,district_elasticity,WI-8,WI-8,WI,-15.529797318056003,-15.080000000000002,0.4497973180560013,0.4497973180560013,True,-1.5,-1.5,0.9265037062,1.0,False,False,True,True
2020,district_elasticity,WV-1,WV-1,WV,-39.156693467627136,-37.43195652173914,1.7247369458879973,1.7247369458879973,True,-1.5,-1.5,0.7181802376,1.0,False,False,True,True
2020,district_elasticity,WV-2,WV-2,WV,-37.2115,-34.4575,2.753999999999998,2.753999999999998,True,-1.5,-1.5,0.55,1.0,False,False,True,True
2020,district_elasticity,WV-3,WV-3,WV,-45.150000000000006,-46.68000000000001,-1.5300000000000011,1.5300000000000011,True,-1.5,-1.5,1.25,1.0,False,False,True,True
2020,district_elasticity,WY-AL,WY-AL,WY,-47.271973055228,-45.080000000000005,2.1919730552279972,2.1919730552279972,True,-1.5,-1.5,0.6418344681,1.0,False,False,True,True
2022,incumbency,AK-AL,AK-AL,AK,-13.713999999999999,-15.213999999999999,-1.5,1.5,True,1.5,0.0,0.55,0.55,True,False,False,False
2022,incumbency,AL-1,AL-1,AL,-35.101768527192,-33.601768527192,1.5,1.5,True,-1.5,0.0,0.7238597474,0.7238597474,False,False,True,False
2022,incumbency,AL-2,AL-2,AL,-36.112126228736,-34.612126228736,1.5,1.5,True,-1.5,0.0,0.6408576192,0.6408576192,False,False,True,False
2022,incumbency,AL-3,AL-3,AL,-40.88513670115201,-39.38513670115201,1.5,1.5,True,-1.5,0.0,0.8437608344,0.8437608344,False,False,True,False
2022,incumbency,AL-4,AL-4,AL,-68.62373126402645,-67.12373126402645,1.5,1.5,True,-1.5,0.0,0.9592062986,0.9592062986,False,False,True,False
2022,incumbency,AL-5,AL-5,AL,-33.79941003492,-33.79941003492,0.0,0.0,False,0.0,0.0,1.118666699,1.118666699,False,False,False,False
2022,incumbency,AL-6,AL-6,AL,-38.08355860708,-36.58355860708,1.5,1.5,True,-1.5,0.0,1.103989451,1.103989451,False,False,True,False
2022,incumbency,AL-7,AL-7,AL,27.9,26.4,-1.5,1.5,True,1.5,0.0,1.0,1.0,True,False,False,False
2022,incumbency,AR-1,AR-1,AR,-48.729711538461544,-47.229711538461544,1.5,1.5,True,-1.5,0.0,1.25,1.25,False,False,True,False
2022,incumbency,AR-2,AR-2,AR,-19.575500546692,-18.075500546692,1.5,1.5,True,-1.5,0.0,0.6730792099,0.6730792099,False,False,True,False
2022,incumbency,AR-3,AR-3,AR,-30.29910857095739,-28.79910857095739,1.5,1.5,True,-1.5,0.0,0.5672351905,0.5672351905,False,False,True,False
2022,incumbency,AR-4,AR-4,AR,-42.20775,-40.70775,1.5,1.5,True,-1.5,0.0,0.55,0.55,False,False,True,False
2022,incumbency,AZ-1,AZ-1,AZ,-4.064,-2.564,1.5,1.5,True,-1.5,0.0,0.55,0.55,False,False,True,False
2022,incumbency,AZ-2,AZ-2,AZ,-9.472657311248,-9.472657311248,0.0,0.0,False,0.0,0.0,0.9746826956,0.9746826956,False,False,False,False
2022,incumbency,AZ-3,AZ-3,AZ,47.339094620375995,45.839094620375995,-1.5,1.5,True,1.5,0.0,0.9279216478,0.9279216478,True,False,False,False
2022,incumbency,AZ-4,AZ-4,AZ,6.640699814446609,5.140699814446609,-1.5,1.5,True,1.5,0.0,0.7826903892,0.7826903892,True,False,False,False
2022,incumbency,AZ-5,AZ-5,AZ,-23.412465075411998,-21.912465075411998,1.5,1.5,True,-1.5,0.0,0.9189491439,0.9189491439,False,False,True,False
2022,incumbency,AZ-6,AZ-6,AZ,-4.543893055325091,-4.543893055325091,0.0,0.0,False,0.0,0.0,0.8129481152,0.8129481152,False,False,False,False
2022,incumbency,AZ-7,AZ-7,AZ,28.857499999999995,27.357499999999995,-1.5,1.5,True,1.5,0.0,1.0,1.0,True,False,False,False
2022,incumbency,AZ-8,AZ-8,AZ,-19.19,-17.69,1.5,1.5,True,-1.5,0.0,1.25,1.25,False,False,True,False
2022,incumbency,AZ-9,AZ-9,AZ,-31.56406756756757,-30.06406756756757,1.5,1.5,True,-1.5,0.0,0.55,0.55,False,False,True,False
2022,incumbency,CA-1,CA-1,CA,-26.155372154680002,-24.655372154680002,1.5,1.5,True,-1.5,0.0,0.958677921,0.958677921,False,False,True,False
2022,incumbency,CA-10,CA-10,CA,34.430608506841835,32.930608506841835,-1.5,1.5,True,1.5,0.0,0.8353975287,0.8353975287,True,False,False,False
2022,incumbency,CA-11,CA-11,CA,70.59055006643601,69.09055006643601,-1.5,1.5,True,1.5,0.0,0.8235647533,0.8235647533,True,False,False,False
2022,incumbency,CA-12,CA-12,CA,76.88512198234001,75.38512198234001,-1.5,1.5,True,1.5,0.0,0.7359981645,0.7359981645,True,False,False,False
2022,incumbency,CA-13,CA-13,CA,5.804466938345454,5.804466938345454,0.0,0.0,False,0.0,0.0,1.189887515,1.189887515,False,False,False,False
2022,incumbency,CA-14,CA-14,CA,41.862076137108005,40.362076137108005,-1.5,1.5,True,1.5,0.0,0.5721517249,0.5721517249,True,False,False,False
2022,incumbency,CA-15,CA-15,CA,50.530552117816,50.530552117816,0.0,0.0,False,0.0,0.0,0.6244887798,0.6244887798,False,False,False,False
2022,incumbency,CA-16,CA-16,CA,49.086915147156006,47.586915147156006,-1.5,1.5,True,1.5,0.0,0.8269304193,0.8269304193,True,False,False,False
2022,incumbency,CA-17,CA-17,CA,39.7795652173913,38.2795652173913,-1.5,1.5,True,1.5,0.0,1.25,1.25,True,False,False,False
2022,incumbency,CA-18,CA-18,CA,38.47124808449543,36.97124808449543,-1.5,1.5,True,1.5,0.0,0.9060864297,0.9060864297,True,False,False,False
2022,incumbency,CA-19,CA-19,CA,36.174413887936,34.674413887936,-1.5,1.5,True,1.5,0.0,0.5699871408,0.5699871408,True,False,False,False
2022,incumbency,CA-2,CA-2,CA,45.569950000000006,44.069950000000006,-1.5,1.5,True,1.5,0.0,0.55,0.55,True,False,False,False
2022,incumbency,CA-20,CA-20,CA,-32.0,-30.5,1.5,1.5,True,-1.5,0.0,1.0,1.0,False,False,True,False
2022,incumbency,CA-21,CA-21,CA,14.874041215583999,13.374041215584,-1.4999999999999982,1.4999999999999982,True,1.5,0.0,0.9064896152,0.9064896152,True,False,False,False
2022,incumbency,CA-22,CA-22,CA,3.919300000000001,5.419300000000002,1.5000000000000004,1.5000000000000004,True,-1.5,0.0,1.25,1.25,False,False,True,False
2022,incumbency,CA-23,CA-23,CA,-16.988506862636683,-15.488506862636683,1.5,1.5,True,-1.5,0.0,0.9865070318,0.9865070318,False,False,True,False
2022,incumbency,CA-24,CA-24,CA,23.935537623499428,22.435537623499428,-1.5,1.5,True,1.5,0.0,0.9136887084,0.9136887084,True,False,False,False
2022,incumbency,CA-25,CA-25,CA,12.519175,11.019175,-1.5,1.5,True,1.5,0.0,1.25,1.25,True,False,False,False
2022,incumbency,CA-26,CA-26,CA,16.075755879756002,14.575755879756,-1.5000000000000018,1.5000000000000018,True,1.5,0.0,0.8372630743,0.8372630743,True,False,False,False
2022,incumbency,CA-27,CA-27,CA,5.371250000000001,6.871250000000001,1.5,1.5,True,-1.5,0.0,1.25,1.25,False,False,True,False
2022,incumbency,CA-28,CA-28,CA,30.41334246390489,28.91334246390489,-1.5,1.5,True,1.5,0.0,0.7912466898,0.7912466898,True,False,False,False
2022,incumbency,CA-29,CA-29,CA,47.620000000000005,46.120000000000005,-1.5,1.5,True,1.5,0.0,1.0,1.0,True,False,False,False
2022,incumbency,CA-3,CA-3,CA,-7.5731662279759995,-7.5731662279759995,0.0,0.0,False,0.0,0.0,0.7106863222,0.7106863222,False,False,False,False
2022,incumbency,CA-30,CA-30,CA,41.361247861384,39.861247861384,-1.5,1.5,True,1.5,0.0,0.9062519802,0.9062519802,True,False,False,False
2022,incumbency,CA-31,CA-31,CA,24.412831262599152,22.912831262599152,-1.5,1.5,True,1.5,0.0,0.6978554527,0.6978554527,True,False,False,False
2022,incumbency,CA-32,CA-32,CA,34.9027497952,33.4027497952,-1.5,1.5,True,1.5,0.0,1.17662056,1.17662056,True,False,False,False
2022,incumbency,CA-33,CA-33,CA,20.73860798552,19.23860798552,-1.5,1.5,True,1.5,0.0,1.063117606,1.063117606,True,False,False,False
2022,incumbency,CA-34,CA-34,CA,60.10000000000001,58.60000000000001,-1.5,1.5,True,1.5,0.0,1.0,1.0,True,False,False,False
2022,incumbency,CA-35,CA-35,CA,23.31957142857143,23.31957142857143,0.0,0.0,False,0.0,0.0,0.55,0.55,False,False,False,False
2022,incumbency,CA-36,CA-36,CA,39.358824999999996,37.858824999999996,-1.5,1.5,True,1.5,0.0,0.55,0.55,True,False,False,False
2022,incumbency,CA-37,CA-37,CA,67.82754269072,67.82754269072,0.0,0.0,False,0.0,0.0,0.881904916,0.881904916,False,False,False,False
2022,incumbency,CA-38,CA-38,CA,26.03062450008,24.53062450008,-1.5,1.5,True,1.5,0.0,1.064236574,1.064236574,True,False,False,False
2022,incumbency,CA-39,CA-39,CA,21.157225,19.657225,-1.5,1.5,True,1.5,0.0,1.25,1.25,True,False,False,False
2022,incumbency,CA-4,CA-4,CA,32.31769886363636,30.81769886363636,-1.5,1.5,True,1.5,0.0,1.25,1.25,True,False,False,False
2022,incumbency,CA-40,CA-40,CA,-3.9216249999999993,-2.4216249999999997,1.4999999999999996,1.4999999999999996,True,-1.5,0.0,1.0,1.0,False,False,True,False
2022,incumbency,CA-41,CA-41,CA,-8.987474216939999,-7.487474216939999,1.5,1.5,True,-1.5,0.0,0.7818048305,0.7818048305,False,False,True,False
2022,incumbency,CA-42,CA-42,CA,39.822110423795635,39.822110423795635,0.0,0.0,False,0.0,0.0,0.9750029746,0.9750029746,False,False,False,False
2022,incumbency,CA-43,CA-43,CA,58.20185805433715,56.70185805433715,-1.5,1.5,True,1.5,0.0,1.006712119,1.006712119,True,False,False,False
2022,incumbency,CA-44,CA-44,CA,44.7021590909091,43.2021590909091,-1.5,1.5,True,1.5,0.0,1.0,1.0,True,False,False,False
2022,incumbency,CA-45,CA-45,CA,-0.14624999999999955,1.3537500000000005,1.5,1.5,True,-1.5,0.0,1.25,1.25,False,False,True,False
2022,incumbency,CA-46,CA-46,CA,28.870622826188868,27.370622826188868,-1.5,1.5,True,1.5,0.0,0.8911302334,0.8911302334,True,False,False,False
2022,incumbency,CA-47,CA-47,CA,7.1504781885640005,5.6504781885640005,-1.5,1.5,True,1.5,0.0,0.7634461217,0.7634461217,True,False,False,False
2022,incumbency,CA-48,CA-48,CA,-19.67,-18.17,1.5,1.5,True,-1.5,0.0,1.25,1.25,False,False,True,False
2022,incumbency,CA-49,CA-49,CA,6.267992848443479,4.767992848443479,-1.5,1.5,True,1.5,0.0,1.205260245,1.205260245,True,False,False,False
2022,incumbency,CA-5,CA-5,CA,-19.403214285714284,-17.903214285714284,1.5,1.5,True,-1.5,0.0,1.0,1.0,False,False,True,False
2022,incumbency,CA-50,CA-50,CA,27.752975,26.252975,-1.5,1.5,True,1.5,0.0,1.25,1.25,True,False,False,False
2022,incumbency,CA-51,CA-51,CA,21.41759769257382,21.41759769257382,0.0,0.0,False,0.0,0.0,0.6810964126,0.6810964126,False,False,False,False
2022,incumbency,CA-52,CA-52,CA,33.25637950036,31.756379500359994,-1.5000000000000036,1.5000000000000036,True,1.5,0.0,1.012495833,1.012495833,True,False,False,False
2022,incumbency,CA-6,CA-6,CA,14.163378174212362,12.663378174212362,-1.5,1.5,True,1.5,0.0,0.8937575828,0.8937575828,True,False,False,False
2022,incumbency,CA-7,CA-7,CA,33.88902824668934,32.38902824668934,-1.5,1.5,True,1.5,0.0,0.7106991543,0.7106991543,True,False,False,False
2022,incumbency,CA-8,CA-8,CA,49.65312121212121,48.15312121212121,-1.5,1.5,True,1.5,0.0,1.25,1.25,True,False,False,False
2022,incumbency,CA-9,CA-9,CA,8.002746749578783,8.002746749578783,0.0,0.0,False,0.0,0.0,0.6379559082,0.6379559082,False,False,False,False
2022,incumbency,CO-1,CO-1,CO,57.306949436804004,55.806949436804004,-1.5,1.5,True,1.5,0.0,0.9009727437,0.9009727437,True,False,False,False
2022,incumbency,CO-2,CO-2,CO,35.371465285146606,33.871465285146606,-1.5,1.5,True,1.5,0.0,0.8705232867,0.8705232867,True,False,False,False
2022,incumbency,CO-3,CO-3,CO,-13.682260456732,-12.182260456732,1.5,1.5,True,-1.5,0.0,0.9407504229,0.9407504229,False,False,True,False
2022,incumbency,CO-4,CO-4,CO,-23.764339880365856,-22.264339880365856,1.5,1.5,True,-1.5,0.0,1.209077125,1.209077125,False,False,True,False
2022,incumbency,CO-5,CO-5,CO,-17.814408417796,-16.314408417796,1.5,1.5,True,-1.5,0.0,0.9369522387,0.9369522387,False,False,True,False
2022,incumbency,CO-6,CO-6,CO,19.115743773434783,17.615743773434783,-1.5,1.5,True,1.5,0.0,1.086569775,1.086569775,True,False,False,False
2022,incumbency,CO-7,CO-7,CO,8.450593997732364,8.450593997732364,0.0,0.0,False,0.0,0.0,0.9299003388,0.9299003388,False,False,False,False
2022,incumbency,CO-8,CO-8,CO,-1.55125,-1.55125,0.0,0.0,False,0.0,0.0,1.0,1.0,False,False,False,False
2022,incumbency,CT-1,CT-1,CT,24.171549340560002,22.671549340560002,-1.5,1.5,True,1.5,0.0,0.841158018,0.841158018,True,False,False,False
2022,incumbency,CT-2,CT-2,CT,7.501389613336,6.001389613336,-1.5,1.5,True,1.5,0.0,0.8135281358,0.8135281358,True,False,False,False
2022,incumbency,CT-3,CT-3,CT,15.872644149852,14.372644149852,-1.5,1.5,True,1.5,0.0,0.7475517131,0.7475517131,True,False,False,False
2022,incumbency,CT-4,CT-4,CT,27.034057575044,25.534057575044,-1.5,1.5,True,1.5,0.0,0.8758726157,0.8758726157,True,False,False,False
2022,incumbency,CT-5,CT-5,CT,7.085999999999999,5.585999999999999,-1.5,1.5,True,1.5,0.0,0.55,0.55,True,False,False,False
2022,incumbency,DE-AL,DE-AL,DE,14.783043257600001,13.283043257600001,-1.5,1.5,True,1.5,0.0,1.10829328,1.10829328,True,False,False,False
2022,incumbency,FL-1,FL-1,FL,-39.171717213891995,-37.671717213891995,1.5,1.5,True,-1.5,0.0,0.7886270499,0.7886270499,False,False,True,False
2022,incumbency,FL-10,FL-10,FL,25.93,25.93,0.0,0.0,False,0.0,0.0,1.25,1.25,False,False,False,False
2022,incumbency,FL-11,FL-11,FL,-17.708349671568,-16.208349671568,1.5,1.5,True,-1.5,0.0,0.7299533996,0.7299533996,False,False,True,False
2022,incumbency,FL-12,FL-12,FL,-36.07,-34.57,1.5,1.5,True,-1.5,0.0,1.25,1.25,False,False,True,False
2022,incumbency,FL-13,FL-13,FL,-12.598027721080001,-12.598027721080001,0.0,0.0,False,0.0,0.0,1.183359001,1.183359001,False,False,False,False
2022,incumbency,FL-14,FL-14,FL,15.000000000000002,13.500000000000002,-1.5,1.5,True,1.5,0.0,1.0,1.0,True,False,False,False
2022,incumbency,FL-15,FL-15,FL,-8.80275426244,-8.80275426244,0.0,0.0,False,0.0,0.0,1.002550243,1.002550243,False,False,False,False
2022,incumbency,FL-16,FL-16,FL,-16.1706528574,-14.6706528574,1.5,1.5,True,-1.5,0.0,1.158011905,1.158011905,False,False,True,False
2022,incumbency,FL-17,FL-17,FL,-22.95529683018,-21.45529683018,1.5,1.5,True,-1.5,0.0,0.8660155835,0.8660155835,False,False,True,False
2022,incumbency,FL-18,FL-18,FL,-29.414,-27.914,1.5,1.5,True,-1.5,0.0,0.55,0.55,False,False,True,False
2022,incumbency,FL-19,FL-19,FL,-26.363111190692,-26.363111190692,0.0,0.0,False,0.0,0.0,0.7806585099,0.7806585099,False,False,False,False
2022,incumbency,FL-2,FL-2,FL,-16.114,-16.114,0.0,0.0,False,0.0,0.0,0.55,0.55,True,False,True,False
2022,incumbency,FL-20,FL-20,FL,48.785999999999994,47.285999999999994,-1.5,1.5,True,1.5,0.0,0.55,0.55,True,False,False,False
2022,incumbency,FL-21,FL-21,FL,-16.5,-15.0,1.5,1.5,True,-1.5,0.0,1.0,1.0,False,False,True,False
2022,incumbency,FL-22,FL-22,FL,13.906963865412003,12.406963865412003,-1.5,1.5,True,1.5,0.0,0.6231816061,0.6231816061,True,False,False,False
2022,incumbency,FL-23,FL-23,FL,7.862450702692,7.862450702692,0.0,0.0,False,0.0,0.0,0.7569900901,0.7569900901,False,False,False,False
2022,incumbency,FL-24,FL-24,FL,45.0,43.5,-1.5,1.5,True,1.5,0.0,1.0,1.0,True,False,False,False
2022,incumbency,FL-25,FL-25,FL,16.126689249464,14.626689249463999,-1.5000000000000018,1.5000000000000018,True,1.5,0.0,0.6975099542,0.6975099542,True,False,False,False
2022,incumbency,FL-26,FL-26,FL,-25.55147083484,-24.05147083484,1.5,1.5,True,-1.5,0.0,1.140250773,1.140250773,False,False,True,False
2022,incumbency,FL-27,FL-27,FL,-7.67,-6.17,1.5,1.5,True,-1.5,0.0,1.25,1.25,False,False,True,False
2022,incumbency,FL-28,FL-28,FL,-13.4,-11.9,1.5,1.5,True,-1.5,0.0,1.0,1.0,False,False,True,False
2022,incumbency,FL-3,FL-3,FL,-20.865190129663997,-19.365190129663997,1.5,1.5,True,-1.5,0.0,0.6899908608,0.6899908608,False,False,True,False
2022,incumbency,FL-4,FL-4,FL,-11.895734396219998,-11.895734396219998,0.0,0.0,False,0.0,0.0,0.6256799965,0.6256799965,False,False,False,False
2022,incumbency,FL-5,FL-5,FL,-22.85784240088,-21.35784240088,1.5,1.5,True,-1.5,0.0,0.960965186,0.960965186,False,False,True,False
2022,incumbency,FL-6,FL-6,FL,-30.8362658546,-29.3362658546,1.5,1.5,True,-1.5,0.0,1.033579495,1.033579495,False,False,True,False
2022,incumbency,FL-7,FL-7,FL,-11.37,-11.37,0.0,0.0,False,0.0,0.0,1.25,1.25,False,False,False,False
2022,incumbency,FL-8,FL-8,FL,-24.696832022284003,-23.196832022284003,1.5,1.5,True,-1.5,0.0,0.9970666873,0.9970666873,False,False,True,False
2022,incumbency,FL-9,FL-9,FL,13.404848474787999,11.904848474787999,-1.5,1.5,True,1.5,0.0,0.9029180789,0.9029180789,True,False,False,False
2022,incumbency,GA-1,GA-1,GA,-20.014000000000003,-18.514000000000003,1.5,1.5,True,-1.5,0.0,0.55,0.55,False,False,True,False
2022,incumbency,GA-10,GA-10,GA,-28.514,-28.514,0.0,0.0,False,0.0,0.0,0.55,0.55,False,False,False,False
2022,incumbency,GA-11,GA-11,GA,-22.279530101948,-20.779530101948,1.5,1.5,True,-1.5,0.0,0.8884537981,0.8884537981,False,False,True,False
2022,incumbency,GA-12,GA-12,GA,-17.299933630168,-15.799933630167999,1.5,1.5,True,-1.5,0.0,0.7930866946,0.7930866946,False,False,True,False
2022,incumbency,GA-13,GA-13,GA,57.17099999999999,55.67099999999999,-1.5,1.5,True,1.5,0.0,0.55,0.55,True,False,False,False
2022,incumbency,GA-14,GA-14,GA,-41.014,-39.514,1.5,1.5,True,-1.5,0.0,0.55,0.55,False,False,True,False
2022,incumbency,GA-2,GA-2,GA,7.404198648500001,5.904198648500001,-1.5,1.5,True,1.5,0.0,0.6554873625,0.6554873625,True,False,False,False
2022,incumbency,GA-3,GA-3,GA,-36.664319423988005,-35.164319423988005,1.5,1.5,True,-1.5,0.0,0.6984439111,0.6984439111,False,False,True,False
2022,incumbency,GA-4,GA-4,GA,53.86593064826172,52.36593064826172,-1.5,1.5,True,1.5,0.0,0.6882917278,0.6882917278,True,False,False,False
2022,incumbency,GA-5,GA-5,GA,62.21368902439025,60.71368902439025,-1.5,1.5,True,1.5,0.0,1.0,1.0,True,False,False,False
2022,incumbency,GA-6,GA-6,GA,-20.76666402704174,-20.76666402704174,0.0,0.0,False,0.0,0.0,1.148103769,1.148103769,False,False,False,False
2022,incumbency,GA-7,GA-7,GA,21.0403720864761,19.5403720864761,-1.5,1.5,True,1.5,0.0,1.211206966,1.211206966,True,False,False,False
2022,incumbency,GA-8,GA-8,GA,-34.83602272727273,-33.33602272727273,1.5,1.5,True,-1.5,0.0,1.0,1.0,False,False,True,False
2022,incumbency,GA-9,GA-9,GA,-44.574895283890534,-43.074895283890534,1.5,1.5,True,-1.5,0.0,0.8352124354,0.8352124354,False,False,True,False
2022,incumbency,HI-1,HI-1,HI,25.111008889479997,23.611008889479997,-1.5,1.5,True,1.5,0.0,1.174991769,1.174991769,True,False,False,False
2022,incumbency,HI-2,HI-2,HI,24.345033755252,24.345033755252,0.0,0.0,False,0.0,0.0,0.5879317081,0.5879317081,False,False,False,False
2022,incumbency,IA-1,IA-1,IA,-8.501249999999999,-7.00125,1.4999999999999991,1.4999999999999991,True,-1.5,0.0,1.25,1.25,False,False,True,False
2022,incumbency,IA-2,IA-2,IA,-11.5017163738,-10.0017163738,1.5,1.5,True,-1.5,0.0,1.001589235,1.001589235,False,False,True,False
2022,incumbency,IA-3,IA-3,IA,-3.4190399996905447,-4.919039999690545,-1.5000000000000004,1.5000000000000004,True,1.5,0.0,0.9512365317,0.9512365317,True,False,False,False
2022,incumbency,IA-4,IA-4,IA,-33.370000000000005,-31.87,1.5000000000000036,1.5000000000000036,True,-1.5,0.0,1.25,1.25,False,False,True,False
2022,incumbency,ID-1,ID-1,ID,-44.814691699604744,-43.314691699604744,1.5,1.5,True,-1.5,0.0,0.55,0.55,False,False,True,False
2022,incumbency,ID-2,ID-2,ID,-29.615254787363998,-28.115254787363998,1.5,1.5,True,-1.5,0.0,0.7730599883,0.7730599883,False,False,True,False
2022,incumbency,IL-1,IL-1,IL,35.74197028282217,35.74197028282217,0.0,0.0,False,0.0,0.0,0.9315721287,0.9315721287,False,False,False,False
2022,incumbency,IL-10,IL-10,IL,20.475799999999996,18.975799999999996,-1.5,1.5,True,1.5,0.0,1.25,1.25,True,False,False,False
2022,incumbency,IL-11,IL-11,IL,10.542018391720001,9.042018391720001,-1.5,1.5,True,1.5,0.0,1.027853341,1.027853341,True,False,False,False
2022,incumbency,IL-12,IL-12,IL,-50.412549999999996,-48.912549999999996,1.5,1.5,True,-1.5,0.0,1.25,1.25,False,False,True,False
2022,incumbency,IL-13,IL-13,IL,6.42375,6.42375,0.0,0.0,False,0.0,0.0,1.25,1.25,False,False,False,False
2022,incumbency,IL-14,IL-14,IL,7.697608695652175,6.197608695652175,-1.5,1.5,True,1.5,0.0,1.25,1.25,True,False,False,False
2022,incumbency,IL-15,IL-15,IL,-45.65320784408,-44.15320784408,1.5,1.5,True,-1.5,0.0,1.221720226,1.221720226,False,False,True,False
2022,incumbency,IL-16,IL-16,IL,-31.050560344827588,-29.550560344827588,1.5,1.5,True,-1.5,0.0,1.25,1.25,False,False,True,False
2022,incumbency,IL-17,IL-17,IL,2.4218546205327276,2.4218546205327276,0.0,0.0,False,0.0,0.0,0.8800167655,0.8800167655,False,False,False,False
2022,incumbency,IL-2,IL-2,IL,36.386,34.886,-1.5,1.5,True,1.5,0.0,0.55,0.55,True,False,False,False
2022,incumbency,IL-3,IL-3,IL,35.322386363636355,35.322386363636355,0.0,0.0,False,0.0,0.0,1.25,1.25,False,False,False,False
2022,incumbency,IL-4,IL-4,IL,44.14518125508,42.64518125508,-1.5,1.5,True,1.5,0.0,1.090109949,1.090109949,True,False,False,False
2022,incumbency,IL-5,IL-5,IL,34.71377060410667,33.21377060410667,-1.5,1.5,True,1.5,0.0,1.062774132,1.062774132,True,False,False,False
2022,incumbency,IL-6,IL-6,IL,5.756195652173914,4.256195652173914,-1.5,1.5,True,1.5,0.0,1.25,1.25,True,False,False,False
2022,incumbency,IL-7,IL-7,IL,68.445753426384,66.945753426384,-1.5,1.5,True,1.5,0.0,0.8465246052,0.8465246052,True,False,False,False
2022,incumbency,IL-8,IL-8,IL,11.334470842976001,9.834470842976001,-1.5,1.5,True,1.5,0.0,0.9680825528,0.9680825528,True,False,False,False
2022,incumbency,IL-9,IL-9,IL,35.433130391844,33.933130391844,-1.5,1.5,True,1.5,0.0,0.9450181557,0.9450181557,True,False,False,False
2022,incumbency,IN-1,IN-1,IN,4.892408536585367,3.3924085365853665,-1.5000000000000004,1.5000000000000004,True,1.5,0.0,1.25,1.25,True,False,False,False
2022,incumbency,IN-2,IN-2,IN,-28.847840909090912,-28.847840909090912,0.0,0.0,False,0.0,0.0,1.25,1.25,False,False,False,False
2022,incumbency,IN-3,IN-3,IN,-38.12739084328,-36.62739084328,1.5,1.5,True,-1.5,0.0,1.224435966,1.224435966,False,False,True,False
2022,incumbency,IN-4,IN-4,IN,-36.30005510029375,-34.80005510029375,1.5,1.5,True,-1.5,0.0,0.8480029109,0.8480029109,False,False,True,False
2022,incumbency,IN-5,IN-5,IN,-23.063815513689757,-21.563815513689757,1.5,1.5,True,-1.5,0.0,1.105328276,1.105328276,False,False,True,False
2022,incumbency,IN-6,IN-6,IN,-38.8528968966,-37.3528968966,1.5,1.5,True,-1.5,0.0,1.179765645,1.179765645,False,False,True,False
2022,incumbency,IN-7,IN-7,IN,37.44742998811999,35.94742998811999,-1.5,1.5,True,1.5,0.0,1.044625011,1.044625011,True,False,False,False
2022,incumbency,IN-8,IN-8,IN,-40.93688779333199,-39.43688779333199,1.5,1.5,True,-1.5,0.0,0.9878590679,0.9878590679,False,False,True,False
2022,incumbency,IN-9,IN-9,IN,-32.94409090909091,-32.94409090909091,0.0,0.0,False,0.0,0.0,1.25,1.25,False,False,False,False
2022,incumbency,KS-1,KS-1,KS,-36.772825594480004,-35.272825594480004,1.5,1.5,True,-1.5,0.0,1.067431106,1.067431106,False,False,True,False
2022,incumbency,KS-2,KS-2,KS,-23.67,-22.17,1.5,1.5,True,-1.5,0.0,1.25,1.25,False,False,True,False
2022,incumbency,KS-3,KS-3,KS,0.13000000000000034,-1.3699999999999997,-1.5,1.5,True,1.5,0.0,1.25,1.25,True,False,False,False
2022,incumbency,KS-4,KS-4,KS,-28.82322765396,-27.32322765396,1.5,1.5,True,-1.5,0.0,1.021507087,1.021507087,False,False,True,False
2022,incumbency,KY-1,KY-1,KY,-49.656574297577144,-48.156574297577144,1.5,1.5,True,-1.5,0.0,1.046265884,1.046265884,False,False,True,False
2022,incumbency,KY-2,KY-2,KY,-44.266977791908594,-42.766977791908594,1.5,1.5,True,-1.5,0.0,0.9938525654,0.9938525654,False,False,True,False
2022,incumbency,KY-3,KY-3,KY,18.056227272727273,18.056227272727273,0.0,0.0,False,0.0,0.0,0.55,0.55,False,False,False,False
2022,incumbency,KY-4,KY-4,KY,-39.63048826823999,-38.13048826823999,1.5,1.5,True,-1.5,0.0,1.028229878,1.028229878,False,False,True,False
2022,incumbency,KY-5,KY-5,KY,-66.43949210451555,-64.93949210451555,1.5,1.5,True,-1.5,0.0,0.856654212,0.856654212,False,False,True,False
2022,incumbency,KY-6,KY-6,KY,-18.37,-16.87,1.5,1.5,True,-1.5,0.0,1.25,1.25,False,False,True,False
2022,incumbency,LA-1,LA-1,LA,-46.177892727679996,-44.677892727679996,1.5,1.5,True,-1.5,0.0,1.072122896,1.072122896,False,False,True,False
2022,incumbency,LA-2,LA-2,LA,46.900000000000006,46.900000000000006,0.0,0.0,False,0.0,0.0,1.0,1.0,False,False,False,False
2022,incumbency,LA-3,LA-3,LA,-44.214000000000006,-42.714000000000006,1.5,1.5,True,-1.5,0.0,0.55,0.55,False,False,True,False
2022,incumbency,LA-4,LA-4,LA,-30.850215455976002,-29.350215455976002,1.5,1.5,True,-1.5,0.0,0.6761254222,0.6761254222,False,False,True,False
2022,incumbency,LA-5,LA-5,LA,-35.57,-35.57,0.0,0.0,False,0.0,0.0,1.25,1.25,False,False,False,False
2022,incumbency,LA-6,LA-6,LA,-37.014,-35.514,1.5,1.5,True,-1.5,0.0,0.55,0.55,False,False,True,False
2022,incumbency,MA-1,MA-1,MA,17.6,16.1,-1.5,1.5,True,1.5,0.0,1.0,1.0,True,False,False,False
2022,incumbency,MA-2,MA-2,MA,26.87860397076,25.37860397076,-1.5,1.5,True,1.5,0.0,0.834625953,0.834625953,True,False,False,False
2022,incumbency,MA-3,MA-3,MA,23.785999999999998,22.285999999999998,-1.5,1.5,True,1.5,0.0,0.55,0.55,True,False,False,False
2022,incumbency,MA-4,MA-4,MA,24.4,22.9,-1.5,1.5,True,1.5,0.0,1.0,1.0,True,False,False,False
2022,incumbency,MA-5,MA-5,MA,47.232457190552,45.732457190552,-1.5,1.5,True,1.5,0.0,0.7847618606,0.7847618606,True,False,False,False
2022,incumbency,MA-6,MA-6,MA,23.986,22.486,-1.5,1.5,True,1.5,0.0,0.55,0.55,True,False,False,False
2022,incumbency,MA-7,MA-7,MA,68.30000000000001,66.80000000000001,-1.5,1.5,True,1.5,0.0,1.0,1.0,True,False,False,False
2022,incumbency,MA-8,MA-8,MA,31.4,29.9,-1.5,1.5,True,1.5,0.0,1.0,1.0,True,False,False,False
2022,incumbency,MA-9,MA-9,MA,14.339796506808,12.839796506808,-1.5,1.5,True,1.5,0.0,0.7779661974,0.7779661974,True,False,False,False
2022,incumbency,MD-1,MD-1,MD,-21.351781965771426,-19.851781965771426,1.5,1.5,True,-1.5,0.0,1.06084309,1.06084309,False,False,True,False
2022,incumbency,MD-2,MD-2,MD,16.32212887996,14.822128879960001,-1.5,1.5,True,1.5,0.0,0.896176963,0.896176963,True,False,False,False
2022,incumbency,MD-3,MD-3,MD,20.78875,19.28875,-1.5,1.5,True,1.5,0.0,1.25,1.25,True,False,False,False
2022,incumbency,MD-4,MD-4,MD,75.21855356641173,75.21855356641173,0.0,0.0,False,0.0,0.0,1.035757547,1.035757547,False,False,False,False
2022,incumbency,MD-5,MD-5,MD,31.47459640812,29.97459640812,-1.5,1.5,True,1.5,0.0,1.127688511,1.127688511,True,False,False,False
2022,incumbency,MD-6,MD-6,MD,5.681423979960001,4.181423979960001,-1.5,1.5,True,1.5,0.0,1.211644463,1.211644463,True,False,False,False
2022,incumbency,MD-7,MD-7,MD,60.065521207232734,58.565521207232734,-1.5,1.5,True,1.5,0.0,1.093056963,1.093056963,True,False,False,False
2022,incumbency,MD-8,MD-8,MD,56.504985359719996,55.004985359719996,-1.5,1.5,True,1.5,0.0,1.060198741,1.060198741,True,False,False,False
2022,incumbency,ME-1,ME-1,ME,18.892615670924002,17.392615670924002,-1.5,1.5,True,1.5,0.0,0.6648003047,0.6648003047,True,False,False,False
2022,incumbency,ME-2,ME-2,ME,-10.33431257136,-11.83431257136,-1.5,1.5,True,1.5,0.0,1.124363492,1.124363492,True,False,False,False
2022,incumbency,MI-1,MI-1,MI,-26.6929656605,-25.1929656605,1.5,1.5,True,-1.5,0.0,0.8083015375,0.8083015375,False,False,True,False
2022,incumbency,MI-10,MI-10,MI,-6.394139597172,-6.394139597172,0.0,0.0,False,0.0,0.0,0.8093885159,0.8093885159,False,False,False,False
2022,incumbency,MI-11,MI-11,MI,15.430000000000001,13.930000000000001,-1.5,1.5,True,1.5,0.0,1.25,1.25,True,False,False,False
2022,incumbency,MI-12,MI-12,MI,44.668501985136004,43.168501985136004,-1.5,1.5,True,1.5,0.0,0.7513870508,0.7513870508,True,False,False,False
2022,incumbency,MI-13,MI-13,MI,44.196003369079996,44.196003369079996,0.0,0.0,False,0.0,0.0,0.818515399,0.818515399,False,False,False,False
2022,incumbency,MI-2,MI-2,MI,-35.4959214176,-33.9959214176,1.5,1.5,True,-1.5,0.0,1.18140872,1.18140872,False,False,True,False
2022,incumbency,MI-3,MI-3,MI,3.0174201684560003,3.0174201684560003,0.0,0.0,False,0.0,0.0,0.8912776218,0.8912776218,False,False,False,False
2022,incumbency,MI-4,MI-4,MI,-10.514,-9.014,1.5,1.5,True,-1.5,0.0,0.55,0.55,False,False,True,False
2022,incumbency,MI-5,MI-5,MI,-30.814,-29.314,1.5,1.5,True,-1.5,0.0,0.55,0.55,False,False,True,False
2022,incumbency,MI-6,MI-6,MI,22.42988531092,20.92988531092,-1.5,1.5,True,1.5,0.0,1.157513601,1.157513601,True,False,False,False
2022,incumbency,MI-7,MI-7,MI,-3.4602588510839993,-4.960258851083999,-1.5,1.5,True,1.5,0.0,0.8706100473,0.8706100473,True,False,False,False
2022,incumbency,MI-8,MI-8,MI,-1.8994516294439996,-3.3994516294439996,-1.5,1.5,True,1.5,0.0,0.8143070643,0.8143070643,True,False,False,False
2022,incumbency,MI-9,MI-9,MI,-36.216430917791996,-34.716430917791996,1.5,1.5,True,-1.5,0.0,0.6448434424,0.6448434424,False,False,True,False
2022,incumbency,MN-1,MN-1,MN,-15.830873686503999,-14.330873686503999,1.5,1.5,True,-1.5,0.0,0.5656237838,0.5656237838,False,False,True,False
2022,incumbency,MN-2,MN-2,MN,3.0025257793600004,1.5025257793600004,-1.5,1.5,True,1.5,0.0,1.090253908,1.090253908,True,False,False,False
2022,incumbency,MN-3,MN-3,MN,16.630000000000003,15.13,-1.5000000000000018,1.5000000000000018,True,1.5,0.0,1.25,1.25,True,False,False,False
2022,incumbency,MN-4,MN-4,MN,33.676051180807995,32.176051180807995,-1.5,1.5,True,1.5,0.0,0.8369896474,0.8369896474,True,False,False,False
2022,incumbency,MN-5,MN-5,MN,59.163951635816,57.663951635816,-1.5,1.5,True,1.5,0.0,0.8481929298,0.8481929298,True,False,False,False
2022,incumbency,MN-6,MN-6,MN,-24.82364414776,-23.32364414776,1.5,1.5,True,-1.5,0.0,1.114485322,1.114485322,False,False,True,False
2022,incumbency,MN-7,MN-7,MN,-40.40840389516,-38.90840389516,1.5,1.5,True,-1.5,0.0,1.100373977,1.100373977,False,False,True,False
2022,incumbency,MN-8,MN-8,MN,-18.063710908204,-16.563710908204,1.5,1.5,True,-1.5,0.0,0.6886212113,0.6886212113,False,False,True,False
2022,incumbency,MO-1,MO-1,MO,54.343759786031995,52.843759786031995,-1.5,1.5,True,1.5,0.0,0.9594816796,0.9594816796,True,False,False,False
2022,incumbency,MO-2,MO-2,MO,-15.17,-13.67,1.5,1.5,True,-1.5,0.0,1.25,1.25,False,False,True,False
2022,incumbency,MO-3,MO-3,MO,-33.5089788688,-32.0089788688,1.5,1.5,True,-1.5,0.0,1.10090636,1.10090636,False,False,True,False
2022,incumbency,MO-4,MO-4,MO,-45.135456739999995,-45.135456739999995,0.0,0.0,False,0.0,0.0,1.2180155,1.2180155,False,False,False,False
2022,incumbency,MO-5,MO-5,MO,21.95885861736,20.45885861736,-1.5,1.5,True,1.5,0.0,1.223279058,1.223279058,True,False,False,False
2022,incumbency,MO-6,MO-6,MO,-43.974661177036005,-42.474661177036005,1.5,1.5,True,-1.5,0.0,0.7913529417,0.7913529417,False,False,True,False
2022,incumbency,MO-7,MO-7,MO,-46.703303921936005,-46.703303921936005,0.0,0.0,False,0.0,0.0,0.7252814092,0.7252814092,False,False,False,False
2022,incumbency,MO-8,MO-8,MO,-57.95341715646799,-56.45341715646799,1.5,1.5,True,-1.5,0.0,0.5864973671,0.5864973671,False,False,True,False
2022,incumbency,MS-1,MS-1,MS,-39.012252582005715,-37.512252582005715,1.5,1.5,True,-1.5,0.0,1.043256359,1.043256359,False,False,True,False
2022,incumbency,MS-2,MS-2,MS,22.987159090909092,21.487159090909092,-1.5,1.5,True,1.5,0.0,1.0,1.0,True,False,False,False
2022,incumbency,MS-3,MS-3,MS,-32.16145562786462,-30.661455627864616,1.5000000000000036,1.5000000000000036,True,-1.5,0.0,1.060019456,1.060019456,False,False,True,False
2022,incumbency,MS-4,MS-4,MS,-43.94480330376218,-43.94480330376218,0.0,0.0,False,0.0,0.0,0.9090140018,0.9090140018,False,False,False,False
2022,incumbency,MT-1,MT-1,MT,-12.5,-12.5,0.0,0.0,False,0.0,0.0,1.0,1.0,False,False,False,False
2022,incumbency,MT-2,MT-2,MT,-33.9,-32.4,1.5,1.5,True,-1.5,0.0,1.0,1.0,False,False,True,False
2022,incumbency,NC-1,NC-1,NC,3.298190411621819,3.298190411621819,0.0,0.0,False,0.0,0.0,1.013880932,1.013880932,False,False,False,False
2022,incumbency,NC-10,NC-10,NC,-46.28072340087272,-44.78072340087272,1.5,1.5,True,-1.5,0.0,1.10504692,1.10504692,False,False,True,False
2022,incumbency,NC-11,NC-11,NC,-15.014523768378181,-15.014523768378181,0.0,0.0,False,0.0,0.0,0.761764432,0.761764432,False,False,False,False
2022,incumbency,NC-12,NC-12,NC,25.735005491248,24.235005491248,-1.5,1.5,True,1.5,0.0,0.8888838044,0.8888838044,True,False,False,False
2022,incumbency,NC-13,NC-13,NC,-3.1318312615199995,-3.1318312615199995,0.0,0.0,False,0.0,0.0,1.139427094,1.139427094,False,False,False,False
2022,incumbency,NC-14,NC-14,NC,11.587499999999999,11.587499999999999,0.0,0.0,False,0.0,0.0,1.0,1.0,False,False,False,False
2022,incumbency,NC-2,NC-2,NC,25.181518292682927,23.681518292682927,-1.5,1.5,True,1.5,0.0,0.55,0.55,True,False,False,False
2022,incumbency,NC-3,NC-3,NC,-32.69625240416,-31.19625240416,1.5,1.5,True,-1.5,0.0,1.050928152,1.050928152,False,False,True,False
2022,incumbency,NC-4,NC-4,NC,29.827472999029457,29.827472999029457,0.0,0.0,False,0.0,0.0,0.9405763477,0.9405763477,False,False,False,False
2022,incumbency,NC-5,NC-5,NC,-25.90534118668,-24.40534118668,1.5,1.5,True,-1.5,0.0,1.090223321,1.090223321,False,False,True,False
2022,incumbency,NC-6,NC-6,NC,8.786000000000001,7.2860000000000005,-1.5000000000000009,1.5000000000000009,True,1.5,0.0,0.55,0.55,True,False,False,False
2022,incumbency,NC-7,NC-7,NC,-20.07,-18.57,1.5,1.5,True,-1.5,0.0,1.25,1.25,False,False,True,False
2022,incumbency,NC-8,NC-8,NC,-40.508034295360005,-39.008034295360005,1.5,1.5,True,-1.5,0.0,1.180818792,1.180818792,False,False,True,False
2022,incumbency,NC-9,NC-9,NC,-11.37,-9.87,1.5,1.5,True,-1.5,0.0,1.25,1.25,False,False,True,False
2022,incumbency,ND-AL,ND-AL,ND,-41.44,-39.94,1.5,1.5,True,-1.5,0.0,1.0,1.0,False,False,True,False
2022,incumbency,NE-1,NE-1,NE,-18.464493172528726,-16.964493172528726,1.5,1.5,True,-1.5,0.0,0.9974263382,0.9974263382,False,False,True,False
2022,incumbency,NE-2,NE-2,NE,-0.31399999999999983,1.1860000000000002,1.5,1.5,True,-1.5,0.0,0.55,0.55,False,False,True,False
2022,incumbency,NE-3,NE-3,NE,-59.81666064273974,-58.31666064273974,1.5,1.5,True,-1.5,0.0,0.9117031168,0.9117031168,False,False,True,False
2022,incumbency,NH-1,NH-1,NH,1.8729758343600007,0.3729758343600007,-1.5,1.5,True,1.5,0.0,0.932429783,0.932429783,True,False,False,False
2022,incumbency,NH-2,NH-2,NH,5.1168148752440015,3.616814875244001,-1.5000000000000004,1.5000000000000004,True,1.5,0.0,0.6140603007,0.6140603007,True,False,False,False
2022,incumbency,NJ-1,NJ-1,NJ,19.598449999999996,18.098449999999996,-1.5,1.5,True,1.5,0.0,1.25,1.25,True,False,False,False
2022,incumbency,NJ-10,NJ-10,NJ,56.92077833381201,55.42077833381201,-1.5,1.5,True,1.5,0.0,0.8048348761,0.8048348761,True,False,False,False
2022,incumbency,NJ-11,NJ-11,NJ,12.53,11.03,-1.5,1.5,True,1.5,0.0,1.25,1.25,True,False,False,False
2022,incumbency,NJ-12,NJ-12,NJ,30.23548233252,28.73548233252,-1.5,1.5,True,1.5,0.0,1.059738581,1.059738581,True,False,False,False
2022,incumbency,NJ-2,NJ-2,NJ,-12.870548780487805,-11.370548780487805,1.5,1.5,True,-1.5,0.0,1.25,1.25,False,False,True,False
2022,incumbency,NJ-3,NJ-3,NJ,10.398210868992,8.898210868992,-1.5,1.5,True,1.5,0.0,0.8789714176,0.8789714176,True,False,False,False
2022,incumbency,NJ-4,NJ-4,NJ,-31.0447,-29.5447,1.5,1.5,True,-1.5,0.0,1.25,1.25,False,False,True,False
2022,incumbency,NJ-5,NJ-5,NJ,9.566521602186288,8.066521602186286,-1.5000000000000018,1.5000000000000018,True,1.5,0.0,0.9761043366,0.9761043366,True,False,False,False
2022,incumbency,NJ-6,NJ-6,NJ,16.18716720394,14.68716720394,-1.5,1.5,True,1.5,0.0,0.7390581445,0.7390581445,True,False,False,False
2022,incumbency,NJ-7,NJ-7,NJ,-0.8943173833824389,-2.3943173833824387,-1.4999999999999998,1.4999999999999998,True,1.5,0.0,1.131876981,1.131876981,True,False,False,False
2022,incumbency,NJ-8,NJ-8,NJ,40.220072590044,40.220072590044,0.0,0.0,False,0.0,0.0,0.6723864907,0.6723864907,False,False,False,False
2022,incumbency,NJ-9,NJ-9,NJ,15.618772243983999,14.118772243983999,-1.5,1.5,True,1.5,0.0,0.8252108852,0.8252108852,True,False,False,False
2022,incumbency,NM-1,NM-1,NM,8.72637839229309,8.72637839229309,0.0,0.0,False,0.0,0.0,0.5805839802,0.5805839802,False,False,False,False
2022,incumbency,NM-2,NM-2,NM,-1.4699999999999993,0.030000000000000693,1.5,1.5,True,-1.5,0.0,1.25,1.25,False,False,True,False
2022,incumbency,NM-3,NM-3,NM,7.68832275936488,6.18832275936488,-1.5,1.5,True,1.5,0.0,1.058294193,1.058294193,True,False,False,False
2022,incumbency,NV-1,NV-1,NV,4.93314170804,3.43314170804,-1.5,1.5,True,1.5,0.0,1.025516937,1.025516937,True,False,False,False
2022,incumbency,NV-2,NV-2,NV,-18.29407370068,-16.79407370068,1.5,1.5,True,-1.5,0.0,1.179697871,1.179697871,False,False,True,False
2022,incumbency,NV-3,NV-3,NV,2.765842391304348,1.265842391304348,-1.5000000000000002,1.5000000000000002,True,1.5,0.0,1.25,1.25,True,False,False,False
2022,incumbency,NV-4,NV-4,NV,4.721582125325362,3.2215821253253623,-1.5,1.5,True,1.5,0.0,0.9638620983,0.9638620983,True,False,False,False
2022,incumbency,NY-1,NY-1,NY,-5.258172161763635,-5.258172161763635,0.0,0.0,False,0.0,0.0,1.227369005,1.227369005,False,False,False,False
2022,incumbency,NY-10,NY-10,NY,65.45261981528,65.45261981528,0.0,0.0,False,0.0,0.0,1.136463134,1.136463134,False,False,False,False
2022,incumbency,NY-11,NY-11,NY,-15.303567073170731,-13.803567073170731,1.5,1.5,True,-1.5,0.0,1.25,1.25,False,False,True,False
2022,incumbency,NY-12,NY-12,NY,67.382350703512,65.882350703512,-1.5,1.5,True,1.5,0.0,0.9237493486,0.9237493486,True,False,False,False
2022,incumbency,NY-13,NY-13,NY,73.205585413776,71.705585413776,-1.5,1.5,True,1.5,0.0,0.7170505428,0.7170505428,True,False,False,False
2022,incumbency,NY-14,NY-14,NY,52.11815385687652,50.61815385687652,-1.5,1.5,True,1.5,0.0,1.119488176,1.119488176,True,False,False,False
2022,incumbency,NY-15,NY-15,NY,67.67394120122,66.17394120122,-1.5,1.5,True,1.5,0.0,0.7914896285,0.7914896285,True,False,False,False
2022,incumbency,NY-16,NY-16,NY,41.595000000000006,40.095000000000006,-1.5,1.5,True,1.5,0.0,1.0,1.0,True,False,False,False
2022,incumbency,NY-17,NY-17,NY,4.990711873789091,3.490711873789091,-1.5,1.5,True,1.5,0.0,1.211988164,1.211988164,True,False,False,False
2022,incumbency,NY-18,NY-18,NY,4.81400848290291,4.81400848290291,0.0,0.0,False,0.0,0.0,0.5868818761,0.5868818761,False,False,False,False
2022,incumbency,NY-19,NY-19,NY,-0.2040909090909091,-0.2040909090909091,0.0,0.0,False,0.0,0.0,1.25,1.25,False,False,False,False
2022,incumbency,NY-2,NY-2,NY,-9.882225609756096,-8.382225609756096,1.5,1.5,True,-1.5,0.0,1.25,1.25,False,False,True,False
2022,incumbency,NY-20,NY-20,NY,16.335511068484,14.835511068484,-1.5,1.5,True,1.5,0.0,0.7387860477,0.7387860477,True,False,False,False
2022,incumbency,NY-21,NY-21,NY,-19.770000000000003,-18.270000000000003,1.5,1.5,True,-1.5,0.0,1.25,1.25,False,False,True,False
2022,incumbency,NY-22,NY-22,NY,3.3501427370559997,3.3501427370559997,0.0,0.0,False,0.0,0.0,0.8968585768,0.8968585768,False,False,False,False
2022,incumbency,NY-23,NY-23,NY,-24.26,-24.26,0.0,0.0,False,0.0,0.0,1.25,1.25,False,False,False,False
2022,incumbency,NY-24,NY-24,NY,-24.35625,-22.85625,1.5,1.5,True,-1.5,0.0,1.25,1.25,False,False,True,False
2022,incumbency,NY-25,NY-25,NY,15.202099148274783,13.702099148274783,-1.5,1.5,True,1.5,0.0,1.023393502,1.023393502,True,False,False,False
2022,incumbency,NY-26,NY-26,NY,21.499242233752,19.999242233752,-1.5,1.5,True,1.5,0.0,0.5921368206,0.5921368206,True,False,False,False
2022,incumbency,NY-3,NY-3,NY,4.106168662668444,4.106168662668444,0.0,0.0,False,0.0,0.0,0.9602090572,0.9602090572,False,False,False,False
2022,incumbency,NY-4,NY-4,NY,8.447130946101819,8.447130946101819,0.0,0.0,False,0.0,0.0,1.203519326,1.203519326,False,False,False,False
2022,incumbency,NY-5,NY-5,NY,57.343863636363636,55.843863636363636,-1.5,1.5,True,1.5,0.0,1.0,1.0,True,False,False,False
2022,incumbency,NY-6,NY-6,NY,28.289261363636367,26.789261363636367,-1.5,1.5,True,1.5,0.0,1.0,1.0,True,False,False,False
2022,incumbency,NY-7,NY-7,NY,58.23,56.73,-1.5,1.5,True,1.5,0.0,1.25,1.25,True,False,False,False
2022,incumbency,NY-8,NY-8,NY,49.19795731707318,47.69795731707318,-1.5,1.5,True,1.5,0.0,1.0,1.0,True,False,False,False
2022,incumbency,NY-9,NY-9,NY,48.07477272727272,46.57477272727272,-1.5,1.5,True,1.5,0.0,1.25,1.25,True,False,False,False
2022,incumbency,OH-1,OH-1,OH,1.727251657487273,3.227251657487273,1.5,1.5,True,-1.5,0.0,1.081458903,1.081458903,False,False,True,False
2022,incumbency,OH-10,OH-10,OH,-13.796349999999999,-12.296349999999999,1.5,1.5,True,-1.5,0.0,1.25,1.25,False,False,True,False
2022,incumbency,OH-11,OH-11,OH,54.18918106442472,52.68918106442472,-1.5,1.5,True,1.5,0.0,0.7551774656,0.7551774656,True,False,False,False
2022,incumbency,OH-12,OH-12,OH,-39.223369565217396,-37.723369565217396,1.5,1.5,True,-1.5,0.0,1.25,1.25,False,False,True,False
2022,incumbency,OH-13,OH-13,OH,-1.8049090909090908,-1.8049090909090908,0.0,0.0,False,0.0,0.0,0.55,0.55,False,False,False,False
2022,incumbency,OH-14,OH-14,OH,-23.631850000000004,-22.131850000000004,1.5,1.5,True,-1.5,0.0,1.25,1.25,False,False,True,False
2022,incumbency,OH-15,OH-15,OH,-14.02802629025818,-12.52802629025818,1.5,1.5,True,-1.5,0.0,1.137692693,1.137692693,False,False,True,False
2022,incumbency,OH-2,OH-2,OH,-52.980000000000004,-51.480000000000004,1.5,1.5,True,-1.5,0.0,1.25,1.25,False,False,True,False
2022,incumbency,OH-3,OH-3,OH,38.815225,37.315225,-1.5,1.5,True,1.5,0.0,1.25,1.25,True,False,False,False
2022,incumbency,OH-4,OH-4,OH,-42.307651575799994,-40.807651575799994,1.5,1.5,True,-1.5,0.0,1.019052385,1.019052385,False,False,True,False
2022,incumbency,OH-5,OH-5,OH,-35.262,-33.762,1.5,1.5,True,-1.5,0.0,1.25,1.25,False,False,True,False
2022,incumbency,OH-6,OH-6,OH,-35.19942450064,-33.69942450064,1.5,1.5,True,-1.5,0.0,0.808494908,0.808494908,False,False,True,False
2022,incumbency,OH-7,OH-7,OH,-15.082727272727272,-15.082727272727272,0.0,0.0,False,0.0,0.0,1.25,1.25,False,False,False,False
2022,incumbency,OH-8,OH-8,OH,-28.889475369964448,-27.389475369964448,1.5,1.5,True,-1.5,0.0,0.9671787127,0.9671787127,False,False,True,False
2022,incumbency,OH-9,OH-9,OH,-2.9419826851199993,-4.441982685119999,-1.5,1.5,True,1.5,0.0,0.946280264,0.946280264,True,False,False,False
2022,incumbency,OK-1,OK-1,OK,-28.77,-27.27,1.5,1.5,True,-1.5,0.0,1.25,1.25,False,False,True,False
2022,incumbency,OK-2,OK-2,OK,-55.93651515151515,-55.93651515151515,0.0,0.0,False,0.0,0.0,1.25,1.25,False,False,False,False
2022,incumbency,OK-3,OK-3,OK,-51.334378541844,-49.834378541844,1.5,1.5,True,-1.5,0.0,0.8429430943,0.8429430943,False,False,True,False
2022,incumbency,OK-4,OK-4,OK,-38.894753312880006,-37.394753312880006,1.5,1.5,True,-1.5,0.0,1.149771586,1.149771586,False,False,True,False
2022,incumbency,OK-5,OK-5,OK,-23.618019468029267,-22.118019468029267,1.5,1.5,True,-1.5,0.0,1.24683939,1.24683939,False,False,True,False
2022,incumbency,OR-1,OR-1,OR,35.395529403988,33.895529403988,-1.5,1.5,True,1.5,0.0,0.8554125889,0.8554125889,True,False,False,False
2022,incumbency,OR-2,OR-2,OR,-32.443536585365855,-30.94353658536585,1.5000000000000036,1.5000000000000036,True,-1.5,0.0,1.25,1.25,False,False,True,False
2022,incumbency,OR-3,OR-3,OR,43.518043599768,42.018043599768,-1.5,1.5,True,1.5,0.0,0.7055151854,0.7055151854,True,False,False,False
2022,incumbency,OR-4,OR-4,OR,4.044636363636364,4.044636363636364,0.0,0.0,False,0.0,0.0,0.55,0.55,False,False,False,False
2022,incumbency,OR-5,OR-5,OR,3.5497500000000004,3.5497500000000004,0.0,0.0,False,0.0,0.0,0.55,0.55,False,False,False,False
2022,incumbency,OR-6,OR-6,OR,5.995568181818181,5.995568181818181,0.0,0.0,False,0.0,0.0,1.0,1.0,False,False,False,False
2022,incumbency,PA-1,PA-1,PA,-4.861857142857143,-3.3618571428571427,1.5,1.5,True,-1.5,0.0,0.55,0.55,False,False,True,False
2022,incumbency,PA-10,PA-10,PA,-7.469999999999999,-5.969999999999999,1.5,1.5,True,-1.5,0.0,1.25,1.25,False,False,True,False
2022,incumbency,PA-11,PA-11,PA,-28.372550958217143,-26.872550958217143,1.5,1.5,True,-1.5,0.0,1.233512792,1.233512792,False,False,True,False
2022,incumbency,PA-12,PA-12,PA,10.64576533018,10.64576533018,0.0,0.0,False,0.0,0.0,0.6798469165,0.6798469165,False,False,False,False
2022,incumbency,PA-13,PA-13,PA,-52.24062726496194,-50.74062726496194,1.5,1.5,True,-1.5,0.0,0.8576234496,0.8576234496,False,False,True,False
2022,incumbency,PA-14,PA-14,PA,-37.14354545454545,-35.64354545454545,1.5,1.5,True,-1.5,0.0,0.55,0.55,False,False,True,False
2022,incumbency,PA-15,PA-15,PA,-43.694325,-42.194325,1.5,1.5,True,-1.5,0.0,0.55,0.55,False,False,True,False
2022,incumbency,PA-16,PA-16,PA,-27.004717224805706,-25.504717224805706,1.5,1.5,True,-1.5,0.0,0.8914590143,0.8914590143,False,False,True,False
2022,incumbency,PA-17,PA-17,PA,0.7801453626683637,0.7801453626683637,0.0,0.0,False,0.0,0.0,0.8620287046,0.8620287046,False,False,False,False
2022,incumbency,PA-2,PA-2,PA,40.157223404255326,38.657223404255326,-1.5,1.5,True,1.5,0.0,0.55,0.55,True,False,False,False
2022,incumbency,PA-3,PA-3,PA,76.85782427913601,75.35782427913601,-1.5,1.5,True,1.5,0.0,0.9464590008,0.9464590008,True,False,False,False
2022,incumbency,PA-4,PA-4,PA,14.53,13.03,-1.5,1.5,True,1.5,0.0,1.25,1.25,True,False,False,False
2022,incumbency,PA-5,PA-5,PA,27.520271739130433,26.020271739130433,-1.5,1.5,True,1.5,0.0,1.25,1.25,True,False,False,False
2022,incumbency,PA-6,PA-6,PA,10.080625,8.580625,-1.5,1.5,True,1.5,0.0,1.25,1.25,True,False,False,False
2022,incumbency,PA-7,PA-7,PA,-3.7962499999999997,-5.29625,-1.5,1.5,True,1.5,0.0,1.25,1.25,True,False,False,False
2022,incumbency,PA-8,PA-8,PA,-6.508749999999999,-8.00875,-1.5,1.5,True,1.5,0.0,1.25,1.25,True,False,False,False
2022,incumbency,PA-9,PA-9,PA,-43.24663753347677,-41.74663753347677,1.5,1.5,True,-1.5,0.0,0.9526228291,0.9526228291,False,False,True,False
2022,incumbency,RI-1,RI-1,RI,25.464059461528002,23.964059461528002,-1.5,1.5,True,1.5,0.0,0.5703153134,0.5703153134,True,False,False,False
2022,incumbency,RI-2,RI-2,RI,8.568431372915999,8.568431372915999,0.0,0.0,False,0.0,0.0,0.5662672473,0.5662672473,False,False,False,False
2022,incumbency,SC-1,SC-1,SC,-15.969999999999999,-14.469999999999999,1.5,1.5,True,-1.5,0.0,1.25,1.25,False,False,True,False
2022,incumbency,SC-2,SC-2,SC,-17.341279046376,-15.841279046376,1.4999999999999982,1.4999999999999982,True,-1.5,0.0,0.9799343022,0.9799343022,False,False,True,False
2022,incumbency,SC-3,SC-3,SC,-44.54439763424,-43.04439763424,1.5,1.5,True,-1.5,0.0,0.948516328,0.948516328,False,False,True,False
2022,incumbency,SC-4,SC-4,SC,-24.911614784105456,-23.411614784105456,1.5,1.5,True,-1.5,0.0,1.050527157,1.050527157,False,False,True,False
2022,incumbency,SC-5,SC-5,SC,-25.110223975072,-23.610223975072,1.5,1.5,True,-1.5,0.0,0.8242814584,0.8242814584,False,False,True,False
2022,incumbency,SC-6,SC-6,SC,27.976225,26.476225,-1.5,1.5,True,1.5,0.0,0.55,0.55,True,False,False,False
2022,incumbency,SC-7,SC-7,SC,-24.52468885777127,-24.52468885777127,0.0,0.0,False,0.0,0.0,0.7911681343,0.7911681343,False,False,False,False
2022,incumbency,SD-AL,SD-AL,SD,-33.3937306188,-31.8937306188,1.5,1.5,True,-1.5,0.0,1.08678761,1.08678761,False,False,True,False
2022,incumbency,TN-1,TN-1,TN,-61.106360546692,-59.606360546692,1.5,1.5,True,-1.5,0.0,0.8207042099,0.8207042099,False,False,True,False
2022,incumbency,TN-2,TN-2,TN,-36.236425209348,-34.736425209348,1.5,1.5,True,-1.5,0.0,0.9411344531,0.9411344531,False,False,True,False
2022,incumbency,TN-3,TN-3,TN,-38.7775916067,-37.2775916067,1.5,1.5,True,-1.5,0.0,0.7940663025,0.7940663025,False,False,True,False
2022,incumbency,TN-4,TN-4,TN,-44.511534075004,-43.011534075004,1.5,1.5,True,-1.5,0.0,0.7329019213,0.7329019213,False,False,True,False
2022,incumbency,TN-5,TN-5,TN,-16.834830074836,-16.834830074836,0.0,0.0,False,0.0,0.0,0.9396574767,0.9396574767,False,False,False,False
2022,incumbency,TN-6,TN-6,TN,-36.26973903116001,-34.76973903116001,1.5,1.5,True,-1.5,0.0,1.064573177,1.064573177,False,False,True,False
2022,incumbency,TN-7,TN-7,TN,-22.055198713367997,-20.555198713367997,1.5,1.5,True,-1.5,0.0,0.8659247346,0.8659247346,False,False,True,False
2022,incumbency,TN-8,TN-8,TN,-44.28182082190799,-42.78182082190799,1.5,1.5,True,-1.5,0.0,0.8905748351,0.8905748351,False,False,True,False
2022,incumbency,TN-9,TN-9,TN,44.443793577644,42.943793577644,-1.5,1.5,True,1.5,0.0,0.5890800207,0.5890800207,True,False,False,False
2022,incumbency,TX-1,TX-1,TX,-52.038745520984,-52.038745520984,0.0,0.0,False,0.0,0.0,0.8182828898,0.8182828898,False,False,False,False
2022,incumbency,TX-10,TX-10,TX,-26.01348707392,-24.51348707392,1.5,1.5,True,-1.5,0.0,1.105080624,1.105080624,False,False,True,False
2022,incumbency,TX-11,TX-11,TX,-47.014,-45.514,1.5,1.5,True,-1.5,0.0,0.55,0.55,False,False,True,False
2022,incumbency,TX-12,TX-12,TX,-25.645761687264002,-24.145761687264002,1.5,1.5,True,-1.5,0.0,0.8780200808,0.8780200808,False,False,True,False
2022,incumbency,TX-13,TX-13,TX,-51.02525,-49.52525,1.5,1.5,True,-1.5,0.0,0.55,0.55,False,False,True,False
2022,incumbency,TX-14,TX-14,TX,-35.563362341239994,-34.063362341239994,1.5,1.5,True,-1.5,0.0,1.014687353,1.014687353,False,False,True,False
2022,incumbency,TX-15,TX-15,TX,-7.905201886204878,-7.905201886204878,0.0,0.0,False,0.0,0.0,1.15293648,1.15293648,False,False,False,False
2022,incumbency,TX-16,TX-16,TX,30.815034274362088,29.315034274362088,-1.5,1.5,True,1.5,0.0,0.6342778458,0.6342778458,True,False,False,False
2022,incumbency,TX-17,TX-17,TX,-29.48527085123115,-27.98527085123115,1.5,1.5,True,-1.5,0.0,0.9785801814,0.9785801814,False,False,True,False
2022,incumbency,TX-18,TX-18,TX,44.677950700576,43.177950700576,-1.5,1.5,True,1.5,0.0,0.8352308328,0.8352308328,True,False,False,False
2022,incumbency,TX-19,TX-19,TX,-53.029373543624,-51.529373543624,1.5,1.5,True,-1.5,0.0,0.7494199478,0.7494199478,False,False,True,False
2022,incumbency,TX-2,TX-2,TX,-30.17,-28.67,1.5,1.5,True,-1.5,0.0,1.25,1.25,False,False,True,False
2022,incumbency,TX-20,TX-20,TX,30.87625,29.37625,-1.5,1.5,True,1.5,0.0,1.0,1.0,True,False,False,False
2022,incumbency,TX-21,TX-21,TX,-26.3875,-24.8875,1.5,1.5,True,-1.5,0.0,1.25,1.25,False,False,True,False
2022,incumbency,TX-22,TX-22,TX,-23.249026913759998,-21.749026913759998,1.5,1.5,True,-1.5,0.0,1.089376772,1.089376772,False,False,True,False
2022,incumbency,TX-23,TX-23,TX,-14.001173401615999,-12.501173401615999,1.5,1.5,True,-1.5,0.0,0.7233087052,0.7233087052,False,False,True,False
2022,incumbency,TX-24,TX-24,TX,-19.427237848183417,-17.927237848183417,1.5,1.5,True,-1.5,0.0,1.155640284,1.155640284,False,False,True,False
2022,incumbency,TX-25,TX-25,TX,-37.38061697685553,-35.88061697685553,1.5,1.5,True,-1.5,0.0,0.9865462204,0.9865462204,False,False,True,False
2022,incumbency,TX-26,TX-26,TX,-26.3425,-24.8425,1.5,1.5,True,-1.5,0.0,1.25,1.25,False,False,True,False
2022,incumbency,TX-27,TX-27,TX,-28.51557485264348,-27.01557485264348,1.5,1.5,True,-1.5,0.0,0.85500087,0.85500087,False,False,True,False
2022,incumbency,TX-28,TX-28,TX,5.525596590909091,4.025596590909091,-1.5,1.5,True,1.5,0.0,1.0,1.0,True,False,False,False
2022,incumbency,TX-29,TX-29,TX,34.918009177177225,33.418009177177225,-1.5,1.5,True,1.5,0.0,0.7178256411,0.7178256411,True,False,False,False
2022,incumbency,TX-3,TX-3,TX,-20.542840909090913,-20.542840909090913,0.0,0.0,False,0.0,0.0,1.25,1.25,False,False,False,False
2022,incumbency,TX-30,TX-30,TX,51.10000000000001,51.10000000000001,0.0,0.0,False,0.0,0.0,1.0,1.0,False,False,False,False
2022,incumbency,TX-31,TX-31,TX,-27.465675675675676,-25.965675675675676,1.5,1.5,True,-1.5,0.0,1.25,1.25,False,False,True,False
2022,incumbency,TX-32,TX-32,TX,29.051448400432,27.551448400432,-1.5,1.5,True,1.5,0.0,0.8597699996,0.8597699996,True,False,False,False
2022,incumbency,TX-33,TX-33,TX,45.95673201987114,44.45673201987114,-1.5,1.5,True,1.5,0.0,1.053665854,1.053665854,True,False,False,False
2022,incumbency,TX-34,TX-34,TX,10.664482313809714,10.664482313809714,0.0,0.0,False,0.0,0.0,0.5773642597,0.5773642597,True,False,True,False
2022,incumbency,TX-35,TX-35,TX,39.54085397928001,39.54085397928001,0.0,0.0,False,0.0,0.0,1.054764834,1.054764834,False,False,False,False
2022,incumbency,TX-36,TX-36,TX,-38.06269507781788,-36.56269507781788,1.5,1.5,True,-1.5,0.0,1.091837444,1.091837444,False,False,True,False
2022,incumbency,TX-37,TX-37,TX,47.2,47.2,0.0,0.0,False,0.0,0.0,1.0,1.0,False,False,False,False
2022,incumbency,TX-38,TX-38,TX,-23.700000000000003,-23.700000000000003,0.0,0.0,False,0.0,0.0,1.0,1.0,False,False,False,False
2022,incumbency,TX-4,TX-4,TX,-32.7484512195122,-31.248451219512194,1.5000000000000036,1.5000000000000036,True,-1.5,0.0,0.55,0.55,False,False,True,False
2022,incumbency,TX-5,TX-5,TX,-28.53704552986678,-27.03704552986678,1.5,1.5,True,-1.5,0.0,0.6600059254,0.6600059254,False,False,True,False
2022,incumbency,TX-6,TX-6,TX,-30.548490447812,-29.048490447812,1.5,1.5,True,-1.5,0.0,0.9997596739,0.9997596739,False,False,True,False
2022,incumbency,TX-7,TX-7,TX,25.297585306490436,23.797585306490436,-1.5,1.5,True,1.5,0.0,1.216607808,1.216607808,True,False,False,False
2022,incumbency,TX-8,TX-8,TX,-32.21297727272727,-32.21297727272727,0.0,0.0,False,0.0,0.0,0.55,0.55,False,False,False,False
2022,incumbency,TX-9,TX-9,TX,49.3,47.8,-1.5,1.5,True,1.5,0.0,1.0,1.0,True,False,False,False
2022,incumbency,UT-1,UT-1,UT,-23.828423076923077,-22.328423076923077,1.5,1.5,True,-1.5,0.0,0.55,0.55,False,False,True,False
2022,incumbency,UT-2,UT-2,UT,-25.209490396619806,-23.709490396619806,1.5,1.5,True,-1.5,0.0,0.8682329779,0.8682329779,False,False,True,False
2022,incumbency,UT-3,UT-3,UT,-25.832943277627997,-24.332943277627997,1.5,1.5,True,-1.5,0.0,0.6647622941,0.6647622941,False,False,True,False
2022,incumbency,UT-4,UT-4,UT,-35.647412055864,-34.147412055863995,1.500000000000007,1.500000000000007,True,-1.5,0.0,0.8992241258,0.8992241258,False,False,True,False
2022,incumbency,VA-1,VA-1,VA,-13.569999999999999,-12.069999999999999,1.5,1.5,True,-1.5,0.0,1.25,1.25,False,False,True,False
2022,incumbency,VA-10,VA-10,VA,14.025208089920001,12.525208089920001,-1.5,1.5,True,1.5,0.0,0.976659176,0.976659176,True,False,False,False
2022,incumbency,VA-11,VA-11,VA,37.225888241412,35.725888241412,-1.5,1.5,True,1.5,0.0,0.9760294061,0.9760294061,True,False,False,False
2022,incumbency,VA-2,VA-2,VA,-2.4670418821599993,-3.9670418821599993,-1.5,1.5,True,1.5,0.0,1.247261002,1.247261002,True,False,False,False
2022,incumbency,VA-3,VA-3,VA,34.3,32.8,-1.5,1.5,True,1.5,0.0,1.0,1.0,True,False,False,False
2022,incumbency,VA-4,VA-4,VA,31.330000000000002,29.830000000000002,-1.5,1.5,True,1.5,0.0,1.25,1.25,True,False,False,False
2022,incumbency,VA-5,VA-5,VA,-15.5007812692,-14.0007812692,1.5,1.5,True,-1.5,0.0,1.09331599,1.09331599,False,False,True,False
2022,incumbency,VA-6,VA-6,VA,-28.87,-27.37,1.5,1.5,True,-1.5,0.0,1.25,1.25,False,False,True,False
2022,incumbency,VA-7,VA-7,VA,2.5044924664800003,1.0044924664800001,-1.5000000000000002,1.5000000000000002,True,1.5,0.0,1.181025494,1.181025494,True,False,False,False
2022,incumbency,VA-8,VA-8,VA,52.02727604163601,50.52727604163601,-1.5,1.5,True,1.5,0.0,0.8821518133,0.8821518133,True,False,False,False
2022,incumbency,VA-9,VA-9,VA,-49.108882337320004,-47.608882337320004,1.5,1.5,True,-1.5,0.0,1.100816979,1.100816979,False,False,True,False
2022,incumbency,VT-AL,VT-AL,VT,29.73,29.73,0.0,0.0,False,0.0,0.0,1.25,1.25,False,False,False,False
2022,incumbency,WA-1,WA-1,WA,26.858946449488002,25.358946449488002,-1.5,1.5,True,1.5,0.0,0.6676421764,0.6676421764,True,False,False,False
2022,incumbency,WA-10,WA-10,WA,13.658137673644,12.158137673644,-1.5,1.5,True,1.5,0.0,0.9461688207,0.9461688207,True,False,False,False
2022,incumbency,WA-2,WA-2,WA,19.09628394596,17.59628394596,-1.5,1.5,True,1.5,0.0,0.725663013,0.725663013,True,False,False,False
2022,incumbency,WA-3,WA-3,WA,-9.92894902136,-9.92894902136,0.0,0.0,False,0.0,0.0,1.119397242,1.119397242,False,False,False,False
2022,incumbency,WA-4,WA-4,WA,-24.27302983156,-22.77302983156,1.5,1.5,True,-1.5,0.0,1.160212807,1.160212807,False,False,True,False
2022,incumbency,WA-5,WA-5,WA,-17.000052152868,-15.500052152868,1.5000000000000018,1.5000000000000018,True,-1.5,0.0,0.9074556971,0.9074556971,False,False,True,False
2022,incumbency,WA-6,WA-6,WA,13.586,12.086,-1.5,1.5,True,1.5,0.0,0.55,0.55,True,False,False,False
2022,incumbency,WA-7,WA-7,WA,71.88600000000001,70.38600000000001,-1.5,1.5,True,1.5,0.0,0.55,0.55,True,False,False,False
2022,incumbency,WA-8,WA-8,WA,2.3300000000000005,0.8300000000000005,-1.5,1.5,True,1.5,0.0,1.25,1.25,True,False,False,False
2022,incumbency,WA-9,WA-9,WA,41.444173169988005,39.944173169988005,-1.5,1.5,True,1.5,0.0,0.6813211389,0.6813211389,True,False,False,False
2022,incumbency,WI-1,WI-1,WI,-9.37,-7.869999999999999,1.5,1.5,True,-1.5,0.0,1.25,1.25,False,False,True,False
2022,incumbency,WI-2,WI-2,WI,38.186,36.686,-1.5,1.5,True,1.5,0.0,0.55,0.55,True,False,False,False
2022,incumbency,WI-3,WI-3,WI,-10.569999999999999,-10.569999999999999,0.0,0.0,False,0.0,0.0,1.25,1.25,False,False,False,False
2022,incumbency,WI-4,WI-4,WI,49.273265049628,47.773265049628,-1.5,1.5,True,1.5,0.0,0.7469768059,0.7469768059,True,False,False,False
2022,incumbency,WI-5,WI-5,WI,-29.886991877243997,-28.386991877243997,1.5,1.5,True,-1.5,0.0,0.8953628493,0.8953628493,False,False,True,False
2022,incumbency,WI-6,WI-6,WI,-22.417119592644,-20.917119592644,1.5,1.5,True,-1.5,0.0,0.6454811043,0.6454811043,False,False,True,False
2022,incumbency,WI-7,WI-7,WI,-26.727549226624,-25.227549226624,1.5,1.5,True,-1.5,0.0,0.6551381728,0.6551381728,False,False,True,False
2022,incumbency,WI-8,WI-8,WI,-22.464706684096,-20.964706684096,1.5,1.5,True,-1.5,0.0,0.8747284112,0.8747284112,False,False,True,False
2022,incumbency,WV-1,WV-1,WV,-46.15297989375914,-44.65297989375914,1.5,1.5,True,-1.5,0.0,0.8157623815,0.8157623815,False,False,True,False
2022,incumbency,WV-2,WV-2,WV,-44.1915,-42.6915,1.5,1.5,True,-1.5,0.0,0.55,0.55,False,False,True,False
2022,incumbency,WY-AL,WY-AL,WY,-49.066778651991996,-49.066778651991996,0.0,0.0,False,0.0,0.0,0.7840543074,0.7840543074,False,False,False,False
2022,district_elasticity,AK-AL,AK-AL,AK,-13.713999999999999,-14.2,-0.48600000000000065,0.48600000000000065,True,1.5,1.5,0.55,1.0,True,True,False,False
2022,district_elasticity,AL-1,AL-1,AL,-35.101768527192,-35.4,-0.29823147280799844,0.29823147280799844,True,-1.5,-1.5,0.7238597474,1.0,False,False,True,True
2022,district_elasticity,AL-2,AL-2,AL,-36.112126228736,-36.5,-0.38787377126399747,0.38787377126399747,True,-1.5,-1.5,0.6408576192,1.0,False,False,True,True
2022,district_elasticity,AL-3,AL-3,AL,-40.88513670115201,-41.053875000000005,-0.16873829884799818,0.16873829884799818,True,-1.5,-1.5,0.8437608344,1.0,False,False,True,True
2022,district_elasticity,AL-4,AL-4,AL,-68.62373126402645,-68.66778846153845,-0.044057197512003654,0.044057197512003654,True,-1.5,-1.5,0.9592062986,1.0,False,False,True,True
2022,district_elasticity,AL-5,AL-5,AL,-33.79941003492,-33.67125,0.1281600349200005,0.1281600349200005,True,0.0,0.0,1.118666699,1.0,False,False,False,False
2022,district_elasticity,AL-6,AL-6,AL,-38.08355860708,-37.97125,0.11230860708000279,0.11230860708000279,True,-1.5,-1.5,1.103989451,1.0,False,False,True,True
2022,district_elasticity,AL-7,AL-7,AL,27.9,27.9,0.0,0.0,False,1.5,1.5,1.0,1.0,True,True,False,False
2022,district_elasticity,AR-1,AR-1,AR,-48.729711538461544,-48.45971153846154,0.2700000000000031,0.2700000000000031,True,-1.5,-1.5,1.25,1.0,False,False,True,True
2022,district_elasticity,AR-2,AR-2,AR,-19.575500546692,-19.928574999999995,-0.3530744533079968,0.3530744533079968,True,-1.5,-1.5,0.6730792099,1.0,False,False,True,True
2022,district_elasticity,AR-3,AR-3,AR,-30.29910857095739,-30.766494565217393,-0.4673859942600025,0.4673859942600025,True,-1.5,-1.5,0.5672351905,1.0,False,False,True,True
2022,district_elasticity,AR-4,AR-4,AR,-42.20775,-42.693749999999994,-0.4859999999999971,0.4859999999999971,True,-1.5,-1.5,0.55,1.0,False,False,True,True
2022,district_elasticity,AZ-1,AZ-1,AZ,-4.064,-4.55,-0.48599999999999977,0.48599999999999977,True,-1.5,-1.5,0.55,1.0,False,False,True,True
2022,district_elasticity,AZ-2,AZ-2,AZ,-9.472657311248,-9.5,-0.0273426887520003,0.0273426887520003,True,0.0,0.0,0.9746826956,1.0,False,False,False,False
2022,district_elasticity,AZ-3,AZ-3,AZ,47.339094620375995,47.26125,-0.07784462037599837,0.07784462037599837,True,1.5,1.5,0.9279216478,1.0,True,True,False,False
2022,district_elasticity,AZ-4,AZ-4,AZ,6.640699814446609,6.406005434782609,-0.23469437966399997,0.23469437966399997,True,1.5,1.5,0.7826903892,1.0,True,True,False,False
2022,district_elasticity,AZ-5,AZ-5,AZ,-23.412465075411998,-23.5,-0.08753492458800238,0.08753492458800238,True,-1.5,-1.5,0.9189491439,1.0,False,False,True,True
2022,district_elasticity,AZ-6,AZ-6,AZ,-4.543893055325091,-4.745909090909091,-0.20201603558400016,0.20201603558400016,True,0.0,0.0,0.8129481152,1.0,False,False,False,False
2022,district_elasticity,AZ-7,AZ-7,AZ,28.857499999999995,28.857499999999995,0.0,0.0,False,1.5,1.5,1.0,1.0,True,True,False,False
2022,district_elasticity,AZ-8,AZ-8,AZ,-19.19,-18.92,0.2699999999999996,0.2699999999999996,True,-1.5,-1.5,1.25,1.0,False,False,True,True
2022,district_elasticity,AZ-9,AZ-9,AZ,-31.56406756756757,-32.05006756756757,-0.4859999999999971,0.4859999999999971,True,-1.5,-1.5,0.55,1.0,False,False,True,True
2022,district_elasticity,CA-1,CA-1,CA,-26.155372154680002,-26.200000000000003,-0.04462784532000086,0.04462784532000086,True,-1.5,-1.5,0.958677921,1.0,False,False,True,True
2022,district_elasticity,CA-10,CA-10,CA,34.430608506841835,34.25283783783784,-0.17777066900399774,0.17777066900399774,True,1.5,1.5,0.8353975287,1.0,True,True,False,False
2022,district_elasticity,CA-11,CA-11,CA,70.59055006643601,70.4,-0.19055006643600336,0.19055006643600336,True,1.5,1.5,0.8235647533,1.0,True,True,False,False
2022,district_elasticity,CA-12,CA-12,CA,76.88512198234001,76.60000000000001,-0.2851219823400015,0.2851219823400015,True,1.5,1.5,0.7359981645,1.0,True,True,False,False
2022,district_elasticity,CA-13,CA-13,CA,5.804466938345454,6.009545454545455,0.2050785162000004,0.2050785162000004,True,0.0,0.0,1.189887515,1.0,False,False,False,False
2022,district_elasticity,CA-14,CA-14,CA,41.862076137108005,41.400000000000006,-0.46207613710799933,0.46207613710799933,True,1.5,1.5,0.5721517249,1.0,True,True,False,False
2022,district_elasticity,CA-15,CA-15,CA,50.530552117816,50.125,-0.40555211781600065,0.40555211781600065,True,0.0,0.0,0.6244887798,1.0,False,False,False,False
2022,district_elasticity,CA-16,CA-16,CA,49.086915147156006,48.900000000000006,-0.18691514715600022,0.18691514715600022,True,1.5,1.5,0.8269304193,1.0,True,True,False,False
2022,district_elasticity,CA-17,CA-17,CA,39.7795652173913,40.049565217391304,0.2700000000000031,0.2700000000000031,True,1.5,1.5,1.25,1.0,True,True,False,False
2022,district_elasticity,CA-18,CA-18,CA,38.47124808449543,38.36982142857143,-0.10142665592400135,0.10142665592400135,True,1.5,1.5,0.9060864297,1.0,True,True,False,False
2022,district_elasticity,CA-19,CA-19,CA,36.174413887936,35.71,-0.46441388793599714,0.46441388793599714,True,1.5,1.5,0.5699871408,1.0,True,True,False,False
2022,district_elasticity,CA-2,CA-2,CA,45.569950000000006,45.08395000000001,-0.4859999999999971,0.4859999999999971,True,1.5,1.5,0.55,1.0,True,True,False,False
2022,district_elasticity,CA-20,CA-20,CA,-32.0,-32.0,0.0,0.0,False,-1.5,-1.5,1.0,1.0,False,False,True,True
2022,district_elasticity,CA-21,CA-21,CA,14.874041215583999,14.773050000000003,-0.1009912155839956,0.1009912155839956,True,1.5,1.5,0.9064896152,1.0,True,True,False,False
2022,district_elasticity,CA-22,CA-22,CA,3.919300000000001,4.189300000000001,0.27,0.27,True,-1.5,-1.5,1.25,1.0,False,False,True,True
2022,district_elasticity,CA-23,CA-23,CA,-16.988506862636683,-17.00307926829268,-0.014572405655997045,0.014572405655997045,True,-1.5,-1.5,0.9865070318,1.0,False,False,True,True
2022,district_elasticity,CA-24,CA-24,CA,23.935537623499428,23.842321428571427,-0.09321619492800082,0.09321619492800082,True,1.5,1.5,0.9136887084,1.0,True,True,False,False
2022,district_elasticity,CA-25,CA-25,CA,12.519175,12.789175,0.2699999999999996,0.2699999999999996,True,1.5,1.5,1.25,1.0,True,True,False,False
2022,district_elasticity,CA-26,CA-26,CA,16.075755879756002,15.9,-0.17575587975600193,0.17575587975600193,True,1.5,1.5,0.8372630743,1.0,True,True,False,False
2022,district_elasticity,CA-27,CA-27,CA,5.371250000000001,5.64125,0.2699999999999996,0.2699999999999996,True,-1.5,-1.5,1.25,1.0,False,False,True,True
2022,district_elasticity,CA-28,CA-28,CA,30.41334246390489,30.18788888888889,-0.22545357501600094,0.22545357501600094,True,1.5,1.5,0.7912466898,1.0,True,True,False,False
2022,district_elasticity,CA-29,CA-29,CA,47.620000000000005,47.620000000000005,0.0,0.0,False,1.5,1.5,1.0,1.0,True,True,False,False
2022,district_elasticity,CA-3,CA-3,CA,-7.5731662279759995,-7.885624999999999,-0.31245877202399974,0.31245877202399974,True,0.0,0.0,0.7106863222,1.0,False,False,False,False
2022,district_elasticity,CA-30,CA-30,CA,41.361247861384,41.260000000000005,-0.101247861383996,0.101247861383996,True,1.5,1.5,0.9062519802,1.0,True,True,False,False
2022,district_elasticity,CA-31,CA-31,CA,24.412831262599152,24.08651515151515,-0.32631611108400094,0.32631611108400094,True,1.5,1.5,0.6978554527,1.0,True,True,False,False
2022,district_elasticity,CA-32,CA-32,CA,34.9027497952,35.093500000000006,0.19075020480000404,0.19075020480000404,True,1.5,1.5,1.17662056,1.0,True,True,False,False
2022,district_elasticity,CA-33,CA-33,CA,20.73860798552,20.806775000000002,0.06816701448000018,0.06816701448000018,True,1.5,1.5,1.063117606,1.0,True,True,False,False
2022,district_elasticity,CA-34,CA-34,CA,60.10000000000001,60.10000000000001,0.0,0.0,False,1.5,1.5,1.0,1.0,True,True,False,False
2022,district_elasticity,CA-35,CA-35,CA,23.31957142857143,22.833571428571428,-0.48600000000000065,0.48600000000000065,True,0.0,0.0,0.55,1.0,False,False,False,False
2022,district_elasticity,CA-36,CA-36,CA,39.358824999999996,38.872825,-0.4859999999999971,0.4859999999999971,True,1.5,1.5,0.55,1.0,True,True,False,False
2022,district_elasticity,CA-37,CA-37,CA,67.82754269072,67.7,-0.12754269071999147,0.12754269071999147,True,0.0,0.0,0.881904916,1.0,False,False,False,False
2022,district_elasticity,CA-38,CA-38,CA,26.03062450008,26.1,0.06937549992000314,0.06937549992000314,True,1.5,1.5,1.064236574,1.0,True,True,False,False
2022,district_elasticity,CA-39,CA-39,CA,21.157225,21.427225,0.2699999999999996,0.2699999999999996,True,1.5,1.5,1.25,1.0,True,True,False,False
2022,district_elasticity,CA-4,CA-4,CA,32.31769886363636,32.58769886363636,0.2700000000000031,0.2700000000000031,True,1.5,1.5,1.25,1.0,True,True,False,False
2022,district_elasticity,CA-40,CA-40,CA,-3.9216249999999993,-3.9216249999999993,0.0,0.0,False,-1.5,-1.5,1.0,1.0,False,False,True,True
2022,district_elasticity,CA-41,CA-41,CA,-8.987474216939999,-9.223125,-0.23565078306000053,0.23565078306000053,True,-1.5,-1.5,0.7818048305,1.0,False,False,True,True
2022,district_elasticity,CA-42,CA-42,CA,39.822110423795635,39.79511363636364,-0.026996787431997404,0.026996787431997404,True,0.0,0.0,0.9750029746,1.0,False,False,False,False
2022,district_elasticity,CA-43,CA-43,CA,58.20185805433715,58.20910714285715,0.007249088519998281,0.007249088519998281,True,1.5,1.5,1.006712119,1.0,True,True,False,False
2022,district_elasticity,CA-44,CA-44,CA,44.7021590909091,44.7021590909091,0.0,0.0,False,1.5,1.5,1.0,1.0,True,True,False,False
2022,district_elasticity,CA-45,CA-45,CA,-0.14624999999999955,0.12375000000000047,0.27,0.27,True,-1.5,-1.5,1.25,1.0,False,False,True,True
2022,district_elasticity,CA-46,CA-46,CA,28.870622826188868,28.753043478260867,-0.11757934792800029,0.11757934792800029,True,1.5,1.5,0.8911302334,1.0,True,True,False,False
2022,district_elasticity,CA-47,CA-47,CA,7.1504781885640005,6.8950000000000005,-0.25547818856400006,0.25547818856400006,True,1.5,1.5,0.7634461217,1.0,True,True,False,False
2022,district_elasticity,CA-48,CA-48,CA,-19.67,-19.4,0.2700000000000031,0.2700000000000031,True,-1.5,-1.5,1.25,1.0,False,False,True,True
2022,district_elasticity,CA-49,CA-49,CA,6.267992848443479,6.489673913043479,0.22168106460000025,0.22168106460000025,True,1.5,1.5,1.205260245,1.0,True,True,False,False
2022,district_elasticity,CA-5,CA-5,CA,-19.403214285714284,-19.403214285714284,0.0,0.0,False,-1.5,-1.5,1.0,1.0,False,False,True,True
2022,district_elasticity,CA-50,CA-50,CA,27.752975,28.022975,0.2699999999999996,0.2699999999999996,True,1.5,1.5,1.25,1.0,True,True,False,False
2022,district_elasticity,CA-51,CA-51,CA,21.41759769257382,21.073181818181823,-0.3444158743919985,0.3444158743919985,True,0.0,0.0,0.6810964126,1.0,False,False,False,False
2022,district_elasticity,CA-52,CA-52,CA,33.25637950036,33.269875,0.013495499640001185,0.013495499640001185,True,1.5,1.5,1.012495833,1.0,True,True,False,False
2022,district_elasticity,CA-6,CA-6,CA,14.163378174212362,14.048636363636362,-0.11474181057599964,0.11474181057599964,True,1.5,1.5,0.8937575828,1.0,True,True,False,False
2022,district_elasticity,CA-7,CA-7,CA,33.88902824668934,33.57658333333334,-0.31244491335600344,0.31244491335600344,True,1.5,1.5,0.7106991543,1.0,True,True,False,False
2022,district_elasticity,CA-8,CA-8,CA,49.65312121212121,49.92312121212122,0.2700000000000031,0.2700000000000031,True,1.5,1.5,1.25,1.0,True,True,False,False
2022,district_elasticity,CA-9,CA-9,CA,8.002746749578783,7.611739130434783,-0.3910076191440002,0.3910076191440002,True,0.0,0.0,0.6379559082,1.0,False,False,False,False
2022,district_elasticity,CO-1,CO-1,CO,57.306949436804004,57.2,-0.10694943680400115,0.10694943680400115,True,1.5,1.5,0.9009727437,1.0,True,True,False,False
2022,district_elasticity,CO-2,CO-2,CO,35.371465285146606,35.23163043478261,-0.13983485036399657,0.13983485036399657,True,1.5,1.5,0.8705232867,1.0,True,True,False,False
2022,district_elasticity,CO-3,CO-3,CO,-13.682260456732,-13.74625,-0.06398954326800066,0.06398954326800066,True,-1.5,-1.5,0.9407504229,1.0,False,False,True,True
2022,district_elasticity,CO-4,CO-4,CO,-23.764339880365856,-23.538536585365858,0.22580329499999863,0.22580329499999863,True,-1.5,-1.5,1.209077125,1.0,False,False,True,True
2022,district_elasticity,CO-5,CO-5,CO,-17.814408417796,-17.8825,-0.06809158220400136,0.06809158220400136,True,-1.5,-1.5,0.9369522387,1.0,False,False,True,True
2022,district_elasticity,CO-6,CO-6,CO,19.115743773434783,19.209239130434785,0.09349535700000189,0.09349535700000189,True,1.5,1.5,1.086569775,1.0,True,True,False,False
2022,district_elasticity,CO-7,CO-7,CO,8.450593997732364,8.374886363636364,-0.07570763409600012,0.07570763409600012,True,0.0,0.0,0.9299003388,1.0,False,False,False,False
2022,district_elasticity,CO-8,CO-8,CO,-1.55125,-1.55125,0.0,0.0,False,0.0,0.0,1.0,1.0,False,False,False,False
2022,district_elasticity,CT-1,CT-1,CT,24.171549340560002,24.0,-0.17154934056000215,0.17154934056000215,True,1.5,1.5,0.841158018,1.0,True,True,False,False
2022,district_elasticity,CT-2,CT-2,CT,7.501389613336,7.300000000000001,-0.20138961333599958,0.20138961333599958,True,1.5,1.5,0.8135281358,1.0,True,True,False,False
2022,district_elasticity,CT-3,CT-3,CT,15.872644149852,15.6,-0.2726441498520007,0.2726441498520007,True,1.5,1.5,0.7475517131,1.0,True,True,False,False
2022,district_elasticity,CT-4,CT-4,CT,27.034057575044,26.9,-0.1340575750440003,0.1340575750440003,True,1.5,1.5,0.8758726157,1.0,True,True,False,False
2022,district_elasticity,CT-5,CT-5,CT,7.085999999999999,6.6,-0.48599999999999977,0.48599999999999977,True,1.5,1.5,0.55,1.0,True,True,False,False
2022,district_elasticity,DE-AL,DE-AL,DE,14.783043257600001,14.9,0.11695674239999931,0.11695674239999931,True,1.5,1.5,1.10829328,1.0,True,True,False,False
2022,district_elasticity,FL-1,FL-1,FL,-39.171717213891995,-39.39999999999999,-0.22828278610799657,0.22828278610799657,True,-1.5,-1.5,0.7886270499,1.0,False,False,True,True
2022,district_elasticity,FL-10,FL-10,FL,25.93,26.200000000000003,0.2700000000000031,0.2700000000000031,True,0.0,0.0,1.25,1.0,False,False,False,False
2022,district_elasticity,FL-11,FL-11,FL,-17.708349671568,-18.0,-0.2916503284319987,0.2916503284319987,True,-1.5,-1.5,0.7299533996,1.0,False,False,True,True
2022,district_elasticity,FL-12,FL-12,FL,-36.07,-35.8,0.2700000000000031,0.2700000000000031,True,-1.5,-1.5,1.25,1.0,False,False,True,True
2022,district_elasticity,FL-13,FL-13,FL,-12.598027721080001,-12.4,0.19802772108000077,0.19802772108000077,True,0.0,0.0,1.183359001,1.0,False,False,False,False
2022,district_elasticity,FL-14,FL-14,FL,15.000000000000002,15.000000000000002,0.0,0.0,False,1.5,1.5,1.0,1.0,True,True,False,False
2022,district_elasticity,FL-15,FL-15,FL,-8.80275426244,-8.8,0.002754262439999877,0.002754262439999877,True,0.0,0.0,1.002550243,1.0,False,False,False,False
2022,district_elasticity,FL-16,FL-16,FL,-16.1706528574,-16.0,0.17065285740000036,0.17065285740000036,True,-1.5,-1.5,1.158011905,1.0,False,False,True,True
2022,district_elasticity,FL-17,FL-17,FL,-22.95529683018,-23.1,-0.14470316982000142,0.14470316982000142,True,-1.5,-1.5,0.8660155835,1.0,False,False,True,True
2022,district_elasticity,FL-18,FL-18,FL,-29.414,-29.9,-0.4859999999999971,0.4859999999999971,True,-1.5,-1.5,0.55,1.0,False,False,True,True
2022,district_elasticity,FL-19,FL-19,FL,-26.363111190692,-26.6,-0.23688880930800238,0.23688880930800238,True,0.0,0.0,0.7806585099,1.0,False,False,False,False
2022,district_elasticity,FL-2,FL-2,FL,-16.114,-16.6,-0.48600000000000065,0.48600000000000065,True,0.0,0.0,0.55,1.0,True,True,True,True
2022,district_elasticity,FL-20,FL-20,FL,48.785999999999994,48.3,-0.4859999999999971,0.4859999999999971,True,1.5,1.5,0.55,1.0,True,True,False,False
2022,district_elasticity,FL-21,FL-21,FL,-16.5,-16.5,0.0,0.0,False,-1.5,-1.5,1.0,1.0,False,False,True,True
2022,district_elasticity,FL-22,FL-22,FL,13.906963865412003,13.500000000000002,-0.4069638654120009,0.4069638654120009,True,1.5,1.5,0.6231816061,1.0,True,True,False,False
2022,district_elasticity,FL-23,FL-23,FL,7.862450702692,7.6,-0.262450702692,0.262450702692,True,0.0,0.0,0.7569900901,1.0,False,False,False,False
2022,district_elasticity,FL-24,FL-24,FL,45.0,45.0,0.0,0.0,False,1.5,1.5,1.0,1.0,True,True,False,False
2022,district_elasticity,FL-25,FL-25,FL,16.126689249464,15.799999999999999,-0.32668924946400146,0.32668924946400146,True,1.5,1.5,0.6975099542,1.0,True,True,False,False
2022,district_elasticity,FL-26,FL-26,FL,-25.55147083484,-25.4,0.15147083484000134,0.15147083484000134,True,-1.5,-1.5,1.140250773,1.0,False,False,True,True
2022,district_elasticity,FL-27,FL-27,FL,-7.67,-7.3999999999999995,0.27000000000000046,0.27000000000000046,True,-1.5,-1.5,1.25,1.0,False,False,True,True
2022,district_elasticity,FL-28,FL-28,FL,-13.4,-13.4,0.0,0.0,False,-1.5,-1.5,1.0,1.0,False,False,True,True
2022,district_elasticity,FL-3,FL-3,FL,-20.865190129663997,-21.199999999999996,-0.33480987033599874,0.33480987033599874,True,-1.5,-1.5,0.6899908608,1.0,False,False,True,True
2022,district_elasticity,FL-4,FL-4,FL,-11.895734396219998,-12.299999999999999,-0.40426560378000076,0.40426560378000076,True,0.0,0.0,0.6256799965,1.0,False,False,False,False
2022,district_elasticity,FL-5,FL-5,FL,-22.85784240088,-22.9,-0.04215759911999939,0.04215759911999939,True,-1.5,-1.5,0.960965186,1.0,False,False,True,True
2022,district_elasticity,FL-6,FL-6,FL,-30.8362658546,-30.799999999999997,0.03626585460000342,0.03626585460000342,True,-1.5,-1.5,1.033579495,1.0,False,False,True,True
2022,district_elasticity,FL-7,FL-7,FL,-11.37,-11.1,0.2699999999999996,0.2699999999999996,True,0.0,0.0,1.25,1.0,False,False,False,False
2022,district_elasticity,FL-8,FL-8,FL,-24.696832022284003,-24.700000000000003,-0.003167977716000081,0.003167977716000081,True,-1.5,-1.5,0.9970666873,1.0,False,False,True,True
2022,district_elasticity,FL-9,FL-9,FL,13.404848474787999,13.299999999999999,-0.10484847478799963,0.10484847478799963,True,1.5,1.5,0.9029180789,1.0,True,True,False,False
2022,district_elasticity,GA-1,GA-1,GA,-20.014000000000003,-20.5,-0.4859999999999971,0.4859999999999971,True,-1.5,-1.5,0.55,1.0,False,False,True,True
2022,district_elasticity,GA-10,GA-10,GA,-28.514,-29.0,-0.48600000000000065,0.48600000000000065,True,0.0,0.0,0.55,1.0,False,False,False,False
2022,district_elasticity,GA-11,GA-11,GA,-22.279530101948,-22.4,-0.12046989805199715,0.12046989805199715,True,-1.5,-1.5,0.8884537981,1.0,False,False,True,True
2022,district_elasticity,GA-12,GA-12,GA,-17.299933630168,-17.5234,-0.22346636983199986,0.22346636983199986,True,-1.5,-1.5,0.7930866946,1.0,False,False,True,True
2022,district_elasticity,GA-13,GA-13,GA,57.17099999999999,56.684999999999995,-0.4859999999999971,0.4859999999999971,True,1.5,1.5,0.55,1.0,True,True,False,False
2022,district_elasticity,GA-14,GA-14,GA,-41.014,-41.5,-0.4859999999999971,0.4859999999999971,True,-1.5,-1.5,0.55,1.0,False,False,True,True
2022,district_elasticity,GA-2,GA-2,GA,7.404198648500001,7.032125000000001,-0.3720736485000007,0.3720736485000007,True,1.5,1.5,0.6554873625,1.0,True,True,False,False
2022,district_elasticity,GA-3,GA-3,GA,-36.664319423988005,-36.99,-0.3256805760119974,0.3256805760119974,True,-1.5,-1.5,0.6984439111,1.0,False,False,True,True
2022,district_elasticity,GA-4,GA-4,GA,53.86593064826172,53.52928571428572,-0.3366449339759967,0.3366449339759967,True,1.5,1.5,0.6882917278,1.0,True,True,False,False
2022,district_elasticity,GA-5,GA-5,GA,62.21368902439025,62.21368902439025,0.0,0.0,False,1.5,1.5,1.0,1.0,True,True,False,False
2022,district_elasticity,GA-6,GA-6,GA,-20.76666402704174,-20.60671195652174,0.15995207052000282,0.15995207052000282,True,0.0,0.0,1.148103769,1.0,False,False,False,False
2022,district_elasticity,GA-7,GA-7,GA,21.0403720864761,21.268475609756102,0.2281035232800015,0.2281035232800015,True,1.5,1.5,1.211206966,1.0,True,True,False,False
2022,district_elasticity,GA-8,GA-8,GA,-34.83602272727273,-34.83602272727273,0.0,0.0,False,-1.5,-1.5,1.0,1.0,False,False,True,True
2022,district_elasticity,GA-9,GA-9,GA,-44.574895283890534,-44.752865853658534,-0.17797056976800008,0.17797056976800008,True,-1.5,-1.5,0.8352124354,1.0,False,False,True,True
2022,district_elasticity,HI-1,HI-1,HI,25.111008889479997,25.299999999999997,0.18899111051999995,0.18899111051999995,True,1.5,1.5,1.174991769,1.0,True,True,False,False
2022,district_elasticity,HI-2,HI-2,HI,24.345033755252,23.9,-0.44503375525200184,0.44503375525200184,True,0.0,0.0,0.5879317081,1.0,False,False,False,False
2022,district_elasticity,IA-1,IA-1,IA,-8.501249999999999,-8.23125,0.2699999999999996,0.2699999999999996,True,-1.5,-1.5,1.25,1.0,False,False,True,True
2022,district_elasticity,IA-2,IA-2,IA,-11.5017163738,-11.5,0.001716373800000781,0.001716373800000781,True,-1.5,-1.5,1.001589235,1.0,False,False,True,True
2022,district_elasticity,IA-3,IA-3,IA,-3.4190399996905447,-3.471704545454545,-0.05266454576400026,0.05266454576400026,True,1.5,1.5,0.9512365317,1.0,True,True,False,False
2022,district_elasticity,IA-4,IA-4,IA,-33.370000000000005,-33.1,0.2700000000000031,0.2700000000000031,True,-1.5,-1.5,1.25,1.0,False,False,True,True
2022,district_elasticity,ID-1,ID-1,ID,-44.814691699604744,-45.30069169960474,-0.4859999999999971,0.4859999999999971,True,-1.5,-1.5,0.55,1.0,False,False,True,True
2022,district_elasticity,ID-2,ID-2,ID,-29.615254787363998,-29.86035,-0.2450952126360022,0.2450952126360022,True,-1.5,-1.5,0.7730599883,1.0,False,False,True,True
2022,district_elasticity,IL-1,IL-1,IL,35.74197028282217,35.66806818181818,-0.07390210100399486,0.07390210100399486,True,0.0,0.0,0.9315721287,1.0,False,False,False,False
2022,district_elasticity,IL-10,IL-10,IL,20.475799999999996,20.745799999999996,0.2699999999999996,0.2699999999999996,True,1.5,1.5,1.25,1.0,True,True,False,False
2022,district_elasticity,IL-11,IL-11,IL,10.542018391720001,10.5721,0.030081608279999728,0.030081608279999728,True,1.5,1.5,1.027853341,1.0,True,True,False,False
2022,district_elasticity,IL-12,IL-12,IL,-50.412549999999996,-50.14254999999999,0.2700000000000031,0.2700000000000031,True,-1.5,-1.5,1.25,1.0,False,False,True,True
2022,district_elasticity,IL-13,IL-13,IL,6.42375,6.69375,0.2699999999999996,0.2699999999999996,True,0.0,0.0,1.25,1.0,False,False,False,False
2022,district_elasticity,IL-14,IL-14,IL,7.697608695652175,7.967608695652174,0.2699999999999996,0.2699999999999996,True,1.5,1.5,1.25,1.0,True,True,False,False
2022,district_elasticity,IL-15,IL-15,IL,-45.65320784408,-45.41375,0.23945784408000037,0.23945784408000037,True,-1.5,-1.5,1.221720226,1.0,False,False,True,True
2022,district_elasticity,IL-16,IL-16,IL,-31.050560344827588,-30.780560344827588,0.2699999999999996,0.2699999999999996,True,-1.5,-1.5,1.25,1.0,False,False,True,True
2022,district_elasticity,IL-17,IL-17,IL,2.4218546205327276,2.2922727272727275,-0.12958189326000014,0.12958189326000014,True,0.0,0.0,0.8800167655,1.0,False,False,False,False
2022,district_elasticity,IL-2,IL-2,IL,36.386,35.900000000000006,-0.4859999999999971,0.4859999999999971,True,1.5,1.5,0.55,1.0,True,True,False,False
2022,district_elasticity,IL-3,IL-3,IL,35.322386363636355,35.59238636363636,0.2700000000000031,0.2700000000000031,True,0.0,0.0,1.25,1.0,False,False,False,False
2022,district_elasticity,IL-4,IL-4,IL,44.14518125508,44.2425,0.09731874492000259,0.09731874492000259,True,1.5,1.5,1.090109949,1.0,True,True,False,False
2022,district_elasticity,IL-5,IL-5,IL,34.71377060410667,34.78156666666666,0.06779606255999227,0.06779606255999227,True,1.5,1.5,1.062774132,1.0,True,True,False,False
2022,district_elasticity,IL-6,IL-6,IL,5.756195652173914,6.0261956521739135,0.2699999999999996,0.2699999999999996,True,1.5,1.5,1.25,1.0,True,True,False,False
2022,district_elasticity,IL-7,IL-7,IL,68.445753426384,68.28,-0.1657534263840006,0.1657534263840006,True,1.5,1.5,0.8465246052,1.0,True,True,False,False
2022,district_elasticity,IL-8,IL-8,IL,11.334470842976001,11.3,-0.03447084297600078,0.03447084297600078,True,1.5,1.5,0.9680825528,1.0,True,True,False,False
2022,district_elasticity,IL-9,IL-9,IL,35.433130391844,35.37375,-0.05938039184400168,0.05938039184400168,True,1.5,1.5,0.9450181557,1.0,True,True,False,False
2022,district_elasticity,IN-1,IN-1,IN,4.892408536585367,5.1624085365853665,0.2699999999999996,0.2699999999999996,True,1.5,1.5,1.25,1.0,True,True,False,False
2022,district_elasticity,IN-2,IN-2,IN,-28.847840909090912,-28.577840909090913,0.2699999999999996,0.2699999999999996,True,0.0,0.0,1.25,1.0,False,False,False,False
2022,district_elasticity,IN-3,IN-3,IN,-38.12739084328,-37.885,0.24239084327999905,0.24239084327999905,True,-1.5,-1.5,1.224435966,1.0,False,False,True,True
2022,district_elasticity,IN-4,IN-4,IN,-36.30005510029375,-36.464211956521744,-0.16415685622799714,0.16415685622799714,True,-1.5,-1.5,0.8480029109,1.0,False,False,True,True
2022,district_elasticity,IN-5,IN-5,IN,-23.063815513689757,-22.950060975609755,0.11375453808000202,0.11375453808000202,True,-1.5,-1.5,1.105328276,1.0,False,False,True,True
2022,district_elasticity,IN-6,IN-6,IN,-38.8528968966,-38.65875,0.19414689660000306,0.19414689660000306,True,-1.5,-1.5,1.179765645,1.0,False,False,True,True
2022,district_elasticity,IN-7,IN-7,IN,37.44742998811999,37.495625,0.0481950118800043,0.0481950118800043,True,1.5,1.5,1.044625011,1.0,True,True,False,False
2022,district_elasticity,IN-8,IN-8,IN,-40.93688779333199,-40.94999999999999,-0.013112206667997839,0.013112206667997839,True,-1.5,-1.5,0.9878590679,1.0,False,False,True,True
2022,district_elasticity,IN-9,IN-9,IN,-32.94409090909091,-32.67409090909091,0.2700000000000031,0.2700000000000031,True,0.0,0.0,1.25,1.0,False,False,False,False
2022,district_elasticity,KS-1,KS-1,KS,-36.772825594480004,-36.7,0.07282559448000114,0.07282559448000114,True,-1.5,-1.5,1.067431106,1.0,False,False,True,True
2022,district_elasticity,KS-2,KS-2,KS,-23.67,-23.4,0.2700000000000031,0.2700000000000031,True,-1.5,-1.5,1.25,1.0,False,False,True,True
2022,district_elasticity,KS-3,KS-3,KS,0.13000000000000034,0.40000000000000036,0.27,0.27,True,1.5,1.5,1.25,1.0,True,True,False,False
2022,district_elasticity,KS-4,KS-4,KS,-28.82322765396,-28.799999999999997,0.023227653960002925,0.023227653960002925,True,-1.5,-1.5,1.021507087,1.0,False,False,True,True
2022,district_elasticity,KY-1,KY-1,KY,-49.656574297577144,-49.60660714285714,0.049967154720000906,0.049967154720000906,True,-1.5,-1.5,1.046265884,1.0,False,False,True,True
2022,district_elasticity,KY-2,KY-2,KY,-44.266977791908594,-44.27361702127659,-0.006639229367998212,0.006639229367998212,True,-1.5,-1.5,0.9938525654,1.0,False,False,True,True
2022,district_elasticity,KY-3,KY-3,KY,18.056227272727273,17.570227272727276,-0.4859999999999971,0.4859999999999971,True,0.0,0.0,0.55,1.0,False,False,False,False
2022,district_elasticity,KY-4,KY-4,KY,-39.63048826823999,-39.599999999999994,0.030488268239999172,0.030488268239999172,True,-1.5,-1.5,1.028229878,1.0,False,False,True,True
2022,district_elasticity,KY-5,KY-5,KY,-66.43949210451555,-66.59430555555555,-0.154813451039999,0.154813451039999,True,-1.5,-1.5,0.856654212,1.0,False,False,True,True
2022,district_elasticity,KY-6,KY-6,KY,-18.37,-18.1,0.2699999999999996,0.2699999999999996,True,-1.5,-1.5,1.25,1.0,False,False,True,True
2022,district_elasticity,LA-1,LA-1,LA,-46.177892727679996,-46.099999999999994,0.07789272768000188,0.07789272768000188,True,-1.5,-1.5,1.072122896,1.0,False,False,True,True
2022,district_elasticity,LA-2,LA-2,LA,46.900000000000006,46.900000000000006,0.0,0.0,False,0.0,0.0,1.0,1.0,False,False,False,False
2022,district_elasticity,LA-3,LA-3,LA,-44.214000000000006,-44.7,-0.4859999999999971,0.4859999999999971,True,-1.5,-1.5,0.55,1.0,False,False,True,True
2022,district_elasticity,LA-4,LA-4,LA,-30.850215455976002,-31.200000000000003,-0.3497845440240006,0.3497845440240006,True,-1.5,-1.5,0.6761254222,1.0,False,False,True,True
2022,district_elasticity,LA-5,LA-5,LA,-35.57,-35.3,0.2700000000000031,0.2700000000000031,True,0.0,0.0,1.25,1.0,False,False,False,False
2022,district_elasticity,LA-6,LA-6,LA,-37.014,-37.5,-0.4859999999999971,0.4859999999999971,True,-1.5,-1.5,0.55,1.0,False,False,True,True
2022,district_elasticity,MA-1,MA-1,MA,17.6,17.6,0.0,0.0,False,1.5,1.5,1.0,1.0,True,True,False,False
2022,district_elasticity,MA-2,MA-2,MA,26.87860397076,26.700000000000003,-0.17860397075999757,0.17860397075999757,True,1.5,1.5,0.834625953,1.0,True,True,False,False
2022,district_elasticity,MA-3,MA-3,MA,23.785999999999998,23.299999999999997,-0.48600000000000065,0.48600000000000065,True,1.5,1.5,0.55,1.0,True,True,False,False
2022,district_elasticity,MA-4,MA-4,MA,24.4,24.4,0.0,0.0,False,1.5,1.5,1.0,1.0,True,True,False,False
2022,district_elasticity,MA-5,MA-5,MA,47.232457190552,47.0,-0.23245719055199743,0.23245719055199743,True,1.5,1.5,0.7847618606,1.0,True,True,False,False
2022,district_elasticity,MA-6,MA-6,MA,23.986,23.5,-0.48600000000000065,0.48600000000000065,True,1.5,1.5,0.55,1.0,True,True,False,False
2022,district_elasticity,MA-7,MA-7,MA,68.30000000000001,68.30000000000001,0.0,0.0,False,1.5,1.5,1.0,1.0,True,True,False,False
2022,district_elasticity,MA-8,MA-8,MA,31.4,31.4,0.0,0.0,False,1.5,1.5,1.0,1.0,True,True,False,False
2022,district_elasticity,MA-9,MA-9,MA,14.339796506808,14.1,-0.23979650680800013,0.23979650680800013,True,1.5,1.5,0.7779661974,1.0,True,True,False,False
2022,district_elasticity,MD-1,MD-1,MD,-21.351781965771426,-21.28607142857143,0.06571053719999753,0.06571053719999753,True,-1.5,-1.5,1.06084309,1.0,False,False,True,True
2022,district_elasticity,MD-2,MD-2,MD,16.32212887996,16.210000000000004,-0.11212887995999665,0.11212887995999665,True,1.5,1.5,0.896176963,1.0,True,True,False,False
2022,district_elasticity,MD-3,MD-3,MD,20.78875,21.05875,0.2699999999999996,0.2699999999999996,True,1.5,1.5,1.25,1.0,True,True,False,False
2022,district_elasticity,MD-4,MD-4,MD,75.21855356641173,75.25717171717173,0.03861815076000141,0.03861815076000141,True,0.0,0.0,1.035757547,1.0,False,False,False,False
2022,district_elasticity,MD-5,MD-5,MD,31.47459640812,31.612499999999997,0.13790359187999712,0.13790359187999712,True,1.5,1.5,1.127688511,1.0,True,True,False,False
2022,district_elasticity,MD-6,MD-6,MD,5.681423979960001,5.910000000000001,0.22857602004000022,0.22857602004000022,True,1.5,1.5,1.211644463,1.0,True,True,False,False
2022,district_elasticity,MD-7,MD-7,MD,60.065521207232734,60.16602272727273,0.10050152003999813,0.10050152003999813,True,1.5,1.5,1.093056963,1.0,True,True,False,False
2022,district_elasticity,MD-8,MD-8,MD,56.504985359719996,56.57,0.0650146402800047,0.0650146402800047,True,1.5,1.5,1.060198741,1.0,True,True,False,False
2022,district_elasticity,ME-1,ME-1,ME,18.892615670924002,18.530600000000003,-0.36201567092399856,0.36201567092399856,True,1.5,1.5,0.6648003047,1.0,True,True,False,False
2022,district_elasticity,ME-2,ME-2,ME,-10.33431257136,-10.2,0.13431257136000063,0.13431257136000063,True,1.5,1.5,1.124363492,1.0,True,True,False,False
2022,district_elasticity,MI-1,MI-1,MI,-26.6929656605,-26.9,-0.20703433949999805,0.20703433949999805,True,-1.5,-1.5,0.8083015375,1.0,False,False,True,True
2022,district_elasticity,MI-10,MI-10,MI,-6.394139597172,-6.6,-0.20586040282799978,0.20586040282799978,True,0.0,0.0,0.8093885159,1.0,False,False,False,False
2022,district_elasticity,MI-11,MI-11,MI,15.430000000000001,15.700000000000001,0.2699999999999996,0.2699999999999996,True,1.5,1.5,1.25,1.0,True,True,False,False
2022,district_elasticity,MI-12,MI-12,MI,44.668501985136004,44.400000000000006,-0.2685019851359982,0.2685019851359982,True,1.5,1.5,0.7513870508,1.0,True,True,False,False
2022,district_elasticity,MI-13,MI-13,MI,44.196003369079996,44.0,-0.19600336907999605,0.19600336907999605,True,0.0,0.0,0.818515399,1.0,False,False,False,False
2022,district_elasticity,MI-2,MI-2,MI,-35.4959214176,-35.3,0.1959214176000046,0.1959214176000046,True,-1.5,-1.5,1.18140872,1.0,False,False,True,True
2022,district_elasticity,MI-3,MI-3,MI,3.0174201684560003,2.9000000000000004,-0.1174201684559999,0.1174201684559999,True,0.0,0.0,0.8912776218,1.0,False,False,False,False
2022,district_elasticity,MI-4,MI-4,MI,-10.514,-11.0,-0.48600000000000065,0.48600000000000065,True,-1.5,-1.5,0.55,1.0,False,False,True,True
2022,district_elasticity,MI-5,MI-5,MI,-30.814,-31.299999999999997,-0.4859999999999971,0.4859999999999971,True,-1.5,-1.5,0.55,1.0,False,False,True,True
2022,district_elasticity,MI-6,MI-6,MI,22.42988531092,22.6,0.17011468908000182,0.17011468908000182,True,1.5,1.5,1.157513601,1.0,True,True,False,False
2022,district_elasticity,MI-7,MI-7,MI,-3.4602588510839993,-3.5999999999999996,-0.1397411489160003,0.1397411489160003,True,1.5,1.5,0.8706100473,1.0,True,True,False,False
2022,district_elasticity,MI-8,MI-8,MI,-1.8994516294439996,-2.0999999999999996,-0.20054837055600006,0.20054837055600006,True,1.5,1.5,0.8143070643,1.0,True,True,False,False
2022,district_elasticity,MI-9,MI-9,MI,-36.216430917791996,-36.599999999999994,-0.38356908220799824,0.38356908220799824,True,-1.5,-1.5,0.6448434424,1.0,False,False,True,True
2022,district_elasticity,MN-1,MN-1,MN,-15.830873686503999,-16.299999999999997,-0.4691263134959982,0.4691263134959982,True,-1.5,-1.5,0.5656237838,1.0,False,False,True,True
2022,district_elasticity,MN-2,MN-2,MN,3.0025257793600004,3.1000000000000005,0.09747422064000011,0.09747422064000011,True,1.5,1.5,1.090253908,1.0,True,True,False,False
2022,district_elasticity,MN-3,MN-3,MN,16.630000000000003,16.9,0.269999999999996,0.269999999999996,True,1.5,1.5,1.25,1.0,True,True,False,False
2022,district_elasticity,MN-4,MN-4,MN,33.676051180807995,33.5,-0.17605118080799542,0.17605118080799542,True,1.5,1.5,0.8369896474,1.0,True,True,False,False
2022,district_elasticity,MN-5,MN-5,MN,59.163951635816,59.0,-0.16395163581599803,0.16395163581599803,True,1.5,1.5,0.8481929298,1.0,True,True,False,False
2022,district_elasticity,MN-6,MN-6,MN,-24.82364414776,-24.700000000000003,0.12364414775999677,0.12364414775999677,True,-1.5,-1.5,1.114485322,1.0,False,False,True,True
2022,district_elasticity,MN-7,MN-7,MN,-40.40840389516,-40.3,0.10840389516000215,0.10840389516000215,True,-1.5,-1.5,1.100373977,1.0,False,False,True,True
2022,district_elasticity,MN-8,MN-8,MN,-18.063710908204,-18.4,-0.3362890917959973,0.3362890917959973,True,-1.5,-1.5,0.6886212113,1.0,False,False,True,True
2022,district_elasticity,MO-1,MO-1,MO,54.343759786031995,54.3,-0.04375978603199826,0.04375978603199826,True,1.5,1.5,0.9594816796,1.0,True,True,False,False
2022,district_elasticity,MO-2,MO-2,MO,-15.17,-14.9,0.2699999999999996,0.2699999999999996,True,-1.5,-1.5,1.25,1.0,False,False,True,True
2022,district_elasticity,MO-3,MO-3,MO,-33.5089788688,-33.4,0.1089788688000013,0.1089788688000013,True,-1.5,-1.5,1.10090636,1.0,False,False,True,True
2022,district_elasticity,MO-4,MO-4,MO,-45.135456739999995,-44.89999999999999,0.2354567400000036,0.2354567400000036,True,0.0,0.0,1.2180155,1.0,False,False,False,False
2022,district_elasticity,MO-5,MO-5,MO,21.95885861736,22.200000000000003,0.24114138264000218,0.24114138264000218,True,1.5,1.5,1.223279058,1.0,True,True,False,False
2022,district_elasticity,MO-6,MO-6,MO,-43.974661177036005,-44.2,-0.2253388229639981,0.2253388229639981,True,-1.5,-1.5,0.7913529417,1.0,False,False,True,True
2022,district_elasticity,MO-7,MO-7,MO,-46.703303921936005,-47.0,-0.2966960780639951,0.2966960780639951,True,0.0,0.0,0.7252814092,1.0,False,False,False,False
2022,district_elasticity,MO-8,MO-8,MO,-57.95341715646799,-58.39999999999999,-0.4465828435319992,0.4465828435319992,True,-1.5,-1.5,0.5864973671,1.0,False,False,True,True
2022,district_elasticity,MS-1,MS-1,MS,-39.012252582005715,-38.965535714285714,0.04671686772000072,0.04671686772000072,True,-1.5,-1.5,1.043256359,1.0,False,False,True,True
2022,district_elasticity,MS-2,MS-2,MS,22.987159090909092,22.987159090909092,0.0,0.0,False,1.5,1.5,1.0,1.0,True,True,False,False
2022,district_elasticity,MS-3,MS-3,MS,-32.16145562786462,-32.096634615384616,0.06482101248000305,0.06482101248000305,True,-1.5,-1.5,1.060019456,1.0,False,False,True,True
2022,district_elasticity,MS-4,MS-4,MS,-43.94480330376218,-44.04306818181818,-0.09826487805599982,0.09826487805599982,True,0.0,0.0,0.9090140018,1.0,False,False,False,False
2022,district_elasticity,MT-1,MT-1,MT,-12.5,-12.5,0.0,0.0,False,0.0,0.0,1.0,1.0,False,False,False,False
2022,district_elasticity,MT-2,MT-2,MT,-33.9,-33.9,0.0,0.0,False,-1.5,-1.5,1.0,1.0,False,False,True,True
2022,district_elasticity,NC-1,NC-1,NC,3.298190411621819,3.3131818181818184,0.014991406559999643,0.014991406559999643,True,0.0,0.0,1.013880932,1.0,False,False,False,False
2022,district_elasticity,NC-10,NC-10,NC,-46.28072340087272,-46.167272727272724,0.11345067359999916,0.11345067359999916,True,-1.5,-1.5,1.10504692,1.0,False,False,True,True
2022,district_elasticity,NC-11,NC-11,NC,-15.014523768378181,-15.271818181818182,-0.25729441344000037,0.25729441344000037,True,0.0,0.0,0.761764432,1.0,False,False,False,False
2022,district_elasticity,NC-12,NC-12,NC,25.735005491248,25.615000000000002,-0.12000549124799775,0.12000549124799775,True,1.5,1.5,0.8888838044,1.0,True,True,False,False
2022,district_elasticity,NC-13,NC-13,NC,-3.1318312615199995,-2.9812499999999993,0.15058126152000018,0.15058126152000018,True,0.0,0.0,1.139427094,1.0,False,False,False,False
2022,district_elasticity,NC-14,NC-14,NC,11.587499999999999,11.587499999999999,0.0,0.0,False,0.0,0.0,1.0,1.0,False,False,False,False
2022,district_elasticity,NC-2,NC-2,NC,25.181518292682927,24.69551829268293,-0.4859999999999971,0.4859999999999971,True,1.5,1.5,0.55,1.0,True,True,False,False
2022,district_elasticity,NC-3,NC-3,NC,-32.69625240416,-32.64125,0.055002404159999685,0.055002404159999685,True,-1.5,-1.5,1.050928152,1.0,False,False,True,True
2022,district_elasticity,NC-4,NC-4,NC,29.827472999029457,29.763295454545453,-0.06417754448400359,0.06417754448400359,True,0.0,0.0,0.9405763477,1.0,False,False,False,False
2022,district_elasticity,NC-5,NC-5,NC,-25.90534118668,-25.8079,0.09744118668000112,0.09744118668000112,True,-1.5,-1.5,1.090223321,1.0,False,False,True,True
2022,district_elasticity,NC-6,NC-6,NC,8.786000000000001,8.3,-0.48600000000000065,0.48600000000000065,True,1.5,1.5,0.55,1.0,True,True,False,False
2022,district_elasticity,NC-7,NC-7,NC,-20.07,-19.799999999999997,0.2700000000000031,0.2700000000000031,True,-1.5,-1.5,1.25,1.0,False,False,True,True
2022,district_elasticity,NC-8,NC-8,NC,-40.508034295360005,-40.31275,0.19528429536000402,0.19528429536000402,True,-1.5,-1.5,1.180818792,1.0,False,False,True,True
2022,district_elasticity,NC-9,NC-9,NC,-11.37,-11.1,0.2699999999999996,0.2699999999999996,True,-1.5,-1.5,1.25,1.0,False,False,True,True
2022,district_elasticity,ND-AL,ND-AL,ND,-41.44,-41.44,0.0,0.0,False,-1.5,-1.5,1.0,1.0,False,False,True,True
2022,district_elasticity,NE-1,NE-1,NE,-18.464493172528726,-18.467272727272725,-0.0027795547439986024,0.0027795547439986024,True,-1.5,-1.5,0.9974263382,1.0,False,False,True,True
2022,district_elasticity,NE-2,NE-2,NE,-0.31399999999999983,-0.7999999999999998,-0.486,0.486,True,-1.5,-1.5,0.55,1.0,False,False,True,True
2022,district_elasticity,NE-3,NE-3,NE,-59.81666064273974,-59.91202127659574,-0.09536063385599647,0.09536063385599647,True,-1.5,-1.5,0.9117031168,1.0,False,False,True,True
2022,district_elasticity,NH-1,NH-1,NH,1.8729758343600007,1.8000000000000007,-0.07297583435999999,0.07297583435999999,True,1.5,1.5,0.932429783,1.0,True,True,False,False
2022,district_elasticity,NH-2,NH-2,NH,5.1168148752440015,4.700000000000001,-0.4168148752440004,0.4168148752440004,True,1.5,1.5,0.6140603007,1.0,True,True,False,False
2022,district_elasticity,NJ-1,NJ-1,NJ,19.598449999999996,19.868449999999996,0.2699999999999996,0.2699999999999996,True,1.5,1.5,1.25,1.0,True,True,False,False
2022,district_elasticity,NJ-10,NJ-10,NJ,56.92077833381201,56.71000000000001,-0.2107783338120015,0.2107783338120015,True,1.5,1.5,0.8048348761,1.0,True,True,False,False
2022,district_elasticity,NJ-11,NJ-11,NJ,12.53,12.799999999999999,0.2699999999999996,0.2699999999999996,True,1.5,1.5,1.25,1.0,True,True,False,False
2022,district_elasticity,NJ-12,NJ-12,NJ,30.23548233252,30.299999999999997,0.06451766747999699,0.06451766747999699,True,1.5,1.5,1.059738581,1.0,True,True,False,False
2022,district_elasticity,NJ-2,NJ-2,NJ,-12.870548780487805,-12.600548780487806,0.2699999999999996,0.2699999999999996,True,-1.5,-1.5,1.25,1.0,False,False,True,True
2022,district_elasticity,NJ-3,NJ-3,NJ,10.398210868992,10.2675,-0.13071086899200068,0.13071086899200068,True,1.5,1.5,0.8789714176,1.0,True,True,False,False
2022,district_elasticity,NJ-4,NJ-4,NJ,-31.0447,-30.7747,0.2699999999999996,0.2699999999999996,True,-1.5,-1.5,1.25,1.0,False,False,True,True
2022,district_elasticity,NJ-5,NJ-5,NJ,9.566521602186288,9.540714285714287,-0.025807316472000963,0.025807316472000963,True,1.5,1.5,0.9761043366,1.0,True,True,False,False
2022,district_elasticity,NJ-6,NJ-6,NJ,16.18716720394,15.90535,-0.2818172039399993,0.2818172039399993,True,1.5,1.5,0.7390581445,1.0,True,True,False,False
2022,district_elasticity,NJ-7,NJ-7,NJ,-0.8943173833824389,-0.7518902439024389,0.14242713948000008,0.14242713948000008,True,1.5,1.5,1.131876981,1.0,True,True,False,False
2022,district_elasticity,NJ-8,NJ-8,NJ,40.220072590044,39.86625,-0.35382259004399685,0.35382259004399685,True,0.0,0.0,0.6723864907,1.0,False,False,False,False
2022,district_elasticity,NJ-9,NJ-9,NJ,15.618772243983999,15.43,-0.1887722439839994,0.1887722439839994,True,1.5,1.5,0.8252108852,1.0,True,True,False,False
2022,district_elasticity,NM-1,NM-1,NM,8.72637839229309,8.273409090909091,-0.45296930138399993,0.45296930138399993,True,0.0,0.0,0.5805839802,1.0,False,False,False,False
2022,district_elasticity,NM-2,NM-2,NM,-1.4699999999999993,-1.1999999999999993,0.27,0.27,True,-1.5,-1.5,1.25,1.0,False,False,True,True
2022,district_elasticity,NM-3,NM-3,NM,7.68832275936488,7.751280487804879,0.06295772843999892,0.06295772843999892,True,1.5,1.5,1.058294193,1.0,True,True,False,False
2022,district_elasticity,NV-1,NV-1,NV,4.93314170804,4.9607,0.027558291960000147,0.027558291960000147,True,1.5,1.5,1.025516937,1.0,True,True,False,False
2022,district_elasticity,NV-2,NV-2,NV,-18.29407370068,-18.1,0.19407370067999707,0.19407370067999707,True,-1.5,-1.5,1.179697871,1.0,False,False,True,True
2022,district_elasticity,NV-3,NV-3,NV,2.765842391304348,3.0358423913043477,0.2699999999999996,0.2699999999999996,True,1.5,1.5,1.25,1.0,True,True,False,False
2022,district_elasticity,NV-4,NV-4,NV,4.721582125325362,4.6825531914893626,-0.0390289338359997,0.0390289338359997,True,1.5,1.5,0.9638620983,1.0,True,True,False,False
2022,district_elasticity,NY-1,NY-1,NY,-5.258172161763635,-5.0126136363636355,0.2455585253999999,0.2455585253999999,True,0.0,0.0,1.227369005,1.0,False,False,False,False
2022,district_elasticity,NY-10,NY-10,NY,65.45261981528,65.60000000000001,0.14738018472000647,0.14738018472000647,True,0.0,0.0,1.136463134,1.0,False,False,False,False
2022,district_elasticity,NY-11,NY-11,NY,-15.303567073170731,-15.033567073170731,0.2699999999999996,0.2699999999999996,True,-1.5,-1.5,1.25,1.0,False,False,True,True
2022,district_elasticity,NY-12,NY-12,NY,67.382350703512,67.30000000000001,-0.0823507035119917,0.0823507035119917,True,1.5,1.5,0.9237493486,1.0,True,True,False,False
2022,district_elasticity,NY-13,NY-13,NY,73.205585413776,72.9,-0.3055854137760008,0.3055854137760008,True,1.5,1.5,0.7170505428,1.0,True,True,False,False
2022,district_elasticity,NY-14,NY-14,NY,52.11815385687652,52.24720108695652,0.12904723008000474,0.12904723008000474,True,1.5,1.5,1.119488176,1.0,True,True,False,False
2022,district_elasticity,NY-15,NY-15,NY,67.67394120122,67.44875,-0.22519120121999947,0.22519120121999947,True,1.5,1.5,0.7914896285,1.0,True,True,False,False
2022,district_elasticity,NY-16,NY-16,NY,41.595000000000006,41.595000000000006,0.0,0.0,False,1.5,1.5,1.0,1.0,True,True,False,False
2022,district_elasticity,NY-17,NY-17,NY,4.990711873789091,5.219659090909091,0.22894721712,0.22894721712,True,1.5,1.5,1.211988164,1.0,True,True,False,False
2022,district_elasticity,NY-18,NY-18,NY,4.81400848290291,4.36784090909091,-0.4461675738119997,0.4461675738119997,True,0.0,0.0,0.5868818761,1.0,False,False,False,False
2022,district_elasticity,NY-19,NY-19,NY,-0.2040909090909091,0.06590909090909092,0.27,0.27,True,0.0,0.0,1.25,1.0,False,False,False,False
2022,district_elasticity,NY-2,NY-2,NY,-9.882225609756096,-9.612225609756097,0.2699999999999996,0.2699999999999996,True,-1.5,-1.5,1.25,1.0,False,False,True,True
2022,district_elasticity,NY-20,NY-20,NY,16.335511068484,16.0534,-0.28211106848399936,0.28211106848399936,True,1.5,1.5,0.7387860477,1.0,True,True,False,False
2022,district_elasticity,NY-21,NY-21,NY,-19.770000000000003,-19.5,0.2700000000000031,0.2700000000000031,True,-1.5,-1.5,1.25,1.0,False,False,True,True
2022,district_elasticity,NY-22,NY-22,NY,3.3501427370559997,3.23875,-0.11139273705599972,0.11139273705599972,True,0.0,0.0,0.8968585768,1.0,False,False,False,False
2022,district_elasticity,NY-23,NY-23,NY,-24.26,-23.99,0.2700000000000031,0.2700000000000031,True,0.0,0.0,1.25,1.0,False,False,False,False
2022,district_elasticity,NY-24,NY-24,NY,-24.35625,-24.086249999999996,0.2700000000000031,0.2700000000000031,True,-1.5,-1.5,1.25,1.0,False,False,True,True
2022,district_elasticity,NY-25,NY-25,NY,15.202099148274783,15.227364130434783,0.025264982159999505,0.025264982159999505,True,1.5,1.5,1.023393502,1.0,True,True,False,False
2022,district_elasticity,NY-26,NY-26,NY,21.499242233752,21.058749999999996,-0.4404922337520034,0.4404922337520034,True,1.5,1.5,0.5921368206,1.0,True,True,False,False
2022,district_elasticity,NY-3,NY-3,NY,4.106168662668444,4.063194444444444,-0.04297421822399983,0.04297421822399983,True,0.0,0.0,0.9602090572,1.0,False,False,False,False
2022,district_elasticity,NY-4,NY-4,NY,8.447130946101819,8.66693181818182,0.21980087208000043,0.21980087208000043,True,0.0,0.0,1.203519326,1.0,False,False,False,False
2022,district_elasticity,NY-5,NY-5,NY,57.343863636363636,57.343863636363636,0.0,0.0,False,1.5,1.5,1.0,1.0,True,True,False,False
2022,district_elasticity,NY-6,NY-6,NY,28.289261363636367,28.289261363636367,0.0,0.0,False,1.5,1.5,1.0,1.0,True,True,False,False
2022,district_elasticity,NY-7,NY-7,NY,58.23,58.5,0.2700000000000031,0.2700000000000031,True,1.5,1.5,1.25,1.0,True,True,False,False
2022,district_elasticity,NY-8,NY-8,NY,49.19795731707318,49.19795731707318,0.0,0.0,False,1.5,1.5,1.0,1.0,True,True,False,False
2022,district_elasticity,NY-9,NY-9,NY,48.07477272727272,48.344772727272726,0.2700000000000031,0.2700000000000031,True,1.5,1.5,1.25,1.0,True,True,False,False
2022,district_elasticity,OH-1,OH-1,OH,1.727251657487273,1.815227272727273,0.08797561523999997,0.08797561523999997,True,-1.5,-1.5,1.081458903,1.0,False,False,True,True
2022,district_elasticity,OH-10,OH-10,OH,-13.796349999999999,-13.526349999999999,0.2699999999999996,0.2699999999999996,True,-1.5,-1.5,1.25,1.0,False,False,True,True
2022,district_elasticity,OH-11,OH-11,OH,54.18918106442472,53.924772727272725,-0.2644083371519983,0.2644083371519983,True,1.5,1.5,0.7551774656,1.0,True,True,False,False
2022,district_elasticity,OH-12,OH-12,OH,-39.223369565217396,-38.95336956521739,0.2700000000000031,0.2700000000000031,True,-1.5,-1.5,1.25,1.0,False,False,True,True
2022,district_elasticity,OH-13,OH-13,OH,-1.8049090909090908,-2.2909090909090906,-0.48599999999999977,0.48599999999999977,True,0.0,0.0,0.55,1.0,False,False,False,False
2022,district_elasticity,OH-14,OH-14,OH,-23.631850000000004,-23.36185,0.2700000000000031,0.2700000000000031,True,-1.5,-1.5,1.25,1.0,False,False,True,True
2022,district_elasticity,OH-15,OH-15,OH,-14.02802629025818,-13.879318181818181,0.14870810843999926,0.14870810843999926,True,-1.5,-1.5,1.137692693,1.0,False,False,True,True
2022,district_elasticity,OH-2,OH-2,OH,-52.980000000000004,-52.71,0.2700000000000031,0.2700000000000031,True,-1.5,-1.5,1.25,1.0,False,False,True,True
2022,district_elasticity,OH-3,OH-3,OH,38.815225,39.085225,0.2700000000000031,0.2700000000000031,True,1.5,1.5,1.25,1.0,True,True,False,False
2022,district_elasticity,OH-4,OH-4,OH,-42.307651575799994,-42.287074999999994,0.02057657579999983,0.02057657579999983,True,-1.5,-1.5,1.019052385,1.0,False,False,True,True
2022,district_elasticity,OH-5,OH-5,OH,-35.262,-34.992,0.2700000000000031,0.2700000000000031,True,-1.5,-1.5,1.25,1.0,False,False,True,True
2022,district_elasticity,OH-6,OH-6,OH,-35.19942450064,-35.40625,-0.20682549936000072,0.20682549936000072,True,-1.5,-1.5,0.808494908,1.0,False,False,True,True
2022,district_elasticity,OH-7,OH-7,OH,-15.082727272727272,-14.812727272727273,0.2699999999999996,0.2699999999999996,True,0.0,0.0,1.25,1.0,False,False,False,False
2022,district_elasticity,OH-8,OH-8,OH,-28.889475369964448,-28.92492236024845,-0.03544699028400089,0.03544699028400089,True,-1.5,-1.5,0.9671787127,1.0,False,False,True,True
2022,district_elasticity,OH-9,OH-9,OH,-2.9419826851199993,-3.0,-0.058017314880000725,0.058017314880000725,True,1.5,1.5,0.946280264,1.0,True,True,False,False
2022,district_elasticity,OK-1,OK-1,OK,-28.77,-28.5,0.2699999999999996,0.2699999999999996,True,-1.5,-1.5,1.25,1.0,False,False,True,True
2022,district_elasticity,OK-2,OK-2,OK,-55.93651515151515,-55.66651515151515,0.2700000000000031,0.2700000000000031,True,0.0,0.0,1.25,1.0,False,False,False,False
2022,district_elasticity,OK-3,OK-3,OK,-51.334378541844,-51.504000000000005,-0.16962145815600138,0.16962145815600138,True,-1.5,-1.5,0.8429430943,1.0,False,False,True,True
2022,district_elasticity,OK-4,OK-4,OK,-38.894753312880006,-38.733000000000004,0.16175331288000194,0.16175331288000194,True,-1.5,-1.5,1.149771586,1.0,False,False,True,True
2022,district_elasticity,OK-5,OK-5,OK,-23.618019468029267,-23.35143292682927,0.2665865411999988,0.2665865411999988,True,-1.5,-1.5,1.24683939,1.0,False,False,True,True
2022,district_elasticity,OR-1,OR-1,OR,35.395529403988,35.239375,-0.15615440398799763,0.15615440398799763,True,1.5,1.5,0.8554125889,1.0,True,True,False,False
2022,district_elasticity,OR-2,OR-2,OR,-32.443536585365855,-32.17353658536585,0.2700000000000031,0.2700000000000031,True,-1.5,-1.5,1.25,1.0,False,False,True,True
2022,district_elasticity,OR-3,OR-3,OR,43.518043599768,43.2,-0.31804359976799645,0.31804359976799645,True,1.5,1.5,0.7055151854,1.0,True,True,False,False
2022,district_elasticity,OR-4,OR-4,OR,4.044636363636364,3.558636363636364,-0.4860000000000002,0.4860000000000002,True,0.0,0.0,0.55,1.0,False,False,False,False
2022,district_elasticity,OR-5,OR-5,OR,3.5497500000000004,3.0637500000000006,-0.48599999999999977,0.48599999999999977,True,0.0,0.0,0.55,1.0,False,False,False,False
2022,district_elasticity,OR-6,OR-6,OR,5.995568181818181,5.995568181818181,0.0,0.0,False,0.0,0.0,1.0,1.0,False,False,False,False
2022,district_elasticity,PA-1,PA-1,PA,-4.861857142857143,-5.347857142857142,-0.48599999999999977,0.48599999999999977,True,-1.5,-1.5,0.55,1.0,False,False,True,True
2022,district_elasticity,PA-10,PA-10,PA,-7.469999999999999,-7.199999999999999,0.2699999999999996,0.2699999999999996,True,-1.5,-1.5,1.25,1.0,False,False,True,True
2022,district_elasticity,PA-11,PA-11,PA,-28.372550958217143,-28.12035714285714,0.25219381536000185,0.25219381536000185,True,-1.5,-1.5,1.233512792,1.0,False,False,True,True
2022,district_elasticity,PA-12,PA-12,PA,10.64576533018,10.299999999999999,-0.3457653301800008,0.3457653301800008,True,0.0,0.0,0.6798469165,1.0,False,False,False,False
2022,district_elasticity,PA-13,PA-13,PA,-52.24062726496194,-52.394393939393936,-0.1537666744319992,0.1537666744319992,True,-1.5,-1.5,0.8576234496,1.0,False,False,True,True
2022,district_elasticity,PA-14,PA-14,PA,-37.14354545454545,-37.62954545454545,-0.4859999999999971,0.4859999999999971,True,-1.5,-1.5,0.55,1.0,False,False,True,True
2022,district_elasticity,PA-15,PA-15,PA,-43.694325,-44.180324999999996,-0.4859999999999971,0.4859999999999971,True,-1.5,-1.5,0.55,1.0,False,False,True,True
2022,district_elasticity,PA-16,PA-16,PA,-27.004717224805706,-27.121941489361706,-0.11722426455600043,0.11722426455600043,True,-1.5,-1.5,0.8914590143,1.0,False,False,True,True
2022,district_elasticity,PA-17,PA-17,PA,0.7801453626683637,0.6311363636363638,-0.14900899903199982,0.14900899903199982,True,0.0,0.0,0.8620287046,1.0,False,False,False,False
2022,district_elasticity,PA-2,PA-2,PA,40.157223404255326,39.67122340425533,-0.4859999999999971,0.4859999999999971,True,1.5,1.5,0.55,1.0,True,True,False,False
2022,district_elasticity,PA-3,PA-3,PA,76.85782427913601,76.80000000000001,-0.057824279135999745,0.057824279135999745,True,1.5,1.5,0.9464590008,1.0,True,True,False,False
2022,district_elasticity,PA-4,PA-4,PA,14.53,14.799999999999999,0.2699999999999996,0.2699999999999996,True,1.5,1.5,1.25,1.0,True,True,False,False
2022,district_elasticity,PA-5,PA-5,PA,27.520271739130433,27.790271739130432,0.2699999999999996,0.2699999999999996,True,1.5,1.5,1.25,1.0,True,True,False,False
2022,district_elasticity,PA-6,PA-6,PA,10.080625,10.350624999999999,0.2699999999999996,0.2699999999999996,True,1.5,1.5,1.25,1.0,True,True,False,False
2022,district_elasticity,PA-7,PA-7,PA,-3.7962499999999997,-3.52625,0.2699999999999996,0.2699999999999996,True,1.5,1.5,1.25,1.0,True,True,False,False
2022,district_elasticity,PA-8,PA-8,PA,-6.508749999999999,-6.23875,0.2699999999999996,0.2699999999999996,True,1.5,1.5,1.25,1.0,True,True,False,False
2022,district_elasticity,PA-9,PA-9,PA,-43.24663753347677,-43.29780487804877,-0.05116734457200067,0.05116734457200067,True,-1.5,-1.5,0.9526228291,1.0,False,False,True,True
2022,district_elasticity,RI-1,RI-1,RI,25.464059461528002,25.0,-0.46405946152800226,0.46405946152800226,True,1.5,1.5,0.5703153134,1.0,True,True,False,False
2022,district_elasticity,RI-2,RI-2,RI,8.568431372915999,8.1,-0.46843137291599923,0.46843137291599923,True,0.0,0.0,0.5662672473,1.0,False,False,False,False
2022,district_elasticity,SC-1,SC-1,SC,-15.969999999999999,-15.7,0.2699999999999996,0.2699999999999996,True,-1.5,-1.5,1.25,1.0,False,False,True,True
2022,district_elasticity,SC-2,SC-2,SC,-17.341279046376,-17.362949999999998,-0.021670953623999623,0.021670953623999623,True,-1.5,-1.5,0.9799343022,1.0,False,False,True,True
2022,district_elasticity,SC-3,SC-3,SC,-44.54439763424,-44.599999999999994,-0.05560236575999511,0.05560236575999511,True,-1.5,-1.5,0.948516328,1.0,False,False,True,True
2022,district_elasticity,SC-4,SC-4,SC,-24.911614784105456,-24.857045454545457,0.0545693295599996,0.0545693295599996,True,-1.5,-1.5,1.050527157,1.0,False,False,True,True
2022,district_elasticity,SC-5,SC-5,SC,-25.110223975072,-25.299999999999997,-0.1897760249279976,0.1897760249279976,True,-1.5,-1.5,0.8242814584,1.0,False,False,True,True
2022,district_elasticity,SC-6,SC-6,SC,27.976225,27.490225,-0.48600000000000065,0.48600000000000065,True,1.5,1.5,0.55,1.0,True,True,False,False
2022,district_elasticity,SC-7,SC-7,SC,-24.52468885777127,-24.75022727272727,-0.2255384149559987,0.2255384149559987,True,0.0,0.0,0.7911681343,1.0,False,False,False,False
2022,district_elasticity,SD-AL,SD-AL,SD,-33.3937306188,-33.3,0.09373061880000222,0.09373061880000222,True,-1.5,-1.5,1.08678761,1.0,False,False,True,True
2022,district_elasticity,TN-1,TN-1,TN,-61.106360546692,-61.3,-0.1936394533079948,0.1936394533079948,True,-1.5,-1.5,0.8207042099,1.0,False,False,True,True
2022,district_elasticity,TN-2,TN-2,TN,-36.236425209348,-36.3,-0.06357479065199811,0.06357479065199811,True,-1.5,-1.5,0.9411344531,1.0,False,False,True,True
2022,district_elasticity,TN-3,TN-3,TN,-38.7775916067,-39.0,-0.22240839330000028,0.22240839330000028,True,-1.5,-1.5,0.7940663025,1.0,False,False,True,True
2022,district_elasticity,TN-4,TN-4,TN,-44.511534075004,-44.8,-0.28846592499599666,0.28846592499599666,True,-1.5,-1.5,0.7329019213,1.0,False,False,True,True
2022,district_elasticity,TN-5,TN-5,TN,-16.834830074836,-16.9,-0.06516992516399966,0.06516992516399966,True,0.0,0.0,0.9396574767,1.0,False,False,False,False
2022,district_elasticity,TN-6,TN-6,TN,-36.26973903116001,-36.2,0.06973903116000457,0.06973903116000457,True,-1.5,-1.5,1.064573177,1.0,False,False,True,True
2022,district_elasticity,TN-7,TN-7,TN,-22.055198713367997,-22.199999999999996,-0.1448012866319992,0.1448012866319992,True,-1.5,-1.5,0.8659247346,1.0,False,False,True,True
2022,district_elasticity,TN-8,TN-8,TN,-44.28182082190799,-44.39999999999999,-0.1181791780919994,0.1181791780919994,True,-1.5,-1.5,0.8905748351,1.0,False,False,True,True
2022,district_elasticity,TN-9,TN-9,TN,44.443793577644,44.0,-0.4437935776440014,0.4437935776440014,True,1.5,1.5,0.5890800207,1.0,True,True,False,False
2022,district_elasticity,TX-1,TX-1,TX,-52.038745520984,-52.235,-0.19625447901599813,0.19625447901599813,True,0.0,0.0,0.8182828898,1.0,False,False,False,False
2022,district_elasticity,TX-10,TX-10,TX,-26.01348707392,-25.9,0.11348707392000179,0.11348707392000179,True,-1.5,-1.5,1.105080624,1.0,False,False,True,True
2022,district_elasticity,TX-11,TX-11,TX,-47.014,-47.5,-0.4859999999999971,0.4859999999999971,True,-1.5,-1.5,0.55,1.0,False,False,True,True
2022,district_elasticity,TX-12,TX-12,TX,-25.645761687264002,-25.777500000000003,-0.131738312736001,0.131738312736001,True,-1.5,-1.5,0.8780200808,1.0,False,False,True,True
2022,district_elasticity,TX-13,TX-13,TX,-51.02525,-51.51125,-0.4859999999999971,0.4859999999999971,True,-1.5,-1.5,0.55,1.0,False,False,True,True
2022,district_elasticity,TX-14,TX-14,TX,-35.563362341239994,-35.54749999999999,0.015862341240001854,0.015862341240001854,True,-1.5,-1.5,1.014687353,1.0,False,False,True,True
2022,district_elasticity,TX-15,TX-15,TX,-7.905201886204878,-7.740030487804878,0.16517139840000006,0.16517139840000006,True,0.0,0.0,1.15293648,1.0,False,False,False,False
2022,district_elasticity,TX-16,TX-16,TX,30.815034274362088,30.420054347826085,-0.3949799265360028,0.3949799265360028,True,1.5,1.5,0.6342778458,1.0,True,True,False,False
2022,district_elasticity,TX-17,TX-17,TX,-29.48527085123115,-29.50840425531915,-0.02313340408800002,0.02313340408800002,True,-1.5,-1.5,0.9785801814,1.0,False,False,True,True
2022,district_elasticity,TX-18,TX-18,TX,44.677950700576,44.5,-0.17795070057599816,0.17795070057599816,True,1.5,1.5,0.8352308328,1.0,True,True,False,False
2022,district_elasticity,TX-19,TX-19,TX,-53.029373543624,-53.3,-0.27062645637600014,0.27062645637600014,True,-1.5,-1.5,0.7494199478,1.0,False,False,True,True
2022,district_elasticity,TX-2,TX-2,TX,-30.17,-29.9,0.2700000000000031,0.2700000000000031,True,-1.5,-1.5,1.25,1.0,False,False,True,True
2022,district_elasticity,TX-20,TX-20,TX,30.87625,30.87625,0.0,0.0,False,1.5,1.5,1.0,1.0,True,True,False,False
2022,district_elasticity,TX-21,TX-21,TX,-26.3875,-26.117499999999996,0.2700000000000031,0.2700000000000031,True,-1.5,-1.5,1.25,1.0,False,False,True,True
2022,district_elasticity,TX-22,TX-22,TX,-23.249026913759998,-23.1525,0.09652691375999822,0.09652691375999822,True,-1.5,-1.5,1.089376772,1.0,False,False,True,True
2022,district_elasticity,TX-23,TX-23,TX,-14.001173401615999,-14.299999999999999,-0.29882659838400016,0.29882659838400016,True,-1.5,-1.5,0.7233087052,1.0,False,False,True,True
2022,district_elasticity,TX-24,TX-24,TX,-19.427237848183417,-19.259146341463413,0.16809150672000328,0.16809150672000328,True,-1.5,-1.5,1.155640284,1.0,False,False,True,True
2022,district_elasticity,TX-25,TX-25,TX,-37.38061697685553,-37.395147058823525,-0.014530081967997432,0.014530081967997432,True,-1.5,-1.5,0.9865462204,1.0,False,False,True,True
2022,district_elasticity,TX-26,TX-26,TX,-26.3425,-26.0725,0.2699999999999996,0.2699999999999996,True,-1.5,-1.5,1.25,1.0,False,False,True,True
2022,district_elasticity,TX-27,TX-27,TX,-28.51557485264348,-28.67217391304348,-0.15659906040000138,0.15659906040000138,True,-1.5,-1.5,0.85500087,1.0,False,False,True,True
2022,district_elasticity,TX-28,TX-28,TX,5.525596590909091,5.525596590909091,0.0,0.0,False,1.5,1.5,1.0,1.0,True,True,False,False
2022,district_elasticity,TX-29,TX-29,TX,34.918009177177225,34.613260869565224,-0.30474830761200167,0.30474830761200167,True,1.5,1.5,0.7178256411,1.0,True,True,False,False
2022,district_elasticity,TX-3,TX-3,TX,-20.542840909090913,-20.27284090909091,0.2700000000000031,0.2700000000000031,True,0.0,0.0,1.25,1.0,False,False,False,False
2022,district_elasticity,TX-30,TX-30,TX,51.10000000000001,51.10000000000001,0.0,0.0,False,0.0,0.0,1.0,1.0,False,False,False,False
2022,district_elasticity,TX-31,TX-31,TX,-27.465675675675676,-27.195675675675673,0.2700000000000031,0.2700000000000031,True,-1.5,-1.5,1.25,1.0,False,False,True,True
2022,district_elasticity,TX-32,TX-32,TX,29.051448400432,28.9,-0.15144840043200247,0.15144840043200247,True,1.5,1.5,0.8597699996,1.0,True,True,False,False
2022,district_elasticity,TX-33,TX-33,TX,45.95673201987114,46.01469114219114,0.05795912231999978,0.05795912231999978,True,1.5,1.5,1.053665854,1.0,True,True,False,False
2022,district_elasticity,TX-34,TX-34,TX,10.664482313809714,10.208035714285714,-0.4564465995239999,0.4564465995239999,True,0.0,0.0,0.5773642597,1.0,True,True,True,True
2022,district_elasticity,TX-35,TX-35,TX,39.54085397928001,39.60000000000001,0.05914602072000008,0.05914602072000008,True,0.0,0.0,1.054764834,1.0,False,False,False,False
2022,district_elasticity,TX-36,TX-36,TX,-38.06269507781788,-37.963510638297876,0.09918443952000189,0.09918443952000189,True,-1.5,-1.5,1.091837444,1.0,False,False,True,True
2022,district_elasticity,TX-37,TX-37,TX,47.2,47.2,0.0,0.0,False,0.0,0.0,1.0,1.0,False,False,False,False
2022,district_elasticity,TX-38,TX-38,TX,-23.700000000000003,-23.700000000000003,0.0,0.0,False,0.0,0.0,1.0,1.0,False,False,False,False
2022,district_elasticity,TX-4,TX-4,TX,-32.7484512195122,-33.234451219512195,-0.4859999999999971,0.4859999999999971,True,-1.5,-1.5,0.55,1.0,False,False,True,True
2022,district_elasticity,TX-5,TX-5,TX,-28.53704552986678,-28.90423913043478,-0.367193600568001,0.367193600568001,True,-1.5,-1.5,0.6600059254,1.0,False,False,True,True
2022,district_elasticity,TX-6,TX-6,TX,-30.548490447812,-30.548750000000002,-0.00025955218800177704,0.00025955218800177704,True,-1.5,-1.5,0.9997596739,1.0,False,False,True,True
2022,district_elasticity,TX-7,TX-7,TX,25.297585306490436,25.531521739130437,0.2339364326400002,0.2339364326400002,True,1.5,1.5,1.216607808,1.0,True,True,False,False
2022,district_elasticity,TX-8,TX-8,TX,-32.21297727272727,-32.69897727272727,-0.4859999999999971,0.4859999999999971,True,0.0,0.0,0.55,1.0,False,False,False,False
2022,district_elasticity,TX-9,TX-9,TX,49.3,49.3,0.0,0.0,False,1.5,1.5,1.0,1.0,True,True,False,False
2022,district_elasticity,UT-1,UT-1,UT,-23.828423076923077,-24.314423076923077,-0.48600000000000065,0.48600000000000065,True,-1.5,-1.5,0.55,1.0,False,False,True,True
2022,district_elasticity,UT-2,UT-2,UT,-25.209490396619806,-25.351798780487808,-0.14230838386800215,0.14230838386800215,True,-1.5,-1.5,0.8682329779,1.0,False,False,True,True
2022,district_elasticity,UT-3,UT-3,UT,-25.832943277627997,-26.194999999999997,-0.3620567223719995,0.3620567223719995,True,-1.5,-1.5,0.6647622941,1.0,False,False,True,True
2022,district_elasticity,UT-4,UT-4,UT,-35.647412055864,-35.75625,-0.10883794413599901,0.10883794413599901,True,-1.5,-1.5,0.8992241258,1.0,False,False,True,True
2022,district_elasticity,VA-1,VA-1,VA,-13.569999999999999,-13.299999999999999,0.2699999999999996,0.2699999999999996,True,-1.5,-1.5,1.25,1.0,False,False,True,True
2022,district_elasticity,VA-10,VA-10,VA,14.025208089920001,14.000000000000002,-0.025208089919999566,0.025208089919999566,True,1.5,1.5,0.976659176,1.0,True,True,False,False
2022,district_elasticity,VA-11,VA-11,VA,37.225888241412,37.2,-0.02588824141199808,0.02588824141199808,True,1.5,1.5,0.9760294061,1.0,True,True,False,False
2022,district_elasticity,VA-2,VA-2,VA,-2.4670418821599993,-2.1999999999999997,0.2670418821599996,0.2670418821599996,True,1.5,1.5,1.247261002,1.0,True,True,False,False
2022,district_elasticity,VA-3,VA-3,VA,34.3,34.3,0.0,0.0,False,1.5,1.5,1.0,1.0,True,True,False,False
2022,district_elasticity,VA-4,VA-4,VA,31.330000000000002,31.6,0.2699999999999996,0.2699999999999996,True,1.5,1.5,1.25,1.0,True,True,False,False
2022,district_elasticity,VA-5,VA-5,VA,-15.5007812692,-15.4,0.10078126920000052,0.10078126920000052,True,-1.5,-1.5,1.09331599,1.0,False,False,True,True
2022,district_elasticity,VA-6,VA-6,VA,-28.87,-28.6,0.2699999999999996,0.2699999999999996,True,-1.5,-1.5,1.25,1.0,False,False,True,True
2022,district_elasticity,VA-7,VA-7,VA,2.5044924664800003,2.7,0.19550753351999983,0.19550753351999983,True,1.5,1.5,1.181025494,1.0,True,True,False,False
2022,district_elasticity,VA-8,VA-8,VA,52.02727604163601,51.900000000000006,-0.12727604163600148,0.12727604163600148,True,1.5,1.5,0.8821518133,1.0,True,True,False,False
2022,district_elasticity,VA-9,VA-9,VA,-49.108882337320004,-49.0,0.1088823373200043,0.1088823373200043,True,-1.5,-1.5,1.100816979,1.0,False,False,True,True
2022,district_elasticity,VT-AL,VT-AL,VT,29.73,30.0,0.2699999999999996,0.2699999999999996,True,0.0,0.0,1.25,1.0,False,False,False,False
2022,district_elasticity,WA-1,WA-1,WA,26.858946449488002,26.5,-0.3589464494880019,0.3589464494880019,True,1.5,1.5,0.6676421764,1.0,True,True,False,False
2022,district_elasticity,WA-10,WA-10,WA,13.658137673644,13.6,-0.05813767364399958,0.05813767364399958,True,1.5,1.5,0.9461688207,1.0,True,True,False,False
2022,district_elasticity,WA-2,WA-2,WA,19.09628394596,18.799999999999997,-0.2962839459600026,0.2962839459600026,True,1.5,1.5,0.725663013,1.0,True,True,False,False
2022,district_elasticity,WA-3,WA-3,WA,-9.92894902136,-9.799999999999999,0.12894902136000042,0.12894902136000042,True,0.0,0.0,1.119397242,1.0,False,False,False,False
2022,district_elasticity,WA-4,WA-4,WA,-24.27302983156,-24.1,0.1730298315599974,0.1730298315599974,True,-1.5,-1.5,1.160212807,1.0,False,False,True,True
2022,district_elasticity,WA-5,WA-5,WA,-17.000052152868,-17.1,-0.09994784713200033,0.09994784713200033,True,-1.5,-1.5,0.9074556971,1.0,False,False,True,True
2022,district_elasticity,WA-6,WA-6,WA,13.586,13.1,-0.48600000000000065,0.48600000000000065,True,1.5,1.5,0.55,1.0,True,True,False,False
2022,district_elasticity,WA-7,WA-7,WA,71.88600000000001,71.4,-0.4860000000000042,0.4860000000000042,True,1.5,1.5,0.55,1.0,True,True,False,False
2022,district_elasticity,WA-8,WA-8,WA,2.3300000000000005,2.6000000000000005,0.27,0.27,True,1.5,1.5,1.25,1.0,True,True,False,False
2022,district_elasticity,WA-9,WA-9,WA,41.444173169988005,41.10000000000001,-0.34417316998799663,0.34417316998799663,True,1.5,1.5,0.6813211389,1.0,True,True,False,False
2022,district_elasticity,WI-1,WI-1,WI,-9.37,-9.1,0.2699999999999996,0.2699999999999996,True,-1.5,-1.5,1.25,1.0,False,False,True,True
2022,district_elasticity,WI-2,WI-2,WI,38.186,37.7,-0.4859999999999971,0.4859999999999971,True,1.5,1.5,0.55,1.0,True,True,False,False
2022,district_elasticity,WI-3,WI-3,WI,-10.569999999999999,-10.299999999999999,0.2699999999999996,0.2699999999999996,True,0.0,0.0,1.25,1.0,False,False,False,False
2022,district_elasticity,WI-4,WI-4,WI,49.273265049628,49.0,-0.2732650496280016,0.2732650496280016,True,1.5,1.5,0.7469768059,1.0,True,True,False,False
2022,district_elasticity,WI-5,WI-5,WI,-29.886991877243997,-30.0,-0.11300812275600336,0.11300812275600336,True,-1.5,-1.5,0.8953628493,1.0,False,False,True,True
2022,district_elasticity,WI-6,WI-6,WI,-22.417119592644,-22.799999999999997,-0.38288040735599793,0.38288040735599793,True,-1.5,-1.5,0.6454811043,1.0,False,False,True,True
2022,district_elasticity,WI-7,WI-7,WI,-26.727549226624,-27.1,-0.3724507733760021,0.3724507733760021,True,-1.5,-1.5,0.6551381728,1.0,False,False,True,True
2022,district_elasticity,WI-8,WI-8,WI,-22.464706684096,-22.6,-0.13529331590400062,0.13529331590400062,True,-1.5,-1.5,0.8747284112,1.0,False,False,True,True
2022,district_elasticity,WV-1,WV-1,WV,-46.15297989375914,-46.35195652173913,-0.19897662797999516,0.19897662797999516,True,-1.5,-1.5,0.8157623815,1.0,False,False,True,True
2022,district_elasticity,WV-2,WV-2,WV,-44.1915,-44.677499999999995,-0.4859999999999971,0.4859999999999971,True,-1.5,-1.5,0.55,1.0,False,False,True,True
2022,district_elasticity,WY-AL,WY-AL,WY,-49.066778651991996,-49.3,-0.23322134800800143,0.23322134800800143,True,0.0,0.0,0.7840543074,1.0,False,False,False,False
