state,district,district_id,region,district_type,college_share_tier,white_share_tier,black_share_tier,hispanic_share_tier,median_income_tier,education_race_error_group,demographic_error_group,election_system,general_election_party_structure,party_control_override,election_system_notes,state_error_group,region_error_group,district_type_error_group,state_environment_adjustment_dem,incumbent_raw,incumbent_party_raw,incumbent_party,inferred_incumbent_party,incumbent_running,open_seat,dem_candidate,gop_candidate,other_candidate,dem_candidate_italic,gop_candidate_italic,dem_candidate_is_incumbent,gop_candidate_is_incumbent,pres_2024_margin_dem,pres_2020_margin_dem,genballot_adjusted_margin_dem,district_partisan_baseline_dem,district_elasticity,manual_elasticity_override,national_environment_margin_dem,district_environment_adjustment_dem,incumbency_adjustment_dem,candidate_quality_adjustment_dem,special_adjustment_dem,fundamentals_margin_dem,polling_margin_dem,poll_count,polling_active,model_margin_dem,dem_win_probability,race_notes,elasticity_baseline_margin_dem,district_type_elasticity_base,partisan_baseline_elasticity_adjustment,region_elasticity_adjustment,calculated_district_elasticity,elasticity_notes,district_elasticity_input,national_pres_2024_margin_dem,national_pres_2020_margin_dem,pres_2024_relative_to_national_dem,pres_2020_relative_to_national_dem,imported_national_environment_margin_dem,house_environment_multiplier,house_national_environment_used_dem,generic_house_incumbency_points,use_candidate_war_adjustments,use_house_poll_spillover_adjustments,poll_spillover_adjustment_dem,poll_spillover_raw_adjustment_dem,poll_spillover_source_count,poll_spillover_notes,fundamentals_notes,national_environment_source_path,latest_poll_end_date,avg_poll_age_days,total_poll_weight,effective_poll_count,largest_pollster_weight_share,only_partisan_or_internal_polls,polling_notes,bayesian_polling_weight,bayesian_fundamentals_weight,bayesian_model_margin_dem,district_posterior_sd,pre_sim_dem_win_probability,simulated_dem_win_probability,avg_simulated_margin_dem,candidate_war_adjustment_dem,war_match_status,dem_war_name,gop_war_name,dem_candidate_war,gop_candidate_war,candidate_war_match_status,candidate_quality_adjustment_dem_before_war,candidate_event_adjustment_dem,candidate_event_count,candidate_event_ids,candidate_event_summary
AL,1,AL-1,Deep South,Rural,Unknown,Unknown,Unknown,Unknown,Unknown,Unknown College / Unknown White,Unknown College / Unknown White / Unknown Black / Unknown Hispanic / Unknown Income,standard,D_vs_R,,,AL,Deep South,Rural,0.0,"Moore, Barry",R,R,R,False,True,"Jones, Clyde","Carl, Jerry",,True,True,False,False,-36.3,-30.199999999999996,-27.999999999999996,-34.775999999999996,1.0,,5.8500000000000005,5.8500000000000005,0.0,0.7612499999999998,0.0,-28.16474999999999,,0,False,-28.16474999999999,7.499625018749062e-05,,-34.775999999999996,0.8,-0.2,-0.05,0.55,District type base: Rural=0.80. Partisan baseline adjustment: -0.20. Region adjustment: Deep South=-0.05. No manual override. Final elasticity: 0.55.,0.55,-1.5,4.52,-34.8,-34.72,5.8500000000000005,1.0,5.8500000000000005,1.5,1,1,0.0,0.0,0,Poll spillover active but signal file missing,House fundamentals calculated as 70%*2024 presidential margin + 30%*2020 presidential margin + national environment * district elasticity + state environment adjustment + incumbency + candidate quality + candidate event adjustment + special adjustment.,/Users/benyelin/Desktop/Desktop - Ben’s MacBook Air/senate_model_python_Q1_auto_calendar_candidate_refresh/inputs/national_environment.csv,,,0.0,0.0,0.0,False,,0.0,1.0,-28.16474999999999,5.75,0.0090659261551864,7.499625018749062e-05,-28.162483327384795,0.7612499999999998,Only R matched,,Jerry Carl,0.0,-1.4499999999999995,Only R matched,0.0,0.0,0,,
AL,2,AL-2,Deep South,Rural,Unknown,Unknown,Unknown,Unknown,Unknown,Unknown College / Unknown White,Unknown College / Unknown White / Unknown Black / Unknown Hispanic / Unknown Income,standard,D_vs_R,,,AL,Deep South,Rural,0.0,"Figures, Shomari",D,D,D,True,False,"Figures, Shomari ","Marques, Rhett",,False,True,True,False,-17.300000000000004,-11.799999999999995,-9.000000000000004,-15.956,1.0,,5.8500000000000005,5.8500000000000005,1.5,0.5775,0.0,-8.028499999999998,-1.714661791652136,2,True,-6.709999972762079,0.1866156692165391,,-15.956,0.8,-0.1,-0.05,0.65,District type base: Rural=0.80. Partisan baseline adjustment: -0.10. Region adjustment: Deep South=-0.05. No manual override. Final elasticity: 0.65.,0.65,-1.5,4.52,-15.800000000000004,-16.319999999999993,5.8500000000000005,1.0,5.8500000000000005,1.5,1,1,0.0,0.0,0,Poll spillover active but signal file missing,House fundamentals calculated as 70%*2024 presidential margin + 30%*2020 presidential margin + national environment * district elasticity + state environment adjustment + incumbency + candidate quality + candidate event adjustment + special adjustment.,/Users/benyelin/Desktop/Desktop - Ben’s MacBook Air/senate_model_python_Q1_auto_calendar_candidate_refresh/inputs/national_environment.csv,2026-07-30,57.5,0.5317270268143528,1.96082156259189,0.5706764166957279,True,"Manual House polling average from 2 poll(s): IMPACT Research, DCCC",0.2088270214929897,0.7911729785070103,-6.709999972762079,5.449811156603827,0.2463205647983137,0.1866156692165391,-6.672450577696404,0.5775,Only D matched,Shomari Figures,,1.1,0.0,Only D matched,0.0,0.0,0,,
AL,3,AL-3,Deep South,Rural,Unknown,Unknown,Unknown,Unknown,Unknown,Unknown College / Unknown White,Unknown College / Unknown White / Unknown Black / Unknown Hispanic / Unknown Income,standard,D_vs_R,,,AL,Deep South,Rural,0.0,"Rogers, Mike",R,R,R,True,False,"McGinnis, Lee","Rogers, Mike",,True,False,False,True,-45.900000000000006,-40.10000000000001,-37.60000000000001,-44.466,1.0,,5.8500000000000005,5.8500000000000005,-1.5,0.1461249999999999,0.0,-39.969875,,0,False,-39.969875,2.499875006249687e-05,,-44.466,0.8,-0.2,-0.05,0.55,District type base: Rural=0.80. Partisan baseline adjustment: -0.20. Region adjustment: Deep South=-0.05. No manual override. Final elasticity: 0.55.,0.55,-1.5,4.52,-44.400000000000006,-44.620000000000005,5.8500000000000005,1.0,5.8500000000000005,1.5,1,1,0.0,0.0,0,Poll spillover active but signal file missing,House fundamentals calculated as 70%*2024 presidential margin + 30%*2020 presidential margin + national environment * district elasticity + state environment adjustment + incumbency + candidate quality + candidate event adjustment + special adjustment.,/Users/benyelin/Desktop/Desktop - Ben’s MacBook Air/senate_model_python_Q1_auto_calendar_candidate_refresh/inputs/national_environment.csv,,,0.0,0.0,0.0,False,,0.0,1.0,-39.969875,5.75,0.0012774056987834,2.499875006249687e-05,-39.98124724790055,0.1461249999999999,Only R matched,,Mike Rogers,0.0,-0.2783333333333333,Only R matched,0.0,0.0,0,,
AL,4,AL-4,Deep South,Rural,Unknown,Unknown,Unknown,Unknown,Unknown,Unknown College / Unknown White,Unknown College / Unknown White / Unknown Black / Unknown Hispanic / Unknown Income,standard,D_vs_R,,,AL,Deep South,Rural,0.0,"Aderholt, Robert",R,R,R,True,False,"Pusczek, Amanda","Aderholt, Robert",,True,False,False,True,-67.80000000000001,-63.7,-59.500000000000014,-66.876,1.0,,5.8500000000000005,5.8500000000000005,-1.5,0.2322115384615384,0.0,-62.29378846153846,,0,False,-62.29378846153846,2.499875006249687e-05,,-66.876,0.8,-0.2,-0.05,0.55,District type base: Rural=0.80. Partisan baseline adjustment: -0.20. Region adjustment: Deep South=-0.05. No manual override. Final elasticity: 0.55.,0.55,-1.5,4.52,-66.30000000000001,-68.22,5.8500000000000005,1.0,5.8500000000000005,1.5,1,1,0.0,0.0,0,Poll spillover active but signal file missing,House fundamentals calculated as 70%*2024 presidential margin + 30%*2020 presidential margin + national environment * district elasticity + state environment adjustment + incumbency + candidate quality + candidate event adjustment + special adjustment.,/Users/benyelin/Desktop/Desktop - Ben’s MacBook Air/senate_model_python_Q1_auto_calendar_candidate_refresh/inputs/national_environment.csv,,,0.0,0.0,0.0,False,,0.0,1.0,-62.29378846153846,5.75,3.097503339146646e-05,2.499875006249687e-05,-62.23264084598269,0.2322115384615384,Only R matched,,Robert Aderholt,0.0,-0.4423076923076923,Only R matched,0.0,0.0,0,,
AL,5,AL-5,Deep South,Rural,Unknown,Unknown,Unknown,Unknown,Unknown,Unknown College / Unknown White,Unknown College / Unknown White / Unknown Black / Unknown Hispanic / Unknown Income,standard,D_vs_R,,,AL,Deep South,Rural,0.0,"Strong, Dale",R,R,R,True,False,"Sneed, Andrew","Strong, Dale",,True,False,False,True,-29.0,-27.1,-20.7,-28.736,1.0,,5.8500000000000005,5.8500000000000005,-1.5,-0.97125,0.0,-25.35725,,0,False,-25.35725,0.0002749862506874,,-28.736,0.8,-0.2,-0.05,0.55,District type base: Rural=0.80. Partisan baseline adjustment: -0.20. Region adjustment: Deep South=-0.05. No manual override. Final elasticity: 0.55.,0.55,-1.5,4.52,-27.5,-31.62,5.8500000000000005,1.0,5.8500000000000005,1.5,1,1,0.0,0.0,0,Poll spillover active but signal file missing,House fundamentals calculated as 70%*2024 presidential margin + 30%*2020 presidential margin + national environment * district elasticity + state environment adjustment + incumbency + candidate quality + candidate event adjustment + special adjustment.,/Users/benyelin/Desktop/Desktop - Ben’s MacBook Air/senate_model_python_Q1_auto_calendar_candidate_refresh/inputs/national_environment.csv,,,0.0,0.0,0.0,False,,0.0,1.0,-25.35725,5.75,0.0143973611575235,0.0002749862506874,-25.342828425805553,-0.97125,Only R matched,,Dale Strong,0.0,1.85,Only R matched,0.0,0.0,0,,
AL,6,AL-6,Deep South,Rural,Unknown,Unknown,Unknown,Unknown,Unknown,Unknown College / Unknown White,Unknown College / Unknown White / Unknown Black / Unknown Hispanic / Unknown Income,standard,D_vs_R,,,AL,Deep South,Rural,0.0,"Palmer, Gary",R,R,R,True,False,"Mercer, Maurice","Palmer, Gary",,True,False,False,True,-34.99999999999999,-34.60000000000001,-26.699999999999992,-35.18599999999999,1.0,,5.8500000000000005,5.8500000000000005,-1.5,1.4374137931034483,0.0,-29.398586206896542,,0,False,-29.398586206896542,7.499625018749062e-05,,-35.18599999999999,0.8,-0.2,-0.05,0.55,District type base: Rural=0.80. Partisan baseline adjustment: -0.20. Region adjustment: Deep South=-0.05. No manual override. Final elasticity: 0.55.,0.55,-1.5,4.52,-33.49999999999999,-39.120000000000005,5.8500000000000005,1.0,5.8500000000000005,1.5,1,1,0.0,0.0,0,Poll spillover active but signal file missing,House fundamentals calculated as 70%*2024 presidential margin + 30%*2020 presidential margin + national environment * district elasticity + state environment adjustment + incumbency + candidate quality + candidate event adjustment + special adjustment.,/Users/benyelin/Desktop/Desktop - Ben’s MacBook Air/senate_model_python_Q1_auto_calendar_candidate_refresh/inputs/national_environment.csv,,,0.0,0.0,0.0,False,,0.0,1.0,-29.398586206896542,5.75,0.0073932703562605,7.499625018749062e-05,-29.332137286266573,1.4374137931034483,Only R matched,,Gary Palmer,0.0,-2.737931034482759,Only R matched,0.0,0.0,0,,
AL,7,AL-7,Deep South,Rural,Unknown,Unknown,Unknown,Unknown,Unknown,Unknown College / Unknown White,Unknown College / Unknown White / Unknown Black / Unknown Hispanic / Unknown Income,standard,D_vs_R,,,AL,Deep South,Rural,0.0,"Sewell, Terri",D,D,D,True,False,"Sewell, Terri","Akin, Ammie",,False,True,True,False,24.799999999999997,30.300000000000004,33.099999999999994,26.144,1.0,,5.8500000000000005,5.8500000000000005,1.5,0.28875,0.0,33.78275,,0,False,33.78275,0.9999250037498124,,26.144,0.8,-0.2,-0.05,0.55,District type base: Rural=0.80. Partisan baseline adjustment: -0.20. Region adjustment: Deep South=-0.05. No manual override. Final elasticity: 0.55.,0.55,-1.5,4.52,26.299999999999997,25.780000000000005,5.8500000000000005,1.0,5.8500000000000005,1.5,1,1,0.0,0.0,0,Poll spillover active but signal file missing,House fundamentals calculated as 70%*2024 presidential margin + 30%*2020 presidential margin + national environment * district elasticity + state environment adjustment + incumbency + candidate quality + candidate event adjustment + special adjustment.,/Users/benyelin/Desktop/Desktop - Ben’s MacBook Air/senate_model_python_Q1_auto_calendar_candidate_refresh/inputs/national_environment.csv,,,0.0,0.0,0.0,False,,0.0,1.0,33.78275,5.75,0.9964258891482912,0.9999250037498124,33.73229090386117,0.28875,Only D matched,Terri Sewell,,0.55,0.0,Only D matched,0.0,0.0,0,,
AK,AL,AK-AL,Northwest,Mixed,Low,High,Low,Unknown,Unknown,Low College / High White,Low College / High White / Low Black / Unknown Hispanic / Unknown Income,top_four_rcv,R_vs_I,,,AK,Northwest,Mixed,0.0,"Begich, Nick",R,R,R,True,False,,"Begich, Nick","Hill, Bill (I)",False,False,False,True,-13.1,-10.0,-4.8,-12.476,1.0,,5.8500000000000005,5.8500000000000005,-1.5,2.38875,0.0,-5.737249999999998,-19.0,1,True,-7.1298387499999984,0.1704664766761661,,-12.476,0.95,0.0,0.0,0.95,District type base: Mixed=0.95. Partisan baseline adjustment: +0.00. Region adjustment: Northwest=+0.00. No manual override. Final elasticity: 0.95.,0.95,-1.5,4.52,-11.6,-14.52,5.8500000000000005,1.0,5.8500000000000005,1.5,1,1,0.0,0.0,0,Poll spillover active but signal file missing,House fundamentals calculated as 70%*2024 presidential margin + 30%*2020 presidential margin + national environment * district elasticity + state environment adjustment + incumbency + candidate quality + candidate event adjustment + special adjustment.,/Users/benyelin/Desktop/Desktop - Ben’s MacBook Air/senate_model_python_Q1_auto_calendar_candidate_refresh/inputs/national_environment.csv,2026-07-17,53.0,0.6086737038093086,1.0,1.0,False,Manual House polling average from 1 poll(s): Alaska Survey Research,0.105,0.895,-7.1298387499999984,5.5990625,0.2335619611669795,0.1704664766761661,-7.140461675549351,2.38875,Only R matched,,Nick Begich,0.0,-4.55,Only R matched,0.0,0.0,0,,
AZ,1,AZ-1,Southwest,Suburban,Very High,High,Low,Low,Unknown,Very High College / High White,Very High College / High White / Low Black / Low Hispanic / Unknown Income,standard,D_vs_R,,,AZ,Southwest,Suburban,0.0,"Schweikert, David",R,R,R,False,True,"Shah, Amish","Feely, Jay",,True,True,False,False,-3.1,1.5,5.199999999999999,-2.026,1.0,,5.8500000000000005,5.8500000000000005,0.0,1.0499999999999998,0.0,4.8740000000000006,,0,False,4.8740000000000006,0.7411379431028449,,-2.026,1.1,0.1,0.0,1.2000000000000002,District type base: Suburban=1.10. Partisan baseline adjustment: +0.10. Region adjustment: Southwest=+0.00. No manual override. Final elasticity: 1.20.,1.2000000000000002,-1.5,4.52,-1.6,-3.0199999999999996,5.8500000000000005,1.0,5.8500000000000005,1.5,1,1,0.0,0.0,0,Poll spillover active but signal file missing,House fundamentals calculated as 70%*2024 presidential margin + 30%*2020 presidential margin + national environment * district elasticity + state environment adjustment + incumbency + candidate quality + candidate event adjustment + special adjustment.,/Users/benyelin/Desktop/Desktop - Ben’s MacBook Air/senate_model_python_Q1_auto_calendar_candidate_refresh/inputs/national_environment.csv,,,0.0,0.0,0.0,False,,0.0,1.0,4.8740000000000006,5.75,0.6926065004845213,0.7411379431028449,4.844877849931905,1.0499999999999998,Only D matched,Amish Shah,,2.0,0.0,Only D matched,0.0,0.0,0,,
AZ,2,AZ-2,Southwest,Mixed,Low,Medium,Low,Low,Unknown,Low College / Medium White,Low College / Medium White / Low Black / Low Hispanic / Unknown Income,standard,D_vs_R,,,AZ,Southwest,Mixed,0.0,"Crane, Eli",R,R,R,True,False,"Nez, Jonathan","Crane, Eli",,True,False,False,True,-14.9,-7.900000000000006,-6.600000000000001,-13.106,1.0,,5.8500000000000005,5.8500000000000005,-1.5,4.0,0.0,-4.756,-6.648003994947874,2,True,-5.157563514333912,0.2455127243637818,,-13.106,0.95,0.0,0.0,0.95,District type base: Mixed=0.95. Partisan baseline adjustment: +0.00. Region adjustment: Southwest=+0.00. No manual override. Final elasticity: 0.95.,0.95,-1.5,4.52,-13.4,-12.420000000000003,5.8500000000000005,1.0,5.8500000000000005,1.5,1,1,0.0,0.0,0,Poll spillover active but signal file missing,House fundamentals calculated as 70%*2024 presidential margin + 30%*2020 presidential margin + national environment * district elasticity + state environment adjustment + incumbency + candidate quality + candidate event adjustment + special adjustment.,/Users/benyelin/Desktop/Desktop - Ben’s MacBook Air/senate_model_python_Q1_auto_calendar_candidate_refresh/inputs/national_environment.csv,2026-08-20,37.0,0.8128569384628899,1.9972525239548455,0.5185447281912956,True,"Manual House polling average from 2 poll(s): GBAO, Peak Insights",0.2122424241207667,0.7877575758792332,-5.157563514333912,5.444901515326398,0.2974241945841048,0.2455127243637818,-5.144641176243997,4.0,Both matched,Jonathan Nez,Eli Crane,4.25,-2.93030303030303,Both matched,0.0,0.0,0,,
AZ,3,AZ-3,Southwest,Mixed,Low,Low,Medium,Very High,Unknown,Low College / Low White,Low College / Low White / Medium Black / Very High Hispanic / Unknown Income,standard,D_vs_R,,,AZ,Southwest,Mixed,0.0,"Ansari, Yassamin",D,D,D,True,False,"Ansari, Yassamin","Glenn, Nicholas ",,False,True,True,False,39.6,50.6,47.9,42.594,1.0,,5.8500000000000005,5.8500000000000005,1.5,0.76125,0.0,50.70525,,0,False,50.70525,0.9999750012499375,,42.594,0.95,-0.2,0.0,0.75,District type base: Mixed=0.95. Partisan baseline adjustment: -0.20. Region adjustment: Southwest=+0.00. No manual override. Final elasticity: 0.75.,0.75,-1.5,4.52,41.1,46.08,5.8500000000000005,1.0,5.8500000000000005,1.5,1,1,0.0,0.0,0,Poll spillover active but signal file missing,House fundamentals calculated as 70%*2024 presidential margin + 30%*2020 presidential margin + national environment * district elasticity + state environment adjustment + incumbency + candidate quality + candidate event adjustment + special adjustment.,/Users/benyelin/Desktop/Desktop - Ben’s MacBook Air/senate_model_python_Q1_auto_calendar_candidate_refresh/inputs/national_environment.csv,,,0.0,0.0,0.0,False,,0.0,1.0,50.70525,5.75,0.9997863323292664,0.9999750012499375,50.72373189803509,0.76125,Only D matched,Yassamin Ansari,,1.45,0.0,Only D matched,0.0,0.0,0,,
AZ,4,AZ-4,Southwest,Suburban,High,Medium,Low,Medium,Unknown,High College / Medium White,High College / Medium White / Low Black / Medium Hispanic / Unknown Income,standard,D_vs_R,,,AZ,Southwest,Suburban,0.0,"Stanton, Greg",D,D,D,True,False,"Stanton, Greg","Jasser, Zuhdi",,False,True,True,False,7.3,10.300000000000004,15.6,7.894000000000002,1.0,,5.8500000000000005,5.8500000000000005,1.5,0.2060054347826087,0.0,15.450005434782613,,0,False,15.450005434782613,0.97897605119744,,7.894000000000002,1.1,0.0,0.0,1.1,District type base: Suburban=1.10. Partisan baseline adjustment: +0.00. Region adjustment: Southwest=+0.00. No manual override. Final elasticity: 1.10.,1.1,-1.5,4.52,8.8,5.780000000000005,5.8500000000000005,1.0,5.8500000000000005,1.5,1,1,0.0,0.0,0,Poll spillover active but signal file missing,House fundamentals calculated as 70%*2024 presidential margin + 30%*2020 presidential margin + national environment * district elasticity + state environment adjustment + incumbency + candidate quality + candidate event adjustment + special adjustment.,/Users/benyelin/Desktop/Desktop - Ben’s MacBook Air/senate_model_python_Q1_auto_calendar_candidate_refresh/inputs/national_environment.csv,,,0.0,0.0,0.0,False,,0.0,1.0,15.450005434782613,5.75,0.9292352477064748,0.97897605119744,15.359944003795276,0.2060054347826087,Only D matched,Greg Stanton,,0.3923913043478261,0.0,Only D matched,0.0,0.0,0,,
AZ,5,AZ-5,Southwest,Suburban,High,High,Low,Medium,Unknown,High College / High White,High College / High White / Low Black / Medium Hispanic / Unknown Income,standard,D_vs_R,,,AZ,Southwest,Suburban,0.0,"Biggs, Andy",R,R,R,False,True,"Lee, Elizabeth","Lamb, Mike",,True,True,False,False,-19.9,-16.4,-11.599999999999998,-19.156,1.0,,5.8500000000000005,5.8500000000000005,0.0,0.0,0.0,-13.305999999999996,,0,False,-13.305999999999996,0.0395230238488075,,-19.156,1.1,-0.1,0.0,1.0,District type base: Suburban=1.10. Partisan baseline adjustment: -0.10. Region adjustment: Southwest=+0.00. No manual override. Final elasticity: 1.00.,1.0,-1.5,4.52,-18.4,-20.92,5.8500000000000005,1.0,5.8500000000000005,1.5,1,1,0.0,0.0,0,Poll spillover active but signal file missing,House fundamentals calculated as 70%*2024 presidential margin + 30%*2020 presidential margin + national environment * district elasticity + state environment adjustment + incumbency + candidate quality + candidate event adjustment + special adjustment.,/Users/benyelin/Desktop/Desktop - Ben’s MacBook Air/senate_model_python_Q1_auto_calendar_candidate_refresh/inputs/national_environment.csv,,,0.0,0.0,0.0,False,,0.0,1.0,-13.305999999999996,5.75,0.0981751966228623,0.0395230238488075,-13.183984895752562,0.0,Neither matched,,,0.0,0.0,Neither matched,0.0,0.0,0,,
AZ,6,AZ-6,Southwest,Mixed,High,High,Low,Medium,Unknown,High College / High White,High College / High White / Low Black / Medium Hispanic / Unknown Income,standard,D_vs_R,,,AZ,Southwest,Mixed,0.0,"Ciscomani, Juan",R,R,R,True,False,"Mendoza, JoAnn","Ciscomani, Juan",,True,False,False,True,-0.7,0.0999999999999943,7.6,-0.7660000000000017,1.0,,5.8500000000000005,5.8500000000000005,-1.5,0.7540909090909091,0.0,4.338090909090908,2.1075731051734623,3,True,3.633628920958348,0.6880905954702264,,-0.7660000000000017,0.95,0.1,0.0,1.05,District type base: Mixed=0.95. Partisan baseline adjustment: +0.10. Region adjustment: Southwest=+0.00. No manual override. Final elasticity: 1.05.,1.05,-1.5,4.52,0.8,-4.420000000000005,5.8500000000000005,1.0,5.8500000000000005,1.5,1,1,0.0,0.0,0,Poll spillover active but signal file missing,House fundamentals calculated as 70%*2024 presidential margin + 30%*2020 presidential margin + national environment * district elasticity + state environment adjustment + incumbency + candidate quality + candidate event adjustment + special adjustment.,/Users/benyelin/Desktop/Desktop - Ben’s MacBook Air/senate_model_python_Q1_auto_calendar_candidate_refresh/inputs/national_environment.csv,2026-06-11,118.66666666666669,0.5710414403843652,2.4082890165472692,0.4984039643085032,False,"Manual House polling average from 3 poll(s): House Majority PAC, PPP, Ragnar",0.3158289016547269,0.6841710983452731,3.633628920958348,5.29599595387133,0.6469375514152302,0.6880905954702264,3.643398175383647,0.7540909090909091,Only R matched,,Juan Ciscomani,0.0,-1.4363636363636365,Only R matched,0.0,0.0,0,,
AZ,7,AZ-7,Southwest,Mixed,Low,Low,Low,Very High,Unknown,Low College / Low White,Low College / Low White / Low Black / Very High Hispanic / Unknown Income,standard,D_vs_R,,,AZ,Southwest,Mixed,0.0,"Grijalva, Adelita",D,D,D,True,False,"Grijalva, Adelita","Butierez, Daniel",,False,True,True,False,22.1,32.699999999999996,30.4,24.973999999999997,1.0,,5.8500000000000005,5.8500000000000005,1.5,0.1575,0.0,32.4815,,0,False,32.4815,0.9999250037498124,,24.973999999999997,0.95,-0.1,0.0,0.85,District type base: Mixed=0.95. Partisan baseline adjustment: -0.10. Region adjustment: Southwest=+0.00. No manual override. Final elasticity: 0.85.,0.85,-1.5,4.52,23.6,28.179999999999996,5.8500000000000005,1.0,5.8500000000000005,1.5,1,1,0.0,0.0,0,Poll spillover active but signal file missing,House fundamentals calculated as 70%*2024 presidential margin + 30%*2020 presidential margin + national environment * district elasticity + state environment adjustment + incumbency + candidate quality + candidate event adjustment + special adjustment.,/Users/benyelin/Desktop/Desktop - Ben’s MacBook Air/senate_model_python_Q1_auto_calendar_candidate_refresh/inputs/national_environment.csv,,,0.0,0.0,0.0,False,,0.0,1.0,32.4815,5.75,0.9955641192041276,0.9999250037498124,32.51562997359336,0.1575,Only R matched,,Daniel Butierez,0.0,-0.3,Only R matched,0.0,0.0,0,,
AZ,8,AZ-8,Southwest,Mixed,Medium,High,Low,Medium,Unknown,Medium College / High White,Medium College / High White / Low Black / Medium Hispanic / Unknown Income,standard,D_vs_R,,,AZ,Southwest,Mixed,0.0,"Hamadeh, Abe",R,R,R,True,False,"Greene-Placentia, Bernadette","Hamadeh, Abraham",,True,False,False,True,-16.3,-13.6,-8.0,-15.796,1.0,,5.8500000000000005,5.8500000000000005,-1.5,1.6799999999999995,0.0,-9.765999999999998,,0,False,-9.765999999999998,0.0970701464926753,,-15.796,0.95,-0.1,0.0,0.85,District type base: Mixed=0.95. Partisan baseline adjustment: -0.10. Region adjustment: Southwest=+0.00. No manual override. Final elasticity: 0.85.,0.85,-1.5,4.52,-14.8,-18.119999999999997,5.8500000000000005,1.0,5.8500000000000005,1.5,1,1,0.0,0.0,0,Poll spillover active but signal file missing,House fundamentals calculated as 70%*2024 presidential margin + 30%*2020 presidential margin + national environment * district elasticity + state environment adjustment + incumbency + candidate quality + candidate event adjustment + special adjustment.,/Users/benyelin/Desktop/Desktop - Ben’s MacBook Air/senate_model_python_Q1_auto_calendar_candidate_refresh/inputs/national_environment.csv,,,0.0,0.0,0.0,False,,0.0,1.0,-9.765999999999998,5.75,0.164150255274364,0.0970701464926753,-9.693786792597498,1.6799999999999995,Only R matched,,Abraham Hamadeh,0.0,-3.2,Only R matched,0.0,0.0,0,,
AZ,9,AZ-9,Southwest,Rural,Low,High,Low,Medium,Unknown,Low College / High White,Low College / High White / Low Black / Medium Hispanic / Unknown Income,standard,D_vs_R,,,AZ,Southwest,Rural,0.0,"Gosar, Paul",R,R,R,True,False,"Sterbinsky, Danielle","Gosar, Paul",,True,False,False,True,-31.0,-25.800000000000004,-22.7,-29.746,1.0,,5.8500000000000005,5.8500000000000005,-1.5,0.8499324324324323,0.0,-24.546067567567565,,0,False,-24.546067567567565,0.0003249837508124,,-29.746,0.8,-0.2,0.0,0.6000000000000001,District type base: Rural=0.80. Partisan baseline adjustment: -0.20. Region adjustment: Southwest=+0.00. No manual override. Final elasticity: 0.60.,0.6000000000000001,-1.5,4.52,-29.5,-30.320000000000004,5.8500000000000005,1.0,5.8500000000000005,1.5,1,1,0.0,0.0,0,Poll spillover active but signal file missing,House fundamentals calculated as 70%*2024 presidential margin + 30%*2020 presidential margin + national environment * district elasticity + state environment adjustment + incumbency + candidate quality + candidate event adjustment + special adjustment.,/Users/benyelin/Desktop/Desktop - Ben’s MacBook Air/senate_model_python_Q1_auto_calendar_candidate_refresh/inputs/national_environment.csv,,,0.0,0.0,0.0,False,,0.0,1.0,-24.546067567567565,5.75,0.0164472778259953,0.0003249837508124,-24.534954197321692,0.8499324324324323,Only R matched,,Paul Gosar,0.0,-1.6189189189189188,Only R matched,0.0,0.0,0,,
AR,1,AR-1,Middle South,Rural,Low,Very High,Medium,Low,Unknown,Low College / Very High White,Low College / Very High White / Medium Black / Low Hispanic / Unknown Income,standard,D_vs_R,,,AR,Middle South,Rural,0.0,"Crawford, Rick",R,R,R,True,False,"Yarbrough Green, Terri","Crawford, Rick",,True,False,False,True,-45.3,-40.9,-37.0,-44.285999999999994,1.0,,5.8500000000000005,5.8500000000000005,-1.5,-0.4597115384615384,0.0,-40.39571153846153,,0,False,-40.39571153846153,2.499875006249687e-05,,-44.285999999999994,0.8,-0.2,0.0,0.6000000000000001,District type base: Rural=0.80. Partisan baseline adjustment: -0.20. Region adjustment: Middle South=+0.00. No manual override. Final elasticity: 0.60.,0.6000000000000001,-1.5,4.52,-43.8,-45.42,5.8500000000000005,1.0,5.8500000000000005,1.5,1,1,0.0,0.0,0,Poll spillover active but signal file missing,House fundamentals calculated as 70%*2024 presidential margin + 30%*2020 presidential margin + national environment * district elasticity + state environment adjustment + incumbency + candidate quality + candidate event adjustment + special adjustment.,/Users/benyelin/Desktop/Desktop - Ben’s MacBook Air/senate_model_python_Q1_auto_calendar_candidate_refresh/inputs/national_environment.csv,,,0.0,0.0,0.0,False,,0.0,1.0,-40.39571153846153,5.75,0.0011899912918753,2.499875006249687e-05,-40.44505864953111,-0.4597115384615384,Only R matched,,Rick Crawford,0.0,0.8756410256410255,Only R matched,0.0,0.0,0,,
AR,2,AR-2,Middle South,Rural,Medium,High,Medium,Low,Unknown,Medium College / High White,Medium College / High White / Medium Black / Low Hispanic / Unknown Income,standard,D_vs_R,,,AR,Middle South,Rural,0.0,"Hill, French",R,R,R,True,False,"Jones, Chris","Hill, French",,True,False,False,True,-15.6,-13.1,-7.300000000000001,-15.156,1.0,,5.8500000000000005,5.8500000000000005,-1.5,0.271425,0.0,-10.534574999999997,,0,False,-10.534574999999997,0.0812709364531773,,-15.156,0.8,-0.1,0.0,0.7000000000000001,District type base: Rural=0.80. Partisan baseline adjustment: -0.10. Region adjustment: Middle South=+0.00. No manual override. Final elasticity: 0.70.,0.7000000000000001,-1.5,4.52,-14.1,-17.619999999999997,5.8500000000000005,1.0,5.8500000000000005,1.5,1,1,0.0,0.0,0,Poll spillover active but signal file missing,House fundamentals calculated as 70%*2024 presidential margin + 30%*2020 presidential margin + national environment * district elasticity + state environment adjustment + incumbency + candidate quality + candidate event adjustment + special adjustment.,/Users/benyelin/Desktop/Desktop - Ben’s MacBook Air/senate_model_python_Q1_auto_calendar_candidate_refresh/inputs/national_environment.csv,,,0.0,0.0,0.0,False,,0.0,1.0,-10.534574999999997,5.75,0.1473218514744077,0.0812709364531773,-10.581045668521332,0.271425,Only R matched,,French Hill,0.0,-0.517,Only R matched,0.0,0.0,0,,
AR,3,AR-3,Middle South,Rural,Medium,High,Low,Low,Unknown,Medium College / High White,Medium College / High White / Low Black / Low Hispanic / Unknown Income,standard,D_vs_R,,,AR,Middle South,Rural,0.0,"Womack, Steve",R,R,R,True,False,"Ryerse, Robb","Womack, Steve",,True,False,False,True,-24.9,-23.40000000000001,-16.599999999999998,-24.756,1.0,,5.8500000000000005,5.8500000000000005,-1.5,-0.2664945652173913,0.0,-20.67249456521739,,0,False,-20.67249456521739,0.0025748712564371,,-24.756,0.8,-0.1,0.0,0.7000000000000001,District type base: Rural=0.80. Partisan baseline adjustment: -0.10. Region adjustment: Middle South=+0.00. No manual override. Final elasticity: 0.70.,0.7000000000000001,-1.5,4.52,-23.4,-27.92000000000001,5.8500000000000005,1.0,5.8500000000000005,1.5,1,1,0.0,0.0,0,Poll spillover active but signal file missing,House fundamentals calculated as 70%*2024 presidential margin + 30%*2020 presidential margin + national environment * district elasticity + state environment adjustment + incumbency + candidate quality + candidate event adjustment + special adjustment.,/Users/benyelin/Desktop/Desktop - Ben’s MacBook Air/senate_model_python_Q1_auto_calendar_candidate_refresh/inputs/national_environment.csv,,,0.0,0.0,0.0,False,,0.0,1.0,-20.67249456521739,5.75,0.0309058656327836,0.0025748712564371,-20.699215322275315,-0.2664945652173913,Only R matched,,Steve Womack,0.0,0.5076086956521739,Only R matched,0.0,0.0,0,,
AR,4,AR-4,Middle South,Rural,Low,High,Medium,Low,Unknown,Low College / High White,Low College / High White / Medium Black / Low Hispanic / Unknown Income,standard,D_vs_R,,,AR,Middle South,Rural,0.0,"Westerman, Bruce",R,R,R,True,False,"Russell, James","Westerman, Bruce",,True,False,False,True,-39.9,-35.2,-31.6,-38.796,1.0,,5.8500000000000005,5.8500000000000005,-1.5,-0.3937499999999999,0.0,-34.839749999999995,,0,False,-34.839749999999995,2.499875006249687e-05,,-38.796,0.8,-0.2,0.0,0.6000000000000001,District type base: Rural=0.80. Partisan baseline adjustment: -0.20. Region adjustment: Middle South=+0.00. No manual override. Final elasticity: 0.60.,0.6000000000000001,-1.5,4.52,-38.4,-39.72,5.8500000000000005,1.0,5.8500000000000005,1.5,1,1,0.0,0.0,0,Poll spillover active but signal file missing,House fundamentals calculated as 70%*2024 presidential margin + 30%*2020 presidential margin + national environment * district elasticity + state environment adjustment + incumbency + candidate quality + candidate event adjustment + special adjustment.,/Users/benyelin/Desktop/Desktop - Ben’s MacBook Air/senate_model_python_Q1_auto_calendar_candidate_refresh/inputs/national_environment.csv,,,0.0,0.0,0.0,False,,0.0,1.0,-34.839749999999995,5.75,0.0029985451743547,2.499875006249687e-05,-34.870536553367906,-0.3937499999999999,Only R matched,,Bruce Westerman,0.0,0.75,Only R matched,0.0,0.0,0,,
CA,1,CA-1,Pacific,Mixed,Medium,High,Low,Medium,Unknown,Medium College / High White,Medium College / High White / Low Black / Medium Hispanic / Unknown Income,top_two,D_vs_R,,,CA,Pacific,Mixed,0.0,NONE,Vacant,Vacant,Vacant,False,True,"McGuire, Mike","Gallagher, James",,True,True,False,False,12.2,17.800000000000004,20.5,13.574,1.0,,5.8500000000000005,5.8500000000000005,0.0,0.0,0.0,19.424,,0,False,19.424,0.9950252487375632,,13.574,0.95,0.0,-0.05,0.8999999999999999,District type base: Mixed=0.95. Partisan baseline adjustment: +0.00. Region adjustment: Pacific=-0.05. No manual override. Final elasticity: 0.90.,0.8999999999999999,-1.5,4.52,13.7,13.280000000000005,5.8500000000000005,1.0,5.8500000000000005,1.5,1,1,0.0,0.0,0,Poll spillover active but signal file missing,House fundamentals calculated as 70%*2024 presidential margin + 30%*2020 presidential margin + national environment * district elasticity + state environment adjustment + incumbency + candidate quality + candidate event adjustment + special adjustment.,/Users/benyelin/Desktop/Desktop - Ben’s MacBook Air/senate_model_python_Q1_auto_calendar_candidate_refresh/inputs/national_environment.csv,,,0.0,0.0,0.0,False,,0.0,1.0,19.424,5.75,0.9622152768011956,0.9950252487375632,19.31181072570342,0.0,Neither matched,,,0.0,0.0,Neither matched,0.0,0.0,0,,
CA,2,CA-2,Pacific,Mixed,High,High,Low,Low,Unknown,High College / High White,High College / High White / Low Black / Low Hispanic / Unknown Income,top_two,D_vs_R,,,CA,Pacific,Mixed,0.0,"Huffman, Jared",D,D,D,False,True,"Huffman, Jared","Littau, Robert",,True,True,False,False,24.6,28.4,32.900000000000006,25.433999999999997,1.0,,5.8500000000000005,5.8500000000000005,0.0,-0.3160499999999999,0.0,30.96795,,0,False,30.96795,0.9999750012499375,,25.433999999999997,0.95,-0.2,-0.05,0.7,District type base: Mixed=0.95. Partisan baseline adjustment: -0.20. Region adjustment: Pacific=-0.05. No manual override. Final elasticity: 0.70.,0.7,-1.5,4.52,26.1,23.88,5.8500000000000005,1.0,5.8500000000000005,1.5,1,1,0.0,0.0,0,Poll spillover active but signal file missing,House fundamentals calculated as 70%*2024 presidential margin + 30%*2020 presidential margin + national environment * district elasticity + state environment adjustment + incumbency + candidate quality + candidate event adjustment + special adjustment.,/Users/benyelin/Desktop/Desktop - Ben’s MacBook Air/senate_model_python_Q1_auto_calendar_candidate_refresh/inputs/national_environment.csv,,,0.0,0.0,0.0,False,,0.0,1.0,30.96795,5.75,0.9942985954351672,0.9999750012499375,30.95605951722337,-0.3160499999999999,Only D matched,Jared Huffman,,-0.602,0.0,Only D matched,0.0,0.0,0,,
CA,3,CA-3,Pacific,Mixed,High,High,Low,Medium,Unknown,High College / High White,High College / High White / Low Black / Medium Hispanic / Unknown Income,top_two,D_vs_R,,,CA,Pacific,Mixed,0.0,"Bera, Ami",D,D,D,True,False,"Bera, Ami","Tucker, Robb",,False,True,True,False,10.1,14.0,18.4,10.964,1.0,,5.8500000000000005,5.8500000000000005,1.5,-0.485625,0.0,17.828375,,0,False,17.828375,0.9908754562271886,,10.964,0.95,0.0,-0.05,0.8999999999999999,District type base: Mixed=0.95. Partisan baseline adjustment: +0.00. Region adjustment: Pacific=-0.05. No manual override. Final elasticity: 0.90.,0.8999999999999999,-1.5,4.52,11.6,9.48,5.8500000000000005,1.0,5.8500000000000005,1.5,1,1,0.0,0.0,0,Poll spillover active but signal file missing,House fundamentals calculated as 70%*2024 presidential margin + 30%*2020 presidential margin + national environment * district elasticity + state environment adjustment + incumbency + candidate quality + candidate event adjustment + special adjustment.,/Users/benyelin/Desktop/Desktop - Ben’s MacBook Air/senate_model_python_Q1_auto_calendar_candidate_refresh/inputs/national_environment.csv,,,0.0,0.0,0.0,False,,0.0,1.0,17.828375,5.75,0.9512650284346316,0.9908754562271886,17.80711900187679,-0.485625,Only D matched,Ami Bera,,-0.925,0.0,Only D matched,0.0,0.0,0,,
CA,4,CA-4,Pacific,Mixed,Medium,Medium,Low,Medium,Unknown,Medium College / Medium White,Medium College / Medium White / Low Black / Medium Hispanic / Unknown Income,top_two,D_vs_D,,,CA,Pacific,Mixed,0.0,"Thompson, Mike",D,D,D,True,False,"Thompson, Mike",,"Jones, Eric",False,False,True,False,14.5,21.1,22.8,16.174,1.0,,5.8500000000000005,5.8500000000000005,1.5,0.0876988636363635,0.0,23.611698863636363,,0,False,23.611698863636363,1.0,,16.174,0.95,-0.1,-0.05,0.7999999999999999,District type base: Mixed=0.95. Partisan baseline adjustment: -0.10. Region adjustment: Pacific=-0.05. No manual override. Final elasticity: 0.80.,0.7999999999999999,-1.5,4.52,16.0,16.580000000000002,5.8500000000000005,1.0,5.8500000000000005,1.5,1,1,0.0,0.0,0,Poll spillover active but signal file missing,House fundamentals calculated as 70%*2024 presidential margin + 30%*2020 presidential margin + national environment * district elasticity + state environment adjustment + incumbency + candidate quality + candidate event adjustment + special adjustment.,/Users/benyelin/Desktop/Desktop - Ben’s MacBook Air/senate_model_python_Q1_auto_calendar_candidate_refresh/inputs/national_environment.csv,,,0.0,0.0,0.0,False,,0.0,1.0,23.611698863636363,5.75,1.0,1.0,23.54609648228761,0.0876988636363635,Only D matched,Mike Thompson,,0.1670454545454544,0.0,Only D matched,0.0,0.0,0,,
CA,5,CA-5,Pacific,Rural,Medium,Medium,Low,Medium,Unknown,Medium College / Medium White,Medium College / Medium White / Low Black / Medium Hispanic / Unknown Income,top_two,D_vs_R,,,CA,Pacific,Rural,0.0,"McClintock, Tom",R,R,R,True,False,"Mesuda, Michael","McClintock, Tom",,True,False,False,True,-20.6,-14.5,-12.3,-19.076,1.0,,5.8500000000000005,5.8500000000000005,-1.5,-0.0032142857142857,0.0,-14.729214285714283,,0,False,-14.729214285714283,0.0262236888155592,,-19.076,0.8,-0.1,-0.05,0.65,District type base: Rural=0.80. Partisan baseline adjustment: -0.10. Region adjustment: Pacific=-0.05. No manual override. Final elasticity: 0.65.,0.65,-1.5,4.52,-19.1,-19.02,5.8500000000000005,1.0,5.8500000000000005,1.5,1,1,0.0,0.0,0,Poll spillover active but signal file missing,House fundamentals calculated as 70%*2024 presidential margin + 30%*2020 presidential margin + national environment * district elasticity + state environment adjustment + incumbency + candidate quality + candidate event adjustment + special adjustment.,/Users/benyelin/Desktop/Desktop - Ben’s MacBook Air/senate_model_python_Q1_auto_calendar_candidate_refresh/inputs/national_environment.csv,,,0.0,0.0,0.0,False,,0.0,1.0,-14.729214285714283,5.75,0.0790832134828238,0.0262236888155592,-14.827367157157177,-0.0032142857142857,Only R matched,,Tom McClintock,0.0,0.0061224489795918,Only R matched,0.0,0.0,0,,
CA,6,CA-6,Pacific,Mixed,Medium,Medium,Low,Medium,Unknown,Medium College / Medium White,Medium College / Medium White / Low Black / Medium Hispanic / Unknown Income,top_two,D_vs_R,,,CA,Pacific,Mixed,0.0,"Kiley, Kevin",R,R,R,True,False,"Pan, Richard","Kiley, Kevin",,True,False,False,True,8.3,12.6,16.6,9.284,1.0,,5.8500000000000005,5.8500000000000005,-1.5,-0.2513636363636363,0.0,13.382636363636363,,0,False,13.382636363636363,0.9605769711514424,,9.284,0.95,0.0,-0.05,0.8999999999999999,District type base: Mixed=0.95. Partisan baseline adjustment: +0.00. Region adjustment: Pacific=-0.05. No manual override. Final elasticity: 0.90.,0.8999999999999999,-1.5,4.52,9.8,8.08,5.8500000000000005,1.0,5.8500000000000005,1.5,1,1,0.0,0.0,0,Poll spillover active but signal file missing,House fundamentals calculated as 70%*2024 presidential margin + 30%*2020 presidential margin + national environment * district elasticity + state environment adjustment + incumbency + candidate quality + candidate event adjustment + special adjustment.,/Users/benyelin/Desktop/Desktop - Ben’s MacBook Air/senate_model_python_Q1_auto_calendar_candidate_refresh/inputs/national_environment.csv,,,0.0,0.0,0.0,False,,0.0,1.0,13.382636363636363,5.75,0.9029498705383566,0.9605769711514424,13.340830899247818,-0.2513636363636363,Only R matched,,Kevin Kiley,0.0,0.4787878787878788,Only R matched,0.0,0.0,0,,
CA,7,CA-7,Pacific,Mixed,Medium,Low,Medium,Medium,Unknown,Medium College / Low White,Medium College / Low White / Medium Black / Medium Hispanic / Unknown Income,top_two,D_vs_D,,,CA,Pacific,Mixed,0.0,"Matsui, Doris",D,D,D,True,False,"Matsui, Doris",,"Vang, Mai",False,False,True,False,12.8,19.6,21.1,14.534,1.0,,5.8500000000000005,5.8500000000000005,1.5,0.4765833333333334,0.0,22.360583333333334,,0,False,22.360583333333334,1.0,,14.534,0.95,0.0,-0.05,0.8999999999999999,District type base: Mixed=0.95. Partisan baseline adjustment: +0.00. Region adjustment: Pacific=-0.05. No manual override. Final elasticity: 0.90.,0.8999999999999999,-1.5,4.52,14.3,15.080000000000002,5.8500000000000005,1.0,5.8500000000000005,1.5,1,1,0.0,0.0,0,Poll spillover active but signal file missing,House fundamentals calculated as 70%*2024 presidential margin + 30%*2020 presidential margin + national environment * district elasticity + state environment adjustment + incumbency + candidate quality + candidate event adjustment + special adjustment.,/Users/benyelin/Desktop/Desktop - Ben’s MacBook Air/senate_model_python_Q1_auto_calendar_candidate_refresh/inputs/national_environment.csv,,,0.0,0.0,0.0,False,,0.0,1.0,22.360583333333334,5.75,1.0,1.0,22.299173946906873,0.4765833333333334,Only D matched,Doris Matsui,,0.907777777777778,0.0,Only D matched,0.0,0.0,0,,
CA,8,CA-8,Pacific,Exurban,Medium,Low,Medium,Medium,Unknown,Medium College / Low White,Medium College / Low White / Medium Black / Medium Hispanic / Unknown Income,top_two,D_vs_R,,,CA,Pacific,Exurban,0.0,"Garamendi, John",D,D,D,True,False,"Garamendi, John","Recile, Rudy",,False,True,True,False,34.0,42.6,42.3,36.274,1.0,,5.8500000000000005,5.8500000000000005,1.5,0.0231212121212121,0.0,43.64712121212121,,0,False,43.64712121212121,0.9999750012499375,,36.274,1.0,-0.2,-0.05,0.75,District type base: Exurban=1.00. Partisan baseline adjustment: -0.20. Region adjustment: Pacific=-0.05. No manual override. Final elasticity: 0.75.,0.75,-1.5,4.52,35.5,38.08,5.8500000000000005,1.0,5.8500000000000005,1.5,1,1,0.0,0.0,0,Poll spillover active but signal file missing,House fundamentals calculated as 70%*2024 presidential margin + 30%*2020 presidential margin + national environment * district elasticity + state environment adjustment + incumbency + candidate quality + candidate event adjustment + special adjustment.,/Users/benyelin/Desktop/Desktop - Ben’s MacBook Air/senate_model_python_Q1_auto_calendar_candidate_refresh/inputs/national_environment.csv,,,0.0,0.0,0.0,False,,0.0,1.0,43.64712121212121,5.75,0.9993075073506066,0.9999750012499375,43.605323292318005,0.0231212121212121,Both matched,John Garamendi,Rudy Recile,-0.1699999999999999,-0.2030303030303031,Both matched,0.0,0.0,0,,
CA,9,CA-9,Pacific,Exurban,Low,Low,Medium,High,Unknown,Low College / Low White,Low College / Low White / Medium Black / High Hispanic / Unknown Income,top_two,D_vs_R,,,CA,Pacific,Exurban,0.0,"Harder, Josh",D,D,D,True,False,"Harder, Josh","McBride, John",,False,True,True,False,11.4,26.200000000000003,19.7,15.534,1.0,,5.8500000000000005,5.8500000000000005,1.5,0.6117391304347827,0.0,23.49573913043478,,0,False,23.49573913043478,0.9986250687465626,,15.534,1.0,-0.1,-0.05,0.85,District type base: Exurban=1.00. Partisan baseline adjustment: -0.10. Region adjustment: Pacific=-0.05. No manual override. Final elasticity: 0.85.,0.85,-1.5,4.52,12.9,21.680000000000003,5.8500000000000005,1.0,5.8500000000000005,1.5,1,1,0.0,0.0,0,Poll spillover active but signal file missing,House fundamentals calculated as 70%*2024 presidential margin + 30%*2020 presidential margin + national environment * district elasticity + state environment adjustment + incumbency + candidate quality + candidate event adjustment + special adjustment.,/Users/benyelin/Desktop/Desktop - Ben’s MacBook Air/senate_model_python_Q1_auto_calendar_candidate_refresh/inputs/national_environment.csv,,,0.0,0.0,0.0,False,,0.0,1.0,23.49573913043478,5.75,0.9804676296114052,0.9986250687465626,23.44308916661632,0.6117391304347827,Only D matched,Josh Harder,,1.165217391304348,0.0,Only D matched,0.0,0.0,0,,
CA,10,CA-10,Pacific,Suburban,Very High,Medium,Low,Medium,Unknown,Very High College / Medium White,Very High College / Medium White / Low Black / Medium Hispanic / Unknown Income,top_two,D_vs_R,,,CA,Pacific,Suburban,0.0,"DeSaulnier, Mark",D,D,D,True,False,"DeSaulnier, Mark","Frese, Jeffrey",,False,True,True,False,33.5,38.6,41.8,34.724,1.0,,5.8500000000000005,5.8500000000000005,1.5,-1.047162162162162,0.0,41.02683783783784,,0,False,41.02683783783784,0.9999750012499375,,34.724,1.1,-0.2,-0.05,0.8500000000000001,District type base: Suburban=1.10. Partisan baseline adjustment: -0.20. Region adjustment: Pacific=-0.05. No manual override. Final elasticity: 0.85.,0.8500000000000001,-1.5,4.52,35.0,34.08,5.8500000000000005,1.0,5.8500000000000005,1.5,1,1,0.0,0.0,0,Poll spillover active but signal file missing,House fundamentals calculated as 70%*2024 presidential margin + 30%*2020 presidential margin + national environment * district elasticity + state environment adjustment + incumbency + candidate quality + candidate event adjustment + special adjustment.,/Users/benyelin/Desktop/Desktop - Ben’s MacBook Air/senate_model_python_Q1_auto_calendar_candidate_refresh/inputs/national_environment.csv,,,0.0,0.0,0.0,False,,0.0,1.0,41.02683783783784,5.75,0.9989286954688184,0.9999750012499375,41.06650490370019,-1.047162162162162,Only D matched,Mark DeSaulnier,,-1.9945945945945944,0.0,Only D matched,0.0,0.0,0,,
CA,11,CA-11,Pacific,Urban,Very High,Low,Low,Low,Unknown,Very High College / Low White,Very High College / Low White / Low Black / Low Hispanic / Unknown Income,top_two,D_vs_D,,,CA,Pacific,Urban,0.0,"Pelosi, Nancy",D,D,D,False,True,"Weiner, Scott",,"Chan, Connie",True,False,False,False,67.7,74.6,76.0,69.464,1.0,,5.8500000000000005,5.8500000000000005,0.0,0.0,0.0,75.314,,0,False,75.314,1.0,,69.464,0.7,-0.2,-0.05,0.55,District type base: Urban=0.70. Partisan baseline adjustment: -0.20. Region adjustment: Pacific=-0.05. No manual override. Final elasticity: 0.55.,0.55,-1.5,4.52,69.2,70.08,5.8500000000000005,1.0,5.8500000000000005,1.5,1,1,0.0,0.0,0,Poll spillover active but signal file missing,House fundamentals calculated as 70%*2024 presidential margin + 30%*2020 presidential margin + national environment * district elasticity + state environment adjustment + incumbency + candidate quality + candidate event adjustment + special adjustment.,/Users/benyelin/Desktop/Desktop - Ben’s MacBook Air/senate_model_python_Q1_auto_calendar_candidate_refresh/inputs/national_environment.csv,,,0.0,0.0,0.0,False,,0.0,1.0,75.314,5.75,1.0,1.0,75.33664522621957,0.0,Neither matched,,,0.0,0.0,Neither matched,0.0,0.0,0,,
CA,12,CA-12,Pacific,Urban,Very High,Low,Medium,Medium,Unknown,Very High College / Low White,Very High College / Low White / Medium Black / Medium Hispanic / Unknown Income,top_two,D_vs_D,,,CA,Pacific,Urban,0.0,"Simon, Lateefah",D,D,D,True,False,"Simon, Lateefah",,"Joyce, Jamie",False,False,True,False,73.8,80.7,82.1,75.564,1.0,,5.8500000000000005,5.8500000000000005,1.5,0.0,0.0,82.91399999999999,,0,False,82.91399999999999,1.0,,75.564,0.7,-0.2,-0.05,0.55,District type base: Urban=0.70. Partisan baseline adjustment: -0.20. Region adjustment: Pacific=-0.05. No manual override. Final elasticity: 0.55.,0.55,-1.5,4.52,75.3,76.18,5.8500000000000005,1.0,5.8500000000000005,1.5,1,1,0.0,0.0,0,Poll spillover active but signal file missing,House fundamentals calculated as 70%*2024 presidential margin + 30%*2020 presidential margin + national environment * district elasticity + state environment adjustment + incumbency + candidate quality + candidate event adjustment + special adjustment.,/Users/benyelin/Desktop/Desktop - Ben’s MacBook Air/senate_model_python_Q1_auto_calendar_candidate_refresh/inputs/national_environment.csv,,,0.0,0.0,0.0,False,,0.0,1.0,82.91399999999999,5.75,1.0,1.0,82.925924969657,0.0,Neither matched,,,0.0,0.0,Neither matched,0.0,0.0,0,,
CA,13,CA-13,Pacific,Mixed,Low,Low,Low,Very High,Unknown,Low College / Low White,Low College / Low White / Low Black / Very High Hispanic / Unknown Income,top_two,D_vs_R,,,CA,Pacific,Mixed,0.0,"Gray, Adam",D,D,D,True,False,"Gray, Adam","Lincoln, Kevin",,False,True,True,False,0.4,17.700000000000003,8.7,5.284000000000001,1.0,,5.8500000000000005,5.8500000000000005,1.5,0.7095454545454545,0.0,13.343545454545454,,0,False,13.343545454545454,0.9586770661466928,,5.284000000000001,0.95,0.0,-0.05,0.8999999999999999,District type base: Mixed=0.95. Partisan baseline adjustment: +0.00. Region adjustment: Pacific=-0.05. No manual override. Final elasticity: 0.90.,0.8999999999999999,-1.5,4.52,1.9,13.180000000000003,5.8500000000000005,1.0,5.8500000000000005,1.5,1,1,0.0,0.0,0,Poll spillover active but signal file missing,House fundamentals calculated as 70%*2024 presidential margin + 30%*2020 presidential margin + national environment * district elasticity + state environment adjustment + incumbency + candidate quality + candidate event adjustment + special adjustment.,/Users/benyelin/Desktop/Desktop - Ben’s MacBook Air/senate_model_python_Q1_auto_calendar_candidate_refresh/inputs/national_environment.csv,,,0.0,0.0,0.0,False,,0.0,1.0,13.343545454545454,5.75,0.9023774379071454,0.9586770661466928,13.27186313547218,0.7095454545454545,Both matched,Adam Gray,Kevin Lincoln,1.0636363636363635,0.05,Both matched,0.0,0.0,0,,
CA,14,CA-14,Pacific,Suburban,Very High,Low,Low,Medium,Unknown,Very High College / Low White,Very High College / Low White / Low Black / Medium Hispanic / Unknown Income,top_two,D_vs_D,,,CA,Pacific,Suburban,0.0,VACANT,Vacant,Vacant,Vacant,False,True,"Wahab, Aisha",,"Hernandez, Melissa",True,False,False,False,34.7,45.5,43.0,37.634,1.0,,5.8500000000000005,5.8500000000000005,0.0,0.0,0.0,43.484,,0,False,43.484,1.0,,37.634,1.1,-0.2,-0.05,0.8500000000000001,District type base: Suburban=1.10. Partisan baseline adjustment: -0.20. Region adjustment: Pacific=-0.05. No manual override. Final elasticity: 0.85.,0.8500000000000001,-1.5,4.52,36.2,40.98,5.8500000000000005,1.0,5.8500000000000005,1.5,1,1,0.0,0.0,0,Poll spillover active but signal file missing,House fundamentals calculated as 70%*2024 presidential margin + 30%*2020 presidential margin + national environment * district elasticity + state environment adjustment + incumbency + candidate quality + candidate event adjustment + special adjustment.,/Users/benyelin/Desktop/Desktop - Ben’s MacBook Air/senate_model_python_Q1_auto_calendar_candidate_refresh/inputs/national_environment.csv,,,0.0,0.0,0.0,False,,0.0,1.0,43.484,5.75,1.0,1.0,43.46584204700229,0.0,Neither matched,,,0.0,0.0,Neither matched,0.0,0.0,0,,
CA,15,CA-15,Pacific,Suburban,High,Low,Low,Medium,Unknown,High College / Low White,High College / Low White / Low Black / Medium Hispanic / Unknown Income,top_two,D_vs_R,,,CA,Pacific,Suburban,0.0,"Mullin, Kevin",D,D,D,True,False,"Mullin, Kevin","Hoelter, Charles",,False,True,True,False,47.8,57.3,56.099999999999994,50.343999999999994,1.0,,5.8500000000000005,5.8500000000000005,1.5,-1.5749999999999995,0.0,56.11899999999999,,0,False,56.11899999999999,0.9999750012499375,,50.343999999999994,1.1,-0.2,-0.05,0.8500000000000001,District type base: Suburban=1.10. Partisan baseline adjustment: -0.20. Region adjustment: Pacific=-0.05. No manual override. Final elasticity: 0.85.,0.8500000000000001,-1.5,4.52,49.3,52.78,5.8500000000000005,1.0,5.8500000000000005,1.5,1,1,0.0,0.0,0,Poll spillover active but signal file missing,House fundamentals calculated as 70%*2024 presidential margin + 30%*2020 presidential margin + national environment * district elasticity + state environment adjustment + incumbency + candidate quality + candidate event adjustment + special adjustment.,/Users/benyelin/Desktop/Desktop - Ben’s MacBook Air/senate_model_python_Q1_auto_calendar_candidate_refresh/inputs/national_environment.csv,,,0.0,0.0,0.0,False,,0.0,1.0,56.11899999999999,5.75,0.9999133170504096,0.9999750012499375,56.16647323898668,-1.5749999999999995,Only D matched,Kevin Mullin,,-3.0,0.0,Only D matched,0.0,0.0,0,,
CA,16,CA-16,Pacific,Suburban,Very High,Medium,Low,Medium,Unknown,Very High College / Medium White,Very High College / Medium White / Low Black / Medium Hispanic / Unknown Income,top_two,D_vs_R,,,CA,Pacific,Suburban,0.0,"Liccardo, Sam",D,D,D,True,False,"Liccardo, Sam","Soule, Peter",,False,True,True,False,48.1,52.8,56.4,49.204,1.0,,5.8500000000000005,5.8500000000000005,1.5,0.0,0.0,56.554,,0,False,56.554,0.9999750012499375,,49.204,1.1,-0.2,-0.05,0.8500000000000001,District type base: Suburban=1.10. Partisan baseline adjustment: -0.20. Region adjustment: Pacific=-0.05. No manual override. Final elasticity: 0.85.,0.8500000000000001,-1.5,4.52,49.6,48.28,5.8500000000000005,1.0,5.8500000000000005,1.5,1,1,0.0,0.0,0,Poll spillover active but signal file missing,House fundamentals calculated as 70%*2024 presidential margin + 30%*2020 presidential margin + national environment * district elasticity + state environment adjustment + incumbency + candidate quality + candidate event adjustment + special adjustment.,/Users/benyelin/Desktop/Desktop - Ben’s MacBook Air/senate_model_python_Q1_auto_calendar_candidate_refresh/inputs/national_environment.csv,,,0.0,0.0,0.0,False,,0.0,1.0,56.554,5.75,0.9999193786690312,0.9999750012499375,56.46702368956387,0.0,Neither matched,,,0.0,0.0,Neither matched,0.0,0.0,0,,
CA,17,CA-17,Pacific,Urban,Very High,Low,Low,Medium,Unknown,Very High College / Low White,Very High College / Low White / Low Black / Medium Hispanic / Unknown Income,top_two,D_vs_R,,,CA,Pacific,Urban,0.0,"Khanna, Ro",D,D,D,True,False,"Khanna, Ro","Tandon, Ritesh",,False,True,True,False,38.9,48.2,47.2,41.384,1.0,,5.8500000000000005,5.8500000000000005,1.5,-3.250434782608695,0.0,45.48356521739131,,0,False,45.48356521739131,0.9999750012499375,,41.384,0.7,-0.2,-0.05,0.55,District type base: Urban=0.70. Partisan baseline adjustment: -0.20. Region adjustment: Pacific=-0.05. No manual override. Final elasticity: 0.55.,0.55,-1.5,4.52,40.4,43.68000000000001,5.8500000000000005,1.0,5.8500000000000005,1.5,1,1,0.0,0.0,0,Poll spillover active but signal file missing,House fundamentals calculated as 70%*2024 presidential margin + 30%*2020 presidential margin + national environment * district elasticity + state environment adjustment + incumbency + candidate quality + candidate event adjustment + special adjustment.,/Users/benyelin/Desktop/Desktop - Ben’s MacBook Air/senate_model_python_Q1_auto_calendar_candidate_refresh/inputs/national_environment.csv,,,0.0,0.0,0.0,False,,0.0,1.0,45.48356521739131,5.75,0.999490002294205,0.9999750012499375,45.42406768544235,-3.250434782608695,Both matched,Ro Khanna,Ritesh Tandon,-2.8434782608695652,1.8,Both matched,0.0,0.0,0,,
CA,18,CA-18,Pacific,Mixed,Low,Low,Low,Very High,Unknown,Low College / Low White,Low College / Low White / Low Black / Very High Hispanic / Unknown Income,top_two,D_vs_R,,,CA,Pacific,Mixed,0.0,"Lofgren, Zoe",D,D,D,True,False,"Lofgren, Zoe","Lewis, Shane",,False,True,True,False,28.4,42.7,36.7,32.384,1.0,,5.8500000000000005,5.8500000000000005,1.5,-1.6301785714285717,0.0,38.10382142857143,,0,False,38.10382142857143,0.9999750012499375,,32.384,0.95,-0.2,-0.05,0.7,District type base: Mixed=0.95. Partisan baseline adjustment: -0.20. Region adjustment: Pacific=-0.05. No manual override. Final elasticity: 0.70.,0.7,-1.5,4.52,29.9,38.18000000000001,5.8500000000000005,1.0,5.8500000000000005,1.5,1,1,0.0,0.0,0,Poll spillover active but signal file missing,House fundamentals calculated as 70%*2024 presidential margin + 30%*2020 presidential margin + national environment * district elasticity + state environment adjustment + incumbency + candidate quality + candidate event adjustment + special adjustment.,/Users/benyelin/Desktop/Desktop - Ben’s MacBook Air/senate_model_python_Q1_auto_calendar_candidate_refresh/inputs/national_environment.csv,,,0.0,0.0,0.0,False,,0.0,1.0,38.10382142857143,5.75,0.9982574069524788,0.9999750012499375,38.11118142697579,-1.6301785714285717,Only D matched,Zoe Lofgren,,-3.1051020408163263,0.0,Only D matched,0.0,0.0,0,,
CA,19,CA-19,Pacific,Mixed,High,Medium,Low,Medium,Unknown,High College / Medium White,High College / Medium White / Low Black / Medium Hispanic / Unknown Income,top_two,D_vs_R,,,CA,Pacific,Mixed,0.0,"Panetta, Jimmy",D,D,D,True,False,"Panetta, Jimmy","Verbica, Peter Coe",,False,True,True,False,34.3,39.6,42.599999999999994,35.583999999999996,1.0,,5.8500000000000005,5.8500000000000005,1.5,0.2099999999999999,0.0,43.144,,0,False,43.144,0.9999750012499375,,35.583999999999996,0.95,-0.2,-0.05,0.7,District type base: Mixed=0.95. Partisan baseline adjustment: -0.20. Region adjustment: Pacific=-0.05. No manual override. Final elasticity: 0.70.,0.7,-1.5,4.52,35.8,35.08,5.8500000000000005,1.0,5.8500000000000005,1.5,1,1,0.0,0.0,0,Poll spillover active but signal file missing,House fundamentals calculated as 70%*2024 presidential margin + 30%*2020 presidential margin + national environment * district elasticity + state environment adjustment + incumbency + candidate quality + candidate event adjustment + special adjustment.,/Users/benyelin/Desktop/Desktop - Ben’s MacBook Air/senate_model_python_Q1_auto_calendar_candidate_refresh/inputs/national_environment.csv,,,0.0,0.0,0.0,False,,0.0,1.0,43.144,5.75,0.999246980903121,0.9999750012499375,43.142994642155905,0.2099999999999999,Only D matched,Jimmy Panetta,,0.4,0.0,Only D matched,0.0,0.0,0,,
CA,20,CA-20,Pacific,Rural,Low,Medium,Low,High,Unknown,Low College / Medium White,Low College / Medium White / Low Black / High Hispanic / Unknown Income,top_two,D_vs_R,,,CA,Pacific,Rural,0.0,"Fong, Vince",R,R,R,True,False,"Van Scotter, Sandra","Fong, Vince",,True,False,False,True,-32.2,-26.200000000000003,-23.9,-30.706000000000003,1.0,,5.8500000000000005,5.8500000000000005,-1.5,0.0,0.0,-26.356,,0,False,-26.356,0.0001749912504374,,-30.706000000000003,0.8,-0.2,-0.05,0.55,District type base: Rural=0.80. Partisan baseline adjustment: -0.20. Region adjustment: Pacific=-0.05. No manual override. Final elasticity: 0.55.,0.55,-1.5,4.52,-30.700000000000003,-30.72,5.8500000000000005,1.0,5.8500000000000005,1.5,1,1,0.0,0.0,0,Poll spillover active but signal file missing,House fundamentals calculated as 70%*2024 presidential margin + 30%*2020 presidential margin + national environment * district elasticity + state environment adjustment + incumbency + candidate quality + candidate event adjustment + special adjustment.,/Users/benyelin/Desktop/Desktop - Ben’s MacBook Air/senate_model_python_Q1_auto_calendar_candidate_refresh/inputs/national_environment.csv,,,0.0,0.0,0.0,False,,0.0,1.0,-26.356,5.75,0.0122166131975135,0.0001749912504374,-26.36244479061637,0.0,Neither matched,,,0.0,0.0,Neither matched,0.0,0.0,0,,
CA,21,CA-21,Pacific,Mixed,Low,Low,Low,Very High,Unknown,Low College / Low White,Low College / Low White / Low Black / Very High Hispanic / Unknown Income,top_two,D_vs_R,,,CA,Pacific,Mixed,0.0,"Costa, Jim",D,D,D,True,False,"Costa, Jim","Kirkland, Kyle",,False,True,True,False,6.0,21.1,14.3,10.224,1.0,,5.8500000000000005,5.8500000000000005,1.5,-1.42695,0.0,16.14705,,0,False,16.14705,0.9839258037098144,,10.224,0.95,0.0,-0.05,0.8999999999999999,District type base: Mixed=0.95. Partisan baseline adjustment: +0.00. Region adjustment: Pacific=-0.05. No manual override. Final elasticity: 0.90.,0.8999999999999999,-1.5,4.52,7.5,16.580000000000002,5.8500000000000005,1.0,5.8500000000000005,1.5,1,1,0.0,0.0,0,Poll spillover active but signal file missing,House fundamentals calculated as 70%*2024 presidential margin + 30%*2020 presidential margin + national environment * district elasticity + state environment adjustment + incumbency + candidate quality + candidate event adjustment + special adjustment.,/Users/benyelin/Desktop/Desktop - Ben’s MacBook Air/senate_model_python_Q1_auto_calendar_candidate_refresh/inputs/national_environment.csv,,,0.0,0.0,0.0,False,,0.0,1.0,16.14705,5.75,0.9365038881292592,0.9839258037098144,16.13140439232129,-1.42695,Only D matched,Jim Costa,,-2.718,0.0,Only D matched,0.0,0.0,0,,
CA,22,CA-22,Pacific,Rural,Low,Low,Low,Very High,Unknown,Low College / Low White,Low College / Low White / Low Black / Very High Hispanic / Unknown Income,top_two,D_vs_R,,,CA,Pacific,Rural,0.0,"Valadao, David",R,R,R,True,False,"Villegas, Randy","Valadao, David",,True,False,False,True,-1.8,17.0,6.5,3.534,1.0,,5.8500000000000005,5.8500000000000005,-1.5,-1.6107,0.0,6.273300000000001,4.0,1,True,6.034603500000001,0.7884355782210889,,3.534,0.8,0.1,-0.05,0.85,District type base: Rural=0.80. Partisan baseline adjustment: +0.10. Region adjustment: Pacific=-0.05. No manual override. Final elasticity: 0.85.,0.85,-1.5,4.52,-0.3,12.48,5.8500000000000005,1.0,5.8500000000000005,1.5,1,1,0.0,0.0,0,Poll spillover active but signal file missing,House fundamentals calculated as 70%*2024 presidential margin + 30%*2020 presidential margin + national environment * district elasticity + state environment adjustment + incumbency + candidate quality + candidate event adjustment + special adjustment.,/Users/benyelin/Desktop/Desktop - Ben’s MacBook Air/senate_model_python_Q1_auto_calendar_candidate_refresh/inputs/national_environment.csv,2026-07-22,48.0,0.4916583630850905,1.0,1.0,False,Manual House polling average from 1 poll(s): Tulchin,0.105,0.895,6.034603500000001,5.5990625,0.7321909766606791,0.7884355782210889,6.0256099183640845,-1.6107,Only R matched,,David Valadao,0.0,3.0680000000000005,Only R matched,0.0,0.0,0,,
CA,23,CA-23,Pacific,Rural,Low,Low,Low,High,Unknown,Low College / Low White,Low College / Low White / Low Black / High Hispanic / Unknown Income,top_two,D_vs_R,,,CA,Pacific,Rural,0.0,"Obernolte, Jay",R,R,R,True,False,"Hodge, Tessa","Obernolte, Jay",,True,False,False,True,-19.3,-12.1,-11.0,-17.445999999999998,1.0,,5.8500000000000005,5.8500000000000005,-1.5,-0.1030792682926829,0.0,-13.19907926829268,,0,False,-13.19907926829268,0.0405229738513074,,-17.445999999999998,0.8,-0.1,-0.05,0.65,District type base: Rural=0.80. Partisan baseline adjustment: -0.10. Region adjustment: Pacific=-0.05. No manual override. Final elasticity: 0.65.,0.65,-1.5,4.52,-17.8,-16.619999999999997,5.8500000000000005,1.0,5.8500000000000005,1.5,1,1,0.0,0.0,0,Poll spillover active but signal file missing,House fundamentals calculated as 70%*2024 presidential margin + 30%*2020 presidential margin + national environment * district elasticity + state environment adjustment + incumbency + candidate quality + candidate event adjustment + special adjustment.,/Users/benyelin/Desktop/Desktop - Ben’s MacBook Air/senate_model_python_Q1_auto_calendar_candidate_refresh/inputs/national_environment.csv,,,0.0,0.0,0.0,False,,0.0,1.0,-13.19907926829268,5.75,0.0997642703011496,0.0405229738513074,-13.239103860029784,-0.1030792682926829,Only R matched,,Jay Obernolte,0.0,0.1963414634146341,Only R matched,0.0,0.0,0,,
CA,24,CA-24,Pacific,Mixed,High,Medium,Low,High,Unknown,High College / Medium White,High College / Medium White / Low Black / High Hispanic / Unknown Income,top_two,D_vs_R,,,CA,Pacific,Mixed,0.0,"Carbajal, Salud",D,D,D,True,False,"Carbajal, Salud","Smith, Bob",,False,True,True,False,24.9,29.0,33.2,25.824,1.0,,5.8500000000000005,5.8500000000000005,1.5,-1.1576785714285711,0.0,32.01632142857143,,0,False,32.01632142857143,0.9999750012499375,,25.824,0.95,-0.2,-0.05,0.7,District type base: Mixed=0.95. Partisan baseline adjustment: -0.20. Region adjustment: Pacific=-0.05. No manual override. Final elasticity: 0.70.,0.7,-1.5,4.52,26.4,24.48,5.8500000000000005,1.0,5.8500000000000005,1.5,1,1,0.0,0.0,0,Poll spillover active but signal file missing,House fundamentals calculated as 70%*2024 presidential margin + 30%*2020 presidential margin + national environment * district elasticity + state environment adjustment + incumbency + candidate quality + candidate event adjustment + special adjustment.,/Users/benyelin/Desktop/Desktop - Ben’s MacBook Air/senate_model_python_Q1_auto_calendar_candidate_refresh/inputs/national_environment.csv,,,0.0,0.0,0.0,False,,0.0,1.0,32.01632142857143,5.75,0.995208236880354,0.9999750012499375,32.00450108355804,-1.1576785714285711,Only D matched,Salud Carbajal,,-2.2051020408163264,0.0,Only D matched,0.0,0.0,0,,
CA,25,CA-25,Pacific,Mixed,Low,Low,Low,Very High,Unknown,Low College / Low White,Low College / Low White / Low Black / Very High Hispanic / Unknown Income,top_two,D_vs_R,,,CA,Pacific,Mixed,0.0,"Ruiz, Raul",D,D,D,True,False,"Ruiz, Raul","Males, John",,False,True,True,False,5.8,16.5,14.1,8.703999999999999,1.0,,5.8500000000000005,5.8500000000000005,1.5,1.589175,0.0,17.643175,,0,False,17.643175,0.9909254537273136,,8.703999999999999,0.95,0.0,-0.05,0.8999999999999999,District type base: Mixed=0.95. Partisan baseline adjustment: +0.00. Region adjustment: Pacific=-0.05. No manual override. Final elasticity: 0.90.,0.8999999999999999,-1.5,4.52,7.3,11.98,5.8500000000000005,1.0,5.8500000000000005,1.5,1,1,0.0,0.0,0,Poll spillover active but signal file missing,House fundamentals calculated as 70%*2024 presidential margin + 30%*2020 presidential margin + national environment * district elasticity + state environment adjustment + incumbency + candidate quality + candidate event adjustment + special adjustment.,/Users/benyelin/Desktop/Desktop - Ben’s MacBook Air/senate_model_python_Q1_auto_calendar_candidate_refresh/inputs/national_environment.csv,,,0.0,0.0,0.0,False,,0.0,1.0,17.643175,5.75,0.9498139568159736,0.9909254537273136,17.613903313761462,1.589175,Only D matched,Raul Ruiz,,3.027,0.0,Only D matched,0.0,0.0,0,,
CA,26,CA-26,Pacific,Suburban,High,Medium,Low,High,Unknown,High College / Medium White,High College / Medium White / Low Black / High Hispanic / Unknown Income,top_two,D_vs_R,,,CA,Pacific,Suburban,0.0,"Brownley, Julia",D,D,D,False,True,"Irwin, Jacqui","Gallucci, Sam",,True,True,False,False,15.2,22.40000000000001,23.5,17.054000000000002,1.0,,5.8500000000000005,5.8500000000000005,0.0,0.0,0.0,22.904000000000003,,0,False,22.904000000000003,0.9990750462476876,,17.054000000000002,1.1,-0.1,-0.05,0.95,District type base: Suburban=1.10. Partisan baseline adjustment: -0.10. Region adjustment: Pacific=-0.05. No manual override. Final elasticity: 0.95.,0.95,-1.5,4.52,16.7,17.88000000000001,5.8500000000000005,1.0,5.8500000000000005,1.5,1,1,0.0,0.0,0,Poll spillover active but signal file missing,House fundamentals calculated as 70%*2024 presidential margin + 30%*2020 presidential margin + national environment * district elasticity + state environment adjustment + incumbency + candidate quality + candidate event adjustment + special adjustment.,/Users/benyelin/Desktop/Desktop - Ben’s MacBook Air/senate_model_python_Q1_auto_calendar_candidate_refresh/inputs/national_environment.csv,,,0.0,0.0,0.0,False,,0.0,1.0,22.904000000000003,5.75,0.9784866471074612,0.9990750462476876,22.919666647684668,0.0,Neither matched,,,0.0,0.0,Neither matched,0.0,0.0,0,,
CA,27,CA-27,Pacific,Mixed,Medium,Low,Medium,High,Unknown,Medium College / Low White,Medium College / Low White / Medium Black / High Hispanic / Unknown Income,top_two,D_vs_R,,,CA,Pacific,Mixed,0.0,"Whitesides, George",D,D,D,True,False,"Whitesides, George","Gibbs, Jason",,False,True,True,False,9.7,19.6,18.0,12.364,1.0,,5.8500000000000005,5.8500000000000005,1.5,0.3412499999999999,0.0,20.055249999999997,,0,False,20.055249999999997,0.995525223738813,,12.364,0.95,0.0,-0.05,0.8999999999999999,District type base: Mixed=0.95. Partisan baseline adjustment: +0.00. Region adjustment: Pacific=-0.05. No manual override. Final elasticity: 0.90.,0.8999999999999999,-1.5,4.52,11.2,15.080000000000002,5.8500000000000005,1.0,5.8500000000000005,1.5,1,1,0.0,0.0,0,Poll spillover active but signal file missing,House fundamentals calculated as 70%*2024 presidential margin + 30%*2020 presidential margin + national environment * district elasticity + state environment adjustment + incumbency + candidate quality + candidate event adjustment + special adjustment.,/Users/benyelin/Desktop/Desktop - Ben’s MacBook Air/senate_model_python_Q1_auto_calendar_candidate_refresh/inputs/national_environment.csv,,,0.0,0.0,0.0,False,,0.0,1.0,20.055249999999997,5.75,0.9658597522903598,0.995525223738813,20.02124140036829,0.3412499999999999,Only D matched,George Whitesides,,0.65,0.0,Only D matched,0.0,0.0,0,,
CA,28,CA-28,Pacific,Mixed,High,Low,Low,Medium,Unknown,High College / Low White,High College / Low White / Low Black / Medium Hispanic / Unknown Income,top_two,D_vs_R,,,CA,Pacific,Mixed,0.0,"Chu, Judy",D,D,D,True,False,"Chu, Judy","Verlato, April",,False,True,True,False,25.2,32.7,33.5,27.144,1.0,,5.8500000000000005,5.8500000000000005,1.5,0.0878888888888889,0.0,34.58188888888889,,0,False,34.58188888888889,0.9999750012499375,,27.144,0.95,-0.2,-0.05,0.7,District type base: Mixed=0.95. Partisan baseline adjustment: -0.20. Region adjustment: Pacific=-0.05. No manual override. Final elasticity: 0.70.,0.7,-1.5,4.52,26.7,28.180000000000003,5.8500000000000005,1.0,5.8500000000000005,1.5,1,1,0.0,0.0,0,Poll spillover active but signal file missing,House fundamentals calculated as 70%*2024 presidential margin + 30%*2020 presidential margin + national environment * district elasticity + state environment adjustment + incumbency + candidate quality + candidate event adjustment + special adjustment.,/Users/benyelin/Desktop/Desktop - Ben’s MacBook Air/senate_model_python_Q1_auto_calendar_candidate_refresh/inputs/national_environment.csv,,,0.0,0.0,0.0,False,,0.0,1.0,34.58188888888889,5.75,0.9968701896477477,0.9999750012499375,34.54477389831839,0.0878888888888889,Both matched,Judy Chu,April Verlato,0.4255555555555556,0.3,Both matched,0.0,0.0,0,,
CA,29,CA-29,Pacific,Urban,Low,Low,Low,Very High,Unknown,Low College / Low White,Low College / Low White / Low Black / Very High Hispanic / Unknown Income,top_two,D_vs_D,,,CA,Pacific,Urban,0.0,"Rivas, Luz",D,D,D,True,False,"Rivas, Luz",,"Duenas, Angelica",False,False,True,False,33.6,49.900000000000006,41.9,38.184000000000005,1.0,,5.8500000000000005,5.8500000000000005,1.5,0.4199999999999999,0.0,45.95400000000001,,0,False,45.95400000000001,1.0,,38.184000000000005,0.7,-0.2,-0.05,0.55,District type base: Urban=0.70. Partisan baseline adjustment: -0.20. Region adjustment: Pacific=-0.05. No manual override. Final elasticity: 0.55.,0.55,-1.5,4.52,35.1,45.38000000000001,5.8500000000000005,1.0,5.8500000000000005,1.5,1,1,0.0,0.0,0,Poll spillover active but signal file missing,House fundamentals calculated as 70%*2024 presidential margin + 30%*2020 presidential margin + national environment * district elasticity + state environment adjustment + incumbency + candidate quality + candidate event adjustment + special adjustment.,/Users/benyelin/Desktop/Desktop - Ben’s MacBook Air/senate_model_python_Q1_auto_calendar_candidate_refresh/inputs/national_environment.csv,,,0.0,0.0,0.0,False,,0.0,1.0,45.95400000000001,5.75,1.0,1.0,45.93724070930465,0.4199999999999999,Only D matched,Luz Rivas,,0.8,0.0,Only D matched,0.0,0.0,0,,
CA,30,CA-30,Pacific,Mixed,Very High,Medium,Low,Medium,Unknown,Very High College / Medium White,Very High College / Medium White / Low Black / Medium Hispanic / Unknown Income,top_two,D_vs_R,,,CA,Pacific,Mixed,0.0,"Friedman, Laura",D,D,D,True,False,"Friedman, Laura","Meyers, Scott",,False,True,True,False,39.9,44.99999999999999,48.2,41.123999999999995,1.0,,5.8500000000000005,5.8500000000000005,1.5,-0.8399999999999999,0.0,47.634,,0,False,47.634,0.9999750012499375,,41.123999999999995,0.95,-0.2,-0.05,0.7,District type base: Mixed=0.95. Partisan baseline adjustment: -0.20. Region adjustment: Pacific=-0.05. No manual override. Final elasticity: 0.70.,0.7,-1.5,4.52,41.4,40.47999999999999,5.8500000000000005,1.0,5.8500000000000005,1.5,1,1,0.0,0.0,0,Poll spillover active but signal file missing,House fundamentals calculated as 70%*2024 presidential margin + 30%*2020 presidential margin + national environment * district elasticity + state environment adjustment + incumbency + candidate quality + candidate event adjustment + special adjustment.,/Users/benyelin/Desktop/Desktop - Ben’s MacBook Air/senate_model_python_Q1_auto_calendar_candidate_refresh/inputs/national_environment.csv,,,0.0,0.0,0.0,False,,0.0,1.0,47.634,5.75,0.999643564228811,0.9999750012499375,47.63615724503906,-0.8399999999999999,Only D matched,Laura Friedman,,-1.6,0.0,Only D matched,0.0,0.0,0,,
CA,31,CA-31,Pacific,Suburban,Medium,Low,Low,Very High,Unknown,Medium College / Low White,Medium College / Low White / Low Black / Very High Hispanic / Unknown Income,top_two,D_vs_R,,,CA,Pacific,Suburban,0.0,"Cisneros, Gil",D,D,D,True,False,"Cisneros, Gil","Ching, Eric",,False,True,True,False,12.2,25.1,20.5,15.764,1.0,,5.8500000000000005,5.8500000000000005,1.5,-2.913484848484848,0.0,20.20051515151515,,0,False,20.20051515151515,0.995975201239938,,15.764,1.1,-0.1,-0.05,0.95,District type base: Suburban=1.10. Partisan baseline adjustment: -0.10. Region adjustment: Pacific=-0.05. No manual override. Final elasticity: 0.95.,0.95,-1.5,4.52,13.7,20.58,5.8500000000000005,1.0,5.8500000000000005,1.5,1,1,0.0,0.0,0,Poll spillover active but signal file missing,House fundamentals calculated as 70%*2024 presidential margin + 30%*2020 presidential margin + national environment * district elasticity + state environment adjustment + incumbency + candidate quality + candidate event adjustment + special adjustment.,/Users/benyelin/Desktop/Desktop - Ben’s MacBook Air/senate_model_python_Q1_auto_calendar_candidate_refresh/inputs/national_environment.csv,,,0.0,0.0,0.0,False,,0.0,1.0,20.20051515151515,5.75,0.9666491557414671,0.995975201239938,20.18889858340699,-2.913484848484848,Both matched,Gil Cisneros,Eric Ching,-1.7606060606060605,2.401515151515152,Both matched,0.0,0.0,0,,
CA,32,CA-32,Pacific,Suburban,Very High,Medium,Low,Medium,Unknown,Very High College / Medium White,Very High College / Medium White / Low Black / Medium Hispanic / Unknown Income,top_two,D_vs_R,,,CA,Pacific,Suburban,0.0,"Sherman, Brad",D,D,D,True,False,"Sherman, Brad","Thompson, Larry",,False,True,True,False,25.0,33.7,33.3,27.304,1.0,,5.8500000000000005,5.8500000000000005,1.5,-1.6064999999999998,0.0,33.0475,,0,False,33.0475,0.9999250037498124,,27.304,1.1,-0.2,-0.05,0.8500000000000001,District type base: Suburban=1.10. Partisan baseline adjustment: -0.20. Region adjustment: Pacific=-0.05. No manual override. Final elasticity: 0.85.,0.8500000000000001,-1.5,4.52,26.5,29.180000000000003,5.8500000000000005,1.0,5.8500000000000005,1.5,1,1,0.0,0.0,0,Poll spillover active but signal file missing,House fundamentals calculated as 70%*2024 presidential margin + 30%*2020 presidential margin + national environment * district elasticity + state environment adjustment + incumbency + candidate quality + candidate event adjustment + special adjustment.,/Users/benyelin/Desktop/Desktop - Ben’s MacBook Air/senate_model_python_Q1_auto_calendar_candidate_refresh/inputs/national_environment.csv,,,0.0,0.0,0.0,False,,0.0,1.0,33.0475,5.75,0.9959618273944896,0.9999250037498124,33.015297527380675,-1.6064999999999998,Both matched,Brad Sherman,Larry Thompson,-0.8949999999999999,1.4,Both matched,0.0,0.0,0,,
CA,33,CA-33,Pacific,Suburban,Low,Low,Medium,Very High,Unknown,Low College / Low White,Low College / Low White / Medium Black / Very High Hispanic / Unknown Income,top_two,D_vs_R,,,CA,Pacific,Suburban,0.0,"Aguilar, Pete",D,D,D,True,False,"Aguilar, Pete","Vargas, Stephanie",,False,True,True,False,9.8,25.9,18.1,14.324,1.0,,5.8500000000000005,5.8500000000000005,1.5,-0.393225,0.0,21.280775,,0,False,21.280775,0.9977251137443128,,14.324,1.1,0.0,-0.05,1.05,District type base: Suburban=1.10. Partisan baseline adjustment: +0.00. Region adjustment: Pacific=-0.05. No manual override. Final elasticity: 1.05.,1.05,-1.5,4.52,11.3,21.38,5.8500000000000005,1.0,5.8500000000000005,1.5,1,1,0.0,0.0,0,Poll spillover active but signal file missing,House fundamentals calculated as 70%*2024 presidential margin + 30%*2020 presidential margin + national environment * district elasticity + state environment adjustment + incumbency + candidate quality + candidate event adjustment + special adjustment.,/Users/benyelin/Desktop/Desktop - Ben’s MacBook Air/senate_model_python_Q1_auto_calendar_candidate_refresh/inputs/national_environment.csv,,,0.0,0.0,0.0,False,,0.0,1.0,21.280775,5.75,0.9719903241514444,0.9977251137443128,21.31844977275072,-0.393225,Only D matched,Pete Aguilar,,-0.749,0.0,Only D matched,0.0,0.0,0,,
CA,34,CA-34,Pacific,Urban,Medium,Low,Low,Very High,Unknown,Medium College / Low White,Medium College / Low White / Low Black / Very High Hispanic / Unknown Income,top_two,D_vs_D,,,CA,Pacific,Urban,0.0,"Gomez, Jimmy",D,D,D,True,False,"Gomez, Jimmy",,"Gonzales-Torres, Angela",False,False,True,False,50.6,64.2,58.9,54.373999999999995,1.0,,5.8500000000000005,5.8500000000000005,1.5,0.0,0.0,61.724,,0,False,61.724,1.0,,54.373999999999995,0.7,-0.2,-0.05,0.55,District type base: Urban=0.70. Partisan baseline adjustment: -0.20. Region adjustment: Pacific=-0.05. No manual override. Final elasticity: 0.55.,0.55,-1.5,4.52,52.1,59.68000000000001,5.8500000000000005,1.0,5.8500000000000005,1.5,1,1,0.0,0.0,0,Poll spillover active but signal file missing,House fundamentals calculated as 70%*2024 presidential margin + 30%*2020 presidential margin + national environment * district elasticity + state environment adjustment + incumbency + candidate quality + candidate event adjustment + special adjustment.,/Users/benyelin/Desktop/Desktop - Ben’s MacBook Air/senate_model_python_Q1_auto_calendar_candidate_refresh/inputs/national_environment.csv,,,0.0,0.0,0.0,False,,0.0,1.0,61.724,5.75,1.0,1.0,61.7349388691623,0.0,Neither matched,,,0.0,0.0,Neither matched,0.0,0.0,0,,
CA,35,CA-35,Pacific,Urban,Low,Low,Low,Very High,Unknown,Low College / Low White,Low College / Low White / Low Black / Very High Hispanic / Unknown Income,top_two,D_vs_R,,,CA,Pacific,Urban,0.0,"Torres, Norma",D,D,D,True,False,"Torres, Norma","Cargile, Mark",,False,True,True,False,7.7,23.5,16.0,12.134,1.0,,5.8500000000000005,5.8500000000000005,1.5,0.8335714285714286,0.0,20.31757142857143,,0,False,20.31757142857143,0.9963251837408128,,12.134,0.7,0.0,-0.05,0.6499999999999999,District type base: Urban=0.70. Partisan baseline adjustment: +0.00. Region adjustment: Pacific=-0.05. No manual override. Final elasticity: 0.65.,0.6499999999999999,-1.5,4.52,9.2,18.98,5.8500000000000005,1.0,5.8500000000000005,1.5,1,1,0.0,0.0,0,Poll spillover active but signal file missing,House fundamentals calculated as 70%*2024 presidential margin + 30%*2020 presidential margin + national environment * district elasticity + state environment adjustment + incumbency + candidate quality + candidate event adjustment + special adjustment.,/Users/benyelin/Desktop/Desktop - Ben’s MacBook Air/senate_model_python_Q1_auto_calendar_candidate_refresh/inputs/national_environment.csv,,,0.0,0.0,0.0,False,,0.0,1.0,20.31757142857143,5.75,0.9672724161958546,0.9963251837408128,20.359477722721824,0.8335714285714286,Both matched,Norma Torres,Mark Cargile,-0.6591836734693877,-1.85,Both matched,0.0,0.0,0,,
CA,36,CA-36,Pacific,Urban,Very High,Medium,Medium,Medium,Unknown,Very High College / Medium White,Very High College / Medium White / Medium Black / Medium Hispanic / Unknown Income,top_two,D_vs_R,,,CA,Pacific,Urban,0.0,"Lieu, Ted",D,D,D,True,False,"Lieu, Ted","Brignano, Houston",,False,True,True,False,39.0,44.1,47.3,40.224,1.0,,5.8500000000000005,5.8500000000000005,1.5,-1.1271749999999998,0.0,46.446825,,0,False,46.446825,0.9999750012499375,,40.224,0.7,-0.2,-0.05,0.55,District type base: Urban=0.70. Partisan baseline adjustment: -0.20. Region adjustment: Pacific=-0.05. No manual override. Final elasticity: 0.55.,0.55,-1.5,4.52,40.5,39.58,5.8500000000000005,1.0,5.8500000000000005,1.5,1,1,0.0,0.0,0,Poll spillover active but signal file missing,House fundamentals calculated as 70%*2024 presidential margin + 30%*2020 presidential margin + national environment * district elasticity + state environment adjustment + incumbency + candidate quality + candidate event adjustment + special adjustment.,/Users/benyelin/Desktop/Desktop - Ben’s MacBook Air/senate_model_python_Q1_auto_calendar_candidate_refresh/inputs/national_environment.csv,,,0.0,0.0,0.0,False,,0.0,1.0,46.446825,5.75,0.9995656118125728,0.9999750012499375,46.369377454887655,-1.1271749999999998,Only D matched,Ted Lieu,,-2.147,0.0,Only D matched,0.0,0.0,0,,
CA,37,CA-37,Pacific,Urban,Medium,Low,High,Very High,Unknown,Medium College / Low White,Medium College / Low White / High Black / Very High Hispanic / Unknown Income,top_two,D_vs_D,,,CA,Pacific,Urban,0.0,"Kamlager-Dove, Sydney",D,D,D,True,False,"Kamlager-Dove, Sydney",,"Mota, Samantha",False,False,True,False,60.4,73.3,68.7,63.964,1.0,,5.8500000000000005,5.8500000000000005,1.5,0.0,0.0,71.314,,0,False,71.314,1.0,,63.964,0.7,-0.2,-0.05,0.55,District type base: Urban=0.70. Partisan baseline adjustment: -0.20. Region adjustment: Pacific=-0.05. No manual override. Final elasticity: 0.55.,0.55,-1.5,4.52,61.9,68.78,5.8500000000000005,1.0,5.8500000000000005,1.5,1,1,0.0,0.0,0,Poll spillover active but signal file missing,House fundamentals calculated as 70%*2024 presidential margin + 30%*2020 presidential margin + national environment * district elasticity + state environment adjustment + incumbency + candidate quality + candidate event adjustment + special adjustment.,/Users/benyelin/Desktop/Desktop - Ben’s MacBook Air/senate_model_python_Q1_auto_calendar_candidate_refresh/inputs/national_environment.csv,,,0.0,0.0,0.0,False,,0.0,1.0,71.314,5.75,1.0,1.0,71.27427147761802,0.0,Neither matched,,,0.0,0.0,Neither matched,0.0,0.0,0,,
CA,38,CA-38,Pacific,Urban,Medium,Low,Low,Very High,Unknown,Medium College / Low White,Medium College / Low White / Low Black / Very High Hispanic / Unknown Income,top_two,D_vs_R,,,CA,Pacific,Urban,0.0,NONE,D,D,D,False,True,"Solis, Hilda","Casas, Pedro",,True,True,False,False,12.3,28.0,20.6,16.704,1.0,,5.8500000000000005,5.8500000000000005,0.0,0.0,0.0,22.554,,0,False,22.554,0.9987250637468128,,16.704,0.7,-0.1,-0.05,0.55,District type base: Urban=0.70. Partisan baseline adjustment: -0.10. Region adjustment: Pacific=-0.05. No manual override. Final elasticity: 0.55.,0.55,-1.5,4.52,13.8,23.48,5.8500000000000005,1.0,5.8500000000000005,1.5,1,1,0.0,0.0,0,Poll spillover active but signal file missing,House fundamentals calculated as 70%*2024 presidential margin + 30%*2020 presidential margin + national environment * district elasticity + state environment adjustment + incumbency + candidate quality + candidate event adjustment + special adjustment.,/Users/benyelin/Desktop/Desktop - Ben’s MacBook Air/senate_model_python_Q1_auto_calendar_candidate_refresh/inputs/national_environment.csv,,,0.0,0.0,0.0,False,,0.0,1.0,22.554,5.75,0.9772238097203246,0.9987250637468128,22.529338706892556,0.0,Neither matched,,,0.0,0.0,Neither matched,0.0,0.0,0,,
CA,39,CA-39,Pacific,Suburban,Low,Low,Medium,Very High,Unknown,Low College / Low White,Low College / Low White / Medium Black / Very High Hispanic / Unknown Income,top_two,D_vs_R,,,CA,Pacific,Suburban,0.0,"Takano, Mark",D,D,D,True,False,"Takano, Mark","Manos, Steve",,False,True,True,False,9.5,26.0,17.8,14.143999999999998,1.0,,5.8500000000000005,5.8500000000000005,1.5,-0.5727749999999999,0.0,20.921225,,0,False,20.921225,0.9974251287435628,,14.143999999999998,1.1,0.0,-0.05,1.05,District type base: Suburban=1.10. Partisan baseline adjustment: +0.00. Region adjustment: Pacific=-0.05. No manual override. Final elasticity: 1.05.,1.05,-1.5,4.52,11.0,21.48,5.8500000000000005,1.0,5.8500000000000005,1.5,1,1,0.0,0.0,0,Poll spillover active but signal file missing,House fundamentals calculated as 70%*2024 presidential margin + 30%*2020 presidential margin + national environment * district elasticity + state environment adjustment + incumbency + candidate quality + candidate event adjustment + special adjustment.,/Users/benyelin/Desktop/Desktop - Ben’s MacBook Air/senate_model_python_Q1_auto_calendar_candidate_refresh/inputs/national_environment.csv,,,0.0,0.0,0.0,False,,0.0,1.0,20.921225,5.75,0.9703118873033234,0.9974251287435628,20.913577774353843,-0.5727749999999999,Only D matched,Mark Takano,,-1.091,0.0,Only D matched,0.0,0.0,0,,
CA,40,CA-40,Pacific,Suburban,High,Medium,Low,Medium,Unknown,High College / Medium White,High College / Medium White / Low Black / Medium Hispanic / Unknown Income,top_two,R_vs_R,,,CA,Pacific,Suburban,0.0,"Kim, Young/Calvert, Ken",R,R,R,True,False,,"Calvert, Ken","Kim, Young",False,False,False,True,-12.2,-7.699999999999996,-3.899999999999999,-11.156,1.0,,5.8500000000000005,5.8500000000000005,-1.5,1.278375,0.0,-5.527624999999999,,0,False,-5.527624999999999,0.0,,-11.156,1.1,0.0,-0.05,1.05,District type base: Suburban=1.10. Partisan baseline adjustment: +0.00. Region adjustment: Pacific=-0.05. No manual override. Final elasticity: 1.05.,1.05,-1.5,4.52,-10.7,-12.219999999999995,5.8500000000000005,1.0,5.8500000000000005,1.5,1,1,0.0,0.0,0,Poll spillover active but signal file missing,House fundamentals calculated as 70%*2024 presidential margin + 30%*2020 presidential margin + national environment * district elasticity + state environment adjustment + incumbency + candidate quality + candidate event adjustment + special adjustment.,/Users/benyelin/Desktop/Desktop - Ben’s MacBook Air/senate_model_python_Q1_auto_calendar_candidate_refresh/inputs/national_environment.csv,,,0.0,0.0,0.0,False,,0.0,1.0,-5.527624999999999,5.75,0.0,0.0,-5.601842121293691,1.278375,Only R matched,,Ken Calvert,0.0,-2.435,Only R matched,0.0,0.0,0,,
CA,41,CA-41,Pacific,Urban,Medium,Low,Low,Very High,Unknown,Medium College / Low White,Medium College / Low White / Low Black / Very High Hispanic / Unknown Income,top_two,D_vs_R,,,CA,Pacific,Urban,0.0,"Sanchez, Linda",D,D,D,True,False,"Sanchez, Linda","Clemmons, Mitch",,False,True,True,False,14.1,25.799999999999997,22.4,17.304,1.0,,5.8500000000000005,5.8500000000000005,1.5,-1.0231249999999998,0.0,23.630875,,0,False,23.630875,0.9992250387480626,,17.304,0.7,-0.1,-0.05,0.55,District type base: Urban=0.70. Partisan baseline adjustment: -0.10. Region adjustment: Pacific=-0.05. No manual override. Final elasticity: 0.55.,0.55,-1.5,4.52,15.6,21.28,5.8500000000000005,1.0,5.8500000000000005,1.5,1,1,0.0,0.0,0,Poll spillover active but signal file missing,House fundamentals calculated as 70%*2024 presidential margin + 30%*2020 presidential margin + national environment * district elasticity + state environment adjustment + incumbency + candidate quality + candidate event adjustment + special adjustment.,/Users/benyelin/Desktop/Desktop - Ben’s MacBook Air/senate_model_python_Q1_auto_calendar_candidate_refresh/inputs/national_environment.csv,,,0.0,0.0,0.0,False,,0.0,1.0,23.630875,5.75,0.9808943221131182,0.9992250387480626,23.701124215597687,-1.0231249999999998,Only D matched,Linda Sánchez,,-1.948809523809524,0.0,Only D matched,0.0,0.0,0,,
CA,42,CA-42,Pacific,Urban,High,Medium,Low,Medium,Unknown,High College / Medium White,High College / Medium White / Low Black / Medium Hispanic / Unknown Income,top_two,D_vs_R,,,CA,Pacific,Urban,0.0,"Garcia, Robert",D,D,D,True,False,"Garcia, Robert","Burley, Brian",,False,True,True,False,13.1,19.700000000000003,21.4,14.774,1.0,,5.8500000000000005,5.8500000000000005,1.5,-0.4048863636363636,0.0,21.719113636363637,,0,False,21.719113636363637,0.9986750662466876,,14.774,0.7,0.0,-0.05,0.6499999999999999,District type base: Urban=0.70. Partisan baseline adjustment: +0.00. Region adjustment: Pacific=-0.05. No manual override. Final elasticity: 0.65.,0.6499999999999999,-1.5,4.52,14.6,15.180000000000003,5.8500000000000005,1.0,5.8500000000000005,1.5,1,1,0.0,0.0,0,Poll spillover active but signal file missing,House fundamentals calculated as 70%*2024 presidential margin + 30%*2020 presidential margin + national environment * district elasticity + state environment adjustment + incumbency + candidate quality + candidate event adjustment + special adjustment.,/Users/benyelin/Desktop/Desktop - Ben’s MacBook Air/senate_model_python_Q1_auto_calendar_candidate_refresh/inputs/national_environment.csv,,,0.0,0.0,0.0,False,,0.0,1.0,21.719113636363637,5.75,0.9739121717721172,0.9986750662466876,21.715817877917026,-0.4048863636363636,Only D matched,Robert Garcia,,-0.7712121212121212,0.0,Only D matched,0.0,0.0,0,,
CA,43,CA-43,Pacific,Urban,Low,Low,High,Very High,Unknown,Low College / Low White,Low College / Low White / High Black / Very High Hispanic / Unknown Income,top_two,D_vs_R,,,CA,Pacific,Urban,0.0,"Waters, Maxine",D,D,D,True,False,"Waters, Maxine","Morales, Christian",,False,True,True,False,48.9,63.8,57.2,53.06399999999999,1.0,,5.8500000000000005,5.8500000000000005,1.5,-1.4908928571428568,0.0,58.923107142857134,,0,False,58.923107142857134,0.9999750012499375,,53.06399999999999,0.7,-0.2,-0.05,0.55,District type base: Urban=0.70. Partisan baseline adjustment: -0.20. Region adjustment: Pacific=-0.05. No manual override. Final elasticity: 0.55.,0.55,-1.5,4.52,50.4,59.28,5.8500000000000005,1.0,5.8500000000000005,1.5,1,1,0.0,0.0,0,Poll spillover active but signal file missing,House fundamentals calculated as 70%*2024 presidential margin + 30%*2020 presidential margin + national environment * district elasticity + state environment adjustment + incumbency + candidate quality + candidate event adjustment + special adjustment.,/Users/benyelin/Desktop/Desktop - Ben’s MacBook Air/senate_model_python_Q1_auto_calendar_candidate_refresh/inputs/national_environment.csv,,,0.0,0.0,0.0,False,,0.0,1.0,58.923107142857134,5.75,0.9999456775070024,0.9999750012499375,58.89282867447607,-1.4908928571428568,Only D matched,Maxine Waters,,-2.8397959183673467,0.0,Only D matched,0.0,0.0,0,,
CA,44,CA-44,Pacific,Urban,Low,Low,Medium,Very High,Unknown,Low College / Low White,Low College / Low White / Medium Black / Very High Hispanic / Unknown Income,top_two,D_vs_R,,,CA,Pacific,Urban,0.0,"Barragan, Nanette",D,D,D,True,False,"Barragan, Nanette","Angel, Genevieve",,False,True,True,False,35.1,53.10000000000001,43.4,40.194,1.0,,5.8500000000000005,5.8500000000000005,1.5,0.6021590909090909,0.0,48.146159090909094,,0,False,48.146159090909094,0.9999750012499375,,40.194,0.7,-0.2,-0.05,0.55,District type base: Urban=0.70. Partisan baseline adjustment: -0.20. Region adjustment: Pacific=-0.05. No manual override. Final elasticity: 0.55.,0.55,-1.5,4.52,36.6,48.58000000000001,5.8500000000000005,1.0,5.8500000000000005,1.5,1,1,0.0,0.0,0,Poll spillover active but signal file missing,House fundamentals calculated as 70%*2024 presidential margin + 30%*2020 presidential margin + national environment * district elasticity + state environment adjustment + incumbency + candidate quality + candidate event adjustment + special adjustment.,/Users/benyelin/Desktop/Desktop - Ben’s MacBook Air/senate_model_python_Q1_auto_calendar_candidate_refresh/inputs/national_environment.csv,,,0.0,0.0,0.0,False,,0.0,1.0,48.146159090909094,5.75,0.9996727176108798,0.9999750012499375,48.152626872971325,0.6021590909090909,Only D matched,Nanette Barragan,,1.146969696969697,0.0,Only D matched,0.0,0.0,0,,
CA,45,CA-45,Pacific,Urban,Medium,Low,Low,High,Unknown,Medium College / Low White,Medium College / Low White / Low Black / High Hispanic / Unknown Income,top_two,D_vs_R,,,CA,Pacific,Urban,0.0,"Tran, Derek",D,D,D,True,False,"Tran, Derek","Vo, Chuong",,False,True,True,False,3.9,10.1,12.2,5.454,1.0,,5.8500000000000005,5.8500000000000005,1.5,1.02375,0.0,13.82775,,0,False,13.82775,0.9662266886655668,,5.454,0.7,0.0,-0.05,0.6499999999999999,District type base: Urban=0.70. Partisan baseline adjustment: +0.00. Region adjustment: Pacific=-0.05. No manual override. Final elasticity: 0.65.,0.6499999999999999,-1.5,4.52,5.4,5.58,5.8500000000000005,1.0,5.8500000000000005,1.5,1,1,0.0,0.0,0,Poll spillover active but signal file missing,House fundamentals calculated as 70%*2024 presidential margin + 30%*2020 presidential margin + national environment * district elasticity + state environment adjustment + incumbency + candidate quality + candidate event adjustment + special adjustment.,/Users/benyelin/Desktop/Desktop - Ben’s MacBook Air/senate_model_python_Q1_auto_calendar_candidate_refresh/inputs/national_environment.csv,,,0.0,0.0,0.0,False,,0.0,1.0,13.82775,5.75,0.9092593558183188,0.9662266886655668,13.752272122811869,1.02375,Only D matched,Derek Tran,,1.95,0.0,Only D matched,0.0,0.0,0,,
CA,46,CA-46,Pacific,Urban,Low,Low,Low,Very High,Unknown,Low College / Low White,Low College / Low White / Low Black / Very High Hispanic / Unknown Income,top_two,D_vs_R,,,CA,Pacific,Urban,0.0,"Correa, Lou",D,D,D,True,False,"Correa, Lou","Pan, David",,False,True,True,False,16.1,28.200000000000003,24.4,19.424,1.0,,5.8500000000000005,5.8500000000000005,1.5,2.453043478260869,0.0,29.22704347826087,,0,False,29.22704347826087,0.9998750062496876,,19.424,0.7,-0.1,-0.05,0.55,District type base: Urban=0.70. Partisan baseline adjustment: -0.10. Region adjustment: Pacific=-0.05. No manual override. Final elasticity: 0.55.,0.55,-1.5,4.52,17.6,23.680000000000003,5.8500000000000005,1.0,5.8500000000000005,1.5,1,1,0.0,0.0,0,Poll spillover active but signal file missing,House fundamentals calculated as 70%*2024 presidential margin + 30%*2020 presidential margin + national environment * district elasticity + state environment adjustment + incumbency + candidate quality + candidate event adjustment + special adjustment.,/Users/benyelin/Desktop/Desktop - Ben’s MacBook Air/senate_model_python_Q1_auto_calendar_candidate_refresh/inputs/national_environment.csv,,,0.0,0.0,0.0,False,,0.0,1.0,29.22704347826087,5.75,0.9923939329472322,0.9998750062496876,29.207343753376463,2.453043478260869,Both matched,Lou Correa,David Pan,1.204347826086957,-2.3,Both matched,0.0,0.0,0,,
CA,47,CA-47,Pacific,Suburban,Very High,Medium,Low,Medium,Unknown,Very High College / Medium White,Very High College / Medium White / Low Black / Medium Hispanic / Unknown Income,top_two,D_vs_R,,,CA,Pacific,Suburban,0.0,"Min, David",D,D,D,True,False,"Min, David","Le Roux, Jenny",,False,True,True,False,10.0,16.1,18.3,11.524,1.0,,5.8500000000000005,5.8500000000000005,1.5,-0.1049999999999999,0.0,18.769,,0,False,18.769,0.9940252987350632,,11.524,1.1,0.0,-0.05,1.05,District type base: Suburban=1.10. Partisan baseline adjustment: +0.00. Region adjustment: Pacific=-0.05. No manual override. Final elasticity: 1.05.,1.05,-1.5,4.52,11.5,11.580000000000002,5.8500000000000005,1.0,5.8500000000000005,1.5,1,1,0.0,0.0,0,Poll spillover active but signal file missing,House fundamentals calculated as 70%*2024 presidential margin + 30%*2020 presidential margin + national environment * district elasticity + state environment adjustment + incumbency + candidate quality + candidate event adjustment + special adjustment.,/Users/benyelin/Desktop/Desktop - Ben’s MacBook Air/senate_model_python_Q1_auto_calendar_candidate_refresh/inputs/national_environment.csv,,,0.0,0.0,0.0,False,,0.0,1.0,18.769,5.75,0.9580397555647936,0.9940252987350632,18.77732216428482,-0.1049999999999999,Only D matched,Dave Min,,-0.2,0.0,Only D matched,0.0,0.0,0,,
CA,48,CA-48,Pacific,Mixed,Medium,Medium,Low,High,Unknown,Medium College / Medium White,Medium College / Medium White / Low Black / High Hispanic / Unknown Income,top_two,D_vs_R,,,CA,Pacific,Mixed,0.0,"Issa, Darrell",R,R,R,False,True,"von Wilpert, Marie","Desmond, Jim",,True,True,False,False,3.4,7.200000000000003,11.7,4.234000000000001,1.0,,5.8500000000000005,5.8500000000000005,0.0,0.0,0.0,10.084,2.370827442298894,2,True,8.344419460730595,0.8595320233988301,,4.234000000000001,0.95,0.1,-0.05,1.0,District type base: Mixed=0.95. Partisan baseline adjustment: +0.10. Region adjustment: Pacific=-0.05. No manual override. Final elasticity: 1.00.,1.0,-1.5,4.52,4.9,2.6800000000000033,5.8500000000000005,1.0,5.8500000000000005,1.5,1,1,0.0,0.0,0,Poll spillover active but signal file missing,House fundamentals calculated as 70%*2024 presidential margin + 30%*2020 presidential margin + national environment * district elasticity + state environment adjustment + incumbency + candidate quality + candidate event adjustment + special adjustment.,/Users/benyelin/Desktop/Desktop - Ben’s MacBook Air/senate_model_python_Q1_auto_calendar_candidate_refresh/inputs/national_environment.csv,2026-09-01,31.5,1.06155710758946,1.6042698007916811,0.7483309769195579,False,"Manual House polling average from 2 poll(s): Lake Research, SurveyUSA",0.2255337250989601,0.7744662749010398,8.344419460730595,5.425795270170245,0.8007098074044593,0.8595320233988301,8.244254322581911,0.0,Neither matched,,,0.0,0.0,Neither matched,0.0,0.0,0,,
CA,49,CA-49,Pacific,Suburban,Very High,Medium,Low,Medium,Unknown,Very High College / Medium White,Very High College / Medium White / Low Black / Medium Hispanic / Unknown Income,top_two,D_vs_R,,,CA,Pacific,Suburban,0.0,"Levin, Mike",D,D,D,True,False,"Levin, Mike","Kurdian, Armen",,False,True,True,False,12.1,15.200000000000005,20.4,12.724,1.0,,5.8500000000000005,5.8500000000000005,1.5,-0.8103260869565216,0.0,19.26367391304348,,0,False,19.26367391304348,0.994875256237188,,12.724,1.1,0.0,-0.05,1.05,District type base: Suburban=1.10. Partisan baseline adjustment: +0.00. Region adjustment: Pacific=-0.05. No manual override. Final elasticity: 1.05.,1.05,-1.5,4.52,13.6,10.680000000000003,5.8500000000000005,1.0,5.8500000000000005,1.5,1,1,0.0,0.0,0,Poll spillover active but signal file missing,House fundamentals calculated as 70%*2024 presidential margin + 30%*2020 presidential margin + national environment * district elasticity + state environment adjustment + incumbency + candidate quality + candidate event adjustment + special adjustment.,/Users/benyelin/Desktop/Desktop - Ben’s MacBook Air/senate_model_python_Q1_auto_calendar_candidate_refresh/inputs/national_environment.csv,,,0.0,0.0,0.0,False,,0.0,1.0,19.26367391304348,5.75,0.9612316902476048,0.994875256237188,19.26546831115201,-0.8103260869565216,Only D matched,Mike Levin,,-1.5434782608695652,0.0,Only D matched,0.0,0.0,0,,
CA,50,CA-50,Pacific,Mixed,Very High,Medium,Low,Medium,Unknown,Very High College / Medium White,Very High College / Medium White / Low Black / Medium Hispanic / Unknown Income,top_two,D_vs_R,,,CA,Pacific,Mixed,0.0,"Peters, Scott",D,D,D,True,False,"Peters, Scott","Cohen, Steve",,False,True,True,False,18.2,21.09999999999999,26.5,18.763999999999996,1.0,,5.8500000000000005,5.8500000000000005,1.5,-0.977025,0.0,25.136974999999996,,0,False,25.136974999999996,0.9996750162491876,,18.763999999999996,0.95,-0.1,-0.05,0.7999999999999999,District type base: Mixed=0.95. Partisan baseline adjustment: -0.10. Region adjustment: Pacific=-0.05. No manual override. Final elasticity: 0.80.,0.7999999999999999,-1.5,4.52,19.7,16.57999999999999,5.8500000000000005,1.0,5.8500000000000005,1.5,1,1,0.0,0.0,0,Poll spillover active but signal file missing,House fundamentals calculated as 70%*2024 presidential margin + 30%*2020 presidential margin + national environment * district elasticity + state environment adjustment + incumbency + candidate quality + candidate event adjustment + special adjustment.,/Users/benyelin/Desktop/Desktop - Ben’s MacBook Air/senate_model_python_Q1_auto_calendar_candidate_refresh/inputs/national_environment.csv,,,0.0,0.0,0.0,False,,0.0,1.0,25.136974999999996,5.75,0.9850722903136055,0.9996750162491876,25.108581591322217,-0.977025,Only D matched,Scott Peters,,-1.861,0.0,Only D matched,0.0,0.0,0,,
CA,51,CA-51,Pacific,Mixed,High,Medium,Low,Medium,Unknown,High College / Medium White,High College / Medium White / Low Black / Medium Hispanic / Unknown Income,top_two,D_vs_R,,,CA,Pacific,Mixed,0.0,"Jacobs, Sara",D,D,D,True,False,"Jacobs, Sara","Cabrera, Ricardo",,False,True,True,False,18.2,22.9,26.5,19.304,1.0,,5.8500000000000005,5.8500000000000005,1.5,-0.6268181818181818,0.0,26.02718181818182,,0,False,26.02718181818182,0.9997250137493126,,19.304,0.95,-0.1,-0.05,0.7999999999999999,District type base: Mixed=0.95. Partisan baseline adjustment: -0.10. Region adjustment: Pacific=-0.05. No manual override. Final elasticity: 0.80.,0.7999999999999999,-1.5,4.52,19.7,18.38,5.8500000000000005,1.0,5.8500000000000005,1.5,1,1,0.0,0.0,0,Poll spillover active but signal file missing,House fundamentals calculated as 70%*2024 presidential margin + 30%*2020 presidential margin + national environment * district elasticity + state environment adjustment + incumbency + candidate quality + candidate event adjustment + special adjustment.,/Users/benyelin/Desktop/Desktop - Ben’s MacBook Air/senate_model_python_Q1_auto_calendar_candidate_refresh/inputs/national_environment.csv,,,0.0,0.0,0.0,False,,0.0,1.0,26.02718181818182,5.75,0.9871040689748704,0.9997250137493126,26.056209838258457,-0.6268181818181818,Only D matched,Sara Jacobs,,-1.193939393939394,0.0,Only D matched,0.0,0.0,0,,
CA,52,CA-52,Pacific,Mixed,Low,Low,Low,Very High,Unknown,Low College / Low White,Low College / Low White / Low Black / Very High Hispanic / Unknown Income,top_two,D_vs_R,,,CA,Pacific,Mixed,0.0,"Vargas, Juan",D,D,D,True,False,"Vargas, Juan","Bell, Jeff",,False,True,True,False,17.5,33.3,25.8,21.933999999999997,1.0,,5.8500000000000005,5.8500000000000005,1.5,0.4698749999999999,0.0,29.753874999999997,,0,False,29.753874999999997,0.9999750012499375,,21.933999999999997,0.95,-0.1,-0.05,0.7999999999999999,District type base: Mixed=0.95. Partisan baseline adjustment: -0.10. Region adjustment: Pacific=-0.05. No manual override. Final elasticity: 0.80.,0.7999999999999999,-1.5,4.52,19.0,28.78,5.8500000000000005,1.0,5.8500000000000005,1.5,1,1,0.0,0.0,0,Poll spillover active but signal file missing,House fundamentals calculated as 70%*2024 presidential margin + 30%*2020 presidential margin + national environment * district elasticity + state environment adjustment + incumbency + candidate quality + candidate event adjustment + special adjustment.,/Users/benyelin/Desktop/Desktop - Ben’s MacBook Air/senate_model_python_Q1_auto_calendar_candidate_refresh/inputs/national_environment.csv,,,0.0,0.0,0.0,False,,0.0,1.0,29.753874999999997,5.75,0.9930288476024351,0.9999750012499375,29.710911967508,0.4698749999999999,Only D matched,Juan Vargas,,0.8949999999999999,0.0,Only D matched,0.0,0.0,0,,
CO,1,CO-1,Mountain West,Urban,Very High,Medium,Low,Medium,Unknown,Very High College / Medium White,Very High College / Medium White / Low Black / Medium Hispanic / Unknown Income,standard,D_vs_R,,,CO,Mountain West,Urban,0.0,"DeGette, Diane",D,D,D,False,True,"Kiros, Melat","Peterson, Christy",,True,True,False,False,55.9,61.3,64.19999999999999,57.214,1.0,,5.8500000000000005,5.8500000000000005,0.0,0.0,0.0,63.064,,0,False,63.064,0.9999750012499375,,57.214,0.7,-0.2,0.0,0.55,District type base: Urban=0.70. Partisan baseline adjustment: -0.20. Region adjustment: Mountain West=+0.00. No manual override. Final elasticity: 0.55.,0.55,-1.5,4.52,57.4,56.78,5.8500000000000005,1.0,5.8500000000000005,1.5,1,1,0.0,0.0,0,Poll spillover active but signal file missing,House fundamentals calculated as 70%*2024 presidential margin + 30%*2020 presidential margin + national environment * district elasticity + state environment adjustment + incumbency + candidate quality + candidate event adjustment + special adjustment.,/Users/benyelin/Desktop/Desktop - Ben’s MacBook Air/senate_model_python_Q1_auto_calendar_candidate_refresh/inputs/national_environment.csv,,,0.0,0.0,0.0,False,,0.0,1.0,63.064,5.75,0.9999727564540448,0.9999750012499375,63.078666591150615,0.0,Neither matched,,,0.0,0.0,Neither matched,0.0,0.0,0,,
CO,2,CO-2,Mountain West,Suburban,Very High,Very High,Low,Low,Unknown,Very High College / Very High White,Very High College / Very High White / Low Black / Low Hispanic / Unknown Income,standard,D_vs_R,,,CO,Mountain West,Suburban,0.0,"Neguse, Joe",D,D,D,True,False,"Neguse, Joe","Dennison, Kelley",,False,True,True,False,39.8,39.900000000000006,48.099999999999994,39.524,1.0,,5.8500000000000005,5.8500000000000005,1.5,-0.5683695652173915,0.0,46.305630434782614,,0,False,46.305630434782614,0.9999750012499375,,39.524,1.1,-0.2,0.0,0.9000000000000001,District type base: Suburban=1.10. Partisan baseline adjustment: -0.20. Region adjustment: Mountain West=+0.00. No manual override. Final elasticity: 0.90.,0.9000000000000001,-1.5,4.52,41.3,35.38000000000001,5.8500000000000005,1.0,5.8500000000000005,1.5,1,1,0.0,0.0,0,Poll spillover active but signal file missing,House fundamentals calculated as 70%*2024 presidential margin + 30%*2020 presidential margin + national environment * district elasticity + state environment adjustment + incumbency + candidate quality + candidate event adjustment + special adjustment.,/Users/benyelin/Desktop/Desktop - Ben’s MacBook Air/senate_model_python_Q1_auto_calendar_candidate_refresh/inputs/national_environment.csv,,,0.0,0.0,0.0,False,,0.0,1.0,46.305630434782614,5.75,0.999555272978299,0.9999750012499375,46.33863924011778,-0.5683695652173915,Only D matched,Joe Neguse,,-1.082608695652174,0.0,Only D matched,0.0,0.0,0,,
CO,3,CO-3,Mountain West,Rural,Medium,High,Low,Medium,Unknown,Medium College / High White,Medium College / High White / Low Black / Medium Hispanic / Unknown Income,standard,D_vs_R,,,CO,Mountain West,Rural,0.0,"Hurd, Jeff",R,R,R,True,False,"Romero, Dwayne","Hurd, Jeff",,True,False,False,True,-9.7,-8.199999999999996,-1.3999999999999997,-9.555999999999996,1.0,,5.8500000000000005,5.8500000000000005,-1.5,1.6537499999999996,0.0,-3.5522499999999972,-2.5,1,True,-3.469385312499998,0.3250087495625218,,-9.555999999999996,0.8,0.0,0.0,0.8,District type base: Rural=0.80. Partisan baseline adjustment: +0.00. Region adjustment: Mountain West=+0.00. No manual override. Final elasticity: 0.80.,0.8,-1.5,4.52,-8.2,-12.719999999999995,5.8500000000000005,1.0,5.8500000000000005,1.5,1,1,0.0,0.0,0,Poll spillover active but signal file missing,House fundamentals calculated as 70%*2024 presidential margin + 30%*2020 presidential margin + national environment * district elasticity + state environment adjustment + incumbency + candidate quality + candidate event adjustment + special adjustment.,/Users/benyelin/Desktop/Desktop - Ben’s MacBook Air/senate_model_python_Q1_auto_calendar_candidate_refresh/inputs/national_environment.csv,2026-07-23,47.0,0.3012232317027304,1.0,1.0,True,Manual House polling average from 1 poll(s): Keating Research Inc.,0.0787499999999999,0.92125,-3.469385312499998,5.636796875,0.3593397684177078,0.3250087495625218,-3.464884038212464,1.6537499999999996,Only R matched,,Jeff Hurd,0.0,-3.15,Only R matched,0.0,0.0,0,,
CO,4,CO-4,Great Plains,Rural,High,Very High,Low,Low,Unknown,High College / Very High White,High College / Very High White / Low Black / Low Hispanic / Unknown Income,standard,D_vs_R,,,CO,Great Plains,Rural,0.0,"Boebert, Lauren",R,R,R,True,False,"Laubaucher, Eileen","Boebert, Lauren",,True,False,False,True,-18.3,-18.5,-10.0,-18.666,1.0,,5.8500000000000005,5.8500000000000005,-1.5,2.161463414634146,0.0,-12.154536585365854,,0,False,-12.154536585365854,0.0524223788810559,,-18.666,0.8,-0.1,-0.05,0.65,District type base: Rural=0.80. Partisan baseline adjustment: -0.10. Region adjustment: Great Plains=-0.05. No manual override. Final elasticity: 0.65.,0.65,-1.5,4.52,-16.8,-23.02,5.8500000000000005,1.0,5.8500000000000005,1.5,1,1,0.0,0.0,0,Poll spillover active but signal file missing,House fundamentals calculated as 70%*2024 presidential margin + 30%*2020 presidential margin + national environment * district elasticity + state environment adjustment + incumbency + candidate quality + candidate event adjustment + special adjustment.,/Users/benyelin/Desktop/Desktop - Ben’s MacBook Air/senate_model_python_Q1_auto_calendar_candidate_refresh/inputs/national_environment.csv,,,0.0,0.0,0.0,False,,0.0,1.0,-12.154536585365854,5.75,0.1165251086082044,0.0524223788810559,-12.093283729604527,2.161463414634146,Only R matched,,Lauren Boebert,0.0,-4.117073170731707,Only R matched,0.0,0.0,0,,
CO,5,CO-5,Mountain West,Rural,High,High,Low,Medium,Unknown,High College / High White,High College / High White / Low Black / Medium Hispanic / Unknown Income,standard,D_vs_R,,,CO,Mountain West,Rural,0.0,"Crank, Jeff",R,R,R,True,False,"Killin, Jessica","Crank, Jeff",,True,False,False,True,-9.1,-10.1,-0.7999999999999998,-9.706,1.0,,5.8500000000000005,5.8500000000000005,-1.5,-0.6824999999999999,0.0,-6.038499999999999,-0.5,1,True,-5.602343124999999,0.2250637468126593,,-9.706,0.8,0.0,0.0,0.8,District type base: Rural=0.80. Partisan baseline adjustment: +0.00. Region adjustment: Mountain West=+0.00. No manual override. Final elasticity: 0.80.,0.8,-1.5,4.52,-7.6,-14.62,5.8500000000000005,1.0,5.8500000000000005,1.5,1,1,0.0,0.0,0,Poll spillover active but signal file missing,House fundamentals calculated as 70%*2024 presidential margin + 30%*2020 presidential margin + national environment * district elasticity + state environment adjustment + incumbency + candidate quality + candidate event adjustment + special adjustment.,/Users/benyelin/Desktop/Desktop - Ben’s MacBook Air/senate_model_python_Q1_auto_calendar_candidate_refresh/inputs/national_environment.csv,2026-07-21,49.0,0.370994327003445,1.0,1.0,True,Manual House polling average from 1 poll(s): Global Strategy Group,0.0787499999999999,0.92125,-5.602343124999999,5.636796875,0.2821698363113569,0.2250637468126593,-5.655641724181086,-0.6824999999999999,Only R matched,,Jeff Crank,0.0,1.3,Only R matched,0.0,0.0,0,,
CO,6,CO-6,Mountain West,Suburban,High,Medium,Medium,Medium,Unknown,High College / Medium White,High College / Medium White / Medium Black / Medium Hispanic / Unknown Income,standard,D_vs_R,,,CO,Mountain West,Suburban,0.0,"Crow, Jason",D,D,D,True,False,"Crow, Jason","Tewahade, Mel",,False,True,True,False,19.8,23.800000000000004,28.1,20.694000000000003,1.0,,5.8500000000000005,5.8500000000000005,1.5,-0.4907608695652173,0.0,27.553239130434783,,0,False,27.553239130434783,0.9998750062496876,,20.694000000000003,1.1,-0.1,0.0,1.0,District type base: Suburban=1.10. Partisan baseline adjustment: -0.10. Region adjustment: Mountain West=+0.00. No manual override. Final elasticity: 1.00.,1.0,-1.5,4.52,21.3,19.280000000000005,5.8500000000000005,1.0,5.8500000000000005,1.5,1,1,0.0,0.0,0,Poll spillover active but signal file missing,House fundamentals calculated as 70%*2024 presidential margin + 30%*2020 presidential margin + national environment * district elasticity + state environment adjustment + incumbency + candidate quality + candidate event adjustment + special adjustment.,/Users/benyelin/Desktop/Desktop - Ben’s MacBook Air/senate_model_python_Q1_auto_calendar_candidate_refresh/inputs/national_environment.csv,,,0.0,0.0,0.0,False,,0.0,1.0,27.553239130434783,5.75,0.9899711168377066,0.9998750062496876,27.571950949038552,-0.4907608695652173,Only D matched,Jason Crow,,-0.9347826086956522,0.0,Only D matched,0.0,0.0,0,,
CO,7,CO-7,Mountain West,Suburban,Medium,Very High,Low,Low,Unknown,Medium College / Very High White,Medium College / Very High White / Low Black / Low Hispanic / Unknown Income,standard,D_vs_R,,,CO,Mountain West,Suburban,0.0,"Pettersen, Brittany",D,D,D,True,False,"Pettersen, Brittany","Bennett, Timothy",,False,True,True,False,15.0,14.200000000000005,23.3,14.454,1.0,,5.8500000000000005,5.8500000000000005,1.5,-0.2251136363636363,0.0,21.578886363636364,,0,False,21.578886363636364,0.9976251187440628,,14.454,1.1,0.0,0.0,1.1,District type base: Suburban=1.10. Partisan baseline adjustment: +0.00. Region adjustment: Mountain West=+0.00. No manual override. Final elasticity: 1.10.,1.1,-1.5,4.52,16.5,9.680000000000003,5.8500000000000005,1.0,5.8500000000000005,1.5,1,1,0.0,0.0,0,Poll spillover active but signal file missing,House fundamentals calculated as 70%*2024 presidential margin + 30%*2020 presidential margin + national environment * district elasticity + state environment adjustment + incumbency + candidate quality + candidate event adjustment + special adjustment.,/Users/benyelin/Desktop/Desktop - Ben’s MacBook Air/senate_model_python_Q1_auto_calendar_candidate_refresh/inputs/national_environment.csv,,,0.0,0.0,0.0,False,,0.0,1.0,21.578886363636364,5.75,0.9733117505858544,0.9976251187440628,21.60148552539287,-0.2251136363636363,Only D matched,Brittany Pettersen,,-0.4287878787878788,0.0,Only D matched,0.0,0.0,0,,
CO,8,CO-8,Mountain West,Suburban,Medium,Medium,Low,High,Unknown,Medium College / Medium White,Medium College / Medium White / Low Black / High Hispanic / Unknown Income,standard,D_vs_R,,,CO,Mountain West,Suburban,0.0,"Evans, Gabe",R,R,R,True,False,"Rutinel, Manny","Evans, Gabe",,True,False,False,True,-1.8,4.5,6.5,-0.2159999999999999,1.0,,5.8500000000000005,5.8500000000000005,-1.5,-0.55125,0.0,3.5827500000000003,,0,False,3.5827500000000003,0.6852907354632268,,-0.2159999999999999,1.1,0.1,0.0,1.2000000000000002,District type base: Suburban=1.10. Partisan baseline adjustment: +0.10. Region adjustment: Mountain West=+0.00. No manual override. Final elasticity: 1.20.,1.2000000000000002,-1.5,4.52,-0.3,-0.0199999999999995,5.8500000000000005,1.0,5.8500000000000005,1.5,1,1,0.0,0.0,0,Poll spillover active but signal file missing,House fundamentals calculated as 70%*2024 presidential margin + 30%*2020 presidential margin + national environment * district elasticity + state environment adjustment + incumbency + candidate quality + candidate event adjustment + special adjustment.,/Users/benyelin/Desktop/Desktop - Ben’s MacBook Air/senate_model_python_Q1_auto_calendar_candidate_refresh/inputs/national_environment.csv,,,0.0,0.0,0.0,False,,0.0,1.0,3.5827500000000003,5.75,0.6449982764299401,0.6852907354632268,3.650107101027902,-0.55125,Only R matched,,Gabe Evans,0.0,1.05,Only R matched,0.0,0.0,0,,
CT,1,CT-1,Northeast,Suburban,High,Medium,Medium,Medium,Unknown,High College / Medium White,High College / Medium White / Medium Black / Medium Hispanic / Unknown Income,standard,D_vs_R,,,CT,Northeast,Suburban,0.0,"Larson, John",D,D,D,False,True,"Bronin, Luke","Chai, Amy",,True,True,False,False,22.9,28.09999999999999,31.2,24.153999999999996,1.0,,5.8500000000000005,5.8500000000000005,0.0,0.0,0.0,30.004,,0,False,30.004,0.9998750062496876,,24.153999999999996,1.1,-0.1,-0.05,0.95,District type base: Suburban=1.10. Partisan baseline adjustment: -0.10. Region adjustment: Northeast=-0.05. No manual override. Final elasticity: 0.95.,0.95,-1.5,4.52,24.4,23.57999999999999,5.8500000000000005,1.0,5.8500000000000005,1.5,1,1,0.0,0.0,0,Poll spillover active but signal file missing,House fundamentals calculated as 70%*2024 presidential margin + 30%*2020 presidential margin + national environment * district elasticity + state environment adjustment + incumbency + candidate quality + candidate event adjustment + special adjustment.,/Users/benyelin/Desktop/Desktop - Ben’s MacBook Air/senate_model_python_Q1_auto_calendar_candidate_refresh/inputs/national_environment.csv,,,0.0,0.0,0.0,False,,0.0,1.0,30.004,5.75,0.9933115796562402,0.9998750062496876,29.940727743049983,0.0,Neither matched,,,0.0,0.0,Neither matched,0.0,0.0,0,,
CT,2,CT-2,Northeast,Suburban,High,Very High,Low,Low,Unknown,High College / Very High White,High College / Very High White / Low Black / Low Hispanic / Unknown Income,standard,D_vs_R,,,CT,Northeast,Suburban,0.0,"Courtney, Joe",D,D,D,True,False,"Courtney, Joe","Austin, Joseph Patrick",,False,True,True,False,7.7,11.5,16.0,8.533999999999999,1.0,,5.8500000000000005,5.8500000000000005,1.5,2.2764,0.0,18.1604,,0,False,18.1604,0.9923753812309384,,8.533999999999999,1.1,0.0,-0.05,1.05,District type base: Suburban=1.10. Partisan baseline adjustment: +0.00. Region adjustment: Northeast=-0.05. No manual override. Final elasticity: 1.05.,1.05,-1.5,4.52,9.2,6.98,5.8500000000000005,1.0,5.8500000000000005,1.5,1,1,0.0,0.0,0,Poll spillover active but signal file missing,House fundamentals calculated as 70%*2024 presidential margin + 30%*2020 presidential margin + national environment * district elasticity + state environment adjustment + incumbency + candidate quality + candidate event adjustment + special adjustment.,/Users/benyelin/Desktop/Desktop - Ben’s MacBook Air/senate_model_python_Q1_auto_calendar_candidate_refresh/inputs/national_environment.csv,,,0.0,0.0,0.0,False,,0.0,1.0,18.1604,5.75,0.9537673419743528,0.9923753812309384,18.2131987124582,2.2764,Only D matched,Joe Courtney,,4.336,0.0,Only D matched,0.0,0.0,0,,
CT,3,CT-3,Northeast,Suburban,High,High,Medium,Low,Unknown,High College / High White,High College / High White / Medium Black / Low Hispanic / Unknown Income,standard,D_vs_R,,,CT,Northeast,Suburban,0.0,"DeLauro, Rosa",D,D,D,True,False,"DeLauro, Rosa","Lancia, Christopher",,False,True,True,False,14.1,19.700000000000003,22.4,15.474,1.0,,5.8500000000000005,5.8500000000000005,1.5,0.1217999999999999,0.0,22.9458,,0,False,22.9458,0.9990750462476876,,15.474,1.1,-0.1,-0.05,0.95,District type base: Suburban=1.10. Partisan baseline adjustment: -0.10. Region adjustment: Northeast=-0.05. No manual override. Final elasticity: 0.95.,0.95,-1.5,4.52,15.6,15.180000000000003,5.8500000000000005,1.0,5.8500000000000005,1.5,1,1,0.0,0.0,0,Poll spillover active but signal file missing,House fundamentals calculated as 70%*2024 presidential margin + 30%*2020 presidential margin + national environment * district elasticity + state environment adjustment + incumbency + candidate quality + candidate event adjustment + special adjustment.,/Users/benyelin/Desktop/Desktop - Ben’s MacBook Air/senate_model_python_Q1_auto_calendar_candidate_refresh/inputs/national_environment.csv,,,0.0,0.0,0.0,False,,0.0,1.0,22.9458,5.75,0.9786328112997432,0.9990750462476876,22.881793368603223,0.1217999999999999,Only D matched,Rosa DeLauro,,0.2319999999999999,0.0,Only D matched,0.0,0.0,0,,
CT,4,CT-4,Northeast,Suburban,Very High,Medium,Medium,Medium,Unknown,Very High College / Medium White,Very High College / Medium White / Medium Black / Medium Hispanic / Unknown Income,standard,D_vs_R,,,CT,Northeast,Suburban,0.0,"Himes, Jim",D,D,D,True,False,"Himes, Jim","Goldstein, Michael",,False,True,True,False,23.4,31.200000000000003,31.7,25.433999999999997,1.0,,5.8500000000000005,5.8500000000000005,1.5,-3.0275,0.0,29.7565,,0,False,29.7565,0.9999250037498124,,25.433999999999997,1.1,-0.2,-0.05,0.8500000000000001,District type base: Suburban=1.10. Partisan baseline adjustment: -0.20. Region adjustment: Northeast=-0.05. No manual override. Final elasticity: 0.85.,0.8500000000000001,-1.5,4.52,24.9,26.680000000000003,5.8500000000000005,1.0,5.8500000000000005,1.5,1,1,0.0,0.0,0,Poll spillover active but signal file missing,House fundamentals calculated as 70%*2024 presidential margin + 30%*2020 presidential margin + national environment * district elasticity + state environment adjustment + incumbency + candidate quality + candidate event adjustment + special adjustment.,/Users/benyelin/Desktop/Desktop - Ben’s MacBook Air/senate_model_python_Q1_auto_calendar_candidate_refresh/inputs/national_environment.csv,,,0.0,0.0,0.0,False,,0.0,1.0,29.7565,5.75,0.993031875567256,0.9999250037498124,29.81280054832848,-3.0275,Both matched,Jim Himes,Michael Goldstein,-2.625,1.7,Both matched,0.0,0.0,0,,
CT,5,CT-5,Northeast,Suburban,High,High,Low,Medium,Unknown,High College / High White,High College / High White / Low Black / Medium Hispanic / Unknown Income,standard,D_vs_R,,,CT,Northeast,Suburban,0.0,"Hayes, Jahana",D,D,D,True,False,"Hayes, Jahana","Shea, Chris",,False,True,True,False,5.6,10.700000000000005,13.9,6.824000000000002,1.0,,5.8500000000000005,5.8500000000000005,1.5,-0.5341304347826088,0.0,13.639869565217394,,0,False,13.639869565217394,0.9660266986650669,,6.824000000000002,1.1,0.0,-0.05,1.05,District type base: Suburban=1.10. Partisan baseline adjustment: +0.00. Region adjustment: Northeast=-0.05. No manual override. Final elasticity: 1.05.,1.05,-1.5,4.52,7.1,6.180000000000005,5.8500000000000005,1.0,5.8500000000000005,1.5,1,1,0.0,0.0,0,Poll spillover active but signal file missing,House fundamentals calculated as 70%*2024 presidential margin + 30%*2020 presidential margin + national environment * district elasticity + state environment adjustment + incumbency + candidate quality + candidate event adjustment + special adjustment.,/Users/benyelin/Desktop/Desktop - Ben’s MacBook Air/senate_model_python_Q1_auto_calendar_candidate_refresh/inputs/national_environment.csv,,,0.0,0.0,0.0,False,,0.0,1.0,13.639869565217394,5.75,0.906642465119442,0.9660266986650669,13.57324904425679,-0.5341304347826088,Only D matched,Jahana Hayes,,-1.0173913043478262,0.0,Only D matched,0.0,0.0,0,,
DE,AL,DE-AL,Mid-Atlantic,Mixed,High,High,Medium,Low,Unknown,High College / High White,High College / High White / Medium Black / Low Hispanic / Unknown Income,standard,Unresolved,,,DE,Mid-Atlantic,Mixed,0.0,"McBride, Sarah",D,D,D,False,True,,,,False,False,False,False,14.7,14.700000000000005,23.0,14.394,1.0,,5.8500000000000005,5.8500000000000005,0.0,0.0,0.0,20.244,,0,False,20.244,0.996475176241188,,14.394,0.95,0.0,0.0,0.95,District type base: Mixed=0.95. Partisan baseline adjustment: +0.00. Region adjustment: Mid-Atlantic=+0.00. No manual override. Final elasticity: 0.95.,0.95,-1.5,4.52,16.2,10.180000000000003,5.8500000000000005,1.0,5.8500000000000005,1.5,1,1,0.0,0.0,0,Poll spillover active but signal file missing,House fundamentals calculated as 70%*2024 presidential margin + 30%*2020 presidential margin + national environment * district elasticity + state environment adjustment + incumbency + candidate quality + candidate event adjustment + special adjustment.,/Users/benyelin/Desktop/Desktop - Ben’s MacBook Air/senate_model_python_Q1_auto_calendar_candidate_refresh/inputs/national_environment.csv,,,0.0,0.0,0.0,False,,0.0,1.0,20.244,5.75,0.9668820153733793,0.996475176241188,20.196470875332615,0.0,Neither matched,,,0.0,0.0,Neither matched,0.0,0.0,0,,
FL,1,FL-1,Deep South,Rural,Medium,High,Medium,Low,Unknown,Medium College / High White,Medium College / High White / Medium Black / Low Hispanic / Unknown Income,standard,D_vs_R,,,FL,Deep South,Rural,0.0,"Patronis, Jimmy",R,R,R,True,False,"Valimont, Gay","Patronis, Jimmy",,True,False,False,True,-36.900000000000006,-32.199999999999996,-28.600000000000005,-35.796,1.0,,5.8500000000000005,5.8500000000000005,-1.5,2.2312499999999997,0.0,-29.21475,,0,False,-29.21475,2.499875006249687e-05,,-35.796,0.8,-0.2,-0.05,0.55,District type base: Rural=0.80. Partisan baseline adjustment: -0.20. Region adjustment: Deep South=-0.05. No manual override. Final elasticity: 0.55.,0.55,-1.5,4.52,-35.400000000000006,-36.72,5.8500000000000005,1.0,5.8500000000000005,1.5,1,1,0.0,0.0,0,Poll spillover active but signal file missing,House fundamentals calculated as 70%*2024 presidential margin + 30%*2020 presidential margin + national environment * district elasticity + state environment adjustment + incumbency + candidate quality + candidate event adjustment + special adjustment.,/Users/benyelin/Desktop/Desktop - Ben’s MacBook Air/senate_model_python_Q1_auto_calendar_candidate_refresh/inputs/national_environment.csv,,,0.0,0.0,0.0,False,,0.0,1.0,-29.21475,5.75,0.0076215483017079,2.499875006249687e-05,-29.280695413983228,2.2312499999999997,Only D matched,Gay Valimont,,4.25,0.0,Only D matched,0.0,0.0,0,,
FL,2,FL-2,Deep South,Rural,Medium,High,Medium,Low,Unknown,Medium College / High White,Medium College / High White / Medium Black / Low Hispanic / Unknown Income,standard,D_vs_R,,,FL,Deep South,Rural,0.0,"Dunn, Neal",R,R,R,False,True,"Green, Amanda","Rogers, Austin",,True,True,False,False,-18.0,-10.9,-9.7,-16.176,1.0,,5.8500000000000005,5.8500000000000005,0.0,0.0,0.0,-10.325999999999995,,0,False,-10.325999999999995,0.0854207289635518,,-16.176,0.8,-0.1,-0.05,0.65,District type base: Rural=0.80. Partisan baseline adjustment: -0.10. Region adjustment: Deep South=-0.05. No manual override. Final elasticity: 0.65.,0.65,-1.5,4.52,-16.5,-15.42,5.8500000000000005,1.0,5.8500000000000005,1.5,1,1,0.0,0.0,0,Poll spillover active but signal file missing,House fundamentals calculated as 70%*2024 presidential margin + 30%*2020 presidential margin + national environment * district elasticity + state environment adjustment + incumbency + candidate quality + candidate event adjustment + special adjustment.,/Users/benyelin/Desktop/Desktop - Ben’s MacBook Air/senate_model_python_Q1_auto_calendar_candidate_refresh/inputs/national_environment.csv,,,0.0,0.0,0.0,False,,0.0,1.0,-10.325999999999995,5.75,0.1517424021796664,0.0854207289635518,-10.311287623621618,0.0,Neither matched,,,0.0,0.0,Neither matched,0.0,0.0,0,,
FL,3,FL-3,Southeast,Rural,Medium,High,Medium,Medium,Unknown,Medium College / High White,Medium College / High White / Medium Black / Medium Hispanic / Unknown Income,standard,D_vs_R,,,FL,Southeast,Rural,0.0,"Cammack, Kat",R,R,R,True,False,"Harp, Seth","Cammack, Kat",,True,False,False,True,-20.9,-14.0,-12.599999999999998,-19.136,1.0,,5.8500000000000005,5.8500000000000005,-1.5,0.4750609756097561,0.0,-14.310939024390242,,0,False,-14.310939024390242,0.0284235788210589,,-19.136,0.8,-0.1,0.0,0.7000000000000001,District type base: Rural=0.80. Partisan baseline adjustment: -0.10. Region adjustment: Southeast=+0.00. No manual override. Final elasticity: 0.70.,0.7000000000000001,-1.5,4.52,-19.4,-18.52,5.8500000000000005,1.0,5.8500000000000005,1.5,1,1,0.0,0.0,0,Poll spillover active but signal file missing,House fundamentals calculated as 70%*2024 presidential margin + 30%*2020 presidential margin + national environment * district elasticity + state environment adjustment + incumbency + candidate quality + candidate event adjustment + special adjustment.,/Users/benyelin/Desktop/Desktop - Ben’s MacBook Air/senate_model_python_Q1_auto_calendar_candidate_refresh/inputs/national_environment.csv,,,0.0,0.0,0.0,False,,0.0,1.0,-14.310939024390242,5.75,0.0843116130262443,0.0284235788210589,-14.315917574175558,0.4750609756097561,Only R matched,,Kat Cammack,0.0,-0.9048780487804878,Only R matched,0.0,0.0,0,,
FL,4,FL-4,Southeast,Rural,Low,Medium,High,Low,Unknown,Low College / Medium White,Low College / Medium White / High Black / Low Hispanic / Unknown Income,standard,D_vs_R,,,FL,Southeast,Rural,0.0,"Bean, Aaron",R,R,R,True,False,"Holloway, LaShonda","Bean, Aaron",,True,False,False,True,-11.800000000000004,-6.700000000000003,-3.5000000000000044,-10.576000000000004,1.0,,5.8500000000000005,5.8500000000000005,-1.5,0.5154545454545454,0.0,-5.710545454545458,,0,False,-5.710545454545458,0.2241137943102845,,-10.576000000000004,0.8,0.0,0.0,0.8,District type base: Rural=0.80. Partisan baseline adjustment: +0.00. Region adjustment: Southeast=+0.00. No manual override. Final elasticity: 0.80.,0.8,-1.5,4.52,-10.300000000000004,-11.220000000000002,5.8500000000000005,1.0,5.8500000000000005,1.5,1,1,0.0,0.0,0,Poll spillover active but signal file missing,House fundamentals calculated as 70%*2024 presidential margin + 30%*2020 presidential margin + national environment * district elasticity + state environment adjustment + incumbency + candidate quality + candidate event adjustment + special adjustment.,/Users/benyelin/Desktop/Desktop - Ben’s MacBook Air/senate_model_python_Q1_auto_calendar_candidate_refresh/inputs/national_environment.csv,,,0.0,0.0,0.0,False,,0.0,1.0,-5.710545454545458,5.75,0.2785314966970904,0.2241137943102845,-5.7140088568457434,0.5154545454545454,Both matched,LaShonda Holloway,Aaron Bean,0.3681818181818181,-0.3681818181818181,Both matched,0.0,0.0,0,,
FL,5,FL-5,Southeast,Mixed,Medium,High,Medium,Low,Unknown,Medium College / High White,Medium College / High White / Medium Black / Low Hispanic / Unknown Income,standard,D_vs_R,,,FL,Southeast,Mixed,0.0,"Rutherford, John",R,R,R,True,False,"Grage, Rachel","Rutherford, John",,True,False,False,True,-21.4,-15.700000000000005,-13.099999999999998,-19.996,1.0,,5.8500000000000005,5.8500000000000005,-1.5,-0.5366666666666666,0.0,-16.182666666666663,,0,False,-16.182666666666663,0.0152742362881855,,-19.996,0.95,-0.1,0.0,0.85,District type base: Mixed=0.95. Partisan baseline adjustment: -0.10. Region adjustment: Southeast=+0.00. No manual override. Final elasticity: 0.85.,0.85,-1.5,4.52,-19.9,-20.22000000000001,5.8500000000000005,1.0,5.8500000000000005,1.5,1,1,0.0,0.0,0,Poll spillover active but signal file missing,House fundamentals calculated as 70%*2024 presidential margin + 30%*2020 presidential margin + national environment * district elasticity + state environment adjustment + incumbency + candidate quality + candidate event adjustment + special adjustment.,/Users/benyelin/Desktop/Desktop - Ben’s MacBook Air/senate_model_python_Q1_auto_calendar_candidate_refresh/inputs/national_environment.csv,,,0.0,0.0,0.0,False,,0.0,1.0,-16.182666666666663,5.75,0.0631440381530468,0.0152742362881855,-16.256840810163524,-0.5366666666666666,Only R matched,,John Rutherford,0.0,1.022222222222222,Only R matched,0.0,0.0,0,,
FL,6,FL-6,Southeast,Mixed,Low,High,Medium,Low,Unknown,Low College / High White,Low College / High White / Medium Black / Low Hispanic / Unknown Income,standard,D_vs_R,,,FL,Southeast,Mixed,0.0,"Fine, Randy",R,R,R,True,False,"Yonce, Eric","Fine, Randy",,True,False,False,True,-30.0,-23.59999999999999,-21.7,-28.385999999999996,1.0,,5.8500000000000005,5.8500000000000005,-1.5,0.0,0.0,-24.03599999999999,,0,False,-24.03599999999999,0.0006749662516874,,-28.385999999999996,0.95,-0.2,0.0,0.75,District type base: Mixed=0.95. Partisan baseline adjustment: -0.20. Region adjustment: Southeast=+0.00. No manual override. Final elasticity: 0.75.,0.75,-1.5,4.52,-28.5,-28.11999999999999,5.8500000000000005,1.0,5.8500000000000005,1.5,1,1,0.0,0.0,0,Poll spillover active but signal file missing,House fundamentals calculated as 70%*2024 presidential margin + 30%*2020 presidential margin + national environment * district elasticity + state environment adjustment + incumbency + candidate quality + candidate event adjustment + special adjustment.,/Users/benyelin/Desktop/Desktop - Ben’s MacBook Air/senate_model_python_Q1_auto_calendar_candidate_refresh/inputs/national_environment.csv,,,0.0,0.0,0.0,False,,0.0,1.0,-24.03599999999999,5.75,0.0178805396491109,0.0006749662516874,-24.076138460994834,0.0,Neither matched,,,0.0,0.0,Neither matched,0.0,0.0,0,,
FL,7,FL-7,Southeast,Mixed,Medium,High,Medium,Medium,Unknown,Medium College / High White,Medium College / High White / Medium Black / Medium Hispanic / Unknown Income,standard,D_vs_R,,,FL,Southeast,Mixed,0.0,"Mills, Cory",R,R,R,False,True,"Dalton, Bale","Elijah, Ryan",,True,True,False,False,-12.4,-5.5,-4.099999999999999,-10.636,1.0,,5.8500000000000005,5.8500000000000005,0.0,0.0,0.0,-4.785999999999999,1.0,2,True,-3.8819374999999985,0.2978101094945253,,-10.636,0.95,0.0,0.0,0.95,District type base: Mixed=0.95. Partisan baseline adjustment: +0.00. Region adjustment: Southeast=+0.00. No manual override. Final elasticity: 0.95.,0.95,-1.5,4.52,-10.9,-10.02,5.8500000000000005,1.0,5.8500000000000005,1.5,1,1,0.0,0.0,0,Poll spillover active but signal file missing,House fundamentals calculated as 70%*2024 presidential margin + 30%*2020 presidential margin + national environment * district elasticity + state environment adjustment + incumbency + candidate quality + candidate event adjustment + special adjustment.,/Users/benyelin/Desktop/Desktop - Ben’s MacBook Air/senate_model_python_Q1_auto_calendar_candidate_refresh/inputs/national_environment.csv,2026-06-21,79.0,0.5203254011139045,2.0,1.0,True,"Manual House polling average from 2 poll(s): PPP, PPP",0.1562499999999999,0.84375,-3.8819374999999985,5.525390625,0.3436682481339301,0.2978101094945253,-3.956890966123443,0.0,Neither matched,,,0.0,0.0,Neither matched,0.0,0.0,0,,
FL,8,FL-8,Southeast,Mixed,Medium,High,Medium,Low,Unknown,Medium College / High White,Medium College / High White / Medium Black / Low Hispanic / Unknown Income,standard,D_vs_R,,,FL,Southeast,Mixed,0.0,"Haridopolos, Mike",R,R,R,True,False,"Jenkins, Jennifer","Haridopolous, Mike",,True,False,False,True,-16.099999999999994,-10.700000000000005,-7.799999999999994,-14.785999999999996,1.0,,5.8500000000000005,5.8500000000000005,-1.5,0.0,0.0,-10.435999999999996,,0,False,-10.435999999999996,0.0794710264486775,,-14.785999999999996,0.95,0.0,0.0,0.95,District type base: Mixed=0.95. Partisan baseline adjustment: +0.00. Region adjustment: Southeast=+0.00. No manual override. Final elasticity: 0.95.,0.95,-1.5,4.52,-14.599999999999994,-15.220000000000004,5.8500000000000005,1.0,5.8500000000000005,1.5,1,1,0.0,0.0,0,Poll spillover active but signal file missing,House fundamentals calculated as 70%*2024 presidential margin + 30%*2020 presidential margin + national environment * district elasticity + state environment adjustment + incumbency + candidate quality + candidate event adjustment + special adjustment.,/Users/benyelin/Desktop/Desktop - Ben’s MacBook Air/senate_model_python_Q1_auto_calendar_candidate_refresh/inputs/national_environment.csv,,,0.0,0.0,0.0,False,,0.0,1.0,-10.435999999999996,5.75,0.1493976333843101,0.0794710264486775,-10.523077405055329,0.0,Neither matched,,,0.0,0.0,Neither matched,0.0,0.0,0,,
FL,9,FL-9,Southeast,Mixed,Medium,Medium,Medium,High,Unknown,Medium College / Medium White,Medium College / Medium White / Medium Black / High Hispanic / Unknown Income,standard,D_vs_R,,,FL,Southeast,Mixed,0.0,"Soto, Darren",D,D,D,True,False,"Soto, Darren","Green, Dan",,False,False,True,True,-17.700000000000003,-6.799999999999997,-9.400000000000002,-14.736,1.0,,5.8500000000000005,5.8500000000000005,0.0,0.718392857142857,0.0,-8.167607142857142,1.0,1,True,-7.205008392857142,0.1667666616669166,,-14.736,0.95,0.0,0.0,0.95,District type base: Mixed=0.95. Partisan baseline adjustment: +0.00. Region adjustment: Southeast=+0.00. No manual override. Final elasticity: 0.95.,0.95,-1.5,4.52,-16.200000000000003,-11.319999999999997,5.8500000000000005,1.0,5.8500000000000005,1.5,1,1,0.0,0.0,0,Poll spillover active but signal file missing,House fundamentals calculated as 70%*2024 presidential margin + 30%*2020 presidential margin + national environment * district elasticity + state environment adjustment + incumbency + candidate quality + candidate event adjustment + special adjustment.,/Users/benyelin/Desktop/Desktop - Ben’s MacBook Air/senate_model_python_Q1_auto_calendar_candidate_refresh/inputs/national_environment.csv,2026-08-29,10.0,0.5770201383445722,1.0,1.0,False,Manual House polling average from 1 poll(s): Sea Polling,0.105,0.895,-7.205008392857142,5.5990625,0.2313267555789209,0.1667666616669166,-7.278694943659413,0.718392857142857,Only D matched,Darren Soto,,1.3683673469387754,0.0,Only D matched,0.0,0.0,0,,
FL,10,FL-10,Southeast,Urban,Medium,Low,High,High,Unknown,Medium College / Low White,Medium College / Low White / High Black / High Hispanic / Unknown Income,standard,uncontested,,,FL,Southeast,Urban,0.0,"Frost, Maxwell",D,D,D,True,False,"Frost, Maxwell",,,False,False,True,False,23.9,32.9,32.2,26.293999999999997,1.0,,5.8500000000000005,5.8500000000000005,1.5,-0.4804545454545454,0.0,33.163545454545456,,0,False,33.163545454545456,0.9999750012499375,,26.293999999999997,0.7,-0.2,0.0,0.55,District type base: Urban=0.70. Partisan baseline adjustment: -0.20. Region adjustment: Southeast=+0.00. No manual override. Final elasticity: 0.55.,0.55,-1.5,4.52,25.4,28.38,5.8500000000000005,1.0,5.8500000000000005,1.5,1,1,0.0,0.0,0,Poll spillover active but signal file missing,House fundamentals calculated as 70%*2024 presidential margin + 30%*2020 presidential margin + national environment * district elasticity + state environment adjustment + incumbency + candidate quality + candidate event adjustment + special adjustment.,/Users/benyelin/Desktop/Desktop - Ben’s MacBook Air/senate_model_python_Q1_auto_calendar_candidate_refresh/inputs/national_environment.csv,,,0.0,0.0,0.0,False,,0.0,1.0,33.163545454545456,5.75,0.9960388724892806,0.9999750012499375,33.21882581000248,-0.4804545454545454,Only D matched,Maxwell Frost,,-0.9151515151515152,0.0,Only D matched,0.0,0.0,0,,
FL,11,FL-11,Southeast,Mixed,High,High,Medium,Medium,Unknown,High College / High White,High College / High White / Medium Black / Medium Hispanic / Unknown Income,standard,D_vs_R,,,FL,Southeast,Mixed,0.0,"Webster, Daniel",R,R,R,False,True,"Pericola, James","Strada, Joe",,True,True,False,False,-15.700000000000005,-9.599999999999994,-7.400000000000002,-14.176000000000002,1.0,,5.8500000000000005,5.8500000000000005,0.0,0.0,0.0,-8.326,,0,False,-8.326,0.1338683065846707,,-14.176000000000002,0.95,0.0,0.0,0.95,District type base: Mixed=0.95. Partisan baseline adjustment: +0.00. Region adjustment: Southeast=+0.00. No manual override. Final elasticity: 0.95.,0.95,-1.5,4.52,-14.200000000000005,-14.119999999999994,5.8500000000000005,1.0,5.8500000000000005,1.5,1,1,0.0,0.0,0,Poll spillover active but signal file missing,House fundamentals calculated as 70%*2024 presidential margin + 30%*2020 presidential margin + national environment * district elasticity + state environment adjustment + incumbency + candidate quality + candidate event adjustment + special adjustment.,/Users/benyelin/Desktop/Desktop - Ben’s MacBook Air/senate_model_python_Q1_auto_calendar_candidate_refresh/inputs/national_environment.csv,,,0.0,0.0,0.0,False,,0.0,1.0,-8.326,5.75,0.1997805215044267,0.1338683065846707,-8.3462340511088,0.0,Neither matched,,,0.0,0.0,Neither matched,0.0,0.0,0,,
FL,12,FL-12,Southeast,Mixed,Medium,Medium,Medium,Medium,Unknown,Medium College / Medium White,Medium College / Medium White / Medium Black / Medium Hispanic / Unknown Income,standard,D_vs_R,,,FL,Southeast,Mixed,0.0,"Bilirakis, Gus",R,R,R,True,False,"Overman,  Kimberly","Bilirakis, Gus",,True,False,False,True,-15.299999999999995,-5.800000000000004,-6.9999999999999964,-12.755999999999997,1.0,,5.8500000000000005,5.8500000000000005,-1.5,-0.7053260869565217,0.0,-9.111326086956517,,0,False,-9.111326086956517,0.1136693165341733,,-12.755999999999997,0.95,0.0,0.0,0.95,District type base: Mixed=0.95. Partisan baseline adjustment: +0.00. Region adjustment: Southeast=+0.00. No manual override. Final elasticity: 0.95.,0.95,-1.5,4.52,-13.799999999999995,-10.320000000000004,5.8500000000000005,1.0,5.8500000000000005,1.5,1,1,0.0,0.0,0,Poll spillover active but signal file missing,House fundamentals calculated as 70%*2024 presidential margin + 30%*2020 presidential margin + national environment * district elasticity + state environment adjustment + incumbency + candidate quality + candidate event adjustment + special adjustment.,/Users/benyelin/Desktop/Desktop - Ben’s MacBook Air/senate_model_python_Q1_auto_calendar_candidate_refresh/inputs/national_environment.csv,,,0.0,0.0,0.0,False,,0.0,1.0,-9.111326086956517,5.75,0.1796744976917123,0.1136693165341733,-9.183647828686532,-0.7053260869565217,Only R matched,,Gus Bilirakis,0.0,1.3434782608695652,Only R matched,0.0,0.0,0,,
FL,13,FL-13,Southeast,Mixed,Medium,Very High,Low,Low,Unknown,Medium College / Very High White,Medium College / Very High White / Low Black / Low Hispanic / Unknown Income,standard,D_vs_R,,,FL,Southeast,Mixed,0.0,"Luna, Anna Paulina",R,R,R,True,False,"Gray, Leela","Luna, Anna Paulina",,True,False,False,True,-13.799999999999995,-7.800000000000004,-5.499999999999997,-12.305999999999996,1.0,,5.8500000000000005,5.8500000000000005,-1.5,1.546829268292683,0.0,-6.409170731707314,1.0,1,True,-5.631207804878046,0.2290135493225338,,-12.305999999999996,0.95,0.0,0.0,0.95,District type base: Mixed=0.95. Partisan baseline adjustment: +0.00. Region adjustment: Southeast=+0.00. No manual override. Final elasticity: 0.95.,0.95,-1.5,4.52,-12.299999999999995,-12.320000000000004,5.8500000000000005,1.0,5.8500000000000005,1.5,1,1,0.0,0.0,0,Poll spillover active but signal file missing,House fundamentals calculated as 70%*2024 presidential margin + 30%*2020 presidential margin + national environment * district elasticity + state environment adjustment + incumbency + candidate quality + candidate event adjustment + special adjustment.,/Users/benyelin/Desktop/Desktop - Ben’s MacBook Air/senate_model_python_Q1_auto_calendar_candidate_refresh/inputs/national_environment.csv,2026-08-27,12.0,0.6281520636328051,1.0,1.0,False,Manual House polling average from 1 poll(s): Hart Research,0.105,0.895,-5.631207804878046,5.5990625,0.2811964346683102,0.2290135493225338,-5.606552094239909,1.546829268292683,Only R matched,,Anna Paulina Luna,0.0,-2.9463414634146345,Only R matched,0.0,0.0,0,,
FL,14,FL-14,Southeast,Mixed,Medium,Medium,Medium,Medium,Unknown,Medium College / Medium White,Medium College / Medium White / Medium Black / Medium Hispanic / Unknown Income,standard,D_vs_R,,,FL,Southeast,Mixed,0.0,"Castor, Kathy",D,D,D,True,False,"Castor, Kathy","Beltran, Mike",,False,True,True,False,-10.5,-2.8000000000000043,-2.2,-8.496,1.0,,5.8500000000000005,5.8500000000000005,1.5,0.91875,0.0,-0.2272499999999999,8.0,1,True,0.6366112500000001,0.5351482425878706,,-8.496,0.95,0.0,0.0,0.95,District type base: Mixed=0.95. Partisan baseline adjustment: +0.00. Region adjustment: Southeast=+0.00. No manual override. Final elasticity: 0.95.,0.95,-1.5,4.52,-9.0,-7.320000000000004,5.8500000000000005,1.0,5.8500000000000005,1.5,1,1,0.0,0.0,0,Poll spillover active but signal file missing,House fundamentals calculated as 70%*2024 presidential margin + 30%*2020 presidential margin + national environment * district elasticity + state environment adjustment + incumbency + candidate quality + candidate event adjustment + special adjustment.,/Users/benyelin/Desktop/Desktop - Ben’s MacBook Air/senate_model_python_Q1_auto_calendar_candidate_refresh/inputs/national_environment.csv,2026-07-15,55.0,0.4714174712915799,1.0,1.0,False,Manual House polling average from 1 poll(s): St. Pete Polls,0.105,0.895,0.6366112500000001,5.5990625,0.5265006122882233,0.5351482425878706,0.6601252156120673,0.91875,Only D matched,Kathy Castor,,1.75,0.0,Only D matched,0.0,0.0,0,,
FL,15,FL-15,Southeast,Mixed,Medium,High,Medium,Low,Unknown,Medium College / High White,Medium College / High White / Medium Black / Low Hispanic / Unknown Income,standard,D_vs_R,,,FL,Southeast,Mixed,0.0,"Lee, Laurel",R,R,R,True,False,"People, Robert","Lee, Laurel",,True,False,False,True,-19.800000000000004,-10.6,-11.500000000000004,-17.346000000000004,1.0,,5.8500000000000005,5.8500000000000005,-1.5,0.1757954545454546,0.0,-12.820204545454548,,0,False,-12.820204545454548,0.0423728813559322,,-17.346000000000004,0.95,-0.1,0.0,0.85,District type base: Mixed=0.95. Partisan baseline adjustment: -0.10. Region adjustment: Southeast=+0.00. No manual override. Final elasticity: 0.85.,0.85,-1.5,4.52,-18.300000000000004,-15.12,5.8500000000000005,1.0,5.8500000000000005,1.5,1,1,0.0,0.0,0,Poll spillover active but signal file missing,House fundamentals calculated as 70%*2024 presidential margin + 30%*2020 presidential margin + national environment * district elasticity + state environment adjustment + incumbency + candidate quality + candidate event adjustment + special adjustment.,/Users/benyelin/Desktop/Desktop - Ben’s MacBook Air/senate_model_python_Q1_auto_calendar_candidate_refresh/inputs/national_environment.csv,,,0.0,0.0,0.0,False,,0.0,1.0,-12.820204545454548,5.75,0.1055805426633792,0.0423728813559322,-12.947171483278437,0.1757954545454546,Only R matched,,Laurel Lee,0.0,-0.3348484848484849,Only R matched,0.0,0.0,0,,
FL,16,FL-16,Southeast,Mixed,Medium,High,Medium,Low,Unknown,Medium College / High White,Medium College / High White / Medium Black / Low Hispanic / Unknown Income,standard,D_vs_R,,,FL,Southeast,Mixed,0.0,"Buchanan, Vern",R,R,R,False,True,"Kirschner, Kelly","Gruters, Sydney",,True,True,False,False,-13.6,-5.519999999999996,-5.300000000000002,-11.481999999999998,1.0,,5.8500000000000005,5.8500000000000005,0.0,0.0,0.0,-5.631999999999997,1.0039999999999978,1,True,-4.9352199999999975,0.2539623018849057,,-11.481999999999998,0.95,0.0,0.0,0.95,District type base: Mixed=0.95. Partisan baseline adjustment: +0.00. Region adjustment: Southeast=+0.00. No manual override. Final elasticity: 0.95.,0.95,-1.5,4.52,-12.1,-10.039999999999996,5.8500000000000005,1.0,5.8500000000000005,1.5,1,1,0.0,0.0,0,Poll spillover active but signal file missing,House fundamentals calculated as 70%*2024 presidential margin + 30%*2020 presidential margin + national environment * district elasticity + state environment adjustment + incumbency + candidate quality + candidate event adjustment + special adjustment.,/Users/benyelin/Desktop/Desktop - Ben’s MacBook Air/senate_model_python_Q1_auto_calendar_candidate_refresh/inputs/national_environment.csv,2026-08-29,10.0,0.8160297054092935,1.0,1.0,False,Manual House polling average from 1 poll(s): Sea Polling,0.105,0.895,-4.9352199999999975,5.5990625,0.3052254614317873,0.2539623018849057,-5.003850817239874,0.0,Neither matched,,,0.0,0.0,Neither matched,0.0,0.0,0,,
FL,17,FL-17,Southeast,Mixed,Medium,Very High,Low,Low,Unknown,Medium College / Very High White,Medium College / Very High White / Low Black / Low Hispanic / Unknown Income,standard,D_vs_R,,,FL,Southeast,Mixed,0.0,"Steube, Greg",R,R,R,True,False,"Montavon, Matthew","Steube, Greg",,True,False,False,True,-22.0,-13.9,-13.7,-19.876,1.0,,5.8500000000000005,5.8500000000000005,-1.5,0.0022826086956521,0.0,-15.523717391304348,,0,False,-15.523717391304348,0.0183240837958102,,-19.876,0.95,-0.1,0.0,0.85,District type base: Mixed=0.95. Partisan baseline adjustment: -0.10. Region adjustment: Southeast=+0.00. No manual override. Final elasticity: 0.85.,0.85,-1.5,4.52,-20.5,-18.42,5.8500000000000005,1.0,5.8500000000000005,1.5,1,1,0.0,0.0,0,Poll spillover active but signal file missing,House fundamentals calculated as 70%*2024 presidential margin + 30%*2020 presidential margin + national environment * district elasticity + state environment adjustment + incumbency + candidate quality + candidate event adjustment + special adjustment.,/Users/benyelin/Desktop/Desktop - Ben’s MacBook Air/senate_model_python_Q1_auto_calendar_candidate_refresh/inputs/national_environment.csv,,,0.0,0.0,0.0,False,,0.0,1.0,-15.523717391304348,5.75,0.0699611525769247,0.0183240837958102,-15.50682068298852,0.0022826086956521,Only R matched,,Greg Steube,0.0,-0.0043478260869565,Only R matched,0.0,0.0,0,,
FL,18,FL-18,Southeast,Mixed,Low,Medium,Low,Medium,Unknown,Low College / Medium White,Low College / Medium White / Low Black / Medium Hispanic / Unknown Income,standard,D_vs_R,,,FL,Southeast,Mixed,0.0,"Franklin, C. Scott",R,R,R,True,False,"Gibson, Curtis","Franklin, C. Scott,",,True,False,False,True,-16.9,-10.1,-8.599999999999998,-15.165999999999997,1.0,,5.8500000000000005,5.8500000000000005,-1.5,0.0,0.0,-10.815999999999995,,0,False,-10.815999999999995,0.0746712664366781,,-15.165999999999997,0.95,-0.1,0.0,0.85,District type base: Mixed=0.95. Partisan baseline adjustment: -0.10. Region adjustment: Southeast=+0.00. No manual override. Final elasticity: 0.85.,0.85,-1.5,4.52,-15.4,-14.62,5.8500000000000005,1.0,5.8500000000000005,1.5,1,1,0.0,0.0,0,Poll spillover active but signal file missing,House fundamentals calculated as 70%*2024 presidential margin + 30%*2020 presidential margin + national environment * district elasticity + state environment adjustment + incumbency + candidate quality + candidate event adjustment + special adjustment.,/Users/benyelin/Desktop/Desktop - Ben’s MacBook Air/senate_model_python_Q1_auto_calendar_candidate_refresh/inputs/national_environment.csv,,,0.0,0.0,0.0,False,,0.0,1.0,-10.815999999999995,5.75,0.1415267632473456,0.0746712664366781,-10.839738050225794,0.0,Neither matched,,,0.0,0.0,Neither matched,0.0,0.0,0,,
FL,19,FL-19,Southeast,Mixed,Medium,High,Low,Medium,Unknown,Medium College / High White,Medium College / High White / Low Black / Medium Hispanic / Unknown Income,standard,D_vs_R,,,FL,Southeast,Mixed,0.0,"Donalds, Byron",R,R,R,False,True,"Arias, Victor","Schwartzel, Jim",,True,True,False,False,-31.000000000000007,-22.0,-22.700000000000006,-28.606,1.0,,5.8500000000000005,5.8500000000000005,0.0,0.0,0.0,-22.756,,0,False,-22.756,0.0017749112544372,,-28.606,0.95,-0.2,0.0,0.75,District type base: Mixed=0.95. Partisan baseline adjustment: -0.20. Region adjustment: Southeast=+0.00. No manual override. Final elasticity: 0.75.,0.75,-1.5,4.52,-29.500000000000007,-26.52,5.8500000000000005,1.0,5.8500000000000005,1.5,1,1,0.0,0.0,0,Poll spillover active but signal file missing,House fundamentals calculated as 70%*2024 presidential margin + 30%*2020 presidential margin + national environment * district elasticity + state environment adjustment + incumbency + candidate quality + candidate event adjustment + special adjustment.,/Users/benyelin/Desktop/Desktop - Ben’s MacBook Air/senate_model_python_Q1_auto_calendar_candidate_refresh/inputs/national_environment.csv,,,0.0,0.0,0.0,False,,0.0,1.0,-22.756,5.75,0.0220387739948752,0.0017749112544372,-22.68039869757665,0.0,Neither matched,,,0.0,0.0,Neither matched,0.0,0.0,0,,
FL,20,FL-20,Southeast,Urban,Medium,Low,High,Medium,Unknown,Medium College / Low White,Medium College / Low White / High Black / Medium Hispanic / Unknown Income,standard,D_vs_R,,,FL,Southeast,Urban,0.0,VACANT,Vacant,Vacant,D,True,False,"Wasserman-Schultz, Debbie","Anderson, Brent",,False,True,True,False,37.00000000000001,48.2,45.3,40.054,1.0,,5.8500000000000005,5.8500000000000005,1.5,-0.5528250000000001,0.0,46.851175000000005,,0,False,46.851175000000005,0.9999750012499375,,40.054,0.7,-0.2,0.0,0.55,District type base: Urban=0.70. Partisan baseline adjustment: -0.20. Region adjustment: Southeast=+0.00. No manual override. Final elasticity: 0.55.,0.55,-1.5,4.52,38.50000000000001,43.68000000000001,5.8500000000000005,1.0,5.8500000000000005,1.5,1,1,0.0,0.0,0,Poll spillover active but signal file missing,House fundamentals calculated as 70%*2024 presidential margin + 30%*2020 presidential margin + national environment * district elasticity + state environment adjustment + incumbency + candidate quality + candidate event adjustment + special adjustment.,/Users/benyelin/Desktop/Desktop - Ben’s MacBook Air/senate_model_python_Q1_auto_calendar_candidate_refresh/inputs/national_environment.csv,,,0.0,0.0,0.0,False,,0.0,1.0,46.851175000000005,5.75,0.9995939098340136,0.9999750012499375,46.871232103370005,-0.5528250000000001,Only D matched,Debbie Wasserman Schultz,,-1.0530000000000002,0.0,Only D matched,0.0,0.0,0,,
FL,21,FL-21,Southeast,Mixed,Medium,High,Medium,Medium,Unknown,Medium College / High White,Medium College / High White / Medium Black / Medium Hispanic / Unknown Income,standard,D_vs_R,,,FL,Southeast,Mixed,0.0,"Mast, Brian",R,R,R,True,False,"Martin, James","Mast, Brian",,True,False,False,True,-16.200000000000003,-8.799999999999997,-7.900000000000002,-14.286,1.0,,5.8500000000000005,5.8500000000000005,-1.5,-0.7639285714285713,0.0,-10.699928571428572,,0,False,-10.699928571428572,0.0800209989500524,,-14.286,0.95,0.0,0.0,0.95,District type base: Mixed=0.95. Partisan baseline adjustment: +0.00. Region adjustment: Southeast=+0.00. No manual override. Final elasticity: 0.95.,0.95,-1.5,4.52,-14.700000000000005,-13.319999999999997,5.8500000000000005,1.0,5.8500000000000005,1.5,1,1,0.0,0.0,0,Poll spillover active but signal file missing,House fundamentals calculated as 70%*2024 presidential margin + 30%*2020 presidential margin + national environment * district elasticity + state environment adjustment + incumbency + candidate quality + candidate event adjustment + special adjustment.,/Users/benyelin/Desktop/Desktop - Ben’s MacBook Air/senate_model_python_Q1_auto_calendar_candidate_refresh/inputs/national_environment.csv,,,0.0,0.0,0.0,False,,0.0,1.0,-10.699928571428572,5.75,0.143893489295338,0.0800209989500524,-10.573995166191535,-0.7639285714285713,Only R matched,,Brian Mast,0.0,1.4551020408163264,Only R matched,0.0,0.0,0,,
FL,22,FL-22,Southeast,Mixed,High,Medium,Medium,High,Unknown,High College / Medium White,High College / Medium White / Medium Black / High Hispanic / Unknown Income,standard,D_vs_R,,,FL,Southeast,Mixed,0.0,"Frankel, Lois",D,D,D,False,True,"Dandiya, Pia","Askar, Casey",,True,True,False,False,-10.5,2.200000000000003,-2.2,-6.995999999999999,1.0,,5.8500000000000005,5.8500000000000005,0.0,0.0,0.0,-1.145999999999998,0.0,1,True,-1.025669999999998,0.4489525523723814,,-6.995999999999999,0.95,0.0,0.0,0.95,District type base: Mixed=0.95. Partisan baseline adjustment: +0.00. Region adjustment: Southeast=+0.00. No manual override. Final elasticity: 0.95.,0.95,-1.5,4.52,-9.0,-2.3199999999999967,5.8500000000000005,1.0,5.8500000000000005,1.5,1,1,0.0,0.0,0,Poll spillover active but signal file missing,House fundamentals calculated as 70%*2024 presidential margin + 30%*2020 presidential margin + national environment * district elasticity + state environment adjustment + incumbency + candidate quality + candidate event adjustment + special adjustment.,/Users/benyelin/Desktop/Desktop - Ben’s MacBook Air/senate_model_python_Q1_auto_calendar_candidate_refresh/inputs/national_environment.csv,2026-08-12,27.0,0.5398793194407198,1.0,1.0,False,Manual House polling average from 1 poll(s): Tavern Research,0.105,0.895,-1.025669999999998,5.5990625,0.4573675173584564,0.4489525523723814,-1.025451694154197,0.0,Neither matched,,,0.0,0.0,Neither matched,0.0,0.0,0,,
FL,23,FL-23,Southeast,Urban,Medium,Medium,Medium,Medium,Unknown,Medium College / Medium White,Medium College / Medium White / Medium Black / Medium Hispanic / Unknown Income,standard,D_vs_R,,,FL,Southeast,Urban,0.0,"Moskowitz, Jared",D,D,D,True,False,"Frankel, Lois","Adeimy, Deborah",,False,True,True,False,13.799999999999995,26.6,22.1,17.333999999999996,1.0,,5.8500000000000005,5.8500000000000005,1.5,0.3745,0.0,25.0585,,0,False,25.0585,0.9996250187490624,,17.333999999999996,0.7,-0.1,0.0,0.6,District type base: Urban=0.70. Partisan baseline adjustment: -0.10. Region adjustment: Southeast=+0.00. No manual override. Final elasticity: 0.60.,0.6,-1.5,4.52,15.299999999999995,22.08,5.8500000000000005,1.0,5.8500000000000005,1.5,1,1,0.0,0.0,0,Poll spillover active but signal file missing,House fundamentals calculated as 70%*2024 presidential margin + 30%*2020 presidential margin + national environment * district elasticity + state environment adjustment + incumbency + candidate quality + candidate event adjustment + special adjustment.,/Users/benyelin/Desktop/Desktop - Ben’s MacBook Air/senate_model_python_Q1_auto_calendar_candidate_refresh/inputs/national_environment.csv,,,0.0,0.0,0.0,False,,0.0,1.0,25.0585,5.75,0.9848787376214196,0.9996250187490624,25.053659537025805,0.3745,Only D matched,Lois Frankel,,0.7133333333333334,0.0,Only D matched,0.0,0.0,0,,
FL,24,FL-24,Southeast,Urban,Low,Low,Very High,High,Unknown,Low College / Low White,Low College / Low White / Very High Black / High Hispanic / Unknown Income,standard,D_vs_R,,,FL,Southeast,Urban,0.0,"Wilson, Frederica",D,D,D,False,True,"Gilbert, Oliver","Brown, Te Mayonna",,True,True,False,False,38.6,56.4,46.9,43.634,1.0,,5.8500000000000005,5.8500000000000005,0.0,0.0,0.0,49.484,,0,False,49.484,0.9999750012499375,,43.634,0.7,-0.2,0.0,0.55,District type base: Urban=0.70. Partisan baseline adjustment: -0.20. Region adjustment: Southeast=+0.00. No manual override. Final elasticity: 0.55.,0.55,-1.5,4.52,40.1,51.879999999999995,5.8500000000000005,1.0,5.8500000000000005,1.5,1,1,0.0,0.0,0,Poll spillover active but signal file missing,House fundamentals calculated as 70%*2024 presidential margin + 30%*2020 presidential margin + national environment * district elasticity + state environment adjustment + incumbency + candidate quality + candidate event adjustment + special adjustment.,/Users/benyelin/Desktop/Desktop - Ben’s MacBook Air/senate_model_python_Q1_auto_calendar_candidate_refresh/inputs/national_environment.csv,,,0.0,0.0,0.0,False,,0.0,1.0,49.484,5.75,0.999738112426534,0.9999750012499375,49.51670934930274,0.0,Neither matched,,,0.0,0.0,Neither matched,0.0,0.0,0,,
FL,25,FL-25,Southeast,Mixed,Very High,Medium,Low,Medium,Unknown,Very High College / Medium White,Very High College / Medium White / Low Black / Medium Hispanic / Unknown Income,standard,D_vs_R,,,FL,Southeast,Mixed,0.0,"Wasserman-Schultz, Debbie",D,D,D,True,False,"Moskowitz, Jared","Singer, Scott",,False,True,True,False,-9.200000000000005,5.100000000000001,-0.900000000000003,-5.216000000000003,1.0,,5.8500000000000005,5.8500000000000005,1.5,-0.0620454545454545,0.0,2.071954545454543,,0,False,2.071954545454543,0.6106944652767362,,-5.216000000000003,0.95,0.0,0.0,0.95,District type base: Mixed=0.95. Partisan baseline adjustment: +0.00. Region adjustment: Southeast=+0.00. No manual override. Final elasticity: 0.95.,0.95,-1.5,4.52,-7.700000000000005,0.5800000000000018,5.8500000000000005,1.0,5.8500000000000005,1.5,1,1,0.0,0.0,0,Poll spillover active but signal file missing,House fundamentals calculated as 70%*2024 presidential margin + 30%*2020 presidential margin + national environment * district elasticity + state environment adjustment + incumbency + candidate quality + candidate event adjustment + special adjustment.,/Users/benyelin/Desktop/Desktop - Ben’s MacBook Air/senate_model_python_Q1_auto_calendar_candidate_refresh/inputs/national_environment.csv,,,0.0,0.0,0.0,False,,0.0,1.0,2.071954545454543,5.75,0.5854836302667791,0.6106944652767362,2.1138172062813334,-0.0620454545454545,Only D matched,Jared Moskowitz,,-0.1181818181818182,0.0,Only D matched,0.0,0.0,0,,
FL,26,FL-26,Southeast,Mixed,Medium,Low,Low,Very High,Unknown,Medium College / Low White,Medium College / Low White / Low Black / Very High Hispanic / Unknown Income,standard,D_vs_R,,,FL,Southeast,Mixed,0.0,"Diaz-Balart, Mario",R,R,R,True,False,"Locklin, Nicole","Diaz-Balart, Mario",,True,False,False,True,-18.300000000000004,-1.1000000000000014,-10.000000000000004,-13.446000000000002,1.0,,5.8500000000000005,5.8500000000000005,-1.5,-1.5929268292682923,0.0,-10.688926829268292,,0,False,-10.688926829268292,0.075671216439178,,-13.446000000000002,0.95,0.0,0.0,0.95,District type base: Mixed=0.95. Partisan baseline adjustment: +0.00. Region adjustment: Southeast=+0.00. No manual override. Final elasticity: 0.95.,0.95,-1.5,4.52,-16.800000000000004,-5.620000000000001,5.8500000000000005,1.0,5.8500000000000005,1.5,1,1,0.0,0.0,0,Poll spillover active but signal file missing,House fundamentals calculated as 70%*2024 presidential margin + 30%*2020 presidential margin + national environment * district elasticity + state environment adjustment + incumbency + candidate quality + candidate event adjustment + special adjustment.,/Users/benyelin/Desktop/Desktop - Ben’s MacBook Air/senate_model_python_Q1_auto_calendar_candidate_refresh/inputs/national_environment.csv,,,0.0,0.0,0.0,False,,0.0,1.0,-10.688926829268292,5.75,0.144119517536762,0.075671216439178,-10.708337018992786,-1.5929268292682923,Only R matched,,Mario Diaz-Balart,0.0,3.0341463414634147,Only R matched,0.0,0.0,0,,
FL,27,FL-27,Southeast,Mixed,High,Low,Low,Very High,Unknown,High College / Low White,High College / Low White / Low Black / Very High Hispanic / Unknown Income,standard,D_vs_R,,,FL,Southeast,Mixed,0.0,"Salazar, Maria Elvira",R,R,R,True,False,"Rodriguez, Eliott","Salazar, Maria Elvira",,True,False,False,True,-14.5,-0.2000000000000028,-6.2,-10.516,1.0,,5.8500000000000005,5.8500000000000005,-1.5,-0.907907608695652,0.0,-7.073907608695651,,0,False,-7.073907608695651,0.1771661416929153,,-10.516,0.95,0.0,0.0,0.95,District type base: Mixed=0.95. Partisan baseline adjustment: +0.00. Region adjustment: Southeast=+0.00. No manual override. Final elasticity: 0.95.,0.95,-1.5,4.52,-13.0,-4.720000000000002,5.8500000000000005,1.0,5.8500000000000005,1.5,1,1,0.0,0.0,0,Poll spillover active but signal file missing,House fundamentals calculated as 70%*2024 presidential margin + 30%*2020 presidential margin + national environment * district elasticity + state environment adjustment + incumbency + candidate quality + candidate event adjustment + special adjustment.,/Users/benyelin/Desktop/Desktop - Ben’s MacBook Air/senate_model_python_Q1_auto_calendar_candidate_refresh/inputs/national_environment.csv,,,0.0,0.0,0.0,False,,0.0,1.0,-7.073907608695651,5.75,0.2352348167121767,0.1771661416929153,-7.075002861887594,-0.907907608695652,Only R matched,,Maria Elvira Salazar,0.0,1.7293478260869566,Only R matched,0.0,0.0,0,,
FL,28,FL-28,Southeast,Mixed,Medium,Low,Medium,Very High,Unknown,Medium College / Low White,Medium College / Low White / Medium Black / Very High Hispanic / Unknown Income,standard,D_vs_R,,,FL,Southeast,Mixed,0.0,"Gimenez, Carlos",R,R,R,True,False,"Ehr, Phil","Gimenez, Carlos",,True,False,False,True,-25.40000000000001,-6.600000000000001,-17.100000000000005,-20.066000000000003,1.0,,5.8500000000000005,5.8500000000000005,-1.5,-1.0819512195121952,0.0,-16.797951219512196,,0,False,-16.797951219512196,0.0129743512824358,,-20.066000000000003,0.95,-0.1,0.0,0.85,District type base: Mixed=0.95. Partisan baseline adjustment: -0.10. Region adjustment: Southeast=+0.00. No manual override. Final elasticity: 0.85.,0.85,-1.5,4.52,-23.90000000000001,-11.12,5.8500000000000005,1.0,5.8500000000000005,1.5,1,1,0.0,0.0,0,Poll spillover active but signal file missing,House fundamentals calculated as 70%*2024 presidential margin + 30%*2020 presidential margin + national environment * district elasticity + state environment adjustment + incumbency + candidate quality + candidate event adjustment + special adjustment.,/Users/benyelin/Desktop/Desktop - Ben’s MacBook Air/senate_model_python_Q1_auto_calendar_candidate_refresh/inputs/national_environment.csv,,,0.0,0.0,0.0,False,,0.0,1.0,-16.797951219512196,5.75,0.0573426307274621,0.0129743512824358,-16.765215398857425,-1.0819512195121952,Both matched,Phil Ehr,Carlos Gimenez,0.2214285714285714,1.7670731707317076,Both matched,0.0,0.0,0,,
GA,1,GA-1,Southeast,Rural,Medium,Medium,High,Low,Unknown,Medium College / Medium White,Medium College / Medium White / High Black / Low Hispanic / Unknown Income,standard,Unresolved,,,GA,Southeast,Rural,0.0,"Carter, Buddy",R,R,R,False,True,"Hollowell, Amanda","Kingston, James",,True,True,False,False,-15.7,-13.4,-7.399999999999999,-15.316,1.0,,5.8500000000000005,5.8500000000000005,0.0,0.0,0.0,-9.465999999999998,,0,False,-9.465999999999998,0.1005699715014249,,-15.316,0.8,-0.1,0.0,0.7000000000000001,District type base: Rural=0.80. Partisan baseline adjustment: -0.10. Region adjustment: Southeast=+0.00. No manual override. Final elasticity: 0.70.,0.7000000000000001,-1.5,4.52,-14.2,-17.92,5.8500000000000005,1.0,5.8500000000000005,1.5,1,1,0.0,0.0,0,Poll spillover active but signal file missing,House fundamentals calculated as 70%*2024 presidential margin + 30%*2020 presidential margin + national environment * district elasticity + state environment adjustment + incumbency + candidate quality + candidate event adjustment + special adjustment.,/Users/benyelin/Desktop/Desktop - Ben’s MacBook Air/senate_model_python_Q1_auto_calendar_candidate_refresh/inputs/national_environment.csv,,,0.0,0.0,0.0,False,,0.0,1.0,-9.465999999999998,5.75,0.1711261928049259,0.1005699715014249,-9.597387604204574,0.0,Neither matched,,,0.0,0.0,Neither matched,0.0,0.0,0,,
GA,2,GA-2,Southeast,Rural,Low,Low,Very High,Low,Unknown,Low College / Low White,Low College / Low White / Very High Black / Low Hispanic / Unknown Income,standard,D_vs_R,,,GA,Southeast,Rural,0.0,"Bishop, Sanford",D,D,D,True,False,"Bishop, Sanford","Day, Matt",,False,True,True,False,7.5,10.300000000000004,15.8,8.034,1.0,,5.8500000000000005,5.8500000000000005,1.5,0.832125,0.0,16.216125,,0,False,16.216125,0.9839758012099395,,8.034,0.8,0.0,0.0,0.8,District type base: Rural=0.80. Partisan baseline adjustment: +0.00. Region adjustment: Southeast=+0.00. No manual override. Final elasticity: 0.80.,0.8,-1.5,4.52,9.0,5.780000000000005,5.8500000000000005,1.0,5.8500000000000005,1.5,1,1,0.0,0.0,0,Poll spillover active but signal file missing,House fundamentals calculated as 70%*2024 presidential margin + 30%*2020 presidential margin + national environment * district elasticity + state environment adjustment + incumbency + candidate quality + candidate event adjustment + special adjustment.,/Users/benyelin/Desktop/Desktop - Ben’s MacBook Air/senate_model_python_Q1_auto_calendar_candidate_refresh/inputs/national_environment.csv,,,0.0,0.0,0.0,False,,0.0,1.0,16.216125,5.75,0.9371850410361386,0.9839758012099395,16.149330029538707,0.832125,Only D matched,Sanford Bishop,,1.585,0.0,Only D matched,0.0,0.0,0,,
GA,3,GA-3,Southeast,Rural,Medium,High,High,Low,Unknown,Medium College / High White,Medium College / High White / High Black / Low Hispanic / Unknown Income,standard,D_vs_R,,,GA,Southeast,Rural,0.0,"Jack, Brian",R,R,R,True,False,"Keller, Maura","Jack, Brian",,True,False,False,True,-31.0,-30.10000000000001,-22.7,-31.036,1.0,,5.8500000000000005,5.8500000000000005,-1.5,0.21,0.0,-26.476,,0,False,-26.476,2.499875006249687e-05,,-31.036,0.8,-0.2,0.0,0.6000000000000001,District type base: Rural=0.80. Partisan baseline adjustment: -0.20. Region adjustment: Southeast=+0.00. No manual override. Final elasticity: 0.60.,0.6000000000000001,-1.5,4.52,-29.5,-34.620000000000005,5.8500000000000005,1.0,5.8500000000000005,1.5,1,1,0.0,0.0,0,Poll spillover active but signal file missing,House fundamentals calculated as 70%*2024 presidential margin + 30%*2020 presidential margin + national environment * district elasticity + state environment adjustment + incumbency + candidate quality + candidate event adjustment + special adjustment.,/Users/benyelin/Desktop/Desktop - Ben’s MacBook Air/senate_model_python_Q1_auto_calendar_candidate_refresh/inputs/national_environment.csv,,,0.0,0.0,0.0,False,,0.0,1.0,-26.476,5.75,0.0119776054929461,2.499875006249687e-05,-26.53685944335195,0.21,Both matched,Maura Keller,Brian Jack,0.15,-0.15,Both matched,0.0,0.0,0,,
GA,4,GA-4,Southeast,Urban,High,Low,Very High,Medium,Unknown,High College / Low White,High College / Low White / Very High Black / Medium Hispanic / Unknown Income,standard,D_vs_R,,,GA,Southeast,Urban,0.0,"Johnson, Hank",D,D,D,True,False,"Johnson, Hank","Duffie, Jim",,False,True,True,False,52.2,57.7,60.5,53.544,1.0,,5.8500000000000005,5.8500000000000005,1.5,-0.0707142857142857,0.0,60.82328571428571,,0,False,60.82328571428571,0.9999750012499375,,53.544,0.7,-0.2,0.0,0.55,District type base: Urban=0.70. Partisan baseline adjustment: -0.20. Region adjustment: Southeast=+0.00. No manual override. Final elasticity: 0.55.,0.55,-1.5,4.52,53.7,53.18000000000001,5.8500000000000005,1.0,5.8500000000000005,1.5,1,1,0.0,0.0,0,Poll spillover active but signal file missing,House fundamentals calculated as 70%*2024 presidential margin + 30%*2020 presidential margin + national environment * district elasticity + state environment adjustment + incumbency + candidate quality + candidate event adjustment + special adjustment.,/Users/benyelin/Desktop/Desktop - Ben’s MacBook Air/senate_model_python_Q1_auto_calendar_candidate_refresh/inputs/national_environment.csv,,,0.0,0.0,0.0,False,,0.0,1.0,60.82328571428571,5.75,0.999960422661509,0.9999750012499375,60.74002372997958,-0.0707142857142857,Only D matched,Hank Johnson,,-0.1346938775510204,0.0,Only D matched,0.0,0.0,0,,
GA,5,GA-5,Southeast,Urban,High,Low,Very High,Low,Unknown,High College / Low White,High College / Low White / Very High Black / Low Hispanic / Unknown Income,standard,D_vs_R,,,GA,Southeast,Urban,0.0,"Williams, Nikema",D,D,D,True,False,"Williams, Nikema","Salveson, John",,False,True,True,False,72.1,72.8,80.39999999999999,72.00399999999999,1.0,,5.8500000000000005,5.8500000000000005,1.5,-0.1863109756097561,0.0,79.16768902439023,,0,False,79.16768902439023,0.9999750012499375,,72.00399999999999,0.7,-0.2,0.0,0.55,District type base: Urban=0.70. Partisan baseline adjustment: -0.20. Region adjustment: Southeast=+0.00. No manual override. Final elasticity: 0.55.,0.55,-1.5,4.52,73.6,68.28,5.8500000000000005,1.0,5.8500000000000005,1.5,1,1,0.0,0.0,0,Poll spillover active but signal file missing,House fundamentals calculated as 70%*2024 presidential margin + 30%*2020 presidential margin + national environment * district elasticity + state environment adjustment + incumbency + candidate quality + candidate event adjustment + special adjustment.,/Users/benyelin/Desktop/Desktop - Ben’s MacBook Air/senate_model_python_Q1_auto_calendar_candidate_refresh/inputs/national_environment.csv,,,0.0,0.0,0.0,False,,0.0,1.0,79.16768902439023,5.75,0.999998139409594,0.9999750012499375,79.21739143141811,-0.1863109756097561,Only D matched,Nikema Williams,,-0.3548780487804878,0.0,Only D matched,0.0,0.0,0,,
GA,6,GA-6,Southeast,Urban,High,Low,Very High,Low,Unknown,High College / Low White,High College / Low White / Very High Black / Low Hispanic / Unknown Income,standard,D_vs_R,,,GA,Southeast,Urban,0.0,"McBath, Lucy",D,D,D,True,False,"McBath, Lucy","Martin, Kevin",,False,True,True,False,50.0,49.5,58.3,49.544,1.0,,5.8500000000000005,5.8500000000000005,1.5,-0.1067119565217391,0.0,56.787288043478256,,0,False,56.787288043478256,0.9999750012499375,,49.544,0.7,-0.2,0.0,0.55,District type base: Urban=0.70. Partisan baseline adjustment: -0.20. Region adjustment: Southeast=+0.00. No manual override. Final elasticity: 0.55.,0.55,-1.5,4.52,51.5,44.98,5.8500000000000005,1.0,5.8500000000000005,1.5,1,1,0.0,0.0,0,Poll spillover active but signal file missing,House fundamentals calculated as 70%*2024 presidential margin + 30%*2020 presidential margin + national environment * district elasticity + state environment adjustment + incumbency + candidate quality + candidate event adjustment + special adjustment.,/Users/benyelin/Desktop/Desktop - Ben’s MacBook Air/senate_model_python_Q1_auto_calendar_candidate_refresh/inputs/national_environment.csv,,,0.0,0.0,0.0,False,,0.0,1.0,56.787288043478256,5.75,0.9999224529382345,0.9999750012499375,56.74622607223335,-0.1067119565217391,Only D matched,Lucy McBath,,-0.2032608695652173,0.0,Only D matched,0.0,0.0,0,,
GA,7,GA-7,Southeast,Suburban,Very High,High,Low,Low,Unknown,Very High College / High White,Very High College / High White / Low Black / Low Hispanic / Unknown Income,standard,D_vs_R,,,GA,Southeast,Suburban,0.0,"McCormick, Rich",R,R,R,True,False,"Kozycki, Tony","McCormick, Rich",,True,False,False,True,-21.1,-19.199999999999996,-12.8,-20.836,1.0,,5.8500000000000005,5.8500000000000005,-1.5,-0.4315243902439024,0.0,-16.917524390243898,-3.0,1,True,-15.456184329268288,0.01962401879906,,-20.836,1.1,-0.1,0.0,1.0,District type base: Suburban=1.10. Partisan baseline adjustment: -0.10. Region adjustment: Southeast=+0.00. No manual override. Final elasticity: 1.00.,1.0,-1.5,4.52,-19.6,-23.719999999999995,5.8500000000000005,1.0,5.8500000000000005,1.5,1,1,0.0,0.0,0,Poll spillover active but signal file missing,House fundamentals calculated as 70%*2024 presidential margin + 30%*2020 presidential margin + national environment * district elasticity + state environment adjustment + incumbency + candidate quality + candidate event adjustment + special adjustment.,/Users/benyelin/Desktop/Desktop - Ben’s MacBook Air/senate_model_python_Q1_auto_calendar_candidate_refresh/inputs/national_environment.csv,2026-08-26,13.0,0.5543948550996776,1.0,1.0,False,Manual House polling average from 1 poll(s): Insight,0.105,0.895,-15.456184329268288,5.5990625,0.0706970645204641,0.01962401879906,-15.484983153518138,-0.4315243902439024,Only R matched,,Rich McCormick,0.0,0.8219512195121952,Only R matched,0.0,0.0,0,,
GA,8,GA-8,Southeast,Rural,Low,Medium,High,Low,Unknown,Low College / Medium White,Low College / Medium White / High Black / Low Hispanic / Unknown Income,standard,D_vs_R,,,GA,Southeast,Rural,0.0,"Scott, Austin",R,R,R,True,False,"Esti, Kelly","Scott, Austin",,True,False,False,True,-31.3,-27.59999999999999,-23.0,-30.495999999999995,1.0,,5.8500000000000005,5.8500000000000005,-1.5,-0.1360227272727272,0.0,-26.28202272727272,,0,False,-26.28202272727272,0.0002749862506874,,-30.495999999999995,0.8,-0.2,0.0,0.6000000000000001,District type base: Rural=0.80. Partisan baseline adjustment: -0.20. Region adjustment: Southeast=+0.00. No manual override. Final elasticity: 0.60.,0.6000000000000001,-1.5,4.52,-29.8,-32.11999999999999,5.8500000000000005,1.0,5.8500000000000005,1.5,1,1,0.0,0.0,0,Poll spillover active but signal file missing,House fundamentals calculated as 70%*2024 presidential margin + 30%*2020 presidential margin + national environment * district elasticity + state environment adjustment + incumbency + candidate quality + candidate event adjustment + special adjustment.,/Users/benyelin/Desktop/Desktop - Ben’s MacBook Air/senate_model_python_Q1_auto_calendar_candidate_refresh/inputs/national_environment.csv,,,0.0,0.0,0.0,False,,0.0,1.0,-26.28202272727272,5.75,0.0123662966766613,0.0002749862506874,-26.343563578710793,-0.1360227272727272,Only R matched,,Austin Scott,0.0,0.2590909090909091,Only R matched,0.0,0.0,0,,
GA,9,GA-9,Southeast,Rural,Medium,High,Medium,Low,Unknown,Medium College / High White,Medium College / High White / Medium Black / Low Hispanic / Unknown Income,standard,D_vs_R,,,GA,Southeast,Rural,0.0,"Clyde, Andrew",R,R,R,True,False,"Gegen, Caitlyn","Clyde, Andrew",,True,False,False,True,-34.9,-32.3,-26.6,-34.425999999999995,1.0,,5.8500000000000005,5.8500000000000005,-1.5,0.2471341463414634,0.0,-29.82886585365853,,0,False,-29.82886585365853,2.499875006249687e-05,,-34.425999999999995,0.8,-0.2,0.0,0.6000000000000001,District type base: Rural=0.80. Partisan baseline adjustment: -0.20. Region adjustment: Southeast=+0.00. No manual override. Final elasticity: 0.60.,0.6000000000000001,-1.5,4.52,-33.4,-36.81999999999999,5.8500000000000005,1.0,5.8500000000000005,1.5,1,1,0.0,0.0,0,Poll spillover active but signal file missing,House fundamentals calculated as 70%*2024 presidential margin + 30%*2020 presidential margin + national environment * district elasticity + state environment adjustment + incumbency + candidate quality + candidate event adjustment + special adjustment.,/Users/benyelin/Desktop/Desktop - Ben’s MacBook Air/senate_model_python_Q1_auto_calendar_candidate_refresh/inputs/national_environment.csv,,,0.0,0.0,0.0,False,,0.0,1.0,-29.82886585365853,5.75,0.0068851620088839,2.499875006249687e-05,-29.80149016423709,0.2471341463414634,Only R matched,,Andrew Clyde,0.0,-0.4707317073170732,Only R matched,0.0,0.0,0,,
GA,10,GA-10,Southeast,Rural,Medium,High,Medium,Low,Unknown,Medium College / High White,Medium College / High White / Medium Black / Low Hispanic / Unknown Income,standard,D_vs_R,,,GA,Southeast,Rural,0.0,"Collins, Mike",R,R,R,False,True,"DeLancy, Pamela","Gaines, Houston",,True,True,False,False,-21.9,-21.299999999999997,-13.599999999999998,-22.025999999999996,1.0,,5.8500000000000005,5.8500000000000005,0.0,0.0,0.0,-16.175999999999995,,0,False,-16.175999999999995,0.0140242987850607,,-22.025999999999996,0.8,-0.1,0.0,0.7000000000000001,District type base: Rural=0.80. Partisan baseline adjustment: -0.10. Region adjustment: Southeast=+0.00. No manual override. Final elasticity: 0.70.,0.7000000000000001,-1.5,4.52,-20.4,-25.819999999999997,5.8500000000000005,1.0,5.8500000000000005,1.5,1,1,0.0,0.0,0,Poll spillover active but signal file missing,House fundamentals calculated as 70%*2024 presidential margin + 30%*2020 presidential margin + national environment * district elasticity + state environment adjustment + incumbency + candidate quality + candidate event adjustment + special adjustment.,/Users/benyelin/Desktop/Desktop - Ben’s MacBook Air/senate_model_python_Q1_auto_calendar_candidate_refresh/inputs/national_environment.csv,,,0.0,0.0,0.0,False,,0.0,1.0,-16.175999999999995,5.75,0.0632097999207468,0.0140242987850607,-16.226295903397094,0.0,Neither matched,,,0.0,0.0,Neither matched,0.0,0.0,0,,
GA,11,GA-11,Southeast,Rural,High,High,Medium,Low,Unknown,High College / High White,High College / High White / Medium Black / Low Hispanic / Unknown Income,standard,D_vs_R,,,GA,Southeast,Rural,0.0,"Loudermilk, Barry",R,R,R,False,True,"Harden, Chris","Cowan, John",,True,True,False,False,-23.7,-21.9,-15.4,-23.466,1.0,,5.8500000000000005,5.8500000000000005,0.0,0.0,0.0,-17.615999999999996,,0,False,-17.615999999999996,0.0083745812709364,,-23.466,0.8,-0.1,0.0,0.7000000000000001,District type base: Rural=0.80. Partisan baseline adjustment: -0.10. Region adjustment: Southeast=+0.00. No manual override. Final elasticity: 0.70.,0.7000000000000001,-1.5,4.52,-22.2,-26.42,5.8500000000000005,1.0,5.8500000000000005,1.5,1,1,0.0,0.0,0,Poll spillover active but signal file missing,House fundamentals calculated as 70%*2024 presidential margin + 30%*2020 presidential margin + national environment * district elasticity + state environment adjustment + incumbency + candidate quality + candidate event adjustment + special adjustment.,/Users/benyelin/Desktop/Desktop - Ben’s MacBook Air/senate_model_python_Q1_auto_calendar_candidate_refresh/inputs/national_environment.csv,,,0.0,0.0,0.0,False,,0.0,1.0,-17.615999999999996,5.75,0.0504023771660566,0.0083745812709364,-17.674847385506467,0.0,Neither matched,,,0.0,0.0,Neither matched,0.0,0.0,0,,
GA,12,GA-12,Southeast,Rural,Low,Medium,High,Low,Unknown,Low College / Medium White,Low College / Medium White / High Black / Low Hispanic / Unknown Income,standard,D_vs_R,,,GA,Southeast,Rural,0.0,"Allen, Rick",R,R,R,True,False,"Smith, Ceretta","Allen, Rick",,True,False,False,True,-14.1,-10.200000000000005,-5.8,-13.236,1.0,,5.8500000000000005,5.8500000000000005,-1.5,-0.3233999999999999,0.0,-9.2094,,0,False,-9.2094,0.1092195390230488,,-13.236,0.8,0.0,0.0,0.8,District type base: Rural=0.80. Partisan baseline adjustment: +0.00. Region adjustment: Southeast=+0.00. No manual override. Final elasticity: 0.80.,0.8,-1.5,4.52,-12.6,-14.720000000000004,5.8500000000000005,1.0,5.8500000000000005,1.5,1,1,0.0,0.0,0,Poll spillover active but signal file missing,House fundamentals calculated as 70%*2024 presidential margin + 30%*2020 presidential margin + national environment * district elasticity + state environment adjustment + incumbency + candidate quality + candidate event adjustment + special adjustment.,/Users/benyelin/Desktop/Desktop - Ben’s MacBook Air/senate_model_python_Q1_auto_calendar_candidate_refresh/inputs/national_environment.csv,,,0.0,0.0,0.0,False,,0.0,1.0,-9.2094,5.75,0.1772778881514207,0.1092195390230488,-9.236259654831596,-0.3233999999999999,Only R matched,,Rick Allen,0.0,0.616,Only R matched,0.0,0.0,0,,
GA,13,GA-13,Southeast,Urban,Medium,Low,Very High,Low,Unknown,Medium College / Low White,Medium College / Low White / Very High Black / Low Hispanic / Unknown Income,standard,D_vs_R,,,GA,Southeast,Urban,0.0,VACANT,Vacant,Vacant,Vacant,False,True,"Clarke, Jasmine","Chavez, Jonathan",,True,True,False,False,42.4,40.5,50.7,41.524,1.0,,5.8500000000000005,5.8500000000000005,0.0,0.385,0.0,47.759,,0,False,47.759,0.9999750012499375,,41.524,0.7,-0.2,0.0,0.55,District type base: Urban=0.70. Partisan baseline adjustment: -0.20. Region adjustment: Southeast=+0.00. No manual override. Final elasticity: 0.55.,0.55,-1.5,4.52,43.9,35.980000000000004,5.8500000000000005,1.0,5.8500000000000005,1.5,1,1,0.0,0.0,0,Poll spillover active but signal file missing,House fundamentals calculated as 70%*2024 presidential margin + 30%*2020 presidential margin + national environment * district elasticity + state environment adjustment + incumbency + candidate quality + candidate event adjustment + special adjustment.,/Users/benyelin/Desktop/Desktop - Ben’s MacBook Air/senate_model_python_Q1_auto_calendar_candidate_refresh/inputs/national_environment.csv,,,0.0,0.0,0.0,False,,0.0,1.0,47.759,5.75,0.9996509105914756,0.9999750012499375,47.74968860530427,0.385,Only R matched,,Jonathan Chavez,0.0,-0.7333333333333334,Only R matched,0.0,0.0,0,,
GA,14,GA-14,Southeast,Rural,Low,High,Medium,Low,Unknown,Low College / High White,Low College / High White / Medium Black / Low Hispanic / Unknown Income,standard,D_vs_R,,,GA,Southeast,Rural,0.0,"Fuller, Clay",R,R,R,True,False,"Harris, Shawn","Fuller, Clay",,True,False,False,True,-37.4,-37.49999999999999,-29.1,-37.736,1.0,,5.8500000000000005,5.8500000000000005,-1.5,3.0,0.0,-30.385999999999996,,0,False,-30.385999999999996,7.499625018749062e-05,,-37.736,0.8,-0.2,0.0,0.6000000000000001,District type base: Rural=0.80. Partisan baseline adjustment: -0.20. Region adjustment: Southeast=+0.00. No manual override. Final elasticity: 0.60.,0.6000000000000001,-1.5,4.52,-35.9,-42.02,5.8500000000000005,1.0,5.8500000000000005,1.5,1,1,0.0,0.0,0,Poll spillover active but signal file missing,House fundamentals calculated as 70%*2024 presidential margin + 30%*2020 presidential margin + national environment * district elasticity + state environment adjustment + incumbency + candidate quality + candidate event adjustment + special adjustment.,/Users/benyelin/Desktop/Desktop - Ben’s MacBook Air/senate_model_python_Q1_auto_calendar_candidate_refresh/inputs/national_environment.csv,,,0.0,0.0,0.0,False,,0.0,1.0,-30.385999999999996,5.75,0.0062784535472956,7.499625018749062e-05,-30.485709288905507,3.0,Only D matched,Shawn Harris,,6.25,0.0,Only D matched,0.0,0.0,0,,
HI,1,HI-1,Pacific,Mixed,High,Low,Low,Low,Unknown,High College / Low White,High College / Low White / Low Black / Low Hispanic / Unknown Income,standard,Unresolved,,,HI,Pacific,Mixed,0.0,"Case, Ed",D,D,D,True,False,"Case, Ed","Lam, Adriel",,False,True,True,False,24.7,29.4,33.0,25.804,1.0,,5.8500000000000005,5.8500000000000005,1.5,3.0,0.0,36.154,,0,False,36.154,0.9999750012499375,,25.804,0.95,-0.2,-0.05,0.7,District type base: Mixed=0.95. Partisan baseline adjustment: -0.20. Region adjustment: Pacific=-0.05. No manual override. Final elasticity: 0.70.,0.7,-1.5,4.52,26.2,24.88,5.8500000000000005,1.0,5.8500000000000005,1.5,1,1,0.0,0.0,0,Poll spillover active but signal file missing,House fundamentals calculated as 70%*2024 presidential margin + 30%*2020 presidential margin + national environment * district elasticity + state environment adjustment + incumbency + candidate quality + candidate event adjustment + special adjustment.,/Users/benyelin/Desktop/Desktop - Ben’s MacBook Air/senate_model_python_Q1_auto_calendar_candidate_refresh/inputs/national_environment.csv,,,0.0,0.0,0.0,False,,0.0,1.0,36.154,5.75,0.9975898822973012,0.9999750012499375,36.10386059200646,3.0,Only D matched,Ed Case,,8.393478260869566,0.0,Only D matched,0.0,0.0,0,,
HI,2,HI-2,Pacific,Mixed,Medium,Low,Low,Low,Unknown,Medium College / Low White,Medium College / Low White / Low Black / Low Hispanic / Unknown Income,standard,Unresolved,,,HI,Pacific,Mixed,0.0,"Tokuda, Jill",D,D,D,True,False,"Tokuda, Jill","Awa, Brenton",,False,True,True,False,21.6,29.5,29.9,23.664,1.0,,5.8500000000000005,5.8500000000000005,1.5,2.037159090909091,0.0,33.051159090909096,,0,False,33.051159090909096,0.9999750012499375,,23.664,0.95,-0.1,-0.05,0.7999999999999999,District type base: Mixed=0.95. Partisan baseline adjustment: -0.10. Region adjustment: Pacific=-0.05. No manual override. Final elasticity: 0.80.,0.7999999999999999,-1.5,4.52,23.1,24.98,5.8500000000000005,1.0,5.8500000000000005,1.5,1,1,0.0,0.0,0,Poll spillover active but signal file missing,House fundamentals calculated as 70%*2024 presidential margin + 30%*2020 presidential margin + national environment * district elasticity + state environment adjustment + incumbency + candidate quality + candidate event adjustment + special adjustment.,/Users/benyelin/Desktop/Desktop - Ben’s MacBook Air/senate_model_python_Q1_auto_calendar_candidate_refresh/inputs/national_environment.csv,,,0.0,0.0,0.0,False,,0.0,1.0,33.051159090909096,5.75,0.9959642793815264,0.9999750012499375,33.113134511774,2.037159090909091,Only D matched,Jill Tokuda,,3.8803030303030304,0.0,Only D matched,0.0,0.0,0,,
ID,1,ID-1,Mountain West,Rural,Medium,Very High,Low,Low,Unknown,Medium College / Very High White,Medium College / Very High White / Low Black / Low Hispanic / Unknown Income,standard,D_vs_R,,,ID,Mountain West,Rural,0.0,"Fulcher, Russ",R,R,R,True,False,"Peterson, Kaylee","Fulcher, Russ",,True,False,False,True,-45.1,-37.99999999999999,-36.8,-43.276,1.0,,5.8500000000000005,5.8500000000000005,-1.5,-0.000691699604743,0.0,-38.92669169960474,-10.880379857228595,3,True,-28.45335382751046,2.499875006249687e-05,,-43.276,0.8,-0.2,0.0,0.6000000000000001,District type base: Rural=0.80. Partisan baseline adjustment: -0.20. Region adjustment: Mountain West=+0.00. No manual override. Final elasticity: 0.60.,0.6000000000000001,-1.5,4.52,-43.6,-42.52,5.8500000000000005,1.0,5.8500000000000005,1.5,1,1,0.0,0.0,0,Poll spillover active but signal file missing,House fundamentals calculated as 70%*2024 presidential margin + 30%*2020 presidential margin + national environment * district elasticity + state environment adjustment + incumbency + candidate quality + candidate event adjustment + special adjustment.,/Users/benyelin/Desktop/Desktop - Ben’s MacBook Air/senate_model_python_Q1_auto_calendar_candidate_refresh/inputs/national_environment.csv,2026-07-30,50.666666666666664,1.2533407458107642,2.9843012981370887,0.6324762589232128,False,"Manual House polling average from 3 poll(s): SurveyUSA, SurveyUSA, Change Research",0.3734301298137089,0.6265698701862912,-28.45335382751046,5.2131941883927935,0.0086438511216294,2.499875006249687e-05,-28.480766625006595,-0.000691699604743,Both matched,Kaylee Peterson,Russ Fulcher,-0.2227272727272727,-0.2217391304347826,Both matched,0.0,0.0,0,,
ID,2,ID-2,Mountain West,Rural,Medium,Very High,Low,Low,Unknown,Medium College / Very High White,Medium College / Very High White / Low Black / Low Hispanic / Unknown Income,standard,D_vs_R,,,ID,Mountain West,Rural,0.0,"Simpson, Mike",R,R,R,True,False,"Gilbreath, Ellie","Simpson, Mike",,True,False,False,True,-26.7,-23.40000000000001,-18.4,-26.016,1.0,,5.8500000000000005,5.8500000000000005,-1.5,0.13965,0.0,-21.526349999999997,,0,False,-21.526349999999997,0.0015249237538123,,-26.016,0.8,-0.2,0.0,0.6000000000000001,District type base: Rural=0.80. Partisan baseline adjustment: -0.20. Region adjustment: Mountain West=+0.00. No manual override. Final elasticity: 0.60.,0.6000000000000001,-1.5,4.52,-25.2,-27.92000000000001,5.8500000000000005,1.0,5.8500000000000005,1.5,1,1,0.0,0.0,0,Poll spillover active but signal file missing,House fundamentals calculated as 70%*2024 presidential margin + 30%*2020 presidential margin + national environment * district elasticity + state environment adjustment + incumbency + candidate quality + candidate event adjustment + special adjustment.,/Users/benyelin/Desktop/Desktop - Ben’s MacBook Air/senate_model_python_Q1_auto_calendar_candidate_refresh/inputs/national_environment.csv,,,0.0,0.0,0.0,False,,0.0,1.0,-21.526349999999997,5.75,0.0269166418064695,0.0015249237538123,-21.524789288770585,0.13965,Only R matched,,Mike Simpson,0.0,-0.266,Only R matched,0.0,0.0,0,,
IL,1,IL-1,Midwest,Urban,Medium,Low,Very High,Low,Unknown,Medium College / Low White,Medium College / Low White / Very High Black / Low Hispanic / Unknown Income,standard,D_vs_R,,,IL,Midwest,Urban,0.0,"Jackson, Jonathan",D,D,D,True,False,"Jackson, Jonathan","Maxwell, Christian",,False,True,True,False,32.0,42.4,40.3,34.814,1.0,,5.8500000000000005,5.8500000000000005,1.5,-1.131931818181818,0.0,41.03206818181818,,0,False,41.03206818181818,0.9999750012499375,,34.814,0.7,-0.2,0.05,0.55,District type base: Urban=0.70. Partisan baseline adjustment: -0.20. Region adjustment: Midwest=+0.05. No manual override. Final elasticity: 0.55.,0.55,-1.5,4.52,33.5,37.879999999999995,5.8500000000000005,1.0,5.8500000000000005,1.5,1,1,0.0,0.0,0,Poll spillover active but signal file missing,House fundamentals calculated as 70%*2024 presidential margin + 30%*2020 presidential margin + national environment * district elasticity + state environment adjustment + incumbency + candidate quality + candidate event adjustment + special adjustment.,/Users/benyelin/Desktop/Desktop - Ben’s MacBook Air/senate_model_python_Q1_auto_calendar_candidate_refresh/inputs/national_environment.csv,,,0.0,0.0,0.0,False,,0.0,1.0,41.03206818181818,5.75,0.9989296279445952,0.9999750012499375,41.07385010664069,-1.131931818181818,Only D matched,Jonathan Jackson,,-2.1560606060606062,0.0,Only D matched,0.0,0.0,0,,
IL,2,IL-2,Midwest,Urban,Low,Low,Very High,Low,Unknown,Low College / Low White,Low College / Low White / Very High Black / Low Hispanic / Unknown Income,standard,D_vs_R,,,IL,Midwest,Urban,0.0,"Kelly, Robyn",D,D,D,False,True,"Miller, Donna","Noack, Michael Scott",,True,True,False,False,33.1,40.0,41.4,34.864,1.0,,5.8500000000000005,5.8500000000000005,0.0,0.0,0.0,40.714,,0,False,40.714,0.9999750012499375,,34.864,0.7,-0.2,0.05,0.55,District type base: Urban=0.70. Partisan baseline adjustment: -0.20. Region adjustment: Midwest=+0.05. No manual override. Final elasticity: 0.55.,0.55,-1.5,4.52,34.6,35.480000000000004,5.8500000000000005,1.0,5.8500000000000005,1.5,1,1,0.0,0.0,0,Poll spillover active but signal file missing,House fundamentals calculated as 70%*2024 presidential margin + 30%*2020 presidential margin + national environment * district elasticity + state environment adjustment + incumbency + candidate quality + candidate event adjustment + special adjustment.,/Users/benyelin/Desktop/Desktop - Ben’s MacBook Air/senate_model_python_Q1_auto_calendar_candidate_refresh/inputs/national_environment.csv,,,0.0,0.0,0.0,False,,0.0,1.0,40.714,5.75,0.9988714209134968,0.9999750012499375,40.73143403529576,0.0,Neither matched,,,0.0,0.0,Neither matched,0.0,0.0,0,,
IL,3,IL-3,Midwest,Urban,Medium,Low,Low,High,Unknown,Medium College / Low White,Medium College / Low White / Low Black / High Hispanic / Unknown Income,standard,D_vs_R,,,IL,Midwest,Urban,0.0,"Ramirez, Delia",D,D,D,True,False,"Ramirez, Delia","Oakley, Angel",,False,True,True,False,31.2,41.400000000000006,39.5,33.954,1.0,,5.8500000000000005,5.8500000000000005,1.5,-0.2076136363636363,0.0,41.09638636363636,,0,False,41.09638636363636,0.9999750012499375,,33.954,0.7,-0.2,0.05,0.55,District type base: Urban=0.70. Partisan baseline adjustment: -0.20. Region adjustment: Midwest=+0.05. No manual override. Final elasticity: 0.55.,0.55,-1.5,4.52,32.7,36.88000000000001,5.8500000000000005,1.0,5.8500000000000005,1.5,1,1,0.0,0.0,0,Poll spillover active but signal file missing,House fundamentals calculated as 70%*2024 presidential margin + 30%*2020 presidential margin + national environment * district elasticity + state environment adjustment + incumbency + candidate quality + candidate event adjustment + special adjustment.,/Users/benyelin/Desktop/Desktop - Ben’s MacBook Air/senate_model_python_Q1_auto_calendar_candidate_refresh/inputs/national_environment.csv,,,0.0,0.0,0.0,False,,0.0,1.0,41.09638636363636,5.75,0.9989410286427812,0.9999750012499375,41.175125377960306,-0.2076136363636363,Only D matched,Delia Ramirez,,-0.3954545454545454,0.0,Only D matched,0.0,0.0,0,,
IL,4,IL-4,Midwest,Urban,Low,Low,Low,Very High,Unknown,Low College / Low White,Low College / Low White / Low Black / Very High Hispanic / Unknown Income,standard,D_vs_R,,,IL,Midwest,Urban,0.0,"Garcia, Chuy",D,D,D,False,True,"Garcia, Patty","Castillo, Lupe",,True,True,False,False,28.3,46.4,36.6,33.424,1.0,,5.8500000000000005,5.8500000000000005,0.0,1.9425,0.0,41.2165,19.0,1,True,38.883767500000005,0.9999750012499375,,33.424,0.7,-0.2,0.05,0.55,District type base: Urban=0.70. Partisan baseline adjustment: -0.20. Region adjustment: Midwest=+0.05. No manual override. Final elasticity: 0.55.,0.55,-1.5,4.52,29.8,41.879999999999995,5.8500000000000005,1.0,5.8500000000000005,1.5,1,1,0.0,0.0,0,Poll spillover active but signal file missing,House fundamentals calculated as 70%*2024 presidential margin + 30%*2020 presidential margin + national environment * district elasticity + state environment adjustment + incumbency + candidate quality + candidate event adjustment + special adjustment.,/Users/benyelin/Desktop/Desktop - Ben’s MacBook Air/senate_model_python_Q1_auto_calendar_candidate_refresh/inputs/national_environment.csv,2026-08-03,36.0,0.3731190754024899,1.0,1.0,False,Manual House polling average from 1 poll(s): The Bulfinch Group,0.105,0.895,38.883767500000005,5.5990625,0.9984694981501632,0.9999750012499375,38.92902873765091,1.9425,Only R matched,,Lupe Castillo,0.0,-3.7,Only R matched,0.0,0.0,0,,
IL,5,IL-5,Midwest,Urban,Very High,High,Low,Low,Unknown,Very High College / High White,Very High College / High White / Low Black / Low Hispanic / Unknown Income,standard,D_vs_R,,,IL,Midwest,Urban,0.0,"Quigley, Mike",D,D,D,True,False,"Quigley, Mike","Hanson, Tommy",,False,True,True,False,37.2,39.8,45.5,37.674,1.0,,5.8500000000000005,5.8500000000000005,1.5,-0.7184333333333335,0.0,44.305566666666664,,0,False,44.305566666666664,0.9999750012499375,,37.674,0.7,-0.2,0.05,0.55,District type base: Urban=0.70. Partisan baseline adjustment: -0.20. Region adjustment: Midwest=+0.05. No manual override. Final elasticity: 0.55.,0.55,-1.5,4.52,38.7,35.28,5.8500000000000005,1.0,5.8500000000000005,1.5,1,1,0.0,0.0,0,Poll spillover active but signal file missing,House fundamentals calculated as 70%*2024 presidential margin + 30%*2020 presidential margin + national environment * district elasticity + state environment adjustment + incumbency + candidate quality + candidate event adjustment + special adjustment.,/Users/benyelin/Desktop/Desktop - Ben’s MacBook Air/senate_model_python_Q1_auto_calendar_candidate_refresh/inputs/national_environment.csv,,,0.0,0.0,0.0,False,,0.0,1.0,44.305566666666664,5.75,0.9993794360320812,0.9999750012499375,44.3450830809272,-0.7184333333333335,Both matched,Mike Quigley,Tommy Hanson,-0.443,0.5833333333333334,Both matched,0.0,0.0,0,,
IL,6,IL-6,Midwest,Urban,High,High,Low,Low,Unknown,High College / High White,High College / High White / Low Black / Low Hispanic / Unknown Income,standard,D_vs_R,,,IL,Midwest,Urban,0.0,"Casten, Sean",D,D,D,True,False,"Casten, Sean","Conforti, Niki",,False,True,True,False,5.5,10.9,13.8,6.814,1.0,,5.8500000000000005,5.8500000000000005,1.5,-0.7738043478260869,0.0,13.390195652173915,,0,False,13.390195652173915,0.9616769161541924,,6.814,0.7,0.0,0.05,0.75,District type base: Urban=0.70. Partisan baseline adjustment: +0.00. Region adjustment: Midwest=+0.05. No manual override. Final elasticity: 0.75.,0.75,-1.5,4.52,7.0,6.380000000000001,5.8500000000000005,1.0,5.8500000000000005,1.5,1,1,0.0,0.0,0,Poll spillover active but signal file missing,House fundamentals calculated as 70%*2024 presidential margin + 30%*2020 presidential margin + national environment * district elasticity + state environment adjustment + incumbency + candidate quality + candidate event adjustment + special adjustment.,/Users/benyelin/Desktop/Desktop - Ben’s MacBook Air/senate_model_python_Q1_auto_calendar_candidate_refresh/inputs/national_environment.csv,,,0.0,0.0,0.0,False,,0.0,1.0,13.390195652173915,5.75,0.903060219678151,0.9616769161541924,13.34724839557791,-0.7738043478260869,Both matched,Sean Casten,Niki Conforti,-0.9054347826086956,0.2,Both matched,0.0,0.0,0,,
IL,7,IL-7,Midwest,Urban,High,Low,High,Low,Unknown,High College / Low White,High College / Low White / High Black / Low Hispanic / Unknown Income,standard,D_vs_R,,,IL,Midwest,Urban,0.0,"Davis, Danny",D,D,D,False,True,"Ford, La Shawn","Koppie, Chad",,True,True,False,False,65.5,72.8,73.8,67.384,1.0,,5.8500000000000005,5.8500000000000005,0.0,-0.4199999999999999,0.0,72.814,,0,False,72.814,0.9999750012499375,,67.384,0.7,-0.2,0.05,0.55,District type base: Urban=0.70. Partisan baseline adjustment: -0.20. Region adjustment: Midwest=+0.05. No manual override. Final elasticity: 0.55.,0.55,-1.5,4.52,67.0,68.28,5.8500000000000005,1.0,5.8500000000000005,1.5,1,1,0.0,0.0,0,Poll spillover active but signal file missing,House fundamentals calculated as 70%*2024 presidential margin + 30%*2020 presidential margin + national environment * district elasticity + state environment adjustment + incumbency + candidate quality + candidate event adjustment + special adjustment.,/Users/benyelin/Desktop/Desktop - Ben’s MacBook Air/senate_model_python_Q1_auto_calendar_candidate_refresh/inputs/national_environment.csv,,,0.0,0.0,0.0,False,,0.0,1.0,72.814,5.75,0.9999946353103536,0.9999750012499375,72.77497022611253,-0.4199999999999999,Only R matched,,Chad Koppie,0.0,0.8,Only R matched,0.0,0.0,0,,
IL,8,IL-8,Midwest,Urban,High,Medium,Low,Medium,Unknown,High College / Medium White,High College / Medium White / Low Black / Medium Hispanic / Unknown Income,standard,D_vs_R,,,IL,Midwest,Urban,0.0,"Krishnamoorthi, Raja",D,D,D,False,True,"Bean, Melissa","Davis, Jennifer",,True,True,False,False,7.0,15.4,15.3,9.214,1.0,,5.8500000000000005,5.8500000000000005,0.0,0.0,0.0,15.064,,0,False,15.064,0.9776761161941904,,9.214,0.7,0.0,0.05,0.75,District type base: Urban=0.70. Partisan baseline adjustment: +0.00. Region adjustment: Midwest=+0.05. No manual override. Final elasticity: 0.75.,0.75,-1.5,4.52,8.5,10.88,5.8500000000000005,1.0,5.8500000000000005,1.5,1,1,0.0,0.0,0,Poll spillover active but signal file missing,House fundamentals calculated as 70%*2024 presidential margin + 30%*2020 presidential margin + national environment * district elasticity + state environment adjustment + incumbency + candidate quality + candidate event adjustment + special adjustment.,/Users/benyelin/Desktop/Desktop - Ben’s MacBook Air/senate_model_python_Q1_auto_calendar_candidate_refresh/inputs/national_environment.csv,,,0.0,0.0,0.0,False,,0.0,1.0,15.064,5.75,0.9248862181065688,0.9776761161941904,14.987230038020527,0.0,Neither matched,,,0.0,0.0,Neither matched,0.0,0.0,0,,
IL,9,IL-9,Midwest,Suburban,Very High,High,Low,Low,Unknown,Very High College / High White,Very High College / High White / Low Black / Low Hispanic / Unknown Income,standard,D_vs_R,,,IL,Midwest,Suburban,0.0,"Schakowsky, Jan",D,D,D,False,True,"Biss, Daniel","Elleson, John",,True,True,False,False,36.5,41.3,44.8,37.634,1.0,,5.8500000000000005,5.8500000000000005,0.0,-2.12625,0.0,41.35775,,0,False,41.35775,0.9999750012499375,,37.634,1.1,-0.2,0.05,0.9500000000000002,District type base: Suburban=1.10. Partisan baseline adjustment: -0.20. Region adjustment: Midwest=+0.05. No manual override. Final elasticity: 0.95.,0.9500000000000002,-1.5,4.52,38.0,36.78,5.8500000000000005,1.0,5.8500000000000005,1.5,1,1,0.0,0.0,0,Poll spillover active but signal file missing,House fundamentals calculated as 70%*2024 presidential margin + 30%*2020 presidential margin + national environment * district elasticity + state environment adjustment + incumbency + candidate quality + candidate event adjustment + special adjustment.,/Users/benyelin/Desktop/Desktop - Ben’s MacBook Air/senate_model_python_Q1_auto_calendar_candidate_refresh/inputs/national_environment.csv,,,0.0,0.0,0.0,False,,0.0,1.0,41.35775,5.75,0.9989861220293949,0.9999750012499375,41.38830591088288,-2.12625,Only R matched,,John Elleson,0.0,4.05,Only R matched,0.0,0.0,0,,
IL,10,IL-10,Midwest,Suburban,High,High,Low,Medium,Unknown,High College / High White,High College / High White / Low Black / Medium Hispanic / Unknown Income,standard,D_vs_R,,,IL,Midwest,Suburban,0.0,"Schneider, Brad",D,D,D,True,False,"Schneider, Brad","Lambrecht, Carl",,False,True,True,False,22.0,25.9,30.3,22.863999999999997,1.0,,5.8500000000000005,5.8500000000000005,1.5,-1.0542,0.0,29.159799999999997,,0,False,29.159799999999997,0.9998750062496876,,22.863999999999997,1.1,-0.1,0.05,1.05,District type base: Suburban=1.10. Partisan baseline adjustment: -0.10. Region adjustment: Midwest=+0.05. No manual override. Final elasticity: 1.05.,1.05,-1.5,4.52,23.5,21.38,5.8500000000000005,1.0,5.8500000000000005,1.5,1,1,0.0,0.0,0,Poll spillover active but signal file missing,House fundamentals calculated as 70%*2024 presidential margin + 30%*2020 presidential margin + national environment * district elasticity + state environment adjustment + incumbency + candidate quality + candidate event adjustment + special adjustment.,/Users/benyelin/Desktop/Desktop - Ben’s MacBook Air/senate_model_python_Q1_auto_calendar_candidate_refresh/inputs/national_environment.csv,,,0.0,0.0,0.0,False,,0.0,1.0,29.159799999999997,5.75,0.99230886972344,0.9998750062496876,29.104205175429648,-1.0542,Only D matched,Brad Schneider,,-2.008,0.0,Only D matched,0.0,0.0,0,,
IL,11,IL-11,Midwest,Suburban,High,High,Low,Medium,Unknown,High College / High White,High College / High White / Low Black / Medium Hispanic / Unknown Income,standard,D_vs_R,,,IL,Midwest,Suburban,0.0,"Foster, Bill",D,D,D,True,False,"Foster, Bill","Walter, Jeff",,False,True,True,False,11.4,15.300000000000004,19.7,12.264,1.0,,5.8500000000000005,5.8500000000000005,1.5,-0.6279,0.0,18.9861,,0,False,18.9861,0.9938753062346882,,12.264,1.1,0.0,0.05,1.15,District type base: Suburban=1.10. Partisan baseline adjustment: +0.00. Region adjustment: Midwest=+0.05. No manual override. Final elasticity: 1.15.,1.15,-1.5,4.52,12.9,10.780000000000005,5.8500000000000005,1.0,5.8500000000000005,1.5,1,1,0.0,0.0,0,Poll spillover active but signal file missing,House fundamentals calculated as 70%*2024 presidential margin + 30%*2020 presidential margin + national environment * district elasticity + state environment adjustment + incumbency + candidate quality + candidate event adjustment + special adjustment.,/Users/benyelin/Desktop/Desktop - Ben’s MacBook Air/senate_model_python_Q1_auto_calendar_candidate_refresh/inputs/national_environment.csv,,,0.0,0.0,0.0,False,,0.0,1.0,18.9861,5.75,0.9594704430006898,0.9938753062346882,18.948363427043944,-0.6279,Only D matched,Bill Foster,,-1.1960000000000002,0.0,Only D matched,0.0,0.0,0,,
IL,12,IL-12,Midwest,Rural,Low,Very High,Low,Low,Unknown,Low College / Very High White,Low College / Very High White / Low Black / Low Hispanic / Unknown Income,standard,D_vs_R,,,IL,Midwest,Rural,0.0,"Bost, Mike",R,R,R,True,False,"Fortier, Julie","Bost, Mike",,True,False,False,True,-43.5,-42.8,-35.2,-43.596,1.0,,5.8500000000000005,5.8500000000000005,-1.5,-0.24255,0.0,-39.48855,,0,False,-39.48855,2.499875006249687e-05,,-43.596,0.8,-0.2,0.05,0.6500000000000001,District type base: Rural=0.80. Partisan baseline adjustment: -0.20. Region adjustment: Midwest=+0.05. No manual override. Final elasticity: 0.65.,0.6500000000000001,-1.5,4.52,-42.0,-47.31999999999999,5.8500000000000005,1.0,5.8500000000000005,1.5,1,1,0.0,0.0,0,Poll spillover active but signal file missing,House fundamentals calculated as 70%*2024 presidential margin + 30%*2020 presidential margin + national environment * district elasticity + state environment adjustment + incumbency + candidate quality + candidate event adjustment + special adjustment.,/Users/benyelin/Desktop/Desktop - Ben’s MacBook Air/senate_model_python_Q1_auto_calendar_candidate_refresh/inputs/national_environment.csv,,,0.0,0.0,0.0,False,,0.0,1.0,-39.48855,5.75,0.0013839550320853,2.499875006249687e-05,-39.45881369569052,-0.24255,Only R matched,,Mike Bost,0.0,0.462,Only R matched,0.0,0.0,0,,
IL,13,IL-13,Midwest,Mixed,Medium,High,Medium,Low,Unknown,Medium College / High White,Medium College / High White / Medium Black / Low Hispanic / Unknown Income,standard,D_vs_R,,,IL,Midwest,Mixed,0.0,"Budzinski, Nikki",D,D,D,True,False,"Budzinski, Nikki","Wilson, Jeff",,False,True,True,False,10.7,11.199999999999996,19.0,10.543999999999995,1.0,,5.8500000000000005,5.8500000000000005,1.5,1.09375,0.0,18.98775,,0,False,18.98775,0.9945752712364382,,10.543999999999995,0.95,0.0,0.05,1.0,District type base: Mixed=0.95. Partisan baseline adjustment: +0.00. Region adjustment: Midwest=+0.05. No manual override. Final elasticity: 1.00.,1.0,-1.5,4.52,12.2,6.679999999999996,5.8500000000000005,1.0,5.8500000000000005,1.5,1,1,0.0,0.0,0,Poll spillover active but signal file missing,House fundamentals calculated as 70%*2024 presidential margin + 30%*2020 presidential margin + national environment * district elasticity + state environment adjustment + incumbency + candidate quality + candidate event adjustment + special adjustment.,/Users/benyelin/Desktop/Desktop - Ben’s MacBook Air/senate_model_python_Q1_auto_calendar_candidate_refresh/inputs/national_environment.csv,,,0.0,0.0,0.0,False,,0.0,1.0,18.98775,5.75,0.9594811355503744,0.9945752712364382,18.975245888217692,1.09375,Only D matched,Nikki Budzinski,,2.0833333333333335,0.0,Only D matched,0.0,0.0,0,,
IL,14,IL-14,Midwest,Exurban,Medium,High,Medium,Medium,Unknown,Medium College / High White,Medium College / High White / Medium Black / Medium Hispanic / Unknown Income,standard,D_vs_R,,,IL,Midwest,Exurban,0.0,"Underwood, Lauren",D,D,D,True,False,"Underwood, Lauren","Marter, James",,False,True,True,False,5.2,11.400000000000006,13.5,6.754000000000001,1.0,,5.8500000000000005,5.8500000000000005,1.5,0.5676086956521739,0.0,14.671608695652177,,0,False,14.671608695652177,0.973526323683816,,6.754000000000001,1.0,0.0,0.05,1.05,District type base: Exurban=1.00. Partisan baseline adjustment: +0.00. Region adjustment: Midwest=+0.05. No manual override. Final elasticity: 1.05.,1.05,-1.5,4.52,6.7,6.880000000000006,5.8500000000000005,1.0,5.8500000000000005,1.5,1,1,0.0,0.0,0,Poll spillover active but signal file missing,House fundamentals calculated as 70%*2024 presidential margin + 30%*2020 presidential margin + national environment * district elasticity + state environment adjustment + incumbency + candidate quality + candidate event adjustment + special adjustment.,/Users/benyelin/Desktop/Desktop - Ben’s MacBook Air/senate_model_python_Q1_auto_calendar_candidate_refresh/inputs/national_environment.csv,,,0.0,0.0,0.0,False,,0.0,1.0,14.671608695652177,5.75,0.9202147279376808,0.973526323683816,14.611634758121502,0.5676086956521739,Both matched,Lauren Underwood,Jim Marter,0.1608695652173913,-0.65,Both matched,0.0,0.0,0,,
IL,15,IL-15,Midwest,Rural,Medium,Very High,Low,Low,Unknown,Medium College / Very High White,Medium College / Very High White / Low Black / Low Hispanic / Unknown Income,standard,D_vs_R,,,IL,Midwest,Rural,0.0,"Miller, Mary",R,R,R,True,False,"Todd, Jennifer","Miller, Mary",,True,False,False,True,-39.9,-38.7,-31.6,-39.846,1.0,,5.8500000000000005,5.8500000000000005,-1.5,0.3862499999999999,0.0,-35.10975,,0,False,-35.10975,2.499875006249687e-05,,-39.846,0.8,-0.2,0.05,0.6500000000000001,District type base: Rural=0.80. Partisan baseline adjustment: -0.20. Region adjustment: Midwest=+0.05. No manual override. Final elasticity: 0.65.,0.6500000000000001,-1.5,4.52,-38.4,-43.22,5.8500000000000005,1.0,5.8500000000000005,1.5,1,1,0.0,0.0,0,Poll spillover active but signal file missing,House fundamentals calculated as 70%*2024 presidential margin + 30%*2020 presidential margin + national environment * district elasticity + state environment adjustment + incumbency + candidate quality + candidate event adjustment + special adjustment.,/Users/benyelin/Desktop/Desktop - Ben’s MacBook Air/senate_model_python_Q1_auto_calendar_candidate_refresh/inputs/national_environment.csv,,,0.0,0.0,0.0,False,,0.0,1.0,-35.10975,5.75,0.0028669799153208,2.499875006249687e-05,-35.047966075047576,0.3862499999999999,Only R matched,,Mary Miller,0.0,-0.7357142857142857,Only R matched,0.0,0.0,0,,
IL,16,IL-16,Midwest,Rural,Medium,Very High,Low,Low,Unknown,Medium College / Very High White,Medium College / Very High White / Low Black / Low Hispanic / Unknown Income,standard,D_vs_R,,,IL,Midwest,Rural,0.0,"LaHood, Darin",R,R,R,True,False,"Nolley, Paul","LaHood, Darin",,True,False,False,True,-22.7,-21.5,-14.4,-22.645999999999997,1.0,,5.8500000000000005,5.8500000000000005,-1.5,-2.1805603448275868,0.0,-20.476560344827583,,0,False,-20.476560344827583,0.003474826258687,,-22.645999999999997,0.8,-0.1,0.05,0.7500000000000001,District type base: Rural=0.80. Partisan baseline adjustment: -0.10. Region adjustment: Midwest=+0.05. No manual override. Final elasticity: 0.75.,0.7500000000000001,-1.5,4.52,-21.2,-26.02,5.8500000000000005,1.0,5.8500000000000005,1.5,1,1,0.0,0.0,0,Poll spillover active but signal file missing,House fundamentals calculated as 70%*2024 presidential margin + 30%*2020 presidential margin + national environment * district elasticity + state environment adjustment + incumbency + candidate quality + candidate event adjustment + special adjustment.,/Users/benyelin/Desktop/Desktop - Ben’s MacBook Air/senate_model_python_Q1_auto_calendar_candidate_refresh/inputs/national_environment.csv,,,0.0,0.0,0.0,False,,0.0,1.0,-20.476560344827583,5.75,0.0318990525562094,0.003474826258687,-20.4878190117066,-2.1805603448275868,Only R matched,,Darin LaHood,0.0,4.15344827586207,Only R matched,0.0,0.0,0,,
IL,17,IL-17,Midwest,Mixed,Low,High,Medium,Low,Unknown,Low College / High White,Low College / High White / Medium Black / Low Hispanic / Unknown Income,standard,D_vs_R,,,IL,Midwest,Mixed,0.0,"Sorensen, Eric",D,D,D,True,False,"Sorensen, Eric","Vancil, Dillan",,False,True,True,False,4.8,7.800000000000004,13.1,5.394,1.0,,5.8500000000000005,5.8500000000000005,1.5,0.0922727272727272,0.0,12.836272727272728,,0,False,12.836272727272728,0.9565771711414428,,5.394,0.95,0.0,0.05,1.0,District type base: Mixed=0.95. Partisan baseline adjustment: +0.00. Region adjustment: Midwest=+0.05. No manual override. Final elasticity: 1.00.,1.0,-1.5,4.52,6.3,3.2800000000000047,5.8500000000000005,1.0,5.8500000000000005,1.5,1,1,0.0,0.0,0,Poll spillover active but signal file missing,House fundamentals calculated as 70%*2024 presidential margin + 30%*2020 presidential margin + national environment * district elasticity + state environment adjustment + incumbency + candidate quality + candidate event adjustment + special adjustment.,/Users/benyelin/Desktop/Desktop - Ben’s MacBook Air/senate_model_python_Q1_auto_calendar_candidate_refresh/inputs/national_environment.csv,,,0.0,0.0,0.0,False,,0.0,1.0,12.836272727272728,5.75,0.8946720855594349,0.9565771711414428,12.809871264355202,0.0922727272727272,Only D matched,Eric Sorensen,,0.1757575757575757,0.0,Only D matched,0.0,0.0,0,,
IN,1,IN-1,Midwest,Suburban,Medium,Very High,Medium,Low,Unknown,Medium College / Very High White,Medium College / Very High White / Medium Black / Low Hispanic / Unknown Income,standard,D_vs_R,,,IN,Midwest,Suburban,0.0,"Mrvan, Frank",D,D,D,True,False,"Mrvan, Frank","Regnitz, Barb",,False,True,True,False,0.3,8.399999999999999,8.6,2.4239999999999995,1.0,,5.8500000000000005,5.8500000000000005,1.5,0.8624085365853658,0.0,10.636408536585368,,0,False,10.636408536585368,0.9208289585520724,,2.4239999999999995,1.1,0.1,0.05,1.25,District type base: Suburban=1.10. Partisan baseline adjustment: +0.10. Region adjustment: Midwest=+0.05. No manual override. Final elasticity: 1.25.,1.25,-1.5,4.52,1.8,3.879999999999999,5.8500000000000005,1.0,5.8500000000000005,1.5,1,1,0.0,0.0,0,Poll spillover active but signal file missing,House fundamentals calculated as 70%*2024 presidential margin + 30%*2020 presidential margin + national environment * district elasticity + state environment adjustment + incumbency + candidate quality + candidate event adjustment + special adjustment.,/Users/benyelin/Desktop/Desktop - Ben’s MacBook Air/senate_model_python_Q1_auto_calendar_candidate_refresh/inputs/national_environment.csv,,,0.0,0.0,0.0,False,,0.0,1.0,10.636408536585368,5.75,0.854797435109586,0.9208289585520724,10.632741542231114,0.8624085365853658,Only D matched,Frank Mrvan,,1.6426829268292682,0.0,Only D matched,0.0,0.0,0,,
IN,2,IN-2,Midwest,Exurban,Low,Very High,Low,Low,Unknown,Low College / Very High White,Low College / Very High White / Low Black / Low Hispanic / Unknown Income,standard,D_vs_R,,,IN,Midwest,Exurban,0.0,"Yakym, Rudy",R,R,R,True,False,"Decio, Jamie","Yakym, Rudy",,True,False,False,True,-26.4,-22.6,-18.1,-25.565999999999995,1.0,,5.8500000000000005,5.8500000000000005,-1.5,-0.377840909090909,0.0,-21.593840909090904,,0,False,-21.593840909090904,0.0020248987550622,,-25.565999999999995,1.0,-0.2,0.05,0.8500000000000001,District type base: Exurban=1.00. Partisan baseline adjustment: -0.20. Region adjustment: Midwest=+0.05. No manual override. Final elasticity: 0.85.,0.8500000000000001,-1.5,4.52,-24.9,-27.12,5.8500000000000005,1.0,5.8500000000000005,1.5,1,1,0.0,0.0,0,Poll spillover active but signal file missing,House fundamentals calculated as 70%*2024 presidential margin + 30%*2020 presidential margin + national environment * district elasticity + state environment adjustment + incumbency + candidate quality + candidate event adjustment + special adjustment.,/Users/benyelin/Desktop/Desktop - Ben’s MacBook Air/senate_model_python_Q1_auto_calendar_candidate_refresh/inputs/national_environment.csv,,,0.0,0.0,0.0,False,,0.0,1.0,-21.593840909090904,5.75,0.0266235825555918,0.0020248987550622,-21.69323149049996,-0.377840909090909,Only R matched,,Rudy Yakym,0.0,0.7196969696969697,Only R matched,0.0,0.0,0,,
IN,3,IN-3,Midwest,Rural,Low,Very High,Low,Low,Unknown,Low College / Very High White,Low College / Very High White / Low Black / Low Hispanic / Unknown Income,standard,D_vs_R,,,IN,Midwest,Rural,0.0,"Stutzman, Marlin",R,R,R,True,False,"Thompson, Kelly","Stutzman, Marlin",,True,False,False,True,-31.6,-29.9,-23.3,-31.396,1.0,,5.8500000000000005,5.8500000000000005,-1.5,-0.885,0.0,-27.931,,0,False,-27.931,7.499625018749062e-05,,-31.396,0.8,-0.2,0.05,0.6500000000000001,District type base: Rural=0.80. Partisan baseline adjustment: -0.20. Region adjustment: Midwest=+0.05. No manual override. Final elasticity: 0.65.,0.6500000000000001,-1.5,4.52,-30.1,-34.42,5.8500000000000005,1.0,5.8500000000000005,1.5,1,1,0.0,0.0,0,Poll spillover active but signal file missing,House fundamentals calculated as 70%*2024 presidential margin + 30%*2020 presidential margin + national environment * district elasticity + state environment adjustment + incumbency + candidate quality + candidate event adjustment + special adjustment.,/Users/benyelin/Desktop/Desktop - Ben’s MacBook Air/senate_model_python_Q1_auto_calendar_candidate_refresh/inputs/national_environment.csv,,,0.0,0.0,0.0,False,,0.0,1.0,-27.931,5.75,0.009422695949987,7.499625018749062e-05,-27.984894594299956,-0.885,Only R matched,,Marlin Stutzman,0.0,1.6857142857142855,Only R matched,0.0,0.0,0,,
IN,4,IN-4,Midwest,Rural,Medium,Very High,Low,Low,Unknown,Medium College / Very High White,Medium College / Very High White / Low Black / Low Hispanic / Unknown Income,standard,D_vs_R,,,IN,Midwest,Rural,0.0,"Baird, Jim",R,R,R,True,False,"Cox, Drew","Baird, Jim",,True,False,False,True,-29.7,-29.1,-21.4,-29.826,1.0,,5.8500000000000005,5.8500000000000005,-1.5,-0.2642119565217391,0.0,-25.740211956521737,,0,False,-25.740211956521737,0.0004249787510624,,-29.826,0.8,-0.2,0.05,0.6500000000000001,District type base: Rural=0.80. Partisan baseline adjustment: -0.20. Region adjustment: Midwest=+0.05. No manual override. Final elasticity: 0.65.,0.6500000000000001,-1.5,4.52,-28.2,-33.620000000000005,5.8500000000000005,1.0,5.8500000000000005,1.5,1,1,0.0,0.0,0,Poll spillover active but signal file missing,House fundamentals calculated as 70%*2024 presidential margin + 30%*2020 presidential margin + national environment * district elasticity + state environment adjustment + incumbency + candidate quality + candidate event adjustment + special adjustment.,/Users/benyelin/Desktop/Desktop - Ben’s MacBook Air/senate_model_python_Q1_auto_calendar_candidate_refresh/inputs/national_environment.csv,,,0.0,0.0,0.0,False,,0.0,1.0,-25.740211956521737,5.75,0.0135191685150258,0.0004249787510624,-25.826965869430385,-0.2642119565217391,Only R matched,,Jim Baird,0.0,0.5032608695652174,Only R matched,0.0,0.0,0,,
IN,5,IN-5,Midwest,Suburban,High,Very High,Low,Low,Unknown,High College / Very High White,High College / Very High White / Low Black / Low Hispanic / Unknown Income,standard,D_vs_R,,,IN,Midwest,Suburban,0.0,"Spartz, Victoria",R,R,R,True,False,"Ford, J.D.","Spartz, Victoria",,True,False,False,True,-16.7,-16.0,-8.399999999999999,-16.796,1.0,,5.8500000000000005,5.8500000000000005,-1.5,0.0499390243902439,0.0,-12.396060975609752,-3.4999999999999996,1,True,-11.695496173780484,0.0606719664016799,,-16.796,1.1,-0.1,0.05,1.05,District type base: Suburban=1.10. Partisan baseline adjustment: -0.10. Region adjustment: Midwest=+0.05. No manual override. Final elasticity: 1.05.,1.05,-1.5,4.52,-15.2,-20.52,5.8500000000000005,1.0,5.8500000000000005,1.5,1,1,0.0,0.0,0,Poll spillover active but signal file missing,House fundamentals calculated as 70%*2024 presidential margin + 30%*2020 presidential margin + national environment * district elasticity + state environment adjustment + incumbency + candidate quality + candidate event adjustment + special adjustment.,/Users/benyelin/Desktop/Desktop - Ben’s MacBook Air/senate_model_python_Q1_auto_calendar_candidate_refresh/inputs/national_environment.csv,2026-07-20,50.0,0.3170350710026255,1.0,1.0,True,Manual House polling average from 1 poll(s): Impact Research,0.0787499999999999,0.92125,-11.695496173780484,5.636796875,0.1246352306566431,0.0606719664016799,-11.717579288752429,0.0499390243902439,Only R matched,,Victoria Spartz,0.0,-0.0951219512195122,Only R matched,0.0,0.0,0,,
IN,6,IN-6,Midwest,Rural,Medium,Very High,Low,Low,Unknown,Medium College / Very High White,Medium College / Very High White / Low Black / Low Hispanic / Unknown Income,standard,D_vs_R,,,IN,Midwest,Rural,0.0,"Shreve, Jefferson",R,R,R,True,False,"Wirth, Cynthia","Shreve, Jefferson",,True,False,False,True,-33.1,-31.90000000000001,-24.8,-33.04600000000001,1.0,,5.8500000000000005,5.8500000000000005,-1.5,0.3412499999999999,0.0,-28.354750000000006,,0,False,-28.354750000000006,7.499625018749062e-05,,-33.04600000000001,0.8,-0.2,0.05,0.6500000000000001,District type base: Rural=0.80. Partisan baseline adjustment: -0.20. Region adjustment: Midwest=+0.05. No manual override. Final elasticity: 0.65.,0.6500000000000001,-1.5,4.52,-31.6,-36.42000000000001,5.8500000000000005,1.0,5.8500000000000005,1.5,1,1,0.0,0.0,0,Poll spillover active but signal file missing,House fundamentals calculated as 70%*2024 presidential margin + 30%*2020 presidential margin + national environment * district elasticity + state environment adjustment + incumbency + candidate quality + candidate event adjustment + special adjustment.,/Users/benyelin/Desktop/Desktop - Ben’s MacBook Air/senate_model_python_Q1_auto_calendar_candidate_refresh/inputs/national_environment.csv,,,0.0,0.0,0.0,False,,0.0,1.0,-28.354750000000006,5.75,0.0087858192269584,7.499625018749062e-05,-28.37140504185859,0.3412499999999999,Only R matched,,Jefferson Shreve,0.0,-0.65,Only R matched,0.0,0.0,0,,
IN,7,IN-7,Midwest,Urban,Medium,Medium,High,Low,Unknown,Medium College / Medium White,Medium College / Medium White / High Black / Low Hispanic / Unknown Income,standard,D_vs_R,,,IN,Midwest,Urban,0.0,"Carson, Andre",D,D,D,True,False,"Carson, Andre","McAuley, Patrick",,False,True,True,False,41.4,42.4,49.7,41.394,1.0,,5.8500000000000005,5.8500000000000005,1.5,-0.8043750000000001,0.0,47.939625,,0,False,47.939625,0.9999750012499375,,41.394,0.7,-0.2,0.05,0.55,District type base: Urban=0.70. Partisan baseline adjustment: -0.20. Region adjustment: Midwest=+0.05. No manual override. Final elasticity: 0.55.,0.55,-1.5,4.52,42.9,37.879999999999995,5.8500000000000005,1.0,5.8500000000000005,1.5,1,1,0.0,0.0,0,Poll spillover active but signal file missing,House fundamentals calculated as 70%*2024 presidential margin + 30%*2020 presidential margin + national environment * district elasticity + state environment adjustment + incumbency + candidate quality + candidate event adjustment + special adjustment.,/Users/benyelin/Desktop/Desktop - Ben’s MacBook Air/senate_model_python_Q1_auto_calendar_candidate_refresh/inputs/national_environment.csv,,,0.0,0.0,0.0,False,,0.0,1.0,47.939625,5.75,0.9996612595228376,0.9999750012499375,47.94208382284242,-0.8043750000000001,Only D matched,André Carson,,-1.5321428571428573,0.0,Only D matched,0.0,0.0,0,,
IN,8,IN-8,Midwest,Rural,Low,Very High,Low,Low,Unknown,Low College / Very High White,Low College / Very High White / Low Black / Low Hispanic / Unknown Income,standard,D_vs_R,,,IN,Midwest,Rural,0.0,"Messmer, Mark",R,R,R,True,False,"Allen, Mary","Messmer, Mark",,True,False,False,True,-36.5,-32.8,-28.2,-35.696,1.0,,5.8500000000000005,5.8500000000000005,-1.5,-1.0499999999999998,0.0,-32.395999999999994,,0,False,-32.395999999999994,2.499875006249687e-05,,-35.696,0.8,-0.2,0.05,0.6500000000000001,District type base: Rural=0.80. Partisan baseline adjustment: -0.20. Region adjustment: Midwest=+0.05. No manual override. Final elasticity: 0.65.,0.6500000000000001,-1.5,4.52,-35.0,-37.31999999999999,5.8500000000000005,1.0,5.8500000000000005,1.5,1,1,0.0,0.0,0,Poll spillover active but signal file missing,House fundamentals calculated as 70%*2024 presidential margin + 30%*2020 presidential margin + national environment * district elasticity + state environment adjustment + incumbency + candidate quality + candidate event adjustment + special adjustment.,/Users/benyelin/Desktop/Desktop - Ben’s MacBook Air/senate_model_python_Q1_auto_calendar_candidate_refresh/inputs/national_environment.csv,,,0.0,0.0,0.0,False,,0.0,1.0,-32.395999999999994,5.75,0.0044992581846832,2.499875006249687e-05,-32.342288242258256,-1.0499999999999998,Only R matched,,Mark Messmer,0.0,2.0,Only R matched,0.0,0.0,0,,
IN,9,IN-9,Midwest,Rural,Low,Very High,Low,Low,Unknown,Low College / Very High White,Low College / Very High White / Low Black / Low Hispanic / Unknown Income,standard,D_vs_R,,,IN,Midwest,Rural,0.0,"Houchin, Erin",R,R,R,True,False,"Meyer, Brad","Houchin, Erin",,True,False,False,True,-30.4,-27.4,-22.1,-29.805999999999997,1.0,,5.8500000000000005,5.8500000000000005,-1.5,0.2259090909090909,0.0,-25.230090909090904,,0,False,-25.230090909090904,0.0004249787510624,,-29.805999999999997,0.8,-0.2,0.05,0.6500000000000001,District type base: Rural=0.80. Partisan baseline adjustment: -0.20. Region adjustment: Midwest=+0.05. No manual override. Final elasticity: 0.65.,0.6500000000000001,-1.5,4.52,-28.9,-31.92,5.8500000000000005,1.0,5.8500000000000005,1.5,1,1,0.0,0.0,0,Poll spillover active but signal file missing,House fundamentals calculated as 70%*2024 presidential margin + 30%*2020 presidential margin + national environment * district elasticity + state environment adjustment + incumbency + candidate quality + candidate event adjustment + special adjustment.,/Users/benyelin/Desktop/Desktop - Ben’s MacBook Air/senate_model_python_Q1_auto_calendar_candidate_refresh/inputs/national_environment.csv,,,0.0,0.0,0.0,False,,0.0,1.0,-25.230090909090904,5.75,0.0147012097166401,0.0004249787510624,-25.2396250716668,0.2259090909090909,Only R matched,,Erin Houchin,0.0,-0.4303030303030303,Only R matched,0.0,0.0,0,,
IA,1,IA-1,Midwest,Mixed,Medium,Very High,Low,Low,Unknown,Medium College / Very High White,Medium College / Very High White / Low Black / Low Hispanic / Unknown Income,standard,D_vs_R,,,IA,Midwest,Mixed,0.0,"Miller-Meerks, Mariannette",R,R,R,True,False,"Bohannon, Christina","Miller-Meeks, Mariannette",,True,False,False,True,-8.5,-2.8999999999999986,-0.2000000000000001,-7.1259999999999994,1.0,,5.8500000000000005,5.8500000000000005,-1.5,1.76875,0.0,-1.0072499999999989,5.0,1,True,-0.3764887499999989,0.4787010649467527,,-7.1259999999999994,0.95,0.0,0.05,1.0,District type base: Mixed=0.95. Partisan baseline adjustment: +0.00. Region adjustment: Midwest=+0.05. No manual override. Final elasticity: 1.00.,1.0,-1.5,4.52,-7.0,-7.419999999999998,5.8500000000000005,1.0,5.8500000000000005,1.5,1,1,0.0,0.0,0,Poll spillover active but signal file missing,House fundamentals calculated as 70%*2024 presidential margin + 30%*2020 presidential margin + national environment * district elasticity + state environment adjustment + incumbency + candidate quality + candidate event adjustment + special adjustment.,/Users/benyelin/Desktop/Desktop - Ben’s MacBook Air/senate_model_python_Q1_auto_calendar_candidate_refresh/inputs/national_environment.csv,2026-07-16,54.0,0.4260586994422527,1.0,1.0,False,Manual House polling average from 1 poll(s): The Bullfinch Group,0.105,0.895,-0.3764887499999989,5.5990625,0.4843181138054567,0.4787010649467527,-0.4451111591035634,1.76875,Only R matched,,Mariannette Miller-Meeks,0.0,-3.369047619047619,Only R matched,0.0,0.0,0,,
IA,2,IA-2,Midwest,Mixed,Medium,Very High,Low,Low,Unknown,Medium College / Very High White,Medium College / Very High White / Low Black / Low Hispanic / Unknown Income,standard,D_vs_R,,,IA,Midwest,Mixed,0.0,"Hinson, Ashley",R,R,R,False,True,"James, Lindsay","Mitchell, Joe",,True,True,False,False,-10.0,-4.400000000000006,-1.7000000000000002,-8.626000000000001,1.0,,5.8500000000000005,5.8500000000000005,0.0,0.0,0.0,-2.7760000000000007,0.3752908009968394,2,True,-2.0668757875561905,0.3939053047347632,,-8.626000000000001,0.95,0.0,0.05,1.0,District type base: Mixed=0.95. Partisan baseline adjustment: +0.00. Region adjustment: Midwest=+0.05. No manual override. Final elasticity: 1.00.,1.0,-1.5,4.52,-8.5,-8.920000000000005,5.8500000000000005,1.0,5.8500000000000005,1.5,1,1,0.0,0.0,0,Poll spillover active but signal file missing,House fundamentals calculated as 70%*2024 presidential margin + 30%*2020 presidential margin + national environment * district elasticity + state environment adjustment + incumbency + candidate quality + candidate event adjustment + special adjustment.,/Users/benyelin/Desktop/Desktop - Ben’s MacBook Air/senate_model_python_Q1_auto_calendar_candidate_refresh/inputs/national_environment.csv,2026-07-19,99.0,0.4816958819703058,1.6002126930830876,0.749916914000903,False,"Manual House polling average from 2 poll(s): PPP, GSG",0.2250265866353859,0.774973413364614,-2.0668757875561905,5.426524281711633,0.414721814036565,0.3939053047347632,-2.0665862293114574,0.0,Neither matched,,,0.0,0.0,Neither matched,0.0,0.0,0,,
IA,3,IA-3,Midwest,Mixed,Medium,Very High,Low,Low,Unknown,Medium College / Very High White,Medium College / Very High White / Low Black / Low Hispanic / Unknown Income,standard,D_vs_R,,,IA,Midwest,Mixed,0.0,"Nunn, Zach",R,R,R,True,False,"Trone Garriott, Sarah","Nunn, Zach",,True,False,False,True,-4.4,-0.4000000000000057,3.899999999999999,-3.506000000000002,1.0,,5.8500000000000005,5.8500000000000005,-1.5,0.9282954545454544,0.0,1.772295454545453,-6.0,1,True,0.9562044318181804,0.5554472276386181,,-3.506000000000002,0.95,0.1,0.05,1.1,District type base: Mixed=0.95. Partisan baseline adjustment: +0.10. Region adjustment: Midwest=+0.05. No manual override. Final elasticity: 1.10.,1.1,-1.5,4.52,-2.9000000000000004,-4.920000000000005,5.8500000000000005,1.0,5.8500000000000005,1.5,1,1,0.0,0.0,0,Poll spillover active but signal file missing,House fundamentals calculated as 70%*2024 presidential margin + 30%*2020 presidential margin + national environment * district elasticity + state environment adjustment + incumbency + candidate quality + candidate event adjustment + special adjustment.,/Users/benyelin/Desktop/Desktop - Ben’s MacBook Air/senate_model_python_Q1_auto_calendar_candidate_refresh/inputs/national_environment.csv,2026-03-14,178.0,0.0614287009248727,1.0,1.0,False,Manual House polling average from 1 poll(s): Ragnar Research,0.105,0.895,0.9562044318181804,5.5990625,0.5397577397672783,0.5554472276386181,1.012986295014404,0.9282954545454544,Only R matched,,Zach Nunn,0.0,-1.768181818181818,Only R matched,0.0,0.0,0,,
IA,4,IA-4,Midwest,Rural,Low,Very High,Low,Low,Unknown,Low College / Very High White,Low College / Very High White / Low Black / Low Hispanic / Unknown Income,standard,D_vs_R,,,IA,Midwest,Rural,0.0,"Feenstra, Randy",R,R,R,False,True,"Dawson, Dave","McGowan, Chris",,True,True,False,False,-31.5,-25.9,-23.2,-30.126,1.0,,5.8500000000000005,5.8500000000000005,0.0,0.0,0.0,-24.275999999999996,,0,False,-24.275999999999996,0.0008749562521873,,-30.126,0.8,-0.2,0.05,0.6500000000000001,District type base: Rural=0.80. Partisan baseline adjustment: -0.20. Region adjustment: Midwest=+0.05. No manual override. Final elasticity: 0.65.,0.6500000000000001,-1.5,4.52,-30.0,-30.42,5.8500000000000005,1.0,5.8500000000000005,1.5,1,1,0.0,0.0,0,Poll spillover active but signal file missing,House fundamentals calculated as 70%*2024 presidential margin + 30%*2020 presidential margin + national environment * district elasticity + state environment adjustment + incumbency + candidate quality + candidate event adjustment + special adjustment.,/Users/benyelin/Desktop/Desktop - Ben’s MacBook Air/senate_model_python_Q1_auto_calendar_candidate_refresh/inputs/national_environment.csv,,,0.0,0.0,0.0,False,,0.0,1.0,-24.275999999999996,5.75,0.0171914867154872,0.0008749562521873,-24.218796130475763,0.0,Neither matched,,,0.0,0.0,Neither matched,0.0,0.0,0,,
KS,1,KS-1,Great Plains,Rural,Medium,Very High,Low,Low,Unknown,Medium College / Very High White,Medium College / Very High White / Low Black / Low Hispanic / Unknown Income,standard,D_vs_R,,,KS,Great Plains,Rural,0.0,"Mann, Tracey",R,R,R,True,False,"Reinhold, Lauren","Mann, Tracey",,True,False,False,True,-31.3,-29.6,-23.0,-31.096,1.0,,5.8500000000000005,5.8500000000000005,-1.5,-0.4840243902439024,0.0,-27.2300243902439,,0,False,-27.2300243902439,0.0001749912504374,,-31.096,0.8,-0.2,-0.05,0.55,District type base: Rural=0.80. Partisan baseline adjustment: -0.20. Region adjustment: Great Plains=-0.05. No manual override. Final elasticity: 0.55.,0.55,-1.5,4.52,-29.8,-34.120000000000005,5.8500000000000005,1.0,5.8500000000000005,1.5,1,1,0.0,0.0,0,Poll spillover active but signal file missing,House fundamentals calculated as 70%*2024 presidential margin + 30%*2020 presidential margin + national environment * district elasticity + state environment adjustment + incumbency + candidate quality + candidate event adjustment + special adjustment.,/Users/benyelin/Desktop/Desktop - Ben’s MacBook Air/senate_model_python_Q1_auto_calendar_candidate_refresh/inputs/national_environment.csv,,,0.0,0.0,0.0,False,,0.0,1.0,-27.2300243902439,5.75,0.0105780749713556,0.0001749912504374,-27.178698945506557,-0.4840243902439024,Only R matched,,Tracey Mann,0.0,0.9219512195121952,Only R matched,0.0,0.0,0,,
KS,2,KS-2,Great Plains,Mixed,Medium,High,Low,Low,Unknown,Medium College / High White,Medium College / High White / Low Black / Low Hispanic / Unknown Income,standard,D_vs_R,,,KS,Great Plains,Mixed,0.0,"Schmidt, Derek",R,R,R,True,False,"Coover, Jon","Schmidt, Derek",,True,False,False,True,-19.7,-16.299999999999997,-11.4,-18.985999999999997,1.0,,5.8500000000000005,5.8500000000000005,-1.5,0.1049999999999999,0.0,-14.530999999999995,,0,False,-14.530999999999995,0.0261236938153092,,-18.985999999999997,0.95,-0.1,-0.05,0.7999999999999999,District type base: Mixed=0.95. Partisan baseline adjustment: -0.10. Region adjustment: Great Plains=-0.05. No manual override. Final elasticity: 0.80.,0.7999999999999999,-1.5,4.52,-18.2,-20.819999999999997,5.8500000000000005,1.0,5.8500000000000005,1.5,1,1,0.0,0.0,0,Poll spillover active but signal file missing,House fundamentals calculated as 70%*2024 presidential margin + 30%*2020 presidential margin + national environment * district elasticity + state environment adjustment + incumbency + candidate quality + candidate event adjustment + special adjustment.,/Users/benyelin/Desktop/Desktop - Ben’s MacBook Air/senate_model_python_Q1_auto_calendar_candidate_refresh/inputs/national_environment.csv,,,0.0,0.0,0.0,False,,0.0,1.0,-14.530999999999995,5.75,0.0815228757910078,0.0261236938153092,-14.521739876571312,0.1049999999999999,Only R matched,,Derek Schmidt,0.0,-0.2,Only R matched,0.0,0.0,0,,
KS,3,KS-3,Great Plains,Suburban,Very High,Very High,Low,Low,Unknown,Very High College / Very High White,Very High College / Very High White / Low Black / Low Hispanic / Unknown Income,standard,D_vs_R,,,KS,Great Plains,Suburban,0.0,"Davids, Sharice",D,D,D,True,False,"Davids, Sharice","Jenkins, Erik",,False,True,True,False,4.1,4.5,12.4,3.914,1.0,,5.8500000000000005,5.8500000000000005,1.5,1.2651358695652175,0.0,12.529135869565216,,0,False,12.529135869565216,0.9545272736363182,,3.914,1.1,0.1,-0.05,1.15,District type base: Suburban=1.10. Partisan baseline adjustment: +0.10. Region adjustment: Great Plains=-0.05. No manual override. Final elasticity: 1.15.,1.15,-1.5,4.52,5.6,-0.0199999999999995,5.8500000000000005,1.0,5.8500000000000005,1.5,1,1,0.0,0.0,0,Poll spillover active but signal file missing,House fundamentals calculated as 70%*2024 presidential margin + 30%*2020 presidential margin + national environment * district elasticity + state environment adjustment + incumbency + candidate quality + candidate event adjustment + special adjustment.,/Users/benyelin/Desktop/Desktop - Ben’s MacBook Air/senate_model_python_Q1_auto_calendar_candidate_refresh/inputs/national_environment.csv,,,0.0,0.0,0.0,False,,0.0,1.0,12.529135869565216,5.75,0.8897499314836943,0.9545272736363182,12.6236550679808,1.2651358695652175,Only D matched,Sharice Davids,,2.4097826086956524,0.0,Only D matched,0.0,0.0,0,,
KS,4,KS-4,Great Plains,Rural,Medium,High,Low,Low,Unknown,Medium College / High White,Medium College / High White / Low Black / Low Hispanic / Unknown Income,standard,D_vs_R,,,KS,Great Plains,Rural,0.0,"Estes, Ron",R,R,R,True,False,"Tyndell, Katie","Estes, Ron",,True,False,False,True,-23.3,-21.700000000000003,-15.0,-23.126,1.0,,5.8500000000000005,5.8500000000000005,-1.5,-0.2219836956521739,0.0,-18.997983695652177,,0,False,-18.997983695652177,0.0060746962651867,,-23.126,0.8,-0.1,-0.05,0.65,District type base: Rural=0.80. Partisan baseline adjustment: -0.10. Region adjustment: Great Plains=-0.05. No manual override. Final elasticity: 0.65.,0.65,-1.5,4.52,-21.8,-26.22,5.8500000000000005,1.0,5.8500000000000005,1.5,1,1,0.0,0.0,0,Poll spillover active but signal file missing,House fundamentals calculated as 70%*2024 presidential margin + 30%*2020 presidential margin + national environment * district elasticity + state environment adjustment + incumbency + candidate quality + candidate event adjustment + special adjustment.,/Users/benyelin/Desktop/Desktop - Ben’s MacBook Air/senate_model_python_Q1_auto_calendar_candidate_refresh/inputs/national_environment.csv,,,0.0,0.0,0.0,False,,0.0,1.0,-18.997983695652177,5.75,0.0404526070137448,0.0060746962651867,-18.987167363382454,-0.2219836956521739,Only R matched,,Ron Estes,0.0,0.4228260869565218,Only R matched,0.0,0.0,0,,
KY,1,KY-1,Appalachia,Rural,Low,Very High,Low,Low,Unknown,Low College / Very High White,Low College / Very High White / Low Black / Low Hispanic / Unknown Income,standard,D_vs_R,,,KY,Appalachia,Rural,0.0,"Comer, James",R,R,R,True,False,"Williams, John","Comer, James",,True,False,False,True,-47.3,-42.7,-39.0,-46.22599999999999,1.0,,5.8500000000000005,5.8500000000000005,-1.5,0.1933928571428571,0.0,-41.68260714285714,,0,False,-41.68260714285714,2.499875006249687e-05,,-46.22599999999999,0.8,-0.2,-0.05,0.55,District type base: Rural=0.80. Partisan baseline adjustment: -0.20. Region adjustment: Appalachia=-0.05. No manual override. Final elasticity: 0.55.,0.55,-1.5,4.52,-45.8,-47.22,5.8500000000000005,1.0,5.8500000000000005,1.5,1,1,0.0,0.0,0,Poll spillover active but signal file missing,House fundamentals calculated as 70%*2024 presidential margin + 30%*2020 presidential margin + national environment * district elasticity + state environment adjustment + incumbency + candidate quality + candidate event adjustment + special adjustment.,/Users/benyelin/Desktop/Desktop - Ben’s MacBook Air/senate_model_python_Q1_auto_calendar_candidate_refresh/inputs/national_environment.csv,,,0.0,0.0,0.0,False,,0.0,1.0,-41.68260714285714,5.75,0.0009604946491268,2.499875006249687e-05,-41.67566625872627,0.1933928571428571,Only R matched,,James Comer,0.0,-0.3683673469387755,Only R matched,0.0,0.0,0,,
KY,2,KY-2,Appalachia,Rural,Low,Very High,Low,Low,Unknown,Low College / Very High White,Low College / Very High White / Low Black / Low Hispanic / Unknown Income,standard,D_vs_R,,,KY,Appalachia,Rural,0.0,"Guthrie, Brett",R,R,R,True,False,"Wingfield, Megan","Guthrie, Brett",,True,False,False,True,-41.3,-36.50000000000001,-33.0,-40.166,1.0,,5.8500000000000005,5.8500000000000005,-1.5,-0.4736170212765956,0.0,-36.28961702127659,,0,False,-36.28961702127659,2.499875006249687e-05,,-40.166,0.8,-0.2,-0.05,0.55,District type base: Rural=0.80. Partisan baseline adjustment: -0.20. Region adjustment: Appalachia=-0.05. No manual override. Final elasticity: 0.55.,0.55,-1.5,4.52,-39.8,-41.02000000000001,5.8500000000000005,1.0,5.8500000000000005,1.5,1,1,0.0,0.0,0,Poll spillover active but signal file missing,House fundamentals calculated as 70%*2024 presidential margin + 30%*2020 presidential margin + national environment * district elasticity + state environment adjustment + incumbency + candidate quality + candidate event adjustment + special adjustment.,/Users/benyelin/Desktop/Desktop - Ben’s MacBook Air/senate_model_python_Q1_auto_calendar_candidate_refresh/inputs/national_environment.csv,,,0.0,0.0,0.0,False,,0.0,1.0,-36.28961702127659,5.75,0.0023563801685487,2.499875006249687e-05,-36.28713814788892,-0.4736170212765956,Only R matched,,Brett Guthrie,0.0,0.902127659574468,Only R matched,0.0,0.0,0,,
KY,3,KY-3,Appalachia,Urban,Medium,High,Medium,Low,Unknown,Medium College / High White,Medium College / High White / Medium Black / Low Hispanic / Unknown Income,standard,D_vs_R,,,KY,Appalachia,Urban,0.0,"McGarvey, Morgan",D,D,D,True,False,"McGarvey, Morgan","Rodriguez, Maria",,False,True,True,False,18.9,22.300000000000004,27.2,19.613999999999997,1.0,,5.8500000000000005,5.8500000000000005,1.5,0.8702272727272726,0.0,27.834227272727272,,0,False,27.834227272727272,0.9998750062496876,,19.613999999999997,0.7,-0.1,-0.05,0.55,District type base: Urban=0.70. Partisan baseline adjustment: -0.10. Region adjustment: Appalachia=-0.05. No manual override. Final elasticity: 0.55.,0.55,-1.5,4.52,20.4,17.780000000000005,5.8500000000000005,1.0,5.8500000000000005,1.5,1,1,0.0,0.0,0,Poll spillover active but signal file missing,House fundamentals calculated as 70%*2024 presidential margin + 30%*2020 presidential margin + national environment * district elasticity + state environment adjustment + incumbency + candidate quality + candidate event adjustment + special adjustment.,/Users/benyelin/Desktop/Desktop - Ben’s MacBook Air/senate_model_python_Q1_auto_calendar_candidate_refresh/inputs/national_environment.csv,,,0.0,0.0,0.0,False,,0.0,1.0,27.834227272727272,5.75,0.9904255620592096,0.9998750062496876,27.862798156433616,0.8702272727272726,Only D matched,Morgan McGarvey,,1.6575757575757577,0.0,Only D matched,0.0,0.0,0,,
KY,4,KY-4,Appalachia,Rural,Medium,Very High,Low,Low,Unknown,Medium College / Very High White,Medium College / Very High White / Low Black / Low Hispanic / Unknown Income,standard,D_vs_R,,,KY,Appalachia,Rural,0.0,"Massie, Thomas",R,R,R,False,True,"Strange, Melissa","Gallrein, Ed",,True,True,False,False,-35.5,-32.7,-27.2,-34.965999999999994,1.0,,5.8500000000000005,5.8500000000000005,0.0,0.0,0.0,-29.115999999999993,,0,False,-29.115999999999993,2.499875006249687e-05,,-34.965999999999994,0.8,-0.2,-0.05,0.55,District type base: Rural=0.80. Partisan baseline adjustment: -0.20. Region adjustment: Appalachia=-0.05. No manual override. Final elasticity: 0.55.,0.55,-1.5,4.52,-34.0,-37.22,5.8500000000000005,1.0,5.8500000000000005,1.5,1,1,0.0,0.0,0,Poll spillover active but signal file missing,House fundamentals calculated as 70%*2024 presidential margin + 30%*2020 presidential margin + national environment * district elasticity + state environment adjustment + incumbency + candidate quality + candidate event adjustment + special adjustment.,/Users/benyelin/Desktop/Desktop - Ben’s MacBook Air/senate_model_python_Q1_auto_calendar_candidate_refresh/inputs/national_environment.csv,,,0.0,0.0,0.0,False,,0.0,1.0,-29.115999999999993,5.75,0.0077470444060937,2.499875006249687e-05,-29.147361884996087,0.0,Neither matched,,,0.0,0.0,Neither matched,0.0,0.0,0,,
KY,5,KY-5,Appalachia,Rural,Low,Very High,Low,Low,Unknown,Low College / Very High White,Low College / Very High White / Low Black / Low Hispanic / Unknown Income,standard,D_vs_R,,,KY,Appalachia,Rural,0.0,"Rogers, Hal",R,R,R,True,False,"Pillersdorf, Ned","Rogers, Hal",,True,False,False,True,-63.9,-59.3,-55.6,-62.82599999999999,1.0,,5.8500000000000005,5.8500000000000005,-1.5,-0.0943055555555555,0.0,-58.57030555555555,,0,False,-58.57030555555555,2.499875006249687e-05,,-62.82599999999999,0.8,-0.2,-0.05,0.55,District type base: Rural=0.80. Partisan baseline adjustment: -0.20. Region adjustment: Appalachia=-0.05. No manual override. Final elasticity: 0.55.,0.55,-1.5,4.52,-62.4,-63.81999999999999,5.8500000000000005,1.0,5.8500000000000005,1.5,1,1,0.0,0.0,0,Poll spillover active but signal file missing,House fundamentals calculated as 70%*2024 presidential margin + 30%*2020 presidential margin + national environment * district elasticity + state environment adjustment + incumbency + candidate quality + candidate event adjustment + special adjustment.,/Users/benyelin/Desktop/Desktop - Ben’s MacBook Air/senate_model_python_Q1_auto_calendar_candidate_refresh/inputs/national_environment.csv,,,0.0,0.0,0.0,False,,0.0,1.0,-58.57030555555555,5.75,5.7612257648214216e-05,2.499875006249687e-05,-58.58962092404703,-0.0943055555555555,Only R matched,,Hal Rogers,0.0,0.1796296296296296,Only R matched,0.0,0.0,0,,
KY,6,KY-6,Appalachia,Rural,Medium,Very High,Low,Low,Unknown,Medium College / Very High White,Medium College / Very High White / Low Black / Low Hispanic / Unknown Income,standard,D_vs_R,,,KY,Appalachia,Rural,0.0,"Barr, Andy",R,R,R,False,True,"Dembo, Zach","Alvarado, Ralph",,True,True,False,False,-15.0,-11.0,-6.699999999999999,-14.105999999999998,1.0,,5.8500000000000005,5.8500000000000005,0.0,0.0,0.0,-8.255999999999997,-2.834960885809359,3,True,-6.651034242488624,0.1926653667316634,,-14.105999999999998,0.8,0.0,-0.05,0.75,District type base: Rural=0.80. Partisan baseline adjustment: +0.00. Region adjustment: Appalachia=-0.05. No manual override. Final elasticity: 0.75.,0.75,-1.5,4.52,-13.5,-15.52,5.8500000000000005,1.0,5.8500000000000005,1.5,1,1,0.0,0.0,0,Poll spillover active but signal file missing,House fundamentals calculated as 70%*2024 presidential margin + 30%*2020 presidential margin + national environment * district elasticity + state environment adjustment + incumbency + candidate quality + candidate event adjustment + special adjustment.,/Users/benyelin/Desktop/Desktop - Ben’s MacBook Air/senate_model_python_Q1_auto_calendar_candidate_refresh/inputs/national_environment.csv,2026-06-28,93.33333333333331,0.6991898017898377,2.600733915537377,0.8001965207193901,False,"Manual House polling average from 3 poll(s): GQR, GQR, PPP",0.296062382820677,0.703937617179323,-6.651034242488624,5.324410324695277,0.2481495758957036,0.1926653667316634,-6.56757137403517,0.0,Neither matched,,,0.0,0.0,Neither matched,0.0,0.0,0,,
LA,1,LA-1,Deep South,Exurban,Unknown,Unknown,Unknown,Unknown,Unknown,Unknown College / Unknown White,Unknown College / Unknown White / Unknown Black / Unknown Hispanic / Unknown Income,standard,Unresolved,,,LA,Deep South,Exurban,0.0,"Scalise, Steve",R,R,R,False,True,,,,False,False,False,False,-38.4,-39.2,-30.1,-38.946,1.0,,5.8500000000000005,5.8500000000000005,0.0,0.0,0.0,-33.096,,0,False,-33.096,2.499875006249687e-05,,-38.946,1.0,-0.2,-0.05,0.75,District type base: Exurban=1.00. Partisan baseline adjustment: -0.20. Region adjustment: Deep South=-0.05. No manual override. Final elasticity: 0.75.,0.75,-1.5,4.52,-36.9,-43.72,5.8500000000000005,1.0,5.8500000000000005,1.5,1,1,0.0,0.0,0,Poll spillover active but signal file missing,House fundamentals calculated as 70%*2024 presidential margin + 30%*2020 presidential margin + national environment * district elasticity + state environment adjustment + incumbency + candidate quality + candidate event adjustment + special adjustment.,/Users/benyelin/Desktop/Desktop - Ben’s MacBook Air/senate_model_python_Q1_auto_calendar_candidate_refresh/inputs/national_environment.csv,,,0.0,0.0,0.0,False,,0.0,1.0,-33.096,5.75,0.0040057925127934,2.499875006249687e-05,-33.10105017529468,0.0,Neither matched,,,0.0,0.0,Neither matched,0.0,0.0,0,,
LA,2,LA-2,Deep South,Urban,Unknown,Unknown,Unknown,Unknown,Unknown,Unknown College / Unknown White,Unknown College / Unknown White / Unknown Black / Unknown Hispanic / Unknown Income,standard,Unresolved,,,LA,Deep South,Urban,0.0,"Carter, Troy",D,D,D,False,True,,,,False,False,False,False,47.7,52.3,55.99999999999999,48.774,1.0,,5.8500000000000005,5.8500000000000005,0.0,0.0,0.0,54.624,,0,False,54.624,0.9999750012499375,,48.774,0.7,-0.2,-0.05,0.55,District type base: Urban=0.70. Partisan baseline adjustment: -0.20. Region adjustment: Deep South=-0.05. No manual override. Final elasticity: 0.55.,0.55,-1.5,4.52,49.2,47.78,5.8500000000000005,1.0,5.8500000000000005,1.5,1,1,0.0,0.0,0,Poll spillover active but signal file missing,House fundamentals calculated as 70%*2024 presidential margin + 30%*2020 presidential margin + national environment * district elasticity + state environment adjustment + incumbency + candidate quality + candidate event adjustment + special adjustment.,/Users/benyelin/Desktop/Desktop - Ben’s MacBook Air/senate_model_python_Q1_auto_calendar_candidate_refresh/inputs/national_environment.csv,,,0.0,0.0,0.0,False,,0.0,1.0,54.624,5.75,0.9998887923311284,0.9999750012499375,54.61374016664348,0.0,Neither matched,,,0.0,0.0,Neither matched,0.0,0.0,0,,
LA,3,LA-3,Deep South,Rural,Unknown,Unknown,Unknown,Unknown,Unknown,Unknown College / Unknown White,Unknown College / Unknown White / Unknown Black / Unknown Hispanic / Unknown Income,standard,Unresolved,,,LA,Deep South,Rural,0.0,"Higgins, Clay",R,R,R,False,True,,,,False,False,False,False,-36.2,-32.3,-27.9,-35.336,1.0,,5.8500000000000005,5.8500000000000005,0.0,0.0,0.0,-29.485999999999997,,0,False,-29.485999999999997,2.499875006249687e-05,,-35.336,0.8,-0.2,-0.05,0.55,District type base: Rural=0.80. Partisan baseline adjustment: -0.20. Region adjustment: Deep South=-0.05. No manual override. Final elasticity: 0.55.,0.55,-1.5,4.52,-34.7,-36.81999999999999,5.8500000000000005,1.0,5.8500000000000005,1.5,1,1,0.0,0.0,0,Poll spillover active but signal file missing,House fundamentals calculated as 70%*2024 presidential margin + 30%*2020 presidential margin + national environment * district elasticity + state environment adjustment + incumbency + candidate quality + candidate event adjustment + special adjustment.,/Users/benyelin/Desktop/Desktop - Ben’s MacBook Air/senate_model_python_Q1_auto_calendar_candidate_refresh/inputs/national_environment.csv,,,0.0,0.0,0.0,False,,0.0,1.0,-29.485999999999997,5.75,0.0072871181094538,2.499875006249687e-05,-29.501740516636293,0.0,Neither matched,,,0.0,0.0,Neither matched,0.0,0.0,0,,
LA,4,LA-4,Deep South,Rural,Unknown,Unknown,Unknown,Unknown,Unknown,Unknown College / Unknown White,Unknown College / Unknown White / Unknown Black / Unknown Hispanic / Unknown Income,standard,Unresolved,,,LA,Deep South,Rural,0.0,"Johnson, Mike",R,R,R,False,True,,,,False,False,False,False,-34.2,-29.90000000000001,-25.9,-33.216,1.0,,5.8500000000000005,5.8500000000000005,0.0,0.0,0.0,-27.366,,0,False,-27.366,0.0001749912504374,,-33.216,0.8,-0.2,-0.05,0.55,District type base: Rural=0.80. Partisan baseline adjustment: -0.20. Region adjustment: Deep South=-0.05. No manual override. Final elasticity: 0.55.,0.55,-1.5,4.52,-32.7,-34.42000000000001,5.8500000000000005,1.0,5.8500000000000005,1.5,1,1,0.0,0.0,0,Poll spillover active but signal file missing,House fundamentals calculated as 70%*2024 presidential margin + 30%*2020 presidential margin + national environment * district elasticity + state environment adjustment + incumbency + candidate quality + candidate event adjustment + special adjustment.,/Users/benyelin/Desktop/Desktop - Ben’s MacBook Air/senate_model_python_Q1_auto_calendar_candidate_refresh/inputs/national_environment.csv,,,0.0,0.0,0.0,False,,0.0,1.0,-27.366,5.75,0.0103434960090179,0.0001749912504374,-27.327150077382218,0.0,Neither matched,,,0.0,0.0,Neither matched,0.0,0.0,0,,
LA,5,LA-5,Deep South,Rural,Unknown,Unknown,Unknown,Unknown,Unknown,Unknown College / Unknown White,Unknown College / Unknown White / Unknown Black / Unknown Hispanic / Unknown Income,standard,Unresolved,,,LA,Deep South,Rural,0.0,"Letlow, Julia",R,R,R,False,True,,,,False,False,False,False,-34.00000000000001,-29.0,-25.700000000000006,-32.806000000000004,1.0,,5.8500000000000005,5.8500000000000005,0.0,0.0,0.0,-26.956000000000003,,0,False,-26.956000000000003,0.0001749912504374,,-32.806000000000004,0.8,-0.2,-0.05,0.55,District type base: Rural=0.80. Partisan baseline adjustment: -0.20. Region adjustment: Deep South=-0.05. No manual override. Final elasticity: 0.55.,0.55,-1.5,4.52,-32.50000000000001,-33.519999999999996,5.8500000000000005,1.0,5.8500000000000005,1.5,1,1,0.0,0.0,0,Poll spillover active but signal file missing,House fundamentals calculated as 70%*2024 presidential margin + 30%*2020 presidential margin + national environment * district elasticity + state environment adjustment + incumbency + candidate quality + candidate event adjustment + special adjustment.,/Users/benyelin/Desktop/Desktop - Ben’s MacBook Air/senate_model_python_Q1_auto_calendar_candidate_refresh/inputs/national_environment.csv,,,0.0,0.0,0.0,False,,0.0,1.0,-26.956000000000003,5.75,0.0110669147444876,0.0001749912504374,-27.02714797057986,0.0,Neither matched,,,0.0,0.0,Neither matched,0.0,0.0,0,,
LA,6,LA-6,Deep South,Rural,Unknown,Unknown,Unknown,Unknown,Unknown,Unknown College / Unknown White,Unknown College / Unknown White / Unknown Black / Unknown Hispanic / Unknown Income,standard,Unresolved,,,LA,Deep South,Rural,0.0,"Fields, Cleo",D,D,D,False,True,,,,False,False,False,False,-31.799999999999997,-32.099999999999994,-23.499999999999996,-32.196,1.0,,5.8500000000000005,5.8500000000000005,0.0,0.0,0.0,-26.345999999999997,,0,False,-26.345999999999997,0.0002249887505624,,-32.196,0.8,-0.2,-0.05,0.55,District type base: Rural=0.80. Partisan baseline adjustment: -0.20. Region adjustment: Deep South=-0.05. No manual override. Final elasticity: 0.55.,0.55,-1.5,4.52,-30.299999999999997,-36.61999999999999,5.8500000000000005,1.0,5.8500000000000005,1.5,1,1,0.0,0.0,0,Poll spillover active but signal file missing,House fundamentals calculated as 70%*2024 presidential margin + 30%*2020 presidential margin + national environment * district elasticity + state environment adjustment + incumbency + candidate quality + candidate event adjustment + special adjustment.,/Users/benyelin/Desktop/Desktop - Ben’s MacBook Air/senate_model_python_Q1_auto_calendar_candidate_refresh/inputs/national_environment.csv,,,0.0,0.0,0.0,False,,0.0,1.0,-26.345999999999997,5.75,0.0122367418361458,0.0002249887505624,-26.288419323493663,0.0,Neither matched,,,0.0,0.0,Neither matched,0.0,0.0,0,,
ME,1,ME-1,Northeast,Urban,High,Very High,Low,Low,Unknown,High College / Very High White,High College / Very High White / Low Black / Low Hispanic / Unknown Income,top_two_rcv,D_vs_R,,,ME,Northeast,Urban,0.0,"Pingree, Chellie",D,D,D,True,False,"Pingree, Chellie","Russell, Ronald",,False,True,True,False,21.8,22.799999999999997,30.1,21.793999999999997,1.0,,5.8500000000000005,5.8500000000000005,1.5,-0.1694,0.0,28.9746,,0,False,28.9746,0.9998250087495624,,21.793999999999997,0.7,-0.1,-0.05,0.55,District type base: Urban=0.70. Partisan baseline adjustment: -0.10. Region adjustment: Northeast=-0.05. No manual override. Final elasticity: 0.55.,0.55,-1.5,4.52,23.3,18.28,5.8500000000000005,1.0,5.8500000000000005,1.5,1,1,0.0,0.0,0,Poll spillover active but signal file missing,House fundamentals calculated as 70%*2024 presidential margin + 30%*2020 presidential margin + national environment * district elasticity + state environment adjustment + incumbency + candidate quality + candidate event adjustment + special adjustment.,/Users/benyelin/Desktop/Desktop - Ben’s MacBook Air/senate_model_python_Q1_auto_calendar_candidate_refresh/inputs/national_environment.csv,,,0.0,0.0,0.0,False,,0.0,1.0,28.9746,5.75,0.9920696803238912,0.9998250087495624,29.007691180974017,-0.1694,Both matched,Chellie Pingree,Ronald Russell,-0.242,0.0,Both matched,0.0,0.0,0,,
ME,2,ME-2,Northeast,Rural,Medium,Very High,Low,Low,Unknown,Medium College / Very High White,Medium College / Very High White / Low Black / Low Hispanic / Unknown Income,top_two_rcv,D_vs_R,,,ME,Northeast,Rural,0.0,"Golden, Jared",D,D,D,False,True,"Dunlap, Matthew","LePage, Paul",,True,True,False,False,-9.5,-6.100000000000001,-1.2000000000000002,-8.786,1.0,,5.8500000000000005,5.8500000000000005,0.0,0.0,0.0,-2.935999999999999,-3.0138748890453986,2,True,-2.9547623228950184,0.3436578171091445,,-8.786,0.8,0.0,-0.05,0.75,District type base: Rural=0.80. Partisan baseline adjustment: +0.00. Region adjustment: Northeast=-0.05. No manual override. Final elasticity: 0.75.,0.75,-1.5,4.52,-8.0,-10.62,5.8500000000000005,1.0,5.8500000000000005,1.5,1,1,0.0,0.0,0,Poll spillover active but signal file missing,House fundamentals calculated as 70%*2024 presidential margin + 30%*2020 presidential margin + national environment * district elasticity + state environment adjustment + incumbency + candidate quality + candidate event adjustment + special adjustment.,/Users/benyelin/Desktop/Desktop - Ben’s MacBook Air/senate_model_python_Q1_auto_calendar_candidate_refresh/inputs/national_environment.csv,2026-07-16,93.5,0.56261867694203,1.7274323854593137,0.6986125110954602,False,"Manual House polling average from 2 poll(s): Tulchin Research, co/Efficient",0.2409290481824142,0.7590709518175858,-2.9547623228950184,5.4036644932377795,0.3793141348395008,0.3436578171091445,-2.97425796506407,0.0,Neither matched,,,0.0,0.0,Neither matched,0.0,0.0,0,,
MD,1,MD-1,Mid-Atlantic,Rural,Medium,High,Medium,Low,Unknown,Medium College / High White,Medium College / High White / Medium Black / Low Hispanic / Unknown Income,standard,D_vs_R,,,MD,Mid-Atlantic,Rural,0.0,"Harris, Andy",R,R,R,True,False,"Scwhartz, Dan","Harris, Andy",,True,False,False,True,-16.8,-14.4,-8.5,-16.386,1.0,,5.8500000000000005,5.8500000000000005,-1.5,0.3139285714285714,0.0,-11.722071428571429,,0,False,-11.722071428571429,0.05947202639868,,-16.386,0.8,-0.1,0.0,0.7000000000000001,District type base: Rural=0.80. Partisan baseline adjustment: -0.10. Region adjustment: Mid-Atlantic=+0.00. No manual override. Final elasticity: 0.70.,0.7000000000000001,-1.5,4.52,-15.3,-18.92,5.8500000000000005,1.0,5.8500000000000005,1.5,1,1,0.0,0.0,0,Poll spillover active but signal file missing,House fundamentals calculated as 70%*2024 presidential margin + 30%*2020 presidential margin + national environment * district elasticity + state environment adjustment + incumbency + candidate quality + candidate event adjustment + special adjustment.,/Users/benyelin/Desktop/Desktop - Ben’s MacBook Air/senate_model_python_Q1_auto_calendar_candidate_refresh/inputs/national_environment.csv,,,0.0,0.0,0.0,False,,0.0,1.0,-11.722071428571429,5.75,0.1241528010881292,0.05947202639868,-11.77259484632924,0.3139285714285714,Only R matched,,Andy Harris,0.0,-0.5979591836734693,Only R matched,0.0,0.0,0,,
MD,2,MD-2,Mid-Atlantic,Mixed,High,High,Medium,Low,Unknown,High College / High White,High College / High White / Medium Black / Low Hispanic / Unknown Income,standard,D_vs_R,,,MD,Mid-Atlantic,Mixed,0.0,"Olszewski, Johnny",D,D,D,True,False,"Olszewski, Johnny","Wallace, Dave",,False,True,True,False,18.3,20.6,26.6,18.684,1.0,,5.8500000000000005,5.8500000000000005,1.5,-0.4899999999999997,0.0,25.544000000000004,,0,False,25.544000000000004,0.9997750112494376,,18.684,0.95,-0.1,0.0,0.85,District type base: Mixed=0.95. Partisan baseline adjustment: -0.10. Region adjustment: Mid-Atlantic=+0.00. No manual override. Final elasticity: 0.85.,0.85,-1.5,4.52,19.8,16.080000000000002,5.8500000000000005,1.0,5.8500000000000005,1.5,1,1,0.0,0.0,0,Poll spillover active but signal file missing,House fundamentals calculated as 70%*2024 presidential margin + 30%*2020 presidential margin + national environment * district elasticity + state environment adjustment + incumbency + candidate quality + candidate event adjustment + special adjustment.,/Users/benyelin/Desktop/Desktop - Ben’s MacBook Air/senate_model_python_Q1_auto_calendar_candidate_refresh/inputs/national_environment.csv,,,0.0,0.0,0.0,False,,0.0,1.0,25.544000000000004,5.75,0.9860376942779824,0.9997750112494376,25.570757059863144,-0.4899999999999997,Both matched,Johnny Olszewski,David Wallace,0.7,1.3999999999999997,Both matched,0.0,0.0,0,,
MD,3,MD-3,Mid-Atlantic,Mixed,Very High,Medium,Medium,Low,Unknown,Very High College / Medium White,Very High College / Medium White / Medium Black / Low Hispanic / Unknown Income,standard,D_vs_R,,,MD,Mid-Atlantic,Mixed,0.0,"Elfreth, Sarah",D,D,D,True,False,"Elfreth, Sarah","Flowers, Bernard",,False,True,True,False,23.5,25.300000000000004,31.8,23.734,1.0,,5.8500000000000005,5.8500000000000005,1.5,-0.3412499999999999,0.0,30.742750000000004,,0,False,30.742750000000004,0.9999250037498124,,23.734,0.95,-0.1,0.0,0.85,District type base: Mixed=0.95. Partisan baseline adjustment: -0.10. Region adjustment: Mid-Atlantic=+0.00. No manual override. Final elasticity: 0.85.,0.85,-1.5,4.52,25.0,20.780000000000005,5.8500000000000005,1.0,5.8500000000000005,1.5,1,1,0.0,0.0,0,Poll spillover active but signal file missing,House fundamentals calculated as 70%*2024 presidential margin + 30%*2020 presidential margin + national environment * district elasticity + state environment adjustment + incumbency + candidate quality + candidate event adjustment + special adjustment.,/Users/benyelin/Desktop/Desktop - Ben’s MacBook Air/senate_model_python_Q1_auto_calendar_candidate_refresh/inputs/national_environment.csv,,,0.0,0.0,0.0,False,,0.0,1.0,30.742750000000004,5.75,0.994081826581546,0.9999250037498124,30.72391202000888,-0.3412499999999999,Only D matched,Sarah Elfreth,,-0.65,0.0,Only D matched,0.0,0.0,0,,
MD,4,MD-4,Mid-Atlantic,Urban,Medium,Low,Very High,Medium,Unknown,Medium College / Low White,Medium College / Low White / Very High Black / Medium Hispanic / Unknown Income,standard,D_vs_R,,,MD,Mid-Atlantic,Urban,0.0,"Ivey, Glenn",D,D,D,True,False,"Ivey, Glenn","McDermott, George",,False,True,True,False,73.2,80.60000000000001,81.5,75.114,1.0,,5.8500000000000005,5.8500000000000005,1.5,-0.1428282828282827,0.0,82.32117171717172,,0,False,82.32117171717172,0.9999750012499375,,75.114,0.7,-0.2,0.0,0.55,District type base: Urban=0.70. Partisan baseline adjustment: -0.20. Region adjustment: Mid-Atlantic=+0.00. No manual override. Final elasticity: 0.55.,0.55,-1.5,4.52,74.7,76.08000000000001,5.8500000000000005,1.0,5.8500000000000005,1.5,1,1,0.0,0.0,0,Poll spillover active but signal file missing,House fundamentals calculated as 70%*2024 presidential margin + 30%*2020 presidential margin + national environment * district elasticity + state environment adjustment + incumbency + candidate quality + candidate event adjustment + special adjustment.,/Users/benyelin/Desktop/Desktop - Ben’s MacBook Air/senate_model_python_Q1_auto_calendar_candidate_refresh/inputs/national_environment.csv,,,0.0,0.0,0.0,False,,0.0,1.0,82.32117171717172,5.75,0.9999988999956088,0.9999750012499375,82.40121076724817,-0.1428282828282827,Both matched,Glenn Ivey,George McDermott,0.3681818181818182,0.5722222222222222,Both matched,0.0,0.0,0,,
MD,5,MD-5,Mid-Atlantic,Mixed,High,Medium,High,Low,Unknown,High College / Medium White,High College / Medium White / High Black / Low Hispanic / Unknown Income,standard,D_vs_R,,,MD,Mid-Atlantic,Mixed,0.0,"Hoyer, Steny",D,D,D,False,True,"Boafo, Adrian","Chaffee, Chris",,True,True,False,False,33.1,36.3,41.4,33.754,1.0,,5.8500000000000005,5.8500000000000005,0.0,-0.7875000000000001,0.0,38.8165,,0,False,38.8165,0.9999750012499375,,33.754,0.95,-0.2,0.0,0.75,District type base: Mixed=0.95. Partisan baseline adjustment: -0.20. Region adjustment: Mid-Atlantic=+0.00. No manual override. Final elasticity: 0.75.,0.75,-1.5,4.52,34.6,31.78,5.8500000000000005,1.0,5.8500000000000005,1.5,1,1,0.0,0.0,0,Poll spillover active but signal file missing,House fundamentals calculated as 70%*2024 presidential margin + 30%*2020 presidential margin + national environment * district elasticity + state environment adjustment + incumbency + candidate quality + candidate event adjustment + special adjustment.,/Users/benyelin/Desktop/Desktop - Ben’s MacBook Air/senate_model_python_Q1_auto_calendar_candidate_refresh/inputs/national_environment.csv,,,0.0,0.0,0.0,False,,0.0,1.0,38.8165,5.75,0.998452269471505,0.9999750012499375,38.81044961983979,-0.7875000000000001,Only R matched,,Chris Chaffee,0.0,1.5000000000000002,Only R matched,0.0,0.0,0,,
MD,6,MD-6,Mid-Atlantic,Mixed,High,High,Medium,Low,Unknown,High College / High White,High College / High White / Medium Black / Low Hispanic / Unknown Income,standard,D_vs_R,,,MD,Mid-Atlantic,Mixed,0.0,"McClain Delaney, April",D,D,D,True,False,"McClain Delaney, April","Ficker, Robin",,False,True,True,False,5.7,9.800000000000004,14.0,6.624000000000001,1.0,,5.8500000000000005,5.8500000000000005,1.5,0.2099999999999999,0.0,14.184,,0,False,14.184,0.9683265836708164,,6.624000000000001,0.95,0.0,0.0,0.95,District type base: Mixed=0.95. Partisan baseline adjustment: +0.00. Region adjustment: Mid-Atlantic=+0.00. No manual override. Final elasticity: 0.95.,0.95,-1.5,4.52,7.2,5.280000000000005,5.8500000000000005,1.0,5.8500000000000005,1.5,1,1,0.0,0.0,0,Poll spillover active but signal file missing,House fundamentals calculated as 70%*2024 presidential margin + 30%*2020 presidential margin + national environment * district elasticity + state environment adjustment + incumbency + candidate quality + candidate event adjustment + special adjustment.,/Users/benyelin/Desktop/Desktop - Ben’s MacBook Air/senate_model_python_Q1_auto_calendar_candidate_refresh/inputs/national_environment.csv,,,0.0,0.0,0.0,False,,0.0,1.0,14.184,5.75,0.9140406079482076,0.9683265836708164,14.081732689433688,0.2099999999999999,Only D matched,April McClain Delaney,,0.4,0.0,Only D matched,0.0,0.0,0,,
MD,7,MD-7,Mid-Atlantic,Urban,Medium,Low,Very High,Low,Unknown,Medium College / Low White,Medium College / Low White / Very High Black / Low Hispanic / Unknown Income,standard,D_vs_R,,,MD,Mid-Atlantic,Urban,0.0,"Mfume, Kwesi",D,D,D,True,False,"Mfume, Kwesi","Collier, Scott",,False,True,True,False,58.6,63.1,66.9,59.644,1.0,,5.8500000000000005,5.8500000000000005,1.5,0.7660227272727271,0.0,67.76002272727273,,0,False,67.76002272727273,0.9999750012499375,,59.644,0.7,-0.2,0.0,0.55,District type base: Urban=0.70. Partisan baseline adjustment: -0.20. Region adjustment: Mid-Atlantic=+0.00. No manual override. Final elasticity: 0.55.,0.55,-1.5,4.52,60.1,58.58,5.8500000000000005,1.0,5.8500000000000005,1.5,1,1,0.0,0.0,0,Poll spillover active but signal file missing,House fundamentals calculated as 70%*2024 presidential margin + 30%*2020 presidential margin + national environment * district elasticity + state environment adjustment + incumbency + candidate quality + candidate event adjustment + special adjustment.,/Users/benyelin/Desktop/Desktop - Ben’s MacBook Air/senate_model_python_Q1_auto_calendar_candidate_refresh/inputs/national_environment.csv,,,0.0,0.0,0.0,False,,0.0,1.0,67.76002272727273,5.75,0.9999875445163322,0.9999750012499375,67.69885780047927,0.7660227272727271,Only R matched,,Scott Collier,0.0,-1.459090909090909,Only R matched,0.0,0.0,0,,
MD,8,MD-8,Mid-Atlantic,Suburban,Very High,Medium,Medium,Medium,Unknown,Very High College / Medium White,Very High College / Medium White / Medium Black / Medium Hispanic / Unknown Income,standard,D_vs_R,,,MD,Mid-Atlantic,Suburban,0.0,"Raskin, Jamie",D,D,D,True,False,"Raskin, Jamie","Riley, Cheryl",,False,True,True,False,55.8,62.10000000000001,64.1,57.384,1.0,,5.8500000000000005,5.8500000000000005,1.5,-1.93,0.0,62.80400000000001,,0,False,62.80400000000001,0.9999750012499375,,57.384,1.1,-0.2,0.0,0.9000000000000001,District type base: Suburban=1.10. Partisan baseline adjustment: -0.20. Region adjustment: Mid-Atlantic=+0.00. No manual override. Final elasticity: 0.90.,0.9000000000000001,-1.5,4.52,57.3,57.58000000000001,5.8500000000000005,1.0,5.8500000000000005,1.5,1,1,0.0,0.0,0,Poll spillover active but signal file missing,House fundamentals calculated as 70%*2024 presidential margin + 30%*2020 presidential margin + national environment * district elasticity + state environment adjustment + incumbency + candidate quality + candidate event adjustment + special adjustment.,/Users/benyelin/Desktop/Desktop - Ben’s MacBook Air/senate_model_python_Q1_auto_calendar_candidate_refresh/inputs/national_environment.csv,,,0.0,0.0,0.0,False,,0.0,1.0,62.80400000000001,5.75,0.999971549982542,0.9999750012499375,62.865572508930185,-1.93,Both matched,Jamie Raskin,Cheryl Riley,-1.2571428571428571,1.5,Both matched,0.0,0.0,0,,
MA,1,MA-1,Northeast,Mixed,Medium,High,Low,Medium,Unknown,Medium College / High White,Medium College / High White / Low Black / Medium Hispanic / Unknown Income,standard,uncontested,,,MA,Northeast,Mixed,0.0,"Neal, Richard",D,D,D,True,False,"Neal, Richard",,,False,False,True,False,13.8,21.6,22.1,15.834,1.0,,5.8500000000000005,5.8500000000000005,1.5,-0.1837499999999999,0.0,23.00025,,0,False,23.00025,0.9993750312484376,,15.834,0.95,-0.1,-0.05,0.7999999999999999,District type base: Mixed=0.95. Partisan baseline adjustment: -0.10. Region adjustment: Northeast=-0.05. No manual override. Final elasticity: 0.80.,0.7999999999999999,-1.5,4.52,15.3,17.080000000000002,5.8500000000000005,1.0,5.8500000000000005,1.5,1,1,0.0,0.0,0,Poll spillover active but signal file missing,House fundamentals calculated as 70%*2024 presidential margin + 30%*2020 presidential margin + national environment * district elasticity + state environment adjustment + incumbency + candidate quality + candidate event adjustment + special adjustment.,/Users/benyelin/Desktop/Desktop - Ben’s MacBook Air/senate_model_python_Q1_auto_calendar_candidate_refresh/inputs/national_environment.csv,,,0.0,0.0,0.0,False,,0.0,1.0,23.00025,5.75,0.9788217533008552,0.9993750312484376,22.97317600218418,-0.1837499999999999,Only D matched,Richard Neal,,-0.35,0.0,Only D matched,0.0,0.0,0,,
MA,2,MA-2,Northeast,Mixed,High,High,Low,Low,Unknown,High College / High White,High College / High White / Low Black / Low Hispanic / Unknown Income,standard,uncontested,,,MA,Northeast,Mixed,0.0,"McGovern, Jim",D,D,D,True,False,"McGovern, Jim",,,False,False,True,False,23.6,30.700000000000003,31.9,25.424,1.0,,5.8500000000000005,5.8500000000000005,1.5,0.55125,0.0,33.325250000000004,,0,False,33.325250000000004,0.9999750012499375,,25.424,0.95,-0.2,-0.05,0.7,District type base: Mixed=0.95. Partisan baseline adjustment: -0.20. Region adjustment: Northeast=-0.05. No manual override. Final elasticity: 0.70.,0.7,-1.5,4.52,25.1,26.180000000000003,5.8500000000000005,1.0,5.8500000000000005,1.5,1,1,0.0,0.0,0,Poll spillover active but signal file missing,House fundamentals calculated as 70%*2024 presidential margin + 30%*2020 presidential margin + national environment * district elasticity + state environment adjustment + incumbency + candidate quality + candidate event adjustment + special adjustment.,/Users/benyelin/Desktop/Desktop - Ben’s MacBook Air/senate_model_python_Q1_auto_calendar_candidate_refresh/inputs/national_environment.csv,,,0.0,0.0,0.0,False,,0.0,1.0,33.325250000000004,5.75,0.9961437959715312,0.9999750012499375,33.31971389461664,0.55125,Only D matched,Jim McGovern,,1.05,0.0,Only D matched,0.0,0.0,0,,
MA,3,MA-3,Northeast,Mixed,High,High,Low,Medium,Unknown,High College / High White,High College / High White / Low Black / Medium Hispanic / Unknown Income,standard,D_vs_R,,,MA,Northeast,Mixed,0.0,"Trahan, Lori",D,D,D,True,False,"Trahan, Lori","Grossi, Gary",,False,True,True,False,18.8,27.299999999999997,27.1,21.043999999999997,1.0,,5.8500000000000005,5.8500000000000005,1.5,0.0014583333333333,0.0,28.39545833333333,,0,False,28.39545833333333,0.9997750112494376,,21.043999999999997,0.95,-0.1,-0.05,0.7999999999999999,District type base: Mixed=0.95. Partisan baseline adjustment: -0.10. Region adjustment: Northeast=-0.05. No manual override. Final elasticity: 0.80.,0.7999999999999999,-1.5,4.52,20.3,22.78,5.8500000000000005,1.0,5.8500000000000005,1.5,1,1,0.0,0.0,0,Poll spillover active but signal file missing,House fundamentals calculated as 70%*2024 presidential margin + 30%*2020 presidential margin + national environment * district elasticity + state environment adjustment + incumbency + candidate quality + candidate event adjustment + special adjustment.,/Users/benyelin/Desktop/Desktop - Ben’s MacBook Air/senate_model_python_Q1_auto_calendar_candidate_refresh/inputs/national_environment.csv,,,0.0,0.0,0.0,False,,0.0,1.0,28.39545833333333,5.75,0.9912730699103026,0.9997750112494376,28.279322334264673,0.0014583333333333,Only D matched,Lori Trahan,,0.0027777777777777,0.0,Only D matched,0.0,0.0,0,,
MA,4,MA-4,Northeast,Mixed,High,Very High,Low,Low,Unknown,High College / Very High White,High College / Very High White / Low Black / Low Hispanic / Unknown Income,standard,D_vs_R,,,MA,Northeast,Mixed,0.0,"Auchincloss, Jake",D,D,D,True,False,"Auchincloss, Jake","Stalcup, Thomas",,False,True,True,False,19.6,28.299999999999997,27.9,21.904,1.0,,5.8500000000000005,5.8500000000000005,1.5,-2.205,0.0,27.049,,0,False,27.049,0.9996250187490624,,21.904,0.95,-0.1,-0.05,0.7999999999999999,District type base: Mixed=0.95. Partisan baseline adjustment: -0.10. Region adjustment: Northeast=-0.05. No manual override. Final elasticity: 0.80.,0.7999999999999999,-1.5,4.52,21.1,23.78,5.8500000000000005,1.0,5.8500000000000005,1.5,1,1,0.0,0.0,0,Poll spillover active but signal file missing,House fundamentals calculated as 70%*2024 presidential margin + 30%*2020 presidential margin + national environment * district elasticity + state environment adjustment + incumbency + candidate quality + candidate event adjustment + special adjustment.,/Users/benyelin/Desktop/Desktop - Ben’s MacBook Air/senate_model_python_Q1_auto_calendar_candidate_refresh/inputs/national_environment.csv,,,0.0,0.0,0.0,False,,0.0,1.0,27.049,5.75,0.989101444769718,0.9996250187490624,27.006591390418407,-2.205,Only D matched,Jake Auchincloss,,-4.2,0.0,Only D matched,0.0,0.0,0,,
MA,5,MA-5,Northeast,Mixed,Very High,High,Low,Low,Unknown,Very High College / High White,Very High College / High White / Low Black / Low Hispanic / Unknown Income,standard,uncontested,,,MA,Northeast,Mixed,0.0,"Clark, Katherine",D,D,D,True,False,"Clark, Kathrine",,,False,False,True,False,44.9,50.900000000000006,53.2,46.394,1.0,,5.8500000000000005,5.8500000000000005,1.5,0.0,0.0,53.744,,0,False,53.744,0.9999750012499375,,46.394,0.95,-0.2,-0.05,0.7,District type base: Mixed=0.95. Partisan baseline adjustment: -0.20. Region adjustment: Northeast=-0.05. No manual override. Final elasticity: 0.70.,0.7,-1.5,4.52,46.4,46.38000000000001,5.8500000000000005,1.0,5.8500000000000005,1.5,1,1,0.0,0.0,0,Poll spillover active but signal file missing,House fundamentals calculated as 70%*2024 presidential margin + 30%*2020 presidential margin + national environment * district elasticity + state environment adjustment + incumbency + candidate quality + candidate event adjustment + special adjustment.,/Users/benyelin/Desktop/Desktop - Ben’s MacBook Air/senate_model_python_Q1_auto_calendar_candidate_refresh/inputs/national_environment.csv,,,0.0,0.0,0.0,False,,0.0,1.0,53.744,5.75,0.9998712273503492,0.9999750012499375,53.66966335099755,0.0,Neither matched,,,0.0,0.0,Neither matched,0.0,0.0,0,,
MA,6,MA-6,Northeast,Suburban,Very High,Very High,Low,Low,Unknown,Very High College / Very High White,Very High College / Very High White / Low Black / Low Hispanic / Unknown Income,standard,D_vs_R,,,MA,Northeast,Suburban,0.0,"Moulton, Seth",D,D,D,False,True,"Koh, Dan","Jones, Micah Quincey",,True,True,False,False,20.6,27.4,28.9,22.334,1.0,,5.8500000000000005,5.8500000000000005,0.0,0.0,0.0,28.184,,0,False,28.184,0.9998250087495624,,22.334,1.1,-0.1,-0.05,0.95,District type base: Suburban=1.10. Partisan baseline adjustment: -0.10. Region adjustment: Northeast=-0.05. No manual override. Final elasticity: 0.95.,0.95,-1.5,4.52,22.1,22.88,5.8500000000000005,1.0,5.8500000000000005,1.5,1,1,0.0,0.0,0,Poll spillover active but signal file missing,House fundamentals calculated as 70%*2024 presidential margin + 30%*2020 presidential margin + national environment * district elasticity + state environment adjustment + incumbency + candidate quality + candidate event adjustment + special adjustment.,/Users/benyelin/Desktop/Desktop - Ben’s MacBook Air/senate_model_python_Q1_auto_calendar_candidate_refresh/inputs/national_environment.csv,,,0.0,0.0,0.0,False,,0.0,1.0,28.184,5.75,0.9909628513102158,0.9998250087495624,28.157189311253955,0.0,Neither matched,,,0.0,0.0,Neither matched,0.0,0.0,0,,
MA,7,MA-7,Northeast,Urban,High,Low,Medium,Medium,Unknown,High College / Low White,High College / Low White / Medium Black / Medium Hispanic / Unknown Income,standard,uncontested,,,MA,Northeast,Urban,0.0,"Pressley, Ayanna",D,D,D,True,False,"Pressley, Ayanna",,,False,False,True,False,62.7,72.2,71.0,65.244,1.0,,5.8500000000000005,5.8500000000000005,1.5,-0.945,0.0,71.649,,0,False,71.649,0.9999750012499375,,65.244,0.7,-0.2,-0.05,0.55,District type base: Urban=0.70. Partisan baseline adjustment: -0.20. Region adjustment: Northeast=-0.05. No manual override. Final elasticity: 0.55.,0.55,-1.5,4.52,64.2,67.68,5.8500000000000005,1.0,5.8500000000000005,1.5,1,1,0.0,0.0,0,Poll spillover active but signal file missing,House fundamentals calculated as 70%*2024 presidential margin + 30%*2020 presidential margin + national environment * district elasticity + state environment adjustment + incumbency + candidate quality + candidate event adjustment + special adjustment.,/Users/benyelin/Desktop/Desktop - Ben’s MacBook Air/senate_model_python_Q1_auto_calendar_candidate_refresh/inputs/national_environment.csv,,,0.0,0.0,0.0,False,,0.0,1.0,71.649,5.75,0.999993485672098,0.9999750012499375,71.54710361819365,-0.945,Only D matched,Ayanna Pressley,,-1.8000000000000005,0.0,Only D matched,0.0,0.0,0,,
MA,8,MA-8,Northeast,Suburban,Very High,High,Medium,Low,Unknown,Very High College / High White,Very High College / High White / Medium Black / Low Hispanic / Unknown Income,standard,D_vs_R,,,MA,Northeast,Suburban,0.0,"Lynch, Stephen",D,D,D,False,True,"Lynch, Stephen","Burke, Robert",,False,True,False,False,26.2,35.3,34.5,28.623999999999995,1.0,,5.8500000000000005,5.8500000000000005,0.0,4.0,0.0,38.474,,0,False,38.474,0.9999750012499375,,28.623999999999995,1.1,-0.2,-0.05,0.8500000000000001,District type base: Suburban=1.10. Partisan baseline adjustment: -0.20. Region adjustment: Northeast=-0.05. No manual override. Final elasticity: 0.85.,0.8500000000000001,-1.5,4.52,27.7,30.78,5.8500000000000005,1.0,5.8500000000000005,1.5,1,1,0.0,0.0,0,Poll spillover active but signal file missing,House fundamentals calculated as 70%*2024 presidential margin + 30%*2020 presidential margin + national environment * district elasticity + state environment adjustment + incumbency + candidate quality + candidate event adjustment + special adjustment.,/Users/benyelin/Desktop/Desktop - Ben’s MacBook Air/senate_model_python_Q1_auto_calendar_candidate_refresh/inputs/national_environment.csv,,,0.0,0.0,0.0,False,,0.0,1.0,38.474,5.75,0.9983614985070188,0.9999750012499375,38.42025858298168,4.0,Both matched,Stephen Lynch,Robert Burke,4.325,-3.8454545454545457,Both matched,0.0,0.0,0,,
MA,9,MA-9,Northeast,Suburban,High,Very High,Low,Low,Unknown,High College / Very High White,High College / Very High White / Low Black / Low Hispanic / Unknown Income,standard,D_vs_R,,,MA,Northeast,Suburban,0.0,"Keating, Bill",D,D,D,True,False,"Keating, Bill","Macallister, Tyler",,False,True,True,False,10.7,18.1,19.0,12.614,1.0,,5.8500000000000005,5.8500000000000005,1.5,0.1669499999999999,0.0,20.13095,,0,False,20.13095,0.9954252287385632,,12.614,1.1,0.0,-0.05,1.05,District type base: Suburban=1.10. Partisan baseline adjustment: +0.00. Region adjustment: Northeast=-0.05. No manual override. Final elasticity: 1.05.,1.05,-1.5,4.52,12.2,13.580000000000002,5.8500000000000005,1.0,5.8500000000000005,1.5,1,1,0.0,0.0,0,Poll spillover active but signal file missing,House fundamentals calculated as 70%*2024 presidential margin + 30%*2020 presidential margin + national environment * district elasticity + state environment adjustment + incumbency + candidate quality + candidate event adjustment + special adjustment.,/Users/benyelin/Desktop/Desktop - Ben’s MacBook Air/senate_model_python_Q1_auto_calendar_candidate_refresh/inputs/national_environment.csv,,,0.0,0.0,0.0,False,,0.0,1.0,20.13095,5.75,0.966273346550822,0.9954252287385632,20.11405926562955,0.1669499999999999,Only D matched,Bill Keating,,0.3179999999999999,0.0,Only D matched,0.0,0.0,0,,
MI,1,MI-1,Midwest,Rural,Medium,Very High,Low,Low,Unknown,Medium College / Very High White,Medium College / Very High White / Low Black / Low Hispanic / Unknown Income,standard,D_vs_R,,,MI,Midwest,Rural,0.0,"Bergman, Jack",R,R,R,True,False,"Barr, Callie","Bergman, Jack",,True,False,False,True,-21.2,-19.800000000000004,-12.9,-21.086,1.0,,5.8500000000000005,5.8500000000000005,-1.5,0.9457142857142858,0.0,-15.79028571428571,,0,False,-15.79028571428571,0.0153742312884355,,-21.086,0.8,-0.1,0.05,0.7500000000000001,District type base: Rural=0.80. Partisan baseline adjustment: -0.10. Region adjustment: Midwest=+0.05. No manual override. Final elasticity: 0.75.,0.7500000000000001,-1.5,4.52,-19.7,-24.320000000000004,5.8500000000000005,1.0,5.8500000000000005,1.5,1,1,0.0,0.0,0,Poll spillover active but signal file missing,House fundamentals calculated as 70%*2024 presidential margin + 30%*2020 presidential margin + national environment * district elasticity + state environment adjustment + incumbency + candidate quality + candidate event adjustment + special adjustment.,/Users/benyelin/Desktop/Desktop - Ben’s MacBook Air/senate_model_python_Q1_auto_calendar_candidate_refresh/inputs/national_environment.csv,,,0.0,0.0,0.0,False,,0.0,1.0,-15.79028571428571,5.75,0.0671250236017091,0.0153742312884355,-15.858801816511605,0.9457142857142858,Both matched,Callie Barr,Jack Bergman,1.3,-0.0510204081632653,Both matched,0.0,0.0,0,,
MI,2,MI-2,Midwest,Rural,Low,Very High,Low,Low,Unknown,Low College / Very High White,Low College / Very High White / Low Black / Low Hispanic / Unknown Income,standard,D_vs_R,,,MI,Midwest,Rural,0.0,"Moolenaar, John",R,R,R,True,False,"Ambrose, Ben","Moolenaar, John",,True,False,False,True,-29.9,-28.200000000000003,-21.6,-29.696,1.0,,5.8500000000000005,5.8500000000000005,-1.5,-0.55335,0.0,-25.89935,,0,False,-25.89935,0.0003749812509374,,-29.696,0.8,-0.2,0.05,0.6500000000000001,District type base: Rural=0.80. Partisan baseline adjustment: -0.20. Region adjustment: Midwest=+0.05. No manual override. Final elasticity: 0.65.,0.6500000000000001,-1.5,4.52,-28.4,-32.72,5.8500000000000005,1.0,5.8500000000000005,1.5,1,1,0.0,0.0,0,Poll spillover active but signal file missing,House fundamentals calculated as 70%*2024 presidential margin + 30%*2020 presidential margin + national environment * district elasticity + state environment adjustment + incumbency + candidate quality + candidate event adjustment + special adjustment.,/Users/benyelin/Desktop/Desktop - Ben’s MacBook Air/senate_model_python_Q1_auto_calendar_candidate_refresh/inputs/national_environment.csv,,,0.0,0.0,0.0,False,,0.0,1.0,-25.89935,5.75,0.013169973180366,0.0003749812509374,-25.95623332971675,-0.55335,Only R matched,,John Moolenaar,0.0,1.054,Only R matched,0.0,0.0,0,,
MI,3,MI-3,Midwest,Suburban,High,High,Medium,Low,Unknown,High College / High White,High College / High White / Medium Black / Low Hispanic / Unknown Income,standard,D_vs_R,,,MI,Midwest,Suburban,0.0,"Scholten, Hillary",D,D,D,True,False,"Scholten, Hillary","DeBoer, Terri",,False,True,True,False,7.8,8.5,16.1,7.704,1.0,,5.8500000000000005,5.8500000000000005,1.5,0.5205182926829268,0.0,15.574518292682928,,0,False,15.574518292682928,0.9803259837008148,,7.704,1.1,0.0,0.05,1.15,District type base: Suburban=1.10. Partisan baseline adjustment: +0.00. Region adjustment: Midwest=+0.05. No manual override. Final elasticity: 1.15.,1.15,-1.5,4.52,9.3,3.98,5.8500000000000005,1.0,5.8500000000000005,1.5,1,1,0.0,0.0,0,Poll spillover active but signal file missing,House fundamentals calculated as 70%*2024 presidential margin + 30%*2020 presidential margin + national environment * district elasticity + state environment adjustment + incumbency + candidate quality + candidate event adjustment + special adjustment.,/Users/benyelin/Desktop/Desktop - Ben’s MacBook Air/senate_model_python_Q1_auto_calendar_candidate_refresh/inputs/national_environment.csv,,,0.0,0.0,0.0,False,,0.0,1.0,15.574518292682928,5.75,0.9305877524488596,0.9803259837008148,15.632185814778673,0.5205182926829268,Only D matched,Hillary Scholten,,0.9914634146341466,0.0,Only D matched,0.0,0.0,0,,
MI,4,MI-4,Midwest,Mixed,Medium,Very High,Low,Low,Unknown,Medium College / Very High White,Medium College / Very High White / Low Black / Low Hispanic / Unknown Income,standard,D_vs_R,,,MI,Midwest,Mixed,0.0,"Huizenga, Bill",R,R,R,True,False,"McCann, Sean","Huizenga, Bill",,True,False,False,True,-5.7,-4.0,2.5999999999999996,-5.496,1.0,,5.8500000000000005,5.8500000000000005,-1.5,-0.902475,0.0,-2.048474999999999,3.0000000000000004,1,True,-1.5183851249999991,0.42010399480026,,-5.496,0.95,0.0,0.05,1.0,District type base: Mixed=0.95. Partisan baseline adjustment: +0.00. Region adjustment: Midwest=+0.05. No manual override. Final elasticity: 1.00.,1.0,-1.5,4.52,-4.2,-8.52,5.8500000000000005,1.0,5.8500000000000005,1.5,1,1,0.0,0.0,0,Poll spillover active but signal file missing,House fundamentals calculated as 70%*2024 presidential margin + 30%*2020 presidential margin + national environment * district elasticity + state environment adjustment + incumbency + candidate quality + candidate event adjustment + special adjustment.,/Users/benyelin/Desktop/Desktop - Ben’s MacBook Air/senate_model_python_Q1_auto_calendar_candidate_refresh/inputs/national_environment.csv,2026-06-01,99.0,0.1969169914417752,1.0,1.0,False,Manual House polling average from 1 poll(s): GBAO,0.105,0.895,-1.5183851249999991,5.5990625,0.4370694423877872,0.42010399480026,-1.5589082108363304,-0.902475,Only R matched,,Bill Huizenga,0.0,1.719,Only R matched,0.0,0.0,0,,
MI,5,MI-5,Midwest,Mixed,Low,Very High,Low,Low,Unknown,Low College / Very High White,Low College / Very High White / Low Black / Low Hispanic / Unknown Income,standard,D_vs_R,,,MI,Midwest,Mixed,0.0,"Walberg, Tim",R,R,R,True,False,"Vukasovich, Christian","Walberg, Tim",,True,False,False,True,-27.1,-24.1,-18.8,-26.506,1.0,,5.8500000000000005,5.8500000000000005,-1.5,-0.4284,0.0,-22.5844,,0,False,-22.5844,0.0009749512524373,,-26.506,0.95,-0.2,0.05,0.8,District type base: Mixed=0.95. Partisan baseline adjustment: -0.20. Region adjustment: Midwest=+0.05. No manual override. Final elasticity: 0.80.,0.8,-1.5,4.52,-25.6,-28.62,5.8500000000000005,1.0,5.8500000000000005,1.5,1,1,0.0,0.0,0,Poll spillover active but signal file missing,House fundamentals calculated as 70%*2024 presidential margin + 30%*2020 presidential margin + national environment * district elasticity + state environment adjustment + incumbency + candidate quality + candidate event adjustment + special adjustment.,/Users/benyelin/Desktop/Desktop - Ben’s MacBook Air/senate_model_python_Q1_auto_calendar_candidate_refresh/inputs/national_environment.csv,,,0.0,0.0,0.0,False,,0.0,1.0,-22.5844,5.75,0.0226636915286816,0.0009749512524373,-22.527021201653696,-0.4284,Only R matched,,Tim Walberg,0.0,0.8160000000000001,Only R matched,0.0,0.0,0,,
MI,6,MI-6,Midwest,Mixed,Very High,High,Medium,Low,Unknown,Very High College / High White,Very High College / High White / Medium Black / Low Hispanic / Unknown Income,standard,D_vs_R,,,MI,Midwest,Mixed,0.0,"Dingell, Debbie",D,D,D,True,False,"Dingell, Debbie","Smiley, Heather",,False,True,True,False,23.2,26.700000000000003,31.5,23.944,1.0,,5.8500000000000005,5.8500000000000005,1.5,1.5554,0.0,32.8494,,0,False,32.8494,0.9999750012499375,,23.944,0.95,-0.1,0.05,0.9,District type base: Mixed=0.95. Partisan baseline adjustment: -0.10. Region adjustment: Midwest=+0.05. No manual override. Final elasticity: 0.90.,0.9,-1.5,4.52,24.7,22.180000000000003,5.8500000000000005,1.0,5.8500000000000005,1.5,1,1,0.0,0.0,0,Poll spillover active but signal file missing,House fundamentals calculated as 70%*2024 presidential margin + 30%*2020 presidential margin + national environment * district elasticity + state environment adjustment + incumbency + candidate quality + candidate event adjustment + special adjustment.,/Users/benyelin/Desktop/Desktop - Ben’s MacBook Air/senate_model_python_Q1_auto_calendar_candidate_refresh/inputs/national_environment.csv,,,0.0,0.0,0.0,False,,0.0,1.0,32.8494,5.75,0.9958268406464122,0.9999750012499375,32.81182191704266,1.5554,Both matched,Debbie Dingell,Heather Smiley,1.222,-1.0,Both matched,0.0,0.0,0,,
MI,7,MI-7,Midwest,Suburban,High,Very High,Low,Low,Unknown,High College / Very High White,High College / Very High White / Low Black / Low Hispanic / Unknown Income,standard,D_vs_R,,,MI,Midwest,Suburban,0.0,"Barrett, Tom",R,R,R,True,False,"Lawrence, William","Barrett, Tom",,True,False,False,True,-1.3,0.8999999999999986,7.0,-0.9460000000000004,1.0,,5.8500000000000005,5.8500000000000005,-1.5,0.0564772727272727,0.0,3.460477272727273,2.0,1,True,3.3071271590909093,0.6721913904304785,,-0.9460000000000004,1.1,0.1,0.05,1.25,District type base: Suburban=1.10. Partisan baseline adjustment: +0.10. Region adjustment: Midwest=+0.05. No manual override. Final elasticity: 1.25.,1.25,-1.5,4.52,0.1999999999999999,-3.620000000000001,5.8500000000000005,1.0,5.8500000000000005,1.5,1,1,0.0,0.0,0,Poll spillover active but signal file missing,House fundamentals calculated as 70%*2024 presidential margin + 30%*2020 presidential margin + national environment * district elasticity + state environment adjustment + incumbency + candidate quality + candidate event adjustment + special adjustment.,/Users/benyelin/Desktop/Desktop - Ben’s MacBook Air/senate_model_python_Q1_auto_calendar_candidate_refresh/inputs/national_environment.csv,2026-08-13,26.0,0.4937594171601621,1.0,1.0,False,Manual House polling average from 1 poll(s): GSG,0.105,0.895,3.3071271590909093,5.5990625,0.6344111396379852,0.6721913904304785,3.3157023525645637,0.0564772727272727,Only R matched,,Tom Barrett,0.0,-0.1075757575757576,Only R matched,0.0,0.0,0,,
MI,8,MI-8,Midwest,Suburban,Low,Very High,Medium,Low,Unknown,Low College / Very High White,Low College / Very High White / Medium Black / Low Hispanic / Unknown Income,standard,D_vs_R,,,MI,Midwest,Suburban,0.0,"McDonald Rivet, Kristen",D,D,D,True,False,"McDonald Rivet, Kristen","Smith, Thomas J. ",,False,False,True,True,-2.0,2.0999999999999943,6.3,-1.0760000000000014,1.0,,5.8500000000000005,5.8500000000000005,0.0,2.2575,0.0,7.031499999999999,,0,False,7.031499999999999,0.8261836908154593,,-1.0760000000000014,1.1,0.1,0.05,1.25,District type base: Suburban=1.10. Partisan baseline adjustment: +0.10. Region adjustment: Midwest=+0.05. No manual override. Final elasticity: 1.25.,1.25,-1.5,4.52,-0.5,-2.4200000000000053,5.8500000000000005,1.0,5.8500000000000005,1.5,1,1,0.0,0.0,0,Poll spillover active but signal file missing,House fundamentals calculated as 70%*2024 presidential margin + 30%*2020 presidential margin + national environment * district elasticity + state environment adjustment + incumbency + candidate quality + candidate event adjustment + special adjustment.,/Users/benyelin/Desktop/Desktop - Ben’s MacBook Air/senate_model_python_Q1_auto_calendar_candidate_refresh/inputs/national_environment.csv,,,0.0,0.0,0.0,False,,0.0,1.0,7.031499999999999,5.75,0.7634912874844542,0.8261836908154593,7.066426215440618,2.2575,Only D matched,Kristen McDonald Rivet,,4.3,0.0,Only D matched,0.0,0.0,0,,
MI,9,MI-9,Midwest,Rural,Medium,Very High,Low,Low,Unknown,Medium College / Very High White,Medium College / Very High White / Low Black / Low Hispanic / Unknown Income,standard,D_vs_R,,,MI,Midwest,Rural,0.0,"McClain, Lisa",R,R,R,True,False,"Pooley, Ray","McClain, Lisa",,True,False,False,True,-32.3,-29.4,-23.999999999999996,-31.735999999999997,1.0,,5.8500000000000005,5.8500000000000005,-1.5,-0.4302439024390243,0.0,-27.81624390243902,,0,False,-27.81624390243902,2.499875006249687e-05,,-31.735999999999997,0.8,-0.2,0.05,0.6500000000000001,District type base: Rural=0.80. Partisan baseline adjustment: -0.20. Region adjustment: Midwest=+0.05. No manual override. Final elasticity: 0.65.,0.6500000000000001,-1.5,4.52,-30.799999999999997,-33.92,5.8500000000000005,1.0,5.8500000000000005,1.5,1,1,0.0,0.0,0,Poll spillover active but signal file missing,House fundamentals calculated as 70%*2024 presidential margin + 30%*2020 presidential margin + national environment * district elasticity + state environment adjustment + incumbency + candidate quality + candidate event adjustment + special adjustment.,/Users/benyelin/Desktop/Desktop - Ben’s MacBook Air/senate_model_python_Q1_auto_calendar_candidate_refresh/inputs/national_environment.csv,,,0.0,0.0,0.0,False,,0.0,1.0,-27.81624390243902,5.75,0.0096029017805956,2.499875006249687e-05,-27.873448084726867,-0.4302439024390243,Only R matched,,Lisa McClain,0.0,0.8195121951219513,Only R matched,0.0,0.0,0,,
MI,10,MI-10,Midwest,Mixed,Medium,High,Medium,Low,Unknown,Medium College / High White,Medium College / High White / Medium Black / Low Hispanic / Unknown Income,standard,D_vs_R,,,MI,Midwest,Mixed,0.0,"James, John",R,R,R,False,True,"Hines, Christina","Bouchard, Mike",,True,True,False,False,-6.5,-1.0,1.7999999999999998,-5.156,1.0,,5.8500000000000005,5.8500000000000005,0.0,0.0,0.0,0.6940000000000008,0.0,1,True,0.6211300000000007,0.5403479826008699,,-5.156,0.95,0.0,0.05,1.0,District type base: Mixed=0.95. Partisan baseline adjustment: +0.00. Region adjustment: Midwest=+0.05. No manual override. Final elasticity: 1.00.,1.0,-1.5,4.52,-5.0,-5.52,5.8500000000000005,1.0,5.8500000000000005,1.5,1,1,0.0,0.0,0,Poll spillover active but signal file missing,House fundamentals calculated as 70%*2024 presidential margin + 30%*2020 presidential margin + national environment * district elasticity + state environment adjustment + incumbency + candidate quality + candidate event adjustment + special adjustment.,/Users/benyelin/Desktop/Desktop - Ben’s MacBook Air/senate_model_python_Q1_auto_calendar_candidate_refresh/inputs/national_environment.csv,2026-08-13,26.0,0.5408863415184484,1.0,1.0,False,Manual House polling average from 1 poll(s): GSG,0.105,0.895,0.6211300000000007,5.5990625,0.5258573286109383,0.5403479826008699,0.6935465018171092,0.0,Neither matched,,,0.0,0.0,Neither matched,0.0,0.0,0,,
MI,11,MI-11,Midwest,Mixed,Medium,High,Medium,Low,Unknown,Medium College / High White,Medium College / High White / Medium Black / Low Hispanic / Unknown Income,standard,D_vs_R,,,MI,Midwest,Mixed,0.0,"Stevens, Haley",D,D,D,False,True,"Moss, Jeremy","Baker, Ethan",,True,True,False,False,16.1,19.9,24.4,16.934,1.0,,5.8500000000000005,5.8500000000000005,0.0,0.0,0.0,22.784,,0,False,22.784,0.9986250687465626,,16.934,0.95,-0.1,0.05,0.9,District type base: Mixed=0.95. Partisan baseline adjustment: -0.10. Region adjustment: Midwest=+0.05. No manual override. Final elasticity: 0.90.,0.9,-1.5,4.52,17.6,15.38,5.8500000000000005,1.0,5.8500000000000005,1.5,1,1,0.0,0.0,0,Poll spillover active but signal file missing,House fundamentals calculated as 70%*2024 presidential margin + 30%*2020 presidential margin + national environment * district elasticity + state environment adjustment + incumbency + candidate quality + candidate event adjustment + special adjustment.,/Users/benyelin/Desktop/Desktop - Ben’s MacBook Air/senate_model_python_Q1_auto_calendar_candidate_refresh/inputs/national_environment.csv,,,0.0,0.0,0.0,False,,0.0,1.0,22.784,5.75,0.9780615829549516,0.9986250687465626,22.72589078403515,0.0,Neither matched,,,0.0,0.0,Neither matched,0.0,0.0,0,,
MI,12,MI-12,Midwest,Urban,Medium,Medium,Very High,Low,Unknown,Medium College / Medium White,Medium College / Medium White / Very High Black / Low Hispanic / Unknown Income,standard,D_vs_R,,,MI,Midwest,Urban,0.0,"Tlaib, Rashida",D,D,D,True,False,"Tlaib, Rashida","Hooper, James",,False,True,True,False,37.7,48.5,46.0,40.634,1.0,,5.8500000000000005,5.8500000000000005,1.5,0.3960975609756097,0.0,48.380097560975614,,0,False,48.380097560975614,0.9999750012499375,,40.634,0.7,-0.2,0.05,0.55,District type base: Urban=0.70. Partisan baseline adjustment: -0.20. Region adjustment: Midwest=+0.05. No manual override. Final elasticity: 0.55.,0.55,-1.5,4.52,39.2,43.98,5.8500000000000005,1.0,5.8500000000000005,1.5,1,1,0.0,0.0,0,Poll spillover active but signal file missing,House fundamentals calculated as 70%*2024 presidential margin + 30%*2020 presidential margin + national environment * district elasticity + state environment adjustment + incumbency + candidate quality + candidate event adjustment + special adjustment.,/Users/benyelin/Desktop/Desktop - Ben’s MacBook Air/senate_model_python_Q1_auto_calendar_candidate_refresh/inputs/national_environment.csv,,,0.0,0.0,0.0,False,,0.0,1.0,48.380097560975614,5.75,0.9996852287628633,0.9999750012499375,48.33892139582037,0.3960975609756097,Both matched,Rashida Tlaib,James Hooper,-0.2841463414634146,-0.85,Both matched,0.0,0.0,0,,
MI,13,MI-13,Midwest,Urban,Low,Low,Very High,Low,Unknown,Low College / Low White,Low College / Low White / Very High Black / Low Hispanic / Unknown Income,standard,D_vs_R,,,MI,Midwest,Urban,0.0,"Thanedar, Shri",D,D,D,False,True,"McKinney, Donavan","Nykoriak, T.P",,True,True,False,False,41.4,49.6,49.7,43.553999999999995,1.0,,5.8500000000000005,5.8500000000000005,0.0,0.0,0.0,49.404,,0,False,49.404,0.9999750012499375,,43.553999999999995,0.7,-0.2,0.05,0.55,District type base: Urban=0.70. Partisan baseline adjustment: -0.20. Region adjustment: Midwest=+0.05. No manual override. Final elasticity: 0.55.,0.55,-1.5,4.52,42.9,45.08,5.8500000000000005,1.0,5.8500000000000005,1.5,1,1,0.0,0.0,0,Poll spillover active but signal file missing,House fundamentals calculated as 70%*2024 presidential margin + 30%*2020 presidential margin + national environment * district elasticity + state environment adjustment + incumbency + candidate quality + candidate event adjustment + special adjustment.,/Users/benyelin/Desktop/Desktop - Ben’s MacBook Air/senate_model_python_Q1_auto_calendar_candidate_refresh/inputs/national_environment.csv,,,0.0,0.0,0.0,False,,0.0,1.0,49.404,5.75,0.9997345981424632,0.9999750012499375,49.47088044584288,0.0,Neither matched,,,0.0,0.0,Neither matched,0.0,0.0,0,,
MN,1,MN-1,Midwest,Rural,Medium,Very High,Low,Low,Unknown,Medium College / Very High White,Medium College / Very High White / Low Black / Low Hispanic / Unknown Income,standard,Unresolved,,,MN,Midwest,Rural,0.0,"Finstad, Brad",R,R,R,True,False,"Johnson, Jake","Finstad, Brad",,True,False,False,True,-12.0,-9.199999999999996,-3.7,-11.465999999999998,1.0,,5.8500000000000005,5.8500000000000005,-1.5,-0.0198863636363636,0.0,-7.13588636363636,,0,False,-7.13588636363636,0.1681665916704164,,-11.465999999999998,0.8,0.0,0.05,0.8500000000000001,District type base: Rural=0.80. Partisan baseline adjustment: +0.00. Region adjustment: Midwest=+0.05. No manual override. Final elasticity: 0.85.,0.8500000000000001,-1.5,4.52,-10.5,-13.719999999999995,5.8500000000000005,1.0,5.8500000000000005,1.5,1,1,0.0,0.0,0,Poll spillover active but signal file missing,House fundamentals calculated as 70%*2024 presidential margin + 30%*2020 presidential margin + national environment * district elasticity + state environment adjustment + incumbency + candidate quality + candidate event adjustment + special adjustment.,/Users/benyelin/Desktop/Desktop - Ben’s MacBook Air/senate_model_python_Q1_auto_calendar_candidate_refresh/inputs/national_environment.csv,,,0.0,0.0,0.0,False,,0.0,1.0,-7.13588636363636,5.75,0.2333815782940762,0.1681665916704164,-7.225813715172236,-0.0198863636363636,Only R matched,,Brad Finstad,0.0,0.0378787878787878,Only R matched,0.0,0.0,0,,
MN,2,MN-2,Midwest,Suburban,High,Very High,Low,Low,Unknown,High College / Very High White,High College / Very High White / Low Black / Low Hispanic / Unknown Income,standard,Unresolved,,,MN,Midwest,Suburban,0.0,"Craig, Angie",D,D,D,False,True,"Little, Matt","Pratt, Eric",,True,True,False,False,5.8,7.199999999999996,14.1,5.913999999999998,1.0,,5.8500000000000005,5.8500000000000005,0.0,0.0,0.0,11.764,,0,False,11.764,0.9395780210989452,,5.913999999999998,1.1,0.0,0.05,1.15,District type base: Suburban=1.10. Partisan baseline adjustment: +0.00. Region adjustment: Midwest=+0.05. No manual override. Final elasticity: 1.15.,1.15,-1.5,4.52,7.3,2.679999999999996,5.8500000000000005,1.0,5.8500000000000005,1.5,1,1,0.0,0.0,0,Poll spillover active but signal file missing,House fundamentals calculated as 70%*2024 presidential margin + 30%*2020 presidential margin + national environment * district elasticity + state environment adjustment + incumbency + candidate quality + candidate event adjustment + special adjustment.,/Users/benyelin/Desktop/Desktop - Ben’s MacBook Air/senate_model_python_Q1_auto_calendar_candidate_refresh/inputs/national_environment.csv,,,0.0,0.0,0.0,False,,0.0,1.0,11.764,5.75,0.8766050829495812,0.9395780210989452,11.724628702569746,0.0,Neither matched,,,0.0,0.0,Neither matched,0.0,0.0,0,,
MN,3,MN-3,Midwest,Suburban,Very High,High,Low,Low,Unknown,Very High College / High White,Very High College / High White / Low Black / Low Hispanic / Unknown Income,standard,Unresolved,,,MN,Midwest,Suburban,0.0,"Morrison, Kelly",D,D,D,True,False,"Morrison, Kelly","Bass, Tyler",,False,True,True,False,21.3,20.9,29.6,20.874,1.0,,5.8500000000000005,5.8500000000000005,1.5,-0.63,0.0,27.594,,0,False,27.594,0.9998750062496876,,20.874,1.1,-0.1,0.05,1.05,District type base: Suburban=1.10. Partisan baseline adjustment: -0.10. Region adjustment: Midwest=+0.05. No manual override. Final elasticity: 1.05.,1.05,-1.5,4.52,22.8,16.38,5.8500000000000005,1.0,5.8500000000000005,1.5,1,1,0.0,0.0,0,Poll spillover active but signal file missing,House fundamentals calculated as 70%*2024 presidential margin + 30%*2020 presidential margin + national environment * district elasticity + state environment adjustment + incumbency + candidate quality + candidate event adjustment + special adjustment.,/Users/benyelin/Desktop/Desktop - Ben’s MacBook Air/senate_model_python_Q1_auto_calendar_candidate_refresh/inputs/national_environment.csv,,,0.0,0.0,0.0,False,,0.0,1.0,27.594,5.75,0.9900383405397148,0.9998750062496876,27.57493826755885,-0.63,Only D matched,Kelly Morrison,,-1.2,0.0,Only D matched,0.0,0.0,0,,
MN,4,MN-4,Midwest,Urban,High,High,Medium,Low,Unknown,High College / High White,High College / High White / Medium Black / Low Hispanic / Unknown Income,standard,Unresolved,,,MN,Midwest,Urban,0.0,"McCollum, Betty",D,D,D,True,False,"McCollum, Betty","Wikstrom, Paul",,False,True,True,False,35.7,37.49999999999999,44.0,35.934,1.0,,5.8500000000000005,5.8500000000000005,1.5,-0.8526,0.0,42.4314,,0,False,42.4314,0.9999750012499375,,35.934,0.7,-0.2,0.05,0.55,District type base: Urban=0.70. Partisan baseline adjustment: -0.20. Region adjustment: Midwest=+0.05. No manual override. Final elasticity: 0.55.,0.55,-1.5,4.52,37.2,32.97999999999999,5.8500000000000005,1.0,5.8500000000000005,1.5,1,1,0.0,0.0,0,Poll spillover active but signal file missing,House fundamentals calculated as 70%*2024 presidential margin + 30%*2020 presidential margin + national environment * district elasticity + state environment adjustment + incumbency + candidate quality + candidate event adjustment + special adjustment.,/Users/benyelin/Desktop/Desktop - Ben’s MacBook Air/senate_model_python_Q1_auto_calendar_candidate_refresh/inputs/national_environment.csv,,,0.0,0.0,0.0,False,,0.0,1.0,42.4314,5.75,0.9991521003439692,0.9999750012499375,42.41878915605392,-0.8526,Only D matched,Betty McCollum,,-1.624,0.0,Only D matched,0.0,0.0,0,,
MN,5,MN-5,Midwest,Urban,Very High,High,Medium,Low,Unknown,Very High College / High White,Very High College / High White / Medium Black / Low Hispanic / Unknown Income,standard,Unresolved,,,MN,Midwest,Urban,0.0,"Omar, Ilhan",D,D,D,True,False,"Omar, Ilhan","Nagel, John",,False,True,True,False,61.9,62.9,70.2,61.89399999999999,1.0,,5.8500000000000005,5.8500000000000005,1.5,-3.0,0.0,66.24399999999999,,0,False,66.24399999999999,0.9999750012499375,,61.89399999999999,0.7,-0.2,0.05,0.55,District type base: Urban=0.70. Partisan baseline adjustment: -0.20. Region adjustment: Midwest=+0.05. No manual override. Final elasticity: 0.55.,0.55,-1.5,4.52,63.4,58.379999999999995,5.8500000000000005,1.0,5.8500000000000005,1.5,1,1,0.0,0.0,0,Poll spillover active but signal file missing,House fundamentals calculated as 70%*2024 presidential margin + 30%*2020 presidential margin + national environment * district elasticity + state environment adjustment + incumbency + candidate quality + candidate event adjustment + special adjustment.,/Users/benyelin/Desktop/Desktop - Ben’s MacBook Air/senate_model_python_Q1_auto_calendar_candidate_refresh/inputs/national_environment.csv,,,0.0,0.0,0.0,False,,0.0,1.0,66.24399999999999,5.75,0.9999839641337313,0.9999750012499375,66.22848980492067,-3.0,Only D matched,Ilhan Omar,,-6.965217391304348,0.0,Only D matched,0.0,0.0,0,,
MN,6,MN-6,Midwest,Exurban,Medium,Very High,Low,Low,Unknown,Medium College / Very High White,Medium College / Very High White / Low Black / Low Hispanic / Unknown Income,standard,Unresolved,,,MN,Midwest,Exurban,0.0,"Emmer, Tom",R,R,R,True,False,"Chapin, Doug","Emmer, Tom",,True,False,False,True,-19.7,-17.6,-11.4,-19.376,1.0,,5.8500000000000005,5.8500000000000005,-1.5,-0.2325749999999999,0.0,-15.258574999999995,,0,False,-15.258574999999995,0.0201239938003099,,-19.376,1.0,-0.1,0.05,0.95,District type base: Exurban=1.00. Partisan baseline adjustment: -0.10. Region adjustment: Midwest=+0.05. No manual override. Final elasticity: 0.95.,0.95,-1.5,4.52,-18.2,-22.12,5.8500000000000005,1.0,5.8500000000000005,1.5,1,1,0.0,0.0,0,Poll spillover active but signal file missing,House fundamentals calculated as 70%*2024 presidential margin + 30%*2020 presidential margin + national environment * district elasticity + state environment adjustment + incumbency + candidate quality + candidate event adjustment + special adjustment.,/Users/benyelin/Desktop/Desktop - Ben’s MacBook Air/senate_model_python_Q1_auto_calendar_candidate_refresh/inputs/national_environment.csv,,,0.0,0.0,0.0,False,,0.0,1.0,-15.258574999999995,5.75,0.0728916848590534,0.0201239938003099,-15.324708111267356,-0.2325749999999999,Only R matched,,Tom Emmer,0.0,0.4429999999999999,Only R matched,0.0,0.0,0,,
MN,7,MN-7,Midwest,Rural,Low,Very High,Low,Low,Unknown,Low College / Very High White,Low College / Very High White / Low Black / Low Hispanic / Unknown Income,standard,Unresolved,,,MN,Midwest,Rural,0.0,"Fishbach, Michelle",R,R,R,True,False,"Osberg, Erik","Fishbach, Michelle",,True,False,False,True,-36.5,-33.199999999999996,-28.2,-35.816,1.0,,5.8500000000000005,5.8500000000000005,-1.5,0.0,0.0,-31.466,,0,False,-31.466,2.499875006249687e-05,,-35.816,0.8,-0.2,0.05,0.6500000000000001,District type base: Rural=0.80. Partisan baseline adjustment: -0.20. Region adjustment: Midwest=+0.05. No manual override. Final elasticity: 0.65.,0.6500000000000001,-1.5,4.52,-35.0,-37.72,5.8500000000000005,1.0,5.8500000000000005,1.5,1,1,0.0,0.0,0,Poll spillover active but signal file missing,House fundamentals calculated as 70%*2024 presidential margin + 30%*2020 presidential margin + national environment * district elasticity + state environment adjustment + incumbency + candidate quality + candidate event adjustment + special adjustment.,/Users/benyelin/Desktop/Desktop - Ben’s MacBook Air/senate_model_python_Q1_auto_calendar_candidate_refresh/inputs/national_environment.csv,,,0.0,0.0,0.0,False,,0.0,1.0,-31.466,5.75,0.0052496346476293,2.499875006249687e-05,-31.511635779531307,0.0,Neither matched,,,0.0,0.0,Neither matched,0.0,0.0,0,,
MN,8,MN-8,Midwest,Rural,Medium,Very High,Low,Low,Unknown,Medium College / Very High White,Medium College / Very High White / Low Black / Low Hispanic / Unknown Income,standard,Unresolved,,,MN,Midwest,Rural,0.0,"Stauber, Pete",R,R,D,True,False,"Swanson, Tina","Stauber, Pete",,False,False,True,True,-14.3,-11.200000000000005,-6.000000000000001,-13.676,1.0,,5.8500000000000005,5.8500000000000005,0.0,0.0062771739130434,0.0,-7.819722826086956,,0,False,-7.819722826086956,0.1462676866156692,,-13.676,0.8,0.0,0.05,0.8500000000000001,District type base: Rural=0.80. Partisan baseline adjustment: +0.00. Region adjustment: Midwest=+0.05. No manual override. Final elasticity: 0.85.,0.8500000000000001,-1.5,4.52,-12.8,-15.720000000000004,5.8500000000000005,1.0,5.8500000000000005,1.5,1,1,0.0,0.0,0,Poll spillover active but signal file missing,House fundamentals calculated as 70%*2024 presidential margin + 30%*2020 presidential margin + national environment * district elasticity + state environment adjustment + incumbency + candidate quality + candidate event adjustment + special adjustment.,/Users/benyelin/Desktop/Desktop - Ben’s MacBook Air/senate_model_python_Q1_auto_calendar_candidate_refresh/inputs/national_environment.csv,,,0.0,0.0,0.0,False,,0.0,1.0,-7.819722826086956,5.75,0.2136123168715275,0.1462676866156692,-7.8821365409241215,0.0062771739130434,Only R matched,,Pete Stauber,0.0,-0.0119565217391304,Only R matched,0.0,0.0,0,,
MS,1,MS-1,Deep South,Rural,Low,High,High,Low,Unknown,Low College / High White,Low College / High White / High Black / Low Hispanic / Unknown Income,standard,D_vs_R,,,MS,Deep South,Rural,0.0,"Kelly, Trent",R,R,R,True,False,"Johnson, Cliff","Kelly, Trent",,True,False,False,True,-37.0,-31.699999999999996,-28.7,-35.715999999999994,1.0,,5.8500000000000005,5.8500000000000005,-1.5,-0.1655357142857142,0.0,-31.531535714285702,,0,False,-31.531535714285702,0.0001249937503124,,-35.715999999999994,0.8,-0.2,-0.05,0.55,District type base: Rural=0.80. Partisan baseline adjustment: -0.20. Region adjustment: Deep South=-0.05. No manual override. Final elasticity: 0.55.,0.55,-1.5,4.52,-35.5,-36.22,5.8500000000000005,1.0,5.8500000000000005,1.5,1,1,0.0,0.0,0,Poll spillover active but signal file missing,House fundamentals calculated as 70%*2024 presidential margin + 30%*2020 presidential margin + national environment * district elasticity + state environment adjustment + incumbency + candidate quality + candidate event adjustment + special adjustment.,/Users/benyelin/Desktop/Desktop - Ben’s MacBook Air/senate_model_python_Q1_auto_calendar_candidate_refresh/inputs/national_environment.csv,,,0.0,0.0,0.0,False,,0.0,1.0,-31.531535714285702,5.75,0.0051929030409316,0.0001249937503124,-31.58624499110903,-0.1655357142857142,Only R matched,,Trent Kelly,0.0,0.3153061224489796,Only R matched,0.0,0.0,0,,
MS,2,MS-2,Deep South,Rural,Low,Low,Very High,Low,Unknown,Low College / Low White,Low College / Low White / Very High Black / Low Hispanic / Unknown Income,standard,D_vs_R,,,MS,Deep South,Rural,0.0,"Thompson, Bennie",D,D,D,True,False,"Thompson, Bennie","Eller, Ron",,False,True,True,False,20.4,26.1,28.7,21.804,1.0,,5.8500000000000005,5.8500000000000005,1.5,0.9871590909090908,0.0,30.141159090909092,,0,False,30.141159090909092,0.9998750062496876,,21.804,0.8,-0.1,-0.05,0.65,District type base: Rural=0.80. Partisan baseline adjustment: -0.10. Region adjustment: Deep South=-0.05. No manual override. Final elasticity: 0.65.,0.65,-1.5,4.52,21.9,21.58,5.8500000000000005,1.0,5.8500000000000005,1.5,1,1,0.0,0.0,0,Poll spillover active but signal file missing,House fundamentals calculated as 70%*2024 presidential margin + 30%*2020 presidential margin + national environment * district elasticity + state environment adjustment + incumbency + candidate quality + candidate event adjustment + special adjustment.,/Users/benyelin/Desktop/Desktop - Ben’s MacBook Air/senate_model_python_Q1_auto_calendar_candidate_refresh/inputs/national_environment.csv,,,0.0,0.0,0.0,False,,0.0,1.0,30.141159090909092,5.75,0.9934617532459096,0.9998750062496876,30.14285012531527,0.9871590909090908,Both matched,Bennie Thompson,Ron Eller,0.9102272727272728,-0.5,Both matched,0.0,0.0,0,,
MS,3,MS-3,Deep South,Rural,Medium,High,High,Low,Unknown,Medium College / High White,Medium College / High White / High Black / Low Hispanic / Unknown Income,standard,D_vs_R,,,MS,Deep South,Rural,0.0,"Guest, Michael",R,R,R,True,False,"Chiaradio, Michael","Guest, Michael",,True,False,False,True,-29.2,-24.299999999999997,-20.9,-28.03599999999999,1.0,,5.8500000000000005,5.8500000000000005,-1.5,-0.6966346153846154,0.0,-24.382634615384607,,0,False,-24.382634615384607,0.0010749462526873,,-28.03599999999999,0.8,-0.2,-0.05,0.55,District type base: Rural=0.80. Partisan baseline adjustment: -0.20. Region adjustment: Deep South=-0.05. No manual override. Final elasticity: 0.55.,0.55,-1.5,4.52,-27.7,-28.819999999999997,5.8500000000000005,1.0,5.8500000000000005,1.5,1,1,0.0,0.0,0,Poll spillover active but signal file missing,House fundamentals calculated as 70%*2024 presidential margin + 30%*2020 presidential margin + national environment * district elasticity + state environment adjustment + incumbency + candidate quality + candidate event adjustment + special adjustment.,/Users/benyelin/Desktop/Desktop - Ben’s MacBook Air/senate_model_python_Q1_auto_calendar_candidate_refresh/inputs/national_environment.csv,,,0.0,0.0,0.0,False,,0.0,1.0,-24.382634615384607,5.75,0.0168937671872167,0.0010749462526873,-24.41869945223059,-0.6966346153846154,Only R matched,,Michael Guest,0.0,1.3269230769230769,Only R matched,0.0,0.0,0,,
MS,4,MS-4,Deep South,Rural,Low,High,High,Low,Unknown,Low College / High White,Low College / High White / High Black / Low Hispanic / Unknown Income,standard,D_vs_R,,,MS,Deep South,Rural,0.0,"Ezell, Mike",R,R,R,True,False,"Hulum, Jeffrey","Ezell, Mike",,True,False,False,True,-42.5,-37.900000000000006,-34.2,-41.426,1.0,,5.8500000000000005,5.8500000000000005,-1.5,-0.4430681818181817,0.0,-37.519068181818184,,0,False,-37.519068181818184,2.499875006249687e-05,,-41.426,0.8,-0.2,-0.05,0.55,District type base: Rural=0.80. Partisan baseline adjustment: -0.20. Region adjustment: Deep South=-0.05. No manual override. Final elasticity: 0.55.,0.55,-1.5,4.52,-41.0,-42.42,5.8500000000000005,1.0,5.8500000000000005,1.5,1,1,0.0,0.0,0,Poll spillover active but signal file missing,House fundamentals calculated as 70%*2024 presidential margin + 30%*2020 presidential margin + national environment * district elasticity + state environment adjustment + incumbency + candidate quality + candidate event adjustment + special adjustment.,/Users/benyelin/Desktop/Desktop - Ben’s MacBook Air/senate_model_python_Q1_auto_calendar_candidate_refresh/inputs/national_environment.csv,,,0.0,0.0,0.0,False,,0.0,1.0,-37.519068181818184,5.75,0.0019206329035658,2.499875006249687e-05,-37.524418286551416,-0.4430681818181817,Only R matched,,Mike Ezell,0.0,0.843939393939394,Only R matched,0.0,0.0,0,,
MO,1,MO-1,Midwest,Urban,Medium,Low,High,Low,Unknown,Medium College / Low White,Medium College / Low White / High Black / Low Hispanic / Unknown Income,standard,D_vs_R,,,MO,Midwest,Urban,0.0,"Bell, Wesley",D,D,D,True,False,"Bell, Wesley","Berry, Paul",,False,True,True,False,57.2,58.400000000000006,65.5,57.254,1.0,,5.8500000000000005,5.8500000000000005,1.5,1.07625,0.0,65.68025,,0,False,65.68025,0.9999750012499375,,57.254,0.7,-0.2,0.05,0.55,District type base: Urban=0.70. Partisan baseline adjustment: -0.20. Region adjustment: Midwest=+0.05. No manual override. Final elasticity: 0.55.,0.55,-1.5,4.52,58.7,53.88000000000001,5.8500000000000005,1.0,5.8500000000000005,1.5,1,1,0.0,0.0,0,Poll spillover active but signal file missing,House fundamentals calculated as 70%*2024 presidential margin + 30%*2020 presidential margin + national environment * district elasticity + state environment adjustment + incumbency + candidate quality + candidate event adjustment + special adjustment.,/Users/benyelin/Desktop/Desktop - Ben’s MacBook Air/senate_model_python_Q1_auto_calendar_candidate_refresh/inputs/national_environment.csv,,,0.0,0.0,0.0,False,,0.0,1.0,65.68025,5.75,0.9999823844046544,0.9999750012499375,65.73642038204446,1.07625,Only D matched,Wesley Bell,,2.05,0.0,Only D matched,0.0,0.0,0,,
MO,2,MO-2,Midwest,Rural,High,Very High,Low,Low,Unknown,High College / Very High White,High College / Very High White / Low Black / Low Hispanic / Unknown Income,standard,D_vs_R,,,MO,Midwest,Rural,0.0,"Wagner, Ann",R,R,R,True,False,"Wellman, Fred","Wagner, Ann",,True,False,False,True,-7.899999999999999,-7.800000000000004,0.4000000000000012,-8.176,1.0,,5.8500000000000005,5.8500000000000005,-1.5,0.3144749999999999,0.0,-3.511525,-3.0,1,True,-3.457814875,0.3215589220538973,,-8.176,0.8,0.0,0.05,0.8500000000000001,District type base: Rural=0.80. Partisan baseline adjustment: +0.00. Region adjustment: Midwest=+0.05. No manual override. Final elasticity: 0.85.,0.8500000000000001,-1.5,4.52,-6.399999999999999,-12.320000000000004,5.8500000000000005,1.0,5.8500000000000005,1.5,1,1,0.0,0.0,0,Poll spillover active but signal file missing,House fundamentals calculated as 70%*2024 presidential margin + 30%*2020 presidential margin + national environment * district elasticity + state environment adjustment + incumbency + candidate quality + candidate event adjustment + special adjustment.,/Users/benyelin/Desktop/Desktop - Ben’s MacBook Air/senate_model_python_Q1_auto_calendar_candidate_refresh/inputs/national_environment.csv,2026-05-31,100.0,0.2128546890284493,1.0,1.0,False,Manual House polling average from 1 poll(s): FM3 Research,0.105,0.895,-3.457814875,5.5990625,0.3597838361983873,0.3215589220538973,-3.401499746270308,0.3144749999999999,Only R matched,,Ann Wagner,0.0,-0.599,Only R matched,0.0,0.0,0,,
MO,3,MO-3,Midwest,Rural,High,Very High,Low,Low,Unknown,High College / Very High White,High College / Very High White / Low Black / Low Hispanic / Unknown Income,standard,D_vs_R,,,MO,Midwest,Rural,0.0,"Onder, Bob",R,R,R,True,False,"Mann, Bethany","Onder, Bob",,True,False,False,True,-26.700000000000003,-26.1,-18.4,-26.826,1.0,,5.8500000000000005,5.8500000000000005,-1.5,1.6937878787878788,0.0,-20.78221212121212,,0,False,-20.78221212121212,0.0026248687565621,,-26.826,0.8,-0.2,0.05,0.6500000000000001,District type base: Rural=0.80. Partisan baseline adjustment: -0.20. Region adjustment: Midwest=+0.05. No manual override. Final elasticity: 0.65.,0.6500000000000001,-1.5,4.52,-25.200000000000003,-30.62,5.8500000000000005,1.0,5.8500000000000005,1.5,1,1,0.0,0.0,0,Poll spillover active but signal file missing,House fundamentals calculated as 70%*2024 presidential margin + 30%*2020 presidential margin + national environment * district elasticity + state environment adjustment + incumbency + candidate quality + candidate event adjustment + special adjustment.,/Users/benyelin/Desktop/Desktop - Ben’s MacBook Air/senate_model_python_Q1_auto_calendar_candidate_refresh/inputs/national_environment.csv,,,0.0,0.0,0.0,False,,0.0,1.0,-20.78221212121212,5.75,0.0303628525763374,0.0026248687565621,-20.79360619085097,1.6937878787878788,Both matched,Bethany Mann,Bob Onder,1.21969696969697,-1.2,Both matched,0.0,0.0,0,,
MO,4,MO-4,Midwest,Rural,Medium,Very High,Low,Low,Unknown,Medium College / Very High White,Medium College / Very High White / Low Black / Low Hispanic / Unknown Income,standard,D_vs_R,,,MO,Midwest,Rural,0.0,"Alford, Mark",R,R,R,True,False,"Herrera, Jordan","Alford, Mark",,True,False,False,True,-42.10000000000001,-39.599999999999994,-33.80000000000001,-41.656000000000006,1.0,,5.8500000000000005,5.8500000000000005,-1.5,-0.453409090909091,0.0,-37.759409090909095,,0,False,-37.759409090909095,2.499875006249687e-05,,-41.656000000000006,0.8,-0.2,0.05,0.6500000000000001,District type base: Rural=0.80. Partisan baseline adjustment: -0.20. Region adjustment: Midwest=+0.05. No manual override. Final elasticity: 0.65.,0.6500000000000001,-1.5,4.52,-40.60000000000001,-44.11999999999999,5.8500000000000005,1.0,5.8500000000000005,1.5,1,1,0.0,0.0,0,Poll spillover active but signal file missing,House fundamentals calculated as 70%*2024 presidential margin + 30%*2020 presidential margin + national environment * district elasticity + state environment adjustment + incumbency + candidate quality + candidate event adjustment + special adjustment.,/Users/benyelin/Desktop/Desktop - Ben’s MacBook Air/senate_model_python_Q1_auto_calendar_candidate_refresh/inputs/national_environment.csv,,,0.0,0.0,0.0,False,,0.0,1.0,-37.759409090909095,5.75,0.0018453581309935,2.499875006249687e-05,-37.72431932053588,-0.453409090909091,Only R matched,,Mark Alford,0.0,0.8636363636363638,Only R matched,0.0,0.0,0,,
MO,5,MO-5,Midwest,Rural,Low,High,Medium,Low,Unknown,Low College / High White,Low College / High White / Medium Black / Low Hispanic / Unknown Income,standard,D_vs_R,,,MO,Midwest,Rural,0.0,"Cleaver, Emanuel",D,D,D,True,False,"Cleaver, Emanuel ","Brattin, Rick",,False,True,True,False,23.4,26.40000000000001,31.7,23.994,1.0,,5.8500000000000005,5.8500000000000005,1.5,-0.02835,0.0,31.31565,,0,False,31.31565,0.9999750012499375,,23.994,0.8,-0.1,0.05,0.7500000000000001,District type base: Rural=0.80. Partisan baseline adjustment: -0.10. Region adjustment: Midwest=+0.05. No manual override. Final elasticity: 0.75.,0.7500000000000001,-1.5,4.52,24.9,21.88000000000001,5.8500000000000005,1.0,5.8500000000000005,1.5,1,1,0.0,0.0,0,Poll spillover active but signal file missing,House fundamentals calculated as 70%*2024 presidential margin + 30%*2020 presidential margin + national environment * district elasticity + state environment adjustment + incumbency + candidate quality + candidate event adjustment + special adjustment.,/Users/benyelin/Desktop/Desktop - Ben’s MacBook Air/senate_model_python_Q1_auto_calendar_candidate_refresh/inputs/national_environment.csv,,,0.0,0.0,0.0,False,,0.0,1.0,31.31565,5.75,0.9946178731768937,0.9999750012499375,31.364310132932495,-0.02835,Only D matched,Emanuel Cleaver,,-0.054,0.0,Only D matched,0.0,0.0,0,,
MO,6,MO-6,Midwest,Rural,Medium,Very High,Low,Low,Unknown,Medium College / Very High White,Medium College / Very High White / Low Black / Low Hispanic / Unknown Income,standard,D_vs_R,,,MO,Midwest,Rural,0.0,"Graves, Sam",R,R,R,False,True,"Smead, Josh","Stigall, Chris",,True,True,False,False,-38.599999999999994,-37.1,-30.299999999999994,-38.456,1.0,,5.8500000000000005,5.8500000000000005,0.0,0.0,0.0,-32.605999999999995,,0,False,-32.605999999999995,2.499875006249687e-05,,-38.456,0.8,-0.2,0.05,0.6500000000000001,District type base: Rural=0.80. Partisan baseline adjustment: -0.20. Region adjustment: Midwest=+0.05. No manual override. Final elasticity: 0.65.,0.6500000000000001,-1.5,4.52,-37.099999999999994,-41.620000000000005,5.8500000000000005,1.0,5.8500000000000005,1.5,1,1,0.0,0.0,0,Poll spillover active but signal file missing,House fundamentals calculated as 70%*2024 presidential margin + 30%*2020 presidential margin + national environment * district elasticity + state environment adjustment + incumbency + candidate quality + candidate event adjustment + special adjustment.,/Users/benyelin/Desktop/Desktop - Ben’s MacBook Air/senate_model_python_Q1_auto_calendar_candidate_refresh/inputs/national_environment.csv,,,0.0,0.0,0.0,False,,0.0,1.0,-32.605999999999995,5.75,0.0043451804894405,2.499875006249687e-05,-32.64017917434906,0.0,Neither matched,,,0.0,0.0,Neither matched,0.0,0.0,0,,
MO,7,MO-7,Midwest,Rural,Medium,Very High,Low,Low,Unknown,Medium College / Very High White,Medium College / Very High White / Low Black / Low Hispanic / Unknown Income,standard,D_vs_R,,,MO,Midwest,Rural,0.0,"Burlison, Eric",R,R,R,True,False,"Hesketh, Missi","Burlison, Eric",,True,False,False,True,-42.6,-41.4,-34.300000000000004,-42.546,1.0,,5.8500000000000005,5.8500000000000005,-1.5,-0.1124242424242424,0.0,-38.30842424242424,,0,False,-38.30842424242424,2.499875006249687e-05,,-42.546,0.8,-0.2,0.05,0.6500000000000001,District type base: Rural=0.80. Partisan baseline adjustment: -0.20. Region adjustment: Midwest=+0.05. No manual override. Final elasticity: 0.65.,0.6500000000000001,-1.5,4.52,-41.1,-45.92,5.8500000000000005,1.0,5.8500000000000005,1.5,1,1,0.0,0.0,0,Poll spillover active but signal file missing,House fundamentals calculated as 70%*2024 presidential margin + 30%*2020 presidential margin + national environment * district elasticity + state environment adjustment + incumbency + candidate quality + candidate event adjustment + special adjustment.,/Users/benyelin/Desktop/Desktop - Ben’s MacBook Air/senate_model_python_Q1_auto_calendar_candidate_refresh/inputs/national_environment.csv,,,0.0,0.0,0.0,False,,0.0,1.0,-38.30842424242424,5.75,0.0016842699659637,2.499875006249687e-05,-38.30634359136088,-0.1124242424242424,Both matched,Missi Hesketh,Eric Burlison,-0.1,0.0606060606060606,Both matched,0.0,0.0,0,,
MO,8,MO-8,Midwest,Rural,Low,Very High,Low,Low,Unknown,Low College / Very High White,Low College / Very High White / Low Black / Low Hispanic / Unknown Income,standard,D_vs_R,,,MO,Midwest,Rural,0.0,"Smith, Jason",R,R,R,True,False,"Reichard, Chris","Smith, Jason",,True,False,False,True,-53.9,-51.3,-45.6,-53.426,1.0,,5.8500000000000005,5.8500000000000005,-1.5,0.4499999999999999,0.0,-48.626,,0,False,-48.626,2.499875006249687e-05,,-53.426,0.8,-0.2,0.05,0.6500000000000001,District type base: Rural=0.80. Partisan baseline adjustment: -0.20. Region adjustment: Midwest=+0.05. No manual override. Final elasticity: 0.65.,0.6500000000000001,-1.5,4.52,-52.4,-55.81999999999999,5.8500000000000005,1.0,5.8500000000000005,1.5,1,1,0.0,0.0,0,Poll spillover active but signal file missing,House fundamentals calculated as 70%*2024 presidential margin + 30%*2020 presidential margin + national environment * district elasticity + state environment adjustment + incumbency + candidate quality + candidate event adjustment + special adjustment.,/Users/benyelin/Desktop/Desktop - Ben’s MacBook Air/senate_model_python_Q1_auto_calendar_candidate_refresh/inputs/national_environment.csv,,,0.0,0.0,0.0,False,,0.0,1.0,-48.626,5.75,0.0003021353342478,2.499875006249687e-05,-48.64696015849287,0.4499999999999999,Only R matched,,Jason Smith,0.0,-0.8571428571428571,Only R matched,0.0,0.0,0,,
MT,1,MT-1,Mountain West,Rural,High,Very High,Low,Low,Unknown,High College / Very High White,High College / Very High White / Low Black / Low Hispanic / Unknown Income,standard,D_vs_R,,,MT,Mountain West,Rural,0.0,"Zinke, Ryan",R,R,R,False,True,"Forstag, Sam","Flint, Aaron",,True,True,False,False,-11.5,-7.200000000000003,-3.2,-10.516,1.0,,5.8500000000000005,5.8500000000000005,0.0,0.0,0.0,-4.6659999999999995,-1.539642582527483,3,True,-3.701164665949801,0.3132593370331483,,-10.516,0.8,0.0,0.0,0.8,District type base: Rural=0.80. Partisan baseline adjustment: +0.00. Region adjustment: Mountain West=+0.00. No manual override. Final elasticity: 0.80.,0.8,-1.5,4.52,-10.0,-11.720000000000002,5.8500000000000005,1.0,5.8500000000000005,1.5,1,1,0.0,0.0,0,Poll spillover active but signal file missing,House fundamentals calculated as 70%*2024 presidential margin + 30%*2020 presidential margin + national environment * district elasticity + state environment adjustment + incumbency + candidate quality + candidate event adjustment + special adjustment.,/Users/benyelin/Desktop/Desktop - Ben’s MacBook Air/senate_model_python_Q1_auto_calendar_candidate_refresh/inputs/national_environment.csv,2026-06-25,92.0,0.6015864660705076,2.748391217045524,0.7954844637867856,False,"Manual House polling average from 3 poll(s): Impact Research, Impact Research, Upswing Research",0.3086132534488695,0.6913867465511305,-3.701164665949801,5.30636844816725,0.3504957547942228,0.3132593370331483,-3.6507312838821337,0.0,Neither matched,,,0.0,0.0,Neither matched,0.0,0.0,0,,
MT,2,MT-2,Mountain West,Rural,Medium,Very High,Low,Low,Unknown,Medium College / Very High White,Medium College / Very High White / Low Black / Low Hispanic / Unknown Income,standard,D_vs_R,,,MT,Mountain West,Rural,0.0,"Downing, Troy",R,R,R,True,False,"Miller, Brian","Downing, Troy",,True,False,False,True,-29.5,-26.90000000000001,-21.2,-29.026,1.0,,5.8500000000000005,5.8500000000000005,-1.5,0.0,0.0,-24.676,,0,False,-24.676,0.0003749812509374,,-29.026,0.8,-0.2,0.0,0.6000000000000001,District type base: Rural=0.80. Partisan baseline adjustment: -0.20. Region adjustment: Mountain West=+0.00. No manual override. Final elasticity: 0.60.,0.6000000000000001,-1.5,4.52,-28.0,-31.42000000000001,5.8500000000000005,1.0,5.8500000000000005,1.5,1,1,0.0,0.0,0,Poll spillover active but signal file missing,House fundamentals calculated as 70%*2024 presidential margin + 30%*2020 presidential margin + national environment * district elasticity + state environment adjustment + incumbency + candidate quality + candidate event adjustment + special adjustment.,/Users/benyelin/Desktop/Desktop - Ben’s MacBook Air/senate_model_python_Q1_auto_calendar_candidate_refresh/inputs/national_environment.csv,,,0.0,0.0,0.0,False,,0.0,1.0,-24.676,5.75,0.0161006071446186,0.0003749812509374,-24.721954497291335,0.0,Only R matched,,Troy Downing,0.0,0.0,Only R matched,0.0,0.0,0,,
NE,1,NE-1,Great Plains,Rural,Medium,Very High,Low,Low,Unknown,Medium College / Very High White,Medium College / Very High White / Low Black / Low Hispanic / Unknown Income,standard,D_vs_R,,,NE,Great Plains,Rural,0.0,"Flood, Mike",R,R,R,True,False,"Backemeyer, Chris","Flood, Mike",,True,False,False,True,-13.1,-11.0,-4.8,-12.776,1.0,,5.8500000000000005,5.8500000000000005,-1.5,-0.2672727272727273,0.0,-8.693272727272726,-7.0,1,True,-8.51547909090909,0.1252187390630468,,-12.776,0.8,0.0,-0.05,0.75,District type base: Rural=0.80. Partisan baseline adjustment: +0.00. Region adjustment: Great Plains=-0.05. No manual override. Final elasticity: 0.75.,0.75,-1.5,4.52,-11.6,-15.52,5.8500000000000005,1.0,5.8500000000000005,1.5,1,1,0.0,0.0,0,Poll spillover active but signal file missing,House fundamentals calculated as 70%*2024 presidential margin + 30%*2020 presidential margin + national environment * district elasticity + state environment adjustment + incumbency + candidate quality + candidate event adjustment + special adjustment.,/Users/benyelin/Desktop/Desktop - Ben’s MacBook Air/senate_model_python_Q1_auto_calendar_candidate_refresh/inputs/national_environment.csv,2026-05-11,120.0,0.1332809013388345,1.0,1.0,False,Manual House polling average from 1 poll(s): Zenith Research,0.105,0.895,-8.51547909090909,5.5990625,0.1947797334213672,0.1252187390630468,-8.511275126643605,-0.2672727272727273,Only R matched,,Mike Flood,0.0,0.5090909090909091,Only R matched,0.0,0.0,0,,
NE,2,NE-2,Great Plains,Suburban,High,High,Medium,Low,Unknown,High College / High White,High College / High White / Medium Black / Low Hispanic / Unknown Income,standard,D_vs_R,,,NE,Great Plains,Suburban,0.0,"Bacon, Don",R,R,R,False,True,"Powell, Denise","Harding, Brinker",,True,True,False,False,4.6,6.400000000000006,12.9,4.834000000000001,1.0,,5.8500000000000005,5.8500000000000005,0.0,0.0,0.0,10.684,,0,False,10.684,0.9282285885705714,,4.834000000000001,1.1,0.1,-0.05,1.15,District type base: Suburban=1.10. Partisan baseline adjustment: +0.10. Region adjustment: Great Plains=-0.05. No manual override. Final elasticity: 1.15.,1.15,-1.5,4.52,6.1,1.880000000000006,5.8500000000000005,1.0,5.8500000000000005,1.5,1,1,0.0,0.0,0,Poll spillover active but signal file missing,House fundamentals calculated as 70%*2024 presidential margin + 30%*2020 presidential margin + national environment * district elasticity + state environment adjustment + incumbency + candidate quality + candidate event adjustment + special adjustment.,/Users/benyelin/Desktop/Desktop - Ben’s MacBook Air/senate_model_python_Q1_auto_calendar_candidate_refresh/inputs/national_environment.csv,,,0.0,0.0,0.0,False,,0.0,1.0,10.684,5.75,0.855779166216847,0.9282285885705714,10.730218550010225,0.0,Neither matched,,,0.0,0.0,Neither matched,0.0,0.0,0,,
NE,3,NE-3,Great Plains,Rural,Low,Very High,Low,Low,Unknown,Low College / Very High White,Low College / Very High White / Low Black / Low Hispanic / Unknown Income,standard,D_vs_R,,,NE,Great Plains,Rural,0.0,"Smith, Adrian",R,R,R,True,False,"Stille, Becky Kelly","Smith, Adrian",,True,False,False,True,-53.8,-51.8,-45.5,-53.505999999999986,1.0,,5.8500000000000005,5.8500000000000005,-1.5,-1.0120212765957444,0.0,-50.16802127659573,,0,False,-50.16802127659573,2.499875006249687e-05,,-53.505999999999986,0.8,-0.2,-0.05,0.55,District type base: Rural=0.80. Partisan baseline adjustment: -0.20. Region adjustment: Great Plains=-0.05. No manual override. Final elasticity: 0.55.,0.55,-1.5,4.52,-52.3,-56.31999999999999,5.8500000000000005,1.0,5.8500000000000005,1.5,1,1,0.0,0.0,0,Poll spillover active but signal file missing,House fundamentals calculated as 70%*2024 presidential margin + 30%*2020 presidential margin + national environment * district elasticity + state environment adjustment + incumbency + candidate quality + candidate event adjustment + special adjustment.,/Users/benyelin/Desktop/Desktop - Ben’s MacBook Air/senate_model_python_Q1_auto_calendar_candidate_refresh/inputs/national_environment.csv,,,0.0,0.0,0.0,False,,0.0,1.0,-50.16802127659573,5.75,0.0002336770360472,2.499875006249687e-05,-50.16779014548005,-1.0120212765957444,Only R matched,,Adrian Smith,0.0,1.927659574468085,Only R matched,0.0,0.0,0,,
NV,1,NV-1,Mountain West,Mixed,Low,Low,Medium,High,Unknown,Low College / Low White,Low College / Low White / Medium Black / High Hispanic / Unknown Income,standard,D_vs_R,,,NV,Mountain West,Mixed,0.0,"Titus, Dina",D,D,D,True,False,"Titus, Dina","Buck, Carrie",,False,True,True,False,2.3,8.5,10.6,3.854,1.0,,5.8500000000000005,5.8500000000000005,1.5,0.5607,0.0,11.7647,,0,False,11.7647,0.9435278236088196,,3.854,0.95,0.1,0.0,1.05,District type base: Mixed=0.95. Partisan baseline adjustment: +0.10. Region adjustment: Mountain West=+0.00. No manual override. Final elasticity: 1.05.,1.05,-1.5,4.52,3.8,3.98,5.8500000000000005,1.0,5.8500000000000005,1.5,1,1,0.0,0.0,0,Poll spillover active but signal file missing,House fundamentals calculated as 70%*2024 presidential margin + 30%*2020 presidential margin + national environment * district elasticity + state environment adjustment + incumbency + candidate quality + candidate event adjustment + special adjustment.,/Users/benyelin/Desktop/Desktop - Ben’s MacBook Air/senate_model_python_Q1_auto_calendar_candidate_refresh/inputs/national_environment.csv,,,0.0,0.0,0.0,False,,0.0,1.0,11.7647,5.75,0.8766177020664588,0.9435278236088196,11.775408751495211,0.5607,Only D matched,Dina Titus,,1.068,0.0,Only D matched,0.0,0.0,0,,
NV,2,NV-2,Mountain West,Rural,Medium,High,Medium,Medium,Unknown,Medium College / High White,Medium College / High White / Medium Black / Medium Hispanic / Unknown Income,standard,D_vs_R,,,NV,Mountain West,Rural,0.0,"Amodei, Mark",R,R,R,False,True,"Benitez-Thompson, Teresa","Flippo, David",,True,True,False,False,-14.0,-11.0,-5.7,-13.406,1.0,,5.8500000000000005,5.8500000000000005,0.0,0.0,0.0,-7.555999999999998,-1.0237260891343412,2,True,-5.828280852281385,0.2158642067896605,,-13.406,0.8,0.0,0.0,0.8,District type base: Rural=0.80. Partisan baseline adjustment: +0.00. Region adjustment: Mountain West=+0.00. No manual override. Final elasticity: 0.80.,0.8,-1.5,4.52,-12.5,-15.52,5.8500000000000005,1.0,5.8500000000000005,1.5,1,1,0.0,0.0,0,Poll spillover active but signal file missing,House fundamentals calculated as 70%*2024 presidential margin + 30%*2020 presidential margin + national environment * district elasticity + state environment adjustment + incumbency + candidate quality + candidate event adjustment + special adjustment.,/Users/benyelin/Desktop/Desktop - Ben’s MacBook Air/senate_model_python_Q1_auto_calendar_candidate_refresh/inputs/national_environment.csv,2026-08-26,35.5,0.9167411973787524,1.9159175763830216,0.6047452178268683,False,"Manual House polling average from 2 poll(s): Wedgewood, Strategies 360",0.2644896970478777,0.7355103029521223,-5.828280852281385,5.369796060493676,0.2746054961122409,0.2158642067896605,-5.846365647648566,0.0,Neither matched,,,0.0,0.0,Neither matched,0.0,0.0,0,,
NV,3,NV-3,Mountain West,Mixed,Medium,Medium,Medium,Medium,Unknown,Medium College / Medium White,Medium College / Medium White / Medium Black / Medium Hispanic / Unknown Income,standard,D_vs_R,,,NV,Mountain West,Mixed,0.0,"Lee, Susie",D,D,D,True,False,"Lee, Susie","O'Donnell, Marty",,False,True,True,False,-0.7,6.699999999999996,7.6,1.2139999999999986,1.0,,5.8500000000000005,5.8500000000000005,1.5,0.535842391304348,0.0,9.099842391304348,,0,False,9.099842391304348,0.8904304784760761,,1.2139999999999986,0.95,0.1,0.0,1.05,District type base: Mixed=0.95. Partisan baseline adjustment: +0.10. Region adjustment: Mountain West=+0.00. No manual override. Final elasticity: 1.05.,1.05,-1.5,4.52,0.8,2.179999999999996,5.8500000000000005,1.0,5.8500000000000005,1.5,1,1,0.0,0.0,0,Poll spillover active but signal file missing,House fundamentals calculated as 70%*2024 presidential margin + 30%*2020 presidential margin + national environment * district elasticity + state environment adjustment + incumbency + candidate quality + candidate event adjustment + special adjustment.,/Users/benyelin/Desktop/Desktop - Ben’s MacBook Air/senate_model_python_Q1_auto_calendar_candidate_refresh/inputs/national_environment.csv,,,0.0,0.0,0.0,False,,0.0,1.0,9.099842391304348,5.75,0.8200432293431211,0.8904304784760761,9.0909797225737,0.535842391304348,Only D matched,Susie Lee,,1.0206521739130436,0.0,Only D matched,0.0,0.0,0,,
NV,4,NV-4,Mountain West,Mixed,Low,Low,Medium,High,Unknown,Low College / Low White,Low College / Low White / Medium Black / High Hispanic / Unknown Income,standard,D_vs_R,,,NV,Mountain West,Mixed,0.0,"Horsford, Steven",D,D,D,True,False,"Hosford, Steven","Whipple, Cody",,False,True,True,False,2.8,8.200000000000003,11.1,4.114000000000001,1.0,,5.8500000000000005,5.8500000000000005,1.5,0.0,0.0,11.464000000000002,,0,False,11.464000000000002,0.9352782360881956,,4.114000000000001,0.95,0.1,0.0,1.05,District type base: Mixed=0.95. Partisan baseline adjustment: +0.10. Region adjustment: Mountain West=+0.00. No manual override. Final elasticity: 1.05.,1.05,-1.5,4.52,4.3,3.6800000000000033,5.8500000000000005,1.0,5.8500000000000005,1.5,1,1,0.0,0.0,0,Poll spillover active but signal file missing,House fundamentals calculated as 70%*2024 presidential margin + 30%*2020 presidential margin + national environment * district elasticity + state environment adjustment + incumbency + candidate quality + candidate event adjustment + special adjustment.,/Users/benyelin/Desktop/Desktop - Ben’s MacBook Air/senate_model_python_Q1_auto_calendar_candidate_refresh/inputs/national_environment.csv,,,0.0,0.0,0.0,False,,0.0,1.0,11.464000000000002,5.75,0.8710940258581594,0.9352782360881956,11.397692729296852,0.0,Neither matched,,,0.0,0.0,Neither matched,0.0,0.0,0,,
NH,1,NH-1,Northeast,Mixed,High,Very High,Low,Low,Unknown,High College / Very High White,High College / Very High White / Low Black / Low Hispanic / Unknown Income,standard,Unresolved,,,NH,Northeast,Mixed,0.0,"Pappas, Chris",D,D,D,False,True,,,,False,False,False,False,2.0,6.0,10.3,2.8939999999999997,1.0,,5.8500000000000005,5.8500000000000005,0.0,0.0,0.0,8.744,,0,False,8.744,0.8772811359432029,,2.8939999999999997,0.95,0.1,-0.05,1.0,District type base: Mixed=0.95. Partisan baseline adjustment: +0.10. Region adjustment: Northeast=-0.05. No manual override. Final elasticity: 1.00.,1.0,-1.5,4.52,3.5,1.4800000000000004,5.8500000000000005,1.0,5.8500000000000005,1.5,1,1,0.0,0.0,0,Poll spillover active but signal file missing,House fundamentals calculated as 70%*2024 presidential margin + 30%*2020 presidential margin + national environment * district elasticity + state environment adjustment + incumbency + candidate quality + candidate event adjustment + special adjustment.,/Users/benyelin/Desktop/Desktop - Ben’s MacBook Air/senate_model_python_Q1_auto_calendar_candidate_refresh/inputs/national_environment.csv,,,0.0,0.0,0.0,False,,0.0,1.0,8.744,5.75,0.8111244762021099,0.8772811359432029,8.749296676178492,0.0,Neither matched,,,0.0,0.0,Neither matched,0.0,0.0,0,,
NH,2,NH-2,Northeast,Mixed,High,Very High,Low,Low,Unknown,High College / Very High White,High College / Very High White / Low Black / Low Hispanic / Unknown Income,standard,Unresolved,,,NH,Northeast,Mixed,0.0,"Goodlander, Maggie",D,D,D,False,True,,,,False,False,False,False,3.6,8.899999999999999,11.9,4.883999999999999,1.0,,5.8500000000000005,5.8500000000000005,0.0,0.0,0.0,10.733999999999998,,0,False,10.733999999999998,0.9266786660666968,,4.883999999999999,0.95,0.1,-0.05,1.0,District type base: Mixed=0.95. Partisan baseline adjustment: +0.10. Region adjustment: Northeast=-0.05. No manual override. Final elasticity: 1.00.,1.0,-1.5,4.52,5.1,4.379999999999999,5.8500000000000005,1.0,5.8500000000000005,1.5,1,1,0.0,0.0,0,Poll spillover active but signal file missing,House fundamentals calculated as 70%*2024 presidential margin + 30%*2020 presidential margin + national environment * district elasticity + state environment adjustment + incumbency + candidate quality + candidate event adjustment + special adjustment.,/Users/benyelin/Desktop/Desktop - Ben’s MacBook Air/senate_model_python_Q1_auto_calendar_candidate_refresh/inputs/national_environment.csv,,,0.0,0.0,0.0,False,,0.0,1.0,10.733999999999998,5.75,0.8568046298349165,0.9266786660666968,10.82445220353152,0.0,Neither matched,,,0.0,0.0,Neither matched,0.0,0.0,0,,
NJ,1,NJ-1,Mid-Atlantic,Mixed,Medium,High,Medium,Low,Unknown,Medium College / High White,Medium College / High White / Medium Black / Low Hispanic / Unknown Income,standard,D_vs_R,,,NJ,Mid-Atlantic,Mixed,0.0,"Norcross, Donald",D,D,D,True,False,"Norcross, Donald","Galdo, Damon",,False,True,True,False,18.7,24.4,27.0,20.104,1.0,,5.8500000000000005,5.8500000000000005,1.5,-0.4315499999999999,0.0,27.02245,,0,False,27.02245,0.9998750062496876,,20.104,0.95,-0.1,0.0,0.85,District type base: Mixed=0.95. Partisan baseline adjustment: -0.10. Region adjustment: Mid-Atlantic=+0.00. No manual override. Final elasticity: 0.85.,0.85,-1.5,4.52,20.2,19.88,5.8500000000000005,1.0,5.8500000000000005,1.5,1,1,0.0,0.0,0,Poll spillover active but signal file missing,House fundamentals calculated as 70%*2024 presidential margin + 30%*2020 presidential margin + national environment * district elasticity + state environment adjustment + incumbency + candidate quality + candidate event adjustment + special adjustment.,/Users/benyelin/Desktop/Desktop - Ben’s MacBook Air/senate_model_python_Q1_auto_calendar_candidate_refresh/inputs/national_environment.csv,,,0.0,0.0,0.0,False,,0.0,1.0,27.02245,5.75,0.9890536408749948,0.9998750062496876,26.958371072643523,-0.4315499999999999,Only D matched,Donald Norcross,,-0.8219999999999998,0.0,Only D matched,0.0,0.0,0,,
NJ,2,NJ-2,Mid-Atlantic,Rural,Medium,High,Medium,Low,Unknown,Medium College / High White,Medium College / High White / Medium Black / Low Hispanic / Unknown Income,standard,D_vs_R,,,NJ,Mid-Atlantic,Rural,0.0,"Van Drew, Jeff",R,R,R,True,False,"Mullock, Zach","Van Drew, Jeff",,True,False,False,True,-12.6,-5.0,-4.3,-10.626,1.0,,5.8500000000000005,5.8500000000000005,-1.5,-0.6005487804878049,0.0,-6.876548780487804,,0,False,-6.876548780487804,0.17971601419929,,-10.626,0.8,0.0,0.0,0.8,District type base: Rural=0.80. Partisan baseline adjustment: +0.00. Region adjustment: Mid-Atlantic=+0.00. No manual override. Final elasticity: 0.80.,0.8,-1.5,4.52,-11.1,-9.52,5.8500000000000005,1.0,5.8500000000000005,1.5,1,1,0.0,0.0,0,Poll spillover active but signal file missing,House fundamentals calculated as 70%*2024 presidential margin + 30%*2020 presidential margin + national environment * district elasticity + state environment adjustment + incumbency + candidate quality + candidate event adjustment + special adjustment.,/Users/benyelin/Desktop/Desktop - Ben’s MacBook Air/senate_model_python_Q1_auto_calendar_candidate_refresh/inputs/national_environment.csv,,,0.0,0.0,0.0,False,,0.0,1.0,-6.876548780487804,5.75,0.2412037171698815,0.17971601419929,-6.8672280345460806,-0.6005487804878049,Only R matched,,Jeff Van Drew,0.0,1.1439024390243904,Only R matched,0.0,0.0,0,,
NJ,3,NJ-3,Mid-Atlantic,Mixed,High,High,Medium,Low,Unknown,High College / High White,High College / High White / Medium Black / Low Hispanic / Unknown Income,standard,D_vs_R,,,NJ,Mid-Atlantic,Mixed,0.0,"Conaway, Herb",D,D,D,True,False,"Conaway, Herb","McGuire, Michael",,False,True,True,False,8.4,14.1,16.7,9.804,1.0,,5.8500000000000005,5.8500000000000005,1.5,0.3674999999999999,0.0,17.5215,,0,False,17.5215,0.9905254737263136,,9.804,0.95,0.0,0.0,0.95,District type base: Mixed=0.95. Partisan baseline adjustment: +0.00. Region adjustment: Mid-Atlantic=+0.00. No manual override. Final elasticity: 0.95.,0.95,-1.5,4.52,9.9,9.58,5.8500000000000005,1.0,5.8500000000000005,1.5,1,1,0.0,0.0,0,Poll spillover active but signal file missing,House fundamentals calculated as 70%*2024 presidential margin + 30%*2020 presidential margin + national environment * district elasticity + state environment adjustment + incumbency + candidate quality + candidate event adjustment + special adjustment.,/Users/benyelin/Desktop/Desktop - Ben’s MacBook Air/senate_model_python_Q1_auto_calendar_candidate_refresh/inputs/national_environment.csv,,,0.0,0.0,0.0,False,,0.0,1.0,17.5215,5.75,0.9488384364592648,0.9905254737263136,17.519384276052076,0.3674999999999999,Only D matched,Herb Conaway,,0.7,0.0,Only D matched,0.0,0.0,0,,
NJ,4,NJ-4,Mid-Atlantic,Mixed,High,Very High,Low,Low,Unknown,High College / Very High White,High College / Very High White / Low Black / Low Hispanic / Unknown Income,standard,D_vs_R,,,NJ,Mid-Atlantic,Mixed,0.0,"Smith, Chris",R,R,R,True,False,"Peace, Rachel","Smith, Chris",,True,False,False,True,-30.1,-22.5,-21.8,-28.126,1.0,,5.8500000000000005,5.8500000000000005,-1.5,-1.2746999999999995,0.0,-25.050699999999996,,0,False,-25.050699999999996,0.0004249787510624,,-28.126,0.95,-0.2,0.0,0.75,District type base: Mixed=0.95. Partisan baseline adjustment: -0.20. Region adjustment: Mid-Atlantic=+0.00. No manual override. Final elasticity: 0.75.,0.75,-1.5,4.52,-28.6,-27.02,5.8500000000000005,1.0,5.8500000000000005,1.5,1,1,0.0,0.0,0,Poll spillover active but signal file missing,House fundamentals calculated as 70%*2024 presidential margin + 30%*2020 presidential margin + national environment * district elasticity + state environment adjustment + incumbency + candidate quality + candidate event adjustment + special adjustment.,/Users/benyelin/Desktop/Desktop - Ben’s MacBook Air/senate_model_python_Q1_auto_calendar_candidate_refresh/inputs/national_environment.csv,,,0.0,0.0,0.0,False,,0.0,1.0,-25.050699999999996,5.75,0.0151406349799669,0.0004249787510624,-25.043480769250863,-1.2746999999999995,Only R matched,,Chris Smith,0.0,2.428,Only R matched,0.0,0.0,0,,
NJ,5,NJ-5,Mid-Atlantic,Mixed,Very High,High,Low,Low,Unknown,Very High College / High White,Very High College / High White / Low Black / Low Hispanic / Unknown Income,standard,D_vs_R,,,NJ,Mid-Atlantic,Mixed,0.0,"Gottheimer, Josh",D,D,D,True,False,"Gottheimer, Josh","Kirrane, Sean",,False,True,True,False,1.8,12.4,10.1,4.6739999999999995,1.0,,5.8500000000000005,5.8500000000000005,1.5,1.2407142857142857,0.0,13.264714285714287,,0,False,13.264714285714287,0.9594270286485675,,4.6739999999999995,0.95,0.1,0.0,1.05,District type base: Mixed=0.95. Partisan baseline adjustment: +0.10. Region adjustment: Mid-Atlantic=+0.00. No manual override. Final elasticity: 1.05.,1.05,-1.5,4.52,3.3,7.880000000000001,5.8500000000000005,1.0,5.8500000000000005,1.5,1,1,0.0,0.0,0,Poll spillover active but signal file missing,House fundamentals calculated as 70%*2024 presidential margin + 30%*2020 presidential margin + national environment * district elasticity + state environment adjustment + incumbency + candidate quality + candidate event adjustment + special adjustment.,/Users/benyelin/Desktop/Desktop - Ben’s MacBook Air/senate_model_python_Q1_auto_calendar_candidate_refresh/inputs/national_environment.csv,,,0.0,0.0,0.0,False,,0.0,1.0,13.264714285714287,5.75,0.9012138989819264,0.9594270286485675,13.187099532221175,1.2407142857142857,Only D matched,Josh Gottheimer,,2.363265306122449,0.0,Only D matched,0.0,0.0,0,,
NJ,6,NJ-6,Mid-Atlantic,Suburban,High,Low,Medium,Medium,Unknown,High College / Low White,High College / Low White / Medium Black / Medium Hispanic / Unknown Income,standard,D_vs_R,,,NJ,Mid-Atlantic,Suburban,0.0,"Pallone, Frank",D,D,D,True,False,"Pallone, Frank","Herzig, Hillary",,False,True,True,False,6.4,19.700000000000003,14.7,10.084,1.0,,5.8500000000000005,5.8500000000000005,1.5,0.8053499999999999,0.0,18.23935,,0,False,18.23935,0.9920253987300636,,10.084,1.1,0.0,0.0,1.1,District type base: Suburban=1.10. Partisan baseline adjustment: +0.00. Region adjustment: Mid-Atlantic=+0.00. No manual override. Final elasticity: 1.10.,1.1,-1.5,4.52,7.9,15.180000000000003,5.8500000000000005,1.0,5.8500000000000005,1.5,1,1,0.0,0.0,0,Poll spillover active but signal file missing,House fundamentals calculated as 70%*2024 presidential margin + 30%*2020 presidential margin + national environment * district elasticity + state environment adjustment + incumbency + candidate quality + candidate event adjustment + special adjustment.,/Users/benyelin/Desktop/Desktop - Ben’s MacBook Air/senate_model_python_Q1_auto_calendar_candidate_refresh/inputs/national_environment.csv,,,0.0,0.0,0.0,False,,0.0,1.0,18.23935,5.75,0.9543441092095862,0.9920253987300636,18.287283446259018,0.8053499999999999,Only D matched,Frank Pallone,,1.534,0.0,Only D matched,0.0,0.0,0,,
NJ,7,NJ-7,Mid-Atlantic,Suburban,Very High,High,Low,Low,Unknown,Very High College / High White,Very High College / High White / Low Black / Low Hispanic / Unknown Income,standard,D_vs_R,,,NJ,Mid-Atlantic,Suburban,0.0,"Kean, Tom",R,R,R,True,False,"Bennett, Rebecca","Kean, Tom",,True,False,False,True,-1.2,3.6000000000000014,7.1,-0.0659999999999993,1.0,,5.8500000000000005,5.8500000000000005,-1.5,-0.5518902439024391,0.0,3.732109756097562,4.0,2,True,3.783818748996916,0.691890405479726,,-0.0659999999999993,1.1,0.1,0.0,1.2000000000000002,District type base: Suburban=1.10. Partisan baseline adjustment: +0.10. Region adjustment: Mid-Atlantic=+0.00. No manual override. Final elasticity: 1.20.,1.2000000000000002,-1.5,4.52,0.3,-0.9199999999999982,5.8500000000000005,1.0,5.8500000000000005,1.5,1,1,0.0,0.0,0,Poll spillover active but signal file missing,House fundamentals calculated as 70%*2024 presidential margin + 30%*2020 presidential margin + national environment * district elasticity + state environment adjustment + incumbency + candidate quality + candidate event adjustment + special adjustment.,/Users/benyelin/Desktop/Desktop - Ben’s MacBook Air/senate_model_python_Q1_auto_calendar_candidate_refresh/inputs/national_environment.csv,2026-06-26,89.5,0.4234307252642683,1.9202634693583416,1.0,False,"Manual House polling average from 2 poll(s): Z to A Research, Z to A Research",0.1930230535688548,0.8069769464311451,3.783818748996916,5.472529360494772,0.6526337631398473,0.691890405479726,3.7596912311006463,-0.5518902439024391,Only R matched,,Tom Kean,0.0,1.0512195121951222,Only R matched,0.0,0.0,0,,
NJ,8,NJ-8,Mid-Atlantic,Urban,High,Low,Medium,High,Unknown,High College / Low White,High College / Low White / Medium Black / High Hispanic / Unknown Income,standard,uncontested,,,NJ,Mid-Atlantic,Urban,0.0,"Menendez, Rob",D,D,D,True,False,"Menendez, Rob",,,False,False,True,False,24.2,44.8,32.5,30.074,1.0,,5.8500000000000005,5.8500000000000005,1.5,0.1662500000000001,0.0,37.59025,,0,False,37.59025,0.9999750012499375,,30.074,0.7,-0.2,0.0,0.55,District type base: Urban=0.70. Partisan baseline adjustment: -0.20. Region adjustment: Mid-Atlantic=+0.00. No manual override. Final elasticity: 0.55.,0.55,-1.5,4.52,25.7,40.28,5.8500000000000005,1.0,5.8500000000000005,1.5,1,1,0.0,0.0,0,Poll spillover active but signal file missing,House fundamentals calculated as 70%*2024 presidential margin + 30%*2020 presidential margin + national environment * district elasticity + state environment adjustment + incumbency + candidate quality + candidate event adjustment + special adjustment.,/Users/benyelin/Desktop/Desktop - Ben’s MacBook Air/senate_model_python_Q1_auto_calendar_candidate_refresh/inputs/national_environment.csv,,,0.0,0.0,0.0,False,,0.0,1.0,37.59025,5.75,0.9981019751668554,0.9999750012499375,37.569084233708985,0.1662500000000001,Only D matched,Rob Menendez Jr.,,0.3166666666666669,0.0,Only D matched,0.0,0.0,0,,
NJ,9,NJ-9,Mid-Atlantic,Suburban,Medium,Low,Medium,High,Unknown,Medium College / Low White,Medium College / Low White / Medium Black / High Hispanic / Unknown Income,standard,D_vs_R,,,NJ,Mid-Atlantic,Suburban,0.0,"Pou, Nellie",D,D,D,True,False,"Pou, Nellie","Pino, Rosemary",,False,True,True,False,-1.1,19.0,7.199999999999999,4.6240000000000006,1.0,,5.8500000000000005,5.8500000000000005,1.5,0.63,0.0,12.604,,0,False,12.604,0.9542272886355684,,4.6240000000000006,1.1,0.1,0.0,1.2000000000000002,District type base: Suburban=1.10. Partisan baseline adjustment: +0.10. Region adjustment: Mid-Atlantic=+0.00. No manual override. Final elasticity: 1.20.,1.2000000000000002,-1.5,4.52,0.3999999999999999,14.48,5.8500000000000005,1.0,5.8500000000000005,1.5,1,1,0.0,0.0,0,Poll spillover active but signal file missing,House fundamentals calculated as 70%*2024 presidential margin + 30%*2020 presidential margin + national environment * district elasticity + state environment adjustment + incumbency + candidate quality + candidate event adjustment + special adjustment.,/Users/benyelin/Desktop/Desktop - Ben’s MacBook Air/senate_model_python_Q1_auto_calendar_candidate_refresh/inputs/national_environment.csv,,,0.0,0.0,0.0,False,,0.0,1.0,12.604,5.75,0.8909679583901576,0.9542272886355684,12.593453236655476,0.63,Only D matched,Nellie Pou,,1.2,0.0,Only D matched,0.0,0.0,0,,
NJ,10,NJ-10,Mid-Atlantic,Urban,Medium,Low,Very High,Medium,Unknown,Medium College / Low White,Medium College / Low White / Very High Black / Medium Hispanic / Unknown Income,standard,D_vs_R,,,NJ,Mid-Atlantic,Urban,0.0,"McIver, LaMonica",D,D,D,True,False,"McIver, LaMonica","Bucco, Carmen",,False,True,True,False,50.8,62.60000000000001,59.099999999999994,54.03399999999999,1.0,,5.8500000000000005,5.8500000000000005,1.5,-1.19,0.0,60.194,,0,False,60.194,0.9999750012499375,,54.03399999999999,0.7,-0.2,0.0,0.55,District type base: Urban=0.70. Partisan baseline adjustment: -0.20. Region adjustment: Mid-Atlantic=+0.00. No manual override. Final elasticity: 0.55.,0.55,-1.5,4.52,52.3,58.08000000000001,5.8500000000000005,1.0,5.8500000000000005,1.5,1,1,0.0,0.0,0,Poll spillover active but signal file missing,House fundamentals calculated as 70%*2024 presidential margin + 30%*2020 presidential margin + national environment * district elasticity + state environment adjustment + incumbency + candidate quality + candidate event adjustment + special adjustment.,/Users/benyelin/Desktop/Desktop - Ben’s MacBook Air/senate_model_python_Q1_auto_calendar_candidate_refresh/inputs/national_environment.csv,,,0.0,0.0,0.0,False,,0.0,1.0,60.194,5.75,0.9999560464554658,0.9999750012499375,60.16548198316829,-1.19,Both matched,LaMonica McIver,Carmen Bucco,-0.85,0.85,Both matched,0.0,0.0,0,,
NJ,11,NJ-11,Mid-Atlantic,Suburban,Very High,High,Low,Medium,Unknown,Very High College / High White,Very High College / High White / Low Black / Medium Hispanic / Unknown Income,standard,D_vs_R,,,NJ,Mid-Atlantic,Suburban,0.0,"Mejia, Anelita",D,D,D,True,False,"Mejia, Analilia","Hathaway, Joe",,False,True,True,False,8.7,16.799999999999997,17.0,10.823999999999998,1.0,,5.8500000000000005,5.8500000000000005,1.5,0.0,0.0,18.174,,0,False,18.174,0.9910754462276886,,10.823999999999998,1.1,0.0,0.0,1.1,District type base: Suburban=1.10. Partisan baseline adjustment: +0.00. Region adjustment: Mid-Atlantic=+0.00. No manual override. Final elasticity: 1.10.,1.1,-1.5,4.52,10.2,12.279999999999998,5.8500000000000005,1.0,5.8500000000000005,1.5,1,1,0.0,0.0,0,Poll spillover active but signal file missing,House fundamentals calculated as 70%*2024 presidential margin + 30%*2020 presidential margin + national environment * district elasticity + state environment adjustment + incumbency + candidate quality + candidate event adjustment + special adjustment.,/Users/benyelin/Desktop/Desktop - Ben’s MacBook Air/senate_model_python_Q1_auto_calendar_candidate_refresh/inputs/national_environment.csv,,,0.0,0.0,0.0,False,,0.0,1.0,18.174,5.75,0.9538671883542208,0.9910754462276886,18.116196030780724,0.0,Neither matched,,,0.0,0.0,Neither matched,0.0,0.0,0,,
NJ,12,NJ-12,Mid-Atlantic,Urban,Very High,Low,Medium,Medium,Unknown,Very High College / Low White,Very High College / Low White / Medium Black / Medium Hispanic / Unknown Income,standard,D_vs_R,,,NJ,Mid-Atlantic,Urban,0.0,"Coleman, Bonnie Watson",D,D,D,False,True,"Hamawy, Adam","Mele, Gregg",,True,True,False,False,23.9,34.3,32.2,26.714,1.0,,5.8500000000000005,5.8500000000000005,0.0,0.0,0.0,32.564,,0,False,32.564,0.9999750012499375,,26.714,0.7,-0.2,0.0,0.55,District type base: Urban=0.70. Partisan baseline adjustment: -0.20. Region adjustment: Mid-Atlantic=+0.00. No manual override. Final elasticity: 0.55.,0.55,-1.5,4.52,25.4,29.78,5.8500000000000005,1.0,5.8500000000000005,1.5,1,1,0.0,0.0,0,Poll spillover active but signal file missing,House fundamentals calculated as 70%*2024 presidential margin + 30%*2020 presidential margin + national environment * district elasticity + state environment adjustment + incumbency + candidate quality + candidate event adjustment + special adjustment.,/Users/benyelin/Desktop/Desktop - Ben’s MacBook Air/senate_model_python_Q1_auto_calendar_candidate_refresh/inputs/national_environment.csv,,,0.0,0.0,0.0,False,,0.0,1.0,32.564,5.75,0.995624430096762,0.9999750012499375,32.501944884152174,0.0,Neither matched,,,0.0,0.0,Neither matched,0.0,0.0,0,,
NM,1,NM-1,Southwest,Mixed,High,Medium,Low,High,Unknown,High College / Medium White,High College / Medium White / Low Black / High Hispanic / Unknown Income,standard,D_vs_R,,,NM,Southwest,Mixed,0.0,"Stansbury, Melanie",D,D,D,True,False,"Stansbury, Melanie","Okpareke, N.E.C.",,False,True,True,False,12.9,14.4,21.2,13.044,1.0,,5.8500000000000005,5.8500000000000005,1.5,-0.5265909090909091,0.0,19.867409090909092,,0,False,19.867409090909092,0.9954252287385632,,13.044,0.95,0.0,0.0,0.95,District type base: Mixed=0.95. Partisan baseline adjustment: +0.00. Region adjustment: Southwest=+0.00. No manual override. Final elasticity: 0.95.,0.95,-1.5,4.52,14.4,9.88,5.8500000000000005,1.0,5.8500000000000005,1.5,1,1,0.0,0.0,0,Poll spillover active but signal file missing,House fundamentals calculated as 70%*2024 presidential margin + 30%*2020 presidential margin + national environment * district elasticity + state environment adjustment + incumbency + candidate quality + candidate event adjustment + special adjustment.,/Users/benyelin/Desktop/Desktop - Ben’s MacBook Air/senate_model_python_Q1_auto_calendar_candidate_refresh/inputs/national_environment.csv,,,0.0,0.0,0.0,False,,0.0,1.0,19.867409090909092,5.75,0.964812227468712,0.9954252287385632,19.809297279924323,-0.5265909090909091,Only D matched,Melanie Stansbury,,-1.0030303030303032,0.0,Only D matched,0.0,0.0,0,,
NM,2,NM-2,Southwest,Rural,Low,Low,Low,Very High,Unknown,Low College / Low White,Low College / Low White / Low Black / Very High Hispanic / Unknown Income,standard,D_vs_R,,,NM,Southwest,Rural,0.0,"Vazquez, Gabriel",D,D,D,True,False,"Vasquez, Gabriel","Cunningham, Greg",,False,True,True,False,-1.9,5.899999999999999,6.4,0.1339999999999997,1.0,,5.8500000000000005,5.8500000000000005,1.5,0.0,0.0,7.484,2.8332901051857444,2,True,6.683486674487053,0.812634368281586,,0.1339999999999997,0.8,0.1,0.0,0.9,District type base: Rural=0.80. Partisan baseline adjustment: +0.10. Region adjustment: Southwest=+0.00. No manual override. Final elasticity: 0.90.,0.9,-1.5,4.52,-0.3999999999999999,1.379999999999999,5.8500000000000005,1.0,5.8500000000000005,1.5,1,1,0.0,0.0,0,Poll spillover active but signal file missing,House fundamentals calculated as 70%*2024 presidential margin + 30%*2020 presidential margin + national environment * district elasticity + state environment adjustment + incumbency + candidate quality + candidate event adjustment + special adjustment.,/Users/benyelin/Desktop/Desktop - Ben’s MacBook Air/senate_model_python_Q1_auto_calendar_candidate_refresh/inputs/national_environment.csv,2026-09-02,69.5,0.9952933093360004,1.3847258866220271,0.8332901051857443,False,"Manual House polling average from 2 poll(s): co/Efficient, Unknown",0.1721271254535903,0.8278728745464097,6.683486674487053,5.502567257160464,0.7528581646601504,0.812634368281586,6.700892168001022,0.0,Neither matched,,,0.0,0.0,Neither matched,0.0,0.0,0,,
NM,3,NM-3,Southwest,Mixed,Low,Low,Low,High,Unknown,Low College / Low White,Low College / Low White / Low Black / High Hispanic / Unknown Income,standard,D_vs_R,,,NM,Southwest,Mixed,0.0,"Fernandez, Teresa Leger",D,D,D,True,False,"Fernandez, Teresa Leger","Zamora, Martin",,False,True,True,False,4.8,10.699999999999996,13.1,6.263999999999998,1.0,,5.8500000000000005,5.8500000000000005,1.5,1.051280487804878,0.0,14.665280487804877,,0,False,14.665280487804877,0.9745762711864406,,6.263999999999998,0.95,0.0,0.0,0.95,District type base: Mixed=0.95. Partisan baseline adjustment: +0.00. Region adjustment: Southwest=+0.00. No manual override. Final elasticity: 0.95.,0.95,-1.5,4.52,6.3,6.179999999999996,5.8500000000000005,1.0,5.8500000000000005,1.5,1,1,0.0,0.0,0,Poll spillover active but signal file missing,House fundamentals calculated as 70%*2024 presidential margin + 30%*2020 presidential margin + national environment * district elasticity + state environment adjustment + incumbency + candidate quality + candidate event adjustment + special adjustment.,/Users/benyelin/Desktop/Desktop - Ben’s MacBook Air/senate_model_python_Q1_auto_calendar_candidate_refresh/inputs/national_environment.csv,,,0.0,0.0,0.0,False,,0.0,1.0,14.665280487804877,5.75,0.9201372578804462,0.9745762711864406,14.633579728363411,1.051280487804878,Only D matched,Teresa Leger Fernandez,,2.0024390243902443,0.0,Only D matched,0.0,0.0,0,,
NY,1,NY-1,Mid-Atlantic,Exurban,High,High,Low,Low,Unknown,High College / High White,High College / High White / Low Black / Low Hispanic / Unknown Income,standard,D_vs_R,,,NY,Mid-Atlantic,Exurban,0.0,"LaLota, Nick",R,R,R,True,False,"Gallant, Christopher","LaLota, Nick",,True,False,False,True,-10.1,-1.8000000000000045,-1.7999999999999998,-7.916,1.0,,5.8500000000000005,5.8500000000000005,-1.5,0.3873863636363636,0.0,-3.1786136363636364,,0,False,-3.1786136363636364,0.3418579071046447,,-7.916,1.0,0.0,0.0,1.0,District type base: Exurban=1.00. Partisan baseline adjustment: +0.00. Region adjustment: Mid-Atlantic=+0.00. No manual override. Final elasticity: 1.00.,1.0,-1.5,4.52,-8.6,-6.320000000000004,5.8500000000000005,1.0,5.8500000000000005,1.5,1,1,0.0,0.0,0,Poll spillover active but signal file missing,House fundamentals calculated as 70%*2024 presidential margin + 30%*2020 presidential margin + national environment * district elasticity + state environment adjustment + incumbency + candidate quality + candidate event adjustment + special adjustment.,/Users/benyelin/Desktop/Desktop - Ben’s MacBook Air/senate_model_python_Q1_auto_calendar_candidate_refresh/inputs/national_environment.csv,,,0.0,0.0,0.0,False,,0.0,1.0,-3.1786136363636364,5.75,0.3705707808627347,0.3418579071046447,-3.1388185997539972,0.3873863636363636,Only R matched,,Nick LaLota,0.0,-0.7378787878787879,Only R matched,0.0,0.0,0,,
NY,2,NY-2,Mid-Atlantic,Exurban,High,Medium,Medium,Medium,Unknown,High College / Medium White,High College / Medium White / Medium Black / Medium Hispanic / Unknown Income,standard,D_vs_R,,,NY,Mid-Atlantic,Exurban,0.0,"Garbarino, Andrew",R,R,R,True,False,"Halpin, Patrick","Garbarino, Andrew",,True,False,False,True,-13.9,-2.3999999999999986,-5.6000000000000005,-10.755999999999998,1.0,,5.8500000000000005,5.8500000000000005,-1.5,-1.0122256097560975,0.0,-7.418225609756096,,0,False,-7.418225609756096,0.1592670366481676,,-10.755999999999998,1.0,0.0,0.0,1.0,District type base: Exurban=1.00. Partisan baseline adjustment: +0.00. Region adjustment: Mid-Atlantic=+0.00. No manual override. Final elasticity: 1.00.,1.0,-1.5,4.52,-12.4,-6.919999999999998,5.8500000000000005,1.0,5.8500000000000005,1.5,1,1,0.0,0.0,0,Poll spillover active but signal file missing,House fundamentals calculated as 70%*2024 presidential margin + 30%*2020 presidential margin + national environment * district elasticity + state environment adjustment + incumbency + candidate quality + candidate event adjustment + special adjustment.,/Users/benyelin/Desktop/Desktop - Ben’s MacBook Air/senate_model_python_Q1_auto_calendar_candidate_refresh/inputs/national_environment.csv,,,0.0,0.0,0.0,False,,0.0,1.0,-7.418225609756096,5.75,0.225068308682578,0.1592670366481676,-7.451204196939804,-1.0122256097560975,Only R matched,,Andrew Garbarino,0.0,1.928048780487805,Only R matched,0.0,0.0,0,,
NY,3,NY-3,Mid-Atlantic,Suburban,Very High,Medium,Low,Low,Unknown,Very High College / Medium White,Very High College / Medium White / Low Black / Low Hispanic / Unknown Income,standard,D_vs_R,,,NY,Mid-Atlantic,Suburban,0.0,"Suozzi, Tom",D,D,D,True,False,"Suozzi, Tom","LePetri, Michael",,False,True,True,False,-4.3,11.299999999999995,4.0,0.0739999999999987,1.0,,5.8500000000000005,5.8500000000000005,1.5,0.5986458333333332,0.0,8.022645833333332,,0,False,8.022645833333332,0.8608319584020799,,0.0739999999999987,1.1,0.1,0.0,1.2000000000000002,District type base: Suburban=1.10. Partisan baseline adjustment: +0.10. Region adjustment: Mid-Atlantic=+0.00. No manual override. Final elasticity: 1.20.,1.2000000000000002,-1.5,4.52,-2.8,6.779999999999996,5.8500000000000005,1.0,5.8500000000000005,1.5,1,1,0.0,0.0,0,Poll spillover active but signal file missing,House fundamentals calculated as 70%*2024 presidential margin + 30%*2020 presidential margin + national environment * district elasticity + state environment adjustment + incumbency + candidate quality + candidate event adjustment + special adjustment.,/Users/benyelin/Desktop/Desktop - Ben’s MacBook Air/senate_model_python_Q1_auto_calendar_candidate_refresh/inputs/national_environment.csv,,,0.0,0.0,0.0,False,,0.0,1.0,8.022645833333332,5.75,0.7920138913136752,0.8608319584020799,8.065202411766894,0.5986458333333332,Only D matched,Tom Suozzi,,1.1402777777777775,0.0,Only D matched,0.0,0.0,0,,
NY,4,NY-4,Mid-Atlantic,Suburban,High,Medium,Medium,Medium,Unknown,High College / Medium White,High College / Medium White / Medium Black / Medium Hispanic / Unknown Income,standard,D_vs_R,,,NY,Mid-Atlantic,Suburban,0.0,"Gillen, Laura",D,D,D,True,False,"Gillen, Laura","Driscoll, Jeanine",,False,True,True,False,1.3,14.5,9.6,4.954,1.0,,5.8500000000000005,5.8500000000000005,1.5,-0.2330681818181817,0.0,12.07093181818182,,0,False,12.07093181818182,0.9476276186190692,,4.954,1.1,0.1,0.0,1.2000000000000002,District type base: Suburban=1.10. Partisan baseline adjustment: +0.10. Region adjustment: Mid-Atlantic=+0.00. No manual override. Final elasticity: 1.20.,1.2000000000000002,-1.5,4.52,2.8,9.98,5.8500000000000005,1.0,5.8500000000000005,1.5,1,1,0.0,0.0,0,Poll spillover active but signal file missing,House fundamentals calculated as 70%*2024 presidential margin + 30%*2020 presidential margin + national environment * district elasticity + state environment adjustment + incumbency + candidate quality + candidate event adjustment + special adjustment.,/Users/benyelin/Desktop/Desktop - Ben’s MacBook Air/senate_model_python_Q1_auto_calendar_candidate_refresh/inputs/national_environment.csv,,,0.0,0.0,0.0,False,,0.0,1.0,12.07093181818182,5.75,0.8820327319399781,0.9476276186190692,12.115784987503092,-0.2330681818181817,Only D matched,Laura Gillen,,-0.4439393939393939,0.0,Only D matched,0.0,0.0,0,,
NY,5,NY-5,Mid-Atlantic,Urban,Medium,Low,Very High,Medium,Unknown,Medium College / Low White,Medium College / Low White / Very High Black / Medium Hispanic / Unknown Income,standard,D_vs_R,,,NY,Mid-Atlantic,Urban,0.0,"Meeks, Gregory",D,D,D,True,False,"Meeks, Gregory","Marsh, George",,False,True,True,False,42.2,62.4,50.5,47.95399999999999,1.0,,5.8500000000000005,5.8500000000000005,1.5,-0.9561363636363636,0.0,54.347863636363634,,0,False,54.347863636363634,0.9999750012499375,,47.95399999999999,0.7,-0.2,0.0,0.55,District type base: Urban=0.70. Partisan baseline adjustment: -0.20. Region adjustment: Mid-Atlantic=+0.00. No manual override. Final elasticity: 0.55.,0.55,-1.5,4.52,43.7,57.879999999999995,5.8500000000000005,1.0,5.8500000000000005,1.5,1,1,0.0,0.0,0,Poll spillover active but signal file missing,House fundamentals calculated as 70%*2024 presidential margin + 30%*2020 presidential margin + national environment * district elasticity + state environment adjustment + incumbency + candidate quality + candidate event adjustment + special adjustment.,/Users/benyelin/Desktop/Desktop - Ben’s MacBook Air/senate_model_python_Q1_auto_calendar_candidate_refresh/inputs/national_environment.csv,,,0.0,0.0,0.0,False,,0.0,1.0,54.347863636363634,5.75,0.9998835552590676,0.9999750012499375,54.341803399297575,-0.9561363636363636,Only D matched,Gregory Meeks,,-1.8212121212121213,0.0,Only D matched,0.0,0.0,0,,
NY,6,NY-6,Mid-Atlantic,Urban,High,Low,Low,Medium,Unknown,High College / Low White,High College / Low White / Low Black / Medium Hispanic / Unknown Income,standard,D_vs_R,,,NY,Mid-Atlantic,Urban,0.0,"Meng, Grace",D,D,D,True,False,"Meng, Grace","Chou, Joseph",,False,True,True,False,6.4,29.299999999999997,14.7,12.964,1.0,,5.8500000000000005,5.8500000000000005,1.5,2.0892613636363637,0.0,22.403261363636364,,0,False,22.403261363636364,0.9982250887455628,,12.964,0.7,0.0,0.0,0.7,District type base: Urban=0.70. Partisan baseline adjustment: +0.00. Region adjustment: Mid-Atlantic=+0.00. No manual override. Final elasticity: 0.70.,0.7,-1.5,4.52,7.9,24.78,5.8500000000000005,1.0,5.8500000000000005,1.5,1,1,0.0,0.0,0,Poll spillover active but signal file missing,House fundamentals calculated as 70%*2024 presidential margin + 30%*2020 presidential margin + national environment * district elasticity + state environment adjustment + incumbency + candidate quality + candidate event adjustment + special adjustment.,/Users/benyelin/Desktop/Desktop - Ben’s MacBook Air/senate_model_python_Q1_auto_calendar_candidate_refresh/inputs/national_environment.csv,,,0.0,0.0,0.0,False,,0.0,1.0,22.403261363636364,5.75,0.9766578784303735,0.9982250887455628,22.31478911190102,2.0892613636363637,Only D matched,Grace Meng,,3.9795454545454545,0.0,Only D matched,0.0,0.0,0,,
NY,7,NY-7,Mid-Atlantic,Urban,High,Low,Medium,High,Unknown,High College / Low White,High College / Low White / Medium Black / High Hispanic / Unknown Income,standard,D_vs_R,,,NY,Mid-Atlantic,Urban,0.0,"Velazquez, Nydia",D,D,D,False,True,"Valdez, Claire","Rivera, Mevlin",,True,True,False,False,45.9,60.10000000000001,54.2,49.854,1.0,,5.8500000000000005,5.8500000000000005,0.0,0.0,0.0,55.704,,0,False,55.704,0.9999750012499375,,49.854,0.7,-0.2,0.0,0.55,District type base: Urban=0.70. Partisan baseline adjustment: -0.20. Region adjustment: Mid-Atlantic=+0.00. No manual override. Final elasticity: 0.55.,0.55,-1.5,4.52,47.4,55.58000000000001,5.8500000000000005,1.0,5.8500000000000005,1.5,1,1,0.0,0.0,0,Poll spillover active but signal file missing,House fundamentals calculated as 70%*2024 presidential margin + 30%*2020 presidential margin + national environment * district elasticity + state environment adjustment + incumbency + candidate quality + candidate event adjustment + special adjustment.,/Users/benyelin/Desktop/Desktop - Ben’s MacBook Air/senate_model_python_Q1_auto_calendar_candidate_refresh/inputs/national_environment.csv,,,0.0,0.0,0.0,False,,0.0,1.0,55.704,5.75,0.9999071098452362,0.9999750012499375,55.68061405754632,0.0,Neither matched,,,0.0,0.0,Neither matched,0.0,0.0,0,,
NY,8,NY-8,Mid-Atlantic,Urban,Medium,Low,Very High,Medium,Unknown,Medium College / Low White,Medium College / Low White / Very High Black / Medium Hispanic / Unknown Income,standard,D_vs_R,,,NY,Mid-Atlantic,Urban,0.0,"Jeffries, Hakeem",D,D,D,True,False,"Jeffries, Hakeem","Mizrahi, Lewis",,False,True,True,False,44.0,55.400000000000006,52.3,47.114,1.0,,5.8500000000000005,5.8500000000000005,1.5,0.0979573170731707,0.0,54.56195731707318,,0,False,54.56195731707318,0.9999750012499375,,47.114,0.7,-0.2,0.0,0.55,District type base: Urban=0.70. Partisan baseline adjustment: -0.20. Region adjustment: Mid-Atlantic=+0.00. No manual override. Final elasticity: 0.55.,0.55,-1.5,4.52,45.5,50.88000000000001,5.8500000000000005,1.0,5.8500000000000005,1.5,1,1,0.0,0.0,0,Poll spillover active but signal file missing,House fundamentals calculated as 70%*2024 presidential margin + 30%*2020 presidential margin + national environment * district elasticity + state environment adjustment + incumbency + candidate quality + candidate event adjustment + special adjustment.,/Users/benyelin/Desktop/Desktop - Ben’s MacBook Air/senate_model_python_Q1_auto_calendar_candidate_refresh/inputs/national_environment.csv,,,0.0,0.0,0.0,False,,0.0,1.0,54.56195731707318,5.75,0.9998876365580092,0.9999750012499375,54.50601191370947,0.0979573170731707,Only D matched,Hakeem Jeffries,,0.1865853658536586,0.0,Only D matched,0.0,0.0,0,,
NY,9,NY-9,Mid-Atlantic,Urban,Medium,Low,Very High,Low,Unknown,Medium College / Low White,Medium College / Low White / Very High Black / Low Hispanic / Unknown Income,standard,D_vs_R,,,NY,Mid-Atlantic,Urban,0.0,"Clarke, Yvette",D,D,D,True,False,"Clarke, Yvette","Anabilah-Azuman, Joel",,False,True,True,False,40.6,52.099999999999994,48.9,43.744,1.0,,5.8500000000000005,5.8500000000000005,1.5,0.8447727272727272,0.0,51.93877272727273,,0,False,51.93877272727273,0.9999750012499375,,43.744,0.7,-0.2,0.0,0.55,District type base: Urban=0.70. Partisan baseline adjustment: -0.20. Region adjustment: Mid-Atlantic=+0.00. No manual override. Final elasticity: 0.55.,0.55,-1.5,4.52,42.1,47.58,5.8500000000000005,1.0,5.8500000000000005,1.5,1,1,0.0,0.0,0,Poll spillover active but signal file missing,House fundamentals calculated as 70%*2024 presidential margin + 30%*2020 presidential margin + national environment * district elasticity + state environment adjustment + incumbency + candidate quality + candidate event adjustment + special adjustment.,/Users/benyelin/Desktop/Desktop - Ben’s MacBook Air/senate_model_python_Q1_auto_calendar_candidate_refresh/inputs/national_environment.csv,,,0.0,0.0,0.0,False,,0.0,1.0,51.93877272727273,5.75,0.9998260314643818,0.9999750012499375,51.96868473836091,0.8447727272727272,Only D matched,Yvette Clarke,,1.6090909090909091,0.0,Only D matched,0.0,0.0,0,,
NY,10,NY-10,Mid-Atlantic,Urban,Very High,Medium,Low,Medium,Unknown,Very High College / Medium White,Very High College / Medium White / Low Black / Medium Hispanic / Unknown Income,standard,D_vs_R,,,NY,Mid-Atlantic,Urban,0.0,"Goldman, Dan",D,D,D,False,True,"Lander, Brad","Moore, Jennifer",,True,True,False,False,60.4,70.4,68.7,63.094,1.0,,5.8500000000000005,5.8500000000000005,0.0,0.0,0.0,68.944,,0,False,68.944,0.9999750012499375,,63.094,0.7,-0.2,0.0,0.55,District type base: Urban=0.70. Partisan baseline adjustment: -0.20. Region adjustment: Mid-Atlantic=+0.00. No manual override. Final elasticity: 0.55.,0.55,-1.5,4.52,61.9,65.88000000000001,5.8500000000000005,1.0,5.8500000000000005,1.5,1,1,0.0,0.0,0,Poll spillover active but signal file missing,House fundamentals calculated as 70%*2024 presidential margin + 30%*2020 presidential margin + national environment * district elasticity + state environment adjustment + incumbency + candidate quality + candidate event adjustment + special adjustment.,/Users/benyelin/Desktop/Desktop - Ben’s MacBook Air/senate_model_python_Q1_auto_calendar_candidate_refresh/inputs/national_environment.csv,,,0.0,0.0,0.0,False,,0.0,1.0,68.944,5.75,0.9999897750208148,0.9999750012499375,69.00397544818725,0.0,Neither matched,,,0.0,0.0,Neither matched,0.0,0.0,0,,
NY,11,NY-11,Mid-Atlantic,Suburban,High,Medium,Low,Medium,Unknown,High College / Medium White,High College / Medium White / Low Black / Medium Hispanic / Unknown Income,standard,D_vs_R,,,NY,Mid-Atlantic,Suburban,0.0,"Malliotakis, Nicole",R,R,R,True,False,"DeCillis, Michael","Malliotakis, Nicole",,True,False,False,True,-24.4,-7.600000000000001,-16.099999999999998,-19.665999999999997,1.0,,5.8500000000000005,5.8500000000000005,-1.5,-0.3335670731707317,0.0,-15.649567073170727,,0,False,-15.649567073170727,0.0186740662966851,,-19.665999999999997,1.1,-0.1,0.0,1.0,District type base: Suburban=1.10. Partisan baseline adjustment: -0.10. Region adjustment: Mid-Atlantic=+0.00. No manual override. Final elasticity: 1.00.,1.0,-1.5,4.52,-22.9,-12.12,5.8500000000000005,1.0,5.8500000000000005,1.5,1,1,0.0,0.0,0,Poll spillover active but signal file missing,House fundamentals calculated as 70%*2024 presidential margin + 30%*2020 presidential margin + national environment * district elasticity + state environment adjustment + incumbency + candidate quality + candidate event adjustment + special adjustment.,/Users/benyelin/Desktop/Desktop - Ben’s MacBook Air/senate_model_python_Q1_auto_calendar_candidate_refresh/inputs/national_environment.csv,,,0.0,0.0,0.0,False,,0.0,1.0,-15.649567073170727,5.75,0.0686086336713439,0.0186740662966851,-15.59470627270542,-0.3335670731707317,Only R matched,,Nicole Malliotakis,0.0,0.6353658536585367,Only R matched,0.0,0.0,0,,
NY,12,NY-12,Mid-Atlantic,Urban,Very High,High,Low,Low,Unknown,Very High College / High White,Very High College / High White / Low Black / Low Hispanic / Unknown Income,standard,D_vs_R,,,NY,Mid-Atlantic,Urban,0.0,"Nadler, Jerrold",D,D,D,False,True,"Lasher, Micah","Shinkle, Caroline",,True,True,False,False,63.6,71.1,71.9,65.544,1.0,,5.8500000000000005,5.8500000000000005,0.0,0.0,0.0,71.39399999999999,,0,False,71.39399999999999,0.9999750012499375,,65.544,0.7,-0.2,0.0,0.55,District type base: Urban=0.70. Partisan baseline adjustment: -0.20. Region adjustment: Mid-Atlantic=+0.00. No manual override. Final elasticity: 0.55.,0.55,-1.5,4.52,65.1,66.58,5.8500000000000005,1.0,5.8500000000000005,1.5,1,1,0.0,0.0,0,Poll spillover active but signal file missing,House fundamentals calculated as 70%*2024 presidential margin + 30%*2020 presidential margin + national environment * district elasticity + state environment adjustment + incumbency + candidate quality + candidate event adjustment + special adjustment.,/Users/benyelin/Desktop/Desktop - Ben’s MacBook Air/senate_model_python_Q1_auto_calendar_candidate_refresh/inputs/national_environment.csv,,,0.0,0.0,0.0,False,,0.0,1.0,71.39399999999999,5.75,0.9999932028475932,0.9999750012499375,71.44467379839878,0.0,Neither matched,,,0.0,0.0,Neither matched,0.0,0.0,0,,
NY,13,NY-13,Mid-Atlantic,Urban,Medium,Low,High,Very High,Unknown,Medium College / Low White,Medium College / Low White / High Black / Very High Hispanic / Unknown Income,standard,D_vs_R,,,NY,Mid-Atlantic,Urban,0.0,"Espaillat, Adriano",D,D,D,False,True,"Chavalier, Daraliza Avila","Williams, Manual",,True,True,False,False,59.3,76.9,67.6,64.274,1.0,,5.8500000000000005,5.8500000000000005,0.0,0.0,0.0,70.124,,0,False,70.124,0.9999750012499375,,64.274,0.7,-0.2,0.0,0.55,District type base: Urban=0.70. Partisan baseline adjustment: -0.20. Region adjustment: Mid-Atlantic=+0.00. No manual override. Final elasticity: 0.55.,0.55,-1.5,4.52,60.8,72.38000000000001,5.8500000000000005,1.0,5.8500000000000005,1.5,1,1,0.0,0.0,0,Poll spillover active but signal file missing,House fundamentals calculated as 70%*2024 presidential margin + 30%*2020 presidential margin + national environment * district elasticity + state environment adjustment + incumbency + candidate quality + candidate event adjustment + special adjustment.,/Users/benyelin/Desktop/Desktop - Ben’s MacBook Air/senate_model_python_Q1_auto_calendar_candidate_refresh/inputs/national_environment.csv,,,0.0,0.0,0.0,False,,0.0,1.0,70.124,5.75,0.9999916005281814,0.9999750012499375,70.1214660516862,0.0,Neither matched,,,0.0,0.0,Neither matched,0.0,0.0,0,,
NY,14,NY-14,Mid-Atlantic,Urban,Medium,Low,Medium,Very High,Unknown,Medium College / Low White,Medium College / Low White / Medium Black / Very High Hispanic / Unknown Income,standard,D_vs_R,,,NY,Mid-Atlantic,Urban,0.0,"Ocasio-Cortez, Alexandria",D,D,D,True,False,"Ocasio-Cortez, Alexandria","Hysanaj, Diamant",,False,True,True,False,31.8,55.0,40.1,38.45399999999999,1.0,,5.8500000000000005,5.8500000000000005,1.5,-0.2527989130434783,0.0,45.55120108695652,,0,False,45.55120108695652,0.9999750012499375,,38.45399999999999,0.7,-0.2,0.0,0.55,District type base: Urban=0.70. Partisan baseline adjustment: -0.20. Region adjustment: Mid-Atlantic=+0.00. No manual override. Final elasticity: 0.55.,0.55,-1.5,4.52,33.3,50.48,5.8500000000000005,1.0,5.8500000000000005,1.5,1,1,0.0,0.0,0,Poll spillover active but signal file missing,House fundamentals calculated as 70%*2024 presidential margin + 30%*2020 presidential margin + national environment * district elasticity + state environment adjustment + incumbency + candidate quality + candidate event adjustment + special adjustment.,/Users/benyelin/Desktop/Desktop - Ben’s MacBook Air/senate_model_python_Q1_auto_calendar_candidate_refresh/inputs/national_environment.csv,,,0.0,0.0,0.0,False,,0.0,1.0,45.55120108695652,5.75,0.9994957161524632,0.9999750012499375,45.548644163720645,-0.2527989130434783,Only D matched,Alexandria Ocasio-Cortez,,-0.4815217391304349,0.0,Only D matched,0.0,0.0,0,,
NY,15,NY-15,Mid-Atlantic,Urban,Low,Low,High,Very High,Unknown,Low College / Low White,Low College / Low White / High Black / Very High Hispanic / Unknown Income,standard,D_vs_R,,,NY,Mid-Atlantic,Urban,0.0,"Torres, Richie",D,D,D,True,False,"Torres, Richie","Sapaskis, Stylo",,False,True,True,False,48.3,70.39999999999999,56.599999999999994,54.623999999999995,1.0,,5.8500000000000005,5.8500000000000005,1.5,1.54875,0.0,63.522749999999995,,0,False,63.522749999999995,0.9999750012499375,,54.623999999999995,0.7,-0.2,0.0,0.55,District type base: Urban=0.70. Partisan baseline adjustment: -0.20. Region adjustment: Mid-Atlantic=+0.00. No manual override. Final elasticity: 0.55.,0.55,-1.5,4.52,49.8,65.88,5.8500000000000005,1.0,5.8500000000000005,1.5,1,1,0.0,0.0,0,Poll spillover active but signal file missing,House fundamentals calculated as 70%*2024 presidential margin + 30%*2020 presidential margin + national environment * district elasticity + state environment adjustment + incumbency + candidate quality + candidate event adjustment + special adjustment.,/Users/benyelin/Desktop/Desktop - Ben’s MacBook Air/senate_model_python_Q1_auto_calendar_candidate_refresh/inputs/national_environment.csv,,,0.0,0.0,0.0,False,,0.0,1.0,63.522749999999995,5.75,0.9999747617596276,0.9999750012499375,63.546379586437126,1.54875,Only R matched,,Stylo Sapaskis,0.0,-2.95,Only R matched,0.0,0.0,0,,
NY,16,NY-16,Northeast,Suburban,Very High,Low,High,Medium,Unknown,Very High College / Low White,Very High College / Low White / High Black / Medium Hispanic / Unknown Income,standard,D_vs_R,,,NY,Northeast,Suburban,0.0,"Latimer, George",D,D,D,True,False,"Latimer, George","Cinquemani, Joseph",,False,True,True,False,33.1,44.599999999999994,41.4,36.244,1.0,,5.8500000000000005,5.8500000000000005,1.5,1.9949999999999997,0.0,45.589,,0,False,45.589,0.9999750012499375,,36.244,1.1,-0.2,-0.05,0.8500000000000001,District type base: Suburban=1.10. Partisan baseline adjustment: -0.20. Region adjustment: Northeast=-0.05. No manual override. Final elasticity: 0.85.,0.8500000000000001,-1.5,4.52,34.6,40.08,5.8500000000000005,1.0,5.8500000000000005,1.5,1,1,0.0,0.0,0,Poll spillover active but signal file missing,House fundamentals calculated as 70%*2024 presidential margin + 30%*2020 presidential margin + national environment * district elasticity + state environment adjustment + incumbency + candidate quality + candidate event adjustment + special adjustment.,/Users/benyelin/Desktop/Desktop - Ben’s MacBook Air/senate_model_python_Q1_auto_calendar_candidate_refresh/inputs/national_environment.csv,,,0.0,0.0,0.0,False,,0.0,1.0,45.589,5.75,0.9994988814763928,0.9999750012499375,45.63653836386942,1.9949999999999997,Only D matched,George Latimer,,3.8,0.0,Only D matched,0.0,0.0,0,,
NY,17,NY-17,Northeast,Suburban,Very High,High,Low,Medium,Unknown,Very High College / High White,Very High College / High White / Low Black / Medium Hispanic / Unknown Income,standard,D_vs_R,,,NY,Northeast,Suburban,0.0,"Lawler, Mike",R,R,R,True,False,"Conley, Cait","Lawler, Mike",,True,False,False,True,0.6,10.1,8.899999999999999,3.144,1.0,,5.8500000000000005,5.8500000000000005,-1.5,-0.780340909090909,0.0,6.713659090909091,0.6836711102046917,3,True,4.6262070596299525,0.7300384980750962,,3.144,1.1,0.1,-0.05,1.15,District type base: Suburban=1.10. Partisan baseline adjustment: +0.10. Region adjustment: Northeast=-0.05. No manual override. Final elasticity: 1.15.,1.15,-1.5,4.52,2.1,5.58,5.8500000000000005,1.0,5.8500000000000005,1.5,1,1,0.0,0.0,0,Poll spillover active but signal file missing,House fundamentals calculated as 70%*2024 presidential margin + 30%*2020 presidential margin + national environment * district elasticity + state environment adjustment + incumbency + candidate quality + candidate event adjustment + special adjustment.,/Users/benyelin/Desktop/Desktop - Ben’s MacBook Air/senate_model_python_Q1_auto_calendar_candidate_refresh/inputs/national_environment.csv,2026-07-22,62.0,1.2927976055387846,2.711784729851635,0.483302626345028,False,"Manual House polling average from 3 poll(s): FM3 Research, FM3, Co/Efficient",0.3461784729851634,0.6538215270148365,4.6262070596299525,5.252368445083827,0.6837446365120937,0.7300384980750962,4.616522449179316,-0.780340909090909,Only R matched,,Mike Lawler,0.0,1.4863636363636363,Only R matched,0.0,0.0,0,,
NY,18,NY-18,Northeast,Exurban,Medium,High,Low,Medium,Unknown,Medium College / High White,Medium College / High White / Low Black / Medium Hispanic / Unknown Income,standard,D_vs_R,,,NY,Northeast,Exurban,0.0,"Ryan, Pat",D,D,D,True,False,"Ryan, Pat","Auringer, Jackie",,False,True,True,False,3.3,9.1,11.6,4.734,1.0,,5.8500000000000005,5.8500000000000005,1.5,1.5678409090909091,0.0,13.65184090909091,14.0,1,True,13.688397613636363,0.9654267286635668,,4.734,1.0,0.1,-0.05,1.05,District type base: Exurban=1.00. Partisan baseline adjustment: +0.10. Region adjustment: Northeast=-0.05. No manual override. Final elasticity: 1.05.,1.05,-1.5,4.52,4.8,4.58,5.8500000000000005,1.0,5.8500000000000005,1.5,1,1,0.0,0.0,0,Poll spillover active but signal file missing,House fundamentals calculated as 70%*2024 presidential margin + 30%*2020 presidential margin + national environment * district elasticity + state environment adjustment + incumbency + candidate quality + candidate event adjustment + special adjustment.,/Users/benyelin/Desktop/Desktop - Ben’s MacBook Air/senate_model_python_Q1_auto_calendar_candidate_refresh/inputs/national_environment.csv,2026-08-14,25.0,0.6681086152437546,1.0,1.0,False,Manual House polling average from 1 poll(s): GSG,0.105,0.895,13.688397613636363,5.5990625,0.9073248016595988,0.9654267286635668,13.68717626849314,1.5678409090909091,Only D matched,Pat Ryan,,2.9863636363636368,0.0,Only D matched,0.0,0.0,0,,
NY,19,NY-19,Northeast,Exurban,Medium,Very High,Low,Low,Unknown,Medium College / Very High White,Medium College / Very High White / Low Black / Low Hispanic / Unknown Income,standard,D_vs_R,,,NY,Northeast,Exurban,0.0,"Riley, Josh",D,D,D,True,False,"Riley, Josh","Oberacker, Peter",,False,True,True,False,1.8,4.399999999999999,10.1,2.273999999999999,1.0,,5.8500000000000005,5.8500000000000005,1.5,1.065909090909091,0.0,10.68990909090909,,0,False,10.68990909090909,0.9228288585570722,,2.273999999999999,1.0,0.1,-0.05,1.05,District type base: Exurban=1.00. Partisan baseline adjustment: +0.10. Region adjustment: Northeast=-0.05. No manual override. Final elasticity: 1.05.,1.05,-1.5,4.52,3.3,-0.120000000000001,5.8500000000000005,1.0,5.8500000000000005,1.5,1,1,0.0,0.0,0,Poll spillover active but signal file missing,House fundamentals calculated as 70%*2024 presidential margin + 30%*2020 presidential margin + national environment * district elasticity + state environment adjustment + incumbency + candidate quality + candidate event adjustment + special adjustment.,/Users/benyelin/Desktop/Desktop - Ben’s MacBook Air/senate_model_python_Q1_auto_calendar_candidate_refresh/inputs/national_environment.csv,,,0.0,0.0,0.0,False,,0.0,1.0,10.68990909090909,5.75,0.8559006747987404,0.9228288585570722,10.661670986564191,1.065909090909091,Only D matched,Josh Riley,,2.0303030303030303,0.0,Only D matched,0.0,0.0,0,,
NY,20,NY-20,Northeast,Urban,High,High,Medium,Low,Unknown,High College / High White,High College / High White / Medium Black / Low Hispanic / Unknown Income,standard,D_vs_R,,,NY,Northeast,Urban,0.0,"Tonko, Paul",D,D,D,True,False,"Tonko, Paul","Ambrosio, Ralph",,False,True,True,False,14.200000000000005,19.1,22.500000000000004,15.364000000000004,1.0,,5.8500000000000005,5.8500000000000005,1.5,0.9534,0.0,23.6674,,0,False,23.6674,0.9994250287485624,,15.364000000000004,0.7,-0.1,-0.05,0.55,District type base: Urban=0.70. Partisan baseline adjustment: -0.10. Region adjustment: Northeast=-0.05. No manual override. Final elasticity: 0.55.,0.55,-1.5,4.52,15.700000000000005,14.580000000000002,5.8500000000000005,1.0,5.8500000000000005,1.5,1,1,0.0,0.0,0,Poll spillover active but signal file missing,House fundamentals calculated as 70%*2024 presidential margin + 30%*2020 presidential margin + national environment * district elasticity + state environment adjustment + incumbency + candidate quality + candidate event adjustment + special adjustment.,/Users/benyelin/Desktop/Desktop - Ben’s MacBook Air/senate_model_python_Q1_auto_calendar_candidate_refresh/inputs/national_environment.csv,,,0.0,0.0,0.0,False,,0.0,1.0,23.6674,5.75,0.981008072476716,0.9994250287485624,23.636565267672665,0.9534,Only D matched,Paul Tonko,,1.816,0.0,Only D matched,0.0,0.0,0,,
NY,21,NY-21,Northeast,Rural,Low,Very High,Low,Low,Unknown,Low College / Very High White,Low College / Very High White / Low Black / Low Hispanic / Unknown Income,standard,D_vs_R,,,NY,Northeast,Rural,0.0,"Stefanik, Elise",R,R,R,False,True,"Gendebien, Blake","Constantino, Anthony",,True,True,False,False,-20.7,-15.699999999999996,-12.4,-19.505999999999997,1.0,,5.8500000000000005,5.8500000000000005,0.0,0.0,0.0,-13.655999999999995,-3.620310332334954,4,True,-9.328327675282864,0.1062696865156742,,-19.505999999999997,0.8,-0.1,-0.05,0.65,District type base: Rural=0.80. Partisan baseline adjustment: -0.10. Region adjustment: Northeast=-0.05. No manual override. Final elasticity: 0.65.,0.65,-1.5,4.52,-19.2,-20.219999999999995,5.8500000000000005,1.0,5.8500000000000005,1.5,1,1,0.0,0.0,0,Poll spillover active but signal file missing,House fundamentals calculated as 70%*2024 presidential margin + 30%*2020 presidential margin + national environment * district elasticity + state environment adjustment + incumbency + candidate quality + candidate event adjustment + special adjustment.,/Users/benyelin/Desktop/Desktop - Ben’s MacBook Air/senate_model_python_Q1_auto_calendar_candidate_refresh/inputs/national_environment.csv,2026-09-02,39.75,1.8143578340217243,3.4498255470460615,0.3686967181643538,False,"Manual House polling average from 4 poll(s): Impact Research, WNYT/Survey USA, JL Partners, Impact Research",0.4312281933807577,0.5687718066192423,-9.328327675282864,5.130109472015161,0.174405414470255,0.1062696865156742,-9.258172826514372,0.0,Neither matched,,,0.0,0.0,Neither matched,0.0,0.0,0,,
NY,22,NY-22,Northeast,Mixed,High,Very High,Low,Low,Unknown,High College / Very High White,High College / Very High White / Low Black / Low Hispanic / Unknown Income,standard,D_vs_R,,,NY,Northeast,Mixed,0.0,"Mannion, John",D,D,D,True,False,"Mannion, John","Buller, Kailee",,False,True,True,False,7.7,11.299999999999995,16.0,8.473999999999998,1.0,,5.8500000000000005,5.8500000000000005,1.5,1.3387499999999997,0.0,17.16275,,0,False,17.16275,0.988525573721314,,8.473999999999998,0.95,0.0,-0.05,0.8999999999999999,District type base: Mixed=0.95. Partisan baseline adjustment: +0.00. Region adjustment: Northeast=-0.05. No manual override. Final elasticity: 0.90.,0.8999999999999999,-1.5,4.52,9.2,6.779999999999996,5.8500000000000005,1.0,5.8500000000000005,1.5,1,1,0.0,0.0,0,Poll spillover active but signal file missing,House fundamentals calculated as 70%*2024 presidential margin + 30%*2020 presidential margin + national environment * district elasticity + state environment adjustment + incumbency + candidate quality + candidate event adjustment + special adjustment.,/Users/benyelin/Desktop/Desktop - Ben’s MacBook Air/senate_model_python_Q1_auto_calendar_candidate_refresh/inputs/national_environment.csv,,,0.0,0.0,0.0,False,,0.0,1.0,17.16275,5.75,0.9458567763610656,0.988525573721314,17.121100490624155,1.3387499999999997,Only D matched,John Mannion,,2.55,0.0,Only D matched,0.0,0.0,0,,
NY,23,NY-23,Northeast,Rural,Medium,Very High,Low,Low,Unknown,Medium College / Very High White,Medium College / Very High White / Low Black / Low Hispanic / Unknown Income,standard,D_vs_R,,,NY,Northeast,Rural,0.0,"Langworthy, Nick",R,R,R,True,False,"Gies, Aaron","Langworthy, Nick",,True,False,False,True,-21.0,-18.1,-12.7,-20.436,1.0,,5.8500000000000005,5.8500000000000005,-1.5,-1.1900000000000002,0.0,-17.276,,0,False,-17.276,0.0103244837758112,,-20.436,0.8,-0.1,-0.05,0.65,District type base: Rural=0.80. Partisan baseline adjustment: -0.10. Region adjustment: Northeast=-0.05. No manual override. Final elasticity: 0.65.,0.65,-1.5,4.52,-19.5,-22.62,5.8500000000000005,1.0,5.8500000000000005,1.5,1,1,0.0,0.0,0,Poll spillover active but signal file missing,House fundamentals calculated as 70%*2024 presidential margin + 30%*2020 presidential margin + national environment * district elasticity + state environment adjustment + incumbency + candidate quality + candidate event adjustment + special adjustment.,/Users/benyelin/Desktop/Desktop - Ben’s MacBook Air/senate_model_python_Q1_auto_calendar_candidate_refresh/inputs/national_environment.csv,,,0.0,0.0,0.0,False,,0.0,1.0,-17.276,5.75,0.0531846971232671,0.0103244837758112,-17.314440886092733,-1.1900000000000002,Only R matched,,Nick Langworthy,0.0,2.266666666666667,Only R matched,0.0,0.0,0,,
NY,24,NY-24,Northeast,Rural,Low,Very High,Low,Low,Unknown,Low College / Very High White,Low College / Very High White / Low Black / Low Hispanic / Unknown Income,standard,D_vs_R,,,NY,Northeast,Rural,0.0,"Tenney, Claudia",R,R,R,True,False,"Ellman, Alissa","Tenney, Claudia",,True,False,False,True,-23.1,-20.199999999999996,-14.8,-22.536,1.0,,5.8500000000000005,5.8500000000000005,-1.5,0.21375,0.0,-17.972249999999995,,0,False,-17.972249999999995,0.0090245487725613,,-22.536,0.8,-0.1,-0.05,0.65,District type base: Rural=0.80. Partisan baseline adjustment: -0.10. Region adjustment: Northeast=-0.05. No manual override. Final elasticity: 0.65.,0.65,-1.5,4.52,-21.6,-24.719999999999995,5.8500000000000005,1.0,5.8500000000000005,1.5,1,1,0.0,0.0,0,Poll spillover active but signal file missing,House fundamentals calculated as 70%*2024 presidential margin + 30%*2020 presidential margin + national environment * district elasticity + state environment adjustment + incumbency + candidate quality + candidate event adjustment + special adjustment.,/Users/benyelin/Desktop/Desktop - Ben’s MacBook Air/senate_model_python_Q1_auto_calendar_candidate_refresh/inputs/national_environment.csv,,,0.0,0.0,0.0,False,,0.0,1.0,-17.972249999999995,5.75,0.0476352531203363,0.0090245487725613,-17.96385361274359,0.21375,Only R matched,,Claudia Tenney,0.0,-0.4071428571428572,Only R matched,0.0,0.0,0,,
NY,25,NY-25,Northeast,Mixed,High,High,Medium,Low,Unknown,High College / High White,High College / High White / Medium Black / Low Hispanic / Unknown Income,standard,D_vs_R,,,NY,Northeast,Mixed,0.0,"Morelle, Joe",D,D,D,True,False,"Morelle, Joseph","McIntyre, Virginia",,False,True,True,False,18.4,20.5,26.7,18.723999999999997,1.0,,5.8500000000000005,5.8500000000000005,1.5,-0.3726358695652173,0.0,25.70136413043478,,0,False,25.70136413043478,0.9998250087495624,,18.723999999999997,0.95,-0.1,-0.05,0.7999999999999999,District type base: Mixed=0.95. Partisan baseline adjustment: -0.10. Region adjustment: Northeast=-0.05. No manual override. Final elasticity: 0.80.,0.7999999999999999,-1.5,4.52,19.9,15.98,5.8500000000000005,1.0,5.8500000000000005,1.5,1,1,0.0,0.0,0,Poll spillover active but signal file missing,House fundamentals calculated as 70%*2024 presidential margin + 30%*2020 presidential margin + national environment * district elasticity + state environment adjustment + incumbency + candidate quality + candidate event adjustment + special adjustment.,/Users/benyelin/Desktop/Desktop - Ben’s MacBook Air/senate_model_python_Q1_auto_calendar_candidate_refresh/inputs/national_environment.csv,,,0.0,0.0,0.0,False,,0.0,1.0,25.70136413043478,5.75,0.9863942105883508,0.9998250087495624,25.72048197904626,-0.3726358695652173,Only D matched,Joe Morelle,,-0.7097826086956521,0.0,Only D matched,0.0,0.0,0,,
NY,26,NY-26,Northeast,Urban,High,High,Medium,Low,Unknown,High College / High White,High College / High White / Medium Black / Low Hispanic / Unknown Income,standard,D_vs_R,,,NY,Northeast,Urban,0.0,"Kennedy, Tim",D,D,D,True,False,"Kennedy, Tim","Hannon, Dennis",,False,True,True,False,19.3,25.1,27.6,20.734,1.0,,5.8500000000000005,5.8500000000000005,1.5,1.7587499999999998,0.0,29.84275,,0,False,29.84275,0.9999750012499375,,20.734,0.7,-0.1,-0.05,0.55,District type base: Urban=0.70. Partisan baseline adjustment: -0.10. Region adjustment: Northeast=-0.05. No manual override. Final elasticity: 0.55.,0.55,-1.5,4.52,20.8,20.58,5.8500000000000005,1.0,5.8500000000000005,1.5,1,1,0.0,0.0,0,Poll spillover active but signal file missing,House fundamentals calculated as 70%*2024 presidential margin + 30%*2020 presidential margin + national environment * district elasticity + state environment adjustment + incumbency + candidate quality + candidate event adjustment + special adjustment.,/Users/benyelin/Desktop/Desktop - Ben’s MacBook Air/senate_model_python_Q1_auto_calendar_candidate_refresh/inputs/national_environment.csv,,,0.0,0.0,0.0,False,,0.0,1.0,29.84275,5.75,0.9931306426850852,0.9999750012499375,29.87257101158268,1.7587499999999998,Only D matched,Tim Kennedy,,3.35,0.0,Only D matched,0.0,0.0,0,,
NC,1,NC-1,Mid-Atlantic,Rural,Low,Medium,High,Low,Unknown,Low College / Medium White,Low College / Medium White / High Black / Low Hispanic / Unknown Income,standard,D_vs_R,,,NC,Mid-Atlantic,Rural,0.0,"Davis, Don",D,D,D,True,False,"Davis, Don","Buckhout, Laurie",,False,True,True,False,-11.6,-6.899999999999999,-3.3,-10.496,1.0,,5.8500000000000005,5.8500000000000005,1.5,1.6131818181818185,0.0,-1.5328181818181796,4.0,2,True,-0.7523061062252963,0.4562021898905055,,-10.496,0.8,0.0,0.0,0.8,District type base: Rural=0.80. Partisan baseline adjustment: +0.00. Region adjustment: Mid-Atlantic=+0.00. No manual override. Final elasticity: 0.80.,0.8,-1.5,4.52,-10.1,-11.419999999999998,5.8500000000000005,1.0,5.8500000000000005,1.5,1,1,0.0,0.0,0,Poll spillover active but signal file missing,House fundamentals calculated as 70%*2024 presidential margin + 30%*2020 presidential margin + national environment * district elasticity + state environment adjustment + incumbency + candidate quality + candidate event adjustment + special adjustment.,/Users/benyelin/Desktop/Desktop - Ben’s MacBook Air/senate_model_python_Q1_auto_calendar_candidate_refresh/inputs/national_environment.csv,2026-06-28,145.0,0.3322469160602234,1.3435193593397792,1.0,False,"Manual House polling average from 2 poll(s): GQR, GQR",0.1410695327306768,0.8589304672693232,-0.7523061062252963,5.547212546699652,0.4686949143836511,0.4562021898905055,-0.813717668998811,1.6131818181818185,Both matched,Don Davis,Laurie Buckhout,1.0045454545454546,-1.3,Both matched,0.0,0.0,0,,
NC,2,NC-2,Mid-Atlantic,Urban,Very High,Medium,Medium,Low,Unknown,Very High College / Medium White,Very High College / Medium White / Medium Black / Low Hispanic / Unknown Income,standard,D_vs_R,,,NC,Mid-Atlantic,Urban,0.0,"Ross, Deborah",D,D,D,True,False,"Ross, Deborah","Douglass, Eugene",,False,True,True,False,34.3,35.300000000000004,42.599999999999994,34.294,1.0,,5.8500000000000005,5.8500000000000005,1.5,-0.0044817073170731,0.0,41.63951829268292,,0,False,41.63951829268292,0.9999750012499375,,34.294,0.7,-0.2,0.0,0.55,District type base: Urban=0.70. Partisan baseline adjustment: -0.20. Region adjustment: Mid-Atlantic=+0.00. No manual override. Final elasticity: 0.55.,0.55,-1.5,4.52,35.8,30.780000000000005,5.8500000000000005,1.0,5.8500000000000005,1.5,1,1,0.0,0.0,0,Poll spillover active but signal file missing,House fundamentals calculated as 70%*2024 presidential margin + 30%*2020 presidential margin + national environment * district elasticity + state environment adjustment + incumbency + candidate quality + candidate event adjustment + special adjustment.,/Users/benyelin/Desktop/Desktop - Ben’s MacBook Air/senate_model_python_Q1_auto_calendar_candidate_refresh/inputs/national_environment.csv,,,0.0,0.0,0.0,False,,0.0,1.0,41.63951829268292,5.75,0.9990325894520546,0.9999750012499375,41.621780860556136,-0.0044817073170731,Only D matched,Deborah Ross,,-0.0085365853658536,0.0,Only D matched,0.0,0.0,0,,
NC,3,NC-3,Mid-Atlantic,Rural,Low,Medium,High,Low,Unknown,Low College / Medium White,Low College / Medium White / High Black / Low Hispanic / Unknown Income,standard,D_vs_R,,,NC,Mid-Atlantic,Rural,0.0,"Murphy, Greg",R,R,R,True,False,"Smith, Raymond","Murphy, Greg",,True,False,False,True,-13.6,-8.299999999999997,-5.3,-12.315999999999995,1.0,,5.8500000000000005,5.8500000000000005,-1.5,-0.14125,0.0,-8.107249999999997,,0,False,-8.107249999999997,0.1410679466026698,,-12.315999999999995,0.8,0.0,0.0,0.8,District type base: Rural=0.80. Partisan baseline adjustment: +0.00. Region adjustment: Mid-Atlantic=+0.00. No manual override. Final elasticity: 0.80.,0.8,-1.5,4.52,-12.1,-12.819999999999997,5.8500000000000005,1.0,5.8500000000000005,1.5,1,1,0.0,0.0,0,Poll spillover active but signal file missing,House fundamentals calculated as 70%*2024 presidential margin + 30%*2020 presidential margin + national environment * district elasticity + state environment adjustment + incumbency + candidate quality + candidate event adjustment + special adjustment.,/Users/benyelin/Desktop/Desktop - Ben’s MacBook Air/senate_model_python_Q1_auto_calendar_candidate_refresh/inputs/national_environment.csv,,,0.0,0.0,0.0,False,,0.0,1.0,-8.107249999999997,5.75,0.205672894297596,0.1410679466026698,-8.114226970649202,-0.14125,Only R matched,,Greg Murphy,0.0,0.2690476190476191,Only R matched,0.0,0.0,0,,
NC,4,NC-4,Mid-Atlantic,Urban,Very High,Medium,Medium,Low,Unknown,Very High College / Medium White,Very High College / Medium White / Medium Black / Low Hispanic / Unknown Income,standard,D_vs_R,,,NC,Mid-Atlantic,Urban,0.0,"Foushee, Valerie",D,D,D,True,False,"Foushee, Valerie","Ganorkar, Mahesh",,False,True,True,False,45.3,46.0,53.599999999999994,45.204,1.0,,5.8500000000000005,5.8500000000000005,1.5,0.2632954545454545,0.0,52.81729545454546,,0,False,52.81729545454546,0.9999750012499375,,45.204,0.7,-0.2,0.0,0.55,District type base: Urban=0.70. Partisan baseline adjustment: -0.20. Region adjustment: Mid-Atlantic=+0.00. No manual override. Final elasticity: 0.55.,0.55,-1.5,4.52,46.8,41.48,5.8500000000000005,1.0,5.8500000000000005,1.5,1,1,0.0,0.0,0,Poll spillover active but signal file missing,House fundamentals calculated as 70%*2024 presidential margin + 30%*2020 presidential margin + national environment * district elasticity + state environment adjustment + incumbency + candidate quality + candidate event adjustment + special adjustment.,/Users/benyelin/Desktop/Desktop - Ben’s MacBook Air/senate_model_python_Q1_auto_calendar_candidate_refresh/inputs/national_environment.csv,,,0.0,0.0,0.0,False,,0.0,1.0,52.81729545454546,5.75,0.99984972338523,0.9999750012499375,52.78788398206156,0.2632954545454545,Only D matched,Valerie Foushee,,0.5015151515151515,0.0,Only D matched,0.0,0.0,0,,
NC,5,NC-5,Mid-Atlantic,Rural,Low,High,Medium,Low,Unknown,Low College / High White,Low College / High White / Medium Black / Low Hispanic / Unknown Income,standard,D_vs_R,,,NC,Mid-Atlantic,Rural,0.0,"Foxx, Virginia",R,R,R,True,False,"Hubbard, Chuck","Foxx, Virginia",,True,False,False,True,-17.8,-15.4,-9.5,-17.386,1.0,,5.8500000000000005,5.8500000000000005,-1.5,2.5921,0.0,-10.443899999999998,,0,False,-10.443899999999998,0.0802709864506774,,-17.386,0.8,-0.1,0.0,0.7000000000000001,District type base: Rural=0.80. Partisan baseline adjustment: -0.10. Region adjustment: Mid-Atlantic=+0.00. No manual override. Final elasticity: 0.70.,0.7000000000000001,-1.5,4.52,-16.3,-19.92,5.8500000000000005,1.0,5.8500000000000005,1.5,1,1,0.0,0.0,0,Poll spillover active but signal file missing,House fundamentals calculated as 70%*2024 presidential margin + 30%*2020 presidential margin + national environment * district elasticity + state environment adjustment + incumbency + candidate quality + candidate event adjustment + special adjustment.,/Users/benyelin/Desktop/Desktop - Ben’s MacBook Air/senate_model_python_Q1_auto_calendar_candidate_refresh/inputs/national_environment.csv,,,0.0,0.0,0.0,False,,0.0,1.0,-10.443899999999998,5.75,0.1492303912708316,0.0802709864506774,-10.491239452194591,2.5921,Both matched,Chuck Hubbard,Virginia Foxx,2.05,-1.653,Both matched,0.0,0.0,0,,
NC,6,NC-6,Mid-Atlantic,Rural,Medium,High,Medium,Low,Unknown,Medium College / High White,Medium College / High White / Medium Black / Low Hispanic / Unknown Income,standard,D_vs_R,,,NC,Mid-Atlantic,Rural,0.0,"McDowell, Addison",R,R,R,True,False,"Jefferson, Cyril","McDowell, Addison",,True,False,False,True,-17.0,-16.299999999999997,-8.7,-17.095999999999997,1.0,,5.8500000000000005,5.8500000000000005,-1.5,0.0,0.0,-12.745999999999997,,0,False,-12.745999999999997,0.0443227838608069,,-17.095999999999997,0.8,-0.1,0.0,0.7000000000000001,District type base: Rural=0.80. Partisan baseline adjustment: -0.10. Region adjustment: Mid-Atlantic=+0.00. No manual override. Final elasticity: 0.70.,0.7000000000000001,-1.5,4.52,-15.5,-20.819999999999997,5.8500000000000005,1.0,5.8500000000000005,1.5,1,1,0.0,0.0,0,Poll spillover active but signal file missing,House fundamentals calculated as 70%*2024 presidential margin + 30%*2020 presidential margin + national environment * district elasticity + state environment adjustment + incumbency + candidate quality + candidate event adjustment + special adjustment.,/Users/benyelin/Desktop/Desktop - Ben’s MacBook Air/senate_model_python_Q1_auto_calendar_candidate_refresh/inputs/national_environment.csv,,,0.0,0.0,0.0,False,,0.0,1.0,-12.745999999999997,5.75,0.1067541490819253,0.0443227838608069,-12.830912753938314,0.0,Neither matched,,,0.0,0.0,Neither matched,0.0,0.0,0,,
NC,7,NC-7,Mid-Atlantic,Rural,Medium,High,Medium,Low,Unknown,Medium College / High White,Medium College / High White / Medium Black / Low Hispanic / Unknown Income,standard,D_vs_R,,,NC,Mid-Atlantic,Rural,0.0,"Rouzer, David",R,R,R,True,False,"Hardy, Kimberly","Rouzer, Davis",,True,False,False,True,-13.8,-11.0,-5.500000000000001,-13.265999999999998,1.0,,5.8500000000000005,5.8500000000000005,-1.5,0.0,0.0,-8.915999999999997,-1.4999999999999998,1,True,-8.331989999999996,0.1355182240887955,,-13.265999999999998,0.8,0.0,0.0,0.8,District type base: Rural=0.80. Partisan baseline adjustment: +0.00. Region adjustment: Mid-Atlantic=+0.00. No manual override. Final elasticity: 0.80.,0.8,-1.5,4.52,-12.3,-15.52,5.8500000000000005,1.0,5.8500000000000005,1.5,1,1,0.0,0.0,0,Poll spillover active but signal file missing,House fundamentals calculated as 70%*2024 presidential margin + 30%*2020 presidential margin + national environment * district elasticity + state environment adjustment + incumbency + candidate quality + candidate event adjustment + special adjustment.,/Users/benyelin/Desktop/Desktop - Ben’s MacBook Air/senate_model_python_Q1_auto_calendar_candidate_refresh/inputs/national_environment.csv,2026-08-20,19.0,0.4449234944559402,1.0,1.0,True,Manual House polling average from 1 poll(s): PPP,0.0787499999999999,0.92125,-8.331989999999996,5.636796875,0.199620967521433,0.1355182240887955,-8.346228516805704,0.0,Neither matched,,,0.0,0.0,Neither matched,0.0,0.0,0,,
NC,8,NC-8,Mid-Atlantic,Rural,Medium,High,Medium,Low,Unknown,Medium College / High White,Medium College / High White / Medium Black / Low Hispanic / Unknown Income,standard,D_vs_R,,,NC,Mid-Atlantic,Rural,0.0,"Harris, Mark",R,R,R,True,False,"Watson, Colby","Harris, Mark",,True,False,False,True,-19.6,-17.700000000000003,-11.3,-19.336,1.0,,5.8500000000000005,5.8500000000000005,-1.5,0.8872499999999999,0.0,-14.098749999999995,,0,False,-14.098749999999995,0.0305734713264336,,-19.336,0.8,-0.1,0.0,0.7000000000000001,District type base: Rural=0.80. Partisan baseline adjustment: -0.10. Region adjustment: Mid-Atlantic=+0.00. No manual override. Final elasticity: 0.70.,0.7000000000000001,-1.5,4.52,-18.1,-22.22,5.8500000000000005,1.0,5.8500000000000005,1.5,1,1,0.0,0.0,0,Poll spillover active but signal file missing,House fundamentals calculated as 70%*2024 presidential margin + 30%*2020 presidential margin + national environment * district elasticity + state environment adjustment + incumbency + candidate quality + candidate event adjustment + special adjustment.,/Users/benyelin/Desktop/Desktop - Ben’s MacBook Air/senate_model_python_Q1_auto_calendar_candidate_refresh/inputs/national_environment.csv,,,0.0,0.0,0.0,False,,0.0,1.0,-14.098749999999995,5.75,0.0870823333073485,0.0305734713264336,-14.120292271339045,0.8872499999999999,Only R matched,,Mark Harris,0.0,-1.69,Only R matched,0.0,0.0,0,,
NC,9,NC-9,Mid-Atlantic,Rural,Medium,High,Medium,Low,Unknown,Medium College / High White,Medium College / High White / Medium Black / Low Hispanic / Unknown Income,standard,D_vs_R,,,NC,Mid-Atlantic,Rural,0.0,"Hudson, Richard",R,R,R,True,False,"Ojeda, Richard","Hudson, Richard",,True,False,False,True,-15.8,-13.800000000000004,-7.5,-15.506,1.0,,5.8500000000000005,5.8500000000000005,-1.5,4.0,0.0,-7.155999999999999,,0,False,-7.155999999999999,0.1711664416779161,,-15.506,0.8,-0.1,0.0,0.7000000000000001,District type base: Rural=0.80. Partisan baseline adjustment: -0.10. Region adjustment: Mid-Atlantic=+0.00. No manual override. Final elasticity: 0.70.,0.7000000000000001,-1.5,4.52,-14.3,-18.320000000000004,5.8500000000000005,1.0,5.8500000000000005,1.5,1,1,0.0,0.0,0,Poll spillover active but signal file missing,House fundamentals calculated as 70%*2024 presidential margin + 30%*2020 presidential margin + national environment * district elasticity + state environment adjustment + incumbency + candidate quality + candidate event adjustment + special adjustment.,/Users/benyelin/Desktop/Desktop - Ben’s MacBook Air/senate_model_python_Q1_auto_calendar_candidate_refresh/inputs/national_environment.csv,,,0.0,0.0,0.0,False,,0.0,1.0,-7.155999999999999,5.75,0.2327823438458372,0.1711664416779161,-7.1082395651000905,4.0,Both matched,Richard Ojeda,Richard Hudson,9.65,-1.259,Both matched,0.0,0.0,0,,
NC,10,NC-10,Mid-Atlantic,Rural,Medium,High,Medium,Low,Unknown,Medium College / High White,Medium College / High White / Medium Black / Low Hispanic / Unknown Income,standard,D_vs_R,,,NC,Mid-Atlantic,Rural,0.0,"Harrigan, Pat",R,R,R,True,False,"Bell, Ashley","Harrigan, Pat",,True,False,False,True,-17.7,-16.0,-9.4,-17.496,1.0,,5.8500000000000005,5.8500000000000005,-1.5,0.4327272727272727,0.0,-12.713272727272724,-15.0,1,True,-12.953379090909086,0.0411729413529323,,-17.496,0.8,-0.1,0.0,0.7000000000000001,District type base: Rural=0.80. Partisan baseline adjustment: -0.10. Region adjustment: Mid-Atlantic=+0.00. No manual override. Final elasticity: 0.70.,0.7000000000000001,-1.5,4.52,-16.2,-20.52,5.8500000000000005,1.0,5.8500000000000005,1.5,1,1,0.0,0.0,0,Poll spillover active but signal file missing,House fundamentals calculated as 70%*2024 presidential margin + 30%*2020 presidential margin + national environment * district elasticity + state environment adjustment + incumbency + candidate quality + candidate event adjustment + special adjustment.,/Users/benyelin/Desktop/Desktop - Ben’s MacBook Air/senate_model_python_Q1_auto_calendar_candidate_refresh/inputs/national_environment.csv,2026-03-12,180.0,0.0598122506918249,1.0,1.0,False,Manual House polling average from 1 poll(s): Ragnar Research,0.105,0.895,-12.953379090909086,5.5990625,0.1035027989934231,0.0411729413529323,-12.90978872675744,0.4327272727272727,Only R matched,,Pat Harrigan,0.0,-0.8242424242424242,Only R matched,0.0,0.0,0,,
NC,11,NC-11,Appalachia,Rural,Medium,Very High,Low,Low,Unknown,Medium College / Very High White,Medium College / Very High White / Low Black / Low Hispanic / Unknown Income,standard,D_vs_R,,,NC,Appalachia,Rural,0.0,"Edwards, Chuck ",R,R,R,False,True,"Ager, Jamie","Balkcom, Jennifer",,True,True,False,False,-9.5,-11.0,-1.2000000000000002,-10.256,1.0,,5.8500000000000005,5.8500000000000005,0.0,0.0,0.0,-4.406,,0,False,-4.406,0.2803109844507774,,-10.256,0.8,0.0,-0.05,0.75,District type base: Rural=0.80. Partisan baseline adjustment: +0.00. Region adjustment: Appalachia=-0.05. No manual override. Final elasticity: 0.75.,0.75,-1.5,4.52,-8.0,-15.52,5.8500000000000005,1.0,5.8500000000000005,1.5,1,1,0.0,0.0,0,Poll spillover active but signal file missing,House fundamentals calculated as 70%*2024 presidential margin + 30%*2020 presidential margin + national environment * district elasticity + state environment adjustment + incumbency + candidate quality + candidate event adjustment + special adjustment.,/Users/benyelin/Desktop/Desktop - Ben’s MacBook Air/senate_model_python_Q1_auto_calendar_candidate_refresh/inputs/national_environment.csv,,,0.0,0.0,0.0,False,,0.0,1.0,-4.406,5.75,0.3242445284980209,0.2803109844507774,-4.379165180318183,0.0,Neither matched,,,0.0,0.0,Neither matched,0.0,0.0,0,,
NC,12,NC-12,Mid-Atlantic,Urban,High,Low,High,Medium,Unknown,High College / Low White,High College / Low White / High Black / Medium Hispanic / Unknown Income,standard,D_vs_R,,,NC,Mid-Atlantic,Urban,0.0,"Adams, Alma",D,D,D,True,False,"Adams, Alma","Codiga, Jack",,False,True,True,False,46.2,49.99999999999999,54.5,47.034,1.0,,5.8500000000000005,5.8500000000000005,1.5,-0.485,0.0,53.899,,0,False,53.899,0.9999750012499375,,47.034,0.7,-0.2,0.0,0.55,District type base: Urban=0.70. Partisan baseline adjustment: -0.20. Region adjustment: Mid-Atlantic=+0.00. No manual override. Final elasticity: 0.55.,0.55,-1.5,4.52,47.7,45.47999999999999,5.8500000000000005,1.0,5.8500000000000005,1.5,1,1,0.0,0.0,0,Poll spillover active but signal file missing,House fundamentals calculated as 70%*2024 presidential margin + 30%*2020 presidential margin + national environment * district elasticity + state environment adjustment + incumbency + candidate quality + candidate event adjustment + special adjustment.,/Users/benyelin/Desktop/Desktop - Ben’s MacBook Air/senate_model_python_Q1_auto_calendar_candidate_refresh/inputs/national_environment.csv,,,0.0,0.0,0.0,False,,0.0,1.0,53.899,5.75,0.9998745109637264,0.9999750012499375,53.877680214320286,-0.485,Only D matched,Alma Adams,,-0.9238095238095236,0.0,Only D matched,0.0,0.0,0,,
NC,13,NC-13,Mid-Atlantic,Rural,Medium,High,Medium,Low,Unknown,Medium College / High White,Medium College / High White / Medium Black / Low Hispanic / Unknown Income,standard,D_vs_R,,,NC,Mid-Atlantic,Rural,0.0,"Knott, Brad",R,R,R,True,False,"Barringer, Paul","Knott, Brad",,True,False,False,True,-16.8,-17.199999999999996,-8.5,-17.226,1.0,,5.8500000000000005,5.8500000000000005,-1.5,0.91875,0.0,-11.957249999999998,,0,False,-11.957249999999998,0.0541222938853057,,-17.226,0.8,-0.1,0.0,0.7000000000000001,District type base: Rural=0.80. Partisan baseline adjustment: -0.10. Region adjustment: Mid-Atlantic=+0.00. No manual override. Final elasticity: 0.70.,0.7000000000000001,-1.5,4.52,-15.3,-21.719999999999995,5.8500000000000005,1.0,5.8500000000000005,1.5,1,1,0.0,0.0,0,Poll spillover active but signal file missing,House fundamentals calculated as 70%*2024 presidential margin + 30%*2020 presidential margin + national environment * district elasticity + state environment adjustment + incumbency + candidate quality + candidate event adjustment + special adjustment.,/Users/benyelin/Desktop/Desktop - Ben’s MacBook Air/senate_model_python_Q1_auto_calendar_candidate_refresh/inputs/national_environment.csv,,,0.0,0.0,0.0,False,,0.0,1.0,-11.957249999999998,5.75,0.1199530333311846,0.0541222938853057,-12.005181656553688,0.91875,Only R matched,,Brad Knott,0.0,-1.75,Only R matched,0.0,0.0,0,,
NC,14,NC-14,Mid-Atlantic,Rural,Medium,High,Medium,Low,Unknown,Medium College / High White,Medium College / High White / Medium Black / Low Hispanic / Unknown Income,standard,D_vs_R,,,NC,Mid-Atlantic,Rural,0.0,"Moore, Tim",R,R,R,True,False,"Womack, Lakesha","Moore, Tim",,True,False,False,True,-15.1,-16.1,-6.800000000000001,-15.706,1.0,,5.8500000000000005,5.8500000000000005,-1.5,0.7874999999999999,0.0,-10.568499999999998,-8.0,1,True,-10.2988075,0.0832208389580521,,-15.706,0.8,-0.1,0.0,0.7000000000000001,District type base: Rural=0.80. Partisan baseline adjustment: -0.10. Region adjustment: Mid-Atlantic=+0.00. No manual override. Final elasticity: 0.70.,0.7000000000000001,-1.5,4.52,-13.6,-20.62,5.8500000000000005,1.0,5.8500000000000005,1.5,1,1,0.0,0.0,0,Poll spillover active but signal file missing,House fundamentals calculated as 70%*2024 presidential margin + 30%*2020 presidential margin + national environment * district elasticity + state environment adjustment + incumbency + candidate quality + candidate event adjustment + special adjustment.,/Users/benyelin/Desktop/Desktop - Ben’s MacBook Air/senate_model_python_Q1_auto_calendar_candidate_refresh/inputs/national_environment.csv,2026-03-12,180.0,0.0598122506918249,1.0,1.0,False,Manual House polling average from 1 poll(s): Ragnar Research,0.105,0.895,-10.2988075,5.5990625,0.1523266779250305,0.0832208389580521,-10.359987544225046,0.7874999999999999,Only R matched,,Tim Moore,0.0,-1.5,Only R matched,0.0,0.0,0,,
ND,AL,ND-AL,Great Plains,Rural,Medium,Very High,Low,Low,Unknown,Medium College / Very High White,Medium College / Very High White / Low Black / Low Hispanic / Unknown Income,standard,D_vs_R,,,ND,Great Plains,Rural,0.0,"Fedrochak, Julie",R,R,R,True,False,"Hammer, Trygve","Fedorchuk, Julie",,True,False,False,True,-36.8,-33.3,-28.499999999999996,-36.056,1.0,,5.8500000000000005,5.8500000000000005,-1.5,-0.315,0.0,-32.020999999999994,,0,False,-32.020999999999994,2.499875006249687e-05,,-36.056,0.8,-0.2,-0.05,0.55,District type base: Rural=0.80. Partisan baseline adjustment: -0.20. Region adjustment: Great Plains=-0.05. No manual override. Final elasticity: 0.55.,0.55,-1.5,4.52,-35.3,-37.81999999999999,5.8500000000000005,1.0,5.8500000000000005,1.5,1,1,0.0,0.0,0,Poll spillover active but signal file missing,House fundamentals calculated as 70%*2024 presidential margin + 30%*2020 presidential margin + national environment * district elasticity + state environment adjustment + incumbency + candidate quality + candidate event adjustment + special adjustment.,/Users/benyelin/Desktop/Desktop - Ben’s MacBook Air/senate_model_python_Q1_auto_calendar_candidate_refresh/inputs/national_environment.csv,,,0.0,0.0,0.0,False,,0.0,1.0,-32.020999999999994,5.75,0.0047880460249411,2.499875006249687e-05,-31.97350560480266,-0.315,Only D matched,Trygve Hammer,,-0.6,0.0,Only D matched,0.0,0.0,0,,
OH,1,OH-1,Midwest,Suburban,High,High,Medium,Low,Unknown,High College / High White,High College / High White / Medium Black / Low Hispanic / Unknown Income,standard,D_vs_R,,,OH,Midwest,Suburban,0.0,"Landsman, Greg",D,D,D,True,False,"Landsman, Greg","Conroy, Eric",,False,True,True,False,-2.5,0.1999999999999957,5.8,-1.996000000000001,1.0,,5.8500000000000005,5.8500000000000005,1.5,0.4152272727272726,0.0,5.769227272727272,3.299999999999997,1,True,5.509958409090908,0.7672866356682166,,-1.996000000000001,1.1,0.1,0.05,1.25,District type base: Suburban=1.10. Partisan baseline adjustment: +0.10. Region adjustment: Midwest=+0.05. No manual override. Final elasticity: 1.25.,1.25,-1.5,4.52,-1.0,-4.320000000000004,5.8500000000000005,1.0,5.8500000000000005,1.5,1,1,0.0,0.0,0,Poll spillover active but signal file missing,House fundamentals calculated as 70%*2024 presidential margin + 30%*2020 presidential margin + national environment * district elasticity + state environment adjustment + incumbency + candidate quality + candidate event adjustment + special adjustment.,/Users/benyelin/Desktop/Desktop - Ben’s MacBook Air/senate_model_python_Q1_auto_calendar_candidate_refresh/inputs/national_environment.csv,2026-08-24,15.0,0.6089293406443991,1.0,1.0,False,Manual House polling average from 1 poll(s): Quantus,0.105,0.895,5.509958409090908,5.5990625,0.7147009757829271,0.7672866356682166,5.465469111031425,0.4152272727272726,Only D matched,Greg Landsman,,0.7909090909090909,0.0,Only D matched,0.0,0.0,0,,
OH,2,OH-2,Midwest,Rural,Low,Very High,Low,Low,Unknown,Low College / Very High White,Low College / Very High White / Low Black / Low Hispanic / Unknown Income,standard,D_vs_R,,,OH,Midwest,Rural,0.0,"Taylor, David",R,R,R,True,False,"Mazzuckelli, Jen","Taylor, David",,True,False,False,True,-42.1,-39.599999999999994,-33.800000000000004,-41.65599999999999,1.0,,5.8500000000000005,5.8500000000000005,-1.5,-0.2099999999999999,0.0,-37.51599999999999,,0,False,-37.51599999999999,2.499875006249687e-05,,-41.65599999999999,0.8,-0.2,0.05,0.6500000000000001,District type base: Rural=0.80. Partisan baseline adjustment: -0.20. Region adjustment: Midwest=+0.05. No manual override. Final elasticity: 0.65.,0.6500000000000001,-1.5,4.52,-40.6,-44.11999999999999,5.8500000000000005,1.0,5.8500000000000005,1.5,1,1,0.0,0.0,0,Poll spillover active but signal file missing,House fundamentals calculated as 70%*2024 presidential margin + 30%*2020 presidential margin + national environment * district elasticity + state environment adjustment + incumbency + candidate quality + candidate event adjustment + special adjustment.,/Users/benyelin/Desktop/Desktop - Ben’s MacBook Air/senate_model_python_Q1_auto_calendar_candidate_refresh/inputs/national_environment.csv,,,0.0,0.0,0.0,False,,0.0,1.0,-37.51599999999999,5.75,0.0019216134087706,2.499875006249687e-05,-37.5927681632715,-0.2099999999999999,Only R matched,,David Taylor,0.0,0.4,Only R matched,0.0,0.0,0,,
OH,3,OH-3,Midwest,Urban,High,Medium,Medium,Low,Unknown,High College / Medium White,High College / Medium White / Medium Black / Low Hispanic / Unknown Income,standard,D_vs_R,,,OH,Midwest,Urban,0.0,"Beatty, Joyce",D,D,D,True,False,"Beatty, Joyce","Dulaney, Cleophus",,False,True,True,False,40.2,43.7,48.5,40.944,1.0,,5.8500000000000005,5.8500000000000005,1.5,-0.614775,0.0,47.679225,,0,False,47.679225,0.9999750012499375,,40.944,0.7,-0.2,0.05,0.55,District type base: Urban=0.70. Partisan baseline adjustment: -0.20. Region adjustment: Midwest=+0.05. No manual override. Final elasticity: 0.55.,0.55,-1.5,4.52,41.7,39.18000000000001,5.8500000000000005,1.0,5.8500000000000005,1.5,1,1,0.0,0.0,0,Poll spillover active but signal file missing,House fundamentals calculated as 70%*2024 presidential margin + 30%*2020 presidential margin + national environment * district elasticity + state environment adjustment + incumbency + candidate quality + candidate event adjustment + special adjustment.,/Users/benyelin/Desktop/Desktop - Ben’s MacBook Air/senate_model_python_Q1_auto_calendar_candidate_refresh/inputs/national_environment.csv,,,0.0,0.0,0.0,False,,0.0,1.0,47.679225,5.75,0.9996462398167226,0.9999750012499375,47.543119562706686,-0.614775,Only D matched,Joyce Beatty,,-1.171,0.0,Only D matched,0.0,0.0,0,,
OH,4,OH-4,Midwest,Rural,Low,Very High,Low,Low,Unknown,Low College / Very High White,Low College / Very High White / Low Black / Low Hispanic / Unknown Income,standard,D_vs_R,,,OH,Midwest,Rural,0.0,"Jordan, Jim",R,R,R,True,False,"Kolasinski, Joshua","Jordan, Jim",,True,False,False,True,-42.6,-40.400000000000006,-34.300000000000004,-42.246,1.0,,5.8500000000000005,5.8500000000000005,-1.5,0.512925,0.0,-37.383075,,0,False,-37.383075,2.499875006249687e-05,,-42.246,0.8,-0.2,0.05,0.6500000000000001,District type base: Rural=0.80. Partisan baseline adjustment: -0.20. Region adjustment: Midwest=+0.05. No manual override. Final elasticity: 0.65.,0.6500000000000001,-1.5,4.52,-41.1,-44.92,5.8500000000000005,1.0,5.8500000000000005,1.5,1,1,0.0,0.0,0,Poll spillover active but signal file missing,House fundamentals calculated as 70%*2024 presidential margin + 30%*2020 presidential margin + national environment * district elasticity + state environment adjustment + incumbency + candidate quality + candidate event adjustment + special adjustment.,/Users/benyelin/Desktop/Desktop - Ben’s MacBook Air/senate_model_python_Q1_auto_calendar_candidate_refresh/inputs/national_environment.csv,,,0.0,0.0,0.0,False,,0.0,1.0,-37.383075,5.75,0.0019645756563153,2.499875006249687e-05,-37.40838102401416,0.512925,Only R matched,,Jim Jordan,0.0,-0.977,Only R matched,0.0,0.0,0,,
OH,5,OH-5,Midwest,Rural,Low,Very High,Low,Low,Unknown,Low College / Very High White,Low College / Very High White / Low Black / Low Hispanic / Unknown Income,standard,D_vs_R,,,OH,Midwest,Rural,0.0,"Latta, Bob",R,R,R,True,False,"Shaver, Brian","Latta, Bob",,True,False,False,True,-23.7,-21.199999999999996,-15.4,-23.255999999999997,1.0,,5.8500000000000005,5.8500000000000005,-1.5,-1.092,0.0,-19.99799999999999,,0,False,-19.99799999999999,0.003724813759312,,-23.255999999999997,0.8,-0.1,0.05,0.7500000000000001,District type base: Rural=0.80. Partisan baseline adjustment: -0.10. Region adjustment: Midwest=+0.05. No manual override. Final elasticity: 0.75.,0.7500000000000001,-1.5,4.52,-22.2,-25.719999999999995,5.8500000000000005,1.0,5.8500000000000005,1.5,1,1,0.0,0.0,0,Poll spillover active but signal file missing,House fundamentals calculated as 70%*2024 presidential margin + 30%*2020 presidential margin + national environment * district elasticity + state environment adjustment + incumbency + candidate quality + candidate event adjustment + special adjustment.,/Users/benyelin/Desktop/Desktop - Ben’s MacBook Air/senate_model_python_Q1_auto_calendar_candidate_refresh/inputs/national_environment.csv,,,0.0,0.0,0.0,False,,0.0,1.0,-19.99799999999999,5.75,0.0344562836281804,0.003724813759312,-20.089417064727883,-1.092,Only R matched,,Bob Latta,0.0,2.08,Only R matched,0.0,0.0,0,,
OH,6,OH-6,Appalachia,Rural,Low,Very High,Low,Low,Unknown,Low College / Very High White,Low College / Very High White / Low Black / Low Hispanic / Unknown Income,standard,D_vs_R,,,OH,Appalachia,Rural,0.0,"Rulli, Michael",R,R,R,True,False,"Kirtley, Elizabeth","Rulli, Michael",,True,False,False,True,-34.6,-29.800000000000004,-26.3,-33.466,1.0,,5.8500000000000005,5.8500000000000005,-1.5,0.3937499999999999,0.0,-28.72225,,0,False,-28.72225,2.499875006249687e-05,,-33.466,0.8,-0.2,-0.05,0.55,District type base: Rural=0.80. Partisan baseline adjustment: -0.20. Region adjustment: Appalachia=-0.05. No manual override. Final elasticity: 0.55.,0.55,-1.5,4.52,-33.1,-34.32000000000001,5.8500000000000005,1.0,5.8500000000000005,1.5,1,1,0.0,0.0,0,Poll spillover active but signal file missing,House fundamentals calculated as 70%*2024 presidential margin + 30%*2020 presidential margin + national environment * district elasticity + state environment adjustment + incumbency + candidate quality + candidate event adjustment + special adjustment.,/Users/benyelin/Desktop/Desktop - Ben’s MacBook Air/senate_model_python_Q1_auto_calendar_candidate_refresh/inputs/national_environment.csv,,,0.0,0.0,0.0,False,,0.0,1.0,-28.72225,5.75,0.0082681525229694,2.499875006249687e-05,-28.666714463788654,0.3937499999999999,Only R matched,,Michael Rulli,0.0,-0.75,Only R matched,0.0,0.0,0,,
OH,7,OH-7,Midwest,Mixed,High,Very High,Low,Low,Unknown,High College / Very High White,High College / Very High White / Low Black / Low Hispanic / Unknown Income,standard,D_vs_R,,,OH,Midwest,Mixed,0.0,"Miller, Max",R,R,R,True,False,"Poindexter, Brian","Miller, Max",,True,False,False,True,-11.0,-9.6,-2.7,-10.886,1.0,,5.8500000000000005,5.8500000000000005,-1.5,-0.0127272727272727,0.0,-3.5487272727272714,6.488480499196906,5,True,1.469876613234817,0.5763461826908655,,-10.886,0.95,0.0,0.05,1.0,District type base: Mixed=0.95. Partisan baseline adjustment: +0.00. Region adjustment: Midwest=+0.05. No manual override. Final elasticity: 1.00.,1.0,-1.5,4.52,-9.5,-14.12,5.8500000000000005,1.0,5.8500000000000005,1.5,1,1,0.0,0.0,0,Poll spillover active but signal file missing,House fundamentals calculated as 70%*2024 presidential margin + 30%*2020 presidential margin + national environment * district elasticity + state environment adjustment + incumbency + candidate quality + candidate event adjustment + special adjustment.,/Users/benyelin/Desktop/Desktop - Ben’s MacBook Air/senate_model_python_Q1_auto_calendar_candidate_refresh/inputs/national_environment.csv,2026-08-06,53.2,2.0479237969833353,4.366355719437837,0.2671003044655074,False,"Manual House polling average from 5 poll(s): GBAO, GBAO, Unknown, Co/Efficient, Tavern Research",0.5,0.5,1.469876613234817,5.03125,0.5609403855867151,0.5763461826908655,1.4924033193520063,-0.0127272727272727,Only R matched,,Max Miller,0.0,0.0242424242424242,Only R matched,0.0,3.0,1,2026-house-oh-07-939c3ad0,Article
OH,8,OH-8,Midwest,Rural,Medium,Very High,Medium,Low,Unknown,Medium College / Very High White,Medium College / Very High White / Medium Black / Low Hispanic / Unknown Income,standard,D_vs_R,,,OH,Midwest,Rural,0.0,"Davidson, Warren",R,R,R,True,False,"Enoch, Vanessa","Davidson, Warren",,True,False,False,True,-15.6,-14.700000000000005,-7.300000000000001,-15.636,1.0,,5.8500000000000005,5.8500000000000005,-1.5,0.1750776397515526,0.0,-11.110922360248448,,0,False,-11.110922360248448,0.0691715414229288,,-15.636,0.8,-0.1,0.05,0.7500000000000001,District type base: Rural=0.80. Partisan baseline adjustment: -0.10. Region adjustment: Midwest=+0.05. No manual override. Final elasticity: 0.75.,0.7500000000000001,-1.5,4.52,-14.1,-19.22000000000001,5.8500000000000005,1.0,5.8500000000000005,1.5,1,1,0.0,0.0,0,Poll spillover active but signal file missing,House fundamentals calculated as 70%*2024 presidential margin + 30%*2020 presidential margin + national environment * district elasticity + state environment adjustment + incumbency + candidate quality + candidate event adjustment + special adjustment.,/Users/benyelin/Desktop/Desktop - Ben’s MacBook Air/senate_model_python_Q1_auto_calendar_candidate_refresh/inputs/national_environment.csv,,,0.0,0.0,0.0,False,,0.0,1.0,-11.110922360248448,5.75,0.1356593036185141,0.0691715414229288,-11.15480847614031,0.1750776397515526,Both matched,Vanessa Enoch,Warren Davidson,0.1684782608695651,-0.0816326530612244,Both matched,0.0,0.0,0,,
OH,9,OH-9,Midwest,Mixed,Medium,Very High,Medium,Low,Unknown,Medium College / Very High White,Medium College / Very High White / Medium Black / Low Hispanic / Unknown Income,standard,D_vs_R,,,OH,Midwest,Mixed,0.0,"Kaptur, Marcy",D,D,D,True,False,"Kaptur, Marcy","Merrin, Derek",,False,True,True,False,-10.5,-6.700000000000003,-2.2,-9.666,1.0,,5.8500000000000005,5.8500000000000005,1.5,4.0,0.0,1.6840000000000002,-3.0,1,True,1.3151350000000002,0.564446777661117,,-9.666,0.95,0.0,0.05,1.0,District type base: Mixed=0.95. Partisan baseline adjustment: +0.00. Region adjustment: Midwest=+0.05. No manual override. Final elasticity: 1.00.,1.0,-1.5,4.52,-9.0,-11.220000000000002,5.8500000000000005,1.0,5.8500000000000005,1.5,1,1,0.0,0.0,0,Poll spillover active but signal file missing,House fundamentals calculated as 70%*2024 presidential margin + 30%*2020 presidential margin + national environment * district elasticity + state environment adjustment + incumbency + candidate quality + candidate event adjustment + special adjustment.,/Users/benyelin/Desktop/Desktop - Ben’s MacBook Air/senate_model_python_Q1_auto_calendar_candidate_refresh/inputs/national_environment.csv,2026-04-20,141.0,0.0797371517656933,1.0,1.0,True,Manual House polling average from 1 poll(s): McLaughlin,0.0787499999999999,0.92125,1.3151350000000002,5.636796875,0.5545789510088321,0.564446777661117,1.3006382016189977,4.0,Both matched,Marcy Kaptur,Derrick Merrin,3.5340000000000003,-2.4,Both matched,0.0,0.0,0,,
OH,10,OH-10,Midwest,Suburban,Medium,High,Medium,Low,Unknown,Medium College / High White,Medium College / High White / Medium Black / Low Hispanic / Unknown Income,standard,D_vs_R,,,OH,Midwest,Suburban,0.0,"Turner, Michael",R,R,R,True,False,"Knickerbocker, Chrstina","Turner, Michael",,True,False,False,True,-7.7,-5.800000000000004,0.5999999999999996,-7.436000000000001,1.0,,5.8500000000000005,5.8500000000000005,-1.5,-2.92635,0.0,-6.01235,-6.688208516433003,3,True,-6.264117354845296,0.1999150042497875,,-7.436000000000001,1.1,0.0,0.05,1.15,District type base: Suburban=1.10. Partisan baseline adjustment: +0.00. Region adjustment: Midwest=+0.05. No manual override. Final elasticity: 1.15.,1.15,-1.5,4.52,-6.2,-10.320000000000004,5.8500000000000005,1.0,5.8500000000000005,1.5,1,1,0.0,0.0,0,Poll spillover active but signal file missing,House fundamentals calculated as 70%*2024 presidential margin + 30%*2020 presidential margin + national environment * district elasticity + state environment adjustment + incumbency + candidate quality + candidate event adjustment + special adjustment.,/Users/benyelin/Desktop/Desktop - Ben’s MacBook Air/senate_model_python_Q1_auto_calendar_candidate_refresh/inputs/national_environment.csv,2026-07-23,50.666666666666664,1.1431105499669831,2.9751488103465147,0.6235829671339931,False,"Manual House polling average from 3 poll(s): FM3 Research, Global Strategy Group, Global Strategy Group",0.3725148810346514,0.6274851189653485,-6.264117354845296,5.214509858512689,0.2603751622052028,0.1999150042497875,-6.3165255534750875,-2.92635,Only R matched,,Mike Turner,0.0,5.574,Only R matched,0.0,0.0,0,,
OH,11,OH-11,Midwest,Urban,Medium,Low,High,Low,Unknown,Medium College / Low White,Medium College / Low White / High Black / Low Hispanic / Unknown Income,standard,D_vs_R,,,OH,Midwest,Urban,0.0,"Brown, Shontel",D,D,D,True,False,"Brown, Shontel","Kirchner, Mike",,False,True,True,False,55.0,57.599999999999994,63.3,55.474,1.0,,5.8500000000000005,5.8500000000000005,1.5,0.4247727272727272,0.0,63.24877272727272,,0,False,63.24877272727272,0.9999750012499375,,55.474,0.7,-0.2,0.05,0.55,District type base: Urban=0.70. Partisan baseline adjustment: -0.20. Region adjustment: Midwest=+0.05. No manual override. Final elasticity: 0.55.,0.55,-1.5,4.52,56.5,53.08,5.8500000000000005,1.0,5.8500000000000005,1.5,1,1,0.0,0.0,0,Poll spillover active but signal file missing,House fundamentals calculated as 70%*2024 presidential margin + 30%*2020 presidential margin + national environment * district elasticity + state environment adjustment + incumbency + candidate quality + candidate event adjustment + special adjustment.,/Users/benyelin/Desktop/Desktop - Ben’s MacBook Air/senate_model_python_Q1_auto_calendar_candidate_refresh/inputs/national_environment.csv,,,0.0,0.0,0.0,False,,0.0,1.0,63.24877272727272,5.75,0.9999735826228492,0.9999750012499375,63.22436325701282,0.4247727272727272,Only D matched,Shontel Brown,,0.809090909090909,0.0,Only D matched,0.0,0.0,0,,
OH,12,OH-12,Midwest,Exurban,Medium,Very High,Low,Low,Unknown,Medium College / Very High White,Medium College / Very High White / Low Black / Low Hispanic / Unknown Income,standard,D_vs_R,,,OH,Midwest,Exurban,0.0,"Balderson, Troy",R,R,R,True,False,"Christian, Jerrad","Balderson, Troy",,True,False,False,True,-30.0,-28.90000000000001,-21.7,-29.976,1.0,,5.8500000000000005,5.8500000000000005,-1.5,-0.9533695652173912,0.0,-26.579369565217387,,0,False,-26.579369565217387,0.0001249937503124,,-29.976,1.0,-0.2,0.05,0.8500000000000001,District type base: Exurban=1.00. Partisan baseline adjustment: -0.20. Region adjustment: Midwest=+0.05. No manual override. Final elasticity: 0.85.,0.8500000000000001,-1.5,4.52,-28.5,-33.42000000000001,5.8500000000000005,1.0,5.8500000000000005,1.5,1,1,0.0,0.0,0,Poll spillover active but signal file missing,House fundamentals calculated as 70%*2024 presidential margin + 30%*2020 presidential margin + national environment * district elasticity + state environment adjustment + incumbency + candidate quality + candidate event adjustment + special adjustment.,/Users/benyelin/Desktop/Desktop - Ben’s MacBook Air/senate_model_python_Q1_auto_calendar_candidate_refresh/inputs/national_environment.csv,,,0.0,0.0,0.0,False,,0.0,1.0,-26.579369565217387,5.75,0.0117754286579534,0.0001249937503124,-26.646924230854527,-0.9533695652173912,Both matched,Jerrad Christian,Troy Balderson,-0.45,0.9119565217391306,Both matched,0.0,0.0,0,,
OH,13,OH-13,Midwest,Mixed,Medium,Very High,Medium,Low,Unknown,Medium College / Very High White,Medium College / Very High White / Medium Black / Low Hispanic / Unknown Income,standard,D_vs_R,,,OH,Midwest,Mixed,0.0,"Sykes, Emilia",D,D,D,True,False,"Sykes, Emilia","Coleman, Carey",,False,True,True,False,3.2,5.900000000000006,11.5,3.704000000000002,1.0,,5.8500000000000005,5.8500000000000005,1.5,0.5090909090909091,0.0,11.563090909090912,,0,False,11.563090909090912,0.9387280635968202,,3.704000000000002,0.95,0.1,0.05,1.1,District type base: Mixed=0.95. Partisan baseline adjustment: +0.10. Region adjustment: Midwest=+0.05. No manual override. Final elasticity: 1.10.,1.1,-1.5,4.52,4.7,1.380000000000006,5.8500000000000005,1.0,5.8500000000000005,1.5,1,1,0.0,0.0,0,Poll spillover active but signal file missing,House fundamentals calculated as 70%*2024 presidential margin + 30%*2020 presidential margin + national environment * district elasticity + state environment adjustment + incumbency + candidate quality + candidate event adjustment + special adjustment.,/Users/benyelin/Desktop/Desktop - Ben’s MacBook Air/senate_model_python_Q1_auto_calendar_candidate_refresh/inputs/national_environment.csv,,,0.0,0.0,0.0,False,,0.0,1.0,11.563090909090912,5.75,0.8729371615349814,0.9387280635968202,11.552827945346568,0.5090909090909091,Only D matched,Emilia Sykes,,0.9696969696969698,0.0,Only D matched,0.0,0.0,0,,
OH,14,OH-14,Midwest,Mixed,Medium,Very High,Low,Low,Unknown,Medium College / Very High White,Medium College / Very High White / Low Black / Low Hispanic / Unknown Income,standard,D_vs_R,,,OH,Midwest,Mixed,0.0,"Joyce, David",R,R,R,True,False,"Jukic, Maria","Joyce, David",,True,False,False,True,-20.3,-17.1,-12.0,-19.646,1.0,,5.8500000000000005,5.8500000000000005,-1.5,-1.36185,0.0,-16.65785,,0,False,-16.65785,0.0141242937853107,,-19.646,0.95,-0.1,0.05,0.9,District type base: Mixed=0.95. Partisan baseline adjustment: -0.10. Region adjustment: Midwest=+0.05. No manual override. Final elasticity: 0.90.,0.9,-1.5,4.52,-18.8,-21.62,5.8500000000000005,1.0,5.8500000000000005,1.5,1,1,0.0,0.0,0,Poll spillover active but signal file missing,House fundamentals calculated as 70%*2024 presidential margin + 30%*2020 presidential margin + national environment * district elasticity + state environment adjustment + incumbency + candidate quality + candidate event adjustment + special adjustment.,/Users/benyelin/Desktop/Desktop - Ben’s MacBook Air/senate_model_python_Q1_auto_calendar_candidate_refresh/inputs/national_environment.csv,,,0.0,0.0,0.0,False,,0.0,1.0,-16.65785,5.75,0.0586179370010159,0.0141242937853107,-16.641938920300664,-1.36185,Only R matched,,David Joyce,0.0,2.5940000000000003,Only R matched,0.0,0.0,0,,
OH,15,OH-15,Midwest,Exurban,Medium,Very High,Medium,Low,Unknown,Medium College / Very High White,Medium College / Very High White / Medium Black / Low Hispanic / Unknown Income,standard,D_vs_R,,,OH,Midwest,Exurban,0.0,"Carey, Mike",R,R,R,True,False,"Leonard, Don","Carey, Mike",,True,False,False,True,-10.0,-7.399999999999999,-1.7000000000000002,-9.525999999999998,1.0,,5.8500000000000005,5.8500000000000005,-1.5,0.0206818181818181,0.0,-5.1553181818181795,-4.03006225047123,2,True,-4.846126805534075,0.251712414379281,,-9.525999999999998,1.0,0.0,0.05,1.05,District type base: Exurban=1.00. Partisan baseline adjustment: +0.00. Region adjustment: Midwest=+0.05. No manual override. Final elasticity: 1.05.,1.05,-1.5,4.52,-8.5,-11.919999999999998,5.8500000000000005,1.0,5.8500000000000005,1.5,1,1,0.0,0.0,0,Poll spillover active but signal file missing,House fundamentals calculated as 70%*2024 presidential margin + 30%*2020 presidential margin + national environment * district elasticity + state environment adjustment + incumbency + candidate quality + candidate event adjustment + special adjustment.,/Users/benyelin/Desktop/Desktop - Ben’s MacBook Air/senate_model_python_Q1_auto_calendar_candidate_refresh/inputs/national_environment.csv,2026-06-25,77.0,0.5522303773022422,1.9981941542063073,0.5150311252356149,False,"Manual House polling average from 2 poll(s): Tulchin, Hart Research Associates",0.2747742692757884,0.7252257307242116,-4.846126805534075,5.355011987916054,0.3083834300455,0.251712414379281,-4.893171956774055,0.0206818181818181,Only R matched,,Mike Carey,0.0,-0.0393939393939393,Only R matched,0.0,0.0,0,,
OK,1,OK-1,Great Plains,Rural,Medium,Medium,Medium,Low,Unknown,Medium College / Medium White,Medium College / Medium White / Medium Black / Low Hispanic / Unknown Income,standard,Unresolved,,,OK,Great Plains,Rural,0.0,"Hern, Kevin",R,R,R,False,True,"Croisant, John","Tedford, Mark",,True,True,False,False,-21.5,-21.4,-13.2,-21.776,1.0,,5.8500000000000005,5.8500000000000005,0.0,0.0,0.0,-15.925999999999998,,0,False,-15.925999999999998,0.0177241137943102,,-21.776,0.8,-0.1,-0.05,0.65,District type base: Rural=0.80. Partisan baseline adjustment: -0.10. Region adjustment: Great Plains=-0.05. No manual override. Final elasticity: 0.65.,0.65,-1.5,4.52,-20.0,-25.92,5.8500000000000005,1.0,5.8500000000000005,1.5,1,1,0.0,0.0,0,Poll spillover active but signal file missing,House fundamentals calculated as 70%*2024 presidential margin + 30%*2020 presidential margin + national environment * district elasticity + state environment adjustment + incumbency + candidate quality + candidate event adjustment + special adjustment.,/Users/benyelin/Desktop/Desktop - Ben’s MacBook Air/senate_model_python_Q1_auto_calendar_candidate_refresh/inputs/national_environment.csv,,,0.0,0.0,0.0,False,,0.0,1.0,-15.925999999999998,5.75,0.0657224286103315,0.0177241137943102,-15.987643239173028,0.0,Neither matched,,,0.0,0.0,Neither matched,0.0,0.0,0,,
OK,2,OK-2,Great Plains,Rural,Low,High,Low,Low,Unknown,Low College / High White,Low College / High White / Low Black / Low Hispanic / Unknown Income,standard,Unresolved,,,OK,Great Plains,Rural,0.0,"Brecheen, Josh",R,R,R,True,False,"Wade, Brandon","Brecheen, Josh",,True,False,False,True,-55.6,-53.4,-47.3,-55.245999999999995,1.0,,5.8500000000000005,5.8500000000000005,-1.5,3.3334848484848485,0.0,-47.56251515151514,,0,False,-47.56251515151514,2.499875006249687e-05,,-55.245999999999995,0.8,-0.2,-0.05,0.55,District type base: Rural=0.80. Partisan baseline adjustment: -0.20. Region adjustment: Great Plains=-0.05. No manual override. Final elasticity: 0.55.,0.55,-1.5,4.52,-54.1,-57.92,5.8500000000000005,1.0,5.8500000000000005,1.5,1,1,0.0,0.0,0,Poll spillover active but signal file missing,House fundamentals calculated as 70%*2024 presidential margin + 30%*2020 presidential margin + national environment * district elasticity + state environment adjustment + incumbency + candidate quality + candidate event adjustment + special adjustment.,/Users/benyelin/Desktop/Desktop - Ben’s MacBook Air/senate_model_python_Q1_auto_calendar_candidate_refresh/inputs/national_environment.csv,,,0.0,0.0,0.0,False,,0.0,1.0,-47.56251515151514,5.75,0.0003607062546442,2.499875006249687e-05,-47.59226277846313,3.3334848484848485,Both matched,Brandon Wade,Josh Brecheen,2.45,-2.3121212121212125,Both matched,0.0,0.0,0,,
OK,3,OK-3,Great Plains,Rural,Low,High,Low,Medium,Unknown,Low College / High White,Low College / High White / Low Black / Medium Hispanic / Unknown Income,standard,Unresolved,,,OK,Great Plains,Rural,0.0,"Lucas, Frank",R,R,R,True,False,"Byrd, Suzie","Lucas, Frank",,True,False,False,True,-44.8,-42.8,-36.5,-44.50599999999999,1.0,,5.8500000000000005,5.8500000000000005,-1.5,0.1959999999999999,0.0,-39.959999999999994,,0,False,-39.959999999999994,2.499875006249687e-05,,-44.50599999999999,0.8,-0.2,-0.05,0.55,District type base: Rural=0.80. Partisan baseline adjustment: -0.20. Region adjustment: Great Plains=-0.05. No manual override. Final elasticity: 0.55.,0.55,-1.5,4.52,-43.3,-47.31999999999999,5.8500000000000005,1.0,5.8500000000000005,1.5,1,1,0.0,0.0,0,Poll spillover active but signal file missing,House fundamentals calculated as 70%*2024 presidential margin + 30%*2020 presidential margin + national environment * district elasticity + state environment adjustment + incumbency + candidate quality + candidate event adjustment + special adjustment.,/Users/benyelin/Desktop/Desktop - Ben’s MacBook Air/senate_model_python_Q1_auto_calendar_candidate_refresh/inputs/national_environment.csv,,,0.0,0.0,0.0,False,,0.0,1.0,-39.959999999999994,5.75,0.001279507134463,2.499875006249687e-05,-39.970262865819016,0.1959999999999999,Only R matched,,Frank Lucas,0.0,-0.3733333333333333,Only R matched,0.0,0.0,0,,
OK,4,OK-4,Great Plains,Rural,Medium,High,Low,Low,Unknown,Medium College / High White,Medium College / High White / Low Black / Low Hispanic / Unknown Income,standard,Unresolved,,,OK,Great Plains,Rural,0.0,"Cole, Tom",R,R,R,True,False,"Jacob, Mitchell","Cole, Tom",,True,False,False,True,-32.9,-30.90000000000001,-24.6,-32.606,1.0,,5.8500000000000005,5.8500000000000005,-1.5,-0.0329999999999999,0.0,-28.289,,0,False,-28.289,7.499625018749062e-05,,-32.606,0.8,-0.2,-0.05,0.55,District type base: Rural=0.80. Partisan baseline adjustment: -0.20. Region adjustment: Great Plains=-0.05. No manual override. Final elasticity: 0.55.,0.55,-1.5,4.52,-31.4,-35.42000000000001,5.8500000000000005,1.0,5.8500000000000005,1.5,1,1,0.0,0.0,0,Poll spillover active but signal file missing,House fundamentals calculated as 70%*2024 presidential margin + 30%*2020 presidential margin + national environment * district elasticity + state environment adjustment + incumbency + candidate quality + candidate event adjustment + special adjustment.,/Users/benyelin/Desktop/Desktop - Ben’s MacBook Air/senate_model_python_Q1_auto_calendar_candidate_refresh/inputs/national_environment.csv,,,0.0,0.0,0.0,False,,0.0,1.0,-28.289,5.75,0.0088817667970551,7.499625018749062e-05,-28.28801027372151,-0.0329999999999999,Only R matched,,Tom Cole,0.0,0.0628571428571428,Only R matched,0.0,0.0,0,,
OK,5,OK-5,Great Plains,Mixed,High,High,Medium,Low,Unknown,High College / High White,High College / High White / Medium Black / Low Hispanic / Unknown Income,standard,Unresolved,,,OK,Great Plains,Mixed,0.0,"Bice, Stephanie",R,R,R,True,False,"Nelson, Jena","Bice, Stephanie",,True,False,False,True,-18.2,-18.4,-9.9,-18.566,1.0,,5.8500000000000005,5.8500000000000005,-1.5,0.6485670731707318,0.0,-13.567432926829266,-1.5,1,True,-12.61712258384146,0.0456227188640568,,-18.566,0.95,-0.1,-0.05,0.7999999999999999,District type base: Mixed=0.95. Partisan baseline adjustment: -0.10. Region adjustment: Great Plains=-0.05. No manual override. Final elasticity: 0.80.,0.7999999999999999,-1.5,4.52,-16.7,-22.92,5.8500000000000005,1.0,5.8500000000000005,1.5,1,1,0.0,0.0,0,Poll spillover active but signal file missing,House fundamentals calculated as 70%*2024 presidential margin + 30%*2020 presidential margin + national environment * district elasticity + state environment adjustment + incumbency + candidate quality + candidate event adjustment + special adjustment.,/Users/benyelin/Desktop/Desktop - Ben’s MacBook Air/senate_model_python_Q1_auto_calendar_candidate_refresh/inputs/national_environment.csv,2026-07-10,60.0,0.3335303044969772,1.0,1.0,True,Manual House polling average from 1 poll(s): Unknown,0.0787499999999999,0.92125,-12.61712258384146,5.636796875,0.1088197597113288,0.0456227188640568,-12.634926700542568,0.6485670731707318,Only R matched,,Stephanie Bice,0.0,-1.2353658536585368,Only R matched,0.0,0.0,0,,
OR,1,OR-1,Pacific,Suburban,High,High,Low,Low,Unknown,High College / High White,High College / High White / Low Black / Low Hispanic / Unknown Income,standard,D_vs_R,,,OR,Pacific,Suburban,0.0,"Bonamici, Suzanne",D,D,D,True,False,"Bonamici, Suzanne","Kahl, Barbara",,False,True,True,False,37.6,38.8,45.9,37.654,1.0,,5.8500000000000005,5.8500000000000005,1.5,0.0393749999999999,0.0,45.043375000000005,,0,False,45.043375000000005,0.9999750012499375,,37.654,1.1,-0.2,-0.05,0.8500000000000001,District type base: Suburban=1.10. Partisan baseline adjustment: -0.20. Region adjustment: Pacific=-0.05. No manual override. Final elasticity: 0.85.,0.8500000000000001,-1.5,4.52,39.1,34.28,5.8500000000000005,1.0,5.8500000000000005,1.5,1,1,0.0,0.0,0,Poll spillover active but signal file missing,House fundamentals calculated as 70%*2024 presidential margin + 30%*2020 presidential margin + national environment * district elasticity + state environment adjustment + incumbency + candidate quality + candidate event adjustment + special adjustment.,/Users/benyelin/Desktop/Desktop - Ben’s MacBook Air/senate_model_python_Q1_auto_calendar_candidate_refresh/inputs/national_environment.csv,,,0.0,0.0,0.0,False,,0.0,1.0,45.043375000000005,5.75,0.9994512008972116,0.9999750012499375,45.01728229245715,0.0393749999999999,Only D matched,Suzanne Bonamici,,0.0749999999999999,0.0,Only D matched,0.0,0.0,0,,
OR,2,OR-2,Pacific,Rural,Low,Very High,Low,Low,Unknown,Low College / Very High White,Low College / Very High White / Low Black / Low Hispanic / Unknown Income,standard,D_vs_R,,,OR,Pacific,Rural,0.0,"Bentz, Cliff",R,R,R,True,False,"Beck, Chris","Bentz, Cliff",,True,False,False,True,-27.1,-24.300000000000004,-18.8,-26.566,1.0,,5.8500000000000005,5.8500000000000005,-1.5,-0.6735365853658536,0.0,-22.88953658536585,,0,False,-22.88953658536585,0.0014249287535623,,-26.566,0.8,-0.2,-0.05,0.55,District type base: Rural=0.80. Partisan baseline adjustment: -0.20. Region adjustment: Pacific=-0.05. No manual override. Final elasticity: 0.55.,0.55,-1.5,4.52,-25.6,-28.820000000000004,5.8500000000000005,1.0,5.8500000000000005,1.5,1,1,0.0,0.0,0,Poll spillover active but signal file missing,House fundamentals calculated as 70%*2024 presidential margin + 30%*2020 presidential margin + national environment * district elasticity + state environment adjustment + incumbency + candidate quality + candidate event adjustment + special adjustment.,/Users/benyelin/Desktop/Desktop - Ben’s MacBook Air/senate_model_python_Q1_auto_calendar_candidate_refresh/inputs/national_environment.csv,,,0.0,0.0,0.0,False,,0.0,1.0,-22.88953658536585,5.75,0.0215641552183744,0.0014249287535623,-22.87720318692254,-0.6735365853658536,Only R matched,,Cliff Bentz,0.0,1.2829268292682927,Only R matched,0.0,0.0,0,,
OR,3,OR-3,Pacific,Urban,Very High,High,Low,Low,Unknown,Very High College / High White,Very High College / High White / Low Black / Low Hispanic / Unknown Income,standard,D_vs_R,,,OR,Pacific,Urban,0.0,"Dexter, Maxine",D,D,D,True,False,"Dexter, Maxine","Ayles, Loran",,False,True,True,False,45.6,47.0,53.9,45.714,1.0,,5.8500000000000005,5.8500000000000005,1.5,0.0,0.0,53.064,,0,False,53.064,0.9999750012499375,,45.714,0.7,-0.2,-0.05,0.55,District type base: Urban=0.70. Partisan baseline adjustment: -0.20. Region adjustment: Pacific=-0.05. No manual override. Final elasticity: 0.55.,0.55,-1.5,4.52,47.1,42.48,5.8500000000000005,1.0,5.8500000000000005,1.5,1,1,0.0,0.0,0,Poll spillover active but signal file missing,House fundamentals calculated as 70%*2024 presidential margin + 30%*2020 presidential margin + national environment * district elasticity + state environment adjustment + incumbency + candidate quality + candidate event adjustment + special adjustment.,/Users/benyelin/Desktop/Desktop - Ben’s MacBook Air/senate_model_python_Q1_auto_calendar_candidate_refresh/inputs/national_environment.csv,,,0.0,0.0,0.0,False,,0.0,1.0,53.064,5.75,0.9998557761907728,0.9999750012499375,53.07240034078908,0.0,Only D matched,Maxine Dexter,,0.0,0.0,Only D matched,0.0,0.0,0,,
OR,4,OR-4,Pacific,Mixed,Medium,Very High,Low,Low,Unknown,Medium College / Very High White,Medium College / Very High White / Low Black / Low Hispanic / Unknown Income,standard,D_vs_R,,,OR,Pacific,Mixed,0.0,"Hoyle, Val",D,D,D,True,False,"Hoyle, Val","DeSpain, Monique",,False,True,True,False,12.0,12.700000000000005,20.3,11.904,1.0,,5.8500000000000005,5.8500000000000005,1.5,-3.5413636363636356,0.0,15.712636363636364,,0,False,15.712636363636364,0.9825758712064396,,11.904,0.95,0.0,-0.05,0.8999999999999999,District type base: Mixed=0.95. Partisan baseline adjustment: +0.00. Region adjustment: Pacific=-0.05. No manual override. Final elasticity: 0.90.,0.8999999999999999,-1.5,4.52,13.5,8.180000000000005,5.8500000000000005,1.0,5.8500000000000005,1.5,1,1,0.0,0.0,0,Poll spillover active but signal file missing,House fundamentals calculated as 70%*2024 presidential margin + 30%*2020 presidential margin + national environment * district elasticity + state environment adjustment + incumbency + candidate quality + candidate event adjustment + special adjustment.,/Users/benyelin/Desktop/Desktop - Ben’s MacBook Air/senate_model_python_Q1_auto_calendar_candidate_refresh/inputs/national_environment.csv,,,0.0,0.0,0.0,False,,0.0,1.0,15.712636363636364,5.75,0.9320600316436648,0.9825758712064396,15.67399661320226,-3.5413636363636356,Both matched,Val Hoyle,Monique DeSpain,-1.9090909090909092,3.15,Both matched,0.0,0.0,0,,
OR,5,OR-5,Pacific,Mixed,High,Very High,Low,Low,Unknown,High College / Very High White,High College / Very High White / Low Black / Low Hispanic / Unknown Income,standard,D_vs_R,,,OR,Pacific,Mixed,0.0,"Bynum, Janelle",D,D,D,True,False,"Bynum, Janelle","Adair, Patti",,False,True,True,False,8.6,8.799999999999997,16.9,8.354,1.0,,5.8500000000000005,5.8500000000000005,1.5,-0.23625,0.0,15.46775,,0,False,15.46775,0.9782760861956902,,8.354,0.95,0.0,-0.05,0.8999999999999999,District type base: Mixed=0.95. Partisan baseline adjustment: +0.00. Region adjustment: Pacific=-0.05. No manual override. Final elasticity: 0.90.,0.8999999999999999,-1.5,4.52,10.1,4.279999999999998,5.8500000000000005,1.0,5.8500000000000005,1.5,1,1,0.0,0.0,0,Poll spillover active but signal file missing,House fundamentals calculated as 70%*2024 presidential margin + 30%*2020 presidential margin + national environment * district elasticity + state environment adjustment + incumbency + candidate quality + candidate event adjustment + special adjustment.,/Users/benyelin/Desktop/Desktop - Ben’s MacBook Air/senate_model_python_Q1_auto_calendar_candidate_refresh/inputs/national_environment.csv,,,0.0,0.0,0.0,False,,0.0,1.0,15.46775,5.75,0.9294294728737724,0.9782760861956902,15.446815418202233,-0.23625,Only D matched,Janelle Bynum,,-0.45,0.0,Only D matched,0.0,0.0,0,,
OR,6,OR-6,Pacific,Mixed,Medium,High,Low,Medium,Unknown,Medium College / High White,Medium College / High White / Low Black / Medium Hispanic / Unknown Income,standard,D_vs_R,,,OR,Pacific,Mixed,0.0,"Salinas, Andrea",D,D,D,True,False,"Salinas, Andrea","Russ, David",,False,True,True,False,11.3,13.099999999999994,19.6,11.533999999999995,1.0,,5.8500000000000005,5.8500000000000005,1.5,-1.6044318181818185,0.0,17.279568181818178,,0,False,17.279568181818178,0.9899755012249388,,11.533999999999995,0.95,0.0,-0.05,0.8999999999999999,District type base: Mixed=0.95. Partisan baseline adjustment: +0.00. Region adjustment: Pacific=-0.05. No manual override. Final elasticity: 0.90.,0.8999999999999999,-1.5,4.52,12.8,8.579999999999995,5.8500000000000005,1.0,5.8500000000000005,1.5,1,1,0.0,0.0,0,Poll spillover active but signal file missing,House fundamentals calculated as 70%*2024 presidential margin + 30%*2020 presidential margin + national environment * district elasticity + state environment adjustment + incumbency + candidate quality + candidate event adjustment + special adjustment.,/Users/benyelin/Desktop/Desktop - Ben’s MacBook Air/senate_model_python_Q1_auto_calendar_candidate_refresh/inputs/national_environment.csv,,,0.0,0.0,0.0,False,,0.0,1.0,17.279568181818178,5.75,0.9468452415317836,0.9899755012249388,17.280596301916873,-1.6044318181818185,Only D matched,Andrea Salinas,,-3.0560606060606066,0.0,Only D matched,0.0,0.0,0,,
PA,1,PA-1,Mid-Atlantic,Suburban,High,Very High,Low,Low,Unknown,High College / Very High White,High College / Very High White / Low Black / Low Hispanic / Unknown Income,standard,D_vs_R,,,PA,Mid-Atlantic,Suburban,0.0,"Fitzpatrick, Brian",R,R,R,True,False,"Harvie, Bob","Fitzpatrick, Brian",,True,False,False,True,0.3,4.599999999999994,8.6,1.2839999999999985,1.0,,5.8500000000000005,5.8500000000000005,-1.5,-2.8478571428571424,0.0,2.786142857142856,-2.369314809216331,3,True,1.3399067247815395,0.5728963551822409,,1.2839999999999985,1.1,0.1,0.0,1.2000000000000002,District type base: Suburban=1.10. Partisan baseline adjustment: +0.10. Region adjustment: Mid-Atlantic=+0.00. No manual override. Final elasticity: 1.20.,1.2000000000000002,-1.5,4.52,1.8,0.0799999999999947,5.8500000000000005,1.0,5.8500000000000005,1.5,1,1,0.0,0.0,0,Poll spillover active but signal file missing,House fundamentals calculated as 70%*2024 presidential margin + 30%*2020 presidential margin + national environment * district elasticity + state environment adjustment + incumbency + candidate quality + candidate event adjustment + special adjustment.,/Users/benyelin/Desktop/Desktop - Ben’s MacBook Air/senate_model_python_Q1_auto_calendar_candidate_refresh/inputs/national_environment.csv,2026-08-23,72.0,1.2736683971557672,2.0552526583593425,0.5914336587785054,False,"Manual House polling average from 3 poll(s): Global Strategy Group, GSG, GQR",0.2805252658359343,0.7194747341640657,1.3399067247815395,5.3467449303608445,0.555598576410466,0.5728963551822409,1.3985686677899618,-2.8478571428571424,Only R matched,,Brian Fitzpatrick,0.0,5.424489795918367,Only R matched,0.0,0.0,0,,
PA,2,PA-2,Mid-Atlantic,Urban,Medium,Low,High,Medium,Unknown,Medium College / Low White,Medium College / Low White / High Black / Medium Hispanic / Unknown Income,standard,D_vs_R,,,PA,Mid-Atlantic,Urban,0.0,"Boyle, Brendan",D,D,D,True,False,"Boyle, Brendan","Arriaga, Jessica",,False,True,True,False,35.7,42.7,44.0,37.494,1.0,,5.8500000000000005,5.8500000000000005,1.5,1.071223404255319,0.0,45.91522340425532,,0,False,45.91522340425532,0.9999750012499375,,37.494,0.7,-0.2,0.0,0.55,District type base: Urban=0.70. Partisan baseline adjustment: -0.20. Region adjustment: Mid-Atlantic=+0.00. No manual override. Final elasticity: 0.55.,0.55,-1.5,4.52,37.2,38.18000000000001,5.8500000000000005,1.0,5.8500000000000005,1.5,1,1,0.0,0.0,0,Poll spillover active but signal file missing,House fundamentals calculated as 70%*2024 presidential margin + 30%*2020 presidential margin + national environment * district elasticity + state environment adjustment + incumbency + candidate quality + candidate event adjustment + special adjustment.,/Users/benyelin/Desktop/Desktop - Ben’s MacBook Air/senate_model_python_Q1_auto_calendar_candidate_refresh/inputs/national_environment.csv,,,0.0,0.0,0.0,False,,0.0,1.0,45.91522340425532,5.75,0.9995253875393106,0.9999750012499375,45.91779275193633,1.071223404255319,Only D matched,Brendan Boyle,,2.0404255319148934,0.0,Only D matched,0.0,0.0,0,,
PA,3,PA-3,Mid-Atlantic,Urban,High,Low,Very High,Low,Unknown,High College / Low White,High College / Low White / Very High Black / Low Hispanic / Unknown Income,standard,uncontested,,,PA,Mid-Atlantic,Urban,0.0,"Evans, Dwight",D,D,D,True,False,"Rabb, Chris",,,False,True,True,False,77.3,80.8,85.6,78.044,1.0,,5.8500000000000005,5.8500000000000005,1.5,0.0,0.0,85.39399999999999,,0,False,85.39399999999999,0.9999750012499375,,78.044,0.7,-0.2,0.0,0.55,District type base: Urban=0.70. Partisan baseline adjustment: -0.20. Region adjustment: Mid-Atlantic=+0.00. No manual override. Final elasticity: 0.55.,0.55,-1.5,4.52,78.8,76.28,5.8500000000000005,1.0,5.8500000000000005,1.5,1,1,0.0,0.0,0,Poll spillover active but signal file missing,House fundamentals calculated as 70%*2024 presidential margin + 30%*2020 presidential margin + national environment * district elasticity + state environment adjustment + incumbency + candidate quality + candidate event adjustment + special adjustment.,/Users/benyelin/Desktop/Desktop - Ben’s MacBook Air/senate_model_python_Q1_auto_calendar_candidate_refresh/inputs/national_environment.csv,,,0.0,0.0,0.0,False,,0.0,1.0,85.39399999999999,5.75,0.9999993408627094,0.9999750012499375,85.43239996692704,0.0,Neither matched,,,0.0,0.0,Neither matched,0.0,0.0,0,,
PA,4,PA-4,Mid-Atlantic,Suburban,Very High,Very High,Low,Low,Unknown,Very High College / Very High White,Very High College / Very High White / Low Black / Low Hispanic / Unknown Income,standard,D_vs_R,,,PA,Mid-Atlantic,Suburban,0.0,"Dean, Madeline",D,D,D,True,False,"Dean, Madeline","Stutski, Aurora",,False,True,True,False,15.8,18.9,24.1,16.424,1.0,,5.8500000000000005,5.8500000000000005,1.5,0.0,0.0,23.774,,0,False,23.774,0.9993250337483126,,16.424,1.1,-0.1,0.0,1.0,District type base: Suburban=1.10. Partisan baseline adjustment: -0.10. Region adjustment: Mid-Atlantic=+0.00. No manual override. Final elasticity: 1.00.,1.0,-1.5,4.52,17.3,14.38,5.8500000000000005,1.0,5.8500000000000005,1.5,1,1,0.0,0.0,0,Poll spillover active but signal file missing,House fundamentals calculated as 70%*2024 presidential margin + 30%*2020 presidential margin + national environment * district elasticity + state environment adjustment + incumbency + candidate quality + candidate event adjustment + special adjustment.,/Users/benyelin/Desktop/Desktop - Ben’s MacBook Air/senate_model_python_Q1_auto_calendar_candidate_refresh/inputs/national_environment.csv,,,0.0,0.0,0.0,False,,0.0,1.0,23.774,5.75,0.9813362739907802,0.9993250337483126,23.768493862192496,0.0,Neither matched,,,0.0,0.0,Neither matched,0.0,0.0,0,,
PA,5,PA-5,Mid-Atlantic,Suburban,High,High,Low,Low,Unknown,High College / High White,High College / High White / Low Black / Low Hispanic / Unknown Income,standard,D_vs_R,,,PA,Mid-Atlantic,Suburban,0.0,"Scanlon, Mary Gay",D,D,D,True,False,"Scanlon, Mary Gay","Mangarano, Nick",,False,True,True,False,28.6,32.300000000000004,36.9,29.404000000000003,1.0,,5.8500000000000005,5.8500000000000005,1.5,-0.4097282608695652,0.0,36.34427173913044,,0,False,36.34427173913044,0.9999750012499375,,29.404000000000003,1.1,-0.2,0.0,0.9000000000000001,District type base: Suburban=1.10. Partisan baseline adjustment: -0.20. Region adjustment: Mid-Atlantic=+0.00. No manual override. Final elasticity: 0.90.,0.9000000000000001,-1.5,4.52,30.1,27.780000000000005,5.8500000000000005,1.0,5.8500000000000005,1.5,1,1,0.0,0.0,0,Poll spillover active but signal file missing,House fundamentals calculated as 70%*2024 presidential margin + 30%*2020 presidential margin + national environment * district elasticity + state environment adjustment + incumbency + candidate quality + candidate event adjustment + special adjustment.,/Users/benyelin/Desktop/Desktop - Ben’s MacBook Air/senate_model_python_Q1_auto_calendar_candidate_refresh/inputs/national_environment.csv,,,0.0,0.0,0.0,False,,0.0,1.0,36.34427173913044,5.75,0.9976649370214375,0.9999750012499375,36.32768644087586,-0.4097282608695652,Only D matched,Mary Gay Scanlon,,-0.7804347826086957,0.0,Only D matched,0.0,0.0,0,,
PA,6,PA-6,Mid-Atlantic,Suburban,Very High,High,Low,Low,Unknown,Very High College / High White,Very High College / High White / Low Black / Low Hispanic / Unknown Income,standard,D_vs_R,,,PA,Mid-Atlantic,Suburban,0.0,"Houlahan, Chrissy",D,D,D,True,False,"Houlahan, Chrissy","Young, Marty",,False,True,True,False,11.4,14.799999999999995,19.7,12.113999999999995,1.0,,5.8500000000000005,5.8500000000000005,1.5,-0.249375,0.0,19.214625,,0,False,19.214625,0.994975251237438,,12.113999999999995,1.1,0.0,0.0,1.1,District type base: Suburban=1.10. Partisan baseline adjustment: +0.00. Region adjustment: Mid-Atlantic=+0.00. No manual override. Final elasticity: 1.10.,1.1,-1.5,4.52,12.9,10.279999999999996,5.8500000000000005,1.0,5.8500000000000005,1.5,1,1,0.0,0.0,0,Poll spillover active but signal file missing,House fundamentals calculated as 70%*2024 presidential margin + 30%*2020 presidential margin + national environment * district elasticity + state environment adjustment + incumbency + candidate quality + candidate event adjustment + special adjustment.,/Users/benyelin/Desktop/Desktop - Ben’s MacBook Air/senate_model_python_Q1_auto_calendar_candidate_refresh/inputs/national_environment.csv,,,0.0,0.0,0.0,False,,0.0,1.0,19.214625,5.75,0.960925901674436,0.994975251237438,19.199058816073496,-0.249375,Only D matched,Chrissy Houlahan,,-0.475,0.0,Only D matched,0.0,0.0,0,,
PA,7,PA-7,Mid-Atlantic,Suburban,Medium,High,Low,Medium,Unknown,Medium College / High White,Medium College / High White / Low Black / Medium Hispanic / Unknown Income,standard,D_vs_R,,,PA,Mid-Atlantic,Suburban,0.0,"Mackenzie, Ryan",R,R,R,True,False,"Brooks, Bob","Mackenzie, Ryan",,True,False,False,True,-3.2,0.6000000000000014,5.1,-2.3659999999999997,1.0,,5.8500000000000005,5.8500000000000005,-1.5,-0.0262499999999999,0.0,1.957750000000001,4.0,1,True,2.172186250000001,0.6123943802809859,,-2.3659999999999997,1.1,0.1,0.0,1.2000000000000002,District type base: Suburban=1.10. Partisan baseline adjustment: +0.10. Region adjustment: Mid-Atlantic=+0.00. No manual override. Final elasticity: 1.20.,1.2000000000000002,-1.5,4.52,-1.7000000000000002,-3.919999999999998,5.8500000000000005,1.0,5.8500000000000005,1.5,1,1,0.0,0.0,0,Poll spillover active but signal file missing,House fundamentals calculated as 70%*2024 presidential margin + 30%*2020 presidential margin + national environment * district elasticity + state environment adjustment + incumbency + candidate quality + candidate event adjustment + special adjustment.,/Users/benyelin/Desktop/Desktop - Ben’s MacBook Air/senate_model_python_Q1_auto_calendar_candidate_refresh/inputs/national_environment.csv,2026-07-02,68.0,0.3765750730808465,1.0,1.0,False,Manual House polling average from 1 poll(s): GBAO,0.105,0.895,2.172186250000001,5.5990625,0.589532002906362,0.6123943802809859,2.1631763678581546,-0.0262499999999999,Only R matched,,Ryan Mackenzie,0.0,0.05,Only R matched,0.0,0.0,0,,
PA,8,PA-8,Northeast,Mixed,Medium,Very High,Low,Low,Unknown,Medium College / Very High White,Medium College / Very High White / Low Black / Low Hispanic / Unknown Income,standard,D_vs_R,,,PA,Northeast,Mixed,0.0,"Bresnahan, Rob",R,R,R,True,False,"Cognetti, Paige","Bresnahan, Rob",,True,False,False,True,-8.5,-2.8999999999999986,-0.2000000000000001,-7.1259999999999994,1.0,,5.8500000000000005,5.8500000000000005,-1.5,0.76125,0.0,-2.014749999999999,1.705441696244334,3,True,-0.6275069430954172,0.4655017249137543,,-7.1259999999999994,0.95,0.0,-0.05,0.8999999999999999,District type base: Mixed=0.95. Partisan baseline adjustment: +0.00. Region adjustment: Northeast=-0.05. No manual override. Final elasticity: 0.90.,0.8999999999999999,-1.5,4.52,-7.0,-7.419999999999998,5.8500000000000005,1.0,5.8500000000000005,1.5,1,1,0.0,0.0,0,Poll spillover active but signal file missing,House fundamentals calculated as 70%*2024 presidential margin + 30%*2020 presidential margin + national environment * district elasticity + state environment adjustment + incumbency + candidate quality + candidate event adjustment + special adjustment.,/Users/benyelin/Desktop/Desktop - Ben’s MacBook Air/senate_model_python_Q1_auto_calendar_candidate_refresh/inputs/national_environment.csv,2026-06-26,80.0,0.6832235789953691,2.9789558446814812,0.3597743246461518,False,"Manual House polling average from 3 poll(s): Lake Research, Lake Research Partners, Impact Research",0.3728955844681481,0.6271044155318519,-0.6275069430954172,5.213962597327037,0.4738776833396007,0.4655017249137543,-0.6426507984633961,0.76125,Only R matched,,Rob Bresnahan,0.0,-1.45,Only R matched,0.0,0.0,0,,
PA,9,PA-9,Northeast,Rural,Low,Very High,Low,Low,Unknown,Low College / Very High White,Low College / Very High White / Low Black / Low Hispanic / Unknown Income,standard,D_vs_R,,,PA,Northeast,Rural,0.0,"Meuser, Dan",R,R,R,True,False,"Wallace, Rachel","Meuser, Dan",,True,False,False,True,-37.9,-36.5,-29.6,-37.785999999999994,1.0,,5.8500000000000005,5.8500000000000005,-1.5,0.3021951219512195,0.0,-33.13380487804877,,0,False,-33.13380487804877,2.499875006249687e-05,,-37.785999999999994,0.8,-0.2,-0.05,0.55,District type base: Rural=0.80. Partisan baseline adjustment: -0.20. Region adjustment: Northeast=-0.05. No manual override. Final elasticity: 0.55.,0.55,-1.5,4.52,-36.4,-41.02,5.8500000000000005,1.0,5.8500000000000005,1.5,1,1,0.0,0.0,0,Poll spillover active but signal file missing,House fundamentals calculated as 70%*2024 presidential margin + 30%*2020 presidential margin + national environment * district elasticity + state environment adjustment + incumbency + candidate quality + candidate event adjustment + special adjustment.,/Users/benyelin/Desktop/Desktop - Ben’s MacBook Air/senate_model_python_Q1_auto_calendar_candidate_refresh/inputs/national_environment.csv,,,0.0,0.0,0.0,False,,0.0,1.0,-33.13380487804877,5.75,0.0039807322687703,2.499875006249687e-05,-33.14904422693686,0.3021951219512195,Only R matched,,Dan Meuser,0.0,-0.575609756097561,Only R matched,0.0,0.0,0,,
PA,10,PA-10,Mid-Atlantic,Mixed,Medium,High,Medium,Low,Unknown,Medium College / High White,Medium College / High White / Medium Black / Low Hispanic / Unknown Income,standard,D_vs_R,,,PA,Mid-Atlantic,Mixed,0.0,"Perry, Scott",R,R,R,True,False,"Stelson, Janelle","Perry, Scott",,True,False,False,True,-5.2,-4.099999999999994,3.0999999999999996,-5.175999999999998,1.0,,5.8500000000000005,5.8500000000000005,-1.5,4.0,0.0,3.174000000000002,4.5,1,True,3.2784225000000022,0.6728413579321034,,-5.175999999999998,0.95,0.0,0.0,0.95,District type base: Mixed=0.95. Partisan baseline adjustment: +0.00. Region adjustment: Mid-Atlantic=+0.00. No manual override. Final elasticity: 0.95.,0.95,-1.5,4.52,-3.7,-8.619999999999994,5.8500000000000005,1.0,5.8500000000000005,1.5,1,1,0.0,0.0,0,Poll spillover active but signal file missing,House fundamentals calculated as 70%*2024 presidential margin + 30%*2020 presidential margin + national environment * district elasticity + state environment adjustment + incumbency + candidate quality + candidate event adjustment + special adjustment.,/Users/benyelin/Desktop/Desktop - Ben’s MacBook Air/senate_model_python_Q1_auto_calendar_candidate_refresh/inputs/national_environment.csv,2026-04-23,138.0,0.0680625806035463,1.0,1.0,True,"Manual House polling average from 1 poll(s): Normington, Petts & Associates",0.0787499999999999,0.92125,3.2784225000000022,5.636796875,0.633300831748072,0.6728413579321034,3.282654782551394,4.0,Both matched,Janelle Stelson,Scott Perry,4.4,-1.612,Both matched,0.0,0.0,0,,
PA,11,PA-11,Mid-Atlantic,Mixed,Medium,Very High,Low,Low,Unknown,Medium College / Very High White,Medium College / Very High White / Low Black / Low Hispanic / Unknown Income,standard,D_vs_R,,,PA,Mid-Atlantic,Mixed,0.0,"Smucker, Lloyd",R,R,R,True,False,"Mannion, Nancy","Smucker, Lloyd",,True,False,False,True,-21.4,-21.299999999999997,-13.099999999999998,-21.675999999999995,1.0,,5.8500000000000005,5.8500000000000005,-1.5,0.2796428571428572,0.0,-17.046357142857136,,0,False,-17.046357142857136,0.011724413779311,,-21.675999999999995,0.95,-0.1,0.0,0.85,District type base: Mixed=0.95. Partisan baseline adjustment: -0.10. Region adjustment: Mid-Atlantic=+0.00. No manual override. Final elasticity: 0.85.,0.85,-1.5,4.52,-19.9,-25.819999999999997,5.8500000000000005,1.0,5.8500000000000005,1.5,1,1,0.0,0.0,0,Poll spillover active but signal file missing,House fundamentals calculated as 70%*2024 presidential margin + 30%*2020 presidential margin + national environment * district elasticity + state environment adjustment + incumbency + candidate quality + candidate event adjustment + special adjustment.,/Users/benyelin/Desktop/Desktop - Ben’s MacBook Air/senate_model_python_Q1_auto_calendar_candidate_refresh/inputs/national_environment.csv,,,0.0,0.0,0.0,False,,0.0,1.0,-17.046357142857136,5.75,0.0551453060077449,0.011724413779311,-17.06328811855079,0.2796428571428572,Only R matched,,Lloyd Smucker,0.0,-0.5326530612244899,Only R matched,0.0,0.0,0,,
PA,12,PA-12,Appalachia,Urban,High,High,Medium,Low,Unknown,High College / High White,High College / High White / Medium Black / Low Hispanic / Unknown Income,standard,D_vs_R,,,PA,Appalachia,Urban,0.0,"Lee, Summer",D,D,D,True,False,"Lee, Summer","Hayes, James",,False,True,True,False,19.2,19.9,27.5,19.104,1.0,,5.8500000000000005,5.8500000000000005,1.5,-4.0,0.0,22.454,,0,False,22.454,0.9987250637468128,,19.104,0.7,-0.1,-0.05,0.55,District type base: Urban=0.70. Partisan baseline adjustment: -0.10. Region adjustment: Appalachia=-0.05. No manual override. Final elasticity: 0.55.,0.55,-1.5,4.52,20.7,15.38,5.8500000000000005,1.0,5.8500000000000005,1.5,1,1,0.0,0.0,0,Poll spillover active but signal file missing,House fundamentals calculated as 70%*2024 presidential margin + 30%*2020 presidential margin + national environment * district elasticity + state environment adjustment + incumbency + candidate quality + candidate event adjustment + special adjustment.,/Users/benyelin/Desktop/Desktop - Ben’s MacBook Air/senate_model_python_Q1_auto_calendar_candidate_refresh/inputs/national_environment.csv,,,0.0,0.0,0.0,False,,0.0,1.0,22.454,5.75,0.9768498870385226,0.9987250637468128,22.52204273343516,-4.0,Both matched,Summer Lee,James Hayes,-3.7030303030303022,3.9,Both matched,0.0,0.0,0,,
PA,13,PA-13,Appalachia,Rural,Low,Very High,Low,Low,Unknown,Low College / Very High White,Low College / Very High White / Low Black / Low Hispanic / Unknown Income,standard,D_vs_R,,,PA,Appalachia,Rural,0.0,"Joyce, John",R,R,R,True,False,"Farnham, Beth","Joyce, John",,True,False,False,True,-45.5,-45.2,-37.2,-45.715999999999994,1.0,,5.8500000000000005,5.8500000000000005,-1.5,-0.0943939393939393,0.0,-41.46039393939393,,0,False,-41.46039393939393,2.499875006249687e-05,,-45.715999999999994,0.8,-0.2,-0.05,0.55,District type base: Rural=0.80. Partisan baseline adjustment: -0.20. Region adjustment: Appalachia=-0.05. No manual override. Final elasticity: 0.55.,0.55,-1.5,4.52,-44.0,-49.72,5.8500000000000005,1.0,5.8500000000000005,1.5,1,1,0.0,0.0,0,Poll spillover active but signal file missing,House fundamentals calculated as 70%*2024 presidential margin + 30%*2020 presidential margin + national environment * district elasticity + state environment adjustment + incumbency + candidate quality + candidate event adjustment + special adjustment.,/Users/benyelin/Desktop/Desktop - Ben’s MacBook Air/senate_model_python_Q1_auto_calendar_candidate_refresh/inputs/national_environment.csv,,,0.0,0.0,0.0,False,,0.0,1.0,-41.46039393939393,5.75,0.0009966978914834,2.499875006249687e-05,-41.46796098964788,-0.0943939393939393,Both matched,Beth Farnham,John Joyce,-0.05,0.0848484848484848,Both matched,0.0,0.0,0,,
PA,14,PA-14,Appalachia,Rural,Medium,Very High,Low,Low,Unknown,Medium College / Very High White,Medium College / Very High White / Low Black / Low Hispanic / Unknown Income,standard,D_vs_R,,,PA,Appalachia,Rural,0.0,"Reschenthaler, Guy",R,R,R,True,False,"Bradstock, Alan","Reschenthaler, Guy",,True,False,False,True,-33.4,-31.5,-25.1,-33.135999999999996,1.0,,5.8500000000000005,5.8500000000000005,-1.5,0.9704545454545456,0.0,-27.81554545454545,,0,False,-27.81554545454545,0.0001749912504374,,-33.135999999999996,0.8,-0.2,-0.05,0.55,District type base: Rural=0.80. Partisan baseline adjustment: -0.20. Region adjustment: Appalachia=-0.05. No manual override. Final elasticity: 0.55.,0.55,-1.5,4.52,-31.9,-36.019999999999996,5.8500000000000005,1.0,5.8500000000000005,1.5,1,1,0.0,0.0,0,Poll spillover active but signal file missing,House fundamentals calculated as 70%*2024 presidential margin + 30%*2020 presidential margin + national environment * district elasticity + state environment adjustment + incumbency + candidate quality + candidate event adjustment + special adjustment.,/Users/benyelin/Desktop/Desktop - Ben’s MacBook Air/senate_model_python_Q1_auto_calendar_candidate_refresh/inputs/national_environment.csv,,,0.0,0.0,0.0,False,,0.0,1.0,-27.81554545454545,5.75,0.0096040089635731,0.0001749912504374,-27.812402811073163,0.9704545454545456,Only R matched,,Guy Reschenthaler,0.0,-1.8484848484848488,Only R matched,0.0,0.0,0,,
PA,15,PA-15,Appalachia,Rural,Low,Very High,Low,Low,Unknown,Low College / Very High White,Low College / Very High White / Low Black / Low Hispanic / Unknown Income,standard,D_vs_R,,,PA,Appalachia,Rural,0.0,"Thompson, Glenn",R,R,R,True,False,"Bilger, Ray","Thompson, Glenn",,True,False,False,True,-38.0,-37.0,-29.7,-38.00599999999999,1.0,,5.8500000000000005,5.8500000000000005,-1.5,-0.0803249999999999,0.0,-33.736324999999994,,0,False,-33.736324999999994,2.499875006249687e-05,,-38.00599999999999,0.8,-0.2,-0.05,0.55,District type base: Rural=0.80. Partisan baseline adjustment: -0.20. Region adjustment: Appalachia=-0.05. No manual override. Final elasticity: 0.55.,0.55,-1.5,4.52,-36.5,-41.52,5.8500000000000005,1.0,5.8500000000000005,1.5,1,1,0.0,0.0,0,Poll spillover active but signal file missing,House fundamentals calculated as 70%*2024 presidential margin + 30%*2020 presidential margin + national environment * district elasticity + state environment adjustment + incumbency + candidate quality + candidate event adjustment + special adjustment.,/Users/benyelin/Desktop/Desktop - Ben’s MacBook Air/senate_model_python_Q1_auto_calendar_candidate_refresh/inputs/national_environment.csv,,,0.0,0.0,0.0,False,,0.0,1.0,-33.736324999999994,5.75,0.0036017728077246,2.499875006249687e-05,-33.791526178354125,-0.0803249999999999,Only R matched,,Glenn Thompson,0.0,0.1529999999999999,Only R matched,0.0,0.0,0,,
PA,16,PA-16,Midwest,Rural,Medium,Very High,Low,Low,Unknown,Medium College / Very High White,Medium College / Very High White / Low Black / Low Hispanic / Unknown Income,standard,D_vs_R,,,PA,Midwest,Rural,0.0,"Kelly, Mike",R,R,R,True,False,"Wagner, Justin","Kelly, Mike",,True,False,False,True,-22.8,-20.700000000000003,-14.5,-22.476,1.0,,5.8500000000000005,5.8500000000000005,-1.5,0.5780585106382978,0.0,-17.5479414893617,,0,False,-17.5479414893617,0.0103744812759362,,-22.476,0.8,-0.1,0.05,0.7500000000000001,District type base: Rural=0.80. Partisan baseline adjustment: -0.10. Region adjustment: Midwest=+0.05. No manual override. Final elasticity: 0.75.,0.7500000000000001,-1.5,4.52,-21.3,-25.22,5.8500000000000005,1.0,5.8500000000000005,1.5,1,1,0.0,0.0,0,Poll spillover active but signal file missing,House fundamentals calculated as 70%*2024 presidential margin + 30%*2020 presidential margin + national environment * district elasticity + state environment adjustment + incumbency + candidate quality + candidate event adjustment + special adjustment.,/Users/benyelin/Desktop/Desktop - Ben’s MacBook Air/senate_model_python_Q1_auto_calendar_candidate_refresh/inputs/national_environment.csv,,,0.0,0.0,0.0,False,,0.0,1.0,-17.5479414893617,5.75,0.0509480566693225,0.0103744812759362,-17.586510177213114,0.5780585106382978,Only R matched,,Mike Kelly,0.0,-1.101063829787234,Only R matched,0.0,0.0,0,,
PA,17,PA-17,Appalachia,Mixed,High,Very High,Low,Low,Unknown,High College / Very High White,High College / Very High White / Low Black / Low Hispanic / Unknown Income,standard,D_vs_R,,,PA,Appalachia,Mixed,0.0,"DeLuzio, Chris",D,D,D,True,False,"DeLuzio, Chris","Guy, Tony",,False,True,True,False,5.5,5.799999999999997,13.8,5.283999999999999,1.0,,5.8500000000000005,5.8500000000000005,1.5,0.4311363636363636,0.0,13.065136363636364,,0,False,13.065136363636364,0.9573271336433178,,5.283999999999999,0.95,0.0,-0.05,0.8999999999999999,District type base: Mixed=0.95. Partisan baseline adjustment: +0.00. Region adjustment: Appalachia=-0.05. No manual override. Final elasticity: 0.90.,0.8999999999999999,-1.5,4.52,7.0,1.2799999999999976,5.8500000000000005,1.0,5.8500000000000005,1.5,1,1,0.0,0.0,0,Poll spillover active but signal file missing,House fundamentals calculated as 70%*2024 presidential margin + 30%*2020 presidential margin + national environment * district elasticity + state environment adjustment + incumbency + candidate quality + candidate event adjustment + special adjustment.,/Users/benyelin/Desktop/Desktop - Ben’s MacBook Air/senate_model_python_Q1_auto_calendar_candidate_refresh/inputs/national_environment.csv,,,0.0,0.0,0.0,False,,0.0,1.0,13.065136363636364,5.75,0.8982128068998854,0.9573271336433178,13.075325439566974,0.4311363636363636,Only D matched,Chris Deluzio,,0.8212121212121213,0.0,Only D matched,0.0,0.0,0,,
RI,1,RI-1,Northeast,Mixed,High,High,Medium,Medium,Unknown,High College / High White,High College / High White / Medium Black / Medium Hispanic / Unknown Income,standard,Unresolved,,,RI,Northeast,Mixed,0.0,"Amo, Gabe",D,D,D,False,True,,,,False,False,False,False,22.0,29.0,30.3,23.793999999999997,1.0,,5.8500000000000005,5.8500000000000005,0.0,0.0,0.0,29.644,,0,False,29.644,0.9999750012499375,,23.793999999999997,0.95,-0.1,-0.05,0.7999999999999999,District type base: Mixed=0.95. Partisan baseline adjustment: -0.10. Region adjustment: Northeast=-0.05. No manual override. Final elasticity: 0.80.,0.7999999999999999,-1.5,4.52,23.5,24.48,5.8500000000000005,1.0,5.8500000000000005,1.5,1,1,0.0,0.0,0,Poll spillover active but signal file missing,House fundamentals calculated as 70%*2024 presidential margin + 30%*2020 presidential margin + national environment * district elasticity + state environment adjustment + incumbency + candidate quality + candidate event adjustment + special adjustment.,/Users/benyelin/Desktop/Desktop - Ben’s MacBook Air/senate_model_python_Q1_auto_calendar_candidate_refresh/inputs/national_environment.csv,,,0.0,0.0,0.0,False,,0.0,1.0,29.644,5.75,0.9929009269375604,0.9999750012499375,29.63065042740318,0.0,Neither matched,,,0.0,0.0,Neither matched,0.0,0.0,0,,
RI,2,RI-2,Northeast,Mixed,Medium,Very High,Low,Low,Unknown,Medium College / Very High White,Medium College / Very High White / Low Black / Low Hispanic / Unknown Income,standard,Unresolved,,,RI,Northeast,Mixed,0.0,"Magaziner, Seth",D,D,D,False,True,,,,False,False,False,False,6.7,13.599999999999994,15.0,8.463999999999999,1.0,,5.8500000000000005,5.8500000000000005,0.0,0.0,0.0,14.314,,0,False,14.314,0.971426428678566,,8.463999999999999,0.95,0.0,-0.05,0.8999999999999999,District type base: Mixed=0.95. Partisan baseline adjustment: +0.00. Region adjustment: Northeast=-0.05. No manual override. Final elasticity: 0.90.,0.8999999999999999,-1.5,4.52,8.2,9.079999999999997,5.8500000000000005,1.0,5.8500000000000005,1.5,1,1,0.0,0.0,0,Poll spillover active but signal file missing,House fundamentals calculated as 70%*2024 presidential margin + 30%*2020 presidential margin + national environment * district elasticity + state environment adjustment + incumbency + candidate quality + candidate event adjustment + special adjustment.,/Users/benyelin/Desktop/Desktop - Ben’s MacBook Air/senate_model_python_Q1_auto_calendar_candidate_refresh/inputs/national_environment.csv,,,0.0,0.0,0.0,False,,0.0,1.0,14.314,5.75,0.9157277647895776,0.971426428678566,14.295518216600174,0.0,Neither matched,,,0.0,0.0,Neither matched,0.0,0.0,0,,
SC,1,SC-1,Southeast,Suburban,High,High,Medium,Low,Unknown,High College / High White,High College / High White / Medium Black / Low Hispanic / Unknown Income,standard,D_vs_R,,,SC,Southeast,Suburban,0.0,"Mace, Nancy",R,R,R,True,False,"Lacore, Nancy","Honeycutt, Jenny",,True,False,False,True,-13.1,-8.700000000000003,-4.8,-12.086,1.0,,5.8500000000000005,5.8500000000000005,-1.5,0.0,0.0,-7.736,,0,False,-7.736,0.1524173791310434,,-12.086,1.1,0.0,0.0,1.1,District type base: Suburban=1.10. Partisan baseline adjustment: +0.00. Region adjustment: Southeast=+0.00. No manual override. Final elasticity: 1.10.,1.1,-1.5,4.52,-11.6,-13.220000000000002,5.8500000000000005,1.0,5.8500000000000005,1.5,1,1,0.0,0.0,0,Poll spillover active but signal file missing,House fundamentals calculated as 70%*2024 presidential margin + 30%*2020 presidential margin + national environment * district elasticity + state environment adjustment + incumbency + candidate quality + candidate event adjustment + special adjustment.,/Users/benyelin/Desktop/Desktop - Ben’s MacBook Air/senate_model_python_Q1_auto_calendar_candidate_refresh/inputs/national_environment.csv,,,0.0,0.0,0.0,False,,0.0,1.0,-7.736,5.75,0.2159656724477986,0.1524173791310434,-7.739682264503623,0.0,Neither matched,,,0.0,0.0,Neither matched,0.0,0.0,0,,
SC,2,SC-2,Southeast,Rural,Medium,High,High,Low,Unknown,Medium College / High White,Medium College / High White / High Black / Low Hispanic / Unknown Income,standard,D_vs_R,,,SC,Southeast,Rural,0.0,"Wilson, Joe",R,R,R,True,False,"Khalifa, Zyon","Wilson, Joe",,True,False,False,True,-14.0,-10.6,-5.7,-13.286,1.0,,5.8500000000000005,5.8500000000000005,-1.5,0.3370499999999999,0.0,-8.59895,,0,False,-8.59895,0.1229188540572971,,-13.286,0.8,0.0,0.0,0.8,District type base: Rural=0.80. Partisan baseline adjustment: +0.00. Region adjustment: Southeast=+0.00. No manual override. Final elasticity: 0.80.,0.8,-1.5,4.52,-12.5,-15.12,5.8500000000000005,1.0,5.8500000000000005,1.5,1,1,0.0,0.0,0,Poll spillover active but signal file missing,House fundamentals calculated as 70%*2024 presidential margin + 30%*2020 presidential margin + national environment * district elasticity + state environment adjustment + incumbency + candidate quality + candidate event adjustment + special adjustment.,/Users/benyelin/Desktop/Desktop - Ben’s MacBook Air/senate_model_python_Q1_auto_calendar_candidate_refresh/inputs/national_environment.csv,,,0.0,0.0,0.0,False,,0.0,1.0,-8.59895,5.75,0.1926070562608822,0.1229188540572971,-8.640207515742636,0.3370499999999999,Only R matched,,Joe Wilson,0.0,-0.642,Only R matched,0.0,0.0,0,,
SC,3,SC-3,Southeast,Rural,Low,High,Medium,Low,Unknown,Low College / High White,Low College / High White / Medium Black / Low Hispanic / Unknown Income,standard,D_vs_R,,,SC,Southeast,Rural,0.0,"Biggs, Sheri",R,R,R,True,False,"Lehmacher, Eunice","Biggs, Sherri",,True,False,False,True,-43.0,-37.4,-34.7,-41.626,1.0,,5.8500000000000005,5.8500000000000005,-1.5,0.0,0.0,-37.276,,0,False,-37.276,2.499875006249687e-05,,-41.626,0.8,-0.2,0.0,0.6000000000000001,District type base: Rural=0.80. Partisan baseline adjustment: -0.20. Region adjustment: Southeast=+0.00. No manual override. Final elasticity: 0.60.,0.6000000000000001,-1.5,4.52,-41.5,-41.92,5.8500000000000005,1.0,5.8500000000000005,1.5,1,1,0.0,0.0,0,Poll spillover active but signal file missing,House fundamentals calculated as 70%*2024 presidential margin + 30%*2020 presidential margin + national environment * district elasticity + state environment adjustment + incumbency + candidate quality + candidate event adjustment + special adjustment.,/Users/benyelin/Desktop/Desktop - Ben’s MacBook Air/senate_model_python_Q1_auto_calendar_candidate_refresh/inputs/national_environment.csv,,,0.0,0.0,0.0,False,,0.0,1.0,-37.276,5.75,0.0019998791041001,2.499875006249687e-05,-37.32094562021411,0.0,Neither matched,,,0.0,0.0,Neither matched,0.0,0.0,0,,
SC,4,SC-4,Southeast,Rural,Medium,High,Medium,Low,Unknown,Medium College / High White,Medium College / High White / Medium Black / Low Hispanic / Unknown Income,standard,D_vs_R,,,SC,Southeast,Rural,0.0,"Timmons, William",R,R,R,True,False,"McClain, Courtney","Timmons, William",,True,False,False,True,-23.6,-18.6,-15.3,-22.406,1.0,,5.8500000000000005,5.8500000000000005,-1.5,0.7429545454545454,0.0,-17.313045454545453,,0,False,-17.313045454545453,0.0094245287735613,,-22.406,0.8,-0.1,0.0,0.7000000000000001,District type base: Rural=0.80. Partisan baseline adjustment: -0.10. Region adjustment: Southeast=+0.00. No manual override. Final elasticity: 0.70.,0.7000000000000001,-1.5,4.52,-22.1,-23.12,5.8500000000000005,1.0,5.8500000000000005,1.5,1,1,0.0,0.0,0,Poll spillover active but signal file missing,House fundamentals calculated as 70%*2024 presidential margin + 30%*2020 presidential margin + national environment * district elasticity + state environment adjustment + incumbency + candidate quality + candidate event adjustment + special adjustment.,/Users/benyelin/Desktop/Desktop - Ben’s MacBook Air/senate_model_python_Q1_auto_calendar_candidate_refresh/inputs/national_environment.csv,,,0.0,0.0,0.0,False,,0.0,1.0,-17.313045454545453,5.75,0.0528746427923465,0.0094245287735613,-17.44063930650022,0.7429545454545454,Only R matched,,William Timmons,0.0,-1.4151515151515153,Only R matched,0.0,0.0,0,,
SC,5,SC-5,Southeast,Rural,Medium,High,Medium,Low,Unknown,Medium College / High White,Medium College / High White / Medium Black / Low Hispanic / Unknown Income,standard,D_vs_R,,,SC,Southeast,Rural,0.0,"Norman, Ralph",R,R,R,False,True,"Ditmer, Mallory","Climer, Wes",,True,True,False,False,-22.8,-18.199999999999996,-14.5,-21.726,1.0,,5.8500000000000005,5.8500000000000005,0.0,0.0,0.0,-15.875999999999998,,0,False,-15.875999999999998,0.0162741862906854,,-21.726,0.8,-0.1,0.0,0.7000000000000001,District type base: Rural=0.80. Partisan baseline adjustment: -0.10. Region adjustment: Southeast=+0.00. No manual override. Final elasticity: 0.70.,0.7000000000000001,-1.5,4.52,-21.3,-22.719999999999995,5.8500000000000005,1.0,5.8500000000000005,1.5,1,1,0.0,0.0,0,Poll spillover active but signal file missing,House fundamentals calculated as 70%*2024 presidential margin + 30%*2020 presidential margin + national environment * district elasticity + state environment adjustment + incumbency + candidate quality + candidate event adjustment + special adjustment.,/Users/benyelin/Desktop/Desktop - Ben’s MacBook Air/senate_model_python_Q1_auto_calendar_candidate_refresh/inputs/national_environment.csv,,,0.0,0.0,0.0,False,,0.0,1.0,-15.875999999999998,5.75,0.0662359757466775,0.0162741862906854,-15.910760629669545,0.0,Neither matched,,,0.0,0.0,Neither matched,0.0,0.0,0,,
SC,6,SC-6,Southeast,Rural,Medium,Low,Very High,Low,Unknown,Medium College / Low White,Medium College / Low White / Very High Black / Low Hispanic / Unknown Income,standard,D_vs_R,,,SC,Southeast,Rural,0.0,"Clyburn, Jim",D,D,D,True,False,"Clyburn, James","Peterson, John",,False,True,True,False,22.8,32.099999999999994,31.1,25.283999999999995,1.0,,5.8500000000000005,5.8500000000000005,1.5,-0.5097749999999999,0.0,32.124225,,0,False,32.124225,0.9999750012499375,,25.283999999999995,0.8,-0.2,0.0,0.6000000000000001,District type base: Rural=0.80. Partisan baseline adjustment: -0.20. Region adjustment: Southeast=+0.00. No manual override. Final elasticity: 0.60.,0.6000000000000001,-1.5,4.52,24.3,27.579999999999995,5.8500000000000005,1.0,5.8500000000000005,1.5,1,1,0.0,0.0,0,Poll spillover active but signal file missing,House fundamentals calculated as 70%*2024 presidential margin + 30%*2020 presidential margin + national environment * district elasticity + state environment adjustment + incumbency + candidate quality + candidate event adjustment + special adjustment.,/Users/benyelin/Desktop/Desktop - Ben’s MacBook Air/senate_model_python_Q1_auto_calendar_candidate_refresh/inputs/national_environment.csv,,,0.0,0.0,0.0,False,,0.0,1.0,32.124225,5.75,0.9952932393718964,0.9999750012499375,32.14540634047038,-0.5097749999999999,Only D matched,Jim Clyburn,,-0.971,0.0,Only D matched,0.0,0.0,0,,
SC,7,SC-7,Southeast,Rural,Low,High,High,Low,Unknown,Low College / High White,Low College / High White / High Black / Low Hispanic / Unknown Income,standard,D_vs_R,,,SC,Southeast,Rural,0.0,"Fry, Russell",R,R,R,True,False,"Vincent, John","Fry, Russell",,True,False,False,True,-26.4,-18.59999999999999,-18.1,-24.365999999999993,1.0,,5.8500000000000005,5.8500000000000005,-1.5,-0.4502272727272727,0.0,-20.466227272727263,,0,False,-20.466227272727263,0.003274836258187,,-24.365999999999993,0.8,-0.1,0.0,0.7000000000000001,District type base: Rural=0.80. Partisan baseline adjustment: -0.10. Region adjustment: Southeast=+0.00. No manual override. Final elasticity: 0.70.,0.7000000000000001,-1.5,4.52,-24.9,-23.11999999999999,5.8500000000000005,1.0,5.8500000000000005,1.5,1,1,0.0,0.0,0,Poll spillover active but signal file missing,House fundamentals calculated as 70%*2024 presidential margin + 30%*2020 presidential margin + national environment * district elasticity + state environment adjustment + incumbency + candidate quality + candidate event adjustment + special adjustment.,/Users/benyelin/Desktop/Desktop - Ben’s MacBook Air/senate_model_python_Q1_auto_calendar_candidate_refresh/inputs/national_environment.csv,,,0.0,0.0,0.0,False,,0.0,1.0,-20.466227272727263,5.75,0.0319522789178518,0.003274836258187,-20.50809512820349,-0.4502272727272727,Only R matched,,Russell Fry,0.0,0.8575757575757577,Only R matched,0.0,0.0,0,,
SD,AL,SD-AL,Great Plains,Rural,Medium,Very High,Low,Low,Unknown,Medium College / Very High White,Medium College / Very High White / Low Black / Low Hispanic / Unknown Income,standard,D_vs_R,,,SD,Great Plains,Rural,0.0,"Johnson, Dusty",R,R,R,False,True,"Gronli, Nicole","Jackley, Marty",,True,True,False,False,-29.2,-26.199999999999996,-20.9,-28.605999999999995,1.0,,5.8500000000000005,5.8500000000000005,0.0,0.0,0.0,-22.755999999999993,,0,False,-22.755999999999993,0.0013249337533123,,-28.605999999999995,0.8,-0.2,-0.05,0.55,District type base: Rural=0.80. Partisan baseline adjustment: -0.20. Region adjustment: Great Plains=-0.05. No manual override. Final elasticity: 0.55.,0.55,-1.5,4.52,-27.7,-30.719999999999995,5.8500000000000005,1.0,5.8500000000000005,1.5,1,1,0.0,0.0,0,Poll spillover active but signal file missing,House fundamentals calculated as 70%*2024 presidential margin + 30%*2020 presidential margin + national environment * district elasticity + state environment adjustment + incumbency + candidate quality + candidate event adjustment + special adjustment.,/Users/benyelin/Desktop/Desktop - Ben’s MacBook Air/senate_model_python_Q1_auto_calendar_candidate_refresh/inputs/national_environment.csv,,,0.0,0.0,0.0,False,,0.0,1.0,-22.755999999999993,5.75,0.0220387739948753,0.0013249337533123,-22.773070271677653,0.0,Neither matched,,,0.0,0.0,Neither matched,0.0,0.0,0,,
TN,1,TN-1,Appalachia,Rural,Low,Very High,Low,Low,Unknown,Low College / Very High White,Low College / Very High White / Low Black / Low Hispanic / Unknown Income,standard,D_vs_R,,,TN,Appalachia,Rural,0.0,"Harshbarger, Diana",R,R,R,True,False,"Burke, Kristi","Harshbarger, Diana",,True,False,False,True,-57.8,-54.3,-49.50000000000001,-57.056,1.0,,5.8500000000000005,5.8500000000000005,-1.5,0.4891463414634146,0.0,-52.21685365853658,,0,False,-52.21685365853658,2.499875006249687e-05,,-57.056,0.8,-0.2,-0.05,0.55,District type base: Rural=0.80. Partisan baseline adjustment: -0.20. Region adjustment: Appalachia=-0.05. No manual override. Final elasticity: 0.55.,0.55,-1.5,4.52,-56.3,-58.81999999999999,5.8500000000000005,1.0,5.8500000000000005,1.5,1,1,0.0,0.0,0,Poll spillover active but signal file missing,House fundamentals calculated as 70%*2024 presidential margin + 30%*2020 presidential margin + national environment * district elasticity + state environment adjustment + incumbency + candidate quality + candidate event adjustment + special adjustment.,/Users/benyelin/Desktop/Desktop - Ben’s MacBook Air/senate_model_python_Q1_auto_calendar_candidate_refresh/inputs/national_environment.csv,,,0.0,0.0,0.0,False,,0.0,1.0,-52.21685365853658,5.75,0.0001660909467194,2.499875006249687e-05,-52.14872370816112,0.4891463414634146,Only R matched,,Diana Harshbarger,0.0,-0.9317073170731708,Only R matched,0.0,0.0,0,,
TN,2,TN-2,Appalachia,Rural,Medium,Very High,Low,Low,Unknown,Medium College / Very High White,Medium College / Very High White / Low Black / Low Hispanic / Unknown Income,standard,D_vs_R,,,TN,Appalachia,Rural,0.0,"Burchett, Tim",R,R,R,True,False,"Barnett, Michaela","Burchett, Tim",,True,False,False,True,-33.800000000000004,-29.300000000000004,-25.500000000000004,-32.75600000000001,1.0,,5.8500000000000005,5.8500000000000005,-1.5,-0.2065760869565217,0.0,-28.61257608695653,,0,False,-28.61257608695653,2.499875006249687e-05,,-32.75600000000001,0.8,-0.2,-0.05,0.55,District type base: Rural=0.80. Partisan baseline adjustment: -0.20. Region adjustment: Appalachia=-0.05. No manual override. Final elasticity: 0.55.,0.55,-1.5,4.52,-32.300000000000004,-33.82000000000001,5.8500000000000005,1.0,5.8500000000000005,1.5,1,1,0.0,0.0,0,Poll spillover active but signal file missing,House fundamentals calculated as 70%*2024 presidential margin + 30%*2020 presidential margin + national environment * district elasticity + state environment adjustment + incumbency + candidate quality + candidate event adjustment + special adjustment.,/Users/benyelin/Desktop/Desktop - Ben’s MacBook Air/senate_model_python_Q1_auto_calendar_candidate_refresh/inputs/national_environment.csv,,,0.0,0.0,0.0,False,,0.0,1.0,-28.61257608695653,5.75,0.0084193915484859,2.499875006249687e-05,-28.59912669705939,-0.2065760869565217,Only R matched,,Tim Burchett,0.0,0.3934782608695653,Only R matched,0.0,0.0,0,,
TN,3,TN-3,Appalachia,Rural,Medium,Very High,Medium,Low,Unknown,Medium College / Very High White,Medium College / Very High White / Medium Black / Low Hispanic / Unknown Income,standard,D_vs_R,,,TN,Appalachia,Rural,0.0,"Fleischmann, Chuck",R,R,R,True,False,"Golladay, Anna","Fleischmann, Chuck",,True,False,False,True,-35.7,-31.700000000000003,-27.4,-34.806,1.0,,5.8500000000000005,5.8500000000000005,-1.5,0.1974,0.0,-30.2586,,0,False,-30.2586,2.499875006249687e-05,,-34.806,0.8,-0.2,-0.05,0.55,District type base: Rural=0.80. Partisan baseline adjustment: -0.20. Region adjustment: Appalachia=-0.05. No manual override. Final elasticity: 0.55.,0.55,-1.5,4.52,-34.2,-36.22,5.8500000000000005,1.0,5.8500000000000005,1.5,1,1,0.0,0.0,0,Poll spillover active but signal file missing,House fundamentals calculated as 70%*2024 presidential margin + 30%*2020 presidential margin + national environment * district elasticity + state environment adjustment + incumbency + candidate quality + candidate event adjustment + special adjustment.,/Users/benyelin/Desktop/Desktop - Ben’s MacBook Air/senate_model_python_Q1_auto_calendar_candidate_refresh/inputs/national_environment.csv,,,0.0,0.0,0.0,False,,0.0,1.0,-30.2586,5.75,0.0064123274658999,2.499875006249687e-05,-30.20993157642612,0.1974,Only R matched,,Chuck Fleischmann,0.0,-0.376,Only R matched,0.0,0.0,0,,
TN,4,TN-4,Middle South,Rural,Medium,High,Medium,Low,Unknown,Medium College / High White,Medium College / High White / Medium Black / Low Hispanic / Unknown Income,standard,Unresolved,,,TN,Middle South,Rural,0.0,"Desjarlais, Scott",R,R,R,True,False,"Broderick, Victoria","Desjarlais, Scott",,True,False,False,True,-23.90000000000001,-15.4,-15.600000000000003,-21.65600000000001,1.0,,5.8500000000000005,5.8500000000000005,-1.5,1.4693,0.0,-15.836700000000004,,0,False,-15.836700000000004,0.0160241987900604,,-21.65600000000001,0.8,-0.1,0.0,0.7000000000000001,District type base: Rural=0.80. Partisan baseline adjustment: -0.10. Region adjustment: Middle South=+0.00. No manual override. Final elasticity: 0.70.,0.7000000000000001,-1.5,4.52,-22.40000000000001,-19.92,5.8500000000000005,1.0,5.8500000000000005,1.5,1,1,0.0,0.0,0,Poll spillover active but signal file missing,House fundamentals calculated as 70%*2024 presidential margin + 30%*2020 presidential margin + national environment * district elasticity + state environment adjustment + incumbency + candidate quality + candidate event adjustment + special adjustment.,/Users/benyelin/Desktop/Desktop - Ben’s MacBook Air/senate_model_python_Q1_auto_calendar_candidate_refresh/inputs/national_environment.csv,,,0.0,0.0,0.0,False,,0.0,1.0,-15.836700000000004,5.75,0.0666422379997538,0.0160241987900604,-15.892150151002902,1.4693,Both matched,Victoria Broderick,Scott DesJarlais,0.5,-1.599,Both matched,0.0,0.0,0,,
TN,5,TN-5,Middle South,Mixed,Medium,High,High,Low,Unknown,Medium College / High White,Medium College / High White / High Black / Low Hispanic / Unknown Income,standard,Unresolved,,,TN,Middle South,Mixed,0.0,"Ogles, Andy",R,R,R,False,True,"Molder, Chaz","Hatcher, Charlie",,True,True,False,False,-23.1,-12.700000000000005,-14.8,-20.286,1.0,,5.8500000000000005,5.8500000000000005,0.0,0.0,0.0,-14.436,-7.901755969233304,2,True,-13.43704938027815,0.0372231388430578,,-20.286,0.95,-0.1,0.0,0.85,District type base: Mixed=0.95. Partisan baseline adjustment: -0.10. Region adjustment: Middle South=+0.00. No manual override. Final elasticity: 0.85.,0.85,-1.5,4.52,-21.6,-17.220000000000006,5.8500000000000005,1.0,5.8500000000000005,1.5,1,1,0.0,0.0,0,Poll spillover active but signal file missing,House fundamentals calculated as 70%*2024 presidential margin + 30%*2020 presidential margin + national environment * district elasticity + state environment adjustment + incumbency + candidate quality + candidate event adjustment + special adjustment.,/Users/benyelin/Desktop/Desktop - Ben’s MacBook Air/senate_model_python_Q1_auto_calendar_candidate_refresh/inputs/national_environment.csv,2026-08-24,51.0,0.9500810788953974,1.461477655289376,1.0,False,"Manual House polling average from 2 poll(s): Impact Research, Impact Research",0.1528792948378204,0.8471207051621796,-13.43704938027815,5.530236013670633,0.096258313589338,0.0372231388430578,-13.384409460791584,0.0,Neither matched,,,0.0,0.0,Neither matched,0.0,0.0,0,,
TN,6,TN-6,Middle South,Mixed,Medium,Very High,Medium,Low,Unknown,Medium College / Very High White,Medium College / Very High White / Medium Black / Low Hispanic / Unknown Income,standard,Unresolved,,,TN,Middle South,Mixed,0.0,"Rose, John",R,R,R,False,True,"Croley, Mike","Garrett, Johny",,True,True,False,False,-26.5,-20.1,-18.2,-24.886,1.0,,5.8500000000000005,5.8500000000000005,0.0,0.0,0.0,-19.036,,0,False,-19.036,0.0052247387630618,,-24.886,0.95,-0.1,0.0,0.85,District type base: Mixed=0.95. Partisan baseline adjustment: -0.10. Region adjustment: Middle South=+0.00. No manual override. Final elasticity: 0.85.,0.85,-1.5,4.52,-25.0,-24.62,5.8500000000000005,1.0,5.8500000000000005,1.5,1,1,0.0,0.0,0,Poll spillover active but signal file missing,House fundamentals calculated as 70%*2024 presidential margin + 30%*2020 presidential margin + national environment * district elasticity + state environment adjustment + incumbency + candidate quality + candidate event adjustment + special adjustment.,/Users/benyelin/Desktop/Desktop - Ben’s MacBook Air/senate_model_python_Q1_auto_calendar_candidate_refresh/inputs/national_environment.csv,,,0.0,0.0,0.0,False,,0.0,1.0,-19.036,5.75,0.0402073804924419,0.0052247387630618,-19.10278356461641,0.0,Neither matched,,,0.0,0.0,Neither matched,0.0,0.0,0,,
TN,7,TN-7,Middle South,Mixed,Medium,High,Medium,Low,Unknown,Medium College / High White,Medium College / High White / Medium Black / Low Hispanic / Unknown Income,standard,Unresolved,,,TN,Middle South,Mixed,0.0,"Van Epps, Matt",R,R,R,True,False,"Copeland, Darden","Van Epps, Matt",,True,False,False,True,-22.4,-18.1,-14.099999999999998,-21.415999999999997,1.0,,5.8500000000000005,5.8500000000000005,-1.5,0.0,0.0,-17.065999999999995,,0,False,-17.065999999999995,0.011424428778561,,-21.415999999999997,0.95,-0.1,0.0,0.85,District type base: Mixed=0.95. Partisan baseline adjustment: -0.10. Region adjustment: Middle South=+0.00. No manual override. Final elasticity: 0.85.,0.85,-1.5,4.52,-20.9,-22.62,5.8500000000000005,1.0,5.8500000000000005,1.5,1,1,0.0,0.0,0,Poll spillover active but signal file missing,House fundamentals calculated as 70%*2024 presidential margin + 30%*2020 presidential margin + national environment * district elasticity + state environment adjustment + incumbency + candidate quality + candidate event adjustment + special adjustment.,/Users/benyelin/Desktop/Desktop - Ben’s MacBook Air/senate_model_python_Q1_auto_calendar_candidate_refresh/inputs/national_environment.csv,,,0.0,0.0,0.0,False,,0.0,1.0,-17.065999999999995,5.75,0.0549749746676429,0.011424428778561,-17.09869914361016,0.0,Neither matched,,,0.0,0.0,Neither matched,0.0,0.0,0,,
TN,8,TN-8,Middle South,Mixed,Medium,High,High,Low,Unknown,Medium College / High White,Medium College / High White / High Black / Low Hispanic / Unknown Income,standard,Unresolved,,,TN,Middle South,Mixed,0.0,"Kustoff, David",R,R,R,True,False,"Kuhn, Heidi","Kustoff, David",,True,False,False,True,-20.199999999999996,-15.700000000000005,-11.899999999999997,-19.156,1.0,,5.8500000000000005,5.8500000000000005,-1.5,-0.785892857142857,0.0,-15.591892857142854,,0,False,-15.591892857142854,0.0173241337933103,,-19.156,0.95,-0.1,0.0,0.85,District type base: Mixed=0.95. Partisan baseline adjustment: -0.10. Region adjustment: Middle South=+0.00. No manual override. Final elasticity: 0.85.,0.85,-1.5,4.52,-18.699999999999996,-20.22000000000001,5.8500000000000005,1.0,5.8500000000000005,1.5,1,1,0.0,0.0,0,Poll spillover active but signal file missing,House fundamentals calculated as 70%*2024 presidential margin + 30%*2020 presidential margin + national environment * district elasticity + state environment adjustment + incumbency + candidate quality + candidate event adjustment + special adjustment.,/Users/benyelin/Desktop/Desktop - Ben’s MacBook Air/senate_model_python_Q1_auto_calendar_candidate_refresh/inputs/national_environment.csv,,,0.0,0.0,0.0,False,,0.0,1.0,-15.591892857142854,5.75,0.0692254313067189,0.0173241337933103,-15.683345310137572,-0.785892857142857,Only R matched,,David Kustoff,0.0,1.496938775510204,Only R matched,0.0,0.0,0,,
TN,9,TN-9,Middle South,Mixed,Medium,Medium,High,Low,Unknown,Medium College / Medium White,Medium College / Medium White / High Black / Low Hispanic / Unknown Income,standard,Unresolved,,,TN,Middle South,Mixed,0.0,"Cohen, Steve",D,D,D,False,True,"Pearson, Justin","Taylor, Brent",,True,True,False,False,-21.1,-10.5,-12.8,-18.226,1.0,,5.8500000000000005,5.8500000000000005,0.0,0.0,0.0,-12.375999999999998,,0,False,-12.375999999999998,0.0481725913704314,,-18.226,0.95,-0.1,0.0,0.85,District type base: Mixed=0.95. Partisan baseline adjustment: -0.10. Region adjustment: Middle South=+0.00. No manual override. Final elasticity: 0.85.,0.85,-1.5,4.52,-19.6,-15.02,5.8500000000000005,1.0,5.8500000000000005,1.5,1,1,0.0,0.0,0,Poll spillover active but signal file missing,House fundamentals calculated as 70%*2024 presidential margin + 30%*2020 presidential margin + national environment * district elasticity + state environment adjustment + incumbency + candidate quality + candidate event adjustment + special adjustment.,/Users/benyelin/Desktop/Desktop - Ben’s MacBook Air/senate_model_python_Q1_auto_calendar_candidate_refresh/inputs/national_environment.csv,,,0.0,0.0,0.0,False,,0.0,1.0,-12.375999999999998,5.75,0.1127787285921108,0.0481725913704314,-12.371406989875863,0.0,Neither matched,,,0.0,0.0,Neither matched,0.0,0.0,0,,
TX,1,TX-1,Middle South,Rural,Low,High,Medium,Low,Unknown,Low College / High White,Low College / High White / Medium Black / Low Hispanic / Unknown Income,standard,D_vs_R,,,TX,Middle South,Rural,0.0,"Moran, Nathaniel",R,R,R,True,False,"Prince, Yolanda","Moran, Nathaniel",,True,False,False,True,-49.4,-43.8,-41.1,-48.02599999999999,1.0,,5.8500000000000005,5.8500000000000005,-1.5,-0.7349999999999999,0.0,-44.41099999999999,,0,False,-44.41099999999999,2.499875006249687e-05,,-48.02599999999999,0.8,-0.2,0.0,0.6000000000000001,District type base: Rural=0.80. Partisan baseline adjustment: -0.20. Region adjustment: Middle South=+0.00. No manual override. Final elasticity: 0.60.,0.6000000000000001,-1.5,4.52,-47.9,-48.31999999999999,5.8500000000000005,1.0,5.8500000000000005,1.5,1,1,0.0,0.0,0,Poll spillover active but signal file missing,House fundamentals calculated as 70%*2024 presidential margin + 30%*2020 presidential margin + national environment * district elasticity + state environment adjustment + incumbency + candidate quality + candidate event adjustment + special adjustment.,/Users/benyelin/Desktop/Desktop - Ben’s MacBook Air/senate_model_python_Q1_auto_calendar_candidate_refresh/inputs/national_environment.csv,,,0.0,0.0,0.0,False,,0.0,1.0,-44.41099999999999,5.75,0.0006097611222053,2.499875006249687e-05,-44.47081030935114,-0.7349999999999999,Only R matched,,Nathaniel Moran,0.0,1.4,Only R matched,0.0,0.0,0,,
TX,2,TX-2,Urban South,Mixed,Medium,Medium,Medium,Medium,Unknown,Medium College / Medium White,Medium College / Medium White / Medium Black / Medium Hispanic / Unknown Income,standard,D_vs_R,,,TX,Urban South,Mixed,0.0,"Crenshaw, Dan",R,R,R,False,True,"Finnie, Shaun","Toth, Steve",,True,True,False,False,-22.8,-21.5,-14.5,-22.716,1.0,,5.8500000000000005,5.8500000000000005,0.0,0.0,0.0,-16.866,,0,False,-16.866,0.011874406279686,,-22.716,0.95,-0.1,0.05,0.9,District type base: Mixed=0.95. Partisan baseline adjustment: -0.10. Region adjustment: Urban South=+0.05. No manual override. Final elasticity: 0.90.,0.9,-1.5,4.52,-21.3,-26.02,5.8500000000000005,1.0,5.8500000000000005,1.5,1,1,0.0,0.0,0,Poll spillover active but signal file missing,House fundamentals calculated as 70%*2024 presidential margin + 30%*2020 presidential margin + national environment * district elasticity + state environment adjustment + incumbency + candidate quality + candidate event adjustment + special adjustment.,/Users/benyelin/Desktop/Desktop - Ben’s MacBook Air/senate_model_python_Q1_auto_calendar_candidate_refresh/inputs/national_environment.csv,,,0.0,0.0,0.0,False,,0.0,1.0,-16.866,5.75,0.0567326430314547,0.011874406279686,-16.910447600879852,0.0,Neither matched,,,0.0,0.0,Neither matched,0.0,0.0,0,,
TX,3,TX-3,Middle South,Rural,High,Medium,Medium,Medium,Unknown,High College / Medium White,High College / Medium White / Medium Black / Medium Hispanic / Unknown Income,standard,D_vs_R,,,TX,Middle South,Rural,0.0,"Self, Keith",R,R,R,True,False,"Hunt, Evan","Self, Keith",,True,False,False,True,-23.3,-17.4,-15.0,-21.836,1.0,,5.8500000000000005,5.8500000000000005,-1.5,-0.2728409090909091,0.0,-17.758840909090907,,0,False,-17.758840909090907,0.0084245787710614,,-21.836,0.8,-0.1,0.0,0.7000000000000001,District type base: Rural=0.80. Partisan baseline adjustment: -0.10. Region adjustment: Middle South=+0.00. No manual override. Final elasticity: 0.70.,0.7000000000000001,-1.5,4.52,-21.8,-21.92,5.8500000000000005,1.0,5.8500000000000005,1.5,1,1,0.0,0.0,0,Poll spillover active but signal file missing,House fundamentals calculated as 70%*2024 presidential margin + 30%*2020 presidential margin + national environment * district elasticity + state environment adjustment + incumbency + candidate quality + candidate event adjustment + special adjustment.,/Users/benyelin/Desktop/Desktop - Ben’s MacBook Air/senate_model_python_Q1_auto_calendar_candidate_refresh/inputs/national_environment.csv,,,0.0,0.0,0.0,False,,0.0,1.0,-17.758840909090907,5.75,0.0492750552893817,0.0084245787710614,-17.727950060490198,-0.2728409090909091,Only R matched,,Keith Self,0.0,0.5196969696969698,Only R matched,0.0,0.0,0,,
TX,4,TX-4,Middle South,Rural,Very High,Medium,Low,Low,Unknown,Very High College / Medium White,Very High College / Medium White / Low Black / Low Hispanic / Unknown Income,standard,D_vs_R,,,TX,Middle South,Rural,0.0,"Fallon, Pat",R,R,R,True,False,"Pearce, Jason","Fallon, Pat",,True,False,False,True,-24.6,-17.900000000000006,-16.3,-22.896000000000004,1.0,,5.8500000000000005,5.8500000000000005,-1.5,-0.1344512195121951,0.0,-18.680451219512197,,0,False,-18.680451219512197,0.0069746512674366,,-22.896000000000004,0.8,-0.1,0.0,0.7000000000000001,District type base: Rural=0.80. Partisan baseline adjustment: -0.10. Region adjustment: Middle South=+0.00. No manual override. Final elasticity: 0.70.,0.7000000000000001,-1.5,4.52,-23.1,-22.420000000000005,5.8500000000000005,1.0,5.8500000000000005,1.5,1,1,0.0,0.0,0,Poll spillover active but signal file missing,House fundamentals calculated as 70%*2024 presidential margin + 30%*2020 presidential margin + national environment * district elasticity + state environment adjustment + incumbency + candidate quality + candidate event adjustment + special adjustment.,/Users/benyelin/Desktop/Desktop - Ben’s MacBook Air/senate_model_python_Q1_auto_calendar_candidate_refresh/inputs/national_environment.csv,,,0.0,0.0,0.0,False,,0.0,1.0,-18.680451219512197,5.75,0.0425575418766958,0.0069746512674366,-18.60959840549379,-0.1344512195121951,Only R matched,,Pat Fallon,0.0,0.2560975609756097,Only R matched,0.0,0.0,0,,
TX,5,TX-5,Middle South,Rural,Low,Medium,Medium,Medium,Unknown,Low College / Medium White,Low College / Medium White / Medium Black / Medium Hispanic / Unknown Income,standard,D_vs_R,,,TX,Middle South,Rural,0.0,"Gooden, Lance",R,R,R,True,False,"Hockett, Chrissy ","Gooden, Lance",,True,False,False,True,-21.5,-16.200000000000003,-13.2,-20.216,1.0,,5.8500000000000005,5.8500000000000005,-1.5,0.5957608695652175,0.0,-15.27023913043478,,0,False,-15.27023913043478,0.0190740462976851,,-20.216,0.8,-0.1,0.0,0.7000000000000001,District type base: Rural=0.80. Partisan baseline adjustment: -0.10. Region adjustment: Middle South=+0.00. No manual override. Final elasticity: 0.70.,0.7000000000000001,-1.5,4.52,-20.0,-20.72,5.8500000000000005,1.0,5.8500000000000005,1.5,1,1,0.0,0.0,0,Poll spillover active but signal file missing,House fundamentals calculated as 70%*2024 presidential margin + 30%*2020 presidential margin + national environment * district elasticity + state environment adjustment + incumbency + candidate quality + candidate event adjustment + special adjustment.,/Users/benyelin/Desktop/Desktop - Ben’s MacBook Air/senate_model_python_Q1_auto_calendar_candidate_refresh/inputs/national_environment.csv,,,0.0,0.0,0.0,False,,0.0,1.0,-15.27023913043478,5.75,0.0727604198426741,0.0190740462976851,-15.369353792971213,0.5957608695652175,Only R matched,,Lance Gooden,0.0,-1.1347826086956525,Only R matched,0.0,0.0,0,,
TX,6,TX-6,Middle South,Rural,Medium,Medium,Medium,Medium,Unknown,Medium College / Medium White,Medium College / Medium White / Medium Black / Medium Hispanic / Unknown Income,standard,D_vs_R,,,TX,Middle South,Rural,0.0,"Ellzey, Jake",R,R,R,True,False,"Minton, Danny","Ellzey, Jake",,True,False,False,True,-22.8,-19.5,-14.5,-22.116,1.0,,5.8500000000000005,5.8500000000000005,-1.5,0.55125,0.0,-17.21475,,0,False,-17.21475,0.0109744512774361,,-22.116,0.8,-0.1,0.0,0.7000000000000001,District type base: Rural=0.80. Partisan baseline adjustment: -0.10. Region adjustment: Middle South=+0.00. No manual override. Final elasticity: 0.70.,0.7000000000000001,-1.5,4.52,-21.3,-24.02,5.8500000000000005,1.0,5.8500000000000005,1.5,1,1,0.0,0.0,0,Poll spillover active but signal file missing,House fundamentals calculated as 70%*2024 presidential margin + 30%*2020 presidential margin + national environment * district elasticity + state environment adjustment + incumbency + candidate quality + candidate event adjustment + special adjustment.,/Users/benyelin/Desktop/Desktop - Ben’s MacBook Air/senate_model_python_Q1_auto_calendar_candidate_refresh/inputs/national_environment.csv,,,0.0,0.0,0.0,False,,0.0,1.0,-17.21475,5.75,0.0537010997771714,0.0109744512774361,-17.23429363698066,0.55125,Only R matched,,Jake Ellzey,0.0,-1.05,Only R matched,0.0,0.0,0,,
TX,7,TX-7,Urban South,Suburban,High,Low,Medium,High,Unknown,High College / Low White,High College / Low White / Medium Black / High Hispanic / Unknown Income,standard,D_vs_R,,,TX,Urban South,Suburban,0.0,"Fletcher, Lizzie",D,D,D,True,False,"Fletcher, Lizzie","Hale, Alexander",,False,True,True,False,23.4,31.5,31.7,25.52399999999999,1.0,,5.8500000000000005,5.8500000000000005,1.5,-0.0684782608695652,0.0,32.80552173913043,,0,False,32.80552173913043,0.9999750012499375,,25.52399999999999,1.1,-0.2,0.05,0.9500000000000002,District type base: Suburban=1.10. Partisan baseline adjustment: -0.20. Region adjustment: Urban South=+0.05. No manual override. Final elasticity: 0.95.,0.9500000000000002,-1.5,4.52,24.9,26.98,5.8500000000000005,1.0,5.8500000000000005,1.5,1,1,0.0,0.0,0,Poll spillover active but signal file missing,House fundamentals calculated as 70%*2024 presidential margin + 30%*2020 presidential margin + national environment * district elasticity + state environment adjustment + incumbency + candidate quality + candidate event adjustment + special adjustment.,/Users/benyelin/Desktop/Desktop - Ben’s MacBook Air/senate_model_python_Q1_auto_calendar_candidate_refresh/inputs/national_environment.csv,,,0.0,0.0,0.0,False,,0.0,1.0,32.80552173913043,5.75,0.9957963390461996,0.9999750012499375,32.82695973554094,-0.0684782608695652,Only D matched,Lizzie Fletcher,,-0.1304347826086956,0.0,Only D matched,0.0,0.0,0,,
TX,8,TX-8,Middle South,Rural,Medium,Low,Medium,High,Unknown,Medium College / Low White,Medium College / Low White / Medium Black / High Hispanic / Unknown Income,standard,D_vs_R,,,TX,Middle South,Rural,0.0,"Luttrell, Morgan",R,R,R,False,True,"Jones, Laura","Steinmann, Jessica",,True,True,False,False,-27.6,-16.699999999999996,-19.3,-24.636,1.0,,5.8500000000000005,5.8500000000000005,0.0,0.1010227272727272,0.0,-18.68497727272727,,0,False,-18.68497727272727,0.0062246887655617,,-24.636,0.8,-0.1,0.0,0.7000000000000001,District type base: Rural=0.80. Partisan baseline adjustment: -0.10. Region adjustment: Middle South=+0.00. No manual override. Final elasticity: 0.70.,0.7000000000000001,-1.5,4.52,-26.1,-21.219999999999995,5.8500000000000005,1.0,5.8500000000000005,1.5,1,1,0.0,0.0,0,Poll spillover active but signal file missing,House fundamentals calculated as 70%*2024 presidential margin + 30%*2020 presidential margin + national environment * district elasticity + state environment adjustment + incumbency + candidate quality + candidate event adjustment + special adjustment.,/Users/benyelin/Desktop/Desktop - Ben’s MacBook Air/senate_model_python_Q1_auto_calendar_candidate_refresh/inputs/national_environment.csv,,,0.0,0.0,0.0,False,,0.0,1.0,-18.68497727272727,5.75,0.0425268157535202,0.0062246887655617,-18.752907176777097,0.1010227272727272,Only D matched,Laura Jones,,0.1924242424242423,0.0,Only D matched,0.0,0.0,0,,
TX,9,TX-9,Urban South,Mixed,Low,Low,Medium,Very High,Unknown,Low College / Low White,Low College / Low White / Medium Black / Very High Hispanic / Unknown Income,standard,D_vs_R,,,TX,Urban South,Mixed,0.0,OPEN,D,D,D,False,True,"Gutierrez, Leticia","Mealer, Alex",,True,True,False,False,-19.8,-8.600000000000001,-11.5,-16.746000000000002,1.0,,5.8500000000000005,5.8500000000000005,0.0,0.0,0.0,-10.896,,0,False,-10.896,0.0723713814309284,,-16.746000000000002,0.95,-0.1,0.05,0.9,District type base: Mixed=0.95. Partisan baseline adjustment: -0.10. Region adjustment: Urban South=+0.05. No manual override. Final elasticity: 0.90.,0.9,-1.5,4.52,-18.3,-13.12,5.8500000000000005,1.0,5.8500000000000005,1.5,1,1,0.0,0.0,0,Poll spillover active but signal file missing,House fundamentals calculated as 70%*2024 presidential margin + 30%*2020 presidential margin + national environment * district elasticity + state environment adjustment + incumbency + candidate quality + candidate event adjustment + special adjustment.,/Users/benyelin/Desktop/Desktop - Ben’s MacBook Air/senate_model_python_Q1_auto_calendar_candidate_refresh/inputs/national_environment.csv,,,0.0,0.0,0.0,False,,0.0,1.0,-10.896,5.75,0.1399145338330145,0.0723713814309284,-10.864147446615831,0.0,Neither matched,,,0.0,0.0,Neither matched,0.0,0.0,0,,
TX,10,TX-10,Urban South,Mixed,High,Medium,Low,Medium,Unknown,High College / Medium White,High College / Medium White / Low Black / Medium Hispanic / Unknown Income,standard,D_vs_R,,,TX,Urban South,Mixed,0.0,"McCaul, Michael",R,R,R,False,True,"Rourk, Caitlin","Gober, Chris",,True,True,False,False,-22.5,-14.799999999999995,-14.2,-20.495999999999995,1.0,,5.8500000000000005,5.8500000000000005,0.0,0.0,0.0,-14.645999999999994,,0,False,-14.645999999999994,0.0255237238138093,,-20.495999999999995,0.95,-0.1,0.05,0.9,District type base: Mixed=0.95. Partisan baseline adjustment: -0.10. Region adjustment: Urban South=+0.05. No manual override. Final elasticity: 0.90.,0.9,-1.5,4.52,-21.0,-19.319999999999993,5.8500000000000005,1.0,5.8500000000000005,1.5,1,1,0.0,0.0,0,Poll spillover active but signal file missing,House fundamentals calculated as 70%*2024 presidential margin + 30%*2020 presidential margin + national environment * district elasticity + state environment adjustment + incumbency + candidate quality + candidate event adjustment + special adjustment.,/Users/benyelin/Desktop/Desktop - Ben’s MacBook Air/senate_model_python_Q1_auto_calendar_candidate_refresh/inputs/national_environment.csv,,,0.0,0.0,0.0,False,,0.0,1.0,-14.645999999999994,5.75,0.080099197909873,0.0255237238138093,-14.578870235342936,0.0,Neither matched,,,0.0,0.0,Neither matched,0.0,0.0,0,,
TX,11,TX-11,Middle South,Mixed,Medium,Medium,Low,High,Unknown,Medium College / Medium White,Medium College / Medium White / Low Black / High Hispanic / Unknown Income,standard,D_vs_R,,,TX,Middle South,Mixed,0.0,"Pfluger, Austin",R,R,R,True,False,"Reynolds, Claire","Pfluger, Austin",,True,False,False,True,-34.3,-30.0,-25.999999999999996,-33.315999999999995,1.0,,5.8500000000000005,5.8500000000000005,-1.5,0.0,0.0,-28.96599999999999,,0,False,-28.96599999999999,2.499875006249687e-05,,-33.315999999999995,0.95,-0.2,0.0,0.75,District type base: Mixed=0.95. Partisan baseline adjustment: -0.20. Region adjustment: Middle South=+0.00. No manual override. Final elasticity: 0.75.,0.75,-1.5,4.52,-32.8,-34.519999999999996,5.8500000000000005,1.0,5.8500000000000005,1.5,1,1,0.0,0.0,0,Poll spillover active but signal file missing,House fundamentals calculated as 70%*2024 presidential margin + 30%*2020 presidential margin + national environment * district elasticity + state environment adjustment + incumbency + candidate quality + candidate event adjustment + special adjustment.,/Users/benyelin/Desktop/Desktop - Ben’s MacBook Air/senate_model_python_Q1_auto_calendar_candidate_refresh/inputs/national_environment.csv,,,0.0,0.0,0.0,False,,0.0,1.0,-28.96599999999999,5.75,0.0079416042824534,2.499875006249687e-05,-28.9685768299936,0.0,Neither matched,,,0.0,0.0,Neither matched,0.0,0.0,0,,
TX,12,TX-12,Middle South,Rural,Medium,Medium,Low,Medium,Unknown,Medium College / Medium White,Medium College / Medium White / Low Black / Medium Hispanic / Unknown Income,standard,D_vs_R,,,TX,Middle South,Rural,0.0,"Goldman, Craig",R,R,R,True,False,"Rodriguez Prilliman, Angela","Goldman, Craig",,True,False,False,True,-23.8,-17.700000000000003,-15.5,-22.276,1.0,,5.8500000000000005,5.8500000000000005,-1.5,-0.5775,0.0,-18.5035,,0,False,-18.5035,0.0065746712664366,,-22.276,0.8,-0.1,0.0,0.7000000000000001,District type base: Rural=0.80. Partisan baseline adjustment: -0.10. Region adjustment: Middle South=+0.00. No manual override. Final elasticity: 0.70.,0.7000000000000001,-1.5,4.52,-22.3,-22.22,5.8500000000000005,1.0,5.8500000000000005,1.5,1,1,0.0,0.0,0,Poll spillover active but signal file missing,House fundamentals calculated as 70%*2024 presidential margin + 30%*2020 presidential margin + national environment * district elasticity + state environment adjustment + incumbency + candidate quality + candidate event adjustment + special adjustment.,/Users/benyelin/Desktop/Desktop - Ben’s MacBook Air/senate_model_python_Q1_auto_calendar_candidate_refresh/inputs/national_environment.csv,,,0.0,0.0,0.0,False,,0.0,1.0,-18.5035,5.75,0.0437755733081112,0.0065746712664366,-18.582726960114016,-0.5775,Only R matched,,Craig Goldman,0.0,1.1,Only R matched,0.0,0.0,0,,
TX,13,TX-13,Middle South,Rural,Low,Medium,Low,Medium,Unknown,Low College / Medium White,Low College / Medium White / Low Black / Medium Hispanic / Unknown Income,standard,D_vs_R,,,TX,Middle South,Rural,0.0,"Jackson, Ronny",R,R,R,True,False,"Nair, Mark","Jackson, Ronny",,True,False,False,True,-46.1,-44.1,-37.8,-45.806,1.0,,5.8500000000000005,5.8500000000000005,-1.5,1.08875,0.0,-40.36725,,0,False,-40.36725,2.499875006249687e-05,,-45.806,0.8,-0.2,0.0,0.6000000000000001,District type base: Rural=0.80. Partisan baseline adjustment: -0.20. Region adjustment: Middle South=+0.00. No manual override. Final elasticity: 0.60.,0.6000000000000001,-1.5,4.52,-44.6,-48.620000000000005,5.8500000000000005,1.0,5.8500000000000005,1.5,1,1,0.0,0.0,0,Poll spillover active but signal file missing,House fundamentals calculated as 70%*2024 presidential margin + 30%*2020 presidential margin + national environment * district elasticity + state environment adjustment + incumbency + candidate quality + candidate event adjustment + special adjustment.,/Users/benyelin/Desktop/Desktop - Ben’s MacBook Air/senate_model_python_Q1_auto_calendar_candidate_refresh/inputs/national_environment.csv,,,0.0,0.0,0.0,False,,0.0,1.0,-40.36725,5.75,0.0011956427667034,2.499875006249687e-05,-40.43477245500779,1.08875,Only R matched,,Ronny Jackson,0.0,-2.073809523809524,Only R matched,0.0,0.0,0,,
TX,14,TX-14,Middle South,Mixed,Medium,Medium,Medium,Medium,Unknown,Medium College / Medium White,Medium College / Medium White / Medium Black / Medium Hispanic / Unknown Income,standard,D_vs_R,,,TX,Middle South,Mixed,0.0,"Weber, Randy",R,R,R,True,False,"Bartie, Thurmond","Weber, Randy",,True,False,False,True,-24.2,-21.5,-15.9,-23.696,1.0,,5.8500000000000005,5.8500000000000005,-1.5,0.0524999999999999,0.0,-19.2935,,0,False,-19.2935,0.0049247537623118,,-23.696,0.95,-0.1,0.0,0.85,District type base: Mixed=0.95. Partisan baseline adjustment: -0.10. Region adjustment: Middle South=+0.00. No manual override. Final elasticity: 0.85.,0.85,-1.5,4.52,-22.7,-26.02,5.8500000000000005,1.0,5.8500000000000005,1.5,1,1,0.0,0.0,0,Poll spillover active but signal file missing,House fundamentals calculated as 70%*2024 presidential margin + 30%*2020 presidential margin + national environment * district elasticity + state environment adjustment + incumbency + candidate quality + candidate event adjustment + special adjustment.,/Users/benyelin/Desktop/Desktop - Ben’s MacBook Air/senate_model_python_Q1_auto_calendar_candidate_refresh/inputs/national_environment.csv,,,0.0,0.0,0.0,False,,0.0,1.0,-19.2935,5.75,0.0385834874065842,0.0049247537623118,-19.33742105023253,0.0524999999999999,Only R matched,,Randy Weber,0.0,-0.0999999999999999,Only R matched,0.0,0.0,0,,
TX,15,TX-15,Southwest,Rural,Low,Low,Low,Very High,Unknown,Low College / Low White,Low College / Low White / Low Black / Very High Hispanic / Unknown Income,standard,D_vs_R,,,TX,Southwest,Rural,0.0,"De La Cruz, Monica",R,R,R,True,False,"Pulido, Bobby","De La Cruz, Monica",,True,False,False,True,-17.8,-2.4000000000000057,-9.5,-13.486,1.0,,5.8500000000000005,5.8500000000000005,-1.5,0.7599695121951219,0.0,-8.376030487804877,4.544741889830759,4,True,-3.1398874422033094,0.3360581970901455,,-13.486,0.8,0.0,0.0,0.8,District type base: Rural=0.80. Partisan baseline adjustment: +0.00. Region adjustment: Southwest=+0.00. No manual override. Final elasticity: 0.80.,0.8,-1.5,4.52,-16.3,-6.920000000000005,5.8500000000000005,1.0,5.8500000000000005,1.5,1,1,0.0,0.0,0,Poll spillover active but signal file missing,House fundamentals calculated as 70%*2024 presidential margin + 30%*2020 presidential margin + national environment * district elasticity + state environment adjustment + incumbency + candidate quality + candidate event adjustment + special adjustment.,/Users/benyelin/Desktop/Desktop - Ben’s MacBook Air/senate_model_python_Q1_auto_calendar_candidate_refresh/inputs/national_environment.csv,2026-08-22,66.25,1.7266124751119718,3.242000024496818,0.4026993872706268,False,"Manual House polling average from 4 poll(s): WelcomePAC, Applecart, Unknown, Texas Southern",0.4052500030621022,0.5947499969378978,-3.1398874422033094,5.167453120598228,0.3720775027103814,0.3360581970901455,-3.1342593605080076,0.7599695121951219,Only R matched,,Monica de la Cruz,0.0,-1.447560975609756,Only R matched,0.0,0.0,0,,
TX,16,TX-16,Southwest,Urban,Low,Low,Low,Very High,Unknown,Low College / Low White,Low College / Low White / Low Black / Very High Hispanic / Unknown Income,standard,D_vs_R,,,TX,Southwest,Urban,0.0,"Escobar, Veronica",D,D,D,True,False,"Escobar, Veronica","Bauman, Adam",,False,True,True,False,16.3,35.6,24.6,21.784,1.0,,5.8500000000000005,5.8500000000000005,1.5,-0.8799456521739131,0.0,28.254054347826088,,0,False,28.254054347826088,0.9999250037498124,,21.784,0.7,-0.1,0.0,0.6,District type base: Urban=0.70. Partisan baseline adjustment: -0.10. Region adjustment: Southwest=+0.00. No manual override. Final elasticity: 0.60.,0.6,-1.5,4.52,17.8,31.08,5.8500000000000005,1.0,5.8500000000000005,1.5,1,1,0.0,0.0,0,Poll spillover active but signal file missing,House fundamentals calculated as 70%*2024 presidential margin + 30%*2020 presidential margin + national environment * district elasticity + state environment adjustment + incumbency + candidate quality + candidate event adjustment + special adjustment.,/Users/benyelin/Desktop/Desktop - Ben’s MacBook Air/senate_model_python_Q1_auto_calendar_candidate_refresh/inputs/national_environment.csv,,,0.0,0.0,0.0,False,,0.0,1.0,28.254054347826088,5.75,0.9910668158707376,0.9999250037498124,28.26906045062719,-0.8799456521739131,Only D matched,Veronica Escobar,,-1.6760869565217391,0.0,Only D matched,0.0,0.0,0,,
TX,17,TX-17,Middle South,Rural,Medium,Medium,Medium,Medium,Unknown,Medium College / Medium White,Medium College / Medium White / Medium Black / Medium Hispanic / Unknown Income,standard,D_vs_R,,,TX,Middle South,Rural,0.0,"Sessions, Pete",R,R,R,True,False,"Shepard, Casey","Sessions, Pete",,True,False,False,True,-18.0,-15.200000000000005,-9.7,-17.466,1.0,,5.8500000000000005,5.8500000000000005,-1.5,0.091595744680851,0.0,-13.02440425531915,,0,False,-13.02440425531915,0.0421228938553072,,-17.466,0.8,-0.1,0.0,0.7000000000000001,District type base: Rural=0.80. Partisan baseline adjustment: -0.10. Region adjustment: Middle South=+0.00. No manual override. Final elasticity: 0.70.,0.7000000000000001,-1.5,4.52,-16.5,-19.72000000000001,5.8500000000000005,1.0,5.8500000000000005,1.5,1,1,0.0,0.0,0,Poll spillover active but signal file missing,House fundamentals calculated as 70%*2024 presidential margin + 30%*2020 presidential margin + national environment * district elasticity + state environment adjustment + incumbency + candidate quality + candidate event adjustment + special adjustment.,/Users/benyelin/Desktop/Desktop - Ben’s MacBook Air/senate_model_python_Q1_auto_calendar_candidate_refresh/inputs/national_environment.csv,,,0.0,0.0,0.0,False,,0.0,1.0,-13.02440425531915,5.75,0.1024095392175712,0.0421228938553072,-13.033449870822906,0.091595744680851,Only R matched,,Pete Sessions,0.0,-0.1744680851063829,Only R matched,0.0,0.0,0,,
TX,18,TX-18,Urban South,Urban,Medium,Low,High,High,Unknown,Medium College / Low White,Medium College / Low White / High Black / High Hispanic / Unknown Income,standard,D_vs_R,,,TX,Urban South,Urban,0.0,"Menefee, Christian/Green, Al",D,D,D,True,False,"Menefee, Christian","Whitfield, Ronald",,False,True,True,False,54.8,63.6,63.099999999999994,57.134,1.0,,5.8500000000000005,5.8500000000000005,1.5,0.0,0.0,64.48400000000001,,0,False,64.48400000000001,0.9999750012499375,,57.134,0.7,-0.2,0.05,0.55,District type base: Urban=0.70. Partisan baseline adjustment: -0.20. Region adjustment: Urban South=+0.05. No manual override. Final elasticity: 0.55.,0.55,-1.5,4.52,56.3,59.08,5.8500000000000005,1.0,5.8500000000000005,1.5,1,1,0.0,0.0,0,Poll spillover active but signal file missing,House fundamentals calculated as 70%*2024 presidential margin + 30%*2020 presidential margin + national environment * district elasticity + state environment adjustment + incumbency + candidate quality + candidate event adjustment + special adjustment.,/Users/benyelin/Desktop/Desktop - Ben’s MacBook Air/senate_model_python_Q1_auto_calendar_candidate_refresh/inputs/national_environment.csv,,,0.0,0.0,0.0,False,,0.0,1.0,64.48400000000001,5.75,0.9999784977899648,0.9999750012499375,64.51738217474694,0.0,Neither matched,,,0.0,0.0,Neither matched,0.0,0.0,0,,
TX,19,TX-19,Middle South,Rural,Low,Medium,Low,High,Unknown,Low College / Medium White,Low College / Medium White / Low Black / High Hispanic / Unknown Income,standard,D_vs_R,,,TX,Middle South,Rural,0.0,"Arrington, Jodey",R,R,R,False,True,"Rable, Kyle","Sell, Tom",,True,True,False,False,-51.6,-46.2,-43.3,-50.286,1.0,,5.8500000000000005,5.8500000000000005,0.0,0.0,0.0,-44.436,,0,False,-44.436,2.499875006249687e-05,,-50.286,0.8,-0.2,0.0,0.6000000000000001,District type base: Rural=0.80. Partisan baseline adjustment: -0.20. Region adjustment: Middle South=+0.00. No manual override. Final elasticity: 0.60.,0.6000000000000001,-1.5,4.52,-50.1,-50.72,5.8500000000000005,1.0,5.8500000000000005,1.5,1,1,0.0,0.0,0,Poll spillover active but signal file missing,House fundamentals calculated as 70%*2024 presidential margin + 30%*2020 presidential margin + national environment * district elasticity + state environment adjustment + incumbency + candidate quality + candidate event adjustment + special adjustment.,/Users/benyelin/Desktop/Desktop - Ben’s MacBook Air/senate_model_python_Q1_auto_calendar_candidate_refresh/inputs/national_environment.csv,,,0.0,0.0,0.0,False,,0.0,1.0,-44.436,5.75,0.0006072272761395,2.499875006249687e-05,-44.446241987356,0.0,Neither matched,,,0.0,0.0,Neither matched,0.0,0.0,0,,
TX,20,TX-20,Urban South,Urban,Low,Low,Medium,Very High,Unknown,Low College / Low White,Low College / Low White / Medium Black / Very High Hispanic / Unknown Income,standard,D_vs_R,,,TX,Urban South,Urban,0.0,"Castro, Joaquin",D,D,D,True,False,"Castro, Joaquin","Baez, Edgardo",,False,True,True,False,28.4,40.2,36.7,31.634,1.0,,5.8500000000000005,5.8500000000000005,1.5,1.87625,0.0,40.86025,,0,False,40.86025,0.9999750012499375,,31.634,0.7,-0.2,0.05,0.55,District type base: Urban=0.70. Partisan baseline adjustment: -0.20. Region adjustment: Urban South=+0.05. No manual override. Final elasticity: 0.55.,0.55,-1.5,4.52,29.9,35.68000000000001,5.8500000000000005,1.0,5.8500000000000005,1.5,1,1,0.0,0.0,0,Poll spillover active but signal file missing,House fundamentals calculated as 70%*2024 presidential margin + 30%*2020 presidential margin + national environment * district elasticity + state environment adjustment + incumbency + candidate quality + candidate event adjustment + special adjustment.,/Users/benyelin/Desktop/Desktop - Ben’s MacBook Air/senate_model_python_Q1_auto_calendar_candidate_refresh/inputs/national_environment.csv,,,0.0,0.0,0.0,False,,0.0,1.0,40.86025,5.75,0.9988985675357758,0.9999750012499375,40.92102005994523,1.87625,Only D matched,Joaquin Castro,,3.5738095238095235,0.0,Only D matched,0.0,0.0,0,,
TX,21,TX-21,Urban South,Rural,High,Medium,Low,High,Unknown,High College / Medium White,High College / Medium White / Low Black / High Hispanic / Unknown Income,standard,D_vs_R,,,TX,Urban South,Rural,0.0,"Roy, Chip",R,R,R,False,True,"Hook, Kristin","Teixeira, Mark",,True,True,False,False,-21.8,-16.700000000000003,-13.5,-20.576,1.0,,5.8500000000000005,5.8500000000000005,0.0,0.6824999999999999,0.0,-14.0435,,0,False,-14.0435,0.0317234138293085,,-20.576,0.8,-0.1,0.05,0.7500000000000001,District type base: Rural=0.80. Partisan baseline adjustment: -0.10. Region adjustment: Urban South=+0.05. No manual override. Final elasticity: 0.75.,0.7500000000000001,-1.5,4.52,-20.3,-21.22,5.8500000000000005,1.0,5.8500000000000005,1.5,1,1,0.0,0.0,0,Poll spillover active but signal file missing,House fundamentals calculated as 70%*2024 presidential margin + 30%*2020 presidential margin + national environment * district elasticity + state environment adjustment + incumbency + candidate quality + candidate event adjustment + special adjustment.,/Users/benyelin/Desktop/Desktop - Ben’s MacBook Air/senate_model_python_Q1_auto_calendar_candidate_refresh/inputs/national_environment.csv,,,0.0,0.0,0.0,False,,0.0,1.0,-14.0435,5.75,0.0878171754897663,0.0317234138293085,-13.981165246374552,0.6824999999999999,Only D matched,Kristin Hook,,1.3,0.0,Only D matched,0.0,0.0,0,,
TX,22,TX-22,Urban South,Rural,High,Medium,Medium,Medium,Unknown,High College / Medium White,High College / Medium White / Medium Black / Medium Hispanic / Unknown Income,standard,D_vs_R,,,TX,Urban South,Rural,0.0,"Nehls, Troy",R,R,R,False,True,"Greene-Scott, Marquette","Nehls, Trever",,True,True,False,False,-22.1,-17.199999999999996,-13.8,-20.936,1.0,,5.8500000000000005,5.8500000000000005,0.0,-0.0524999999999999,0.0,-15.1385,,0,False,-15.1385,0.0207739613019349,,-20.936,0.8,-0.1,0.05,0.7500000000000001,District type base: Rural=0.80. Partisan baseline adjustment: -0.10. Region adjustment: Urban South=+0.05. No manual override. Final elasticity: 0.75.,0.7500000000000001,-1.5,4.52,-20.6,-21.719999999999995,5.8500000000000005,1.0,5.8500000000000005,1.5,1,1,0.0,0.0,0,Poll spillover active but signal file missing,House fundamentals calculated as 70%*2024 presidential margin + 30%*2020 presidential margin + national environment * district elasticity + state environment adjustment + incumbency + candidate quality + candidate event adjustment + special adjustment.,/Users/benyelin/Desktop/Desktop - Ben’s MacBook Air/senate_model_python_Q1_auto_calendar_candidate_refresh/inputs/national_environment.csv,,,0.0,0.0,0.0,False,,0.0,1.0,-15.1385,5.75,0.0742557128449877,0.0207739613019349,-15.130699596227853,-0.0524999999999999,Only D matched,Marquette Greene-Scott,,-0.1,0.0,Only D matched,0.0,0.0,0,,
TX,23,TX-23,Southwest,Rural,Medium,Low,Low,Very High,Unknown,Medium College / Low White,Medium College / Low White / Low Black / Very High Hispanic / Unknown Income,standard,D_vs_R,,,TX,Southwest,Rural,0.0,"Gonzales, Tony",R,R,R,False,True,"Padilla, Katie","Herrera, Brandon",,True,True,False,False,-14.7,-7.199999999999996,-6.3999999999999995,-12.755999999999997,1.0,,5.8500000000000005,5.8500000000000005,0.0,0.0,0.0,-6.905999999999996,-2.0,1,True,-6.390869999999997,0.1948152592370381,,-12.755999999999997,0.8,0.0,0.0,0.8,District type base: Rural=0.80. Partisan baseline adjustment: +0.00. Region adjustment: Southwest=+0.00. No manual override. Final elasticity: 0.80.,0.8,-1.5,4.52,-13.2,-11.719999999999995,5.8500000000000005,1.0,5.8500000000000005,1.5,1,1,0.0,0.0,0,Poll spillover active but signal file missing,House fundamentals calculated as 70%*2024 presidential margin + 30%*2020 presidential margin + national environment * district elasticity + state environment adjustment + incumbency + candidate quality + candidate event adjustment + special adjustment.,/Users/benyelin/Desktop/Desktop - Ben’s MacBook Air/senate_model_python_Q1_auto_calendar_candidate_refresh/inputs/national_environment.csv,2026-03-11,181.0,0.0572541990464566,1.0,1.0,False,Manual House polling average from 1 poll(s): PPP,0.105,0.895,-6.390869999999997,5.5990625,0.2563274668311417,0.1948152592370381,-6.410501094146887,0.0,Neither matched,,,0.0,0.0,Neither matched,0.0,0.0,0,,
TX,24,TX-24,Urban South,Suburban,Very High,High,Low,Medium,Unknown,Very High College / High White,Very High College / High White / Low Black / Medium Hispanic / Unknown Income,standard,D_vs_R,,,TX,Urban South,Suburban,0.0,"Van Duyne, Beth",R,R,R,True,False,"Burge, Kevin","Van Duyne, Beth",,True,False,False,True,-16.0,-12.4,-7.699999999999999,-15.226,1.0,,5.8500000000000005,5.8500000000000005,-1.5,0.1408536585365853,0.0,-10.735146341463413,,0,False,-10.735146341463413,0.075821208939553,,-15.226,1.1,-0.1,0.05,1.05,District type base: Suburban=1.10. Partisan baseline adjustment: -0.10. Region adjustment: Urban South=+0.05. No manual override. Final elasticity: 1.05.,1.05,-1.5,4.52,-14.5,-16.92,5.8500000000000005,1.0,5.8500000000000005,1.5,1,1,0.0,0.0,0,Poll spillover active but signal file missing,House fundamentals calculated as 70%*2024 presidential margin + 30%*2020 presidential margin + national environment * district elasticity + state environment adjustment + incumbency + candidate quality + candidate event adjustment + special adjustment.,/Users/benyelin/Desktop/Desktop - Ben’s MacBook Air/senate_model_python_Q1_auto_calendar_candidate_refresh/inputs/national_environment.csv,,,0.0,0.0,0.0,False,,0.0,1.0,-10.735146341463413,5.75,0.1431719309035049,0.075821208939553,-10.66203483139524,0.1408536585365853,Only R matched,,Beth Van Duyne,0.0,-0.2682926829268292,Only R matched,0.0,0.0,0,,
TX,25,TX-25,Urban South,Mixed,Medium,Medium,Medium,Medium,Unknown,Medium College / Medium White,Medium College / Medium White / Medium Black / Medium Hispanic / Unknown Income,standard,D_vs_R,,,TX,Urban South,Mixed,0.0,"Williams, Roger",R,R,R,True,False,"Sims, Dione","Williams, Roger",,True,False,False,True,-24.0,-15.800000000000004,-15.7,-21.846,1.0,,5.8500000000000005,5.8500000000000005,-1.5,0.9048529411764706,0.0,-16.591147058823527,,0,False,-16.591147058823527,0.0130243487825608,,-21.846,0.95,-0.1,0.05,0.9,District type base: Mixed=0.95. Partisan baseline adjustment: -0.10. Region adjustment: Urban South=+0.05. No manual override. Final elasticity: 0.90.,0.9,-1.5,4.52,-22.5,-20.320000000000004,5.8500000000000005,1.0,5.8500000000000005,1.5,1,1,0.0,0.0,0,Poll spillover active but signal file missing,House fundamentals calculated as 70%*2024 presidential margin + 30%*2020 presidential margin + national environment * district elasticity + state environment adjustment + incumbency + candidate quality + candidate event adjustment + special adjustment.,/Users/benyelin/Desktop/Desktop - Ben’s MacBook Air/senate_model_python_Q1_auto_calendar_candidate_refresh/inputs/national_environment.csv,,,0.0,0.0,0.0,False,,0.0,1.0,-16.591147058823527,5.75,0.0592344212409977,0.0130243487825608,-16.606572331801903,0.9048529411764706,Only R matched,,Roger Williams,0.0,-1.723529411764706,Only R matched,0.0,0.0,0,,
TX,26,TX-26,Urban South,Suburban,High,Medium,Medium,Medium,Unknown,High College / Medium White,High College / Medium White / Medium Black / Medium Hispanic / Unknown Income,standard,D_vs_R,,,TX,Urban South,Suburban,0.0,"Gill, Brandon",R,R,R,True,False,"Shook, Steven","Gill, Brandon",,True,False,False,True,-23.7,-18.5,-15.4,-22.446,1.0,,5.8500000000000005,5.8500000000000005,-1.5,-0.4725,0.0,-18.568499999999997,,0,False,-18.568499999999997,0.0068746562671866,,-22.446,1.1,-0.1,0.05,1.05,District type base: Suburban=1.10. Partisan baseline adjustment: -0.10. Region adjustment: Urban South=+0.05. No manual override. Final elasticity: 1.05.,1.05,-1.5,4.52,-22.2,-23.02,5.8500000000000005,1.0,5.8500000000000005,1.5,1,1,0.0,0.0,0,Poll spillover active but signal file missing,House fundamentals calculated as 70%*2024 presidential margin + 30%*2020 presidential margin + national environment * district elasticity + state environment adjustment + incumbency + candidate quality + candidate event adjustment + special adjustment.,/Users/benyelin/Desktop/Desktop - Ben’s MacBook Air/senate_model_python_Q1_auto_calendar_candidate_refresh/inputs/national_environment.csv,,,0.0,0.0,0.0,False,,0.0,1.0,-18.568499999999997,5.75,0.0433243324960169,0.0068746562671866,-18.514864780761148,-0.4725,Only R matched,,Brandon Gill,0.0,0.9,Only R matched,0.0,0.0,0,,
TX,27,TX-27,Urban South,Mixed,Medium,Medium,Low,High,Unknown,Medium College / Medium White,Medium College / Medium White / Low Black / High Hispanic / Unknown Income,standard,D_vs_R,,,TX,Urban South,Mixed,0.0,"Cloud, Michael",R,R,R,True,False,"Lloyd, Tanya","Cloud, Michael",,True,False,False,True,-21.1,-17.199999999999996,-12.8,-20.235999999999997,1.0,,5.8500000000000005,5.8500000000000005,-1.5,0.8278260869565217,0.0,-15.058173913043474,,0,False,-15.058173913043474,0.0228238588070596,,-20.235999999999997,0.95,-0.1,0.05,0.9,District type base: Mixed=0.95. Partisan baseline adjustment: -0.10. Region adjustment: Urban South=+0.05. No manual override. Final elasticity: 0.90.,0.9,-1.5,4.52,-19.6,-21.719999999999995,5.8500000000000005,1.0,5.8500000000000005,1.5,1,1,0.0,0.0,0,Poll spillover active but signal file missing,House fundamentals calculated as 70%*2024 presidential margin + 30%*2020 presidential margin + national environment * district elasticity + state environment adjustment + incumbency + candidate quality + candidate event adjustment + special adjustment.,/Users/benyelin/Desktop/Desktop - Ben’s MacBook Air/senate_model_python_Q1_auto_calendar_candidate_refresh/inputs/national_environment.csv,,,0.0,0.0,0.0,False,,0.0,1.0,-15.058173913043474,5.75,0.0751812677599692,0.0228238588070596,-15.053371090025298,0.8278260869565217,Both matched,Tanya Lloyd,Michael Cloud,0.4,-0.782608695652174,Both matched,0.0,0.0,0,,
TX,28,TX-28,Southwest,Rural,Low,Low,Low,Very High,Unknown,Low College / Low White,Low College / Low White / Low Black / Very High Hispanic / Unknown Income,standard,D_vs_R,,,TX,Southwest,Rural,0.0,"Cuellar, Henry",D,D,D,True,False,"Cuellar, Henry","Tijerina, Tano",,False,True,True,False,-10.3,9.599999999999994,-2.000000000000001,-4.636000000000002,1.0,,5.8500000000000005,5.8500000000000005,1.5,2.625596590909091,0.0,5.339596590909089,11.0,1,True,5.933938948863635,0.7851357432128394,,-4.636000000000002,0.8,0.1,0.0,0.9,District type base: Rural=0.80. Partisan baseline adjustment: +0.10. Region adjustment: Southwest=+0.00. No manual override. Final elasticity: 0.90.,0.9,-1.5,4.52,-8.8,5.079999999999995,5.8500000000000005,1.0,5.8500000000000005,1.5,1,1,0.0,0.0,0,Poll spillover active but signal file missing,House fundamentals calculated as 70%*2024 presidential margin + 30%*2020 presidential margin + national environment * district elasticity + state environment adjustment + incumbency + candidate quality + candidate event adjustment + special adjustment.,/Users/benyelin/Desktop/Desktop - Ben’s MacBook Air/senate_model_python_Q1_auto_calendar_candidate_refresh/inputs/national_environment.csv,2026-08-22,17.0,0.6437280719645785,1.0,1.0,False,Manual House polling average from 1 poll(s): Texas Southern,0.105,0.895,5.933938948863635,5.5990625,0.7288883476666597,0.7851357432128394,5.88024541870479,2.625596590909091,Only D matched,Henry Cuellar,,5.0011363636363635,0.0,Only D matched,0.0,0.0,0,,
TX,29,TX-29,Urban South,Urban,Low,Low,High,Very High,Unknown,Low College / Low White,Low College / Low White / High Black / Very High Hispanic / Unknown Income,standard,D_vs_R,,,TX,Urban South,Urban,0.0,"Garcia, Sylvia",D,D,D,True,False,"Garcia, Sylvia","Fierro, Martha",,False,True,True,False,30.4,43.00000000000001,38.7,33.873999999999995,1.0,,5.8500000000000005,5.8500000000000005,1.5,2.013260869565218,0.0,43.23726086956521,,0,False,43.23726086956521,0.9999750012499375,,33.873999999999995,0.7,-0.2,0.05,0.55,District type base: Urban=0.70. Partisan baseline adjustment: -0.20. Region adjustment: Urban South=+0.05. No manual override. Final elasticity: 0.55.,0.55,-1.5,4.52,31.9,38.48,5.8500000000000005,1.0,5.8500000000000005,1.5,1,1,0.0,0.0,0,Poll spillover active but signal file missing,House fundamentals calculated as 70%*2024 presidential margin + 30%*2020 presidential margin + national environment * district elasticity + state environment adjustment + incumbency + candidate quality + candidate event adjustment + special adjustment.,/Users/benyelin/Desktop/Desktop - Ben’s MacBook Air/senate_model_python_Q1_auto_calendar_candidate_refresh/inputs/national_environment.csv,,,0.0,0.0,0.0,False,,0.0,1.0,43.23726086956521,5.75,0.9992585863331508,0.9999750012499375,43.22902280707792,2.013260869565218,Only D matched,Sylvia Garcia,,3.8347826086956527,0.0,Only D matched,0.0,0.0,0,,
TX,30,TX-30,Urban South,Urban,Low,Low,Very High,High,Unknown,Low College / Low White,Low College / Low White / Very High Black / High Hispanic / Unknown Income,standard,D_vs_R,,,TX,Urban South,Urban,0.0,"Crockett, Jasmine",D,D,D,False,True,"Haynes, Frederick","Jackson, Everett",,True,True,False,False,40.7,56.8,49.0,45.224,1.0,,5.8500000000000005,5.8500000000000005,0.0,0.0,0.0,51.074,,0,False,51.074,0.9999750012499375,,45.224,0.7,-0.2,0.05,0.55,District type base: Urban=0.70. Partisan baseline adjustment: -0.20. Region adjustment: Urban South=+0.05. No manual override. Final elasticity: 0.55.,0.55,-1.5,4.52,42.2,52.28,5.8500000000000005,1.0,5.8500000000000005,1.5,1,1,0.0,0.0,0,Poll spillover active but signal file missing,House fundamentals calculated as 70%*2024 presidential margin + 30%*2020 presidential margin + national environment * district elasticity + state environment adjustment + incumbency + candidate quality + candidate event adjustment + special adjustment.,/Users/benyelin/Desktop/Desktop - Ben’s MacBook Air/senate_model_python_Q1_auto_calendar_candidate_refresh/inputs/national_environment.csv,,,0.0,0.0,0.0,False,,0.0,1.0,51.074,5.75,0.9997990660452992,0.9999750012499375,51.09266410217119,0.0,Neither matched,,,0.0,0.0,Neither matched,0.0,0.0,0,,
TX,31,TX-31,Urban South,Mixed,Medium,Medium,Medium,Medium,Unknown,Medium College / Medium White,Medium College / Medium White / Medium Black / Medium Hispanic / Unknown Income,standard,D_vs_R,,,TX,Urban South,Mixed,0.0,"Carter, John",R,R,R,True,False,"Early, Justin","Carter, John",,True,False,False,True,-21.8,-17.699999999999996,-13.5,-20.876,1.0,,5.8500000000000005,5.8500000000000005,-1.5,0.2043243243243243,0.0,-16.32167567567567,,0,False,-16.32167567567567,0.0157742112894355,,-20.876,0.95,-0.1,0.05,0.9,District type base: Mixed=0.95. Partisan baseline adjustment: -0.10. Region adjustment: Urban South=+0.05. No manual override. Final elasticity: 0.90.,0.9,-1.5,4.52,-20.3,-22.219999999999995,5.8500000000000005,1.0,5.8500000000000005,1.5,1,1,0.0,0.0,0,Poll spillover active but signal file missing,House fundamentals calculated as 70%*2024 presidential margin + 30%*2020 presidential margin + national environment * district elasticity + state environment adjustment + incumbency + candidate quality + candidate event adjustment + special adjustment.,/Users/benyelin/Desktop/Desktop - Ben’s MacBook Air/senate_model_python_Q1_auto_calendar_candidate_refresh/inputs/national_environment.csv,,,0.0,0.0,0.0,False,,0.0,1.0,-16.32167567567567,5.75,0.0617872745719548,0.0157742112894355,-16.304309808414878,0.2043243243243243,Only R matched,,John Carter,0.0,-0.3891891891891892,Only R matched,0.0,0.0,0,,
TX,32,TX-32,Urban South,Mixed,High,Medium,Medium,Medium,Unknown,High College / Medium White,High College / Medium White / Medium Black / Medium Hispanic / Unknown Income,standard,D_vs_R,,,TX,Urban South,Mixed,0.0,OPEN,D,D,D,False,True,"Barrios, Don","Yarbrough, Jace",,True,True,False,False,-17.7,-10.099999999999994,-9.4,-15.725999999999996,1.0,,5.8500000000000005,5.8500000000000005,0.0,0.0,0.0,-9.875999999999994,,0,False,-9.875999999999994,0.091370431478426,,-15.725999999999996,0.95,-0.1,0.05,0.9,District type base: Mixed=0.95. Partisan baseline adjustment: -0.10. Region adjustment: Urban South=+0.05. No manual override. Final elasticity: 0.90.,0.9,-1.5,4.52,-16.2,-14.619999999999994,5.8500000000000005,1.0,5.8500000000000005,1.5,1,1,0.0,0.0,0,Poll spillover active but signal file missing,House fundamentals calculated as 70%*2024 presidential margin + 30%*2020 presidential margin + national environment * district elasticity + state environment adjustment + incumbency + candidate quality + candidate event adjustment + special adjustment.,/Users/benyelin/Desktop/Desktop - Ben’s MacBook Air/senate_model_python_Q1_auto_calendar_candidate_refresh/inputs/national_environment.csv,,,0.0,0.0,0.0,False,,0.0,1.0,-9.875999999999994,5.75,0.1616502941058291,0.091370431478426,-9.88737834684685,0.0,Neither matched,,,0.0,0.0,Neither matched,0.0,0.0,0,,
TX,33,TX-33,Urban South,Urban,Medium,Low,Medium,Very High,Unknown,Medium College / Low White,Medium College / Low White / Medium Black / Very High Hispanic / Unknown Income,standard,D_vs_R,,,TX,Urban South,Urban,0.0,"Johnson, Julie",D,D,D,False,True,"Allred, Collin","Gillespie, Patrick",,True,True,False,False,32.5,44.900000000000006,40.8,35.914,1.0,,5.8500000000000005,5.8500000000000005,0.0,0.2146911421911421,0.0,41.978691142191146,,0,False,41.978691142191146,0.9999750012499375,,35.914,0.7,-0.2,0.05,0.55,District type base: Urban=0.70. Partisan baseline adjustment: -0.20. Region adjustment: Urban South=+0.05. No manual override. Final elasticity: 0.55.,0.55,-1.5,4.52,34.0,40.38000000000001,5.8500000000000005,1.0,5.8500000000000005,1.5,1,1,0.0,0.0,0,Poll spillover active but signal file missing,House fundamentals calculated as 70%*2024 presidential margin + 30%*2020 presidential margin + national environment * district elasticity + state environment adjustment + incumbency + candidate quality + candidate event adjustment + special adjustment.,/Users/benyelin/Desktop/Desktop - Ben’s MacBook Air/senate_model_python_Q1_auto_calendar_candidate_refresh/inputs/national_environment.csv,,,0.0,0.0,0.0,False,,0.0,1.0,41.978691142191146,5.75,0.9990857104400416,0.9999750012499375,42.037071755912685,0.2146911421911421,Both matched,Colin Allred,Patrick Gillespie,1.0673076923076923,0.7606060606060606,Both matched,0.0,0.0,0,,
TX,34,TX-34,Southwest,Rural,Low,Low,Low,Very High,Unknown,Low College / Low White,Low College / Low White / Low Black / Very High Hispanic / Unknown Income,standard,D_vs_R,,,TX,Southwest,Rural,0.0,"Gonzalez, Vicente",D,D,D,True,False,"Gonzalez, Vicente","Flores, Eric",,False,True,True,False,-10.1,2.8999999999999986,-1.7999999999999998,-6.506,1.0,,5.8500000000000005,5.8500000000000005,1.5,0.3080357142857142,0.0,1.1520357142857145,1.7600556065923627,3,True,1.3173934308363071,0.5728463576821159,,-6.506,0.8,0.0,0.0,0.8,District type base: Rural=0.80. Partisan baseline adjustment: +0.00. Region adjustment: Southwest=+0.00. No manual override. Final elasticity: 0.80.,0.8,-1.5,4.52,-8.6,-1.620000000000001,5.8500000000000005,1.0,5.8500000000000005,1.5,1,1,0.0,0.0,0,Poll spillover active but signal file missing,House fundamentals calculated as 70%*2024 presidential margin + 30%*2020 presidential margin + national environment * district elasticity + state environment adjustment + incumbency + candidate quality + candidate event adjustment + special adjustment.,/Users/benyelin/Desktop/Desktop - Ben’s MacBook Air/senate_model_python_Q1_auto_calendar_candidate_refresh/inputs/national_environment.csv,2026-08-22,77.66666666666667,0.9570296189412316,1.9756882449786208,0.6726312950238043,False,"Manual House polling average from 3 poll(s): Ragnar Research, Co/Efficient, Texas Southern",0.2719610306223276,0.7280389693776723,1.3173934308363071,5.359056018480405,0.5546719291235308,0.5728463576821159,1.3730119622163135,0.3080357142857142,Only D matched,Vicente Gonzalez,,0.586734693877551,0.0,Only D matched,0.0,0.0,0,,
TX,35,TX-35,Urban South,Mixed,Low,Low,Low,Very High,Unknown,Low College / Low White,Low College / Low White / Low Black / Very High Hispanic / Unknown Income,standard,D_vs_R,,,TX,Urban South,Mixed,0.0,OPEN,D,D,D,False,True,"Garcia, Johnny","De La Cruz, Carlos",,True,True,False,False,-10.4,-1.9000000000000057,-2.1000000000000005,-8.156,1.0,,5.8500000000000005,5.8500000000000005,0.0,0.0,0.0,-2.306,-1.0,1,True,-2.16887,0.3857557122143892,,-8.156,0.95,0.0,0.05,1.0,District type base: Mixed=0.95. Partisan baseline adjustment: +0.00. Region adjustment: Urban South=+0.05. No manual override. Final elasticity: 1.00.,1.0,-1.5,4.52,-8.9,-6.420000000000005,5.8500000000000005,1.0,5.8500000000000005,1.5,1,1,0.0,0.0,0,Poll spillover active but signal file missing,House fundamentals calculated as 70%*2024 presidential margin + 30%*2020 presidential margin + national environment * district elasticity + state environment adjustment + incumbency + candidate quality + candidate event adjustment + special adjustment.,/Users/benyelin/Desktop/Desktop - Ben’s MacBook Air/senate_model_python_Q1_auto_calendar_candidate_refresh/inputs/national_environment.csv,2026-08-31,8.0,0.6625629750573843,1.0,1.0,False,Manual House polling average from 1 poll(s): Impact Research,0.105,0.895,-2.16887,5.5990625,0.4106017502936606,0.3857557122143892,-2.1714997165451297,0.0,Neither matched,,,0.0,0.0,Neither matched,0.0,0.0,0,,
TX,36,TX-36,Urban South,Rural,Medium,Medium,Medium,Medium,Unknown,Medium College / Medium White,Medium College / Medium White / Medium Black / Medium Hispanic / Unknown Income,standard,D_vs_R,,,TX,Urban South,Rural,0.0,"Babin, Brian",R,R,R,True,False,"Hart, Rhonda","Babin, Brian",,True,False,False,True,-24.9,-18.4,-16.599999999999998,-23.256,1.0,,5.8500000000000005,5.8500000000000005,-1.5,0.7364893617021275,0.0,-18.169510638297872,,0,False,-18.169510638297872,0.0086245687715614,,-23.256,0.8,-0.1,0.05,0.7500000000000001,District type base: Rural=0.80. Partisan baseline adjustment: -0.10. Region adjustment: Urban South=+0.05. No manual override. Final elasticity: 0.75.,0.7500000000000001,-1.5,4.52,-23.4,-22.92,5.8500000000000005,1.0,5.8500000000000005,1.5,1,1,0.0,0.0,0,Poll spillover active but signal file missing,House fundamentals calculated as 70%*2024 presidential margin + 30%*2020 presidential margin + national environment * district elasticity + state environment adjustment + incumbency + candidate quality + candidate event adjustment + special adjustment.,/Users/benyelin/Desktop/Desktop - Ben’s MacBook Air/senate_model_python_Q1_auto_calendar_candidate_refresh/inputs/national_environment.csv,,,0.0,0.0,0.0,False,,0.0,1.0,-18.169510638297872,5.75,0.0461657482385714,0.0086245687715614,-18.16490369085692,0.7364893617021275,Both matched,Rhonda Hart,Brian Babin,0.25,-0.8021276595744681,Both matched,0.0,0.0,0,,
TX,37,TX-37,Urban South,Mixed,Very High,Medium,Low,High,Unknown,Very High College / Medium White,Very High College / Medium White / Low Black / High Hispanic / Unknown Income,standard,D_vs_R,,,TX,Urban South,Mixed,0.0,"Casar, Greg",D,D,D,True,False,"Casar, Greg","Pena, Lauren",,False,True,True,False,56.2,62.39999999999999,64.5,57.754,1.0,,5.8500000000000005,5.8500000000000005,1.5,7.065055611250996e-17,0.0,65.104,,0,False,65.104,0.9999750012499375,,57.754,0.95,-0.2,0.05,0.8,District type base: Mixed=0.95. Partisan baseline adjustment: -0.20. Region adjustment: Urban South=+0.05. No manual override. Final elasticity: 0.80.,0.8,-1.5,4.52,57.7,57.879999999999995,5.8500000000000005,1.0,5.8500000000000005,1.5,1,1,0.0,0.0,0,Poll spillover active but signal file missing,House fundamentals calculated as 70%*2024 presidential margin + 30%*2020 presidential margin + national environment * district elasticity + state environment adjustment + incumbency + candidate quality + candidate event adjustment + special adjustment.,/Users/benyelin/Desktop/Desktop - Ben’s MacBook Air/senate_model_python_Q1_auto_calendar_candidate_refresh/inputs/national_environment.csv,,,0.0,0.0,0.0,False,,0.0,1.0,65.104,5.75,0.999980608700234,0.9999750012499375,65.11525894403923,7.065055611250996e-17,Only D matched,Greg Casar,,1.345724878333523e-16,0.0,Only D matched,0.0,0.0,0,,
TX,38,TX-38,Urban South,Mixed,Very High,Medium,Medium,Medium,Unknown,Very High College / Medium White,Very High College / Medium White / Medium Black / Medium Hispanic / Unknown Income,standard,D_vs_R,,,TX,Urban South,Mixed,0.0,"Hunt, Wesley",R,R,R,False,True,"McDonagh, Melissa","Bonck, John",,True,True,False,False,-20.9,-17.800000000000004,-12.599999999999998,-20.276,1.0,,5.8500000000000005,5.8500000000000005,0.0,0.0,0.0,-14.425999999999998,,0,False,-14.425999999999998,0.027323633818309,,-20.276,0.95,-0.1,0.05,0.9,District type base: Mixed=0.95. Partisan baseline adjustment: -0.10. Region adjustment: Urban South=+0.05. No manual override. Final elasticity: 0.90.,0.9,-1.5,4.52,-19.4,-22.320000000000004,5.8500000000000005,1.0,5.8500000000000005,1.5,1,1,0.0,0.0,0,Poll spillover active but signal file missing,House fundamentals calculated as 70%*2024 presidential margin + 30%*2020 presidential margin + national environment * district elasticity + state environment adjustment + incumbency + candidate quality + candidate event adjustment + special adjustment.,/Users/benyelin/Desktop/Desktop - Ben’s MacBook Air/senate_model_python_Q1_auto_calendar_candidate_refresh/inputs/national_environment.csv,,,0.0,0.0,0.0,False,,0.0,1.0,-14.425999999999998,5.75,0.0828428544585593,0.027323633818309,-14.437327773947503,0.0,Neither matched,,,0.0,0.0,Neither matched,0.0,0.0,0,,
UT,1,UT-1,Mountain West,Urban,Medium,High,Low,Medium,Unknown,Medium College / High White,Medium College / High White / Low Black / Medium Hispanic / Unknown Income,standard,D_vs_R,,,UT,Mountain West,Urban,0.0,"Moore, Blake",R,R,R,False,True,"McAdams, Ben","Owen, Riley",,True,True,False,False,23.6,24.6,31.9,23.594,1.0,,5.8500000000000005,5.8500000000000005,0.0,2.685576923076923,0.0,32.129576923076925,,0,False,32.129576923076925,0.9999750012499375,,23.594,0.7,-0.1,0.0,0.6,District type base: Urban=0.70. Partisan baseline adjustment: -0.10. Region adjustment: Mountain West=+0.00. No manual override. Final elasticity: 0.60.,0.6,-1.5,4.52,25.1,20.08,5.8500000000000005,1.0,5.8500000000000005,1.5,1,1,0.0,0.0,0,Poll spillover active but signal file missing,House fundamentals calculated as 70%*2024 presidential margin + 30%*2020 presidential margin + national environment * district elasticity + state environment adjustment + incumbency + candidate quality + candidate event adjustment + special adjustment.,/Users/benyelin/Desktop/Desktop - Ben’s MacBook Air/senate_model_python_Q1_auto_calendar_candidate_refresh/inputs/national_environment.csv,,,0.0,0.0,0.0,False,,0.0,1.0,32.129576923076925,5.75,0.9952974161357592,0.9999750012499375,32.085230746989474,2.685576923076923,Only D matched,Ben McAdams,,5.115384615384616,0.0,Only D matched,0.0,0.0,0,,
UT,2,UT-2,Mountain West,Rural,Medium,Very High,Low,Low,Unknown,Medium College / Very High White,Medium College / Very High White / Low Black / Low Hispanic / Unknown Income,standard,D_vs_R,,,UT,Mountain West,Rural,0.0,"Maloy, Celeste",R,R,R,True,False,"Crosby, Peter","Moore, Blake",,True,False,False,True,-28.9,-30.4,-20.6,-29.656,1.0,,5.8500000000000005,5.8500000000000005,-1.5,-1.151798780487805,0.0,-26.457798780487803,,0,False,-26.457798780487803,0.0001249937503124,,-29.656,0.8,-0.2,0.0,0.6000000000000001,District type base: Rural=0.80. Partisan baseline adjustment: -0.20. Region adjustment: Mountain West=+0.00. No manual override. Final elasticity: 0.60.,0.6000000000000001,-1.5,4.52,-27.4,-34.92,5.8500000000000005,1.0,5.8500000000000005,1.5,1,1,0.0,0.0,0,Poll spillover active but signal file missing,House fundamentals calculated as 70%*2024 presidential margin + 30%*2020 presidential margin + national environment * district elasticity + state environment adjustment + incumbency + candidate quality + candidate event adjustment + special adjustment.,/Users/benyelin/Desktop/Desktop - Ben’s MacBook Air/senate_model_python_Q1_auto_calendar_candidate_refresh/inputs/national_environment.csv,,,0.0,0.0,0.0,False,,0.0,1.0,-26.457798780487803,5.75,0.0120135579947816,0.0001249937503124,-26.45072014372094,-1.151798780487805,Only R matched,,Blake Moore,0.0,2.19390243902439,Only R matched,0.0,0.0,0,,
UT,3,UT-3,Mountain West,Rural,Medium,Very High,Low,Low,Unknown,Medium College / Very High White,Medium College / Very High White / Low Black / Low Hispanic / Unknown Income,standard,D_vs_R,,,UT,Mountain West,Rural,0.0,"Kennedy, Mike",R,R,R,True,False,"Udell, Kent","Maloy, Celeste",,True,False,False,True,-41.3,-40.7,-33.0,-41.425999999999995,1.0,,5.8500000000000005,5.8500000000000005,-1.5,0.1049999999999999,0.0,-36.971,,0,False,-36.971,2.499875006249687e-05,,-41.425999999999995,0.8,-0.2,0.0,0.6000000000000001,District type base: Rural=0.80. Partisan baseline adjustment: -0.20. Region adjustment: Mountain West=+0.00. No manual override. Final elasticity: 0.60.,0.6000000000000001,-1.5,4.52,-39.8,-45.22,5.8500000000000005,1.0,5.8500000000000005,1.5,1,1,0.0,0.0,0,Poll spillover active but signal file missing,House fundamentals calculated as 70%*2024 presidential margin + 30%*2020 presidential margin + national environment * district elasticity + state environment adjustment + incumbency + candidate quality + candidate event adjustment + special adjustment.,/Users/benyelin/Desktop/Desktop - Ben’s MacBook Air/senate_model_python_Q1_auto_calendar_candidate_refresh/inputs/national_environment.csv,,,0.0,0.0,0.0,False,,0.0,1.0,-36.971,5.75,0.0021039484230529,2.499875006249687e-05,-36.990396341731575,0.1049999999999999,Only R matched,,Celeste Maloy,0.0,-0.2,Only R matched,0.0,0.0,0,,
UT,4,UT-4,Mountain West,Rural,High,Very High,Low,Low,Unknown,High College / Very High White,High College / Very High White / Low Black / Low Hispanic / Unknown Income,standard,D_vs_R,,,UT,Mountain West,Rural,0.0,"Owens, Burgess",R,R,R,True,False,"Larsen, Jonny","Kennedy, Mike",,True,False,False,True,-32.4,-33.0,-24.1,-32.885999999999996,1.0,,5.8500000000000005,5.8500000000000005,-1.5,-2.7562499999999996,0.0,-31.292249999999996,,0,False,-31.292249999999996,2.499875006249687e-05,,-32.885999999999996,0.8,-0.2,0.0,0.6000000000000001,District type base: Rural=0.80. Partisan baseline adjustment: -0.20. Region adjustment: Mountain West=+0.00. No manual override. Final elasticity: 0.60.,0.6000000000000001,-1.5,4.52,-30.9,-37.52,5.8500000000000005,1.0,5.8500000000000005,1.5,1,1,0.0,0.0,0,Poll spillover active but signal file missing,House fundamentals calculated as 70%*2024 presidential margin + 30%*2020 presidential margin + national environment * district elasticity + state environment adjustment + incumbency + candidate quality + candidate event adjustment + special adjustment.,/Users/benyelin/Desktop/Desktop - Ben’s MacBook Air/senate_model_python_Q1_auto_calendar_candidate_refresh/inputs/national_environment.csv,,,0.0,0.0,0.0,False,,0.0,1.0,-31.292249999999996,5.75,0.005403044469118,2.499875006249687e-05,-31.27372095856061,-2.7562499999999996,Only R matched,,Mike Kennedy,0.0,5.25,Only R matched,0.0,0.0,0,,
VT,AL,VT-AL,Northeast,Rural,High,Very High,Low,Low,Unknown,High College / Very High White,High College / Very High White / Low Black / Low Hispanic / Unknown Income,standard,D_vs_R,,,VT,Northeast,Rural,0.0,"Balint, Becca",D,D,D,False,True,"Balint, Becca","Malloy, Gerald",,True,True,False,False,34.8,35.39999999999999,43.099999999999994,34.67399999999999,1.0,,5.8500000000000005,5.8500000000000005,0.0,0.3786363636363635,0.0,40.902636363636354,,0,False,40.902636363636354,0.9999750012499375,,34.67399999999999,0.8,-0.2,-0.05,0.55,District type base: Rural=0.80. Partisan baseline adjustment: -0.20. Region adjustment: Northeast=-0.05. No manual override. Final elasticity: 0.55.,0.55,-1.5,4.52,36.3,30.879999999999992,5.8500000000000005,1.0,5.8500000000000005,1.5,1,1,0.0,0.0,0,Poll spillover active but signal file missing,House fundamentals calculated as 70%*2024 presidential margin + 30%*2020 presidential margin + national environment * district elasticity + state environment adjustment + incumbency + candidate quality + candidate event adjustment + special adjustment.,/Users/benyelin/Desktop/Desktop - Ben’s MacBook Air/senate_model_python_Q1_auto_calendar_candidate_refresh/inputs/national_environment.csv,,,0.0,0.0,0.0,False,,0.0,1.0,40.902636363636354,5.75,0.9989063125894054,0.9999750012499375,40.90476940727252,0.3786363636363635,Only D matched,Becca Balint,,0.7212121212121212,0.0,Only D matched,0.0,0.0,0,,
VA,1,VA-1,Mid-Atlantic,Exurban,High,High,Medium,Low,Unknown,High College / High White,High College / High White / Medium Black / Low Hispanic / Unknown Income,standard,D_vs_R,,,VA,Mid-Atlantic,Exurban,0.0,"Wittman, Rob",R,R,R,True,False,"Taylor, Shannon","Wittman, Rob",,True,False,False,True,-4.899999999999999,-6.699999999999996,3.4000000000000012,-5.745999999999997,1.0,,5.8500000000000005,5.8500000000000005,-1.5,-0.2814,0.0,-1.6773999999999964,,0,False,-1.6773999999999964,0.4086045697715114,,-5.745999999999997,1.0,0.0,0.0,1.0,District type base: Exurban=1.00. Partisan baseline adjustment: +0.00. Region adjustment: Mid-Atlantic=+0.00. No manual override. Final elasticity: 1.00.,1.0,-1.5,4.52,-3.3999999999999986,-11.219999999999995,5.8500000000000005,1.0,5.8500000000000005,1.5,1,1,0.0,0.0,0,Poll spillover active but signal file missing,House fundamentals calculated as 70%*2024 presidential margin + 30%*2020 presidential margin + national environment * district elasticity + state environment adjustment + incumbency + candidate quality + candidate event adjustment + special adjustment.,/Users/benyelin/Desktop/Desktop - Ben’s MacBook Air/senate_model_python_Q1_auto_calendar_candidate_refresh/inputs/national_environment.csv,,,0.0,0.0,0.0,False,,0.0,1.0,-1.6773999999999964,5.75,0.4305600167007028,0.4086045697715114,-1.699908193483387,-0.2814,Only R matched,,Rob Wittman,0.0,0.536,Only R matched,0.0,0.0,0,,
VA,2,VA-2,Mid-Atlantic,Mixed,Very High,High,Medium,Low,Unknown,Very High College / High White,Very High College / High White / Medium Black / Low Hispanic / Unknown Income,standard,D_vs_R,,,VA,Mid-Atlantic,Mixed,0.0,"Kiggans, Jen",R,R,R,True,False,"Luria, Elaine","Kiggans, Jen",,True,False,False,True,-0.1999999999999957,2.0,8.100000000000005,0.154000000000003,1.0,,5.8500000000000005,5.8500000000000005,-1.5,0.1953962703962704,0.0,4.6993962703962735,0.0,1,True,4.205959662004664,0.707389630518474,,0.154000000000003,0.95,0.1,0.0,1.05,District type base: Mixed=0.95. Partisan baseline adjustment: +0.10. Region adjustment: Mid-Atlantic=+0.00. No manual override. Final elasticity: 1.05.,1.05,-1.5,4.52,1.3000000000000045,-2.5199999999999996,5.8500000000000005,1.0,5.8500000000000005,1.5,1,1,0.0,0.0,0,Poll spillover active but signal file missing,House fundamentals calculated as 70%*2024 presidential margin + 30%*2020 presidential margin + national environment * district elasticity + state environment adjustment + incumbency + candidate quality + candidate event adjustment + special adjustment.,/Users/benyelin/Desktop/Desktop - Ben’s MacBook Air/senate_model_python_Q1_auto_calendar_candidate_refresh/inputs/national_environment.csv,2026-07-13,57.0,0.4360618501030712,1.0,1.0,False,Manual House polling average from 1 poll(s): Tulchin Research,0.105,0.895,4.205959662004664,5.5990625,0.668407957664343,0.707389630518474,4.162278258890656,0.1953962703962704,Both matched,Elaine Luria,Jen Kiggans,0.123076923076923,-0.156060606060606,Both matched,0.0,0.0,0,,
VA,3,VA-3,Mid-Atlantic,Urban,Medium,Low,Very High,Low,Unknown,Medium College / Low White,Medium College / Low White / Very High Black / Low Hispanic / Unknown Income,standard,D_vs_R,,,VA,Mid-Atlantic,Urban,0.0,"Scott, Bobby",D,D,D,True,False,"Scott, Bobby","Rivera, Edwin",,False,True,True,False,34.60000000000001,38.1,42.900000000000006,35.344,1.0,,5.8500000000000005,5.8500000000000005,1.5,0.3382670454545454,0.0,43.032267045454546,,0,False,43.032267045454546,0.9999750012499375,,35.344,0.7,-0.2,0.0,0.55,District type base: Urban=0.70. Partisan baseline adjustment: -0.20. Region adjustment: Mid-Atlantic=+0.00. No manual override. Final elasticity: 0.55.,0.55,-1.5,4.52,36.10000000000001,33.58,5.8500000000000005,1.0,5.8500000000000005,1.5,1,1,0.0,0.0,0,Poll spillover active but signal file missing,House fundamentals calculated as 70%*2024 presidential margin + 30%*2020 presidential margin + national environment * district elasticity + state environment adjustment + incumbency + candidate quality + candidate event adjustment + special adjustment.,/Users/benyelin/Desktop/Desktop - Ben’s MacBook Air/senate_model_python_Q1_auto_calendar_candidate_refresh/inputs/national_environment.csv,,,0.0,0.0,0.0,False,,0.0,1.0,43.032267045454546,5.75,0.9992328375382252,0.9999750012499375,43.0070261297077,0.3382670454545454,Only D matched,Bobby Scott,,0.6443181818181818,0.0,Only D matched,0.0,0.0,0,,
VA,4,VA-4,Mid-Atlantic,Mixed,Medium,Medium,High,Low,Unknown,Medium College / Medium White,Medium College / Medium White / High Black / Low Hispanic / Unknown Income,standard,D_vs_R,,,VA,Mid-Atlantic,Mixed,0.0,"McClellan, Jennifer",D,D,D,True,False,"McClellan, Jennifer","Murray, Robert",,False,True,True,False,32.60000000000001,35.8,40.900000000000006,33.254000000000005,1.0,,5.8500000000000005,5.8500000000000005,1.5,-0.23625,0.0,40.36775000000001,,0,False,40.36775000000001,0.9999750012499375,,33.254000000000005,0.95,-0.2,0.0,0.75,District type base: Mixed=0.95. Partisan baseline adjustment: -0.20. Region adjustment: Mid-Atlantic=+0.00. No manual override. Final elasticity: 0.75.,0.75,-1.5,4.52,34.10000000000001,31.28,5.8500000000000005,1.0,5.8500000000000005,1.5,1,1,0.0,0.0,0,Poll spillover active but signal file missing,House fundamentals calculated as 70%*2024 presidential margin + 30%*2020 presidential margin + national environment * district elasticity + state environment adjustment + incumbency + candidate quality + candidate event adjustment + special adjustment.,/Users/benyelin/Desktop/Desktop - Ben’s MacBook Air/senate_model_python_Q1_auto_calendar_candidate_refresh/inputs/national_environment.csv,,,0.0,0.0,0.0,False,,0.0,1.0,40.36775000000001,5.75,0.9988044567469272,0.9999750012499375,40.31240266106288,-0.23625,Only D matched,Jennifer McClellan,,-0.45,0.0,Only D matched,0.0,0.0,0,,
VA,5,VA-5,Mid-Atlantic,Rural,Medium,High,Medium,Low,Unknown,Medium College / High White,Medium College / High White / Medium Black / Low Hispanic / Unknown Income,standard,D_vs_R,,,VA,Mid-Atlantic,Rural,0.0,"McGuire, John",R,R,R,True,False,"Perriello, Tom","McGuire, John",,True,False,False,True,-12.199999999999996,-8.200000000000003,-3.899999999999996,-11.305999999999996,1.0,,5.8500000000000005,5.8500000000000005,-1.5,-0.4725,0.0,-7.428499999999997,,0,False,-7.428499999999997,0.1601669916504174,,-11.305999999999996,0.8,0.0,0.0,0.8,District type base: Rural=0.80. Partisan baseline adjustment: +0.00. Region adjustment: Mid-Atlantic=+0.00. No manual override. Final elasticity: 0.80.,0.8,-1.5,4.52,-10.699999999999996,-12.720000000000002,5.8500000000000005,1.0,5.8500000000000005,1.5,1,1,0.0,0.0,0,Poll spillover active but signal file missing,House fundamentals calculated as 70%*2024 presidential margin + 30%*2020 presidential margin + national environment * district elasticity + state environment adjustment + incumbency + candidate quality + candidate event adjustment + special adjustment.,/Users/benyelin/Desktop/Desktop - Ben’s MacBook Air/senate_model_python_Q1_auto_calendar_candidate_refresh/inputs/national_environment.csv,,,0.0,0.0,0.0,False,,0.0,1.0,-7.428499999999997,5.75,0.2247697855051265,0.1601669916504174,-7.481577021294183,-0.4725,Only R matched,,John McGuire,0.0,0.9,Only R matched,0.0,0.0,0,,
VA,6,VA-6,Mid-Atlantic,Rural,Medium,High,Low,Low,Unknown,Medium College / High White,Medium College / High White / Low Black / Low Hispanic / Unknown Income,standard,D_vs_R,,,VA,Mid-Atlantic,Rural,0.0,"Cline, Ben",R,R,R,True,False,"Macy, Beth","Cline, Ben",,True,False,False,True,-24.0,-22.1,-15.7,-23.735999999999997,1.0,,5.8500000000000005,5.8500000000000005,-1.5,-0.2305434782608695,0.0,-19.616543478260866,,0,False,-19.616543478260866,0.0042747862606869,,-23.735999999999997,0.8,-0.1,0.0,0.7000000000000001,District type base: Rural=0.80. Partisan baseline adjustment: -0.10. Region adjustment: Mid-Atlantic=+0.00. No manual override. Final elasticity: 0.70.,0.7000000000000001,-1.5,4.52,-22.5,-26.62,5.8500000000000005,1.0,5.8500000000000005,1.5,1,1,0.0,0.0,0,Poll spillover active but signal file missing,House fundamentals calculated as 70%*2024 presidential margin + 30%*2020 presidential margin + national environment * district elasticity + state environment adjustment + incumbency + candidate quality + candidate event adjustment + special adjustment.,/Users/benyelin/Desktop/Desktop - Ben’s MacBook Air/senate_model_python_Q1_auto_calendar_candidate_refresh/inputs/national_environment.csv,,,0.0,0.0,0.0,False,,0.0,1.0,-19.616543478260866,5.75,0.0366351546965814,0.0042747862606869,-19.613819480630266,-0.2305434782608695,Only R matched,,Ben Cline,0.0,0.4391304347826087,Only R matched,0.0,0.0,0,,
VA,7,VA-7,Mid-Atlantic,Suburban,High,Medium,Medium,Medium,Unknown,High College / Medium White,High College / Medium White / Medium Black / Medium Hispanic / Unknown Income,standard,D_vs_R,,,VA,Mid-Atlantic,Suburban,0.0,"Vindman, Eugene",D,D,D,True,False,"Vindman, Eugene","Ollivant, Doug",,False,True,True,False,2.8999999999999986,6.699999999999996,11.2,3.7339999999999978,1.0,,5.8500000000000005,5.8500000000000005,1.5,0.315,0.0,11.398999999999996,,0,False,11.398999999999996,0.9340282985850707,,3.7339999999999978,1.1,0.1,0.0,1.2000000000000002,District type base: Suburban=1.10. Partisan baseline adjustment: +0.10. Region adjustment: Mid-Atlantic=+0.00. No manual override. Final elasticity: 1.20.,1.2000000000000002,-1.5,4.52,4.399999999999999,2.179999999999996,5.8500000000000005,1.0,5.8500000000000005,1.5,1,1,0.0,0.0,0,Poll spillover active but signal file missing,House fundamentals calculated as 70%*2024 presidential margin + 30%*2020 presidential margin + national environment * district elasticity + state environment adjustment + incumbency + candidate quality + candidate event adjustment + special adjustment.,/Users/benyelin/Desktop/Desktop - Ben’s MacBook Air/senate_model_python_Q1_auto_calendar_candidate_refresh/inputs/national_environment.csv,,,0.0,0.0,0.0,False,,0.0,1.0,11.398999999999996,5.75,0.8698726610975299,0.9340282985850707,11.341808006533991,0.315,Only D matched,Eugene Vindman,,0.6,0.0,Only D matched,0.0,0.0,0,,
VA,8,VA-8,Mid-Atlantic,Suburban,Very High,Medium,Medium,Medium,Unknown,Very High College / Medium White,Very High College / Medium White / Medium Black / Medium Hispanic / Unknown Income,standard,D_vs_R,,,VA,Mid-Atlantic,Suburban,0.0,"Beyer, Don",D,D,D,True,False,"Beyer, Don","Sabio, Tony",,False,True,True,False,49.2,55.6,57.5,50.814,1.0,,5.8500000000000005,5.8500000000000005,1.5,-1.27365,0.0,56.89035,,0,False,56.89035,0.9999750012499375,,50.814,1.1,-0.2,0.0,0.9000000000000001,District type base: Suburban=1.10. Partisan baseline adjustment: -0.20. Region adjustment: Mid-Atlantic=+0.00. No manual override. Final elasticity: 0.90.,0.9000000000000001,-1.5,4.52,50.7,51.08,5.8500000000000005,1.0,5.8500000000000005,1.5,1,1,0.0,0.0,0,Poll spillover active but signal file missing,House fundamentals calculated as 70%*2024 presidential margin + 30%*2020 presidential margin + national environment * district elasticity + state environment adjustment + incumbency + candidate quality + candidate event adjustment + special adjustment.,/Users/benyelin/Desktop/Desktop - Ben’s MacBook Air/senate_model_python_Q1_auto_calendar_candidate_refresh/inputs/national_environment.csv,,,0.0,0.0,0.0,False,,0.0,1.0,56.89035,5.75,0.9999237734880108,0.9999750012499375,56.88826405924699,-1.27365,Only D matched,Don Beyer,,-2.426,0.0,Only D matched,0.0,0.0,0,,
VA,9,VA-9,Appalachia,Rural,Low,Very High,Low,Low,Unknown,Low College / Very High White,Low College / Very High White / Low Black / Low Hispanic / Unknown Income,standard,D_vs_R,,,VA,Appalachia,Rural,0.0,"Griffith, Morgan",R,R,R,True,False,"Powers, Joy","Griffith, Morgan",,True,False,False,True,-43.900000000000006,-41.900000000000006,-35.60000000000001,-43.606,1.0,,5.8500000000000005,5.8500000000000005,-1.5,0.4910670731707317,0.0,-38.76493292682927,,0,False,-38.76493292682927,2.499875006249687e-05,,-43.606,0.8,-0.2,-0.05,0.55,District type base: Rural=0.80. Partisan baseline adjustment: -0.20. Region adjustment: Appalachia=-0.05. No manual override. Final elasticity: 0.55.,0.55,-1.5,4.52,-42.400000000000006,-46.42,5.8500000000000005,1.0,5.8500000000000005,1.5,1,1,0.0,0.0,0,Poll spillover active but signal file missing,House fundamentals calculated as 70%*2024 presidential margin + 30%*2020 presidential margin + national environment * district elasticity + state environment adjustment + incumbency + candidate quality + candidate event adjustment + special adjustment.,/Users/benyelin/Desktop/Desktop - Ben’s MacBook Air/senate_model_python_Q1_auto_calendar_candidate_refresh/inputs/national_environment.csv,,,0.0,0.0,0.0,False,,0.0,1.0,-38.76493292682927,5.75,0.0015610689887499,2.499875006249687e-05,-38.761924162205275,0.4910670731707317,Only R matched,,Morgan Griffith,0.0,-0.9353658536585366,Only R matched,0.0,0.0,0,,
VA,10,VA-10,Mid-Atlantic,Suburban,Very High,Medium,Low,Medium,Unknown,Very High College / Medium White,Very High College / Medium White / Low Black / Medium Hispanic / Unknown Income,standard,D_vs_R,,,VA,Mid-Atlantic,Suburban,0.0,"Subramanyam, Suhas",D,D,D,True,False,"Subramanyam, Suhas","Beckwith, David",,False,True,True,False,8.300000000000004,18.0,16.600000000000005,10.904000000000003,1.0,,5.8500000000000005,5.8500000000000005,1.5,-1.3387499999999997,0.0,16.915250000000004,,0,False,16.915250000000004,0.987575621218939,,10.904000000000003,1.1,0.0,0.0,1.1,District type base: Suburban=1.10. Partisan baseline adjustment: +0.00. Region adjustment: Mid-Atlantic=+0.00. No manual override. Final elasticity: 1.10.,1.1,-1.5,4.52,9.800000000000004,13.48,5.8500000000000005,1.0,5.8500000000000005,1.5,1,1,0.0,0.0,0,Poll spillover active but signal file missing,House fundamentals calculated as 70%*2024 presidential margin + 30%*2020 presidential margin + national environment * district elasticity + state environment adjustment + incumbency + candidate quality + candidate event adjustment + special adjustment.,/Users/benyelin/Desktop/Desktop - Ben’s MacBook Air/senate_model_python_Q1_auto_calendar_candidate_refresh/inputs/national_environment.csv,,,0.0,0.0,0.0,False,,0.0,1.0,16.915250000000004,5.75,0.9437050232309424,0.987575621218939,16.895961882798208,-1.3387499999999997,Only D matched,Suhas Subramanyam,,-2.55,0.0,Only D matched,0.0,0.0,0,,
VA,11,VA-11,Mid-Atlantic,Suburban,Very High,Medium,Low,Low,Unknown,Very High College / Medium White,Very High College / Medium White / Low Black / Low Hispanic / Unknown Income,standard,D_vs_R,,,VA,Mid-Atlantic,Suburban,0.0,"Walkinshaw, James",D,D,D,True,False,"Walkinshaw, James","Purves, Arthur",,False,True,True,False,34.0,41.00000000000001,42.3,35.794,1.0,,5.8500000000000005,5.8500000000000005,1.5,0.0,0.0,43.144,,0,False,43.144,0.9999750012499375,,35.794,1.1,-0.2,0.0,0.9000000000000001,District type base: Suburban=1.10. Partisan baseline adjustment: -0.20. Region adjustment: Mid-Atlantic=+0.00. No manual override. Final elasticity: 0.90.,0.9000000000000001,-1.5,4.52,35.5,36.48,5.8500000000000005,1.0,5.8500000000000005,1.5,1,1,0.0,0.0,0,Poll spillover active but signal file missing,House fundamentals calculated as 70%*2024 presidential margin + 30%*2020 presidential margin + national environment * district elasticity + state environment adjustment + incumbency + candidate quality + candidate event adjustment + special adjustment.,/Users/benyelin/Desktop/Desktop - Ben’s MacBook Air/senate_model_python_Q1_auto_calendar_candidate_refresh/inputs/national_environment.csv,,,0.0,0.0,0.0,False,,0.0,1.0,43.144,5.75,0.999246980903121,0.9999750012499375,43.16295707665157,0.0,Neither matched,,,0.0,0.0,Neither matched,0.0,0.0,0,,
WA,1,WA-1,Northwest,Suburban,Very High,Medium,Low,Low,Unknown,Very High College / Medium White,Very High College / Medium White / Low Black / Low Hispanic / Unknown Income,top_two,D_vs_R,,,WA,Northwest,Suburban,0.0,"DelBene, Suzan",D,D,D,True,False,"DelBene, Suzan","Silva, Mary",,False,True,True,False,28.5,30.4,36.8,28.764,1.0,,5.8500000000000005,5.8500000000000005,1.5,-1.4615999999999998,0.0,34.6524,,0,False,34.6524,0.9999750012499375,,28.764,1.1,-0.2,0.0,0.9000000000000001,District type base: Suburban=1.10. Partisan baseline adjustment: -0.20. Region adjustment: Northwest=+0.00. No manual override. Final elasticity: 0.90.,0.9000000000000001,-1.5,4.52,30.0,25.88,5.8500000000000005,1.0,5.8500000000000005,1.5,1,1,0.0,0.0,0,Poll spillover active but signal file missing,House fundamentals calculated as 70%*2024 presidential margin + 30%*2020 presidential margin + national environment * district elasticity + state environment adjustment + incumbency + candidate quality + candidate event adjustment + special adjustment.,/Users/benyelin/Desktop/Desktop - Ben’s MacBook Air/senate_model_python_Q1_auto_calendar_candidate_refresh/inputs/national_environment.csv,,,0.0,0.0,0.0,False,,0.0,1.0,34.6524,5.75,0.9969066423255724,0.9999750012499375,34.67243489805686,-1.4615999999999998,Only D matched,Suzan DelBene,,-2.784,0.0,Only D matched,0.0,0.0,0,,
WA,2,WA-2,Northwest,Suburban,Medium,High,Low,Low,Unknown,Medium College / High White,Medium College / High White / Low Black / Low Hispanic / Unknown Income,top_two,D_vs_R,,,WA,Northwest,Suburban,0.0,"Larsen, Rick",D,D,D,True,False,"Larsen, Rick","Feller, Edwin",,False,True,True,False,23.5,22.700000000000003,31.8,22.954,1.0,,5.8500000000000005,5.8500000000000005,1.5,-0.2269166666666666,0.0,30.077083333333334,,0,False,30.077083333333334,0.9999750012499375,,22.954,1.1,-0.1,0.0,1.0,District type base: Suburban=1.10. Partisan baseline adjustment: -0.10. Region adjustment: Northwest=+0.00. No manual override. Final elasticity: 1.00.,1.0,-1.5,4.52,25.0,18.180000000000003,5.8500000000000005,1.0,5.8500000000000005,1.5,1,1,0.0,0.0,0,Poll spillover active but signal file missing,House fundamentals calculated as 70%*2024 presidential margin + 30%*2020 presidential margin + national environment * district elasticity + state environment adjustment + incumbency + candidate quality + candidate event adjustment + special adjustment.,/Users/benyelin/Desktop/Desktop - Ben’s MacBook Air/senate_model_python_Q1_auto_calendar_candidate_refresh/inputs/national_environment.csv,,,0.0,0.0,0.0,False,,0.0,1.0,30.077083333333334,5.75,0.9933920190952988,0.9999750012499375,30.070679231057373,-0.2269166666666666,Only D matched,Rick Larsen,,-0.4322222222222222,0.0,Only D matched,0.0,0.0,0,,
WA,3,WA-3,Northwest,Exurban,Medium,Very High,Low,Low,Unknown,Medium College / Very High White,Medium College / Very High White / Low Black / Low Hispanic / Unknown Income,top_two,D_vs_R,,,WA,Northwest,Exurban,0.0,"Perez, Marie Gluesenkamp",D,D,D,True,False,"Perez, Marie Gluesenkamp","Braun, John",,False,True,True,False,-3.3,-4.200000000000003,5.0,-3.876,1.0,,5.8500000000000005,5.8500000000000005,1.5,1.5543181818181817,0.0,5.028318181818182,-1.0,2,True,3.8226545454545455,0.6978401079946003,,-3.876,1.0,0.1,0.0,1.1,District type base: Exurban=1.00. Partisan baseline adjustment: +0.10. Region adjustment: Northwest=+0.00. No manual override. Final elasticity: 1.10.,1.1,-1.5,4.52,-1.7999999999999998,-8.720000000000002,5.8500000000000005,1.0,5.8500000000000005,1.5,1,1,0.0,0.0,0,Poll spillover active but signal file missing,House fundamentals calculated as 70%*2024 presidential margin + 30%*2020 presidential margin + national environment * district elasticity + state environment adjustment + incumbency + candidate quality + candidate event adjustment + special adjustment.,/Users/benyelin/Desktop/Desktop - Ben’s MacBook Air/senate_model_python_Q1_auto_calendar_candidate_refresh/inputs/national_environment.csv,2026-07-10,60.0,0.6973048932643896,2.0,1.0,False,"Manual House polling average from 2 poll(s): Emerson, Emerson",0.2,0.8,3.8226545454545455,5.4624999999999995,0.6540996746218322,0.6978401079946003,3.8126880208760983,1.5543181818181817,Only D matched,Marie Gluesenkamp Perez,,2.9606060606060605,0.0,Only D matched,0.0,0.0,0,,
WA,4,WA-4,Northwest,Rural,Low,Medium,Low,High,Unknown,Low College / Medium White,Low College / Medium White / Low Black / High Hispanic / Unknown Income,top_two,D_vs_R,,,WA,Northwest,Rural,0.0,"Newhouse, Dan",R,R,R,False,True,"Duresky, John ","McKinney, Amanda",,True,True,False,False,-20.6,-16.9,-12.3,-19.796,1.0,,5.8500000000000005,5.8500000000000005,0.0,0.0,0.0,-13.945999999999998,,0,False,-13.945999999999998,0.0316234188290585,,-19.796,0.8,-0.1,0.0,0.7000000000000001,District type base: Rural=0.80. Partisan baseline adjustment: -0.10. Region adjustment: Northwest=+0.00. No manual override. Final elasticity: 0.70.,0.7000000000000001,-1.5,4.52,-19.1,-21.42,5.8500000000000005,1.0,5.8500000000000005,1.5,1,1,0.0,0.0,0,Poll spillover active but signal file missing,House fundamentals calculated as 70%*2024 presidential margin + 30%*2020 presidential margin + national environment * district elasticity + state environment adjustment + incumbency + candidate quality + candidate event adjustment + special adjustment.,/Users/benyelin/Desktop/Desktop - Ben’s MacBook Air/senate_model_python_Q1_auto_calendar_candidate_refresh/inputs/national_environment.csv,,,0.0,0.0,0.0,False,,0.0,1.0,-13.945999999999998,5.75,0.0891276355126994,0.0316234188290585,-13.947991307321525,0.0,Neither matched,,,0.0,0.0,Neither matched,0.0,0.0,0,,
WA,5,WA-5,Northwest,Rural,Medium,Very High,Low,Low,Unknown,Medium College / Very High White,Medium College / Very High White / Low Black / Low Hispanic / Unknown Income,top_two,D_vs_R,,,WA,Northwest,Rural,0.0,"Baumgartner, Michael",R,R,R,True,False,"Conroy, Carmela","Baumgartner, Michael ",,True,False,False,True,-10.7,-8.899999999999999,-2.3999999999999995,-10.465999999999998,1.0,,5.8500000000000005,5.8500000000000005,-1.5,-4.0,0.0,-10.115999999999996,,0,False,-10.115999999999996,0.0875206239688015,,-10.465999999999998,0.8,0.0,0.0,0.8,District type base: Rural=0.80. Partisan baseline adjustment: +0.00. Region adjustment: Northwest=+0.00. No manual override. Final elasticity: 0.80.,0.8,-1.5,4.52,-9.2,-13.419999999999998,5.8500000000000005,1.0,5.8500000000000005,1.5,1,1,0.0,0.0,0,Poll spillover active but signal file missing,House fundamentals calculated as 70%*2024 presidential margin + 30%*2020 presidential margin + national environment * district elasticity + state environment adjustment + incumbency + candidate quality + candidate event adjustment + special adjustment.,/Users/benyelin/Desktop/Desktop - Ben’s MacBook Air/senate_model_python_Q1_auto_calendar_candidate_refresh/inputs/national_environment.csv,,,0.0,0.0,0.0,False,,0.0,1.0,-10.115999999999996,5.75,0.1563026036313297,0.0875206239688015,-10.128254830474296,-4.0,Both matched,Carmela Conroy,Michael Baumgartner,-4.45,4.45,Both matched,0.0,0.0,0,,
WA,6,WA-6,Northwest,Suburban,Medium,High,Low,Low,Unknown,Medium College / High White,Medium College / High White / Low Black / Low Hispanic / Unknown Income,top_two,D_vs_R,,,WA,Northwest,Suburban,0.0,"Randall, Emily",D,D,D,True,False,"Randall, Emily","Fox, Teresa",,False,True,True,False,19.2,17.1,27.5,18.264,1.0,,5.8500000000000005,5.8500000000000005,1.5,-1.02375,0.0,24.59025,,0,False,24.59025,0.9992750362481876,,18.264,1.1,-0.1,0.0,1.0,District type base: Suburban=1.10. Partisan baseline adjustment: -0.10. Region adjustment: Northwest=+0.00. No manual override. Final elasticity: 1.00.,1.0,-1.5,4.52,20.7,12.580000000000002,5.8500000000000005,1.0,5.8500000000000005,1.5,1,1,0.0,0.0,0,Poll spillover active but signal file missing,House fundamentals calculated as 70%*2024 presidential margin + 30%*2020 presidential margin + national environment * district elasticity + state environment adjustment + incumbency + candidate quality + candidate event adjustment + special adjustment.,/Users/benyelin/Desktop/Desktop - Ben’s MacBook Air/senate_model_python_Q1_auto_calendar_candidate_refresh/inputs/national_environment.csv,,,0.0,0.0,0.0,False,,0.0,1.0,24.59025,5.75,0.9836714204522452,0.9992750362481876,24.66115556909515,-1.02375,Only D matched,Emily Randall,,-1.95,0.0,Only D matched,0.0,0.0,0,,
WA,7,WA-7,Northwest,Urban,Very High,High,Low,Low,Unknown,Very High College / High White,Very High College / High White / Low Black / Low Hispanic / Unknown Income,top_two,D_vs_R,,,WA,Northwest,Urban,0.0,"Jayapal, Pramila",D,D,D,True,False,"Jayapal, Pramila","Sheth, Nirav",,False,True,True,False,74.5,75.1,82.8,74.374,1.0,,5.8500000000000005,5.8500000000000005,1.5,-2.4983152173913044,0.0,79.22568478260868,,0,False,79.22568478260868,0.9999750012499375,,74.374,0.7,-0.2,0.0,0.55,District type base: Urban=0.70. Partisan baseline adjustment: -0.20. Region adjustment: Northwest=+0.00. No manual override. Final elasticity: 0.55.,0.55,-1.5,4.52,76.0,70.58,5.8500000000000005,1.0,5.8500000000000005,1.5,1,1,0.0,0.0,0,Poll spillover active but signal file missing,House fundamentals calculated as 70%*2024 presidential margin + 30%*2020 presidential margin + national environment * district elasticity + state environment adjustment + incumbency + candidate quality + candidate event adjustment + special adjustment.,/Users/benyelin/Desktop/Desktop - Ben’s MacBook Air/senate_model_python_Q1_auto_calendar_candidate_refresh/inputs/national_environment.csv,,,0.0,0.0,0.0,False,,0.0,1.0,79.22568478260868,5.75,0.999998157307314,0.9999750012499375,79.24328177069835,-2.4983152173913044,Only D matched,Pramila Jayapal,,-4.758695652173913,0.0,Only D matched,0.0,0.0,0,,
WA,8,WA-8,Northwest,Suburban,High,High,Low,Low,Unknown,High College / High White,High College / High White / Low Black / Low Hispanic / Unknown Income,top_two,D_vs_R,,,WA,Northwest,Suburban,0.0,"Schrier, Kim",D,D,D,True,False,"Schrier, Kim","Meline, Spencer",,False,True,True,False,5.7,6.700000000000003,14.0,5.694000000000001,1.0,,5.8500000000000005,5.8500000000000005,1.5,-0.2973097826086957,0.0,12.746690217391304,,0,False,12.746690217391304,0.9546772661366932,,5.694000000000001,1.1,0.0,0.0,1.1,District type base: Suburban=1.10. Partisan baseline adjustment: +0.00. Region adjustment: Northwest=+0.00. No manual override. Final elasticity: 1.10.,1.1,-1.5,4.52,7.2,2.1800000000000033,5.8500000000000005,1.0,5.8500000000000005,1.5,1,1,0.0,0.0,0,Poll spillover active but signal file missing,House fundamentals calculated as 70%*2024 presidential margin + 30%*2020 presidential margin + national environment * district elasticity + state environment adjustment + incumbency + candidate quality + candidate event adjustment + special adjustment.,/Users/benyelin/Desktop/Desktop - Ben’s MacBook Air/senate_model_python_Q1_auto_calendar_candidate_refresh/inputs/national_environment.csv,,,0.0,0.0,0.0,False,,0.0,1.0,12.746690217391304,5.75,0.8932568200124217,0.9546772661366932,12.719776559283634,-0.2973097826086957,Only D matched,Kim Schrier,,-0.5663043478260871,0.0,Only D matched,0.0,0.0,0,,
WA,9,WA-9,Northwest,Suburban,High,Low,Medium,Low,Unknown,High College / Low White,High College / Low White / Medium Black / Low Hispanic / Unknown Income,top_two,D_vs_R,,,WA,Northwest,Suburban,0.0,"Smith, Adam",D,D,D,True,False,"Smith, Adam","Basler, Doug",,False,True,True,False,41.0,44.7,49.3,41.804,1.0,,5.8500000000000005,5.8500000000000005,1.5,-1.638,0.0,47.516000000000005,,0,False,47.516000000000005,0.9999750012499375,,41.804,1.1,-0.2,0.0,0.9000000000000001,District type base: Suburban=1.10. Partisan baseline adjustment: -0.20. Region adjustment: Northwest=+0.00. No manual override. Final elasticity: 0.90.,0.9000000000000001,-1.5,4.52,42.5,40.18000000000001,5.8500000000000005,1.0,5.8500000000000005,1.5,1,1,0.0,0.0,0,Poll spillover active but signal file missing,House fundamentals calculated as 70%*2024 presidential margin + 30%*2020 presidential margin + national environment * district elasticity + state environment adjustment + incumbency + candidate quality + candidate event adjustment + special adjustment.,/Users/benyelin/Desktop/Desktop - Ben’s MacBook Air/senate_model_python_Q1_auto_calendar_candidate_refresh/inputs/national_environment.csv,,,0.0,0.0,0.0,False,,0.0,1.0,47.516000000000005,5.75,0.9996364875138932,0.9999750012499375,47.50251590840985,-1.638,Both matched,Adam Smith,Doug Basler,-1.17,1.17,Both matched,0.0,0.0,0,,
WA,10,WA-10,Northwest,Suburban,Medium,High,Low,Low,Unknown,Medium College / High White,Medium College / High White / Low Black / Low Hispanic / Unknown Income,top_two,D_vs_R,,,WA,Northwest,Suburban,0.0,"Strickland, Marilyn",D,D,D,True,False,"Strickland, Marilyn","Chung, Chris",,False,True,True,False,17.9,17.6,26.2,17.503999999999998,1.0,,5.8500000000000005,5.8500000000000005,1.5,-1.0722727272727273,0.0,23.781727272727274,,0,False,23.781727272727274,0.9992750362481876,,17.503999999999998,1.1,-0.1,0.0,1.0,District type base: Suburban=1.10. Partisan baseline adjustment: -0.10. Region adjustment: Northwest=+0.00. No manual override. Final elasticity: 1.00.,1.0,-1.5,4.52,19.4,13.080000000000002,5.8500000000000005,1.0,5.8500000000000005,1.5,1,1,0.0,0.0,0,Poll spillover active but signal file missing,House fundamentals calculated as 70%*2024 presidential margin + 30%*2020 presidential margin + national environment * district elasticity + state environment adjustment + incumbency + candidate quality + candidate event adjustment + special adjustment.,/Users/benyelin/Desktop/Desktop - Ben’s MacBook Air/senate_model_python_Q1_auto_calendar_candidate_refresh/inputs/national_environment.csv,,,0.0,0.0,0.0,False,,0.0,1.0,23.781727272727274,5.75,0.9813598473783128,0.9992750362481876,23.812040971602265,-1.0722727272727273,Only D matched,Marilyn Strickland,,-2.0424242424242425,0.0,Only D matched,0.0,0.0,0,,
WV,1,WV-1,Appalachia,Rural,Low,Very High,Low,Low,Unknown,Low College / Very High White,Low College / Very High White / Low Black / Low Hispanic / Unknown Income,standard,D_vs_R,,,WV,Appalachia,Rural,0.0,"Miller, Carol",R,R,R,True,False,"George, Vince","Miller, Carol",,True,False,False,True,-44.4,-44.5,-36.1,-44.736,1.0,,5.8500000000000005,5.8500000000000005,-1.5,1.6480434782608695,0.0,-38.73795652173913,,0,False,-38.73795652173913,2.499875006249687e-05,,-44.736,0.8,-0.2,-0.05,0.55,District type base: Rural=0.80. Partisan baseline adjustment: -0.20. Region adjustment: Appalachia=-0.05. No manual override. Final elasticity: 0.55.,0.55,-1.5,4.52,-42.9,-49.02,5.8500000000000005,1.0,5.8500000000000005,1.5,1,1,0.0,0.0,0,Poll spillover active but signal file missing,House fundamentals calculated as 70%*2024 presidential margin + 30%*2020 presidential margin + national environment * district elasticity + state environment adjustment + incumbency + candidate quality + candidate event adjustment + special adjustment.,/Users/benyelin/Desktop/Desktop - Ben’s MacBook Air/senate_model_python_Q1_auto_calendar_candidate_refresh/inputs/national_environment.csv,,,0.0,0.0,0.0,False,,0.0,1.0,-38.73795652173913,5.75,0.0015680924314982,2.499875006249687e-05,-38.685121590216355,1.6480434782608695,Only R matched,,Carol Miller,0.0,-3.1391304347826092,Only R matched,0.0,0.0,0,,
WV,2,WV-2,Appalachia,Rural,Low,Very High,Low,Low,Unknown,Low College / Very High White,Low College / Very High White / Low Black / Low Hispanic / Unknown Income,standard,D_vs_R,,,WV,Appalachia,Rural,0.0,"Moore, Riley",R,R,R,True,False,"Parsi, Ace","Moore, Riley ",,True,False,False,True,-39.6,-42.10000000000001,-31.300000000000004,-40.656,1.0,,5.8500000000000005,5.8500000000000005,-1.5,-0.5775,0.0,-36.8835,,0,False,-36.8835,2.499875006249687e-05,,-40.656,0.8,-0.2,-0.05,0.55,District type base: Rural=0.80. Partisan baseline adjustment: -0.20. Region adjustment: Appalachia=-0.05. No manual override. Final elasticity: 0.55.,0.55,-1.5,4.52,-38.1,-46.620000000000005,5.8500000000000005,1.0,5.8500000000000005,1.5,1,1,0.0,0.0,0,Poll spillover active but signal file missing,House fundamentals calculated as 70%*2024 presidential margin + 30%*2020 presidential margin + national environment * district elasticity + state environment adjustment + incumbency + candidate quality + candidate event adjustment + special adjustment.,/Users/benyelin/Desktop/Desktop - Ben’s MacBook Air/senate_model_python_Q1_auto_calendar_candidate_refresh/inputs/national_environment.csv,,,0.0,0.0,0.0,False,,0.0,1.0,-36.8835,5.75,0.0021347898421128,2.499875006249687e-05,-36.85189568721249,-0.5775,Only R matched,,Riley Moore,0.0,1.1,Only R matched,0.0,0.0,0,,
WI,1,WI-1,Midwest,Suburban,Medium,Very High,Low,Low,Unknown,Medium College / Very High White,Medium College / Very High White / Low Black / Low Hispanic / Unknown Income,standard,D_vs_R,,,WI,Midwest,Suburban,0.0,"Steil, Brian",R,R,R,True,False,"Berman, Mitchell","Steil, Bryan",,True,False,False,True,-4.5,-2.0,3.8,-4.055999999999999,1.0,,5.8500000000000005,5.8500000000000005,-1.5,-1.0665489130434784,0.0,-0.7725489130434771,-2.5,1,True,-0.9085856861413032,0.4553522323883806,,-4.055999999999999,1.1,0.1,0.05,1.25,District type base: Suburban=1.10. Partisan baseline adjustment: +0.10. Region adjustment: Midwest=+0.05. No manual override. Final elasticity: 1.25.,1.25,-1.5,4.52,-3.0,-6.52,5.8500000000000005,1.0,5.8500000000000005,1.5,1,1,0.0,0.0,0,Poll spillover active but signal file missing,House fundamentals calculated as 70%*2024 presidential margin + 30%*2020 presidential margin + national environment * district elasticity + state environment adjustment + incumbency + candidate quality + candidate event adjustment + special adjustment.,/Users/benyelin/Desktop/Desktop - Ben’s MacBook Air/senate_model_python_Q1_auto_calendar_candidate_refresh/inputs/national_environment.csv,2026-08-09,30.0,0.337966410879269,1.0,1.0,True,Manual House polling average from 1 poll(s): Impact Research,0.0787499999999999,0.92125,-0.9085856861413032,5.636796875,0.462214441594597,0.4553522323883806,-0.91676463962703,-1.0665489130434784,Only R matched,,Bryan Steil,0.0,2.031521739130435,Only R matched,0.0,0.0,0,,
WI,2,WI-2,Midwest,Urban,High,Very High,Low,Low,Unknown,High College / Very High White,High College / Very High White / Low Black / Low Hispanic / Unknown Income,standard,uncontested,,,WI,Midwest,Urban,0.0,"Pocan, Mark",D,D,D,True,False,"Pocan, Mark",,,False,False,True,False,40.0,41.7,48.3,40.204,1.0,,5.8500000000000005,5.8500000000000005,1.5,-0.3249166666666667,0.0,47.229083333333335,,0,False,47.229083333333335,0.9999750012499375,,40.204,0.7,-0.2,0.05,0.55,District type base: Urban=0.70. Partisan baseline adjustment: -0.20. Region adjustment: Midwest=+0.05. No manual override. Final elasticity: 0.55.,0.55,-1.5,4.52,41.5,37.18000000000001,5.8500000000000005,1.0,5.8500000000000005,1.5,1,1,0.0,0.0,0,Poll spillover active but signal file missing,House fundamentals calculated as 70%*2024 presidential margin + 30%*2020 presidential margin + national environment * district elasticity + state environment adjustment + incumbency + candidate quality + candidate event adjustment + special adjustment.,/Users/benyelin/Desktop/Desktop - Ben’s MacBook Air/senate_model_python_Q1_auto_calendar_candidate_refresh/inputs/national_environment.csv,,,0.0,0.0,0.0,False,,0.0,1.0,47.229083333333335,5.75,0.9996186890113457,0.9999750012499375,47.29547211039848,-0.3249166666666667,Only D matched,Mark Pocan,,-0.6188888888888889,0.0,Only D matched,0.0,0.0,0,,
WI,3,WI-3,Midwest,Mixed,Medium,Very High,Low,Low,Unknown,Medium College / Very High White,Medium College / Very High White / Low Black / Low Hispanic / Unknown Income,standard,D_vs_R,,,WI,Midwest,Mixed,0.0,"Van Orden, Derick",D,D,R,True,False,"Cooke, Rebecca","Van Orden, Jeff",,True,False,False,True,-7.4,-4.699999999999996,0.8999999999999995,-6.895999999999999,1.0,,5.8500000000000005,5.8500000000000005,-1.5,1.91625,0.0,-0.6297499999999985,4.0,2,True,0.6065003664233846,0.532698365081746,,-6.895999999999999,0.95,0.0,0.05,1.0,District type base: Mixed=0.95. Partisan baseline adjustment: +0.00. Region adjustment: Midwest=+0.05. No manual override. Final elasticity: 1.00.,1.0,-1.5,4.52,-5.9,-9.219999999999995,5.8500000000000005,1.0,5.8500000000000005,1.5,1,1,0.0,0.0,0,Poll spillover active but signal file missing,House fundamentals calculated as 70%*2024 presidential margin + 30%*2020 presidential margin + national environment * district elasticity + state environment adjustment + incumbency + candidate quality + candidate event adjustment + special adjustment.,/Users/benyelin/Desktop/Desktop - Ben’s MacBook Air/senate_model_python_Q1_auto_calendar_candidate_refresh/inputs/national_environment.csv,2026-06-25,87.5,0.4748194821646232,1.936185092367205,0.5907731989704944,False,"Manual House polling average from 2 poll(s): Impact Research, FM3",0.2670231365459006,0.7329768634540994,0.6065003664233846,5.366154241215267,0.5252493527476289,0.532698365081746,0.6420063425786868,1.91625,Only D matched,Rebecca Cooke,,3.65,0.0,Only D matched,0.0,0.0,0,,
WI,4,WI-4,Midwest,Urban,Medium,Medium,High,Medium,Unknown,Medium College / Medium White,Medium College / Medium White / High Black / Medium Hispanic / Unknown Income,standard,D_vs_R,,,WI,Midwest,Urban,0.0,"Moore, Gwen",R,R,D,True,False,"Moore, Gwen","Rogers, Tim ",,False,True,True,False,51.4,52.89999999999999,59.7,51.54399999999999,1.0,,5.8500000000000005,5.8500000000000005,1.5,-0.4452543940795558,0.0,58.44874560592043,,0,False,58.44874560592043,0.9999750012499375,,51.54399999999999,0.7,-0.2,0.05,0.55,District type base: Urban=0.70. Partisan baseline adjustment: -0.20. Region adjustment: Midwest=+0.05. No manual override. Final elasticity: 0.55.,0.55,-1.5,4.52,52.9,48.379999999999995,5.8500000000000005,1.0,5.8500000000000005,1.5,1,1,0.0,0.0,0,Poll spillover active but signal file missing,House fundamentals calculated as 70%*2024 presidential margin + 30%*2020 presidential margin + national environment * district elasticity + state environment adjustment + incumbency + candidate quality + candidate event adjustment + special adjustment.,/Users/benyelin/Desktop/Desktop - Ben’s MacBook Air/senate_model_python_Q1_auto_calendar_candidate_refresh/inputs/national_environment.csv,,,0.0,0.0,0.0,False,,0.0,1.0,58.44874560592043,5.75,0.999941208683588,0.9999750012499375,58.48922041457339,-0.4452543940795558,Both matched,Gwen Moore,Tim Rogers,-0.3404255319148935,0.2956521739130435,Both matched,0.0,0.0,0,,
WI,5,WI-5,Midwest,Mixed,High,Very High,Low,Low,Unknown,High College / Very High White,High College / Very High White / Low Black / Low Hispanic / Unknown Income,standard,D_vs_R,,,WI,Midwest,Mixed,0.0,"Fitzgerald, Scott",R,R,R,True,False,"Beck, Andrew","Fitzgerald, Scott",,True,False,False,True,-22.1,-22.800000000000004,-13.8,-22.616,1.0,,5.8500000000000005,5.8500000000000005,-1.5,-0.4270426829268292,0.0,-18.693042682926823,,0,False,-18.693042682926823,0.0062246887655617,,-22.616,0.95,-0.1,0.05,0.9,District type base: Mixed=0.95. Partisan baseline adjustment: -0.10. Region adjustment: Midwest=+0.05. No manual override. Final elasticity: 0.90.,0.9,-1.5,4.52,-20.6,-27.320000000000004,5.8500000000000005,1.0,5.8500000000000005,1.5,1,1,0.0,0.0,0,Poll spillover active but signal file missing,House fundamentals calculated as 70%*2024 presidential margin + 30%*2020 presidential margin + national environment * district elasticity + state environment adjustment + incumbency + candidate quality + candidate event adjustment + special adjustment.,/Users/benyelin/Desktop/Desktop - Ben’s MacBook Air/senate_model_python_Q1_auto_calendar_candidate_refresh/inputs/national_environment.csv,,,0.0,0.0,0.0,False,,0.0,1.0,-18.693042682926823,5.75,0.0424721144542761,0.0062246887655617,-18.658603161581095,-0.4270426829268292,Only R matched,,Scott Fitzgerald,0.0,0.8134146341463415,Only R matched,0.0,0.0,0,,
WI,6,WI-6,Midwest,Rural,Medium,Very High,Low,Low,Unknown,Medium College / Very High White,Medium College / Very High White / Low Black / Low Hispanic / Unknown Income,standard,D_vs_R,,,WI,Midwest,Rural,0.0,"Grothman, Glenn",R,R,R,True,False,"Smith, Brad","Grothman, Glenn",,True,False,False,True,-16.4,-15.6,-8.099999999999998,-16.465999999999998,1.0,,5.8500000000000005,5.8500000000000005,-1.5,-0.313581081081081,0.0,-12.429581081081077,-4.0,1,True,-11.544475067567564,0.0634218289085545,,-16.465999999999998,0.8,-0.1,0.05,0.7500000000000001,District type base: Rural=0.80. Partisan baseline adjustment: -0.10. Region adjustment: Midwest=+0.05. No manual override. Final elasticity: 0.75.,0.7500000000000001,-1.5,4.52,-14.9,-20.119999999999997,5.8500000000000005,1.0,5.8500000000000005,1.5,1,1,0.0,0.0,0,Poll spillover active but signal file missing,House fundamentals calculated as 70%*2024 presidential margin + 30%*2020 presidential margin + national environment * district elasticity + state environment adjustment + incumbency + candidate quality + candidate event adjustment + special adjustment.,/Users/benyelin/Desktop/Desktop - Ben’s MacBook Air/senate_model_python_Q1_auto_calendar_candidate_refresh/inputs/national_environment.csv,2026-03-20,172.0,0.0841734021451413,1.0,1.0,False,Manual House polling average from 1 poll(s): Unknown,0.105,0.895,-11.544475067567564,5.5990625,0.1274073751078247,0.0634218289085545,-11.49820055593298,-0.313581081081081,Only R matched,,Glenn Grothman,0.0,0.5972972972972973,Only R matched,0.0,0.0,0,,
WI,7,WI-7,Midwest,Rural,Low,Very High,Low,Low,Unknown,Low College / Very High White,Low College / Very High White / Low Black / Low Hispanic / Unknown Income,standard,D_vs_R,,,WI,Midwest,Rural,0.0,"Tiffany, Tom",R,R,R,False,True,"Clark, Fred","Alfonso, Michael",,True,True,False,False,-22.5,-19.9,-14.2,-22.025999999999996,1.0,,5.8500000000000005,5.8500000000000005,0.0,0.0,0.0,-16.175999999999995,,0,False,-16.175999999999995,0.0155742212889355,,-22.025999999999996,0.8,-0.1,0.05,0.7500000000000001,District type base: Rural=0.80. Partisan baseline adjustment: -0.10. Region adjustment: Midwest=+0.05. No manual override. Final elasticity: 0.75.,0.7500000000000001,-1.5,4.52,-21.0,-24.42,5.8500000000000005,1.0,5.8500000000000005,1.5,1,1,0.0,0.0,0,Poll spillover active but signal file missing,House fundamentals calculated as 70%*2024 presidential margin + 30%*2020 presidential margin + national environment * district elasticity + state environment adjustment + incumbency + candidate quality + candidate event adjustment + special adjustment.,/Users/benyelin/Desktop/Desktop - Ben’s MacBook Air/senate_model_python_Q1_auto_calendar_candidate_refresh/inputs/national_environment.csv,,,0.0,0.0,0.0,False,,0.0,1.0,-16.175999999999995,5.75,0.0632097999207468,0.0155742212889355,-16.14668890447962,0.0,Neither matched,,,0.0,0.0,Neither matched,0.0,0.0,0,,
WI,8,WI-8,Midwest,Rural,Medium,Very High,Low,Low,Unknown,Medium College / Very High White,Medium College / Very High White / Low Black / Low Hispanic / Unknown Income,standard,D_vs_R,,,WI,Midwest,Rural,0.0,"Wied, Tony",R,R,R,True,False,"Crosson, Rick ","Wied, Tony",,True,False,False,True,-16.2,-15.5,-7.899999999999999,-16.296,1.0,,5.8500000000000005,5.8500000000000005,-1.5,0.7349999999999999,0.0,-11.211,,0,False,-11.211,0.0663216839158042,,-16.296,0.8,-0.1,0.05,0.7500000000000001,District type base: Rural=0.80. Partisan baseline adjustment: -0.10. Region adjustment: Midwest=+0.05. No manual override. Final elasticity: 0.75.,0.7500000000000001,-1.5,4.52,-14.7,-20.02,5.8500000000000005,1.0,5.8500000000000005,1.5,1,1,0.0,0.0,0,Poll spillover active but signal file missing,House fundamentals calculated as 70%*2024 presidential margin + 30%*2020 presidential margin + national environment * district elasticity + state environment adjustment + incumbency + candidate quality + candidate event adjustment + special adjustment.,/Users/benyelin/Desktop/Desktop - Ben’s MacBook Air/senate_model_python_Q1_auto_calendar_candidate_refresh/inputs/national_environment.csv,,,0.0,0.0,0.0,False,,0.0,1.0,-11.211,5.75,0.1337153804545398,0.0663216839158042,-11.153454701790016,0.7349999999999999,Only R matched,,Tony Wied,0.0,-1.4,Only R matched,0.0,0.0,0,,
WY,AL,WY-AL,Great Plains,Rural,Medium,Very High,Unknown,Low,Unknown,Medium College / Very High White,Medium College / Very High White / Unknown Black / Low Hispanic / Unknown Income,standard,D_vs_R,,,WY,Great Plains,Rural,0.0,"Hageman, Harriet",R,R,R,False,True,"Kinney, Lisa ","Gray, Chuck",,True,True,False,False,-46.2,-43.3,-37.900000000000006,-45.636,1.0,,5.8500000000000005,5.8500000000000005,0.0,0.0,0.0,-39.785999999999994,,0,False,-39.785999999999994,2.499875006249687e-05,,-45.636,0.8,-0.2,-0.05,0.55,District type base: Rural=0.80. Partisan baseline adjustment: -0.20. Region adjustment: Great Plains=-0.05. No manual override. Final elasticity: 0.55.,0.55,-1.5,4.52,-44.7,-47.81999999999999,5.8500000000000005,1.0,5.8500000000000005,1.5,1,1,0.0,0.0,0,Poll spillover active but signal file missing,House fundamentals calculated as 70%*2024 presidential margin + 30%*2020 presidential margin + national environment * district elasticity + state environment adjustment + incumbency + candidate quality + candidate event adjustment + special adjustment.,/Users/benyelin/Desktop/Desktop - Ben’s MacBook Air/senate_model_python_Q1_auto_calendar_candidate_refresh/inputs/national_environment.csv,,,0.0,0.0,0.0,False,,0.0,1.0,-39.785999999999994,5.75,0.0013171065253072,2.499875006249687e-05,-39.79822282270267,0.0,Neither matched,,,0.0,0.0,Neither matched,0.0,0.0,0,,
