race_id,district_pres_margin_dem,state,boundary_compatibility,include_in_2022_backtest,district_pres_margin_dem_2022_ready,presidential_result_year,boundary_cycle,source_type,source_local_path,methodology_note
AK-AL,-10.0,AK,same_as_2022_assumed,True,-10.0,2020,2022,Existing manually curated House production input,inputs/house_race_inputs.csv,2020 Democratic presidential margin copied from the existing House production input. Values are withheld for states that changed congressional boundaries after the 2022 election.
AL-1,-30.199999999999996,AL,different_from_2022_withheld,False,,2020,2022,Existing manually curated House production input,inputs/house_race_inputs.csv,2020 Democratic presidential margin copied from the existing House production input. Values are withheld for states that changed congressional boundaries after the 2022 election.
AL-2,-11.799999999999995,AL,different_from_2022_withheld,False,,2020,2022,Existing manually curated House production input,inputs/house_race_inputs.csv,2020 Democratic presidential margin copied from the existing House production input. Values are withheld for states that changed congressional boundaries after the 2022 election.
AL-3,-40.10000000000001,AL,different_from_2022_withheld,False,,2020,2022,Existing manually curated House production input,inputs/house_race_inputs.csv,2020 Democratic presidential margin copied from the existing House production input. Values are withheld for states that changed congressional boundaries after the 2022 election.
AL-4,-63.7,AL,different_from_2022_withheld,False,,2020,2022,Existing manually curated House production input,inputs/house_race_inputs.csv,2020 Democratic presidential margin copied from the existing House production input. Values are withheld for states that changed congressional boundaries after the 2022 election.
AL-5,-27.1,AL,different_from_2022_withheld,False,,2020,2022,Existing manually curated House production input,inputs/house_race_inputs.csv,2020 Democratic presidential margin copied from the existing House production input. Values are withheld for states that changed congressional boundaries after the 2022 election.
AL-6,-34.60000000000001,AL,different_from_2022_withheld,False,,2020,2022,Existing manually curated House production input,inputs/house_race_inputs.csv,2020 Democratic presidential margin copied from the existing House production input. Values are withheld for states that changed congressional boundaries after the 2022 election.
AL-7,30.300000000000004,AL,different_from_2022_withheld,False,,2020,2022,Existing manually curated House production input,inputs/house_race_inputs.csv,2020 Democratic presidential margin copied from the existing House production input. Values are withheld for states that changed congressional boundaries after the 2022 election.
AR-1,-40.9,AR,same_as_2022_assumed,True,-40.9,2020,2022,Existing manually curated House production input,inputs/house_race_inputs.csv,2020 Democratic presidential margin copied from the existing House production input. Values are withheld for states that changed congressional boundaries after the 2022 election.
AR-2,-13.1,AR,same_as_2022_assumed,True,-13.1,2020,2022,Existing manually curated House production input,inputs/house_race_inputs.csv,2020 Democratic presidential margin copied from the existing House production input. Values are withheld for states that changed congressional boundaries after the 2022 election.
AR-3,-23.40000000000001,AR,same_as_2022_assumed,True,-23.40000000000001,2020,2022,Existing manually curated House production input,inputs/house_race_inputs.csv,2020 Democratic presidential margin copied from the existing House production input. Values are withheld for states that changed congressional boundaries after the 2022 election.
AR-4,-35.2,AR,same_as_2022_assumed,True,-35.2,2020,2022,Existing manually curated House production input,inputs/house_race_inputs.csv,2020 Democratic presidential margin copied from the existing House production input. Values are withheld for states that changed congressional boundaries after the 2022 election.
AZ-1,1.5,AZ,same_as_2022_assumed,True,1.5,2020,2022,Existing manually curated House production input,inputs/house_race_inputs.csv,2020 Democratic presidential margin copied from the existing House production input. Values are withheld for states that changed congressional boundaries after the 2022 election.
AZ-2,-7.900000000000006,AZ,same_as_2022_assumed,True,-7.900000000000006,2020,2022,Existing manually curated House production input,inputs/house_race_inputs.csv,2020 Democratic presidential margin copied from the existing House production input. Values are withheld for states that changed congressional boundaries after the 2022 election.
AZ-3,50.6,AZ,same_as_2022_assumed,True,50.6,2020,2022,Existing manually curated House production input,inputs/house_race_inputs.csv,2020 Democratic presidential margin copied from the existing House production input. Values are withheld for states that changed congressional boundaries after the 2022 election.
AZ-4,10.300000000000004,AZ,same_as_2022_assumed,True,10.300000000000004,2020,2022,Existing manually curated House production input,inputs/house_race_inputs.csv,2020 Democratic presidential margin copied from the existing House production input. Values are withheld for states that changed congressional boundaries after the 2022 election.
AZ-5,-16.4,AZ,same_as_2022_assumed,True,-16.4,2020,2022,Existing manually curated House production input,inputs/house_race_inputs.csv,2020 Democratic presidential margin copied from the existing House production input. Values are withheld for states that changed congressional boundaries after the 2022 election.
AZ-6,0.0999999999999943,AZ,same_as_2022_assumed,True,0.0999999999999943,2020,2022,Existing manually curated House production input,inputs/house_race_inputs.csv,2020 Democratic presidential margin copied from the existing House production input. Values are withheld for states that changed congressional boundaries after the 2022 election.
AZ-7,32.699999999999996,AZ,same_as_2022_assumed,True,32.699999999999996,2020,2022,Existing manually curated House production input,inputs/house_race_inputs.csv,2020 Democratic presidential margin copied from the existing House production input. Values are withheld for states that changed congressional boundaries after the 2022 election.
AZ-8,-13.6,AZ,same_as_2022_assumed,True,-13.6,2020,2022,Existing manually curated House production input,inputs/house_race_inputs.csv,2020 Democratic presidential margin copied from the existing House production input. Values are withheld for states that changed congressional boundaries after the 2022 election.
AZ-9,-25.800000000000004,AZ,same_as_2022_assumed,True,-25.800000000000004,2020,2022,Existing manually curated House production input,inputs/house_race_inputs.csv,2020 Democratic presidential margin copied from the existing House production input. Values are withheld for states that changed congressional boundaries after the 2022 election.
CA-1,17.800000000000004,CA,same_as_2022_assumed,True,17.800000000000004,2020,2022,Existing manually curated House production input,inputs/house_race_inputs.csv,2020 Democratic presidential margin copied from the existing House production input. Values are withheld for states that changed congressional boundaries after the 2022 election.
CA-2,28.4,CA,same_as_2022_assumed,True,28.4,2020,2022,Existing manually curated House production input,inputs/house_race_inputs.csv,2020 Democratic presidential margin copied from the existing House production input. Values are withheld for states that changed congressional boundaries after the 2022 election.
CA-3,14.0,CA,same_as_2022_assumed,True,14.0,2020,2022,Existing manually curated House production input,inputs/house_race_inputs.csv,2020 Democratic presidential margin copied from the existing House production input. Values are withheld for states that changed congressional boundaries after the 2022 election.
CA-4,21.1,CA,same_as_2022_assumed,True,21.1,2020,2022,Existing manually curated House production input,inputs/house_race_inputs.csv,2020 Democratic presidential margin copied from the existing House production input. Values are withheld for states that changed congressional boundaries after the 2022 election.
CA-5,-14.5,CA,same_as_2022_assumed,True,-14.5,2020,2022,Existing manually curated House production input,inputs/house_race_inputs.csv,2020 Democratic presidential margin copied from the existing House production input. Values are withheld for states that changed congressional boundaries after the 2022 election.
CA-6,12.6,CA,same_as_2022_assumed,True,12.6,2020,2022,Existing manually curated House production input,inputs/house_race_inputs.csv,2020 Democratic presidential margin copied from the existing House production input. Values are withheld for states that changed congressional boundaries after the 2022 election.
CA-7,19.6,CA,same_as_2022_assumed,True,19.6,2020,2022,Existing manually curated House production input,inputs/house_race_inputs.csv,2020 Democratic presidential margin copied from the existing House production input. Values are withheld for states that changed congressional boundaries after the 2022 election.
CA-8,42.6,CA,same_as_2022_assumed,True,42.6,2020,2022,Existing manually curated House production input,inputs/house_race_inputs.csv,2020 Democratic presidential margin copied from the existing House production input. Values are withheld for states that changed congressional boundaries after the 2022 election.
CA-9,26.200000000000003,CA,same_as_2022_assumed,True,26.200000000000003,2020,2022,Existing manually curated House production input,inputs/house_race_inputs.csv,2020 Democratic presidential margin copied from the existing House production input. Values are withheld for states that changed congressional boundaries after the 2022 election.
CA-10,38.6,CA,same_as_2022_assumed,True,38.6,2020,2022,Existing manually curated House production input,inputs/house_race_inputs.csv,2020 Democratic presidential margin copied from the existing House production input. Values are withheld for states that changed congressional boundaries after the 2022 election.
CA-11,74.6,CA,same_as_2022_assumed,True,74.6,2020,2022,Existing manually curated House production input,inputs/house_race_inputs.csv,2020 Democratic presidential margin copied from the existing House production input. Values are withheld for states that changed congressional boundaries after the 2022 election.
CA-12,80.7,CA,same_as_2022_assumed,True,80.7,2020,2022,Existing manually curated House production input,inputs/house_race_inputs.csv,2020 Democratic presidential margin copied from the existing House production input. Values are withheld for states that changed congressional boundaries after the 2022 election.
CA-13,17.700000000000003,CA,same_as_2022_assumed,True,17.700000000000003,2020,2022,Existing manually curated House production input,inputs/house_race_inputs.csv,2020 Democratic presidential margin copied from the existing House production input. Values are withheld for states that changed congressional boundaries after the 2022 election.
CA-14,45.5,CA,same_as_2022_assumed,True,45.5,2020,2022,Existing manually curated House production input,inputs/house_race_inputs.csv,2020 Democratic presidential margin copied from the existing House production input. Values are withheld for states that changed congressional boundaries after the 2022 election.
CA-15,57.3,CA,same_as_2022_assumed,True,57.3,2020,2022,Existing manually curated House production input,inputs/house_race_inputs.csv,2020 Democratic presidential margin copied from the existing House production input. Values are withheld for states that changed congressional boundaries after the 2022 election.
CA-16,52.8,CA,same_as_2022_assumed,True,52.8,2020,2022,Existing manually curated House production input,inputs/house_race_inputs.csv,2020 Democratic presidential margin copied from the existing House production input. Values are withheld for states that changed congressional boundaries after the 2022 election.
CA-17,48.2,CA,same_as_2022_assumed,True,48.2,2020,2022,Existing manually curated House production input,inputs/house_race_inputs.csv,2020 Democratic presidential margin copied from the existing House production input. Values are withheld for states that changed congressional boundaries after the 2022 election.
CA-18,42.7,CA,same_as_2022_assumed,True,42.7,2020,2022,Existing manually curated House production input,inputs/house_race_inputs.csv,2020 Democratic presidential margin copied from the existing House production input. Values are withheld for states that changed congressional boundaries after the 2022 election.
CA-19,39.6,CA,same_as_2022_assumed,True,39.6,2020,2022,Existing manually curated House production input,inputs/house_race_inputs.csv,2020 Democratic presidential margin copied from the existing House production input. Values are withheld for states that changed congressional boundaries after the 2022 election.
CA-20,-26.200000000000003,CA,same_as_2022_assumed,True,-26.200000000000003,2020,2022,Existing manually curated House production input,inputs/house_race_inputs.csv,2020 Democratic presidential margin copied from the existing House production input. Values are withheld for states that changed congressional boundaries after the 2022 election.
CA-21,21.1,CA,same_as_2022_assumed,True,21.1,2020,2022,Existing manually curated House production input,inputs/house_race_inputs.csv,2020 Democratic presidential margin copied from the existing House production input. Values are withheld for states that changed congressional boundaries after the 2022 election.
CA-22,17.0,CA,same_as_2022_assumed,True,17.0,2020,2022,Existing manually curated House production input,inputs/house_race_inputs.csv,2020 Democratic presidential margin copied from the existing House production input. Values are withheld for states that changed congressional boundaries after the 2022 election.
CA-23,-12.1,CA,same_as_2022_assumed,True,-12.1,2020,2022,Existing manually curated House production input,inputs/house_race_inputs.csv,2020 Democratic presidential margin copied from the existing House production input. Values are withheld for states that changed congressional boundaries after the 2022 election.
CA-24,29.0,CA,same_as_2022_assumed,True,29.0,2020,2022,Existing manually curated House production input,inputs/house_race_inputs.csv,2020 Democratic presidential margin copied from the existing House production input. Values are withheld for states that changed congressional boundaries after the 2022 election.
CA-25,16.5,CA,same_as_2022_assumed,True,16.5,2020,2022,Existing manually curated House production input,inputs/house_race_inputs.csv,2020 Democratic presidential margin copied from the existing House production input. Values are withheld for states that changed congressional boundaries after the 2022 election.
CA-26,22.40000000000001,CA,same_as_2022_assumed,True,22.40000000000001,2020,2022,Existing manually curated House production input,inputs/house_race_inputs.csv,2020 Democratic presidential margin copied from the existing House production input. Values are withheld for states that changed congressional boundaries after the 2022 election.
CA-27,19.6,CA,same_as_2022_assumed,True,19.6,2020,2022,Existing manually curated House production input,inputs/house_race_inputs.csv,2020 Democratic presidential margin copied from the existing House production input. Values are withheld for states that changed congressional boundaries after the 2022 election.
CA-28,32.7,CA,same_as_2022_assumed,True,32.7,2020,2022,Existing manually curated House production input,inputs/house_race_inputs.csv,2020 Democratic presidential margin copied from the existing House production input. Values are withheld for states that changed congressional boundaries after the 2022 election.
CA-29,49.900000000000006,CA,same_as_2022_assumed,True,49.900000000000006,2020,2022,Existing manually curated House production input,inputs/house_race_inputs.csv,2020 Democratic presidential margin copied from the existing House production input. Values are withheld for states that changed congressional boundaries after the 2022 election.
CA-30,44.99999999999999,CA,same_as_2022_assumed,True,44.99999999999999,2020,2022,Existing manually curated House production input,inputs/house_race_inputs.csv,2020 Democratic presidential margin copied from the existing House production input. Values are withheld for states that changed congressional boundaries after the 2022 election.
CA-31,25.1,CA,same_as_2022_assumed,True,25.1,2020,2022,Existing manually curated House production input,inputs/house_race_inputs.csv,2020 Democratic presidential margin copied from the existing House production input. Values are withheld for states that changed congressional boundaries after the 2022 election.
CA-32,33.7,CA,same_as_2022_assumed,True,33.7,2020,2022,Existing manually curated House production input,inputs/house_race_inputs.csv,2020 Democratic presidential margin copied from the existing House production input. Values are withheld for states that changed congressional boundaries after the 2022 election.
CA-33,25.9,CA,same_as_2022_assumed,True,25.9,2020,2022,Existing manually curated House production input,inputs/house_race_inputs.csv,2020 Democratic presidential margin copied from the existing House production input. Values are withheld for states that changed congressional boundaries after the 2022 election.
CA-34,64.2,CA,same_as_2022_assumed,True,64.2,2020,2022,Existing manually curated House production input,inputs/house_race_inputs.csv,2020 Democratic presidential margin copied from the existing House production input. Values are withheld for states that changed congressional boundaries after the 2022 election.
CA-35,23.5,CA,same_as_2022_assumed,True,23.5,2020,2022,Existing manually curated House production input,inputs/house_race_inputs.csv,2020 Democratic presidential margin copied from the existing House production input. Values are withheld for states that changed congressional boundaries after the 2022 election.
CA-36,44.1,CA,same_as_2022_assumed,True,44.1,2020,2022,Existing manually curated House production input,inputs/house_race_inputs.csv,2020 Democratic presidential margin copied from the existing House production input. Values are withheld for states that changed congressional boundaries after the 2022 election.
CA-37,73.3,CA,same_as_2022_assumed,True,73.3,2020,2022,Existing manually curated House production input,inputs/house_race_inputs.csv,2020 Democratic presidential margin copied from the existing House production input. Values are withheld for states that changed congressional boundaries after the 2022 election.
CA-38,28.0,CA,same_as_2022_assumed,True,28.0,2020,2022,Existing manually curated House production input,inputs/house_race_inputs.csv,2020 Democratic presidential margin copied from the existing House production input. Values are withheld for states that changed congressional boundaries after the 2022 election.
CA-39,26.0,CA,same_as_2022_assumed,True,26.0,2020,2022,Existing manually curated House production input,inputs/house_race_inputs.csv,2020 Democratic presidential margin copied from the existing House production input. Values are withheld for states that changed congressional boundaries after the 2022 election.
CA-40,-7.699999999999996,CA,same_as_2022_assumed,True,-7.699999999999996,2020,2022,Existing manually curated House production input,inputs/house_race_inputs.csv,2020 Democratic presidential margin copied from the existing House production input. Values are withheld for states that changed congressional boundaries after the 2022 election.
CA-41,25.799999999999997,CA,same_as_2022_assumed,True,25.799999999999997,2020,2022,Existing manually curated House production input,inputs/house_race_inputs.csv,2020 Democratic presidential margin copied from the existing House production input. Values are withheld for states that changed congressional boundaries after the 2022 election.
CA-42,19.700000000000003,CA,same_as_2022_assumed,True,19.700000000000003,2020,2022,Existing manually curated House production input,inputs/house_race_inputs.csv,2020 Democratic presidential margin copied from the existing House production input. Values are withheld for states that changed congressional boundaries after the 2022 election.
CA-43,63.8,CA,same_as_2022_assumed,True,63.8,2020,2022,Existing manually curated House production input,inputs/house_race_inputs.csv,2020 Democratic presidential margin copied from the existing House production input. Values are withheld for states that changed congressional boundaries after the 2022 election.
CA-44,53.10000000000001,CA,same_as_2022_assumed,True,53.10000000000001,2020,2022,Existing manually curated House production input,inputs/house_race_inputs.csv,2020 Democratic presidential margin copied from the existing House production input. Values are withheld for states that changed congressional boundaries after the 2022 election.
CA-45,10.1,CA,same_as_2022_assumed,True,10.1,2020,2022,Existing manually curated House production input,inputs/house_race_inputs.csv,2020 Democratic presidential margin copied from the existing House production input. Values are withheld for states that changed congressional boundaries after the 2022 election.
CA-46,28.200000000000003,CA,same_as_2022_assumed,True,28.200000000000003,2020,2022,Existing manually curated House production input,inputs/house_race_inputs.csv,2020 Democratic presidential margin copied from the existing House production input. Values are withheld for states that changed congressional boundaries after the 2022 election.
CA-47,16.1,CA,same_as_2022_assumed,True,16.1,2020,2022,Existing manually curated House production input,inputs/house_race_inputs.csv,2020 Democratic presidential margin copied from the existing House production input. Values are withheld for states that changed congressional boundaries after the 2022 election.
CA-48,7.200000000000003,CA,same_as_2022_assumed,True,7.200000000000003,2020,2022,Existing manually curated House production input,inputs/house_race_inputs.csv,2020 Democratic presidential margin copied from the existing House production input. Values are withheld for states that changed congressional boundaries after the 2022 election.
CA-49,15.200000000000005,CA,same_as_2022_assumed,True,15.200000000000005,2020,2022,Existing manually curated House production input,inputs/house_race_inputs.csv,2020 Democratic presidential margin copied from the existing House production input. Values are withheld for states that changed congressional boundaries after the 2022 election.
CA-50,21.09999999999999,CA,same_as_2022_assumed,True,21.09999999999999,2020,2022,Existing manually curated House production input,inputs/house_race_inputs.csv,2020 Democratic presidential margin copied from the existing House production input. Values are withheld for states that changed congressional boundaries after the 2022 election.
CA-51,22.9,CA,same_as_2022_assumed,True,22.9,2020,2022,Existing manually curated House production input,inputs/house_race_inputs.csv,2020 Democratic presidential margin copied from the existing House production input. Values are withheld for states that changed congressional boundaries after the 2022 election.
CA-52,33.3,CA,same_as_2022_assumed,True,33.3,2020,2022,Existing manually curated House production input,inputs/house_race_inputs.csv,2020 Democratic presidential margin copied from the existing House production input. Values are withheld for states that changed congressional boundaries after the 2022 election.
CO-1,61.3,CO,same_as_2022_assumed,True,61.3,2020,2022,Existing manually curated House production input,inputs/house_race_inputs.csv,2020 Democratic presidential margin copied from the existing House production input. Values are withheld for states that changed congressional boundaries after the 2022 election.
CO-2,39.900000000000006,CO,same_as_2022_assumed,True,39.900000000000006,2020,2022,Existing manually curated House production input,inputs/house_race_inputs.csv,2020 Democratic presidential margin copied from the existing House production input. Values are withheld for states that changed congressional boundaries after the 2022 election.
CO-3,-8.199999999999996,CO,same_as_2022_assumed,True,-8.199999999999996,2020,2022,Existing manually curated House production input,inputs/house_race_inputs.csv,2020 Democratic presidential margin copied from the existing House production input. Values are withheld for states that changed congressional boundaries after the 2022 election.
CO-4,-18.5,CO,same_as_2022_assumed,True,-18.5,2020,2022,Existing manually curated House production input,inputs/house_race_inputs.csv,2020 Democratic presidential margin copied from the existing House production input. Values are withheld for states that changed congressional boundaries after the 2022 election.
CO-5,-10.1,CO,same_as_2022_assumed,True,-10.1,2020,2022,Existing manually curated House production input,inputs/house_race_inputs.csv,2020 Democratic presidential margin copied from the existing House production input. Values are withheld for states that changed congressional boundaries after the 2022 election.
CO-6,23.800000000000004,CO,same_as_2022_assumed,True,23.800000000000004,2020,2022,Existing manually curated House production input,inputs/house_race_inputs.csv,2020 Democratic presidential margin copied from the existing House production input. Values are withheld for states that changed congressional boundaries after the 2022 election.
CO-7,14.200000000000005,CO,same_as_2022_assumed,True,14.200000000000005,2020,2022,Existing manually curated House production input,inputs/house_race_inputs.csv,2020 Democratic presidential margin copied from the existing House production input. Values are withheld for states that changed congressional boundaries after the 2022 election.
CO-8,4.5,CO,same_as_2022_assumed,True,4.5,2020,2022,Existing manually curated House production input,inputs/house_race_inputs.csv,2020 Democratic presidential margin copied from the existing House production input. Values are withheld for states that changed congressional boundaries after the 2022 election.
CT-1,28.09999999999999,CT,same_as_2022_assumed,True,28.09999999999999,2020,2022,Existing manually curated House production input,inputs/house_race_inputs.csv,2020 Democratic presidential margin copied from the existing House production input. Values are withheld for states that changed congressional boundaries after the 2022 election.
CT-2,11.5,CT,same_as_2022_assumed,True,11.5,2020,2022,Existing manually curated House production input,inputs/house_race_inputs.csv,2020 Democratic presidential margin copied from the existing House production input. Values are withheld for states that changed congressional boundaries after the 2022 election.
CT-3,19.700000000000003,CT,same_as_2022_assumed,True,19.700000000000003,2020,2022,Existing manually curated House production input,inputs/house_race_inputs.csv,2020 Democratic presidential margin copied from the existing House production input. Values are withheld for states that changed congressional boundaries after the 2022 election.
CT-4,31.200000000000003,CT,same_as_2022_assumed,True,31.200000000000003,2020,2022,Existing manually curated House production input,inputs/house_race_inputs.csv,2020 Democratic presidential margin copied from the existing House production input. Values are withheld for states that changed congressional boundaries after the 2022 election.
CT-5,10.700000000000005,CT,same_as_2022_assumed,True,10.700000000000005,2020,2022,Existing manually curated House production input,inputs/house_race_inputs.csv,2020 Democratic presidential margin copied from the existing House production input. Values are withheld for states that changed congressional boundaries after the 2022 election.
DE-AL,14.700000000000005,DE,same_as_2022_assumed,True,14.700000000000005,2020,2022,Existing manually curated House production input,inputs/house_race_inputs.csv,2020 Democratic presidential margin copied from the existing House production input. Values are withheld for states that changed congressional boundaries after the 2022 election.
FL-1,-32.199999999999996,FL,same_as_2022_assumed,True,-32.199999999999996,2020,2022,Existing manually curated House production input,inputs/house_race_inputs.csv,2020 Democratic presidential margin copied from the existing House production input. Values are withheld for states that changed congressional boundaries after the 2022 election.
FL-2,-10.9,FL,same_as_2022_assumed,True,-10.9,2020,2022,Existing manually curated House production input,inputs/house_race_inputs.csv,2020 Democratic presidential margin copied from the existing House production input. Values are withheld for states that changed congressional boundaries after the 2022 election.
FL-3,-14.0,FL,same_as_2022_assumed,True,-14.0,2020,2022,Existing manually curated House production input,inputs/house_race_inputs.csv,2020 Democratic presidential margin copied from the existing House production input. Values are withheld for states that changed congressional boundaries after the 2022 election.
FL-4,-6.700000000000003,FL,same_as_2022_assumed,True,-6.700000000000003,2020,2022,Existing manually curated House production input,inputs/house_race_inputs.csv,2020 Democratic presidential margin copied from the existing House production input. Values are withheld for states that changed congressional boundaries after the 2022 election.
FL-5,-15.700000000000005,FL,same_as_2022_assumed,True,-15.700000000000005,2020,2022,Existing manually curated House production input,inputs/house_race_inputs.csv,2020 Democratic presidential margin copied from the existing House production input. Values are withheld for states that changed congressional boundaries after the 2022 election.
FL-6,-23.59999999999999,FL,same_as_2022_assumed,True,-23.59999999999999,2020,2022,Existing manually curated House production input,inputs/house_race_inputs.csv,2020 Democratic presidential margin copied from the existing House production input. Values are withheld for states that changed congressional boundaries after the 2022 election.
FL-7,-5.5,FL,same_as_2022_assumed,True,-5.5,2020,2022,Existing manually curated House production input,inputs/house_race_inputs.csv,2020 Democratic presidential margin copied from the existing House production input. Values are withheld for states that changed congressional boundaries after the 2022 election.
FL-8,-10.700000000000005,FL,same_as_2022_assumed,True,-10.700000000000005,2020,2022,Existing manually curated House production input,inputs/house_race_inputs.csv,2020 Democratic presidential margin copied from the existing House production input. Values are withheld for states that changed congressional boundaries after the 2022 election.
FL-9,-6.799999999999997,FL,same_as_2022_assumed,True,-6.799999999999997,2020,2022,Existing manually curated House production input,inputs/house_race_inputs.csv,2020 Democratic presidential margin copied from the existing House production input. Values are withheld for states that changed congressional boundaries after the 2022 election.
FL-10,32.9,FL,same_as_2022_assumed,True,32.9,2020,2022,Existing manually curated House production input,inputs/house_race_inputs.csv,2020 Democratic presidential margin copied from the existing House production input. Values are withheld for states that changed congressional boundaries after the 2022 election.
FL-11,-9.599999999999994,FL,same_as_2022_assumed,True,-9.599999999999994,2020,2022,Existing manually curated House production input,inputs/house_race_inputs.csv,2020 Democratic presidential margin copied from the existing House production input. Values are withheld for states that changed congressional boundaries after the 2022 election.
FL-12,-5.800000000000004,FL,same_as_2022_assumed,True,-5.800000000000004,2020,2022,Existing manually curated House production input,inputs/house_race_inputs.csv,2020 Democratic presidential margin copied from the existing House production input. Values are withheld for states that changed congressional boundaries after the 2022 election.
FL-13,-7.800000000000004,FL,same_as_2022_assumed,True,-7.800000000000004,2020,2022,Existing manually curated House production input,inputs/house_race_inputs.csv,2020 Democratic presidential margin copied from the existing House production input. Values are withheld for states that changed congressional boundaries after the 2022 election.
FL-14,-2.8000000000000043,FL,same_as_2022_assumed,True,-2.8000000000000043,2020,2022,Existing manually curated House production input,inputs/house_race_inputs.csv,2020 Democratic presidential margin copied from the existing House production input. Values are withheld for states that changed congressional boundaries after the 2022 election.
FL-15,-10.6,FL,same_as_2022_assumed,True,-10.6,2020,2022,Existing manually curated House production input,inputs/house_race_inputs.csv,2020 Democratic presidential margin copied from the existing House production input. Values are withheld for states that changed congressional boundaries after the 2022 election.
FL-16,-5.519999999999996,FL,same_as_2022_assumed,True,-5.519999999999996,2020,2022,Existing manually curated House production input,inputs/house_race_inputs.csv,2020 Democratic presidential margin copied from the existing House production input. Values are withheld for states that changed congressional boundaries after the 2022 election.
FL-17,-13.9,FL,same_as_2022_assumed,True,-13.9,2020,2022,Existing manually curated House production input,inputs/house_race_inputs.csv,2020 Democratic presidential margin copied from the existing House production input. Values are withheld for states that changed congressional boundaries after the 2022 election.
FL-18,-10.1,FL,same_as_2022_assumed,True,-10.1,2020,2022,Existing manually curated House production input,inputs/house_race_inputs.csv,2020 Democratic presidential margin copied from the existing House production input. Values are withheld for states that changed congressional boundaries after the 2022 election.
FL-19,-22.0,FL,same_as_2022_assumed,True,-22.0,2020,2022,Existing manually curated House production input,inputs/house_race_inputs.csv,2020 Democratic presidential margin copied from the existing House production input. Values are withheld for states that changed congressional boundaries after the 2022 election.
FL-20,48.2,FL,same_as_2022_assumed,True,48.2,2020,2022,Existing manually curated House production input,inputs/house_race_inputs.csv,2020 Democratic presidential margin copied from the existing House production input. Values are withheld for states that changed congressional boundaries after the 2022 election.
FL-21,-8.799999999999997,FL,same_as_2022_assumed,True,-8.799999999999997,2020,2022,Existing manually curated House production input,inputs/house_race_inputs.csv,2020 Democratic presidential margin copied from the existing House production input. Values are withheld for states that changed congressional boundaries after the 2022 election.
FL-22,2.200000000000003,FL,same_as_2022_assumed,True,2.200000000000003,2020,2022,Existing manually curated House production input,inputs/house_race_inputs.csv,2020 Democratic presidential margin copied from the existing House production input. Values are withheld for states that changed congressional boundaries after the 2022 election.
FL-23,26.6,FL,same_as_2022_assumed,True,26.6,2020,2022,Existing manually curated House production input,inputs/house_race_inputs.csv,2020 Democratic presidential margin copied from the existing House production input. Values are withheld for states that changed congressional boundaries after the 2022 election.
FL-24,56.4,FL,same_as_2022_assumed,True,56.4,2020,2022,Existing manually curated House production input,inputs/house_race_inputs.csv,2020 Democratic presidential margin copied from the existing House production input. Values are withheld for states that changed congressional boundaries after the 2022 election.
FL-25,5.100000000000001,FL,same_as_2022_assumed,True,5.100000000000001,2020,2022,Existing manually curated House production input,inputs/house_race_inputs.csv,2020 Democratic presidential margin copied from the existing House production input. Values are withheld for states that changed congressional boundaries after the 2022 election.
FL-26,-1.1000000000000014,FL,same_as_2022_assumed,True,-1.1000000000000014,2020,2022,Existing manually curated House production input,inputs/house_race_inputs.csv,2020 Democratic presidential margin copied from the existing House production input. Values are withheld for states that changed congressional boundaries after the 2022 election.
FL-27,-0.2000000000000028,FL,same_as_2022_assumed,True,-0.2000000000000028,2020,2022,Existing manually curated House production input,inputs/house_race_inputs.csv,2020 Democratic presidential margin copied from the existing House production input. Values are withheld for states that changed congressional boundaries after the 2022 election.
FL-28,-6.600000000000001,FL,same_as_2022_assumed,True,-6.600000000000001,2020,2022,Existing manually curated House production input,inputs/house_race_inputs.csv,2020 Democratic presidential margin copied from the existing House production input. Values are withheld for states that changed congressional boundaries after the 2022 election.
GA-1,-13.4,GA,different_from_2022_withheld,False,,2020,2022,Existing manually curated House production input,inputs/house_race_inputs.csv,2020 Democratic presidential margin copied from the existing House production input. Values are withheld for states that changed congressional boundaries after the 2022 election.
GA-2,10.300000000000004,GA,different_from_2022_withheld,False,,2020,2022,Existing manually curated House production input,inputs/house_race_inputs.csv,2020 Democratic presidential margin copied from the existing House production input. Values are withheld for states that changed congressional boundaries after the 2022 election.
GA-3,-30.10000000000001,GA,different_from_2022_withheld,False,,2020,2022,Existing manually curated House production input,inputs/house_race_inputs.csv,2020 Democratic presidential margin copied from the existing House production input. Values are withheld for states that changed congressional boundaries after the 2022 election.
GA-4,57.7,GA,different_from_2022_withheld,False,,2020,2022,Existing manually curated House production input,inputs/house_race_inputs.csv,2020 Democratic presidential margin copied from the existing House production input. Values are withheld for states that changed congressional boundaries after the 2022 election.
GA-5,72.8,GA,different_from_2022_withheld,False,,2020,2022,Existing manually curated House production input,inputs/house_race_inputs.csv,2020 Democratic presidential margin copied from the existing House production input. Values are withheld for states that changed congressional boundaries after the 2022 election.
GA-6,49.5,GA,different_from_2022_withheld,False,,2020,2022,Existing manually curated House production input,inputs/house_race_inputs.csv,2020 Democratic presidential margin copied from the existing House production input. Values are withheld for states that changed congressional boundaries after the 2022 election.
GA-7,-19.199999999999996,GA,different_from_2022_withheld,False,,2020,2022,Existing manually curated House production input,inputs/house_race_inputs.csv,2020 Democratic presidential margin copied from the existing House production input. Values are withheld for states that changed congressional boundaries after the 2022 election.
GA-8,-27.59999999999999,GA,different_from_2022_withheld,False,,2020,2022,Existing manually curated House production input,inputs/house_race_inputs.csv,2020 Democratic presidential margin copied from the existing House production input. Values are withheld for states that changed congressional boundaries after the 2022 election.
GA-9,-32.3,GA,different_from_2022_withheld,False,,2020,2022,Existing manually curated House production input,inputs/house_race_inputs.csv,2020 Democratic presidential margin copied from the existing House production input. Values are withheld for states that changed congressional boundaries after the 2022 election.
GA-10,-21.299999999999997,GA,different_from_2022_withheld,False,,2020,2022,Existing manually curated House production input,inputs/house_race_inputs.csv,2020 Democratic presidential margin copied from the existing House production input. Values are withheld for states that changed congressional boundaries after the 2022 election.
GA-11,-21.9,GA,different_from_2022_withheld,False,,2020,2022,Existing manually curated House production input,inputs/house_race_inputs.csv,2020 Democratic presidential margin copied from the existing House production input. Values are withheld for states that changed congressional boundaries after the 2022 election.
GA-12,-10.200000000000005,GA,different_from_2022_withheld,False,,2020,2022,Existing manually curated House production input,inputs/house_race_inputs.csv,2020 Democratic presidential margin copied from the existing House production input. Values are withheld for states that changed congressional boundaries after the 2022 election.
GA-13,40.5,GA,different_from_2022_withheld,False,,2020,2022,Existing manually curated House production input,inputs/house_race_inputs.csv,2020 Democratic presidential margin copied from the existing House production input. Values are withheld for states that changed congressional boundaries after the 2022 election.
GA-14,-37.49999999999999,GA,different_from_2022_withheld,False,,2020,2022,Existing manually curated House production input,inputs/house_race_inputs.csv,2020 Democratic presidential margin copied from the existing House production input. Values are withheld for states that changed congressional boundaries after the 2022 election.
HI-1,29.4,HI,same_as_2022_assumed,True,29.4,2020,2022,Existing manually curated House production input,inputs/house_race_inputs.csv,2020 Democratic presidential margin copied from the existing House production input. Values are withheld for states that changed congressional boundaries after the 2022 election.
HI-2,29.5,HI,same_as_2022_assumed,True,29.5,2020,2022,Existing manually curated House production input,inputs/house_race_inputs.csv,2020 Democratic presidential margin copied from the existing House production input. Values are withheld for states that changed congressional boundaries after the 2022 election.
IA-1,-2.8999999999999986,IA,same_as_2022_assumed,True,-2.8999999999999986,2020,2022,Existing manually curated House production input,inputs/house_race_inputs.csv,2020 Democratic presidential margin copied from the existing House production input. Values are withheld for states that changed congressional boundaries after the 2022 election.
IA-2,-4.400000000000006,IA,same_as_2022_assumed,True,-4.400000000000006,2020,2022,Existing manually curated House production input,inputs/house_race_inputs.csv,2020 Democratic presidential margin copied from the existing House production input. Values are withheld for states that changed congressional boundaries after the 2022 election.
IA-3,-0.4000000000000057,IA,same_as_2022_assumed,True,-0.4000000000000057,2020,2022,Existing manually curated House production input,inputs/house_race_inputs.csv,2020 Democratic presidential margin copied from the existing House production input. Values are withheld for states that changed congressional boundaries after the 2022 election.
IA-4,-25.9,IA,same_as_2022_assumed,True,-25.9,2020,2022,Existing manually curated House production input,inputs/house_race_inputs.csv,2020 Democratic presidential margin copied from the existing House production input. Values are withheld for states that changed congressional boundaries after the 2022 election.
ID-1,-37.99999999999999,ID,same_as_2022_assumed,True,-37.99999999999999,2020,2022,Existing manually curated House production input,inputs/house_race_inputs.csv,2020 Democratic presidential margin copied from the existing House production input. Values are withheld for states that changed congressional boundaries after the 2022 election.
ID-2,-23.40000000000001,ID,same_as_2022_assumed,True,-23.40000000000001,2020,2022,Existing manually curated House production input,inputs/house_race_inputs.csv,2020 Democratic presidential margin copied from the existing House production input. Values are withheld for states that changed congressional boundaries after the 2022 election.
IL-1,42.4,IL,same_as_2022_assumed,True,42.4,2020,2022,Existing manually curated House production input,inputs/house_race_inputs.csv,2020 Democratic presidential margin copied from the existing House production input. Values are withheld for states that changed congressional boundaries after the 2022 election.
IL-2,40.0,IL,same_as_2022_assumed,True,40.0,2020,2022,Existing manually curated House production input,inputs/house_race_inputs.csv,2020 Democratic presidential margin copied from the existing House production input. Values are withheld for states that changed congressional boundaries after the 2022 election.
IL-3,41.400000000000006,IL,same_as_2022_assumed,True,41.400000000000006,2020,2022,Existing manually curated House production input,inputs/house_race_inputs.csv,2020 Democratic presidential margin copied from the existing House production input. Values are withheld for states that changed congressional boundaries after the 2022 election.
IL-4,46.4,IL,same_as_2022_assumed,True,46.4,2020,2022,Existing manually curated House production input,inputs/house_race_inputs.csv,2020 Democratic presidential margin copied from the existing House production input. Values are withheld for states that changed congressional boundaries after the 2022 election.
IL-5,39.8,IL,same_as_2022_assumed,True,39.8,2020,2022,Existing manually curated House production input,inputs/house_race_inputs.csv,2020 Democratic presidential margin copied from the existing House production input. Values are withheld for states that changed congressional boundaries after the 2022 election.
IL-6,10.9,IL,same_as_2022_assumed,True,10.9,2020,2022,Existing manually curated House production input,inputs/house_race_inputs.csv,2020 Democratic presidential margin copied from the existing House production input. Values are withheld for states that changed congressional boundaries after the 2022 election.
IL-7,72.8,IL,same_as_2022_assumed,True,72.8,2020,2022,Existing manually curated House production input,inputs/house_race_inputs.csv,2020 Democratic presidential margin copied from the existing House production input. Values are withheld for states that changed congressional boundaries after the 2022 election.
IL-8,15.4,IL,same_as_2022_assumed,True,15.4,2020,2022,Existing manually curated House production input,inputs/house_race_inputs.csv,2020 Democratic presidential margin copied from the existing House production input. Values are withheld for states that changed congressional boundaries after the 2022 election.
IL-9,41.3,IL,same_as_2022_assumed,True,41.3,2020,2022,Existing manually curated House production input,inputs/house_race_inputs.csv,2020 Democratic presidential margin copied from the existing House production input. Values are withheld for states that changed congressional boundaries after the 2022 election.
IL-10,25.9,IL,same_as_2022_assumed,True,25.9,2020,2022,Existing manually curated House production input,inputs/house_race_inputs.csv,2020 Democratic presidential margin copied from the existing House production input. Values are withheld for states that changed congressional boundaries after the 2022 election.
IL-11,15.300000000000004,IL,same_as_2022_assumed,True,15.300000000000004,2020,2022,Existing manually curated House production input,inputs/house_race_inputs.csv,2020 Democratic presidential margin copied from the existing House production input. Values are withheld for states that changed congressional boundaries after the 2022 election.
IL-12,-42.8,IL,same_as_2022_assumed,True,-42.8,2020,2022,Existing manually curated House production input,inputs/house_race_inputs.csv,2020 Democratic presidential margin copied from the existing House production input. Values are withheld for states that changed congressional boundaries after the 2022 election.
IL-13,11.199999999999996,IL,same_as_2022_assumed,True,11.199999999999996,2020,2022,Existing manually curated House production input,inputs/house_race_inputs.csv,2020 Democratic presidential margin copied from the existing House production input. Values are withheld for states that changed congressional boundaries after the 2022 election.
IL-14,11.400000000000006,IL,same_as_2022_assumed,True,11.400000000000006,2020,2022,Existing manually curated House production input,inputs/house_race_inputs.csv,2020 Democratic presidential margin copied from the existing House production input. Values are withheld for states that changed congressional boundaries after the 2022 election.
IL-15,-38.7,IL,same_as_2022_assumed,True,-38.7,2020,2022,Existing manually curated House production input,inputs/house_race_inputs.csv,2020 Democratic presidential margin copied from the existing House production input. Values are withheld for states that changed congressional boundaries after the 2022 election.
IL-16,-21.5,IL,same_as_2022_assumed,True,-21.5,2020,2022,Existing manually curated House production input,inputs/house_race_inputs.csv,2020 Democratic presidential margin copied from the existing House production input. Values are withheld for states that changed congressional boundaries after the 2022 election.
IL-17,7.800000000000004,IL,same_as_2022_assumed,True,7.800000000000004,2020,2022,Existing manually curated House production input,inputs/house_race_inputs.csv,2020 Democratic presidential margin copied from the existing House production input. Values are withheld for states that changed congressional boundaries after the 2022 election.
IN-1,8.399999999999999,IN,same_as_2022_assumed,True,8.399999999999999,2020,2022,Existing manually curated House production input,inputs/house_race_inputs.csv,2020 Democratic presidential margin copied from the existing House production input. Values are withheld for states that changed congressional boundaries after the 2022 election.
IN-2,-22.6,IN,same_as_2022_assumed,True,-22.6,2020,2022,Existing manually curated House production input,inputs/house_race_inputs.csv,2020 Democratic presidential margin copied from the existing House production input. Values are withheld for states that changed congressional boundaries after the 2022 election.
IN-3,-29.9,IN,same_as_2022_assumed,True,-29.9,2020,2022,Existing manually curated House production input,inputs/house_race_inputs.csv,2020 Democratic presidential margin copied from the existing House production input. Values are withheld for states that changed congressional boundaries after the 2022 election.
IN-4,-29.1,IN,same_as_2022_assumed,True,-29.1,2020,2022,Existing manually curated House production input,inputs/house_race_inputs.csv,2020 Democratic presidential margin copied from the existing House production input. Values are withheld for states that changed congressional boundaries after the 2022 election.
IN-5,-16.0,IN,same_as_2022_assumed,True,-16.0,2020,2022,Existing manually curated House production input,inputs/house_race_inputs.csv,2020 Democratic presidential margin copied from the existing House production input. Values are withheld for states that changed congressional boundaries after the 2022 election.
IN-6,-31.90000000000001,IN,same_as_2022_assumed,True,-31.90000000000001,2020,2022,Existing manually curated House production input,inputs/house_race_inputs.csv,2020 Democratic presidential margin copied from the existing House production input. Values are withheld for states that changed congressional boundaries after the 2022 election.
IN-7,42.4,IN,same_as_2022_assumed,True,42.4,2020,2022,Existing manually curated House production input,inputs/house_race_inputs.csv,2020 Democratic presidential margin copied from the existing House production input. Values are withheld for states that changed congressional boundaries after the 2022 election.
IN-8,-32.8,IN,same_as_2022_assumed,True,-32.8,2020,2022,Existing manually curated House production input,inputs/house_race_inputs.csv,2020 Democratic presidential margin copied from the existing House production input. Values are withheld for states that changed congressional boundaries after the 2022 election.
IN-9,-27.4,IN,same_as_2022_assumed,True,-27.4,2020,2022,Existing manually curated House production input,inputs/house_race_inputs.csv,2020 Democratic presidential margin copied from the existing House production input. Values are withheld for states that changed congressional boundaries after the 2022 election.
KS-1,-29.6,KS,same_as_2022_assumed,True,-29.6,2020,2022,Existing manually curated House production input,inputs/house_race_inputs.csv,2020 Democratic presidential margin copied from the existing House production input. Values are withheld for states that changed congressional boundaries after the 2022 election.
KS-2,-16.299999999999997,KS,same_as_2022_assumed,True,-16.299999999999997,2020,2022,Existing manually curated House production input,inputs/house_race_inputs.csv,2020 Democratic presidential margin copied from the existing House production input. Values are withheld for states that changed congressional boundaries after the 2022 election.
KS-3,4.5,KS,same_as_2022_assumed,True,4.5,2020,2022,Existing manually curated House production input,inputs/house_race_inputs.csv,2020 Democratic presidential margin copied from the existing House production input. Values are withheld for states that changed congressional boundaries after the 2022 election.
KS-4,-21.700000000000003,KS,same_as_2022_assumed,True,-21.700000000000003,2020,2022,Existing manually curated House production input,inputs/house_race_inputs.csv,2020 Democratic presidential margin copied from the existing House production input. Values are withheld for states that changed congressional boundaries after the 2022 election.
KY-1,-42.7,KY,same_as_2022_assumed,True,-42.7,2020,2022,Existing manually curated House production input,inputs/house_race_inputs.csv,2020 Democratic presidential margin copied from the existing House production input. Values are withheld for states that changed congressional boundaries after the 2022 election.
KY-2,-36.50000000000001,KY,same_as_2022_assumed,True,-36.50000000000001,2020,2022,Existing manually curated House production input,inputs/house_race_inputs.csv,2020 Democratic presidential margin copied from the existing House production input. Values are withheld for states that changed congressional boundaries after the 2022 election.
KY-3,22.300000000000004,KY,same_as_2022_assumed,True,22.300000000000004,2020,2022,Existing manually curated House production input,inputs/house_race_inputs.csv,2020 Democratic presidential margin copied from the existing House production input. Values are withheld for states that changed congressional boundaries after the 2022 election.
KY-4,-32.7,KY,same_as_2022_assumed,True,-32.7,2020,2022,Existing manually curated House production input,inputs/house_race_inputs.csv,2020 Democratic presidential margin copied from the existing House production input. Values are withheld for states that changed congressional boundaries after the 2022 election.
KY-5,-59.3,KY,same_as_2022_assumed,True,-59.3,2020,2022,Existing manually curated House production input,inputs/house_race_inputs.csv,2020 Democratic presidential margin copied from the existing House production input. Values are withheld for states that changed congressional boundaries after the 2022 election.
KY-6,-11.0,KY,same_as_2022_assumed,True,-11.0,2020,2022,Existing manually curated House production input,inputs/house_race_inputs.csv,2020 Democratic presidential margin copied from the existing House production input. Values are withheld for states that changed congressional boundaries after the 2022 election.
LA-1,-39.2,LA,different_from_2022_withheld,False,,2020,2022,Existing manually curated House production input,inputs/house_race_inputs.csv,2020 Democratic presidential margin copied from the existing House production input. Values are withheld for states that changed congressional boundaries after the 2022 election.
LA-2,52.3,LA,different_from_2022_withheld,False,,2020,2022,Existing manually curated House production input,inputs/house_race_inputs.csv,2020 Democratic presidential margin copied from the existing House production input. Values are withheld for states that changed congressional boundaries after the 2022 election.
LA-3,-32.3,LA,different_from_2022_withheld,False,,2020,2022,Existing manually curated House production input,inputs/house_race_inputs.csv,2020 Democratic presidential margin copied from the existing House production input. Values are withheld for states that changed congressional boundaries after the 2022 election.
LA-4,-29.90000000000001,LA,different_from_2022_withheld,False,,2020,2022,Existing manually curated House production input,inputs/house_race_inputs.csv,2020 Democratic presidential margin copied from the existing House production input. Values are withheld for states that changed congressional boundaries after the 2022 election.
LA-5,-29.0,LA,different_from_2022_withheld,False,,2020,2022,Existing manually curated House production input,inputs/house_race_inputs.csv,2020 Democratic presidential margin copied from the existing House production input. Values are withheld for states that changed congressional boundaries after the 2022 election.
LA-6,-32.099999999999994,LA,different_from_2022_withheld,False,,2020,2022,Existing manually curated House production input,inputs/house_race_inputs.csv,2020 Democratic presidential margin copied from the existing House production input. Values are withheld for states that changed congressional boundaries after the 2022 election.
MA-1,21.6,MA,same_as_2022_assumed,True,21.6,2020,2022,Existing manually curated House production input,inputs/house_race_inputs.csv,2020 Democratic presidential margin copied from the existing House production input. Values are withheld for states that changed congressional boundaries after the 2022 election.
MA-2,30.700000000000003,MA,same_as_2022_assumed,True,30.700000000000003,2020,2022,Existing manually curated House production input,inputs/house_race_inputs.csv,2020 Democratic presidential margin copied from the existing House production input. Values are withheld for states that changed congressional boundaries after the 2022 election.
MA-3,27.299999999999997,MA,same_as_2022_assumed,True,27.299999999999997,2020,2022,Existing manually curated House production input,inputs/house_race_inputs.csv,2020 Democratic presidential margin copied from the existing House production input. Values are withheld for states that changed congressional boundaries after the 2022 election.
MA-4,28.299999999999997,MA,same_as_2022_assumed,True,28.299999999999997,2020,2022,Existing manually curated House production input,inputs/house_race_inputs.csv,2020 Democratic presidential margin copied from the existing House production input. Values are withheld for states that changed congressional boundaries after the 2022 election.
MA-5,50.900000000000006,MA,same_as_2022_assumed,True,50.900000000000006,2020,2022,Existing manually curated House production input,inputs/house_race_inputs.csv,2020 Democratic presidential margin copied from the existing House production input. Values are withheld for states that changed congressional boundaries after the 2022 election.
MA-6,27.4,MA,same_as_2022_assumed,True,27.4,2020,2022,Existing manually curated House production input,inputs/house_race_inputs.csv,2020 Democratic presidential margin copied from the existing House production input. Values are withheld for states that changed congressional boundaries after the 2022 election.
MA-7,72.2,MA,same_as_2022_assumed,True,72.2,2020,2022,Existing manually curated House production input,inputs/house_race_inputs.csv,2020 Democratic presidential margin copied from the existing House production input. Values are withheld for states that changed congressional boundaries after the 2022 election.
MA-8,35.3,MA,same_as_2022_assumed,True,35.3,2020,2022,Existing manually curated House production input,inputs/house_race_inputs.csv,2020 Democratic presidential margin copied from the existing House production input. Values are withheld for states that changed congressional boundaries after the 2022 election.
MA-9,18.1,MA,same_as_2022_assumed,True,18.1,2020,2022,Existing manually curated House production input,inputs/house_race_inputs.csv,2020 Democratic presidential margin copied from the existing House production input. Values are withheld for states that changed congressional boundaries after the 2022 election.
MD-1,-14.4,MD,same_as_2022_assumed,True,-14.4,2020,2022,Existing manually curated House production input,inputs/house_race_inputs.csv,2020 Democratic presidential margin copied from the existing House production input. Values are withheld for states that changed congressional boundaries after the 2022 election.
MD-2,20.6,MD,same_as_2022_assumed,True,20.6,2020,2022,Existing manually curated House production input,inputs/house_race_inputs.csv,2020 Democratic presidential margin copied from the existing House production input. Values are withheld for states that changed congressional boundaries after the 2022 election.
MD-3,25.300000000000004,MD,same_as_2022_assumed,True,25.300000000000004,2020,2022,Existing manually curated House production input,inputs/house_race_inputs.csv,2020 Democratic presidential margin copied from the existing House production input. Values are withheld for states that changed congressional boundaries after the 2022 election.
MD-4,80.60000000000001,MD,same_as_2022_assumed,True,80.60000000000001,2020,2022,Existing manually curated House production input,inputs/house_race_inputs.csv,2020 Democratic presidential margin copied from the existing House production input. Values are withheld for states that changed congressional boundaries after the 2022 election.
MD-5,36.3,MD,same_as_2022_assumed,True,36.3,2020,2022,Existing manually curated House production input,inputs/house_race_inputs.csv,2020 Democratic presidential margin copied from the existing House production input. Values are withheld for states that changed congressional boundaries after the 2022 election.
MD-6,9.800000000000004,MD,same_as_2022_assumed,True,9.800000000000004,2020,2022,Existing manually curated House production input,inputs/house_race_inputs.csv,2020 Democratic presidential margin copied from the existing House production input. Values are withheld for states that changed congressional boundaries after the 2022 election.
MD-7,63.1,MD,same_as_2022_assumed,True,63.1,2020,2022,Existing manually curated House production input,inputs/house_race_inputs.csv,2020 Democratic presidential margin copied from the existing House production input. Values are withheld for states that changed congressional boundaries after the 2022 election.
MD-8,62.10000000000001,MD,same_as_2022_assumed,True,62.10000000000001,2020,2022,Existing manually curated House production input,inputs/house_race_inputs.csv,2020 Democratic presidential margin copied from the existing House production input. Values are withheld for states that changed congressional boundaries after the 2022 election.
ME-1,22.799999999999997,ME,same_as_2022_assumed,True,22.799999999999997,2020,2022,Existing manually curated House production input,inputs/house_race_inputs.csv,2020 Democratic presidential margin copied from the existing House production input. Values are withheld for states that changed congressional boundaries after the 2022 election.
ME-2,-6.100000000000001,ME,same_as_2022_assumed,True,-6.100000000000001,2020,2022,Existing manually curated House production input,inputs/house_race_inputs.csv,2020 Democratic presidential margin copied from the existing House production input. Values are withheld for states that changed congressional boundaries after the 2022 election.
MI-1,-19.800000000000004,MI,same_as_2022_assumed,True,-19.800000000000004,2020,2022,Existing manually curated House production input,inputs/house_race_inputs.csv,2020 Democratic presidential margin copied from the existing House production input. Values are withheld for states that changed congressional boundaries after the 2022 election.
MI-2,-28.200000000000003,MI,same_as_2022_assumed,True,-28.200000000000003,2020,2022,Existing manually curated House production input,inputs/house_race_inputs.csv,2020 Democratic presidential margin copied from the existing House production input. Values are withheld for states that changed congressional boundaries after the 2022 election.
MI-3,8.5,MI,same_as_2022_assumed,True,8.5,2020,2022,Existing manually curated House production input,inputs/house_race_inputs.csv,2020 Democratic presidential margin copied from the existing House production input. Values are withheld for states that changed congressional boundaries after the 2022 election.
MI-4,-4.0,MI,same_as_2022_assumed,True,-4.0,2020,2022,Existing manually curated House production input,inputs/house_race_inputs.csv,2020 Democratic presidential margin copied from the existing House production input. Values are withheld for states that changed congressional boundaries after the 2022 election.
MI-5,-24.1,MI,same_as_2022_assumed,True,-24.1,2020,2022,Existing manually curated House production input,inputs/house_race_inputs.csv,2020 Democratic presidential margin copied from the existing House production input. Values are withheld for states that changed congressional boundaries after the 2022 election.
MI-6,26.700000000000003,MI,same_as_2022_assumed,True,26.700000000000003,2020,2022,Existing manually curated House production input,inputs/house_race_inputs.csv,2020 Democratic presidential margin copied from the existing House production input. Values are withheld for states that changed congressional boundaries after the 2022 election.
MI-7,0.8999999999999986,MI,same_as_2022_assumed,True,0.8999999999999986,2020,2022,Existing manually curated House production input,inputs/house_race_inputs.csv,2020 Democratic presidential margin copied from the existing House production input. Values are withheld for states that changed congressional boundaries after the 2022 election.
MI-8,2.0999999999999943,MI,same_as_2022_assumed,True,2.0999999999999943,2020,2022,Existing manually curated House production input,inputs/house_race_inputs.csv,2020 Democratic presidential margin copied from the existing House production input. Values are withheld for states that changed congressional boundaries after the 2022 election.
MI-9,-29.4,MI,same_as_2022_assumed,True,-29.4,2020,2022,Existing manually curated House production input,inputs/house_race_inputs.csv,2020 Democratic presidential margin copied from the existing House production input. Values are withheld for states that changed congressional boundaries after the 2022 election.
MI-10,-1.0,MI,same_as_2022_assumed,True,-1.0,2020,2022,Existing manually curated House production input,inputs/house_race_inputs.csv,2020 Democratic presidential margin copied from the existing House production input. Values are withheld for states that changed congressional boundaries after the 2022 election.
MI-11,19.9,MI,same_as_2022_assumed,True,19.9,2020,2022,Existing manually curated House production input,inputs/house_race_inputs.csv,2020 Democratic presidential margin copied from the existing House production input. Values are withheld for states that changed congressional boundaries after the 2022 election.
MI-12,48.5,MI,same_as_2022_assumed,True,48.5,2020,2022,Existing manually curated House production input,inputs/house_race_inputs.csv,2020 Democratic presidential margin copied from the existing House production input. Values are withheld for states that changed congressional boundaries after the 2022 election.
MI-13,49.6,MI,same_as_2022_assumed,True,49.6,2020,2022,Existing manually curated House production input,inputs/house_race_inputs.csv,2020 Democratic presidential margin copied from the existing House production input. Values are withheld for states that changed congressional boundaries after the 2022 election.
MN-1,-9.199999999999996,MN,same_as_2022_assumed,True,-9.199999999999996,2020,2022,Existing manually curated House production input,inputs/house_race_inputs.csv,2020 Democratic presidential margin copied from the existing House production input. Values are withheld for states that changed congressional boundaries after the 2022 election.
MN-2,7.199999999999996,MN,same_as_2022_assumed,True,7.199999999999996,2020,2022,Existing manually curated House production input,inputs/house_race_inputs.csv,2020 Democratic presidential margin copied from the existing House production input. Values are withheld for states that changed congressional boundaries after the 2022 election.
MN-3,20.9,MN,same_as_2022_assumed,True,20.9,2020,2022,Existing manually curated House production input,inputs/house_race_inputs.csv,2020 Democratic presidential margin copied from the existing House production input. Values are withheld for states that changed congressional boundaries after the 2022 election.
MN-4,37.49999999999999,MN,same_as_2022_assumed,True,37.49999999999999,2020,2022,Existing manually curated House production input,inputs/house_race_inputs.csv,2020 Democratic presidential margin copied from the existing House production input. Values are withheld for states that changed congressional boundaries after the 2022 election.
MN-5,62.9,MN,same_as_2022_assumed,True,62.9,2020,2022,Existing manually curated House production input,inputs/house_race_inputs.csv,2020 Democratic presidential margin copied from the existing House production input. Values are withheld for states that changed congressional boundaries after the 2022 election.
MN-6,-17.6,MN,same_as_2022_assumed,True,-17.6,2020,2022,Existing manually curated House production input,inputs/house_race_inputs.csv,2020 Democratic presidential margin copied from the existing House production input. Values are withheld for states that changed congressional boundaries after the 2022 election.
MN-7,-33.199999999999996,MN,same_as_2022_assumed,True,-33.199999999999996,2020,2022,Existing manually curated House production input,inputs/house_race_inputs.csv,2020 Democratic presidential margin copied from the existing House production input. Values are withheld for states that changed congressional boundaries after the 2022 election.
MN-8,-11.200000000000005,MN,same_as_2022_assumed,True,-11.200000000000005,2020,2022,Existing manually curated House production input,inputs/house_race_inputs.csv,2020 Democratic presidential margin copied from the existing House production input. Values are withheld for states that changed congressional boundaries after the 2022 election.
MO-1,58.8,MO,same_as_2022_assumed,True,58.8,2020,2022,Existing manually curated House production input,inputs/house_race_inputs.csv,2020 Democratic presidential margin copied from the existing House production input. Values are withheld for states that changed congressional boundaries after the 2022 election.
MO-2,-11.1,MO,same_as_2022_assumed,True,-11.1,2020,2022,Existing manually curated House production input,inputs/house_race_inputs.csv,2020 Democratic presidential margin copied from the existing House production input. Values are withheld for states that changed congressional boundaries after the 2022 election.
MO-3,-18.40000000000001,MO,same_as_2022_assumed,True,-18.40000000000001,2020,2022,Existing manually curated House production input,inputs/house_race_inputs.csv,2020 Democratic presidential margin copied from the existing House production input. Values are withheld for states that changed congressional boundaries after the 2022 election.
MO-4,-18.799999999999997,MO,same_as_2022_assumed,True,-18.799999999999997,2020,2022,Existing manually curated House production input,inputs/house_race_inputs.csv,2020 Democratic presidential margin copied from the existing House production input. Values are withheld for states that changed congressional boundaries after the 2022 election.
MO-5,-14.200000000000005,MO,same_as_2022_assumed,True,-14.200000000000005,2020,2022,Existing manually curated House production input,inputs/house_race_inputs.csv,2020 Democratic presidential margin copied from the existing House production input. Values are withheld for states that changed congressional boundaries after the 2022 election.
MO-6,-24.799999999999997,MO,same_as_2022_assumed,True,-24.799999999999997,2020,2022,Existing manually curated House production input,inputs/house_race_inputs.csv,2020 Democratic presidential margin copied from the existing House production input. Values are withheld for states that changed congressional boundaries after the 2022 election.
MO-7,-41.4,MO,same_as_2022_assumed,True,-41.4,2020,2022,Existing manually curated House production input,inputs/house_race_inputs.csv,2020 Democratic presidential margin copied from the existing House production input. Values are withheld for states that changed congressional boundaries after the 2022 election.
MO-8,-51.3,MO,same_as_2022_assumed,True,-51.3,2020,2022,Existing manually curated House production input,inputs/house_race_inputs.csv,2020 Democratic presidential margin copied from the existing House production input. Values are withheld for states that changed congressional boundaries after the 2022 election.
MS-1,-31.699999999999996,MS,same_as_2022_assumed,True,-31.699999999999996,2020,2022,Existing manually curated House production input,inputs/house_race_inputs.csv,2020 Democratic presidential margin copied from the existing House production input. Values are withheld for states that changed congressional boundaries after the 2022 election.
MS-2,26.1,MS,same_as_2022_assumed,True,26.1,2020,2022,Existing manually curated House production input,inputs/house_race_inputs.csv,2020 Democratic presidential margin copied from the existing House production input. Values are withheld for states that changed congressional boundaries after the 2022 election.
MS-3,-24.299999999999997,MS,same_as_2022_assumed,True,-24.299999999999997,2020,2022,Existing manually curated House production input,inputs/house_race_inputs.csv,2020 Democratic presidential margin copied from the existing House production input. Values are withheld for states that changed congressional boundaries after the 2022 election.
MS-4,-37.900000000000006,MS,same_as_2022_assumed,True,-37.900000000000006,2020,2022,Existing manually curated House production input,inputs/house_race_inputs.csv,2020 Democratic presidential margin copied from the existing House production input. Values are withheld for states that changed congressional boundaries after the 2022 election.
MT-1,-7.200000000000003,MT,same_as_2022_assumed,True,-7.200000000000003,2020,2022,Existing manually curated House production input,inputs/house_race_inputs.csv,2020 Democratic presidential margin copied from the existing House production input. Values are withheld for states that changed congressional boundaries after the 2022 election.
MT-2,-26.90000000000001,MT,same_as_2022_assumed,True,-26.90000000000001,2020,2022,Existing manually curated House production input,inputs/house_race_inputs.csv,2020 Democratic presidential margin copied from the existing House production input. Values are withheld for states that changed congressional boundaries after the 2022 election.
NC-1,-6.899999999999999,NC,different_from_2022_withheld,False,,2020,2022,Existing manually curated House production input,inputs/house_race_inputs.csv,2020 Democratic presidential margin copied from the existing House production input. Values are withheld for states that changed congressional boundaries after the 2022 election.
NC-2,35.300000000000004,NC,different_from_2022_withheld,False,,2020,2022,Existing manually curated House production input,inputs/house_race_inputs.csv,2020 Democratic presidential margin copied from the existing House production input. Values are withheld for states that changed congressional boundaries after the 2022 election.
NC-3,-8.299999999999997,NC,different_from_2022_withheld,False,,2020,2022,Existing manually curated House production input,inputs/house_race_inputs.csv,2020 Democratic presidential margin copied from the existing House production input. Values are withheld for states that changed congressional boundaries after the 2022 election.
NC-4,46.0,NC,different_from_2022_withheld,False,,2020,2022,Existing manually curated House production input,inputs/house_race_inputs.csv,2020 Democratic presidential margin copied from the existing House production input. Values are withheld for states that changed congressional boundaries after the 2022 election.
NC-5,-15.4,NC,different_from_2022_withheld,False,,2020,2022,Existing manually curated House production input,inputs/house_race_inputs.csv,2020 Democratic presidential margin copied from the existing House production input. Values are withheld for states that changed congressional boundaries after the 2022 election.
NC-6,-16.299999999999997,NC,different_from_2022_withheld,False,,2020,2022,Existing manually curated House production input,inputs/house_race_inputs.csv,2020 Democratic presidential margin copied from the existing House production input. Values are withheld for states that changed congressional boundaries after the 2022 election.
NC-7,-11.0,NC,different_from_2022_withheld,False,,2020,2022,Existing manually curated House production input,inputs/house_race_inputs.csv,2020 Democratic presidential margin copied from the existing House production input. Values are withheld for states that changed congressional boundaries after the 2022 election.
NC-8,-17.700000000000003,NC,different_from_2022_withheld,False,,2020,2022,Existing manually curated House production input,inputs/house_race_inputs.csv,2020 Democratic presidential margin copied from the existing House production input. Values are withheld for states that changed congressional boundaries after the 2022 election.
NC-9,-13.800000000000004,NC,different_from_2022_withheld,False,,2020,2022,Existing manually curated House production input,inputs/house_race_inputs.csv,2020 Democratic presidential margin copied from the existing House production input. Values are withheld for states that changed congressional boundaries after the 2022 election.
NC-10,-16.0,NC,different_from_2022_withheld,False,,2020,2022,Existing manually curated House production input,inputs/house_race_inputs.csv,2020 Democratic presidential margin copied from the existing House production input. Values are withheld for states that changed congressional boundaries after the 2022 election.
NC-11,-11.0,NC,different_from_2022_withheld,False,,2020,2022,Existing manually curated House production input,inputs/house_race_inputs.csv,2020 Democratic presidential margin copied from the existing House production input. Values are withheld for states that changed congressional boundaries after the 2022 election.
NC-12,49.99999999999999,NC,different_from_2022_withheld,False,,2020,2022,Existing manually curated House production input,inputs/house_race_inputs.csv,2020 Democratic presidential margin copied from the existing House production input. Values are withheld for states that changed congressional boundaries after the 2022 election.
NC-13,-17.199999999999996,NC,different_from_2022_withheld,False,,2020,2022,Existing manually curated House production input,inputs/house_race_inputs.csv,2020 Democratic presidential margin copied from the existing House production input. Values are withheld for states that changed congressional boundaries after the 2022 election.
NC-14,-16.1,NC,different_from_2022_withheld,False,,2020,2022,Existing manually curated House production input,inputs/house_race_inputs.csv,2020 Democratic presidential margin copied from the existing House production input. Values are withheld for states that changed congressional boundaries after the 2022 election.
ND-AL,-33.3,ND,same_as_2022_assumed,True,-33.3,2020,2022,Existing manually curated House production input,inputs/house_race_inputs.csv,2020 Democratic presidential margin copied from the existing House production input. Values are withheld for states that changed congressional boundaries after the 2022 election.
NE-1,-11.0,NE,same_as_2022_assumed,True,-11.0,2020,2022,Existing manually curated House production input,inputs/house_race_inputs.csv,2020 Democratic presidential margin copied from the existing House production input. Values are withheld for states that changed congressional boundaries after the 2022 election.
NE-2,6.400000000000006,NE,same_as_2022_assumed,True,6.400000000000006,2020,2022,Existing manually curated House production input,inputs/house_race_inputs.csv,2020 Democratic presidential margin copied from the existing House production input. Values are withheld for states that changed congressional boundaries after the 2022 election.
NE-3,-51.8,NE,same_as_2022_assumed,True,-51.8,2020,2022,Existing manually curated House production input,inputs/house_race_inputs.csv,2020 Democratic presidential margin copied from the existing House production input. Values are withheld for states that changed congressional boundaries after the 2022 election.
NH-1,6.0,NH,same_as_2022_assumed,True,6.0,2020,2022,Existing manually curated House production input,inputs/house_race_inputs.csv,2020 Democratic presidential margin copied from the existing House production input. Values are withheld for states that changed congressional boundaries after the 2022 election.
NH-2,8.899999999999999,NH,same_as_2022_assumed,True,8.899999999999999,2020,2022,Existing manually curated House production input,inputs/house_race_inputs.csv,2020 Democratic presidential margin copied from the existing House production input. Values are withheld for states that changed congressional boundaries after the 2022 election.
NJ-1,24.4,NJ,same_as_2022_assumed,True,24.4,2020,2022,Existing manually curated House production input,inputs/house_race_inputs.csv,2020 Democratic presidential margin copied from the existing House production input. Values are withheld for states that changed congressional boundaries after the 2022 election.
NJ-2,-5.0,NJ,same_as_2022_assumed,True,-5.0,2020,2022,Existing manually curated House production input,inputs/house_race_inputs.csv,2020 Democratic presidential margin copied from the existing House production input. Values are withheld for states that changed congressional boundaries after the 2022 election.
NJ-3,14.1,NJ,same_as_2022_assumed,True,14.1,2020,2022,Existing manually curated House production input,inputs/house_race_inputs.csv,2020 Democratic presidential margin copied from the existing House production input. Values are withheld for states that changed congressional boundaries after the 2022 election.
NJ-4,-22.5,NJ,same_as_2022_assumed,True,-22.5,2020,2022,Existing manually curated House production input,inputs/house_race_inputs.csv,2020 Democratic presidential margin copied from the existing House production input. Values are withheld for states that changed congressional boundaries after the 2022 election.
NJ-5,12.4,NJ,same_as_2022_assumed,True,12.4,2020,2022,Existing manually curated House production input,inputs/house_race_inputs.csv,2020 Democratic presidential margin copied from the existing House production input. Values are withheld for states that changed congressional boundaries after the 2022 election.
NJ-6,19.700000000000003,NJ,same_as_2022_assumed,True,19.700000000000003,2020,2022,Existing manually curated House production input,inputs/house_race_inputs.csv,2020 Democratic presidential margin copied from the existing House production input. Values are withheld for states that changed congressional boundaries after the 2022 election.
NJ-7,3.6000000000000014,NJ,same_as_2022_assumed,True,3.6000000000000014,2020,2022,Existing manually curated House production input,inputs/house_race_inputs.csv,2020 Democratic presidential margin copied from the existing House production input. Values are withheld for states that changed congressional boundaries after the 2022 election.
NJ-8,44.8,NJ,same_as_2022_assumed,True,44.8,2020,2022,Existing manually curated House production input,inputs/house_race_inputs.csv,2020 Democratic presidential margin copied from the existing House production input. Values are withheld for states that changed congressional boundaries after the 2022 election.
NJ-9,19.0,NJ,same_as_2022_assumed,True,19.0,2020,2022,Existing manually curated House production input,inputs/house_race_inputs.csv,2020 Democratic presidential margin copied from the existing House production input. Values are withheld for states that changed congressional boundaries after the 2022 election.
NJ-10,62.60000000000001,NJ,same_as_2022_assumed,True,62.60000000000001,2020,2022,Existing manually curated House production input,inputs/house_race_inputs.csv,2020 Democratic presidential margin copied from the existing House production input. Values are withheld for states that changed congressional boundaries after the 2022 election.
NJ-11,16.799999999999997,NJ,same_as_2022_assumed,True,16.799999999999997,2020,2022,Existing manually curated House production input,inputs/house_race_inputs.csv,2020 Democratic presidential margin copied from the existing House production input. Values are withheld for states that changed congressional boundaries after the 2022 election.
NJ-12,34.3,NJ,same_as_2022_assumed,True,34.3,2020,2022,Existing manually curated House production input,inputs/house_race_inputs.csv,2020 Democratic presidential margin copied from the existing House production input. Values are withheld for states that changed congressional boundaries after the 2022 election.
NM-1,14.4,NM,same_as_2022_assumed,True,14.4,2020,2022,Existing manually curated House production input,inputs/house_race_inputs.csv,2020 Democratic presidential margin copied from the existing House production input. Values are withheld for states that changed congressional boundaries after the 2022 election.
NM-2,5.899999999999999,NM,same_as_2022_assumed,True,5.899999999999999,2020,2022,Existing manually curated House production input,inputs/house_race_inputs.csv,2020 Democratic presidential margin copied from the existing House production input. Values are withheld for states that changed congressional boundaries after the 2022 election.
NM-3,10.699999999999996,NM,same_as_2022_assumed,True,10.699999999999996,2020,2022,Existing manually curated House production input,inputs/house_race_inputs.csv,2020 Democratic presidential margin copied from the existing House production input. Values are withheld for states that changed congressional boundaries after the 2022 election.
NV-1,8.5,NV,same_as_2022_assumed,True,8.5,2020,2022,Existing manually curated House production input,inputs/house_race_inputs.csv,2020 Democratic presidential margin copied from the existing House production input. Values are withheld for states that changed congressional boundaries after the 2022 election.
NV-2,-11.0,NV,same_as_2022_assumed,True,-11.0,2020,2022,Existing manually curated House production input,inputs/house_race_inputs.csv,2020 Democratic presidential margin copied from the existing House production input. Values are withheld for states that changed congressional boundaries after the 2022 election.
NV-3,6.699999999999996,NV,same_as_2022_assumed,True,6.699999999999996,2020,2022,Existing manually curated House production input,inputs/house_race_inputs.csv,2020 Democratic presidential margin copied from the existing House production input. Values are withheld for states that changed congressional boundaries after the 2022 election.
NV-4,8.200000000000003,NV,same_as_2022_assumed,True,8.200000000000003,2020,2022,Existing manually curated House production input,inputs/house_race_inputs.csv,2020 Democratic presidential margin copied from the existing House production input. Values are withheld for states that changed congressional boundaries after the 2022 election.
NY-1,-1.8000000000000045,NY,different_from_2022_withheld,False,,2020,2022,Existing manually curated House production input,inputs/house_race_inputs.csv,2020 Democratic presidential margin copied from the existing House production input. Values are withheld for states that changed congressional boundaries after the 2022 election.
NY-2,-2.3999999999999986,NY,different_from_2022_withheld,False,,2020,2022,Existing manually curated House production input,inputs/house_race_inputs.csv,2020 Democratic presidential margin copied from the existing House production input. Values are withheld for states that changed congressional boundaries after the 2022 election.
NY-3,11.299999999999995,NY,different_from_2022_withheld,False,,2020,2022,Existing manually curated House production input,inputs/house_race_inputs.csv,2020 Democratic presidential margin copied from the existing House production input. Values are withheld for states that changed congressional boundaries after the 2022 election.
NY-4,14.5,NY,different_from_2022_withheld,False,,2020,2022,Existing manually curated House production input,inputs/house_race_inputs.csv,2020 Democratic presidential margin copied from the existing House production input. Values are withheld for states that changed congressional boundaries after the 2022 election.
NY-5,62.4,NY,different_from_2022_withheld,False,,2020,2022,Existing manually curated House production input,inputs/house_race_inputs.csv,2020 Democratic presidential margin copied from the existing House production input. Values are withheld for states that changed congressional boundaries after the 2022 election.
NY-6,29.299999999999997,NY,different_from_2022_withheld,False,,2020,2022,Existing manually curated House production input,inputs/house_race_inputs.csv,2020 Democratic presidential margin copied from the existing House production input. Values are withheld for states that changed congressional boundaries after the 2022 election.
NY-7,60.10000000000001,NY,different_from_2022_withheld,False,,2020,2022,Existing manually curated House production input,inputs/house_race_inputs.csv,2020 Democratic presidential margin copied from the existing House production input. Values are withheld for states that changed congressional boundaries after the 2022 election.
NY-8,55.400000000000006,NY,different_from_2022_withheld,False,,2020,2022,Existing manually curated House production input,inputs/house_race_inputs.csv,2020 Democratic presidential margin copied from the existing House production input. Values are withheld for states that changed congressional boundaries after the 2022 election.
NY-9,52.099999999999994,NY,different_from_2022_withheld,False,,2020,2022,Existing manually curated House production input,inputs/house_race_inputs.csv,2020 Democratic presidential margin copied from the existing House production input. Values are withheld for states that changed congressional boundaries after the 2022 election.
NY-10,70.4,NY,different_from_2022_withheld,False,,2020,2022,Existing manually curated House production input,inputs/house_race_inputs.csv,2020 Democratic presidential margin copied from the existing House production input. Values are withheld for states that changed congressional boundaries after the 2022 election.
NY-11,-7.600000000000001,NY,different_from_2022_withheld,False,,2020,2022,Existing manually curated House production input,inputs/house_race_inputs.csv,2020 Democratic presidential margin copied from the existing House production input. Values are withheld for states that changed congressional boundaries after the 2022 election.
NY-12,71.1,NY,different_from_2022_withheld,False,,2020,2022,Existing manually curated House production input,inputs/house_race_inputs.csv,2020 Democratic presidential margin copied from the existing House production input. Values are withheld for states that changed congressional boundaries after the 2022 election.
NY-13,76.9,NY,different_from_2022_withheld,False,,2020,2022,Existing manually curated House production input,inputs/house_race_inputs.csv,2020 Democratic presidential margin copied from the existing House production input. Values are withheld for states that changed congressional boundaries after the 2022 election.
NY-14,55.0,NY,different_from_2022_withheld,False,,2020,2022,Existing manually curated House production input,inputs/house_race_inputs.csv,2020 Democratic presidential margin copied from the existing House production input. Values are withheld for states that changed congressional boundaries after the 2022 election.
NY-15,70.39999999999999,NY,different_from_2022_withheld,False,,2020,2022,Existing manually curated House production input,inputs/house_race_inputs.csv,2020 Democratic presidential margin copied from the existing House production input. Values are withheld for states that changed congressional boundaries after the 2022 election.
NY-16,44.599999999999994,NY,different_from_2022_withheld,False,,2020,2022,Existing manually curated House production input,inputs/house_race_inputs.csv,2020 Democratic presidential margin copied from the existing House production input. Values are withheld for states that changed congressional boundaries after the 2022 election.
NY-17,10.1,NY,different_from_2022_withheld,False,,2020,2022,Existing manually curated House production input,inputs/house_race_inputs.csv,2020 Democratic presidential margin copied from the existing House production input. Values are withheld for states that changed congressional boundaries after the 2022 election.
NY-18,9.1,NY,different_from_2022_withheld,False,,2020,2022,Existing manually curated House production input,inputs/house_race_inputs.csv,2020 Democratic presidential margin copied from the existing House production input. Values are withheld for states that changed congressional boundaries after the 2022 election.
NY-19,4.399999999999999,NY,different_from_2022_withheld,False,,2020,2022,Existing manually curated House production input,inputs/house_race_inputs.csv,2020 Democratic presidential margin copied from the existing House production input. Values are withheld for states that changed congressional boundaries after the 2022 election.
NY-20,19.1,NY,different_from_2022_withheld,False,,2020,2022,Existing manually curated House production input,inputs/house_race_inputs.csv,2020 Democratic presidential margin copied from the existing House production input. Values are withheld for states that changed congressional boundaries after the 2022 election.
NY-21,-15.699999999999996,NY,different_from_2022_withheld,False,,2020,2022,Existing manually curated House production input,inputs/house_race_inputs.csv,2020 Democratic presidential margin copied from the existing House production input. Values are withheld for states that changed congressional boundaries after the 2022 election.
NY-22,11.299999999999995,NY,different_from_2022_withheld,False,,2020,2022,Existing manually curated House production input,inputs/house_race_inputs.csv,2020 Democratic presidential margin copied from the existing House production input. Values are withheld for states that changed congressional boundaries after the 2022 election.
NY-23,-18.1,NY,different_from_2022_withheld,False,,2020,2022,Existing manually curated House production input,inputs/house_race_inputs.csv,2020 Democratic presidential margin copied from the existing House production input. Values are withheld for states that changed congressional boundaries after the 2022 election.
NY-24,-20.199999999999996,NY,different_from_2022_withheld,False,,2020,2022,Existing manually curated House production input,inputs/house_race_inputs.csv,2020 Democratic presidential margin copied from the existing House production input. Values are withheld for states that changed congressional boundaries after the 2022 election.
NY-25,20.5,NY,different_from_2022_withheld,False,,2020,2022,Existing manually curated House production input,inputs/house_race_inputs.csv,2020 Democratic presidential margin copied from the existing House production input. Values are withheld for states that changed congressional boundaries after the 2022 election.
NY-26,25.1,NY,different_from_2022_withheld,False,,2020,2022,Existing manually curated House production input,inputs/house_race_inputs.csv,2020 Democratic presidential margin copied from the existing House production input. Values are withheld for states that changed congressional boundaries after the 2022 election.
OH-1,0.1999999999999957,OH,same_as_2022_assumed,True,0.1999999999999957,2020,2022,Existing manually curated House production input,inputs/house_race_inputs.csv,2020 Democratic presidential margin copied from the existing House production input. Values are withheld for states that changed congressional boundaries after the 2022 election.
OH-2,-39.599999999999994,OH,same_as_2022_assumed,True,-39.599999999999994,2020,2022,Existing manually curated House production input,inputs/house_race_inputs.csv,2020 Democratic presidential margin copied from the existing House production input. Values are withheld for states that changed congressional boundaries after the 2022 election.
OH-3,43.7,OH,same_as_2022_assumed,True,43.7,2020,2022,Existing manually curated House production input,inputs/house_race_inputs.csv,2020 Democratic presidential margin copied from the existing House production input. Values are withheld for states that changed congressional boundaries after the 2022 election.
OH-4,-40.400000000000006,OH,same_as_2022_assumed,True,-40.400000000000006,2020,2022,Existing manually curated House production input,inputs/house_race_inputs.csv,2020 Democratic presidential margin copied from the existing House production input. Values are withheld for states that changed congressional boundaries after the 2022 election.
OH-5,-21.199999999999996,OH,same_as_2022_assumed,True,-21.199999999999996,2020,2022,Existing manually curated House production input,inputs/house_race_inputs.csv,2020 Democratic presidential margin copied from the existing House production input. Values are withheld for states that changed congressional boundaries after the 2022 election.
OH-6,-29.800000000000004,OH,same_as_2022_assumed,True,-29.800000000000004,2020,2022,Existing manually curated House production input,inputs/house_race_inputs.csv,2020 Democratic presidential margin copied from the existing House production input. Values are withheld for states that changed congressional boundaries after the 2022 election.
OH-7,-9.6,OH,same_as_2022_assumed,True,-9.6,2020,2022,Existing manually curated House production input,inputs/house_race_inputs.csv,2020 Democratic presidential margin copied from the existing House production input. Values are withheld for states that changed congressional boundaries after the 2022 election.
OH-8,-14.700000000000005,OH,same_as_2022_assumed,True,-14.700000000000005,2020,2022,Existing manually curated House production input,inputs/house_race_inputs.csv,2020 Democratic presidential margin copied from the existing House production input. Values are withheld for states that changed congressional boundaries after the 2022 election.
OH-9,-6.700000000000003,OH,same_as_2022_assumed,True,-6.700000000000003,2020,2022,Existing manually curated House production input,inputs/house_race_inputs.csv,2020 Democratic presidential margin copied from the existing House production input. Values are withheld for states that changed congressional boundaries after the 2022 election.
OH-10,-5.800000000000004,OH,same_as_2022_assumed,True,-5.800000000000004,2020,2022,Existing manually curated House production input,inputs/house_race_inputs.csv,2020 Democratic presidential margin copied from the existing House production input. Values are withheld for states that changed congressional boundaries after the 2022 election.
OH-11,57.599999999999994,OH,same_as_2022_assumed,True,57.599999999999994,2020,2022,Existing manually curated House production input,inputs/house_race_inputs.csv,2020 Democratic presidential margin copied from the existing House production input. Values are withheld for states that changed congressional boundaries after the 2022 election.
OH-12,-28.90000000000001,OH,same_as_2022_assumed,True,-28.90000000000001,2020,2022,Existing manually curated House production input,inputs/house_race_inputs.csv,2020 Democratic presidential margin copied from the existing House production input. Values are withheld for states that changed congressional boundaries after the 2022 election.
OH-13,5.900000000000006,OH,same_as_2022_assumed,True,5.900000000000006,2020,2022,Existing manually curated House production input,inputs/house_race_inputs.csv,2020 Democratic presidential margin copied from the existing House production input. Values are withheld for states that changed congressional boundaries after the 2022 election.
OH-14,-17.1,OH,same_as_2022_assumed,True,-17.1,2020,2022,Existing manually curated House production input,inputs/house_race_inputs.csv,2020 Democratic presidential margin copied from the existing House production input. Values are withheld for states that changed congressional boundaries after the 2022 election.
OH-15,-7.399999999999999,OH,same_as_2022_assumed,True,-7.399999999999999,2020,2022,Existing manually curated House production input,inputs/house_race_inputs.csv,2020 Democratic presidential margin copied from the existing House production input. Values are withheld for states that changed congressional boundaries after the 2022 election.
OK-1,-21.4,OK,same_as_2022_assumed,True,-21.4,2020,2022,Existing manually curated House production input,inputs/house_race_inputs.csv,2020 Democratic presidential margin copied from the existing House production input. Values are withheld for states that changed congressional boundaries after the 2022 election.
OK-2,-53.4,OK,same_as_2022_assumed,True,-53.4,2020,2022,Existing manually curated House production input,inputs/house_race_inputs.csv,2020 Democratic presidential margin copied from the existing House production input. Values are withheld for states that changed congressional boundaries after the 2022 election.
OK-3,-42.8,OK,same_as_2022_assumed,True,-42.8,2020,2022,Existing manually curated House production input,inputs/house_race_inputs.csv,2020 Democratic presidential margin copied from the existing House production input. Values are withheld for states that changed congressional boundaries after the 2022 election.
OK-4,-30.90000000000001,OK,same_as_2022_assumed,True,-30.90000000000001,2020,2022,Existing manually curated House production input,inputs/house_race_inputs.csv,2020 Democratic presidential margin copied from the existing House production input. Values are withheld for states that changed congressional boundaries after the 2022 election.
OK-5,-18.4,OK,same_as_2022_assumed,True,-18.4,2020,2022,Existing manually curated House production input,inputs/house_race_inputs.csv,2020 Democratic presidential margin copied from the existing House production input. Values are withheld for states that changed congressional boundaries after the 2022 election.
OR-1,38.8,OR,same_as_2022_assumed,True,38.8,2020,2022,Existing manually curated House production input,inputs/house_race_inputs.csv,2020 Democratic presidential margin copied from the existing House production input. Values are withheld for states that changed congressional boundaries after the 2022 election.
OR-2,-24.300000000000004,OR,same_as_2022_assumed,True,-24.300000000000004,2020,2022,Existing manually curated House production input,inputs/house_race_inputs.csv,2020 Democratic presidential margin copied from the existing House production input. Values are withheld for states that changed congressional boundaries after the 2022 election.
OR-3,47.0,OR,same_as_2022_assumed,True,47.0,2020,2022,Existing manually curated House production input,inputs/house_race_inputs.csv,2020 Democratic presidential margin copied from the existing House production input. Values are withheld for states that changed congressional boundaries after the 2022 election.
OR-4,12.700000000000005,OR,same_as_2022_assumed,True,12.700000000000005,2020,2022,Existing manually curated House production input,inputs/house_race_inputs.csv,2020 Democratic presidential margin copied from the existing House production input. Values are withheld for states that changed congressional boundaries after the 2022 election.
OR-5,8.799999999999997,OR,same_as_2022_assumed,True,8.799999999999997,2020,2022,Existing manually curated House production input,inputs/house_race_inputs.csv,2020 Democratic presidential margin copied from the existing House production input. Values are withheld for states that changed congressional boundaries after the 2022 election.
OR-6,13.099999999999994,OR,same_as_2022_assumed,True,13.099999999999994,2020,2022,Existing manually curated House production input,inputs/house_race_inputs.csv,2020 Democratic presidential margin copied from the existing House production input. Values are withheld for states that changed congressional boundaries after the 2022 election.
PA-1,4.599999999999994,PA,same_as_2022_assumed,True,4.599999999999994,2020,2022,Existing manually curated House production input,inputs/house_race_inputs.csv,2020 Democratic presidential margin copied from the existing House production input. Values are withheld for states that changed congressional boundaries after the 2022 election.
PA-2,42.7,PA,same_as_2022_assumed,True,42.7,2020,2022,Existing manually curated House production input,inputs/house_race_inputs.csv,2020 Democratic presidential margin copied from the existing House production input. Values are withheld for states that changed congressional boundaries after the 2022 election.
PA-3,80.8,PA,same_as_2022_assumed,True,80.8,2020,2022,Existing manually curated House production input,inputs/house_race_inputs.csv,2020 Democratic presidential margin copied from the existing House production input. Values are withheld for states that changed congressional boundaries after the 2022 election.
PA-4,18.9,PA,same_as_2022_assumed,True,18.9,2020,2022,Existing manually curated House production input,inputs/house_race_inputs.csv,2020 Democratic presidential margin copied from the existing House production input. Values are withheld for states that changed congressional boundaries after the 2022 election.
PA-5,32.300000000000004,PA,same_as_2022_assumed,True,32.300000000000004,2020,2022,Existing manually curated House production input,inputs/house_race_inputs.csv,2020 Democratic presidential margin copied from the existing House production input. Values are withheld for states that changed congressional boundaries after the 2022 election.
PA-6,14.799999999999995,PA,same_as_2022_assumed,True,14.799999999999995,2020,2022,Existing manually curated House production input,inputs/house_race_inputs.csv,2020 Democratic presidential margin copied from the existing House production input. Values are withheld for states that changed congressional boundaries after the 2022 election.
PA-7,0.6000000000000014,PA,same_as_2022_assumed,True,0.6000000000000014,2020,2022,Existing manually curated House production input,inputs/house_race_inputs.csv,2020 Democratic presidential margin copied from the existing House production input. Values are withheld for states that changed congressional boundaries after the 2022 election.
PA-8,-2.8999999999999986,PA,same_as_2022_assumed,True,-2.8999999999999986,2020,2022,Existing manually curated House production input,inputs/house_race_inputs.csv,2020 Democratic presidential margin copied from the existing House production input. Values are withheld for states that changed congressional boundaries after the 2022 election.
PA-9,-36.5,PA,same_as_2022_assumed,True,-36.5,2020,2022,Existing manually curated House production input,inputs/house_race_inputs.csv,2020 Democratic presidential margin copied from the existing House production input. Values are withheld for states that changed congressional boundaries after the 2022 election.
PA-10,-4.099999999999994,PA,same_as_2022_assumed,True,-4.099999999999994,2020,2022,Existing manually curated House production input,inputs/house_race_inputs.csv,2020 Democratic presidential margin copied from the existing House production input. Values are withheld for states that changed congressional boundaries after the 2022 election.
PA-11,-21.299999999999997,PA,same_as_2022_assumed,True,-21.299999999999997,2020,2022,Existing manually curated House production input,inputs/house_race_inputs.csv,2020 Democratic presidential margin copied from the existing House production input. Values are withheld for states that changed congressional boundaries after the 2022 election.
PA-12,19.9,PA,same_as_2022_assumed,True,19.9,2020,2022,Existing manually curated House production input,inputs/house_race_inputs.csv,2020 Democratic presidential margin copied from the existing House production input. Values are withheld for states that changed congressional boundaries after the 2022 election.
PA-13,-45.2,PA,same_as_2022_assumed,True,-45.2,2020,2022,Existing manually curated House production input,inputs/house_race_inputs.csv,2020 Democratic presidential margin copied from the existing House production input. Values are withheld for states that changed congressional boundaries after the 2022 election.
PA-14,-31.5,PA,same_as_2022_assumed,True,-31.5,2020,2022,Existing manually curated House production input,inputs/house_race_inputs.csv,2020 Democratic presidential margin copied from the existing House production input. Values are withheld for states that changed congressional boundaries after the 2022 election.
PA-15,-37.0,PA,same_as_2022_assumed,True,-37.0,2020,2022,Existing manually curated House production input,inputs/house_race_inputs.csv,2020 Democratic presidential margin copied from the existing House production input. Values are withheld for states that changed congressional boundaries after the 2022 election.
PA-16,-20.700000000000003,PA,same_as_2022_assumed,True,-20.700000000000003,2020,2022,Existing manually curated House production input,inputs/house_race_inputs.csv,2020 Democratic presidential margin copied from the existing House production input. Values are withheld for states that changed congressional boundaries after the 2022 election.
PA-17,5.799999999999997,PA,same_as_2022_assumed,True,5.799999999999997,2020,2022,Existing manually curated House production input,inputs/house_race_inputs.csv,2020 Democratic presidential margin copied from the existing House production input. Values are withheld for states that changed congressional boundaries after the 2022 election.
RI-1,29.0,RI,same_as_2022_assumed,True,29.0,2020,2022,Existing manually curated House production input,inputs/house_race_inputs.csv,2020 Democratic presidential margin copied from the existing House production input. Values are withheld for states that changed congressional boundaries after the 2022 election.
RI-2,13.599999999999994,RI,same_as_2022_assumed,True,13.599999999999994,2020,2022,Existing manually curated House production input,inputs/house_race_inputs.csv,2020 Democratic presidential margin copied from the existing House production input. Values are withheld for states that changed congressional boundaries after the 2022 election.
SC-1,-8.700000000000003,SC,same_as_2022_assumed,True,-8.700000000000003,2020,2022,Existing manually curated House production input,inputs/house_race_inputs.csv,2020 Democratic presidential margin copied from the existing House production input. Values are withheld for states that changed congressional boundaries after the 2022 election.
SC-2,-10.6,SC,same_as_2022_assumed,True,-10.6,2020,2022,Existing manually curated House production input,inputs/house_race_inputs.csv,2020 Democratic presidential margin copied from the existing House production input. Values are withheld for states that changed congressional boundaries after the 2022 election.
SC-3,-37.4,SC,same_as_2022_assumed,True,-37.4,2020,2022,Existing manually curated House production input,inputs/house_race_inputs.csv,2020 Democratic presidential margin copied from the existing House production input. Values are withheld for states that changed congressional boundaries after the 2022 election.
SC-4,-18.6,SC,same_as_2022_assumed,True,-18.6,2020,2022,Existing manually curated House production input,inputs/house_race_inputs.csv,2020 Democratic presidential margin copied from the existing House production input. Values are withheld for states that changed congressional boundaries after the 2022 election.
SC-5,-18.199999999999996,SC,same_as_2022_assumed,True,-18.199999999999996,2020,2022,Existing manually curated House production input,inputs/house_race_inputs.csv,2020 Democratic presidential margin copied from the existing House production input. Values are withheld for states that changed congressional boundaries after the 2022 election.
SC-6,32.099999999999994,SC,same_as_2022_assumed,True,32.099999999999994,2020,2022,Existing manually curated House production input,inputs/house_race_inputs.csv,2020 Democratic presidential margin copied from the existing House production input. Values are withheld for states that changed congressional boundaries after the 2022 election.
SC-7,-18.59999999999999,SC,same_as_2022_assumed,True,-18.59999999999999,2020,2022,Existing manually curated House production input,inputs/house_race_inputs.csv,2020 Democratic presidential margin copied from the existing House production input. Values are withheld for states that changed congressional boundaries after the 2022 election.
SD-AL,-26.199999999999996,SD,same_as_2022_assumed,True,-26.199999999999996,2020,2022,Existing manually curated House production input,inputs/house_race_inputs.csv,2020 Democratic presidential margin copied from the existing House production input. Values are withheld for states that changed congressional boundaries after the 2022 election.
TN-1,-54.3,TN,same_as_2022_assumed,True,-54.3,2020,2022,Existing manually curated House production input,inputs/house_race_inputs.csv,2020 Democratic presidential margin copied from the existing House production input. Values are withheld for states that changed congressional boundaries after the 2022 election.
TN-2,-29.300000000000004,TN,same_as_2022_assumed,True,-29.300000000000004,2020,2022,Existing manually curated House production input,inputs/house_race_inputs.csv,2020 Democratic presidential margin copied from the existing House production input. Values are withheld for states that changed congressional boundaries after the 2022 election.
TN-3,-31.700000000000003,TN,same_as_2022_assumed,True,-31.700000000000003,2020,2022,Existing manually curated House production input,inputs/house_race_inputs.csv,2020 Democratic presidential margin copied from the existing House production input. Values are withheld for states that changed congressional boundaries after the 2022 election.
TN-4,-15.4,TN,same_as_2022_assumed,True,-15.4,2020,2022,Existing manually curated House production input,inputs/house_race_inputs.csv,2020 Democratic presidential margin copied from the existing House production input. Values are withheld for states that changed congressional boundaries after the 2022 election.
TN-5,-12.700000000000005,TN,same_as_2022_assumed,True,-12.700000000000005,2020,2022,Existing manually curated House production input,inputs/house_race_inputs.csv,2020 Democratic presidential margin copied from the existing House production input. Values are withheld for states that changed congressional boundaries after the 2022 election.
TN-6,-20.1,TN,same_as_2022_assumed,True,-20.1,2020,2022,Existing manually curated House production input,inputs/house_race_inputs.csv,2020 Democratic presidential margin copied from the existing House production input. Values are withheld for states that changed congressional boundaries after the 2022 election.
TN-7,-18.1,TN,same_as_2022_assumed,True,-18.1,2020,2022,Existing manually curated House production input,inputs/house_race_inputs.csv,2020 Democratic presidential margin copied from the existing House production input. Values are withheld for states that changed congressional boundaries after the 2022 election.
TN-8,-15.700000000000005,TN,same_as_2022_assumed,True,-15.700000000000005,2020,2022,Existing manually curated House production input,inputs/house_race_inputs.csv,2020 Democratic presidential margin copied from the existing House production input. Values are withheld for states that changed congressional boundaries after the 2022 election.
TN-9,-10.5,TN,same_as_2022_assumed,True,-10.5,2020,2022,Existing manually curated House production input,inputs/house_race_inputs.csv,2020 Democratic presidential margin copied from the existing House production input. Values are withheld for states that changed congressional boundaries after the 2022 election.
TX-1,-43.8,TX,same_as_2022_assumed,True,-43.8,2020,2022,Existing manually curated House production input,inputs/house_race_inputs.csv,2020 Democratic presidential margin copied from the existing House production input. Values are withheld for states that changed congressional boundaries after the 2022 election.
TX-2,-21.5,TX,same_as_2022_assumed,True,-21.5,2020,2022,Existing manually curated House production input,inputs/house_race_inputs.csv,2020 Democratic presidential margin copied from the existing House production input. Values are withheld for states that changed congressional boundaries after the 2022 election.
TX-3,-17.4,TX,same_as_2022_assumed,True,-17.4,2020,2022,Existing manually curated House production input,inputs/house_race_inputs.csv,2020 Democratic presidential margin copied from the existing House production input. Values are withheld for states that changed congressional boundaries after the 2022 election.
TX-4,-17.900000000000006,TX,same_as_2022_assumed,True,-17.900000000000006,2020,2022,Existing manually curated House production input,inputs/house_race_inputs.csv,2020 Democratic presidential margin copied from the existing House production input. Values are withheld for states that changed congressional boundaries after the 2022 election.
TX-5,-16.200000000000003,TX,same_as_2022_assumed,True,-16.200000000000003,2020,2022,Existing manually curated House production input,inputs/house_race_inputs.csv,2020 Democratic presidential margin copied from the existing House production input. Values are withheld for states that changed congressional boundaries after the 2022 election.
TX-6,-19.5,TX,same_as_2022_assumed,True,-19.5,2020,2022,Existing manually curated House production input,inputs/house_race_inputs.csv,2020 Democratic presidential margin copied from the existing House production input. Values are withheld for states that changed congressional boundaries after the 2022 election.
TX-7,31.5,TX,same_as_2022_assumed,True,31.5,2020,2022,Existing manually curated House production input,inputs/house_race_inputs.csv,2020 Democratic presidential margin copied from the existing House production input. Values are withheld for states that changed congressional boundaries after the 2022 election.
TX-8,-16.699999999999996,TX,same_as_2022_assumed,True,-16.699999999999996,2020,2022,Existing manually curated House production input,inputs/house_race_inputs.csv,2020 Democratic presidential margin copied from the existing House production input. Values are withheld for states that changed congressional boundaries after the 2022 election.
TX-9,-8.600000000000001,TX,same_as_2022_assumed,True,-8.600000000000001,2020,2022,Existing manually curated House production input,inputs/house_race_inputs.csv,2020 Democratic presidential margin copied from the existing House production input. Values are withheld for states that changed congressional boundaries after the 2022 election.
TX-10,-14.799999999999995,TX,same_as_2022_assumed,True,-14.799999999999995,2020,2022,Existing manually curated House production input,inputs/house_race_inputs.csv,2020 Democratic presidential margin copied from the existing House production input. Values are withheld for states that changed congressional boundaries after the 2022 election.
TX-11,-30.0,TX,same_as_2022_assumed,True,-30.0,2020,2022,Existing manually curated House production input,inputs/house_race_inputs.csv,2020 Democratic presidential margin copied from the existing House production input. Values are withheld for states that changed congressional boundaries after the 2022 election.
TX-12,-17.700000000000003,TX,same_as_2022_assumed,True,-17.700000000000003,2020,2022,Existing manually curated House production input,inputs/house_race_inputs.csv,2020 Democratic presidential margin copied from the existing House production input. Values are withheld for states that changed congressional boundaries after the 2022 election.
TX-13,-44.1,TX,same_as_2022_assumed,True,-44.1,2020,2022,Existing manually curated House production input,inputs/house_race_inputs.csv,2020 Democratic presidential margin copied from the existing House production input. Values are withheld for states that changed congressional boundaries after the 2022 election.
TX-14,-21.5,TX,same_as_2022_assumed,True,-21.5,2020,2022,Existing manually curated House production input,inputs/house_race_inputs.csv,2020 Democratic presidential margin copied from the existing House production input. Values are withheld for states that changed congressional boundaries after the 2022 election.
TX-15,-2.4000000000000057,TX,same_as_2022_assumed,True,-2.4000000000000057,2020,2022,Existing manually curated House production input,inputs/house_race_inputs.csv,2020 Democratic presidential margin copied from the existing House production input. Values are withheld for states that changed congressional boundaries after the 2022 election.
TX-16,35.6,TX,same_as_2022_assumed,True,35.6,2020,2022,Existing manually curated House production input,inputs/house_race_inputs.csv,2020 Democratic presidential margin copied from the existing House production input. Values are withheld for states that changed congressional boundaries after the 2022 election.
TX-17,-15.200000000000005,TX,same_as_2022_assumed,True,-15.200000000000005,2020,2022,Existing manually curated House production input,inputs/house_race_inputs.csv,2020 Democratic presidential margin copied from the existing House production input. Values are withheld for states that changed congressional boundaries after the 2022 election.
TX-18,63.6,TX,same_as_2022_assumed,True,63.6,2020,2022,Existing manually curated House production input,inputs/house_race_inputs.csv,2020 Democratic presidential margin copied from the existing House production input. Values are withheld for states that changed congressional boundaries after the 2022 election.
TX-19,-46.2,TX,same_as_2022_assumed,True,-46.2,2020,2022,Existing manually curated House production input,inputs/house_race_inputs.csv,2020 Democratic presidential margin copied from the existing House production input. Values are withheld for states that changed congressional boundaries after the 2022 election.
TX-20,40.2,TX,same_as_2022_assumed,True,40.2,2020,2022,Existing manually curated House production input,inputs/house_race_inputs.csv,2020 Democratic presidential margin copied from the existing House production input. Values are withheld for states that changed congressional boundaries after the 2022 election.
TX-21,-16.700000000000003,TX,same_as_2022_assumed,True,-16.700000000000003,2020,2022,Existing manually curated House production input,inputs/house_race_inputs.csv,2020 Democratic presidential margin copied from the existing House production input. Values are withheld for states that changed congressional boundaries after the 2022 election.
TX-22,-17.199999999999996,TX,same_as_2022_assumed,True,-17.199999999999996,2020,2022,Existing manually curated House production input,inputs/house_race_inputs.csv,2020 Democratic presidential margin copied from the existing House production input. Values are withheld for states that changed congressional boundaries after the 2022 election.
TX-23,-7.199999999999996,TX,same_as_2022_assumed,True,-7.199999999999996,2020,2022,Existing manually curated House production input,inputs/house_race_inputs.csv,2020 Democratic presidential margin copied from the existing House production input. Values are withheld for states that changed congressional boundaries after the 2022 election.
TX-24,-12.4,TX,same_as_2022_assumed,True,-12.4,2020,2022,Existing manually curated House production input,inputs/house_race_inputs.csv,2020 Democratic presidential margin copied from the existing House production input. Values are withheld for states that changed congressional boundaries after the 2022 election.
TX-25,-15.800000000000004,TX,same_as_2022_assumed,True,-15.800000000000004,2020,2022,Existing manually curated House production input,inputs/house_race_inputs.csv,2020 Democratic presidential margin copied from the existing House production input. Values are withheld for states that changed congressional boundaries after the 2022 election.
TX-26,-18.5,TX,same_as_2022_assumed,True,-18.5,2020,2022,Existing manually curated House production input,inputs/house_race_inputs.csv,2020 Democratic presidential margin copied from the existing House production input. Values are withheld for states that changed congressional boundaries after the 2022 election.
TX-27,-17.199999999999996,TX,same_as_2022_assumed,True,-17.199999999999996,2020,2022,Existing manually curated House production input,inputs/house_race_inputs.csv,2020 Democratic presidential margin copied from the existing House production input. Values are withheld for states that changed congressional boundaries after the 2022 election.
TX-28,9.599999999999994,TX,same_as_2022_assumed,True,9.599999999999994,2020,2022,Existing manually curated House production input,inputs/house_race_inputs.csv,2020 Democratic presidential margin copied from the existing House production input. Values are withheld for states that changed congressional boundaries after the 2022 election.
TX-29,43.00000000000001,TX,same_as_2022_assumed,True,43.00000000000001,2020,2022,Existing manually curated House production input,inputs/house_race_inputs.csv,2020 Democratic presidential margin copied from the existing House production input. Values are withheld for states that changed congressional boundaries after the 2022 election.
TX-30,56.8,TX,same_as_2022_assumed,True,56.8,2020,2022,Existing manually curated House production input,inputs/house_race_inputs.csv,2020 Democratic presidential margin copied from the existing House production input. Values are withheld for states that changed congressional boundaries after the 2022 election.
TX-31,-17.699999999999996,TX,same_as_2022_assumed,True,-17.699999999999996,2020,2022,Existing manually curated House production input,inputs/house_race_inputs.csv,2020 Democratic presidential margin copied from the existing House production input. Values are withheld for states that changed congressional boundaries after the 2022 election.
TX-32,-10.099999999999994,TX,same_as_2022_assumed,True,-10.099999999999994,2020,2022,Existing manually curated House production input,inputs/house_race_inputs.csv,2020 Democratic presidential margin copied from the existing House production input. Values are withheld for states that changed congressional boundaries after the 2022 election.
TX-33,44.900000000000006,TX,same_as_2022_assumed,True,44.900000000000006,2020,2022,Existing manually curated House production input,inputs/house_race_inputs.csv,2020 Democratic presidential margin copied from the existing House production input. Values are withheld for states that changed congressional boundaries after the 2022 election.
TX-34,2.8999999999999986,TX,same_as_2022_assumed,True,2.8999999999999986,2020,2022,Existing manually curated House production input,inputs/house_race_inputs.csv,2020 Democratic presidential margin copied from the existing House production input. Values are withheld for states that changed congressional boundaries after the 2022 election.
TX-35,-1.9000000000000057,TX,same_as_2022_assumed,True,-1.9000000000000057,2020,2022,Existing manually curated House production input,inputs/house_race_inputs.csv,2020 Democratic presidential margin copied from the existing House production input. Values are withheld for states that changed congressional boundaries after the 2022 election.
TX-36,-18.4,TX,same_as_2022_assumed,True,-18.4,2020,2022,Existing manually curated House production input,inputs/house_race_inputs.csv,2020 Democratic presidential margin copied from the existing House production input. Values are withheld for states that changed congressional boundaries after the 2022 election.
TX-37,62.39999999999999,TX,same_as_2022_assumed,True,62.39999999999999,2020,2022,Existing manually curated House production input,inputs/house_race_inputs.csv,2020 Democratic presidential margin copied from the existing House production input. Values are withheld for states that changed congressional boundaries after the 2022 election.
TX-38,-17.800000000000004,TX,same_as_2022_assumed,True,-17.800000000000004,2020,2022,Existing manually curated House production input,inputs/house_race_inputs.csv,2020 Democratic presidential margin copied from the existing House production input. Values are withheld for states that changed congressional boundaries after the 2022 election.
UT-1,24.6,UT,same_as_2022_assumed,True,24.6,2020,2022,Existing manually curated House production input,inputs/house_race_inputs.csv,2020 Democratic presidential margin copied from the existing House production input. Values are withheld for states that changed congressional boundaries after the 2022 election.
UT-2,-30.4,UT,same_as_2022_assumed,True,-30.4,2020,2022,Existing manually curated House production input,inputs/house_race_inputs.csv,2020 Democratic presidential margin copied from the existing House production input. Values are withheld for states that changed congressional boundaries after the 2022 election.
UT-3,-40.7,UT,same_as_2022_assumed,True,-40.7,2020,2022,Existing manually curated House production input,inputs/house_race_inputs.csv,2020 Democratic presidential margin copied from the existing House production input. Values are withheld for states that changed congressional boundaries after the 2022 election.
UT-4,-33.0,UT,same_as_2022_assumed,True,-33.0,2020,2022,Existing manually curated House production input,inputs/house_race_inputs.csv,2020 Democratic presidential margin copied from the existing House production input. Values are withheld for states that changed congressional boundaries after the 2022 election.
VA-1,-6.699999999999996,VA,same_as_2022_assumed,True,-6.699999999999996,2020,2022,Existing manually curated House production input,inputs/house_race_inputs.csv,2020 Democratic presidential margin copied from the existing House production input. Values are withheld for states that changed congressional boundaries after the 2022 election.
VA-2,2.0,VA,same_as_2022_assumed,True,2.0,2020,2022,Existing manually curated House production input,inputs/house_race_inputs.csv,2020 Democratic presidential margin copied from the existing House production input. Values are withheld for states that changed congressional boundaries after the 2022 election.
VA-3,38.1,VA,same_as_2022_assumed,True,38.1,2020,2022,Existing manually curated House production input,inputs/house_race_inputs.csv,2020 Democratic presidential margin copied from the existing House production input. Values are withheld for states that changed congressional boundaries after the 2022 election.
VA-4,35.8,VA,same_as_2022_assumed,True,35.8,2020,2022,Existing manually curated House production input,inputs/house_race_inputs.csv,2020 Democratic presidential margin copied from the existing House production input. Values are withheld for states that changed congressional boundaries after the 2022 election.
VA-5,-8.200000000000003,VA,same_as_2022_assumed,True,-8.200000000000003,2020,2022,Existing manually curated House production input,inputs/house_race_inputs.csv,2020 Democratic presidential margin copied from the existing House production input. Values are withheld for states that changed congressional boundaries after the 2022 election.
VA-6,-22.1,VA,same_as_2022_assumed,True,-22.1,2020,2022,Existing manually curated House production input,inputs/house_race_inputs.csv,2020 Democratic presidential margin copied from the existing House production input. Values are withheld for states that changed congressional boundaries after the 2022 election.
VA-7,6.699999999999996,VA,same_as_2022_assumed,True,6.699999999999996,2020,2022,Existing manually curated House production input,inputs/house_race_inputs.csv,2020 Democratic presidential margin copied from the existing House production input. Values are withheld for states that changed congressional boundaries after the 2022 election.
VA-8,55.6,VA,same_as_2022_assumed,True,55.6,2020,2022,Existing manually curated House production input,inputs/house_race_inputs.csv,2020 Democratic presidential margin copied from the existing House production input. Values are withheld for states that changed congressional boundaries after the 2022 election.
VA-9,-41.900000000000006,VA,same_as_2022_assumed,True,-41.900000000000006,2020,2022,Existing manually curated House production input,inputs/house_race_inputs.csv,2020 Democratic presidential margin copied from the existing House production input. Values are withheld for states that changed congressional boundaries after the 2022 election.
VA-10,18.0,VA,same_as_2022_assumed,True,18.0,2020,2022,Existing manually curated House production input,inputs/house_race_inputs.csv,2020 Democratic presidential margin copied from the existing House production input. Values are withheld for states that changed congressional boundaries after the 2022 election.
VA-11,41.00000000000001,VA,same_as_2022_assumed,True,41.00000000000001,2020,2022,Existing manually curated House production input,inputs/house_race_inputs.csv,2020 Democratic presidential margin copied from the existing House production input. Values are withheld for states that changed congressional boundaries after the 2022 election.
VT-AL,35.39999999999999,VT,same_as_2022_assumed,True,35.39999999999999,2020,2022,Existing manually curated House production input,inputs/house_race_inputs.csv,2020 Democratic presidential margin copied from the existing House production input. Values are withheld for states that changed congressional boundaries after the 2022 election.
WA-1,30.4,WA,same_as_2022_assumed,True,30.4,2020,2022,Existing manually curated House production input,inputs/house_race_inputs.csv,2020 Democratic presidential margin copied from the existing House production input. Values are withheld for states that changed congressional boundaries after the 2022 election.
WA-2,22.700000000000003,WA,same_as_2022_assumed,True,22.700000000000003,2020,2022,Existing manually curated House production input,inputs/house_race_inputs.csv,2020 Democratic presidential margin copied from the existing House production input. Values are withheld for states that changed congressional boundaries after the 2022 election.
WA-3,-4.200000000000003,WA,same_as_2022_assumed,True,-4.200000000000003,2020,2022,Existing manually curated House production input,inputs/house_race_inputs.csv,2020 Democratic presidential margin copied from the existing House production input. Values are withheld for states that changed congressional boundaries after the 2022 election.
WA-4,-16.9,WA,same_as_2022_assumed,True,-16.9,2020,2022,Existing manually curated House production input,inputs/house_race_inputs.csv,2020 Democratic presidential margin copied from the existing House production input. Values are withheld for states that changed congressional boundaries after the 2022 election.
WA-5,-8.899999999999999,WA,same_as_2022_assumed,True,-8.899999999999999,2020,2022,Existing manually curated House production input,inputs/house_race_inputs.csv,2020 Democratic presidential margin copied from the existing House production input. Values are withheld for states that changed congressional boundaries after the 2022 election.
WA-6,17.1,WA,same_as_2022_assumed,True,17.1,2020,2022,Existing manually curated House production input,inputs/house_race_inputs.csv,2020 Democratic presidential margin copied from the existing House production input. Values are withheld for states that changed congressional boundaries after the 2022 election.
WA-7,75.1,WA,same_as_2022_assumed,True,75.1,2020,2022,Existing manually curated House production input,inputs/house_race_inputs.csv,2020 Democratic presidential margin copied from the existing House production input. Values are withheld for states that changed congressional boundaries after the 2022 election.
WA-8,6.700000000000003,WA,same_as_2022_assumed,True,6.700000000000003,2020,2022,Existing manually curated House production input,inputs/house_race_inputs.csv,2020 Democratic presidential margin copied from the existing House production input. Values are withheld for states that changed congressional boundaries after the 2022 election.
WA-9,44.7,WA,same_as_2022_assumed,True,44.7,2020,2022,Existing manually curated House production input,inputs/house_race_inputs.csv,2020 Democratic presidential margin copied from the existing House production input. Values are withheld for states that changed congressional boundaries after the 2022 election.
WA-10,17.6,WA,same_as_2022_assumed,True,17.6,2020,2022,Existing manually curated House production input,inputs/house_race_inputs.csv,2020 Democratic presidential margin copied from the existing House production input. Values are withheld for states that changed congressional boundaries after the 2022 election.
WI-1,-2.0,WI,same_as_2022_assumed,True,-2.0,2020,2022,Existing manually curated House production input,inputs/house_race_inputs.csv,2020 Democratic presidential margin copied from the existing House production input. Values are withheld for states that changed congressional boundaries after the 2022 election.
WI-2,41.7,WI,same_as_2022_assumed,True,41.7,2020,2022,Existing manually curated House production input,inputs/house_race_inputs.csv,2020 Democratic presidential margin copied from the existing House production input. Values are withheld for states that changed congressional boundaries after the 2022 election.
WI-3,-4.699999999999996,WI,same_as_2022_assumed,True,-4.699999999999996,2020,2022,Existing manually curated House production input,inputs/house_race_inputs.csv,2020 Democratic presidential margin copied from the existing House production input. Values are withheld for states that changed congressional boundaries after the 2022 election.
WI-4,52.89999999999999,WI,same_as_2022_assumed,True,52.89999999999999,2020,2022,Existing manually curated House production input,inputs/house_race_inputs.csv,2020 Democratic presidential margin copied from the existing House production input. Values are withheld for states that changed congressional boundaries after the 2022 election.
WI-5,-22.800000000000004,WI,same_as_2022_assumed,True,-22.800000000000004,2020,2022,Existing manually curated House production input,inputs/house_race_inputs.csv,2020 Democratic presidential margin copied from the existing House production input. Values are withheld for states that changed congressional boundaries after the 2022 election.
WI-6,-15.6,WI,same_as_2022_assumed,True,-15.6,2020,2022,Existing manually curated House production input,inputs/house_race_inputs.csv,2020 Democratic presidential margin copied from the existing House production input. Values are withheld for states that changed congressional boundaries after the 2022 election.
WI-7,-19.9,WI,same_as_2022_assumed,True,-19.9,2020,2022,Existing manually curated House production input,inputs/house_race_inputs.csv,2020 Democratic presidential margin copied from the existing House production input. Values are withheld for states that changed congressional boundaries after the 2022 election.
WI-8,-15.5,WI,same_as_2022_assumed,True,-15.5,2020,2022,Existing manually curated House production input,inputs/house_race_inputs.csv,2020 Democratic presidential margin copied from the existing House production input. Values are withheld for states that changed congressional boundaries after the 2022 election.
WV-1,-44.5,WV,same_as_2022_assumed,True,-44.5,2020,2022,Existing manually curated House production input,inputs/house_race_inputs.csv,2020 Democratic presidential margin copied from the existing House production input. Values are withheld for states that changed congressional boundaries after the 2022 election.
WV-2,-42.10000000000001,WV,same_as_2022_assumed,True,-42.10000000000001,2020,2022,Existing manually curated House production input,inputs/house_race_inputs.csv,2020 Democratic presidential margin copied from the existing House production input. Values are withheld for states that changed congressional boundaries after the 2022 election.
WY-AL,-43.3,WY,same_as_2022_assumed,True,-43.3,2020,2022,Existing manually curated House production input,inputs/house_race_inputs.csv,2020 Democratic presidential margin copied from the existing House production input. Values are withheld for states that changed congressional boundaries after the 2022 election.
