race_id,state,boundary_regime_id,boundary_regime_status,boundary_regime_notes,regime_scorable_elections,regime_first_cycle,regime_last_cycle,regime_mean_dem_margin,regime_median_dem_margin,regime_margin_std,regime_margin_mad,regime_mean_absolute_margin,regime_margin_range,regime_democratic_wins,regime_republican_wins,regime_democratic_win_rate,regime_competitive_within_5_rate,regime_competitive_within_10_rate,regime_competitive_within_15_rate,regime_party_switch_count,regime_longest_democratic_streak,regime_longest_republican_streak,regime_current_party_streak_party,regime_current_party_streak_length,regime_consecutive_swing_count,regime_mean_swing_dem,regime_mean_absolute_swing,regime_swing_std,regime_largest_absolute_swing,regime_first_to_last_margin_change_dem,regime_trend_intercept_dem,regime_trend_slope_points_per_election,regime_trend_residual_rmse,regime_reliability
AK-AL,AK,AK_2012_2020_default,assumed_stable_2012_2020,No known mid-decade statewide boundary break configured.,5,2012,2020,-15.068627293766099,-9.998534358567388,10.42798967789504,3.4137580212340453,15.068627293766099,28.73875266847748,0,5,0.0,0.0,0.6,0.8,0,0,5,R,5,4,6.546539238979783,9.973032274588881,11.773315560925756,25.324994647243436,26.186156955919135,-15.068627293766095,5.5786071933072305,6.819182670074702,high
AL-2,AL,AL_2012_2020_default,assumed_stable_2012_2020,No known mid-decade statewide boundary break configured.,5,2012,2020,-24.763221852877432,-27.29289706395073,9.124212439176038,4.330425243237297,24.763221852877432,26.53604677331549,0,5,0.0,0.0,0.2,0.2,0,0,5,R,5,4,-0.8117779905009574,14.079801377158702,16.059730059213422,26.53604677331549,-3.2471119620038316,-24.763221852877425,0.5321693318820836,9.093120709614665,high
AL-3,AL,AL_2012_2020_default,assumed_stable_2012_2020,No known mid-decade statewide boundary break configured.,5,2012,2020,-31.413742525088743,-32.398161154386415,3.045812794107941,2.6040422133525567,31.413742525088743,7.503335247953704,0,5,0.0,0.0,0.0,0.0,0,0,5,R,5,4,-1.7081494985258425,4.958652743581939,5.180207437325633,7.503335247953704,-6.83259799410337,-31.41374252508875,-0.8765902953605595,2.782113312737458,high
AL-4,AL,AL_2012_2020_default,assumed_stable_2012_2020,No known mid-decade statewide boundary break configured.,3,2012,2020,-57.424850254914226,-59.645666734496835,6.912306994927561,4.913225693552185,57.424850254914226,16.488900825852213,0,3,0.0,0.0,0.0,0.0,0,0,3,R,3,2,-8.244450412926106,8.244450412926106,3.331224719373921,11.575675132300027,-16.488900825852213,-57.42485025491439,-4.061379015148506,0.35825267421128604,medium
AL-5,AL,AL_2012_2020_default,assumed_stable_2012_2020,No known mid-decade statewide boundary break configured.,3,2012,2018,-28.558062440562285,-30.008616753578018,4.771588286691026,3.531532309426723,28.558062440562285,11.414727557900644,0,3,0.0,0.0,0.0,0.0,0,0,3,R,3,2,3.9415976242369606,7.473129933663683,7.473129933663683,11.414727557900644,7.883195248473921,-28.558062440562363,2.0000891917477825,4.067588668021262,medium
AL-6,AL,AL_2012_2020_default,assumed_stable_2012_2020,No known mid-decade statewide boundary break configured.,4,2012,2018,-45.62007554773515,-45.79543868369675,5.492620101334686,4.982728941222522,45.62007554773515,14.075018799000517,0,4,0.0,0.0,0.0,0.0,0,0,4,R,4,3,1.3698536388518245,8.01349222714852,8.545545322053554,10.666910426291444,4.109560916555473,-45.620075547735155,1.57367911223755,5.203200278887975,high
AL-7,AL,AL_2012_2020_default,assumed_stable_2012_2020,No known mid-decade statewide boundary break configured.,1,2012,2012,51.76345096197131,51.76345096197131,0.0,0.0,51.76345096197131,0.0,1,0,1.0,0.0,0.0,0.0,0,1,0,D,1,0,,,,,,,,,insufficient_single_cycle
AR-1,AR,AR_2012_2020_default,assumed_stable_2012_2020,No known mid-decade statewide boundary break configured.,3,2012,2018,-29.380092384737527,-30.869884232838743,9.480844743237771,9.305026945078723,29.380092384737527,23.079429434461098,0,3,0.0,0.0,0.0,0.0,0,0,3,R,3,2,-11.539714717230549,11.539714717230549,2.234687772151826,13.774402489382375,-23.079429434461098,-29.380092384737793,-7.258767477351656,2.815076066562579,medium
AR-2,AR,AR_2012_2020_default,assumed_stable_2012_2020,No known mid-decade statewide boundary break configured.,5,2012,2020,-12.5073810069435,-10.731632496548904,5.501286322033568,4.42277049846642,12.5073810069435,15.222626046775748,0,5,0.0,0.0,0.4,0.6,0,0,5,R,5,4,1.2441081146362474,10.09280861623158,10.918268287784631,15.222626046775748,4.9764324585449895,-12.507381006943497,1.190086045914147,5.237512921572077,high
AR-4,AR,AR_2012_2020_default,assumed_stable_2012_2020,No known mid-decade statewide boundary break configured.,4,2012,2020,-27.91371560387175,-29.17300782037693,11.890257358508169,9.645758133291213,27.91371560387175,30.947338801648055,0,4,0.0,0.0,0.0,0.25,0,0,4,R,4,3,-6.430505422194141,14.201053778904564,14.69121614759929,24.32868513260316,-19.291516266582423,-27.91371560387175,-6.291171766576799,6.513916990576791,high
AZ-1,AZ,AZ_2012_2020_default,assumed_stable_2012_2020,No known mid-decade statewide boundary break configured.,5,2012,2020,5.414619548235875,5.2227276164957805,1.825786505839656,2.002380279032954,5.414619548235875,4.467306041669719,5,0,1.0,0.4,1.0,1.0,0,5,0,D,5,4,-0.10709345538567949,2.1265595654491802,2.5899998008877194,4.467306041669719,-0.4283738215427184,5.4146195482358745,0.16081781195513345,1.811566070454541,high
AZ-2,AZ,AZ_2012_2020_default,assumed_stable_2012_2020,No known mid-decade statewide boundary break configured.,5,2012,2020,1.313358711900166,0.8396087300148146,8.722734906999946,8.651062759555206,6.909512166026511,24.143882267253183,3,2,0.6,0.4,0.6,1.0,2,2,2,D,2,4,2.3468220613042603,9.725119072322329,13.406235585947416,23.407656781591346,9.387288245217041,1.3133587119001655,2.833864632329864,7.747549725497423,high
AZ-3,AZ,AZ_2012_2020_default,assumed_stable_2012_2020,No known mid-decade statewide boundary break configured.,4,2012,2020,22.399992846926374,24.477620965280877,6.967377252828517,3.9612686558503167,22.399992846926374,17.648981190395347,4,0,1.0,0.0,0.0,0.25,0,4,0,D,4,3,2.640845770566877,9.125141689696685,10.633254102801342,16.23304978511866,7.9225373117006335,22.399992846926366,3.2078124408519937,4.776944017258335,high
AZ-4,AZ,AZ_2012_2020_default,assumed_stable_2012_2020,No known mid-decade statewide boundary break configured.,5,2012,2020,-40.54244257483815,-39.5155322196662,2.5488635436363025,1.8592793996254073,40.54244257483815,6.5162792757012795,0,5,0.0,0.0,0.0,0.0,0,0,5,R,5,4,-0.2635852209815308,3.5217248588321706,4.03013604176634,5.711340760001995,-1.0543408839261232,-40.54244257483814,0.44075975078490004,2.4714706245986964,high
AZ-5,AZ,AZ_2012_2020_default,assumed_stable_2012_2020,No known mid-decade statewide boundary break configured.,5,2012,2020,-27.671629145114046,-28.190326248578675,8.400490952256584,9.341145250444107,27.671629145114046,21.375097081396206,0,5,0.0,0.0,0.0,0.0,0,0,5,R,5,4,4.15001269393737,6.537535846760733,6.374951339867492,10.96593437338797,16.60005077574948,-27.671629145114043,5.350718117533101,3.6479966409456455,high
AZ-6,AZ,AZ_2012_2020_default,assumed_stable_2012_2020,No known mid-decade statewide boundary break configured.,5,2012,2020,-19.339693596452637,-24.26058117887833,10.116698051437115,5.462708906016754,19.339693596452637,25.377859626395754,0,5,0.0,0.2,0.2,0.4,0,0,5,R,5,4,5.909416269411091,6.779513543786786,5.526663511124367,13.874510455031585,23.637665077644364,-19.339693596452634,6.661254951633705,3.6882169679429597,high
AZ-8,AZ,AZ_2012_2020_default,assumed_stable_2012_2020,No known mid-decade statewide boundary break configured.,3,2012,2020,-19.44935812703522,-19.129778183858143,7.09191393461284,8.202004767787423,19.44935812703522,17.362749365106076,0,3,0.0,0.0,0.0,0.3333333333333333,0,0,3,R,3,2,4.580372298659326,12.782377066446749,12.782377066446749,17.362749365106076,9.160744597318654,-19.449358127035104,3.0972777583386697,4.75202672532488,medium
AZ-9,AZ,AZ_2012_2020_default,assumed_stable_2012_2020,No known mid-decade statewide boundary break configured.,5,2012,2020,16.84245789941747,21.875123870749206,7.395310192566485,1.377798570305199,16.84245789941747,19.154669925372623,5,0,1.0,0.2,0.2,0.4,0,5,0,D,5,4,4.788667481343155,4.788667481343155,4.110966001783309,9.060275232573693,19.154669925372623,16.842457899417468,4.766563324399618,3.0414406114955916,high
CA-1,CA,CA_2012_2020_default,assumed_stable_2012_2020,No known mid-decade statewide boundary break configured.,5,2012,2020,-15.73871524285176,-14.76515313735287,4.1270565584058545,3.341051246857857,15.73871524285176,12.286977883271538,0,5,0.0,0.0,0.2,0.6,0,0,5,R,5,4,0.19406696927079503,5.9494219723649735,6.243229664522234,8.333026609633746,0.7762678770831801,-15.73871524285175,1.3839513637437877,3.633449199020703,high
CA-2,CA,CA_2012_2020_default,assumed_stable_2012_2020,No known mid-decade statewide boundary break configured.,5,2012,2020,50.33222081086179,51.47586526218312,4.192775202575971,2.2243336699924967,50.33222081086179,11.529310151549502,5,0,1.0,0.0,0.0,0.0,0,5,0,D,5,4,2.247316434906084,3.517338640868667,3.753658724389413,7.495931140724345,8.989265739624337,50.33222081086178,2.2011910490073876,2.808714978575705,high
CA-3,CA,CA_2012_2020_default,assumed_stable_2012_2020,No known mid-decade statewide boundary break configured.,5,2012,2020,11.621303617655157,9.347553324968631,4.977399980393062,3.898331975308043,11.621303617655157,13.253642064176264,5,0,1.0,0.0,0.6,0.6,0,5,0,D,5,4,0.22164180180223436,6.405179230285897,7.702090335535296,13.253642064176264,0.8865672072089374,11.621303617655157,1.2469806946807318,4.654523483559191,high
CA-4,CA,CA_2012_2020_default,assumed_stable_2012_2020,No known mid-decade statewide boundary break configured.,4,2012,2020,-16.952955137169887,-17.05455992676025,7.086816047673806,6.774480144564965,16.952955137169887,17.17684161233601,0,4,0.0,0.0,0.25,0.5,0,0,4,R,4,3,3.442499374761766,8.008728366795573,9.713063768526135,17.17684161233601,10.327498124285297,-16.952955137169887,3.3537167822090237,5.061545083782508,high
CA-5,CA,CA_2012_2020_default,assumed_stable_2012_2020,No known mid-decade statewide boundary break configured.,3,2012,2020,51.62023929186589,52.18145093418617,1.997278573158837,1.5555693779768234,51.62023929186589,4.794773682914446,3,0,1.0,0.0,0.0,0.0,0,3,0,D,3,2,1.6196021524688113,3.1751715304456347,3.1751715304456347,4.794773682914446,3.2392043049376227,51.6202392918659,0.8098010762344051,1.496790213739051,medium
CA-6,CA,CA_2012_2020_default,assumed_stable_2012_2020,No known mid-decade statewide boundary break configured.,4,2012,2020,48.25591603046181,48.39569055642896,2.2865268123656253,2.0837603281808263,48.25591603046181,5.475778992684326,4,0,1.0,0.0,0.0,0.0,0,4,0,D,4,3,-1.1394534746358573,4.789972803092074,4.683241265046583,5.475778992684326,-3.418360423907572,48.25591603046181,-0.4524636372006665,2.1864063096503337,high
CA-7,CA,CA_2012_2020_default,assumed_stable_2012_2020,No known mid-decade statewide boundary break configured.,5,2012,2020,5.967226418141735,3.3630818431635143,4.831142870495456,2.570542066381934,5.967226418141735,12.45528229033391,5,0,1.0,0.6,0.6,1.0,0,5,0,D,5,4,2.471185055987994,3.756456089178961,3.6937485186418053,7.747201304714686,9.884740223951976,5.967226418141733,2.906688552530377,2.538161687583517,high
CA-9,CA,CA_2012_2020_default,assumed_stable_2012_2020,No known mid-decade statewide boundary break configured.,5,2012,2020,11.743405864141952,12.982969969566104,3.782748199921982,1.87477903389496,11.743405864141952,10.425287687295771,5,0,1.0,0.2,0.2,0.8,0,5,0,D,5,4,1.0144660957639828,5.066215495757912,5.995276515649076,9.978277833882817,4.057864383055932,11.743405864141948,1.6357931104246668,2.992915926615277,high
CA-10,CA,CA_2012_2020_default,assumed_stable_2012_2020,No known mid-decade statewide boundary break configured.,5,2012,2020,-1.257389142410074,-3.4009148174719357,7.888381340802478,7.902942757985681,7.188662410425657,22.623995410902243,2,3,0.4,0.4,0.6,1.0,1,2,3,D,2,4,3.935632278191393,7.376365427259728,6.342909753049604,8.896925363905096,15.74252911276557,-1.257389142410074,4.828492634742191,3.949414884562207,high
CA-11,CA,CA_2012_2020_default,assumed_stable_2012_2020,No known mid-decade statewide boundary break configured.,5,2012,2020,42.47346688423137,44.10564402818158,4.907419594100092,4.159198307706639,42.47346688423137,13.716972736318766,5,0,1.0,0.0,0.0,0.0,0,5,0,D,5,4,1.6305170482839202,5.227969319875463,5.643002646918325,9.557774428612127,6.522068193135681,42.47346688423136,2.6761109122590176,3.1240403075398957,high
CA-12,CA,CA_2012_2020_default,assumed_stable_2012_2020,No known mid-decade statewide boundary break configured.,3,2012,2018,70.10719609599897,70.1677135488804,2.914738970943562,3.478650683849068,70.10719609599897,7.138853726342418,3,0,1.0,0.0,0.0,0.0,0,3,0,D,3,2,1.739325341924534,5.399528384417884,5.399528384417884,7.138853726342418,3.478650683849068,70.10719609599902,1.5038183186956224,2.231112226860328,medium
CA-14,CA,CA_2012_2020_default,assumed_stable_2012_2020,No known mid-decade statewide boundary break configured.,5,2012,2020,57.99393143562194,58.44511155335185,2.6710759374346535,0.6120369801124212,57.99393143562194,8.334274694161081,5,0,1.0,0.0,0.0,0.0,0,5,0,D,5,4,0.18504128105019468,4.046160138074525,4.99571855666295,8.334274694161081,0.7401651242007787,57.993931435621924,0.6533463471794906,2.5061771215931357,high
CA-16,CA,CA_2012_2020_default,assumed_stable_2012_2020,No known mid-decade statewide boundary break configured.,5,2012,2020,13.23925082983052,15.090340587161354,6.050840101938503,0.9793443303170335,13.23925082983052,17.29420527254941,5,0,1.0,0.2,0.2,0.4,0,5,0,D,5,4,0.9848444227457023,8.151930378687519,10.028025241931536,14.607286320679439,3.939377690982809,13.239250829830514,2.1506697372328034,5.230860856678291,high
CA-17,CA,CA_2012_2020_default,assumed_stable_2012_2020,No known mid-decade statewide boundary break configured.,3,2012,2020,46.82531204957689,47.08943929718357,3.2725276012110993,3.605287973821632,46.82531204957689,8.002957690463319,3,0,1.0,0.0,0.0,0.0,0,3,0,D,3,2,-2.1988348583208435,5.804122832142475,5.804122832142475,8.002957690463319,-4.397669716641687,46.825312049576866,-0.5683758705986596,3.1266880368663417,medium
CA-18,CA,CA_2012_2020_default,assumed_stable_2012_2020,No known mid-decade statewide boundary break configured.,4,2012,2018,41.94009641739978,41.63424645722067,4.79626855534494,3.3906798903134217,41.94009641739978,13.474610464159447,4,0,1.0,0.0,0.0,0.0,0,4,0,D,4,3,2.66825320711443,6.314820435658535,5.754620980792749,6.781359780626843,8.00475962134329,41.94009641739977,3.0795638644656727,3.3390941976585835,high
CA-19,CA,CA_2012_2020_default,assumed_stable_2012_2020,No known mid-decade statewide boundary break configured.,4,2012,2020,46.308698453608514,46.99064949465017,1.777182123194373,0.7086565889146996,46.308698453608514,4.524235048820486,4,0,1.0,0.0,0.0,0.0,0,4,0,D,4,3,-1.0356406236636957,1.9805160755499618,2.3178186695285525,4.145117341996027,-3.106921870991087,46.30869845360851,-0.572890853192917,1.5621876336867846,high
CA-20,CA,CA_2012_2020_default,assumed_stable_2012_2020,No known mid-decade statewide boundary break configured.,3,2012,2020,47.731879807029394,48.13711134516745,4.926191498255056,5.4152652242499,47.731879807029394,12.04622506291399,3,0,1.0,0.0,0.0,0.0,0,3,0,D,3,2,2.70763261212495,9.33859245078904,9.33859245078904,12.04622506291399,5.4152652242499,47.73187980702937,1.3538163060624775,4.402254699126954,medium
CA-21,CA,CA_2012_2020_default,assumed_stable_2012_2020,No known mid-decade statewide boundary break configured.,5,2012,2020,-8.959562365782908,-13.47652709806054,7.320251005498293,2.1917395282921817,9.263040749109198,16.426962584668452,1,4,0.2,0.4,0.4,0.6,2,1,3,R,1,4,3.656159227130039,4.557322065204187,6.259546763920787,14.23522305637627,14.624636908520158,-8.959562365782906,4.567623640170876,3.4437920011236267,high
CA-22,CA,CA_2012_2020_default,assumed_stable_2012_2020,No known mid-decade statewide boundary break configured.,5,2012,2020,-23.371289680898645,-23.759354214479693,14.905117366057217,15.30689355426309,23.371289680898645,38.62582640122402,0,5,0.0,0.0,0.4,0.4,0,0,5,R,5,4,3.8267233885657723,15.486189812046238,18.194612362110455,29.68588000865601,15.30689355426309,-23.37128968089864,6.923961350975016,11.237439304234254,high
CA-24,CA,CA_2012_2020_default,assumed_stable_2012_2020,No known mid-decade statewide boundary break configured.,5,2012,2020,11.064966145329771,10.194555264591644,5.410800320519049,6.340314190917388,11.064966145329771,13.472615927250278,5,0,1.0,0.2,0.4,0.6,0,5,0,D,5,4,1.7830754340832224,4.953232529541917,5.9574249467630835,10.272830762145528,7.13230173633289,11.064966145329768,2.7521366473793503,3.758756158203421,high
CA-25,CA,CA_2012_2020_default,assumed_stable_2012_2020,No known mid-decade statewide boundary break configured.,4,2012,2020,-1.7959345347454785,-3.179184836842493,6.962372475429258,4.729699479554114,6.162073085569487,18.289922668592958,1,3,0.25,0.25,1.0,1.0,2,1,2,R,1,3,3.1531329863694086,9.040148792692563,9.726203841892973,14.992400167496285,9.459398959108228,-1.7959345347454787,3.3653725205268517,4.8682226012088785,high
CA-26,CA,CA_2012_2020_default,assumed_stable_2012_2020,No known mid-decade statewide boundary break configured.,5,2012,2020,14.771910522057729,20.759024926241587,8.883345091948899,3.1249962775512934,14.771910522057729,21.220754035052558,5,0,1.0,0.2,0.4,0.4,0,5,0,D,5,4,3.9465485987879685,6.66382841873831,8.5101160998125,18.095757757501264,15.786194395151878,14.771910522057725,5.279314282535632,4.813678576212083,high
CA-27,CA,CA_2012_2020_default,assumed_stable_2012_2020,No known mid-decade statewide boundary break configured.,4,2012,2020,30.265458568149516,31.397905640448137,7.8410004309487515,5.798201152811021,30.265458568149516,20.836958875069087,4,0,1.0,0.0,0.0,0.0,0,4,0,D,4,3,3.8654674352073477,10.025838481505376,10.373166201402993,16.126190594816528,11.596402305622043,30.265458568149512,3.9707121281231164,5.195377668992028,high
CA-28,CA,CA_2012_2020_default,assumed_stable_2012_2020,No known mid-decade statewide boundary break configured.,4,2012,2020,52.75141069205655,54.474148581504004,4.519308489050672,1.8845330557223718,52.75141069205655,11.430663193908245,4,0,1.0,0.0,0.0,0.0,0,4,0,D,4,3,-2.5538656941545006,5.066576435117663,6.342391547912687,11.430663193908245,-7.661597082463501,52.75141069205655,-1.2949257665623206,4.093418815424505,high
CA-32,CA,CA_2012_2020_default,assumed_stable_2012_2020,No known mid-decade statewide boundary break configured.,4,2012,2020,30.35585486705716,32.27764850025203,6.759409568726035,3.0783111559780316,30.35585486705716,18.245275750666547,4,0,1.0,0.0,0.0,0.0,0,4,0,D,4,3,0.5850478020083495,11.578469365102682,12.875969904523165,18.245275750666547,1.7551434060250486,30.355854867057165,2.1755562562716633,5.818677268699316,high
CA-34,CA,CA_2012_2020_default,assumed_stable_2012_2020,No known mid-decade statewide boundary break configured.,1,2012,2012,71.23123977523295,71.23123977523295,0.0,0.0,71.23123977523295,0.0,1,0,1.0,0.0,0.0,0.0,0,1,0,D,1,0,,,,,,,,,insufficient_single_cycle
CA-36,CA,CA_2012_2020_default,assumed_stable_2012_2020,No known mid-decade statewide boundary break configured.,5,2012,2020,15.413350541608583,18.033119492966456,7.081358100708014,6.074748805567182,15.413350541608583,18.229189319759534,5,0,1.0,0.0,0.4,0.4,0,5,0,D,5,4,3.7000554295778585,6.73742983236145,7.795453076837242,15.739683057850467,14.800221718311432,15.413350541608581,3.926537768890616,4.394341230425107,high
CA-37,CA,CA_2012_2020_default,assumed_stable_2012_2020,No known mid-decade statewide boundary break configured.,4,2012,2020,72.8571675290896,72.3574511258245,3.443249009930902,2.1361451445793094,72.8571675290896,9.588426078889398,4,0,1.0,0.0,0.0,0.0,0,4,0,D,4,3,-0.3183400374960854,6.710624090089017,7.05251147220343,9.588426078889398,-0.9550201124882562,72.8571675290896,0.7678385853912899,3.2221147576321516,high
CA-38,CA,CA_2012_2020_default,assumed_stable_2012_2020,No known mid-decade statewide boundary break configured.,4,2012,2018,32.98250442072444,36.39653879213342,8.795141656161213,2.9335384991075806,32.98250442072444,22.776257726575672,4,0,1.0,0.0,0.0,0.0,0,4,0,D,4,3,0.8713445851635271,14.312827232553587,16.461904255102763,22.776257726575672,2.6140337554905813,32.98250442072443,3.0618358993047425,8.101602798774026,high
CA-39,CA,CA_2012_2020_default,assumed_stable_2012_2020,No known mid-decade statewide boundary break configured.,5,2012,2020,-13.04159495258941,-14.460858739220212,14.057785022716006,13.265628026823148,14.287293479142951,40.2041318483786,1,4,0.2,0.4,0.4,0.6,2,1,3,R,1,4,3.595253845830455,16.506812078358845,17.682350271495775,22.629026792774532,14.38101538332182,-13.041594952589408,6.8966162615022215,10.123966022664469,high
CA-41,CA,CA_2012_2020_default,assumed_stable_2012_2020,No known mid-decade statewide boundary break configured.,5,2012,2020,23.876819593837695,28.060387016182165,6.946282610338106,2.1390740299657587,23.876819593837695,16.913422727533955,5,0,1.0,0.0,0.0,0.2,0,5,0,D,5,4,2.5312309284358134,5.925480435331164,8.318163242710527,16.61670996719154,10.124923713743254,23.87681959383769,3.7163270155020474,4.541879471142412,high
CA-42,CA,CA_2012_2020_default,assumed_stable_2012_2020,No known mid-decade statewide boundary break configured.,5,2012,2020,-19.51421607324736,-17.64423606412939,6.623879306849791,3.543777725316378,19.51421607324736,18.476801219522308,0,5,0.0,0.0,0.0,0.4,0,0,5,R,5,4,1.730814889921767,7.507585719839387,8.779735710717471,13.831202687083238,6.923259559687068,-19.514216073247354,3.2323320338896413,4.79372885310533,high
CA-45,CA,CA_2012_2020_default,assumed_stable_2012_2020,No known mid-decade statewide boundary break configured.,5,2012,2020,-10.64939843145879,-16.916015018875903,14.082274914703591,13.325479867620274,15.06140687044101,37.16950117175738,2,3,0.4,0.2,0.4,0.4,1,2,3,D,2,4,5.961005326034278,12.623745259844416,12.903098450588336,21.221518161571773,23.84402130413711,-10.649398431458788,8.203155230696476,7.982916465520868,high
CA-46,CA,CA_2012_2020_default,assumed_stable_2012_2020,No known mid-decade statewide boundary break configured.,4,2012,2020,30.736649744936145,32.62856398365679,7.752878636110878,5.271222890827552,30.736649744936145,18.89453612675613,4,0,1.0,0.0,0.0,0.0,0,4,0,D,4,3,3.2526707971455573,9.343686620691862,11.483853046457615,18.89453612675613,9.758012391436672,30.736649744936138,3.841056090962947,4.819008965695704,high
CA-47,CA,CA_2012_2020_default,assumed_stable_2012_2020,No known mid-decade statewide boundary break configured.,5,2012,2020,21.759004673138186,26.54375897160877,7.599259578899162,3.1672383319978827,21.759004673138186,17.732066995665,5,0,1.0,0.0,0.0,0.4,0,5,0,D,5,4,3.3563282443716806,5.509705253460819,7.2551450437029805,15.46396048047016,13.425312977486724,21.75900467313818,4.458269295063848,4.242218279729666,high
CA-48,CA,CA_2012_2020_default,assumed_stable_2012_2020,No known mid-decade statewide boundary break configured.,5,2012,2020,-12.371312455901625,-16.63947052373244,13.010944172363866,11.604472380812883,15.212906289026865,35.34792748735842,1,4,0.2,0.2,0.4,0.4,2,1,3,R,1,4,4.959298544539718,12.71466519913949,13.459585748945281,23.743455106545536,19.83719417815887,-12.371312455901624,7.502231584367614,7.531116169958023,high
CA-49,CA,CA_2012_2020_default,assumed_stable_2012_2020,No known mid-decade statewide boundary break configured.,5,2012,2020,-3.6177611905655676,-0.5226419048540246,12.798245659083246,13.360658377755085,11.256628783694882,33.17612683074883,2,3,0.4,0.2,0.4,0.6,1,2,3,D,2,4,5.646093795717891,10.941969619656524,11.214178528914658,19.81546845299374,22.58437518287156,-3.6177611905655667,7.834487719649191,6.405989095492988,high
CA-50,CA,CA_2012_2020_default,assumed_stable_2012_2020,No known mid-decade statewide boundary break configured.,5,2012,2020,-23.203925617449006,-26.902529418195027,15.20135064778857,15.497612985761766,23.203925617449006,38.969173619075534,0,5,0.0,0.2,0.4,0.4,0,0,5,R,5,4,6.868297278452777,12.61628953108499,12.958720943998623,23.471560633313768,27.47318911381111,-23.203925617449002,9.391555184669773,7.394487402357683,high
CA-51,CA,CA_2012_2020_default,assumed_stable_2012_2020,No known mid-decade statewide boundary break configured.,5,2012,2020,41.01082105936668,42.4019034246041,3.3791309822710596,3.1064063526658003,41.01082105936668,8.8987988527823,5,0,1.0,0.0,0.0,0.0,0,5,0,D,5,4,-1.5864646633874404,5.551113755805185,5.588226142613866,7.929298184835488,-6.345858653549762,41.01082105936668,-0.7868825474929815,3.1906359723801256,high
CA-52,CA,CA_2012_2020_default,assumed_stable_2012_2020,No known mid-decade statewide boundary break configured.,5,2012,2020,13.886777059755186,13.05136969213113,10.24452572120955,10.100246343380038,13.886777059755186,25.33139689460472,5,0,1.0,0.4,0.4,0.6,0,5,0,D,5,4,5.197183857480408,7.468514589821953,7.503876944365671,14.642907808063127,20.78873542992163,13.886777059755186,6.609800689468766,4.191822627869704,high
CA-53,CA,CA_2012_2020_default,assumed_stable_2012_2020,No known mid-decade statewide boundary break configured.,4,2012,2018,28.175698496920543,28.44074841553803,8.247993933433145,7.642591955806612,28.175698496920543,20.475048743972025,4,0,1.0,0.0,0.0,0.0,0,4,0,D,4,3,5.0950613038710735,8.554971192110276,8.818190419052728,16.34538358608318,15.28518391161322,28.17569849692054,6.220093532092285,4.434799825356229,high
CO-1,CO,CO_2012_2020_default,assumed_stable_2012_2020,No known mid-decade statewide boundary break configured.,5,2012,2020,43.86833479520887,41.458315384394474,5.577669299232019,4.617665316529454,43.86833479520887,13.92552619189646,5,0,1.0,0.0,0.0,0.0,0,5,0,D,5,4,2.1643469572725422,4.798416138675687,5.623729524495932,10.605347209222742,8.657387829090169,43.86833479520886,3.1240301850076837,3.404594780281079,high
CO-2,CO,CO_2012_2020_default,assumed_stable_2012_2020,No known mid-decade statewide boundary break configured.,5,2012,2020,20.601725608823408,19.718266741305715,5.096003656950948,6.2320189273468465,20.601725608823408,13.151762097469927,5,0,1.0,0.0,0.0,0.2,0,5,0,D,5,4,2.2381078005184483,4.337773248216515,4.4757123014833295,6.9197431701230805,8.952431202073793,20.601725608823404,3.105662450161752,2.5843712509947285,high
CO-3,CO,CO_2012_2020_default,assumed_stable_2012_2020,No known mid-decade statewide boundary break configured.,5,2012,2020,-12.592827306828099,-12.28865908128796,5.645211785839502,4.323199176294043,12.592827306828099,16.10776339319461,0,5,0.0,0.0,0.4,0.8,0,0,5,R,5,4,1.5283244091919213,6.525557287405382,7.031569609870907,9.994465756426923,6.113297636767685,-12.592827306828097,2.654426020625632,4.216214072960757,high
CO-4,CO,CO_2012_2020_default,assumed_stable_2012_2020,No known mid-decade statewide boundary break configured.,5,2012,2020,-26.7521016828328,-23.502284748488236,5.8104044090305385,2.2636962890935735,26.7521016828328,14.210807192369515,0,5,0.0,0.0,0.0,0.0,0,0,5,R,5,4,-0.4564800018537847,7.561883598038542,8.946564439859788,13.77303091069108,-1.8259200074151387,-26.752101682832794,1.0558967177539211,5.615243862857116,high
CO-6,CO,CO_2012_2020_default,assumed_stable_2012_2020,No known mid-decade statewide boundary break configured.,5,2012,2020,1.8227525519346641,-2.04161976472235,10.540368211466085,6.864471973086939,9.523047406469345,26.038731603889985,2,3,0.4,0.2,0.6,0.8,1,2,3,D,2,4,4.793564907700762,8.22580089424423,9.643684029815061,19.534885663734393,19.174259630803043,1.8227525519346637,5.848647102934471,6.533453616882666,high
CO-7,CO,CO_2012_2020_default,assumed_stable_2012_2020,No known mid-decade statewide boundary break configured.,5,2012,2020,16.958935923649655,15.384105411452722,5.522444698036437,5.238197845586251,16.958935923649655,14.861340826173906,5,0,1.0,0.0,0.0,0.4,0,5,0,D,5,4,2.201038141422694,5.22963227166426,5.463772957570023,9.623142980587655,8.804152565690776,16.958935923649655,3.246964595755547,3.0678717819835297,high
CT-1,CT,CT_2012_2020_default,assumed_stable_2012_2020,No known mid-decade statewide boundary break configured.,5,2012,2020,27.442901116024736,25.99568586722058,5.063724962384554,0.41350158181895935,27.442901116024736,14.796957682995664,5,0,1.0,0.0,0.0,0.0,0,5,0,D,5,4,-2.794709164954848,4.810520467452464,7.087895221834958,14.796957682995664,-11.178836659819392,27.442901116024732,-1.9182674608013663,4.275723376498741,high
CT-2,CT,CT_2012_2020_default,assumed_stable_2012_2020,No known mid-decade statewide boundary break configured.,5,2012,2020,23.906038937051285,22.54335659981876,5.262935694422613,0.40687969402064184,23.906038937051285,15.673387791966217,5,0,1.0,0.0,0.0,0.0,0,5,0,D,5,4,-3.9183469479915543,4.2141371152277225,4.897779973836607,11.761368959869529,-15.673387791966217,23.906038937051278,-3.093989588991177,2.924542523208721,high
CT-3,CT,CT_2012_2020_default,assumed_stable_2012_2020,No known mid-decade statewide boundary break configured.,5,2012,2020,29.102735660949087,28.84409280791087,7.977421233857353,3.849920982230639,29.102735660949087,24.260988521909727,5,0,1.0,0.0,0.0,0.0,0,5,0,D,5,4,-6.065247130477432,7.237019311493827,5.637290245007491,13.530289703649338,-24.260988521909727,29.102735660949083,-5.237189802605006,2.9636017757752766,high
CT-4,CT,CT_2012_2020_default,assumed_stable_2012_2020,No known mid-decade statewide boundary break configured.,5,2012,2020,18.963620920324523,21.419276647317727,6.851804454428639,4.441919031243135,18.963620920324523,19.369408056139093,5,0,1.0,0.0,0.2,0.2,0,5,0,D,5,4,2.25696633235013,7.427737695719418,8.883234333634974,14.78346175798171,9.02786532940052,18.963620920324523,3.5200348272884217,4.70807114549911,high
CT-5,CT,CT_2012_2020_default,assumed_stable_2012_2020,No known mid-decade statewide boundary break configured.,5,2012,2020,8.278819249951876,9.100662615442715,3.2482060704806317,2.6065533520074755,8.278819249951876,9.43163044417589,5,0,1.0,0.2,0.6,1.0,0,5,0,D,5,4,1.5110053347113692,3.2048098873765754,3.3516745623346345,5.994162457337888,6.044021338845477,8.278819249951876,1.5848344787766786,2.351051259770517,high
DE-AL,DE,DE_2012_2020_default,assumed_stable_2012_2020,No known mid-decade statewide boundary break configured.,5,2012,2020,22.868324783984935,22.496189830625557,6.341062296514928,6.411750079278988,22.868324783984935,16.40583236443163,5,0,1.0,0.0,0.0,0.2,0,5,0,D,5,4,-3.390533427087989,10.56317618889305,10.329710176152641,14.345285523610125,-13.562133708351954,22.868324783984928,-2.0712517337424905,5.623957997640151,high
FL-1,FL,FL_2012_2014,stable_within_regime,Pre-remedial Florida congressional map,2,2012,2014,-44.625498044247884,-44.625498044247884,2.1615319502707564,2.1615319502707564,44.625498044247884,4.323063900541513,0,2,0.0,0.0,0.0,0.0,0,0,2,R,2,1,-4.323063900541513,4.323063900541513,0.0,4.323063900541513,-4.323063900541513,-44.62549804424788,-4.323063900541513,7.105427357601002e-15,low
FL-2,FL,FL_2012_2014,stable_within_regime,Pre-remedial Florida congressional map,2,2012,2014,-2.16285018426713,-2.16285018426713,3.297448630900167,3.297448630900167,3.297448630900167,6.594897261800334,1,1,0.5,0.5,1.0,1.0,1,1,1,D,1,1,6.594897261800334,6.594897261800334,0.0,6.594897261800334,6.594897261800334,-2.1628501842671284,6.594897261800334,1.6690311775283582e-15,low
FL-3,FL,FL_2012_2014,stable_within_regime,Pre-remedial Florida congressional map,2,2012,2014,-32.47582258124994,-32.47582258124994,0.206895318832661,0.206895318832661,32.47582258124994,0.413790637665322,0,2,0.0,0.0,0.0,0.0,0,0,2,R,2,1,-0.413790637665322,0.413790637665322,0.0,0.413790637665322,-0.413790637665322,-32.47582258124993,-0.4137906376653272,1.1234667099445444e-14,low
FL-5,FL,FL_2012_2014,stable_within_regime,Pre-remedial Florida congressional map,2,2012,2014,37.72477469150891,37.72477469150891,6.774822192048024,6.774822192048024,37.72477469150891,13.549644384096048,2,0,1.0,0.0,0.0,0.0,0,2,0,D,2,1,-13.549644384096048,13.549644384096048,0.0,13.549644384096048,-13.549644384096048,37.7247746915089,-13.549644384096048,1.2560739669470201e-14,low
FL-6,FL,FL_2012_2014,stable_within_regime,Pre-remedial Florida congressional map,2,2012,2014,-19.76790169947583,-19.76790169947583,5.321163333987042,5.321163333987042,19.76790169947583,10.642326667974084,0,2,0.0,0.0,0.0,0.5,0,0,2,R,2,1,-10.642326667974084,10.642326667974084,0.0,10.642326667974084,-10.642326667974084,-19.76790169947582,-10.642326667974087,6.764165321960921e-15,low
FL-7,FL,FL_2012_2014,stable_within_regime,Pre-remedial Florida congressional map,2,2012,2014,-24.43781188626851,-24.43781188626851,7.020957989239935,7.020957989239935,24.43781188626851,14.04191597847987,0,2,0.0,0.0,0.0,0.0,0,0,2,R,2,1,-14.04191597847987,14.04191597847987,0.0,14.04191597847987,-14.04191597847987,-24.437811886268506,-14.04191597847987,3.552713678800501e-15,low
FL-8,FL,FL_2012_2014,stable_within_regime,Pre-remedial Florida congressional map,2,2012,2014,-26.531993661492095,-26.531993661492095,5.16195161614503,5.16195161614503,26.531993661492095,10.32390323229006,0,2,0.0,0.0,0.0,0.0,0,0,2,R,2,1,-10.32390323229006,10.32390323229006,0.0,10.32390323229006,-10.32390323229006,-26.53199366149209,-10.32390323229006,2.5121479338940403e-15,low
FL-9,FL,FL_2012_2014,stable_within_regime,Pre-remedial Florida congressional map,2,2012,2014,17.94973267230846,17.94973267230846,7.087518936240645,7.087518936240645,17.94973267230846,14.17503787248129,2,0,1.0,0.0,0.0,0.5,0,2,0,D,2,1,-14.17503787248129,14.17503787248129,0.0,14.17503787248129,-14.17503787248129,17.94973267230845,-14.175037872481287,1.1849778104645678e-14,low
FL-10,FL,FL_2012_2014,stable_within_regime,Pre-remedial Florida congressional map,2,2012,2014,-13.28502303689649,-13.28502303689649,9.805262205649967,9.805262205649967,13.28502303689649,19.610524411299934,0,2,0.0,0.5,0.5,0.5,0,0,2,R,2,1,-19.610524411299934,19.610524411299934,0.0,19.610524411299934,-19.610524411299934,-13.285023036896487,-19.610524411299938,4.39625888431457e-15,low
FL-11,FL,FL_2012_2014,stable_within_regime,Pre-remedial Florida congressional map,2,2012,2014,-31.135908029102104,-31.135908029102104,2.181755966432135,2.181755966432135,31.135908029102104,4.36351193286427,0,2,0.0,0.0,0.0,0.0,0,0,2,R,2,1,-4.36351193286427,4.36351193286427,0.0,4.36351193286427,-4.36351193286427,-31.1359080291021,-4.363511932864269,5.617333549722722e-15,low
FL-12,FL,FL_2012_2014,stable_within_regime,Pre-remedial Florida congressional map,1,2012,2012,-30.54030233185025,-30.54030233185025,0.0,0.0,30.54030233185025,0.0,0,1,0.0,0.0,0.0,0.0,0,0,1,R,1,0,,,,,,,,,insufficient_single_cycle
FL-13,FL,FL_2012_2014,stable_within_regime,Pre-remedial Florida congressional map,1,2012,2012,-15.139958766893276,-15.139958766893276,0.0,0.0,15.139958766893276,0.0,0,1,0.0,0.0,0.0,0.0,0,0,1,R,1,0,,,,,,,,,insufficient_single_cycle
FL-14,FL,FL_2012_2014,stable_within_regime,Pre-remedial Florida congressional map,1,2012,2012,40.499142911108656,40.499142911108656,0.0,0.0,40.499142911108656,0.0,1,0,1.0,0.0,0.0,0.0,0,1,0,D,1,0,,,,,,,,,insufficient_single_cycle
FL-16,FL,FL_2012_2014,stable_within_regime,Pre-remedial Florida congressional map,2,2012,2014,-15.190761755345145,-15.190761755345145,7.96654697117207,7.96654697117207,15.190761755345145,15.93309394234414,0,2,0.0,0.0,0.5,0.5,0,0,2,R,2,1,-15.93309394234414,15.93309394234414,0.0,15.93309394234414,-15.93309394234414,-15.190761755345138,-15.933093942344144,7.562566735475685e-15,low
FL-17,FL,FL_2012_2014,stable_within_regime,Pre-remedial Florida congressional map,2,2012,2014,-21.865910919253444,-21.865910919253444,4.60488762916537,4.60488762916537,21.865910919253444,9.20977525833074,0,2,0.0,0.0,0.0,0.0,0,0,2,R,2,1,-9.20977525833074,9.20977525833074,0.0,9.20977525833074,-9.20977525833074,-21.865910919253434,-9.209775258330744,9.057678187205881e-15,low
FL-18,FL,FL_2012_2014,stable_within_regime,Pre-remedial Florida congressional map,2,2012,2014,10.07225508384726,10.07225508384726,9.496445729969468,9.49644572996947,10.07225508384726,18.99289145993894,2,0,1.0,0.5,0.5,0.5,0,2,0,D,2,1,18.99289145993894,18.99289145993894,0.0,18.99289145993894,18.99289145993894,10.07225508384726,18.99289145993894,7.850462293418876e-16,low
FL-19,FL,FL_2012_2014,stable_within_regime,Pre-remedial Florida congressional map,2,2012,2014,-28.982592493421226,-28.982592493421226,2.8288317493712754,2.8288317493712754,28.982592493421226,5.657663498742551,0,2,0.0,0.0,0.0,0.0,0,0,2,R,2,1,-5.657663498742551,5.657663498742551,0.0,5.657663498742551,-5.657663498742551,-28.982592493421222,-5.65766349874255,3.552713678800501e-15,low
FL-22,FL,FL_2012_2014,stable_within_regime,Pre-remedial Florida congressional map,2,2012,2014,12.66014094665951,12.66014094665951,3.406329510914902,3.406329510914902,12.66014094665951,6.812659021829804,2,0,1.0,0.0,0.5,0.5,0,2,0,D,2,1,6.812659021829804,6.812659021829804,0.0,6.812659021829804,6.812659021829804,12.660140946659505,6.812659021829806,4.5288390936029406e-15,low
FL-23,FL,FL_2012_2014,stable_within_regime,Pre-remedial Florida congressional map,2,2012,2014,26.48418752454764,26.48418752454764,1.1486048364878307,1.1486048364878307,26.48418752454764,2.2972096729756615,2,0,1.0,0.0,0.0,0.0,0,2,0,D,2,1,-2.2972096729756615,2.2972096729756615,0.0,2.2972096729756615,-2.2972096729756615,26.484187524547632,-2.2972096729756593,7.105427357601002e-15,low
FL-26,FL,FL_2012_2014,stable_within_regime,Pre-remedial Florida congressional map,2,2012,2014,3.847643794628989,3.847643794628989,6.7762962426105435,6.7762962426105435,6.776296242610543,13.552592485221085,1,1,0.5,0.5,0.5,1.0,1,1,1,R,1,1,-13.552592485221085,13.552592485221085,0.0,13.552592485221085,-13.552592485221085,3.847643794628986,-13.552592485221087,2.808666774861361e-15,low
FL-27,FL,FL_2012_2014,stable_within_regime,Pre-remedial Florida congressional map,1,2012,2012,-23.22968575537318,-23.22968575537318,0.0,0.0,23.22968575537318,0.0,0,1,0.0,0.0,0.0,0.0,0,0,1,R,1,0,,,,,,,,,insufficient_single_cycle
GA-1,GA,GA_2012_2020_default,assumed_stable_2012_2020,No known mid-decade statewide boundary break configured.,4,2012,2020,-19.98981079058067,-19.262760213098904,4.188423259826135,3.1748821894519557,19.98981079058067,10.479090790600035,0,4,0.0,0.0,0.0,0.0,0,0,4,R,4,3,3.0859888962769886,3.9000716307897014,3.1776304562789592,6.349764378903911,9.257966688830965,-19.989810790580666,2.4865697756565828,1.4440624226225482,high
GA-2,GA,GA_2012_2020_default,assumed_stable_2012_2020,No known mid-decade statewide boundary break configured.,5,2012,2020,21.17322843990154,19.298689624778003,3.547138352266862,1.0676268267381985,21.17322843990154,9.336237847435012,5,0,1.0,0.0,0.0,0.0,0,5,0,D,5,4,-2.334059461858753,4.40921176227292,4.802977081762388,9.257908380281446,-9.336237847435012,21.173228439901532,-1.7683178335285366,2.5156101783409013,high
GA-4,GA,GA_2012_2020_default,assumed_stable_2012_2020,No known mid-decade statewide boundary break configured.,4,2012,2020,54.10548596771886,54.566379312061954,5.126784700672681,4.357141129961214,54.10548596771886,13.017218159517213,4,0,1.0,0.0,0.0,0.0,0,4,0,D,4,3,4.339072719839071,4.339072719839071,1.5497404183333396,6.2549197377,13.017218159517213,54.10548596771886,3.3854616608260026,1.1010071775574208,high
GA-5,GA,GA_2012_2020_default,assumed_stable_2012_2020,No known mid-decade statewide boundary break configured.,3,2012,2020,69.32103770247147,68.87828606982555,0.6923346017235077,0.09215890219549294,69.32103770247147,1.5125727023287254,3,0,1.0,0.0,0.0,0.0,0,3,0,D,3,2,0.7562863511643627,0.7562863511643627,0.6641274489688698,1.4204138001332325,1.5125727023287254,69.32103770247146,0.37814317558218297,0.3130726818253404,medium
GA-6,GA,GA_2012_2020_default,assumed_stable_2012_2020,No known mid-decade statewide boundary break configured.,5,2012,2020,-14.850038629982972,-23.36497906473827,16.730028690298536,8.716121531924976,18.933037595433863,41.25904894268847,2,3,0.4,0.2,0.4,0.4,1,2,3,D,2,4,9.547389812041448,11.082134659302788,9.775880347210746,24.39452813234028,38.18955924816579,-14.850038629982963,10.948976816059684,6.335114311595906,high
GA-7,GA,GA_2012_2020_default,assumed_stable_2012_2020,No known mid-decade statewide boundary break configured.,5,2012,2020,-14.645623893965098,-20.763368840205203,13.45436733066596,10.01068985766258,15.758625423050017,33.55656252058008,1,4,0.2,0.4,0.4,0.4,1,1,4,D,1,4,6.776573009227541,10.0017082510625,9.89524681926841,20.613961299938268,27.106292036910165,-14.645623893965094,8.483723523142118,6.088749513180981,high
GA-9,GA,GA_2012_2020_default,assumed_stable_2012_2020,No known mid-decade statewide boundary break configured.,4,2012,2020,-57.4722861220832,-58.08563999337672,3.2992222534122586,2.0939423013457414,57.4722861220832,8.980661295589336,0,4,0.0,0.0,0.0,0.0,0,0,4,R,4,3,-1.5975922309659534,4.389515299426937,5.224462463536759,8.980661295589336,-4.79277669289786,-57.4722861220832,-0.724619217807196,3.093894786571108,high
GA-11,GA,GA_2012_2020_default,assumed_stable_2012_2020,No known mid-decade statewide boundary break configured.,4,2012,2020,-29.08832153261981,-29.197169515473153,6.98551417879763,6.761894937064156,29.08832153261981,16.254215182374747,0,4,0.0,0.0,0.0,0.0,0,0,4,R,4,3,5.418071727458249,5.418071727458249,4.112617548820271,11.228756497295244,16.254215182374747,-29.08832153261981,4.344452643490715,2.740427960091861,high
GA-12,GA,GA_2012_2020_default,assumed_stable_2012_2020,No known mid-decade statewide boundary break configured.,5,2012,2020,-12.205080068738212,-16.761421352535802,10.760132646735668,6.440284246277695,15.165087169667894,30.6017233511377,1,4,0.2,0.0,0.4,0.4,1,1,4,R,4,4,-6.040359776215001,9.26050189935385,9.35798016858179,16.906414097954666,-24.161439104860005,-12.205080068738207,-5.777237666312505,7.001964329331221,high
GA-13,GA,GA_2012_2020_default,assumed_stable_2012_2020,No known mid-decade statewide boundary break configured.,3,2012,2020,50.210938138580396,52.35213815228149,4.856364893807231,2.439559713945883,50.210938138580396,11.30271946899503,3,0,1.0,0.0,0.0,0.0,0,3,0,D,3,2,5.651359734497515,5.651359734497515,3.2118000205516317,8.863159755049146,11.30271946899503,50.21093813858052,2.855381417502825,0.17487799280209412,medium
GA-14,GA,GA_2012_2020_default,assumed_stable_2012_2020,No known mid-decade statewide boundary break configured.,3,2012,2020,-49.45540338707979,-49.42023567655425,2.882844031113901,3.477865517059378,49.45540338707979,7.06123416569536,0,3,0.0,0.0,0.0,0.0,0,0,3,R,3,2,-1.738932758529689,5.322301407165671,5.322301407165671,7.06123416569536,-3.477865517059378,-49.45540338707985,-1.2119921506418305,2.016737135570688,medium
HI-1,HI,HI_2012_2020_default,assumed_stable_2012_2020,No known mid-decade statewide boundary break configured.,5,2012,2020,29.79622126194817,39.53910969344549,19.45458073218599,10.486133098787327,29.79622126194817,46.21985731590126,5,0,1.0,0.2,0.4,0.4,0,5,0,D,5,4,7.626497484313473,15.483431173637156,20.89278539140527,42.77286311520784,30.505989937253894,29.796221261948165,10.723183719040906,12.18636013420473,high
HI-2,HI,HI_2012_2020_default,assumed_stable_2012_2020,No known mid-decade statewide boundary break configured.,5,2012,2020,51.77481213837372,57.822711873449464,11.21129015753622,0.7050372754933534,51.77481213837372,29.007815011225862,5,0,1.0,0.0,0.0,0.0,0,5,0,D,5,4,-7.189773355069719,7.542291992816396,10.531793390115352,25.20470383604655,-28.759093420278877,51.7748121383737,-6.061626074024367,7.22540003556096,high
IA-1,IA,IA_2012_2020_default,assumed_stable_2012_2020,No known mid-decade statewide boundary break configured.,5,2012,2020,1.5825951744099898,-2.2871976384865853,7.984130437880673,5.375597801240983,6.5759636032539746,23.002990758124188,2,3,0.4,0.4,0.8,0.8,3,1,2,R,1,4,-4.468405828073107,10.827904360818538,10.944528264334004,17.627392956883206,-17.87362331229243,1.5825951744099889,-2.8403847360334975,6.900055648450124,high
IA-2,IA,IA_2012_2020_default,assumed_stable_2012_2020,No known mid-decade statewide boundary break configured.,5,2012,2020,7.571928825871446,7.469083754918493,4.799274814213073,4.725679645771155,7.572508551419709,13.085443806035107,4,1,0.8,0.2,0.6,1.0,1,4,1,R,1,4,-3.2713609515087767,6.812116754125954,7.024156998377158,12.196212714560307,-13.085443806035107,7.571928825871442,-1.9089376006835856,3.967991080601456,high
IA-3,IA,IA_2012_2020_default,assumed_stable_2012_2020,No known mid-decade statewide boundary break configured.,5,2012,2020,-5.8756513489791,-8.625743843739821,6.446268274588784,5.106714577883238,7.280118832725672,15.896442915266407,2,3,0.4,0.4,0.6,1.0,1,2,3,D,2,4,2.4932320148657254,5.454989442767478,7.784246833872088,15.896442915266407,9.972928059462902,-5.875651348979099,3.2641063801468198,4.49951038960235,high
IA-4,IA,IA_2012_2020_default,assumed_stable_2012_2020,No known mid-decade statewide boundary break configured.,5,2012,2020,-16.088621365847324,-22.612819674876235,8.608025592651645,0.7261854515055859,16.088621365847324,20.009406817038833,0,5,0.0,0.2,0.4,0.4,0,0,5,R,5,4,-3.74247487228135,13.747178280800766,15.315150333151145,19.736193294537507,-14.9698994891254,-16.088621365847324,-0.9930392161211975,8.492693968007826,high
ID-1,ID,ID_2012_2020_default,assumed_stable_2012_2020,No known mid-decade statewide boundary break configured.,5,2012,2020,-33.93414508861272,-32.189540420050264,3.3110875408405898,2.1697092117048555,33.93414508861272,9.09167920650404,0,5,0.0,0.0,0.0,0.0,0,0,5,R,5,4,-1.730492498699796,4.9982289655690355,5.065714870868452,7.119470575957013,-6.921969994799184,-33.934145088612716,-1.581614862014543,2.4413704265471963,high
ID-2,ID,ID_2012_2020_default,assumed_stable_2012_2020,No known mid-decade statewide boundary break configured.,5,2012,2020,-28.046116583329486,-30.31925248199338,5.035654011979959,3.1999375546977333,28.046116583329486,12.178754270358784,0,5,0.0,0.0,0.0,0.0,0,0,5,R,5,4,-0.5026895051427331,10.390845816785676,10.516544493178301,12.178754270358784,-2.0107580205709326,-28.04611658332948,-0.2640257678407943,5.021791723698029,high
IL-1,IL,IL_2012_2020_default,assumed_stable_2012_2020,No known mid-decade statewide boundary break configured.,5,2012,2020,48.681218019660704,47.64842844092851,2.619023180192744,0.5435034787072794,48.681218019660704,7.568692571627359,5,0,1.0,0.0,0.0,0.0,0,5,0,D,5,4,0.0009446761520148783,3.7834016096616647,4.307599693886928,6.09645784559455,0.0037787046080595132,48.6812180196607,0.7576249980843514,2.389830777051442,high
IL-2,IL,IL_2012_2020_default,assumed_stable_2012_2020,No known mid-decade statewide boundary break configured.,5,2012,2020,55.28826265139153,57.628221904589346,7.829848821193206,1.9870190621296118,55.28826265139153,22.076442486709325,5,0,1.0,0.0,0.0,0.0,0,5,0,D,5,4,4.3983893827416285,6.639831860613034,7.827906675085573,17.017414778071526,17.593557530966514,55.28826265139152,4.024614277057087,5.376940803519902,high
IL-3,IL,IL_2012_2020_default,assumed_stable_2012_2020,No known mid-decade statewide boundary break configured.,4,2012,2020,31.48462920981585,33.04552584609724,12.548481427467394,8.982785991552388,31.48462920981585,34.33255222601355,4,0,1.0,0.0,0.0,0.25,0,4,0,D,4,3,-8.069719509410113,20.046767498146632,21.351226041371127,34.33255222601355,-24.209158528230336,31.484629209815854,-3.0452745073355896,11.587930966006144,high
IL-4,IL,IL_2012_2020_default,assumed_stable_2012_2020,No known mid-decade statewide boundary break configured.,4,2012,2020,65.89463166392324,67.05728457097709,6.1242231918037255,3.581707758965166,65.89463166392324,16.87665468081085,4,0,1.0,0.0,0.0,0.0,0,4,0,D,4,3,0.7002626610884212,10.550840459452147,11.594935423448977,16.87665468081085,2.1007879832652634,65.8946316639232,2.1078230647341423,5.1379776685446545,high
IL-5,IL,IL_2012_2020_default,assumed_stable_2012_2020,No known mid-decade statewide boundary break configured.,5,2012,2020,41.51787061888436,40.36031671150438,7.0157943919662165,3.7785707164928866,41.51787061888436,20.716145336292286,5,0,1.0,0.0,0.0,0.0,0,5,0,D,5,4,1.7476893061536458,8.610383361992497,8.958526059720008,12.968765332410484,6.990757224614583,41.51787061888435,3.4697659785521484,5.014261566622623,high
IL-6,IL,IL_2012_2020_default,assumed_stable_2012_2020,No known mid-decade statewide boundary break configured.,5,2012,2020,-11.325411454721499,-18.44270212093987,16.24359027231655,15.828005558995798,17.139164497002067,41.65457958015976,2,3,0.4,0.0,0.4,0.4,1,2,3,D,2,4,6.45664350529099,14.37064628478889,15.7279182725478,25.5985407839107,25.82657402116396,-11.325411454721497,9.307436642774089,9.51827038995999,high
IL-7,IL,IL_2012_2020_default,assumed_stable_2012_2020,No known mid-decade statewide boundary break configured.,5,2012,2020,70.92428268293479,70.19058800294056,3.07874428670602,3.1237639818911873,70.92428268293479,8.163334805800531,5,0,1.0,0.0,0.0,0.0,0,5,0,D,5,4,-1.6469829643119063,5.022519034968273,5.392042620797656,8.163334805800531,-6.587931857247625,70.92428268293479,-0.813629289058584,2.8556402334497575,high
IL-8,IL,IL_2012_2020_default,assumed_stable_2012_2020,No known mid-decade statewide boundary break configured.,4,2012,2018,17.379086371524128,14.041281269743573,8.80775411374845,3.572763608556924,17.379086371524128,22.465124864091347,4,0,1.0,0.0,0.25,0.5,0,4,0,D,4,3,7.4883749546971154,7.4883749546971154,5.690348100783821,15.319597646977499,22.465124864091347,17.379086371524128,7.25725245695326,3.426644276593367,high
IL-9,IL,IL_2012_2020_default,assumed_stable_2012_2020,No known mid-decade statewide boundary break configured.,5,2012,2020,37.3393942950236,32.958146249556506,6.038007902676422,0.8119761863098418,37.3393942950236,14.826287410638393,5,0,1.0,0.0,0.0,0.0,0,5,0,D,5,4,2.3271538988557907,5.085989806463406,7.084100684379301,14.014311224328551,9.308615595423163,37.339394295023595,3.3443518601484747,3.7534198677773607,high
IL-10,IL,IL_2012_2020_default,assumed_stable_2012_2020,No known mid-decade statewide boundary break configured.,5,2012,2020,12.562287535709379,5.209863075008042,14.06523364603612,7.804878251785435,13.600293606420337,33.77525182746623,4,1,0.8,0.4,0.6,0.6,2,3,1,D,3,4,6.625245459080301,10.262380454652813,12.10734650757209,25.970373575680792,26.500981836321202,12.562287535709375,8.677721550010864,6.872051725543157,high
IL-11,IL,IL_2012_2020_default,assumed_stable_2012_2020,No known mid-decade statewide boundary break configured.,5,2012,2020,19.84695878531733,20.895733616863772,7.515024188761445,5.70027063849691,19.84695878531733,20.757723684101958,5,0,1.0,0.0,0.2,0.2,0,5,0,D,5,4,2.364606954636293,8.014254887414687,9.005462914615764,13.971855650141414,9.458427818545172,19.846958785317323,3.9674579321192316,4.999414332839198,high
IL-12,IL,IL_2012_2020_default,assumed_stable_2012_2020,No known mid-decade statewide boundary break configured.,5,2012,2020,-8.661909585968196,-10.574144885523843,10.029974121062297,4.395428575012761,12.228034166078675,29.77717934765102,1,4,0.2,0.0,0.4,0.8,1,1,4,R,4,4,-7.444294836912755,11.66000182501093,10.737104662208734,19.489456335800043,-29.77717934765102,-8.661909585968194,-5.515893012028929,6.3047783013267225,high
IL-13,IL,IL_2012_2020_default,assumed_stable_2012_2020,No known mid-decade statewide boundary break configured.,5,2012,2020,-9.333489027676595,-8.925863534131482,7.976699199231419,8.385999196046575,9.333489027676595,18.989514827261768,0,5,0.0,0.4,0.6,0.6,0,0,5,R,5,4,-2.14637323275243,11.431584527660116,13.08842030071172,18.570422589815372,-8.58549293100972,-9.333489027676595,-0.0618585972409556,7.976219476852046,high
IL-14,IL,IL_2012_2020_default,assumed_stable_2012_2020,No known mid-decade statewide boundary break configured.,5,2012,2020,-12.145874809222345,-17.635798830285406,13.393293342837337,13.191722206478307,14.683352373615374,35.83123908426724,2,3,0.4,0.2,0.4,0.4,1,2,3,D,2,4,4.743943673441114,13.171675868692503,14.180041379201718,23.613466137548695,18.975774693764457,-12.14587480922234,7.3782788471796135,8.396565314092104,high
IL-15,IL,IL_2012_2020_default,assumed_stable_2012_2020,No known mid-decade statewide boundary break configured.,4,2012,2020,-43.9514273015113,-44.37360807176684,4.827269410003973,3.995619460833627,43.9514273015113,12.634197293733386,0,4,0.0,0.0,0.0,0.0,0,0,4,R,4,3,-3.226654000896479,8.55414661534131,8.517048749626793,12.634197293733386,-9.679962002689436,-43.95142730151129,-1.1368685083711632,4.4801065772417665,high
IL-16,IL,IL_2012_2020_default,assumed_stable_2012_2020,No known mid-decade statewide boundary break configured.,4,2012,2020,-28.13780346209999,-26.52992903888923,8.53724277737183,5.591457069958919,28.13780346209999,22.993749985416766,0,4,0.0,0.0,0.0,0.0,0,0,4,R,4,3,-1.934525329087317,17.26369198603183,17.821433224445343,22.993749985416766,-5.803575987261951,-28.137803462099992,1.1386598010892854,8.34524708341495,high
IL-17,IL,IL_2012_2020_default,assumed_stable_2012_2020,No known mid-decade statewide boundary break configured.,5,2012,2020,13.266688947658087,10.922397058602234,7.857548358064515,6.871645962385225,13.266688947658087,20.136078879103888,5,0,1.0,0.2,0.4,0.6,0,5,0,D,5,4,-0.6266735552026566,9.441365884349288,11.507178441879878,20.136078879103888,-2.5066942208106244,13.266688947658084,0.8251044475097425,7.770422864987571,high
IL-18,IL,IL_2012_2020_default,assumed_stable_2012_2020,No known mid-decade statewide boundary break configured.,5,2012,2020,-43.46437379904761,-44.26821929089533,5.439530865123192,4.059456200790827,43.46437379904761,14.972195044349235,0,5,0.0,0.0,0.0,0.0,0,0,5,R,5,4,1.876919397285647,5.60917812488897,6.130044892422615,9.801328658013475,7.507677589142588,-43.46437379904759,2.9987550222634374,3.406381168561064,high
IN-1,IN,IN_2012_2020_default,assumed_stable_2012_2020,No known mid-decade statewide boundary break configured.,4,2012,2020,26.4864361861658,27.594655741035176,6.840695990061896,4.7811779843986475,26.4864361861658,18.37636059048598,4,0,1.0,0.0,0.0,0.0,0,4,0,D,4,3,-6.125453530161994,9.579606574552727,8.197292817953022,13.995234188274786,-18.37636059048598,26.486436186165804,-3.157149161438585,4.677194090426223,high
IN-2,IN,IN_2012_2020_default,assumed_stable_2012_2020,No known mid-decade statewide boundary break configured.,5,2012,2020,-15.417161473756735,-20.65633608815427,8.499571230605383,2.3313920005893323,15.417161473756735,21.554324669783917,0,5,0.0,0.2,0.4,0.4,0,0,5,R,5,4,-5.388581167445979,11.721687787434895,12.185708770224448,19.222932669194584,-21.554324669783917,-15.417161473756732,-3.2123376517887725,7.183626154382973,high
IN-3,IN,IN_2012_2020_default,assumed_stable_2012_2020,No known mid-decade statewide boundary break configured.,5,2012,2020,-37.08068587348887,-35.679706278722094,5.899349196019793,3.381943126827899,37.08068587348887,17.675145681123936,0,5,0.0,0.0,0.0,0.0,0,0,5,R,5,4,-0.39948836603001503,9.237061206591983,10.4929797625688,17.675145681123936,-1.5979534641200601,-37.08068587348886,0.64131548835867,5.829215198065854,high
IN-4,IN,IN_2012_2020_default,assumed_stable_2012_2020,No known mid-decade statewide boundary break configured.,5,2012,2020,-31.4052793961267,-33.24727116966752,2.8310337476544687,0.8690950412504108,31.4052793961267,6.3227951706194006,0,5,0.0,0.0,0.0,0.0,0,0,5,R,5,4,-1.3634250323422474,4.36158268386588,4.754263981701413,5.996315303047265,-5.45370012936899,-31.405279396126694,-0.5278313514729825,2.730849722918294,high
IN-5,IN,IN_2012_2020_default,assumed_stable_2012_2020,No known mid-decade statewide boundary break configured.,5,2012,2020,-19.985459625817874,-20.76530107181747,10.530062340399779,7.241937145681588,19.985459625817874,30.31014903542363,0,5,0.0,0.2,0.2,0.4,0,0,5,R,5,4,4.1710862631829215,10.983988254528896,10.530441158129781,13.643208131404927,16.684345052731683,-19.985459625817864,5.423643123383687,7.214596553727126,high
IN-6,IN,IN_2012_2020_default,assumed_stable_2012_2020,No known mid-decade statewide boundary break configured.,5,2012,2020,-34.958652305038434,-36.54970948791199,6.794499452326153,5.593171920583693,34.958652305038434,18.485406448441584,0,5,0.0,0.0,0.0,0.0,0,0,5,R,5,4,-4.23465776280801,9.976255031744362,9.383535273916783,12.59538383115257,-16.93863105123204,-34.95865230503843,-2.8284090181880437,5.492306224103452,high
IN-7,IN,IN_2012_2020_default,assumed_stable_2012_2020,No known mid-decade statewide boundary break configured.,5,2012,2020,23.510145470865716,24.870473655898756,5.604648796277549,0.8298558653262873,23.510145470865716,16.75951758726576,5,0,1.0,0.0,0.0,0.2,0,5,0,D,5,4,-0.20746396633157183,8.587222759964451,9.26432190920615,12.73411685609646,-0.8298558653262873,23.510145470865716,1.5099805856613195,5.181892066751986,high
IN-8,IN,IN_2012_2020_default,assumed_stable_2012_2020,No known mid-decade statewide boundary break configured.,5,2012,2020,-26.550185662277535,-28.859434035637825,9.1135885699131,4.366540827220582,26.550185662277535,26.816167947594955,0,5,0.0,0.0,0.0,0.2,0,0,5,R,5,4,-6.704041986898739,8.280744774110483,6.255191390316,14.20809645357908,-26.816167947594955,-26.550185662277528,-5.799887672241051,3.9724177273322225,high
IN-9,IN,IN_2012_2020_default,assumed_stable_2012_2020,No known mid-decade statewide boundary break configured.,5,2012,2020,-18.751333405109364,-13.679714288369269,7.699311899270841,2.7856234707423333,18.751333405109364,17.6136851988248,0,5,0.0,0.0,0.0,0.6,0,0,5,R,5,4,-4.204086629424226,11.975650353762578,13.013123651781758,17.6136851988248,-16.816346517696903,-18.75133340510936,-1.8089565586717125,7.261870011225124,high
KS-2,KS,KS_2012_2020_default,assumed_stable_2012_2020,No known mid-decade statewide boundary break configured.,5,2012,2020,-16.091123730390596,-18.292375680074084,8.900629873721469,3.7780067105068635,16.091123730390596,27.529255185063246,0,5,0.0,0.2,0.2,0.4,0,0,5,R,5,4,0.9445016776267159,12.820125914904906,16.125186026539733,27.529255185063246,3.7780067105068635,-16.091123730390596,2.5137927468873285,8.15983481452758,high
KS-4,KS,KS_2012_2020_default,assumed_stable_2012_2020,No known mid-decade statewide boundary break configured.,5,2012,2020,-28.23995316426483,-30.63625338905153,5.062835549494589,2.6858702411627853,28.23995316426483,14.449309004328935,0,5,0.0,0.0,0.0,0.0,0,0,5,R,5,4,0.832831643685263,6.3918228584792045,7.57061917175431,12.190832735977068,3.331326574741052,-28.239953164264822,2.1111962153811006,4.088765691690733,high
KY-1,KY,KY_2012_2020_default,assumed_stable_2012_2020,No known mid-decade statewide boundary break configured.,5,2012,2020,-43.58164592803408,-45.23362798117732,4.700771306638369,4.752063253943085,43.58164592803408,12.809574971615291,0,5,0.0,0.0,0.0,0.0,0,0,5,R,5,4,-2.679686203114171,7.21455194021352,7.905938999350218,12.809574971615291,-10.718744812456684,-43.58164592803406,-1.236775815071473,4.363258191285869,high
KY-2,KY,KY_2012_2020_default,assumed_stable_2012_2020,No known mid-decade statewide boundary break configured.,4,2012,2020,-37.8244198979169,-37.008939756814996,4.465876397708173,2.894614064186598,37.8244198979169,12.116674384988102,0,4,0.0,0.0,0.0,0.0,0,0,4,R,4,3,-4.0388914616627005,5.854693085773296,4.963838475235183,9.0511486927808,-12.116674384988102,-37.8244198979169,-2.150964633381031,2.894379011889588,high
KY-3,KY,KY_2012_2020_default,assumed_stable_2012_2020,No known mid-decade statewide boundary break configured.,5,2012,2020,27.035561444515217,26.99839160044724,1.533055371419151,1.4989656532600968,27.035561444515217,4.0901754743811445,5,0,1.0,0.0,0.0,0.0,0,5,0,D,5,4,-1.0225438685952861,1.0225438685952861,0.5460428319458241,1.4989656532600968,-4.0901754743811445,27.035561444515217,-1.0606376276059162,0.31678765387888375,high
KY-4,KY,KY_2012_2020_default,assumed_stable_2012_2020,No known mid-decade statewide boundary break configured.,5,2012,2020,-33.41591560900522,-34.17357500084965,5.696545311306017,6.516324760218971,33.41591560900522,15.490032813721438,0,5,0.0,0.0,0.0,0.0,0,0,5,R,5,4,-1.7556471264697437,9.24753166050046,9.68563450047278,14.983769068061434,-7.022588505878975,-33.41591560900521,-0.6245680252505684,5.627651201649919,high
KY-5,KY,KY_2012_2020_default,assumed_stable_2012_2020,No known mid-decade statewide boundary break configured.,4,2012,2020,-59.650892536464895,-57.19718594989848,5.115944001077959,1.0465921808152672,59.650892536464895,12.622026373865545,0,4,0.0,0.0,0.0,0.0,0,0,4,R,4,3,-4.2073421246218485,4.2073421246218485,4.47821599598523,10.52884201223501,-12.622026373865545,-59.6508925364649,-2.6623221443392295,2.9074017647322132,high
KY-6,KY,KY_2012_2020_default,assumed_stable_2012_2020,No known mid-decade statewide boundary break configured.,5,2012,2020,-13.127221432530977,-16.365966442066323,8.03911283591798,5.812090367081662,13.127221432530977,18.964987952012674,0,5,0.0,0.4,0.4,0.4,0,0,5,R,5,4,-3.119214382793809,12.601708358800146,13.763858146384075,18.964987952012674,-12.476857531175234,-13.127221432530972,-0.817687777607163,7.955508065819868,high
LA-1,LA,LA_2012_2020_default,assumed_stable_2012_2020,No known mid-decade statewide boundary break configured.,5,2012,2020,-55.3021438872391,-55.056901513041865,8.452975088719901,8.151308368310332,55.3021438872391,22.030717736499277,0,5,0.0,0.0,0.0,0.0,0,0,5,R,5,4,-0.38097285317437724,10.634386015075261,12.530810479143058,22.030717736499277,-1.523891412697509,-55.302143887239076,0.9307735130096347,8.349856836226511,high
LA-2,LA,LA_2012_2020_default,assumed_stable_2012_2020,No known mid-decade statewide boundary break configured.,2,2012,2020,45.12919044139932,45.12919044139932,3.473253861431754,3.473253861431754,45.12919044139932,6.946507722863508,2,0,1.0,0.0,0.0,0.0,0,2,0,D,2,1,6.946507722863508,6.946507722863508,0.0,6.946507722863508,6.946507722863508,45.1291904413993,1.7366269307158775,1.8115356374411762e-14,low
LA-3,LA,LA_2012_2020_default,assumed_stable_2012_2020,No known mid-decade statewide boundary break configured.,4,2012,2020,-32.083803894578836,-30.506168514342733,12.689924285549155,10.211758573899647,32.083803894578836,32.42309346024901,0,4,0.0,0.0,0.0,0.0,0,0,4,R,4,3,-8.911352889581233,12.70404275058477,10.88176410722346,20.42351714779929,-26.734058668743696,-32.083803894578836,-6.772311215474088,7.791421091472416,high
MA-3,MA,MA_2012_2020_default,assumed_stable_2012_2020,No known mid-decade statewide boundary break configured.,4,2012,2018,29.994714815237757,29.602096843169846,3.9712537496183526,2.8803934193044327,29.994714815237757,10.975065073720913,4,0,1.0,0.0,0.0,0.0,0,4,0,D,4,3,-0.7056601639228196,8.022370213070095,8.284366885725518,10.975065073720913,-2.1169804917684587,29.99471481523775,0.4624123598415567,3.937457917957984,high
MA-4,MA,MA_2012_2020_default,assumed_stable_2012_2020,No known mid-decade statewide boundary break configured.,3,2012,2020,27.9966014268653,24.487690089356068,7.674591229141885,3.631276422269792,27.9966014268653,17.789286857067285,3,0,1.0,0.0,0.0,0.0,0,3,0,D,3,2,-1.815638211134896,15.97364864593239,15.97364864593239,17.789286857067285,-3.631276422269792,27.996601426865304,-0.9078191055674483,7.5300501852200705,medium
MA-5,MA,MA_2012_2020_default,assumed_stable_2012_2020,No known mid-decade statewide boundary break configured.,3,2012,2020,48.824110866819886,47.92573331759111,2.1890211880239727,1.2180542593117423,48.824110866819886,5.131241166309806,3,0,1.0,0.0,0.0,0.0,0,3,0,D,3,2,-0.6090271296558711,4.522214036653935,4.522214036653935,5.131241166309806,-1.2180542593117423,48.82411086681988,0.06677317374759702,2.186077125291901,medium
MA-6,MA,MA_2012_2020_default,assumed_stable_2012_2020,No known mid-decade statewide boundary break configured.,4,2012,2020,19.59883853824881,21.7391268091455,13.12112297300205,10.154119287909738,19.59883853824881,32.695744738145535,4,0,1.0,0.25,0.25,0.5,0,4,0,D,4,3,9.623130553135415,12.174032605628275,10.044930992448895,20.308238575819473,28.869391659406244,19.59883853824881,7.804702189463193,4.458747291236983,high
MA-8,MA,MA_2012_2020_default,assumed_stable_2012_2020,No known mid-decade statewide boundary break configured.,2,2012,2016,45.696176809210016,45.696176809210016,3.2034556841850836,3.2034556841850836,45.696176809210016,6.406911368370167,2,0,1.0,0.0,0.0,0.0,0,2,0,D,2,1,-6.406911368370167,6.406911368370167,0.0,6.406911368370167,-6.406911368370167,45.696176809210016,-3.2034556841850845,5.0242958677880805e-15,low
MA-9,MA,MA_2012_2020_default,assumed_stable_2012_2020,No known mid-decade statewide boundary break configured.,5,2012,2020,19.627175441498093,20.80729953770916,5.466784788054284,3.1675045379690836,19.627175441498093,15.324212959107742,5,0,1.0,0.0,0.2,0.2,0,5,0,D,5,4,-0.2416054489561983,8.426383394349884,9.88297212689599,15.324212959107742,-0.9664217958247932,19.627175441498093,0.7245678306159861,5.3698918831364395,high
MD-1,MD,MD_2012_2020_default,assumed_stable_2012_2020,No known mid-decade statewide boundary break configured.,5,2012,2020,-32.84012430767033,-35.94031264803411,7.195802885120575,4.990850447270539,32.84012430767033,19.035052920608766,0,5,0.0,0.0,0.0,0.0,0,0,5,R,5,4,2.2203812030376433,7.29714525726674,8.80210618354423,16.47813760973757,8.881524812150573,-32.840124307670315,3.6798102544909885,4.969665194295836,high
MD-2,MD,MD_2012_2020_default,assumed_stable_2012_2020,No known mid-decade statewide boundary break configured.,5,2012,2020,31.975246913907256,34.472190308846386,4.063763268665865,1.2120633339406268,31.975246913907256,10.219531762916983,5,0,1.0,0.0,0.0,0.0,0,5,0,D,5,4,0.3030158334851567,4.806750047973335,5.774495039513487,9.007468428976356,1.2120633339406268,31.975246913907245,1.2260744690578145,3.6752761387965247,high
MD-3,MD,MD_2012_2020_default,assumed_stable_2012_2020,No known mid-decade statewide boundary break configured.,5,2012,2020,33.280303350933806,37.26579524102808,8.089716657353758,3.5813093751969944,33.280303350933806,21.59923709378891,5,0,1.0,0.0,0.0,0.0,0,5,0,D,5,4,0.613790789320694,10.185827757573762,11.818730577529543,18.017927718591917,2.455163157282776,33.2803033509338,2.6509563408354486,7.1685686544969025,high
MD-4,MD,MD_2012_2020_default,assumed_stable_2012_2020,No known mid-decade statewide boundary break configured.,5,2012,2020,53.71425372520874,56.44244844500373,6.320684562288891,2.9174346675202116,53.71425372520874,17.443568741469342,5,0,1.0,0.0,0.0,0.0,0,5,0,D,5,4,0.7293586668800529,7.992425703854618,9.437530633340295,14.52613407394913,2.9174346675202116,53.714253725208714,2.2118441032724423,5.492407911070976,high
MD-5,MD,MD_2012_2020_default,assumed_stable_2012_2020,No known mid-decade statewide boundary break configured.,5,2012,2020,37.797044433765876,38.0047361036397,5.189063063522395,3.6877192509062837,37.797044433765876,14.903865561139757,5,0,1.0,0.0,0.0,0.0,0,5,0,D,5,4,-0.977886566479059,8.429819347048937,9.029306585152295,13.390827324108894,-3.911546265916236,37.79704443376586,0.7080773029307327,5.0915251686858145,high
MD-6,MD,MD_2012_2020_default,assumed_stable_2012_2020,No known mid-decade statewide boundary break configured.,5,2012,2020,15.764361390984552,19.63273058722717,7.39053946355778,1.3573262412116023,15.764361390984552,19.534163978793558,5,0,1.0,0.2,0.2,0.2,0,5,0,D,5,4,-0.3097311568236507,10.076813146220431,12.373755011134488,19.41576236487656,-1.2389246272946046,15.76436139098455,1.7056314724204351,6.9858225086945005,high
MD-7,MD,MD_2012_2020_default,assumed_stable_2012_2020,No known mid-decade statewide boundary break configured.,5,2012,2020,50.09523973711238,53.08110074252458,5.656887441032274,2.6183971235606833,50.09523973711238,12.771482160772635,5,0,1.0,0.0,0.0,0.0,0,5,0,D,5,4,-3.029113767060897,9.15737670130345,9.598346324755328,12.771482160772635,-12.116455068243589,50.09523973711237,-1.1976384268002047,5.397378985934906,high
MD-8,MD,MD_2012_2020_default,assumed_stable_2012_2020,No known mid-decade statewide boundary break configured.,5,2012,2020,30.61856394111561,30.443167781480877,6.125811835984421,6.207072895693788,30.61856394111561,16.23253147354053,5,0,1.0,0.0,0.0,0.0,0,5,0,D,5,4,1.551768223923447,6.564497512846818,7.486652357309378,11.588243294004755,6.207072895693788,30.618563941115607,2.8646677264928115,4.594880660416312,high
ME-1,ME,ME_2012_2020_default,assumed_stable_2012_2020,No known mid-decade statewide boundary break configured.,5,2012,2020,24.469274533267196,26.313758394166985,4.829541326209763,2.2349097197630776,24.469274533267196,13.07299836246671,5,0,1.0,0.0,0.0,0.0,0,5,0,D,5,4,-1.1716566511658577,6.691309276622954,8.514030752551394,13.07299836246671,-4.686626604663431,24.469274533267193,-1.160816292908992,4.541968790051512,high
ME-2,ME,ME_2012_2020_default,assumed_stable_2012_2020,No known mid-decade statewide boundary break configured.,5,2012,2020,1.6854263132917027,1.0324447082321917,8.708521538082858,6.032970115931618,7.390574457001039,24.939212020673793,3,2,0.6,0.2,0.8,0.8,2,2,2,D,2,4,-2.4240442301750234,10.045561780161874,11.754589856951174,20.6773924767993,-9.69617692070009,1.6854263132917024,-1.3359383725468563,8.501110792641555,high
MI-1,MI,MI_2012_2020_default,assumed_stable_2012_2020,No known mid-decade statewide boundary break configured.,5,2012,2020,-11.934700977499833,-12.633196690496456,8.126234217898858,5.7763896573818085,11.934700977499833,24.265355907976133,0,5,0.0,0.2,0.4,0.8,0,0,5,R,5,4,-6.066338976994033,7.166796126082012,5.228926015792257,12.174176351099435,-24.265355907976133,-11.934700977499832,-5.430710147333409,2.6552696954264716,high
MI-2,MI,MI_2012_2020_default,assumed_stable_2012_2020,No known mid-decade statewide boundary break configured.,5,2012,2020,-24.14242262355398,-26.920792919152788,6.798698759679966,3.4525081246258402,24.14242262355398,18.026142795480144,0,5,0.0,0.0,0.0,0.2,0,0,5,R,5,4,1.4859558671667763,7.527115530573296,9.90688906322653,17.746733207755835,5.943823468667105,-24.14242262355398,2.991378973281433,5.322180803138251,high
MI-3,MI,MI_2012_2020_default,assumed_stable_2012_2020,No known mid-decade statewide boundary break configured.,5,2012,2020,-13.290129225794363,-11.238334298770676,6.137857973651426,5.318930403564947,13.290129225794363,16.029393440970576,0,5,0.0,0.0,0.4,0.6,0,0,5,R,5,4,0.6323491714712297,7.382347549014058,8.060070121106934,10.71046303740563,2.529396685884919,-13.290129225794361,1.2715769090727604,5.868516408202527,high
MI-4,MI,MI_2012_2020_default,assumed_stable_2012_2020,No known mid-decade statewide boundary break configured.,5,2012,2020,-26.871574500551855,-29.52238224119585,5.286468156094351,3.1154293838761546,26.871574500551855,15.235351536567151,0,5,0.0,0.0,0.0,0.0,0,0,5,R,5,4,-0.7788573459690387,8.988225626495508,9.553041695245495,12.144556389669404,-3.1154293838761546,-26.87157450055185,-1.4076600749059784,4.897318837122104,high
MI-5,MI,MI_2012_2020_default,assumed_stable_2012_2020,No known mid-decade statewide boundary break configured.,5,2012,2020,26.27818901175575,26.050530707097913,8.121672258860965,7.449799449862944,26.27818901175575,22.852137070931732,5,0,1.0,0.0,0.0,0.2,0,5,0,D,5,4,-5.2017488735263715,6.224319661939495,5.269862594276586,10.907943135222144,-20.806995494105486,26.278189011755742,-5.355818492392053,2.9312074019854597,high
MI-6,MI,MI_2012_2020_default,assumed_stable_2012_2020,No known mid-decade statewide boundary break configured.,5,2012,2020,-13.990234405511348,-15.508957966465047,5.7666476341137844,3.52924035978746,13.990234405511348,17.684191272738325,0,5,0.0,0.2,0.2,0.4,0,0,5,R,5,4,-0.9242088114289193,9.766304447798081,11.076898721602657,17.684191272738325,-3.696835245715679,-13.990234405511343,0.35644113103924213,5.744573472089728,high
MI-7,MI,MI_2012_2020_default,assumed_stable_2012_2020,No known mid-decade statewide boundary break configured.,5,2012,2020,-12.54494380944372,-12.285580168540582,3.472658107643136,2.7412860558812486,12.54494380944372,9.910718719237112,0,5,0.0,0.0,0.2,0.6,0,0,5,R,5,4,-1.796048397979542,5.5136433755737695,6.16413952394557,9.910718719237112,-7.184193591918168,-12.544943809443717,-0.9674483284529144,3.1917772159295414,high
MI-8,MI,MI_2012_2020_default,assumed_stable_2012_2020,No known mid-decade statewide boundary break configured.,5,2012,2020,-8.65463643830589,-12.532647814910026,10.47482100793362,8.785754522115484,11.62620785564397,25.15279004403356,2,3,0.4,0.4,0.4,0.6,1,2,3,D,2,4,6.228235793340665,8.507365612690657,9.599736773026624,20.68544828994716,24.91294317336266,-8.654636438305888,6.619292186864338,4.7001932979486,high
MI-9,MI,MI_2012_2020_default,assumed_stable_2012_2020,No known mid-decade statewide boundary break configured.,5,2012,2020,22.973107069613526,22.856026503547707,3.018208424377288,2.3429382575901982,22.973107069613526,8.594439375902397,5,0,1.0,0.0,0.0,0.0,0,5,0,D,5,4,-2.148609843975599,3.3200789727706983,2.5947763523908245,3.792691862743439,-8.594439375902397,22.97310706961352,-1.8638632356958011,1.4702413986230876,high
MI-10,MI,MI_2012_2020_default,assumed_stable_2012_2020,No known mid-decade statewide boundary break configured.,5,2012,2020,-33.41213150779753,-32.560409579634246,5.286743424523761,6.495072265216216,33.41213150779753,13.998188701645514,0,5,0.0,0.0,0.0,0.0,0,0,5,R,5,4,1.623768066304054,5.375326284518703,6.010654743829907,8.522693304467907,6.495072265216216,-33.41213150779753,2.6988333232077917,3.6581762428608546,high
MI-11,MI,MI_2012_2020_default,assumed_stable_2012_2020,No known mid-decade statewide boundary break configured.,5,2012,2020,-5.10318388279666,-6.396678384649536,8.505335316505047,8.777065222484435,8.728343254566024,22.107725930183786,2,3,0.4,0.2,0.6,0.8,1,2,3,D,2,4,2.1942663056211087,8.859596659470785,10.790910381102833,19.439436711750414,8.777065222484435,-5.10318388279666,3.9661856375152644,6.393705640997502,high
MI-12,MI,MI_2012_2020_default,assumed_stable_2012_2020,No known mid-decade statewide boundary break configured.,5,2012,2020,36.540258927817085,35.755543570864695,2.1813748485774926,2.062521215304841,36.540258927817085,5.499790275961928,5,0,1.0,0.0,0.0,0.0,0,5,0,D,5,4,-0.8044596682239842,3.554354806204948,3.738709586818203,5.280359888200778,-3.2178386728959367,36.54025892781708,-0.0935887069829894,2.1773558592607203,high
MI-13,MI,MI_2012_2020_default,assumed_stable_2012_2020,No known mid-decade statewide boundary break configured.,4,2012,2020,63.28311707803576,62.278541536898054,3.6367766608620147,1.8759701148825378,63.28311707803576,9.720600971946098,4,0,1.0,0.0,0.0,0.0,0,4,0,D,4,3,-3.2402003239820325,3.2402003239820325,1.930268691771332,5.968660742181022,-9.720600971946098,63.28311707803575,-2.20999054043679,1.5944488680878706,high
MI-14,MI,MI_2012_2020_default,assumed_stable_2012_2020,No known mid-decade statewide boundary break configured.,5,2012,2020,61.818449603308785,60.971127918832146,2.9855974262737055,2.590688575126208,61.818449603308785,8.511436839810422,5,0,1.0,0.0,0.0,0.0,0,5,0,D,5,4,-1.4132650044035007,4.137797703064814,4.692366977279787,8.511436839810422,-5.653060017614003,61.81844960330875,-0.58570546379053,2.868395058415769,high
MN-1,MN,MN_2012_2020_default,assumed_stable_2012_2020,No known mid-decade statewide boundary break configured.,5,2012,2020,4.190049478600914,0.758322342075725,6.723508128772047,3.833777262152937,5.600577807646814,18.273442296521182,3,2,0.6,0.6,0.8,0.8,1,3,2,R,2,4,-4.5683605741302955,4.5683605741302955,2.7253736551858876,7.7619361550239026,-18.273442296521182,4.190049478600914,-4.551800899267952,1.941076686921646,high
MN-2,MN,MN_2012_2020_default,assumed_stable_2012_2020,No known mid-decade statewide boundary break configured.,5,2012,2020,-3.872425823772153,-1.7961486039701495,8.06325670975322,6.363797385104913,6.978158185064167,22.67798745243242,2,3,0.4,0.4,0.8,0.8,1,2,3,D,2,4,2.6041637172295675,8.734830008986641,9.41197413468608,15.37421682507544,10.41665486891827,-3.8724258237721516,4.351129719026895,5.210705240539152,high
MN-3,MN,MN_2012_2020_default,assumed_stable_2012_2020,No known mid-decade statewide boundary break configured.,5,2012,2020,-6.329137990782515,-13.683070831120046,14.858181798125905,10.676222156249429,15.409593246232976,35.77984916419645,2,3,0.4,0.0,0.0,0.6,1,2,3,D,2,4,6.8962615589620935,10.99366302313613,12.438247192702095,25.10362700794702,27.585046235848377,-6.329137990782512,9.094994163589318,7.438261132463174,high
MN-4,MN,MN_2012_2020_default,assumed_stable_2012_2020,No known mid-decade statewide boundary break configured.,5,2012,2020,30.5745319230102,30.75539309924682,4.526123308129437,3.446151949247966,30.5745319230102,12.873932768833125,5,0,1.0,0.0,0.0,0.0,0,5,0,D,5,4,0.8615379873119915,5.575428397104571,7.021576812981796,12.873932768833125,3.446151949247966,30.574531923010188,1.4848473029586748,4.009519818405351,high
MN-5,MN,MN_2012_2020_default,assumed_stable_2012_2020,No known mid-decade statewide boundary break configured.,5,2012,2020,47.51463957544979,46.82089741960086,5.717898855587238,2.4303150451332485,47.51463957544979,17.854494157776294,5,0,1.0,0.0,0.0,0.0,0,5,0,D,5,4,-2.7048890767740428,7.456323474550244,9.820000298872952,17.854494157776294,-10.819556307096171,47.514639575449785,-1.2173859718378914,5.4525507896644525,high
MN-6,MN,MN_2012_2020_default,assumed_stable_2012_2020,No known mid-decade statewide boundary break configured.,5,2012,2020,-20.86462298227892,-22.36084452975048,11.139103692088929,8.947488571411302,20.86462298227892,30.33192598276783,0,5,0.0,0.2,0.2,0.2,0,0,5,R,5,4,-7.582981495691958,12.05672578139761,9.908415597328146,16.693152749426865,-30.33192598276783,-20.864622982278917,-6.512192422976341,6.265966067205306,high
MN-7,MN,MN_2012_2020_default,assumed_stable_2012_2020,No known mid-decade statewide boundary break configured.,5,2012,2020,5.966034525567663,5.026252709152629,12.441283901789982,3.5235843161966764,11.383268628413235,39.0760913381455,4,1,0.8,0.2,0.6,0.8,1,4,1,R,1,4,-9.769022834536376,9.769022834536376,7.693947110097869,17.807247326532668,-39.0760913381455,5.966034525567662,-8.243785763222157,4.343447674961663,high
MN-8,MN,MN_2012_2020_default,assumed_stable_2012_2020,No known mid-decade statewide boundary break configured.,5,2012,2020,-2.7758000260444304,0.5627908149401492,9.403099866113823,6.104926513563049,7.119681469814736,28.090910960697137,3,2,0.6,0.4,0.8,0.8,1,3,2,R,2,4,-7.022727740174284,7.022727740174284,4.562639666461193,13.654432342402117,-28.090910960697137,-2.775800026044429,-6.3126527494830675,2.9528152026494228,high
MO-1,MO,MO_2012_2020_default,assumed_stable_2012_2020,No known mid-decade statewide boundary break configured.,5,2012,2020,58.18363200883298,59.824272308339474,4.238034624550721,3.561240220134337,58.18363200883298,11.981791290997208,5,0,1.0,0.0,0.0,0.0,0,5,0,D,5,4,-0.24543933814137553,6.2363349836399795,6.70477648158049,9.402308423428373,-0.9817573525655021,58.183632008832966,1.0018276585866246,3.994198313037606,high
MO-2,MO,MO_2012_2020_default,assumed_stable_2012_2020,No known mid-decade statewide boundary break configured.,5,2012,2020,-17.13803430268919,-20.872449769656615,10.4344909407595,10.62977637554257,17.13803430268919,27.54919662378539,0,5,0.0,0.2,0.4,0.4,0,0,5,R,5,4,4.15633618423084,9.618262127661858,10.104265410445842,16.919420248242822,16.625344736923356,-17.138034302689185,6.079988609763209,5.9115208028976225,high
MO-3,MO,MO_2012_2020_default,assumed_stable_2012_2020,No known mid-decade statewide boundary break configured.,5,2012,2020,-36.980079467478355,-39.90247954975525,4.575480065445632,1.2826785757013823,36.980079467478355,10.553185668048648,0,5,0.0,0.0,0.0,0.0,0,0,5,R,5,4,-2.5771743591595957,7.0496947665251355,7.430664366328067,10.553185668048648,-10.308697436638383,-36.98007946747835,-1.1672354058545722,4.26733416126853,high
MO-4,MO,MO_2012_2020_default,assumed_stable_2012_2020,No known mid-decade statewide boundary break configured.,5,2012,2020,-35.3120889313577,-37.92677683581563,6.165143746255438,3.7951976828642415,35.3120889313577,16.8988522463619,0,5,0.0,0.0,0.0,0.0,0,0,5,R,5,4,-3.275913640874415,8.084247788894135,9.241477554171839,16.8988522463619,-13.10365456349766,-35.31208893135769,-1.6590640830955903,5.701228827924464,high
MO-5,MO,MO_2012_2020_default,assumed_stable_2012_2020,No known mid-decade statewide boundary break configured.,5,2012,2020,19.435079343135918,20.660252258920035,6.74403906396184,2.951438007048022,19.435079343135918,19.429110968256015,5,0,1.0,0.0,0.2,0.2,0,5,0,D,5,4,-0.8490111514592416,10.56356663558725,11.67970478606338,16.982341484765858,-3.396044605836966,19.435079343135914,1.26370217565821,6.502935992205115,high
MO-6,MO,MO_2012_2020_default,assumed_stable_2012_2020,No known mid-decade statewide boundary break configured.,5,2012,2020,-35.77793838814135,-36.23395778411992,2.561799739565422,2.7915903358783822,35.77793838814135,7.0908874982791374,0,5,0.0,0.0,0.0,0.0,0,0,5,R,5,4,-0.9369058110176347,4.004333106061125,4.170089345584244,6.134854590086981,-3.747623244070539,-35.77793838814134,-0.37878038064152847,2.505168407935799,high
MO-7,MO,MO_2012_2020_default,assumed_stable_2012_2020,No known mid-decade statewide boundary break configured.,5,2012,2020,-37.23597880716203,-36.14477745357643,3.474755377191704,3.1815472345891678,37.23597880716203,9.336848582365626,0,5,0.0,0.0,0.0,0.0,0,0,5,R,5,4,-2.3342121455914064,4.334651210313703,4.041373650808884,6.155301347776458,-9.336848582365626,-37.23597880716201,-2.0192322639435227,1.9797290369698919,high
MO-8,MO,MO_2012_2020_default,assumed_stable_2012_2020,No known mid-decade statewide boundary break configured.,5,2012,2020,-49.06143188393357,-48.37045525890794,4.406100726364624,3.3608500433056037,49.06143188393357,13.160113110668462,0,5,0.0,0.0,0.0,0.0,0,0,5,R,5,4,-2.02784641764584,6.232635159341193,6.312693966177111,9.399119199615939,-8.11138567058336,-49.06143188393356,-2.2261040497477103,3.082636068410378,high
MS-1,MS,MS_2012_2020_default,assumed_stable_2012_2020,No known mid-decade statewide boundary break configured.,5,2012,2020,-35.05685118419935,-37.4942532189486,6.127735979364142,2.975542406800841,35.05685118419935,17.269638457055265,0,5,0.0,0.0,0.0,0.0,0,0,5,R,5,4,-3.4963473410658548,6.626243090862198,7.775588535434913,15.475061868789616,-13.985389364263419,-35.05685118419935,-2.3505563817199833,5.147709939915495,high
MS-2,MS,MS_2012_2020_default,assumed_stable_2012_2020,No known mid-decade statewide boundary break configured.,3,2012,2020,35.38603945162871,36.16554876906359,2.4812260006316795,1.7936733531444418,35.38603945162871,5.925874658593507,3,0,1.0,0.0,0.0,0.0,0,3,0,D,3,2,-2.0661006527245327,3.8597740058689745,3.8597740058689745,5.925874658593507,-4.132201305449065,35.38603945162871,-1.0330503263622652,1.8195149155983446,medium
MS-4,MS,MS_2012_2020_default,assumed_stable_2012_2020,No known mid-decade statewide boundary break configured.,4,2012,2018,-38.88929014344904,-37.35816935011041,3.9556172502963713,1.106173443047929,38.88929014344904,10.313340722197786,0,4,0.0,0.0,0.0,0.0,0,0,4,R,4,3,-0.7374489620319528,6.29533566833221,7.622157570787419,10.313340722197786,-2.212346886095858,-38.88929014344903,0.16997894011627893,3.9510494530869145,high
MT-AL,MT,MT_2012_2020_default,assumed_stable_2012_2020,No known mid-decade statewide boundary break configured.,5,2012,2020,-11.715771944341636,-12.772709967764406,3.971052705741591,2.2401298201844657,11.715771944341636,11.008379991553223,0,5,0.0,0.2,0.2,0.8,0,0,5,R,5,4,-0.5600324550461164,6.064222450822728,7.185135880073222,11.008379991553223,-2.2401298201844657,-11.715771944341633,0.5881662664000578,3.8829602725131807,high
NC-1,NC,NC_2012_2014,stable_within_regime,2012 congressional plan,2,2012,2014,49.61001345897185,49.61001345897185,2.8519318416499218,2.8519318416499218,49.61001345897185,5.7038636832998435,2,0,1.0,0.0,0.0,0.0,0,2,0,D,2,1,-5.7038636832998435,5.7038636832998435,0.0,5.7038636832998435,-5.7038636832998435,49.61001345897183,-5.703863683299837,2.1316282072803006e-14,low
NC-2,NC,NC_2012_2014,stable_within_regime,2012 congressional plan,2,2012,2014,-16.06696866638688,-16.06696866638688,1.586096981688569,1.586096981688569,16.06696866638688,3.172193963377138,0,2,0.0,0.0,0.0,0.5,0,0,2,R,2,1,-3.172193963377138,3.172193963377138,0.0,3.172193963377138,-3.172193963377138,-16.066968666386877,-3.1721939633771394,4.5288390936029406e-15,low
NC-3,NC,NC_2012_2014,stable_within_regime,2012 congressional plan,2,2012,2014,-30.920673020760326,-30.920673020760326,4.699010145822848,4.699010145822848,30.920673020760326,9.398020291645697,0,2,0.0,0.0,0.0,0.0,0,0,2,R,2,1,-9.398020291645697,9.398020291645697,0.0,9.398020291645697,-9.398020291645697,-30.920673020760308,-9.398020291645702,1.6085595323533783e-14,low
NC-4,NC,NC_2012_2014,stable_within_regime,2012 congressional plan,2,2012,2014,49.221820958395675,49.221820958395675,0.27193789312744343,0.27193789312744343,49.221820958395675,0.5438757862548869,2,0,1.0,0.0,0.0,0.0,0,2,0,D,2,1,0.5438757862548869,0.5438757862548869,0.0,0.5438757862548869,0.5438757862548869,49.221820958395654,0.5438757862548934,2.1316282072803006e-14,low
NC-5,NC,NC_2012_2014,stable_within_regime,2012 congressional plan,2,2012,2014,-18.564719265728584,-18.564719265728584,3.4749561807078075,3.4749561807078075,18.564719265728584,6.949912361415615,0,2,0.0,0.0,0.0,0.0,0,0,2,R,2,1,-6.949912361415615,6.949912361415615,0.0,6.949912361415615,-6.949912361415615,-18.564719265728577,-6.949912361415617,7.105427357601002e-15,low
NC-6,NC,NC_2012_2014,stable_within_regime,2012 congressional plan,2,2012,2014,-19.596978079468464,-19.596978079468464,2.2496247517112646,2.2496247517112646,19.596978079468464,4.499249503422529,0,2,0.0,0.0,0.0,0.0,0,0,2,R,2,1,4.499249503422529,4.499249503422529,0.0,4.499249503422529,4.499249503422529,-19.59697807946846,4.499249503422529,5.617333549722722e-15,low
NC-7,NC,NC_2012_2014,stable_within_regime,2012 congressional plan,2,2012,2014,-11.023445448153911,-11.023445448153911,11.217662876643885,11.217662876643885,11.217662876643885,22.43532575328777,1,1,0.5,0.5,0.5,0.5,1,1,1,R,1,1,-22.43532575328777,22.43532575328777,0.0,22.43532575328777,-22.43532575328777,-11.02344544815391,-22.43532575328777,2.7913334059214425e-15,low
NC-8,NC,NC_2012_2014,stable_within_regime,2012 congressional plan,2,2012,2014,-18.759637233913974,-18.759637233913974,10.966862323235134,10.966862323235134,18.759637233913974,21.933724646470267,0,2,0.0,0.0,0.5,0.5,0,0,2,R,2,1,-21.933724646470267,21.933724646470267,0.0,21.933724646470267,-21.933724646470267,-18.75963723391397,-21.93372464647027,4.5288390936029406e-15,low
NC-9,NC,NC_2012_2014,stable_within_regime,2012 congressional plan,1,2012,2012,-6.131118741515611,-6.131118741515611,0.0,0.0,6.131118741515611,0.0,0,1,0.0,0.0,1.0,1.0,0,0,1,R,1,0,,,,,,,,,insufficient_single_cycle
NC-10,NC,NC_2012_2014,stable_within_regime,2012 congressional plan,2,2012,2014,-18.006241383059432,-18.006241383059432,4.028896370830038,4.028896370830038,18.006241383059432,8.057792741660077,0,2,0.0,0.0,0.0,0.5,0,0,2,R,2,1,-8.057792741660077,8.057792741660077,0.0,8.057792741660077,-8.057792741660077,-18.006241383059425,-8.057792741660078,5.617333549722722e-15,low
NC-11,NC,NC_2012_2014,stable_within_regime,2012 congressional plan,2,2012,2014,-20.322935793607016,-20.322935793607016,5.474372313373122,5.474372313373122,20.322935793607016,10.948744626746244,0,2,0.0,0.0,0.0,0.5,0,0,2,R,2,1,-10.948744626746244,10.948744626746244,0.0,10.948744626746244,-10.948744626746244,-20.32293579360701,-10.948744626746247,9.057678187205881e-15,low
NC-12,NC,NC_2012_2014,stable_within_regime,2012 congressional plan,2,2012,2014,54.98114897930634,54.98114897930634,4.288474188962088,4.288474188962088,54.98114897930634,8.576948377924175,2,0,1.0,0.0,0.0,0.0,0,2,0,D,2,1,-8.576948377924175,8.576948377924175,0.0,8.576948377924175,-8.576948377924175,54.98114897930632,-8.576948377924177,1.8115356374411762e-14,low
NC-13,NC,NC_2012_2014,stable_within_regime,2012 congressional plan,2,2012,2014,-14.104621907398968,-14.104621907398968,0.5108170991099321,0.5108170991099321,14.104621907398968,1.0216341982198642,0,2,0.0,0.0,0.0,1.0,0,0,2,R,2,1,-1.0216341982198642,1.0216341982198642,0.0,1.0216341982198642,-1.0216341982198642,-14.104621907398965,-1.0216341982198642,3.552713678800501e-15,low
NE-1,NE,NE_2012_2020_default,assumed_stable_2012_2020,No known mid-decade statewide boundary break configured.,5,2012,2020,-31.13696010486933,-36.58134676584861,8.086758531739061,2.3239299526166164,31.13696010486933,18.18681994385399,0,5,0.0,0.0,0.0,0.0,0,0,5,R,5,4,3.6831650484021266,5.410244923524869,8.374075440062429,18.18681994385399,14.732660193608506,-31.13696010486933,4.637789730578724,4.730483736419719,high
NE-2,NE,NE_2012_2020_default,assumed_stable_2012_2020,No known mid-decade statewide boundary break configured.,5,2012,2020,-1.202124314383235,-1.5913942615771373,2.5536933124371637,0.39866550058154426,2.534998974022088,7.892047998448097,1,4,0.2,1.0,1.0,1.0,2,1,3,R,3,4,-0.7421167719434572,3.2039072272805917,3.5291170116846238,4.92358091067427,-2.9684670877738286,-1.2021243143832347,-1.1259180586803472,1.9964885635187724,high
NE-3,NE,NE_2012_2020_default,assumed_stable_2012_2020,No known mid-decade statewide boundary break configured.,4,2012,2020,-53.349933793287434,-52.10912970522202,4.684802516192732,2.550074415006808,53.349933793287434,12.495826605045472,0,4,0.0,0.0,0.0,0.0,0,0,4,R,4,3,-4.165275535015158,4.165275535015158,2.2862570269870592,7.395677775031864,-12.495826605045472,-53.34993379328741,-2.765934061733437,1.6797013219863586,high
NH-1,NH,NH_2012_2020_default,assumed_stable_2012_2020,No known mid-decade statewide boundary break configured.,5,2012,2020,3.031951363464521,3.7652671423851234,4.0531806988790855,2.4253178549845815,4.472034416658114,12.151638884465743,4,1,0.8,0.6,1.0,1.0,2,3,1,D,3,4,0.3345124066635097,5.7413070355693625,5.960342701264618,7.3654747753691066,1.3380496266540391,3.0319513634645214,1.4827738137773823,3.4685785867006254,high
NH-2,NH,NH_2012_2020_default,assumed_stable_2012_2020,No known mid-decade statewide boundary break configured.,5,2012,2020,8.5652880613246,10.004450340912909,3.427075616191537,3.3553394376037424,8.5652880613246,8.924525634086693,5,0,1.0,0.4,0.4,1.0,0,5,0,D,5,4,1.3414569162552858,5.707753976808929,5.921176343041528,8.924525634086693,5.3658276650211425,8.5652880613246,1.4086994767646033,2.7885442165081176,high
NJ-1,NJ,NJ_2012_2020_default,assumed_stable_2012_2020,No known mid-decade statewide boundary break configured.,5,2012,2020,27.10631118337245,24.96013297665117,6.976381451065223,6.173274763138821,27.10631118337245,20.25484177243252,5,0,1.0,0.0,0.0,0.0,0,5,0,D,5,4,-3.3226679184884533,9.891390349297218,11.116163218199498,20.25484177243252,-13.290671673953813,27.106311183372444,-1.3443898486290071,6.712311823848282,high
NJ-2,NJ,NJ_2012_2020_default,assumed_stable_2012_2020,No known mid-decade statewide boundary break configured.,5,2012,2020,-12.328065124883096,-17.371285056509,11.854885366560037,6.816964316896289,15.396461141340563,31.859239414548952,1,4,0.2,0.0,0.4,0.4,2,1,3,R,1,4,2.9036250947247586,13.025994612549717,16.415945757459014,29.665986599178552,11.614500378899033,-12.328065124883095,5.508824017234699,8.935548273528354,high
NJ-3,NJ,NJ_2012_2020_default,assumed_stable_2012_2020,No known mid-decade statewide boundary break configured.,5,2012,2020,-5.977213769980394,-8.861617945801312,9.722706703840789,10.156281896921474,9.599845402095813,28.206346025955558,2,3,0.4,0.2,0.8,0.8,1,2,3,D,2,4,4.155883268742424,9.947289744235356,11.86104910851487,21.73909484790734,16.623533074969696,-5.977213769980393,4.417832918866158,7.44959933492236,high
NJ-4,NJ,NJ_2012_2020_default,assumed_stable_2012_2020,No known mid-decade statewide boundary break configured.,5,2012,2020,-25.886044470218213,-28.458727758965804,8.332962000778824,6.85412986280021,25.886044470218213,24.506070131222295,0,5,0.0,0.0,0.0,0.2,0,0,5,R,5,4,1.7135324657000526,10.539502599911096,11.26618515312534,17.864821835641195,6.85412986280021,-25.88604447021821,3.8214329856822693,6.342834979589394,high
NJ-5,NJ,NJ_2012_2020_default,assumed_stable_2012_2020,No known mid-decade statewide boundary break configured.,5,2012,2020,0.24292765711962475,4.411298752446691,10.586373448833395,9.26923586552477,10.000349044303732,25.968498977256672,3,2,0.6,0.2,0.4,1.0,1,3,2,D,3,4,4.951080685606365,8.033168803021972,8.64152543987688,16.51688786112175,19.804322742425455,0.24292765711962439,6.539476921149743,5.151872086306536,high
NJ-6,NJ,NJ_2012_2020_default,assumed_stable_2012_2020,No known mid-decade statewide boundary break configured.,5,2012,2020,25.51551134297426,27.265082845453108,3.2099307873132426,1.5796036996149354,25.51551134297426,7.842171124627555,5,0,1.0,0.0,0.0,0.0,0,5,0,D,5,4,-1.4511504555735062,5.372236017887284,5.718273706900572,7.842171124627555,-5.804601822294025,25.515511342974253,-0.5346636219575407,3.1196033853764007,high
NJ-7,NJ,NJ_2012_2020_default,assumed_stable_2012_2020,No known mid-decade statewide boundary break configured.,5,2012,2020,-8.464054691396248,-10.959884761447466,10.013051553204706,9.526259888745436,10.961403263650865,25.505633901669313,2,3,0.4,0.2,0.4,0.6,1,2,3,D,2,4,4.585374413784386,8.16744253705027,8.481465219810657,15.979374012923877,18.341497655137545,-8.464054691396248,6.2188629211944395,4.7867201027343445,high
NJ-8,NJ,NJ_2012_2020_default,assumed_stable_2012_2020,No known mid-decade statewide boundary break configured.,5,2012,2020,56.95391816093437,58.54913688110744,3.771501939292624,0.5068259295487394,56.95391816093437,9.952953561569245,5,0,1.0,0.0,0.0,0.0,0,5,0,D,5,4,-2.401621423055378,2.9465451058224943,4.396783589526396,9.952953561569245,-9.606485692221511,56.953918160934364,-1.812312401890877,2.7668166534833945,high
NJ-9,NJ,NJ_2012_2020_default,assumed_stable_2012_2020,No known mid-decade statewide boundary break configured.,5,2012,2020,40.87515443580649,41.40288200542871,4.904879108960946,3.0064151577876004,40.87515443580649,15.003429468844324,5,0,1.0,0.0,0.0,0.0,0,5,0,D,5,4,-3.750857367211081,5.403499857676975,5.51462973464125,10.542583635475914,-15.003429468844324,40.87515443580647,-2.7000443779901,3.078532083199653,high
NJ-10,NJ,NJ_2012_2020_default,assumed_stable_2012_2020,No known mid-decade statewide boundary break configured.,5,2012,2020,74.08448238163592,73.80044978924546,2.963808422799164,3.207287322812263,74.08448238163592,8.083978951728426,5,0,1.0,0.0,0.0,0.0,0,5,0,D,5,4,-1.9055760615452861,4.260591808650371,4.566713221472835,8.083978951728426,-7.6223042461811445,74.0844823816359,-1.0534576998152017,2.562150291543284,high
NJ-11,NJ,NJ_2012_2020_default,assumed_stable_2012_2020,No known mid-decade statewide boundary break configured.,5,2012,2020,-8.373863304315098,-18.827918504868343,15.87684312992462,6.312135916278162,16.87165800536581,39.777200792610216,2,3,0.4,0.0,0.2,0.4,1,2,3,D,2,4,6.358814721507852,13.529785674797257,16.731728718925826,33.78297671965113,25.435258886031416,-8.373863304315094,9.064771856467303,9.366641348564125,high
NJ-12,NJ,NJ_2012_2020_default,assumed_stable_2012_2020,No known mid-decade statewide boundary break configured.,5,2012,2020,33.08857439775061,33.06333072713057,5.333768693914876,4.298927816703014,33.08857439775061,15.29259668831159,5,0,1.0,0.0,0.0,0.0,0,5,0,D,5,4,-1.6675439008879795,8.128218351619322,9.009841943254202,15.29259668831159,-6.670175603551918,33.088574397750605,-0.041900230564110894,5.333439530129103,high
NM-1,NM,NM_2012_2020_default,assumed_stable_2012_2020,No known mid-decade statewide boundary break configured.,5,2012,2020,20.988106147196994,18.288889855576823,5.1581928538718325,1.9124075498716984,20.988106147196994,13.918121010515865,5,0,1.0,0.0,0.0,0.0,0,5,0,D,5,4,-0.4781018874679246,7.0391522124820805,8.214850246050858,13.122100650028312,-1.9124075498716984,20.988106147196987,0.18107348263532924,5.151832519163163,high
NM-2,NM,NM_2012_2020_default,assumed_stable_2012_2020,No known mid-decade statewide boundary break configured.,5,2012,2020,-15.628637361159132,-18.188590559386295,11.424859116386292,10.713065313990484,16.375816868928034,30.76960464279903,1,4,0.2,0.2,0.4,0.4,2,1,3,R,1,4,2.6847870078687373,12.700015313530779,15.264010772231229,27.33939538396575,10.739148031474947,-15.62863736115913,5.22479007057489,8.713813359610073,high
NM-3,NM,NM_2012_2020_default,assumed_stable_2012_2020,No known mid-decade statewide boundary break configured.,5,2012,2020,24.73730286368424,24.834090626394772,4.78851888970191,1.7599256075981877,24.73730286368424,14.804487721813086,5,0,1.0,0.0,0.0,0.0,0,5,0,D,5,4,-2.2217824974368607,6.768050675889997,8.160481981574993,14.804487721813086,-8.887129989747443,24.73730286368424,-0.8681723622588605,4.628441061075722,high
NV-1,NV,NV_2012_2020_default,assumed_stable_2012_2020,No known mid-decade statewide boundary break configured.,5,2012,2020,29.562850559287938,32.0429723669385,5.7499549896709725,3.2583725650921735,29.562850559287938,16.334732645451762,5,0,1.0,0.0,0.0,0.0,0,5,0,D,5,4,-0.9123662050837575,9.07973252780964,10.249545895314457,14.14320337770923,-3.64946482033503,29.562850559287934,0.9035803004781727,5.606163364050113,high
NV-2,NV,NV_2012_2020_default,assumed_stable_2012_2020,No known mid-decade statewide boundary break configured.,5,2012,2020,-22.554628668636568,-21.368116016033905,7.981256797886043,4.906582369929229,22.554628668636568,22.042202615586724,0,5,0.0,0.0,0.0,0.0,0,0,5,R,5,4,1.4075305521240282,9.613570755669333,11.789668249006436,16.43114288520663,5.630122208496113,-22.554628668636568,3.2597969672128055,6.515205870799671,high
NV-3,NV,NV_2012_2020_default,assumed_stable_2012_2020,No known mid-decade statewide boundary break configured.,5,2012,2020,-3.761017181242065,1.267996514054727,11.700241397483166,7.794861667153515,9.086498936447901,33.68833598437735,3,2,0.6,0.4,0.8,0.8,1,3,2,D,3,4,2.6190405459518558,14.22512744623682,16.080049584832704,25.893474317223838,10.476162183807423,-3.7610171812420643,5.464066035199219,8.785420507030006,high
NV-4,NV,NV_2012_2020_default,assumed_stable_2012_2020,No known mid-decade statewide boundary break configured.,5,2012,2020,4.456948306456825,4.864513683982567,3.9751910278234974,3.1357524371358068,5.564754486253584,10.950280815569865,4,1,0.8,0.6,1.0,1.0,2,3,1,D,3,4,-0.7839381092839517,6.259078517068884,6.8534276117888755,10.769781570610272,-3.1357524371358068,4.456948306456825,0.4678775941298249,3.919735299929194,high
NY-1,NY,NY_2012_2020_default,assumed_stable_2012_2020,No known mid-decade statewide boundary break configured.,5,2012,2020,-1.7990139709213337,-4.908923205767348,6.462957393700085,4.393851758074389,5.929499194931112,18.647328868070836,2,3,0.4,0.4,1.0,1.0,3,1,2,R,1,4,-3.613534662312783,8.755751722131322,8.847455134028408,14.253477109996448,-14.45413864925113,-1.7990139709213337,-2.301769493693957,5.583326308624846,high
NY-2,NY,NY_2012_2020_default,assumed_stable_2012_2020,No known mid-decade statewide boundary break configured.,5,2012,2020,-10.96066370066073,-8.353689043232585,8.40704314765102,6.794097472157578,10.96066370066073,22.206411007070773,0,5,0.0,0.4,0.6,0.6,0,0,5,R,5,4,1.1611098355745404,9.942095667960846,11.494486388694076,15.85519403884085,4.644439342298162,-10.960663700660728,3.1495289691667088,7.130168934269744,high
NY-3,NY,NY_2012_2020_default,assumed_stable_2012_2020,No known mid-decade statewide boundary break configured.,5,2012,2020,13.540192654471218,12.182648218668444,3.3921611698100826,2.148937662064503,13.540192654471218,9.14573092140491,5,0,1.0,0.0,0.0,0.6,0,5,0,D,5,4,-0.8365643177967614,5.4094297784992165,6.072845303498097,8.403183948789497,-3.3462572711870457,13.540192654471214,0.24532163790308298,3.3743728291225326,high
NY-4,NY,NY_2012_2020_default,assumed_stable_2012_2020,No known mid-decade statewide boundary break configured.,5,2012,2020,18.683897784386154,20.576725265823377,5.77223443150293,4.9401916242769435,18.683897784386154,16.421994846166122,5,0,1.0,0.0,0.2,0.2,0,5,0,D,5,4,-1.7345737659567022,9.945571189039764,10.287543057637231,13.470125473862447,-6.938295063826809,18.68389778438615,0.2545404718512511,5.760998926280707,high
NY-5,NY,NY_2012_2020_default,assumed_stable_2012_2020,No known mid-decade statewide boundary break configured.,2,2012,2016,67.71454656169897,67.71454656169897,0.9195993883243005,0.9195993883243005,67.71454656169897,1.839198776648601,2,0,1.0,0.0,0.0,0.0,0,2,0,D,2,1,1.839198776648601,1.839198776648601,0.0,1.839198776648601,1.839198776648601,67.71454656169895,0.9195993883243021,1.4210854715202004e-14,low
NY-6,NY,NY_2012_2020_default,assumed_stable_2012_2020,No known mid-decade statewide boundary break configured.,3,2012,2020,35.07262416871022,32.906618449489656,4.7663066808950365,2.278905447521666,35.07262416871022,11.055828052705024,3,0,1.0,0.0,0.0,0.0,0,3,0,D,3,2,-1.139452723760833,9.916375328944191,9.916375328944191,11.055828052705024,-2.278905447521666,35.07262416871021,-0.5697263618804154,4.674624159924946,medium
NY-8,NY,NY_2012_2020_default,assumed_stable_2012_2020,No known mid-decade statewide boundary break configured.,2,2012,2020,63.854229744489984,63.854229744489984,5.063042105593805,5.063042105593805,63.854229744489984,10.12608421118761,2,0,1.0,0.0,0.0,0.0,0,2,0,D,2,1,-10.12608421118761,10.12608421118761,0.0,10.12608421118761,-10.12608421118761,63.85422974448997,-2.531521052796902,1.4210854715202004e-14,low
NY-9,NY,NY_2012_2020_default,assumed_stable_2012_2020,No known mid-decade statewide boundary break configured.,3,2012,2020,64.33443735381171,65.8147700213846,7.777881877262763,7.218761093582728,64.33443735381171,18.878520189884178,3,0,1.0,0.0,0.0,0.0,0,3,0,D,3,2,-5.829879548150725,13.048640641733453,13.048640641733453,18.878520189884178,-11.65975909630145,64.33443735381165,-1.6869720497823768,7.230078195016303,medium
NY-10,NY,NY_2012_2020_default,assumed_stable_2012_2020,No known mid-decade statewide boundary break configured.,4,2012,2020,50.91035510579756,50.597559262020944,6.843419303486281,4.706687913967933,50.91035510579756,19.321064116835885,4,0,1.0,0.0,0.0,0.0,0,4,0,D,4,3,-3.1377919426452885,10.247498078006833,12.356806226485915,19.321064116835885,-9.413375827935866,50.91035510579754,-1.0118198575631019,6.677789325291778,high
NY-11,NY,NY_2012_2020_default,assumed_stable_2012_2020,No known mid-decade statewide boundary break configured.,5,2012,2020,-3.38824774311018,-2.9185235821351183,7.546996102227668,3.263514093879981,6.803920080014947,23.37681660927103,1,4,0.2,0.4,0.8,1.0,2,1,3,R,1,4,-0.3440752623704082,12.032483567005922,13.907985630502207,23.37681660927103,-1.3763010494816295,-3.3882477431101794,1.1968616419313758,7.354739600229656,high
NY-12,NY,NY_2012_2020_default,assumed_stable_2012_2020,No known mid-decade statewide boundary break configured.,5,2012,2020,59.0402080776492,57.880681035835394,7.1235071234166325,6.394385243223994,59.0402080776492,19.500555551961348,5,0,1.0,0.0,0.0,0.0,0,5,0,D,5,4,2.7532686142172427,6.997009161763431,7.184068317555607,11.76124736572568,11.01307445686897,59.04020807764919,4.152670446569932,4.031750247936609,high
NY-13,NY,NY_2012_2020_default,assumed_stable_2012_2020,No known mid-decade statewide boundary break configured.,4,2012,2020,74.32597512515183,72.27200642325491,6.869723422303392,4.063282257136109,74.32597512515183,16.947697511198697,4,0,1.0,0.0,0.0,0.0,0,4,0,D,4,3,0.2017527297796041,11.096712277686194,11.701946400077285,16.342439321859885,0.6052581893388123,74.32597512515184,1.3415238669913,6.57695112867346,high
NY-14,NY,NY_2012_2020_default,assumed_stable_2012_2020,No known mid-decade statewide boundary break configured.,4,2012,2020,55.628681145124936,56.59200132668338,7.040396348748305,4.013721580479054,55.628681145124936,19.725112185215103,4,0,1.0,0.0,0.0,0.0,0,4,0,D,4,3,-3.9602412957306257,9.311870069702698,11.640487821154633,19.725112185215103,-11.880723887191877,55.62868114512492,-1.6985384986668146,6.576942374018821,high
NY-15,NY,NY_2012_2020_default,assumed_stable_2012_2020,No known mid-decade statewide boundary break configured.,4,2012,2020,82.55813715107675,82.26126437854916,5.423439772063431,3.58779585761949,82.55813715107675,15.315174563624367,4,0,1.0,0.0,0.0,0.0,0,4,0,D,4,3,-2.3173639194250057,7.892752456324573,9.742463865053525,15.315174563624367,-6.952091758275017,82.55813715107675,-0.6799683956811726,5.329380168637156,high
NY-16,NY,NY_2012_2020_default,assumed_stable_2012_2020,No known mid-decade statewide boundary break configured.,1,2012,2012,44.37333530630364,44.37333530630364,0.0,0.0,44.37333530630364,0.0,1,0,1.0,0.0,0.0,0.0,0,1,0,D,1,0,,,,,,,,,insufficient_single_cycle
NY-17,NY,NY_2012_2020_default,assumed_stable_2012_2020,No known mid-decade statewide boundary break configured.,3,2012,2020,18.71294030513772,18.520771867829023,3.7889292695521597,4.349233838171502,18.71294030513772,9.274972988269097,3,0,1.0,0.0,0.0,0.3333333333333333,0,3,0,D,3,2,-2.4628695750487974,6.812103413220299,6.812103413220299,9.274972988269097,-4.925739150097595,18.712940305137742,-0.6127010797748057,3.6430054311871847,medium
NY-18,NY,NY_2012_2020_default,assumed_stable_2012_2020,No known mid-decade statewide boundary break configured.,5,2012,2020,8.958942054854415,9.348746408124766,2.7488674477412385,2.579816506571884,8.958942054854415,6.727052591476769,5,0,1.0,0.0,0.6,1.0,0,5,0,D,5,4,1.351539304318016,2.0119869914203687,2.128605771592981,4.147236084904885,5.406157217272064,8.958942054854417,1.7539367026020904,1.1847718479867955,high
NY-19,NY,NY_2012_2020_default,assumed_stable_2012_2020,No known mid-decade statewide boundary break configured.,5,2012,2020,-2.1929446205547563,-0.7689239641430355,9.618436411691711,5.30577678233148,7.24089847344874,27.852369730196187,2,3,0.4,0.6,0.8,0.8,1,2,3,D,2,4,1.3264441955828699,12.599740669515226,13.87511089850289,19.00041395200664,5.30577678233148,-2.192944620554756,3.8463923294859144,7.9325185849830016,high
NY-20,NY,NY_2012_2020_default,assumed_stable_2012_2020,No known mid-decade statewide boundary break configured.,5,2012,2020,26.06848664801286,27.16849489124633,5.453762051396361,4.93634082290448,26.06848664801286,12.470933890736568,5,0,1.0,0.0,0.0,0.0,0,5,0,D,5,4,-3.069688131076065,9.057296030072134,9.149701968531433,12.470933890736568,-12.27875252430426,26.068486648012858,-1.702291198077641,4.893662214246691,high
NY-21,NY,NY_2012_2020_default,assumed_stable_2012_2020,No known mid-decade statewide boundary break configured.,5,2012,2020,-12.082879818098906,-14.506534723970068,10.190128476006137,4.71383111487912,14.090463327872257,31.570961296859757,1,4,0.2,0.0,0.4,0.8,1,1,4,R,4,4,-4.8813733746008605,13.261022831268578,13.557870507902749,19.601075783873885,-19.525493498403446,-12.082879818098904,-3.426157359645734,8.964463723581122,high
NY-22,NY,NY_2012_2020_default,assumed_stable_2012_2020,No known mid-decade statewide boundary break configured.,4,2012,2020,-4.475882665018188,-2.454684695996275,6.613577673605491,2.951613701811613,5.645412783006183,17.67228174003218,1,3,0.25,0.75,0.75,0.75,2,1,2,R,1,3,4.662673093236959,7.118848066784493,6.3694835611055005,11.769054336408953,13.988019279710878,-4.4758826650181875,3.976112166904677,3.025921095135215,high
NY-23,NY,NY_2012_2020_default,assumed_stable_2012_2020,No known mid-decade statewide boundary break configured.,5,2012,2020,-9.827455246087919,-10.251250852470308,5.952766765821477,4.506869180575677,9.827455246087919,16.82679349259577,0,5,0.0,0.2,0.4,0.8,0,0,5,R,5,4,-3.260884564406334,9.34730913406583,9.87511912702182,16.82679349259577,-13.043538257625338,-9.827455246087919,-1.3914227375931696,5.618124037335431,high
NY-24,NY,NY_2012_2020_default,assumed_stable_2012_2020,No known mid-decade statewide boundary break configured.,5,2012,2020,-3.0380146990501515,-2.3701170739729447,7.943888786723724,8.076404111572018,7.1331989681287995,21.94179084595562,2,3,0.4,0.4,0.6,1.0,3,1,2,R,1,4,-2.9251280028747733,9.684608824674747,11.780207204145931,19.77691612307111,-11.700512011499093,-3.0380146990501506,-1.2046937102282747,7.759046022863107,high
NY-25,NY,NY_2012_2020_default,assumed_stable_2012_2020,No known mid-decade statewide boundary break configured.,5,2012,2020,16.1811260119426,18.425145619035817,5.439060489056643,2.128391295134108,16.1811260119426,15.23041039501632,5,0,1.0,0.0,0.2,0.2,0,5,0,D,5,4,0.2635748004879721,7.3516303970201875,8.605968444697627,12.688208168650098,1.0542992019518884,16.181126011942595,1.7339008798920104,4.854951542604367,high
NY-26,NY,NY_2012_2020_default,assumed_stable_2012_2020,No known mid-decade statewide boundary break configured.,5,2012,2020,39.92755180729169,41.39372157649905,4.8982690868482965,3.8140262994588596,39.92755180729169,12.44515194323882,5,0,1.0,0.0,0.0,0.0,0,5,0,D,5,4,-3.111287985809705,7.4993897636965965,7.2813965728986005,9.459002828203595,-12.44515194323882,39.92755180729168,-1.9245327357732867,4.072516119679279,high
NY-27,NY,NY_2012_2020_default,assumed_stable_2012_2020,No known mid-decade statewide boundary break configured.,5,2012,2020,-10.919367502449797,-14.060512516276942,12.019572471219343,13.0056329563534,13.169222933214012,31.854438497516426,2,3,0.4,0.4,0.4,0.6,3,1,2,R,1,4,-3.7242145170753496,19.651433765833563,20.689927729006634,27.902491024654797,-14.896858068301396,-10.919367502449797,0.2060722360913618,12.016038900482906,high
OH-1,OH,OH_2012_2020_default,assumed_stable_2012_2020,No known mid-decade statewide boundary break configured.,5,2012,2020,-15.311778791313875,-18.425087657981667,8.270338050015967,8.008293129624157,15.311778791313875,22.0158729520218,0,5,0.0,0.2,0.4,0.4,0,0,5,R,5,4,3.247011262160264,7.760925213850637,8.143843832201084,14.007579822397645,12.988045048641057,-15.311778791313875,4.79919630493039,4.725877814229529,high
OH-2,OH,OH_2012_2020_default,assumed_stable_2012_2020,No known mid-decade statewide boundary break configured.,5,2012,2020,-23.980492263103645,-22.173477394181017,6.88158004543529,5.81608029895591,23.980492263103645,15.82178528158921,0,5,0.0,0.0,0.0,0.0,0,0,5,R,5,4,-1.226557176159453,9.137449816954058,11.102439807494905,15.82178528158921,-4.906228704637812,-23.98049226310364,0.5755301255253802,6.833276964309192,high
OH-3,OH,OH_2012_2020_default,assumed_stable_2012_2020,No known mid-decade statewide boundary break configured.,5,2012,2020,39.22844692058139,41.6861833991504,6.406161853644543,4.538207246674524,39.22844692058139,19.115652877992712,5,0,1.0,0.0,0.0,0.0,0,5,0,D,5,4,-0.06341620019007621,9.621242639186432,10.061607670563136,13.813561213222076,-0.25366480076030484,39.22844692058138,1.8608323276472125,5.840677682585869,high
OH-4,OH,OH_2012_2020_default,assumed_stable_2012_2020,No known mid-decade statewide boundary break configured.,5,2012,2020,-32.448129995052724,-35.33148458661164,5.892980260784405,3.2093610348320993,32.448129995052724,16.678405605852586,0,5,0.0,0.0,0.0,0.0,0,0,5,R,5,4,-4.169601401463146,6.8943852585463565,7.17968429394329,13.469044571020486,-16.678405605852586,-32.448129995052724,-2.8553482643818926,4.291991254904572,high
OH-5,OH,OH_2012_2020_default,assumed_stable_2012_2020,No known mid-decade statewide boundary break configured.,5,2012,2020,-32.11186981775789,-35.99572465282647,8.479658590825686,5.804496222500717,32.11186981775789,23.695082162477846,0,5,0.0,0.0,0.0,0.0,0,0,5,R,5,4,-4.472646484994282,11.813273534849667,12.350706449125646,19.434159359320702,-17.89058593997713,-32.111869817757885,-2.5360840583400646,7.683824901377613,high
OH-6,OH,OH_2012_2020_default,assumed_stable_2012_2020,No known mid-decade statewide boundary break configured.,5,2012,2020,-30.96690278375514,-38.501743556855985,15.557375521824186,10.325435190481905,30.96690278375514,42.32449248932766,0,5,0.0,0.0,0.2,0.2,0,0,5,R,5,4,-10.581123122331915,12.006210452754312,8.813422534579612,21.700931078829957,-42.32449248932766,-30.96690278375514,-10.349974139664049,5.271432797980569,high
OH-7,OH,OH_2012_2020_default,assumed_stable_2012_2020,No known mid-decade statewide boundary break configured.,4,2012,2020,-25.919336450755353,-26.282293729808337,10.967395307617133,10.417185063496493,25.919336450755353,25.53044988140835,0,4,0.0,0.0,0.0,0.25,0,0,4,R,4,3,-8.51014996046945,20.23689628632916,18.465192497211483,22.286199243204933,-25.53044988140835,-25.91933645075535,-4.871862548282845,8.268213203320599,high
OH-9,OH,OH_2012_2020_default,assumed_stable_2012_2020,No known mid-decade statewide boundary break configured.,5,2012,2020,36.94039052390512,35.591130350051955,7.626355659784486,1.781301466037391,36.94039052390512,23.8454932217729,5,0,1.0,0.0,0.0,0.0,0,5,0,D,5,4,-5.961373305443225,6.8626904797044945,6.356525940398149,14.437245636228418,-23.8454932217729,36.94039052390512,-4.766965356106062,3.5655831552350614,high
OH-10,OH,OH_2012_2020_default,assumed_stable_2012_2020,No known mid-decade statewide boundary break configured.,5,2012,2020,-23.51793735939695,-22.050441700913144,7.856920741928049,8.289198507171708,23.51793735939695,19.888298694337685,0,5,0.0,0.0,0.0,0.2,0,0,5,R,5,4,1.3342069266476662,8.609942420521175,10.63929913541619,17.653602826187143,5.336827706590665,-23.51793735939695,3.0561954107519003,6.561291242395604,high
OH-12,OH,OH_2012_2020_default,assumed_stable_2012_2020,No known mid-decade statewide boundary break configured.,5,2012,2020,-24.340303463226004,-26.93921416436438,13.70657367024139,13.41386909471261,24.340303463226004,36.13059630616946,0,5,0.0,0.2,0.2,0.4,0,0,5,R,5,4,3.3679557646740523,14.697342388410677,17.953253790512715,32.49685488120542,13.471823058696208,-24.340303463226,6.307424242356185,10.406870837654779,high
OH-13,OH,OH_2012_2020_default,assumed_stable_2012_2020,No known mid-decade statewide boundary break configured.,5,2012,2020,29.514335948355058,35.464799158452486,13.323514773674923,10.074921247465703,29.514335948355058,37.98744577555129,5,0,1.0,0.0,0.2,0.2,0,5,0,D,5,4,-9.496861443887823,9.496861443887823,5.1037055785506675,14.437620742987123,-37.98744577555129,29.514335948355054,-9.100998635143224,3.4437905875032846,high
OH-14,OH,OH_2012_2020_default,assumed_stable_2012_2020,No known mid-decade statewide boundary break configured.,5,2012,2020,-20.287875430128718,-20.198263932570136,6.9836654523353,5.006364510141037,20.287875430128718,19.7399056888246,0,5,0.0,0.0,0.0,0.2,0,0,5,R,5,4,-1.2233731112471777,11.093325955659477,11.755259293161902,14.931038000721307,-4.893492444988711,-20.28787543012871,0.9952920798847144,6.840348711986775,high
OH-15,OH,OH_2012_2020_default,assumed_stable_2012_2020,No known mid-decade statewide boundary break configured.,5,2012,2020,-26.593972172101694,-26.846758016595324,5.257717274599114,5.200657216087684,26.593972172101694,13.699584141382108,0,5,0.0,0.0,0.0,0.0,0,0,5,R,5,4,-0.9324702827682838,7.782262353459338,9.104339434233054,13.699584141382108,-3.7298811310731352,-26.59397217210169,0.5958039678373799,5.1897616711595145,high
OH-16,OH,OH_2012_2020_default,assumed_stable_2012_2020,No known mid-decade statewide boundary break configured.,5,2012,2020,-20.414654785061604,-26.382835214585366,10.05099573965128,4.275915335144976,20.414654785061604,26.564755918442835,0,5,0.0,0.2,0.2,0.4,0,0,5,R,5,4,-5.5722101458244655,14.170411953004207,14.960605697693588,23.381351963046427,-22.28884058329786,-20.414654785061597,-3.0564681507632665,9.074057540330443,high
OK-1,OK,OK_2012_2020_default,assumed_stable_2012_2020,No known mid-decade statewide boundary break configured.,3,2012,2020,-27.014655490622577,-31.01877658575555,5.953168855573019,0.40752164214934083,27.014655490622577,12.82740656969759,0,3,0.0,0.0,0.0,0.0,0,0,3,R,3,2,0.20376082107467042,12.62364574862292,12.62364574862292,12.82740656969759,0.40752164214934083,-27.014655490622538,1.0650931288516103,5.671242927704859,medium
OK-2,OK,OK_2012_2020_default,assumed_stable_2012_2020,No known mid-decade statewide boundary break configured.,5,2012,2020,-39.958938243728575,-45.42791669560057,12.008915507157086,7.613566423830193,39.958938243728575,34.039998753159395,0,5,0.0,0.0,0.0,0.0,0,0,5,R,5,4,-8.509999688289849,14.7509302530058,14.972691737610049,26.426432329329206,-34.039998753159395,-39.95893824372857,-5.7573053764672375,8.827282779102575,high
OK-3,OK,OK_2012_2020_default,assumed_stable_2012_2020,No known mid-decade statewide boundary break configured.,5,2012,2020,-54.77328601939274,-56.581731844536584,3.573392780755935,0.6483026473710822,54.77328601939274,9.482186671857683,0,5,0.0,0.0,0.0,0.0,0,0,5,R,5,4,-0.4143270714261078,5.155420407354949,6.4550744304876835,9.234214293036977,-1.6573082857044312,-54.77328601939273,0.6167570100448766,3.4653077131301946,high
OK-4,OK,OK_2012_2020_default,assumed_stable_2012_2020,No known mid-decade statewide boundary break configured.,5,2012,2020,-39.811324627508895,-40.2925506374577,5.476545943558467,3.2530803377835227,39.811324627508895,16.081803118761954,0,5,0.0,0.0,0.0,0.0,0,0,5,R,5,4,0.3201649340003492,7.720736625380628,8.695919022065695,13.483257222927563,1.2806597360013967,-39.81132462750889,1.8643122590764698,4.8001286517364345,high
OK-5,OK,OK_2012_2020_default,assumed_stable_2012_2020,No known mid-decade statewide boundary break configured.,5,2012,2020,-13.646058876870054,-20.284064582813556,10.241348608914457,3.4960438799188758,14.204813480150941,25.176994970934643,1,4,0.2,0.4,0.4,0.4,2,1,3,R,1,4,4.328378875119781,8.26011861034754,10.527573107406289,21.680951091015764,17.313515500479127,-13.646058876870056,5.980402597189286,5.775360671021101,high
OR-1,OR,OR_2012_2020_default,assumed_stable_2012_2020,No known mid-decade statewide boundary break configured.,5,2012,2020,26.604129037512173,26.551599493945417,3.532175377787828,3.7074402548324983,26.604129037512173,8.941382050448539,5,0,1.0,0.0,0.0,0.0,0,5,0,D,5,4,0.7084413883994074,3.762249636824862,4.913917394000322,8.941382050448539,2.8337655535976296,26.60412903751217,1.4413823596786361,2.8846311178147346,high
OR-2,OR,OR_2012_2020_default,assumed_stable_2012_2020,No known mid-decade statewide boundary break configured.,5,2012,2020,-33.55574732397378,-39.51844216038886,11.430373749141093,5.219837390798411,33.55574732397378,27.84175681916825,0,5,0.0,0.0,0.0,0.0,0,0,5,R,5,4,4.14357925245509,9.777299157129034,13.357471216862637,26.784844293686252,16.57431700982036,-33.555747323973776,6.0990390838808946,7.50045922271699,high
OR-3,OR,OR_2012_2020_default,assumed_stable_2012_2020,No known mid-decade statewide boundary break configured.,4,2012,2020,52.42733841954722,52.74502715466491,1.8572457702285803,0.9916348866586375,52.42733841954722,5.175291428471468,4,0,1.0,0.0,0.0,0.0,0,4,0,D,4,3,-1.7250971428238226,1.7664325152463836,1.3660160753617867,3.2540247137880343,-5.175291428471468,52.427338419547226,-1.0288579798309094,0.896097089816501,high
OR-4,OR,OR_2012_2020_default,assumed_stable_2012_2020,No known mid-decade statewide boundary break configured.,5,2012,2020,15.45991125300634,15.817419913071475,5.5683092533989935,4.265726428933814,15.45991125300634,15.667416677992772,5,0,1.0,0.0,0.2,0.2,0,5,0,D,5,4,-3.6914764434245857,4.1422318955718005,4.158408352570067,9.779851627041317,-14.765905773698343,15.459911253006334,-3.541937659834814,2.43216429732381,high
OR-5,OR,OR_2012_2020_default,assumed_stable_2012_2020,No known mid-decade statewide boundary break configured.,5,2012,2020,11.287385501561914,11.588255023325305,2.649629165469908,1.6067492866708175,11.287385501561914,7.71197524992027,5,0,1.0,0.0,0.2,1.0,0,5,0,D,5,4,-1.2130214799689525,4.005790941154805,4.100907443093496,6.4588352065466275,-4.85208591987581,11.287385501561912,-1.0957311883125254,2.1492512743807315,high
PA-1,PA,PA_2012_2016,stable_within_regime,2011 plan used through 2016,3,2012,2016,66.6581638347693,65.6742888520017,2.3482603019410133,1.271091634517333,66.6581638347693,5.493808217337474,3,0,1.0,0.0,0.0,0.0,0,3,0,D,3,2,-2.746904108668737,2.746904108668737,1.4758124741514038,4.222716582820141,-5.493808217337474,66.6581638347693,-2.7469041086687334,0.6957046721547694,medium
PA-2,PA,PA_2012_2016,stable_within_regime,2011 plan used through 2016,3,2012,2016,78.55771940552903,79.91194940317521,2.2352383314243762,0.44231250458247473,78.55771940552903,4.947315002103522,3,0,1.0,0.0,0.0,0.0,0,3,0,D,3,2,0.22115625229123737,4.726158749812285,4.726158749812285,4.947315002103522,0.44231250458247473,78.55771940552904,0.22115625229123884,2.2279326006376015,medium
PA-3,PA,PA_2012_2016,stable_within_regime,2011 plan used through 2016,2,2012,2014,-17.555166369930603,-17.555166369930603,3.706881662445989,3.706881662445989,17.555166369930603,7.413763324891978,0,2,0.0,0.0,0.0,0.5,0,0,2,R,2,1,-7.413763324891978,7.413763324891978,0.0,7.413763324891978,-7.413763324891978,-17.555166369930596,-7.413763324891979,5.617333549722722e-15,low
PA-4,PA,PA_2012_2016,stable_within_regime,2011 plan used through 2016,3,2012,2016,-35.5008988033334,-32.1125748502994,9.989596962022626,6.79511975456942,35.5008988033334,23.75521136824083,0,3,0.0,0.0,0.0,0.0,0,0,3,R,3,2,-3.39755987728471,20.35765149095612,20.35765149095612,23.75521136824083,-6.79511975456942,-35.500898803333406,-3.397559877284707,9.596688945525,medium
PA-5,PA,PA_2012_2016,stable_within_regime,2011 plan used through 2016,3,2012,2016,-29.123428090205383,-27.192201573618934,3.721407420004285,1.3429813162419144,29.123428090205383,8.479642182243175,0,3,0.0,0.0,0.0,0.0,0,0,3,R,3,2,-4.239821091121588,4.239821091121588,2.8968397748796733,7.136660866001261,-8.479642182243175,-29.12342809020538,-4.239821091121593,1.3655833658855523,medium
PA-6,PA,PA_2012_2016,stable_within_regime,2011 plan used through 2016,3,2012,2016,-13.7799579332984,-14.282563601249374,0.8508309953894465,0.19288119540909854,13.7799579332984,1.8935793946711197,0,3,0.0,0.0,0.0,1.0,0,0,3,R,3,2,-0.09644059770454927,1.7971387969665704,1.7971387969665704,1.8935793946711197,-0.19288119540909854,-13.7799579332984,-0.09644059770455123,0.8471793533789973,medium
PA-7,PA,PA_2012_2016,stable_within_regime,2011 plan used through 2016,3,2012,2016,-20.602374895509048,-18.93376055989165,2.458166355205191,0.138227374244984,20.602374895509048,5.282297755342171,0,3,0.0,0.0,0.0,0.0,0,0,3,R,3,2,-0.069113687122492,5.213184068219679,5.213184068219679,5.282297755342171,-0.138227374244984,-20.60237489550905,-0.0691136871224934,2.457518537474539,medium
PA-8,PA,PA_2012_2016,stable_within_regime,2011 plan used through 2016,3,2012,2016,-15.287570214487568,-13.206979371901951,6.27923032181315,4.3555070150280635,15.287570214487568,14.952786557812985,0,3,0.0,0.0,0.3333333333333333,0.6666666666666666,0,0,3,R,3,2,2.1777535075140317,12.775033050298953,12.775033050298953,14.952786557812985,4.3555070150280635,-15.287570214487575,2.1777535075140326,6.02220833316577,medium
PA-9,PA,PA_2012_2016,stable_within_regime,2011 plan used through 2016,3,2012,2016,-25.691594376159106,-26.68171710827831,1.662644637626897,0.3617927609209026,25.691594376159106,3.6939537181994133,0,3,0.0,0.0,0.0,0.0,0,0,3,R,3,2,-1.6660804786392553,2.027873239560158,2.027873239560158,3.6939537181994133,-3.3321609572785107,-25.69159437615911,-1.666080478639257,0.9559486127198134,medium
PA-10,PA,PA_2012_2016,stable_within_regime,2011 plan used through 2016,3,2012,2016,-36.42656937598884,-37.77353844788767,3.8626375517984415,2.5642174844283048,36.42656937598884,9.169342184553088,0,3,0.0,0.0,0.0,0.0,0,0,3,R,3,2,-4.584671092276544,4.584671092276544,2.020453607848239,6.605124700124783,-9.169342184553088,-36.42656937598885,-4.584671092276544,0.9524509647882102,medium
PA-11,PA,PA_2012_2016,stable_within_regime,2011 plan used through 2016,3,2012,2016,-25.67947615547358,-27.33565118558462,6.445668040132792,5.278647213912922,25.67947615547358,15.525819518158965,0,3,0.0,0.0,0.0,0.0,0,0,3,R,3,2,-5.123586152123021,10.402233366035944,10.402233366035944,15.525819518158965,-10.247172304246043,-25.679476155473587,-5.12358615212302,4.903659835072655,medium
PA-12,PA,PA_2012_2016,stable_within_regime,2011 plan used through 2016,3,2012,2016,-15.18319774353582,-18.555397575965284,8.52686544981992,4.968282561226953,15.18319774353582,20.053164619742297,0,3,0.0,0.3333333333333333,0.3333333333333333,0.3333333333333333,0,0,3,R,3,2,-10.026582309871149,10.026582309871149,5.058299748644195,15.084882058515344,-20.053164619742297,-15.183197743535825,-10.026582309871149,2.384505369027013,medium
PA-13,PA,PA_2012_2016,stable_within_regime,2011 plan used through 2016,2,2012,2014,36.20725526523597,36.20725526523597,1.9677765793820434,1.9677765793820434,36.20725526523597,3.935553158764087,2,0,1.0,0.0,0.0,0.0,0,2,0,D,2,1,-3.935553158764087,3.935553158764087,0.0,3.935553158764087,-3.935553158764087,36.20725526523595,-3.9355531587640824,1.8115356374411762e-14,low
PA-14,PA,PA_2012_2016,stable_within_regime,2011 plan used through 2016,2,2012,2016,51.260476697869834,51.260476697869834,2.52820213277656,2.52820213277656,51.260476697869834,5.05640426555312,2,0,1.0,0.0,0.0,0.0,0,2,0,D,2,1,-5.05640426555312,5.05640426555312,0.0,5.05640426555312,-5.05640426555312,51.26047669786981,-2.5282021327765594,1.8115356374411762e-14,low
PA-15,PA,PA_2012_2016,stable_within_regime,2011 plan used through 2016,2,2012,2016,-16.933441071109364,-16.933441071109364,3.4323460972409485,3.4323460972409485,16.933441071109364,6.864692194481897,0,2,0.0,0.0,0.0,0.5,0,0,2,R,2,1,-6.864692194481897,6.864692194481897,0.0,6.864692194481897,-6.864692194481897,-16.933441071109357,-3.4323460972409503,6.764165321960921e-15,low
PA-16,PA,PA_2012_2016,stable_within_regime,2011 plan used through 2016,3,2012,2016,-14.035143251388286,-15.43904445768434,2.24847483723732,0.3650295500619656,14.035143251388286,4.941762719012093,0,3,0.0,0.0,0.0,0.3333333333333333,0,0,3,R,3,2,2.4708813595060466,2.4708813595060466,2.105851809444081,4.576733168950128,4.941762719012093,-14.03514325138829,2.470881359506047,0.9927080630879139,medium
PA-17,PA,PA_2012_2016,stable_within_regime,2011 plan used through 2016,3,2012,2016,13.915525590853926,13.516428255508904,5.320470311156369,5.90839998464345,13.915525590853926,13.014091975321968,3,0,1.0,0.0,0.3333333333333333,0.6666666666666666,0,3,0,D,3,2,-6.507045987660984,6.507045987660984,0.5986460030175338,7.105691990678517,-13.014091975321968,13.915525590853926,-6.507045987660982,0.28220443217594704,medium
PA-18,PA,PA_2012_2016,stable_within_regime,2011 plan used through 2016,1,2012,2012,-27.910456129582467,-27.910456129582467,0.0,0.0,27.910456129582467,0.0,0,1,0.0,0.0,0.0,0.0,0,0,1,R,1,0,,,,,,,,,insufficient_single_cycle
RI-1,RI,RI_2012_2020_default,assumed_stable_2012_2020,No known mid-decade statewide boundary break configured.,4,2012,2018,23.603532937812965,24.33187333560651,8.43602193036682,7.183088315932206,23.603532937812965,21.495698684602146,4,0,1.0,0.0,0.0,0.25,0,4,0,D,4,3,7.165232894867383,7.165232894867383,2.4226180523299825,10.150016170300841,21.495698684602146,23.603532937812965,7.463711222410729,1.2380365484124938,high
RI-2,RI,RI_2012_2020_default,assumed_stable_2012_2020,No known mid-decade statewide boundary break configured.,5,2012,2020,23.31476872985679,24.64450513231001,4.117343400123079,2.764418358185214,23.31476872985679,10.704772778172359,5,0,1.0,0.0,0.0,0.0,0,5,0,D,5,4,-0.9750896011791417,4.377296787907038,5.714214842958093,10.507604484793557,-3.9003584047165667,23.314768729856784,-0.5233466744626702,4.050275693233091,high
SC-1,SC,SC_2012_2020_default,assumed_stable_2012_2020,No known mid-decade statewide boundary break configured.,4,2012,2020,-13.158767208584871,-12.91533217990526,13.312686395063361,12.974105189826503,13.851450373009277,29.57513713222659,1,3,0.25,0.5,0.5,0.5,2,1,2,R,1,3,8.97398349812382,10.74277459002724,12.273365192382554,25.948210379653005,26.921950494371455,-13.158767208584873,7.815775374420182,6.603123504420693,high
SC-3,SC,SC_2012_2020_default,assumed_stable_2012_2020,No known mid-decade statewide boundary break configured.,5,2012,2020,-40.16193141288941,-42.41230664170869,4.488574083506283,3.366427497936634,40.16193141288941,12.501923927801371,0,5,0.0,0.0,0.0,0.0,0,0,5,R,5,4,-2.3108414565844075,6.789393509873319,6.821534224746176,9.135496429864737,-9.24336582633763,-40.1619314128894,-1.2896055044034105,4.1013574081210145,high
SC-4,SC,SC_2012_2020_default,assumed_stable_2012_2020,No known mid-decade statewide boundary break configured.,4,2012,2020,-29.323910246882157,-29.051806977840034,5.581902568551002,5.189017075289419,29.323910246882157,13.16702190784773,0,4,0.0,0.0,0.0,0.0,0,0,4,R,4,3,2.8924864898261426,5.885528115405677,7.278769094575843,13.16702190784773,8.677459469478428,-29.32391024688215,2.7047230427244107,3.892932255480649,high
SC-5,SC,SC_2012_2020_default,assumed_stable_2012_2020,No known mid-decade statewide boundary break configured.,5,2012,2020,-18.295453977005543,-20.21170868622665,2.6819204623370694,0.500272814815343,18.295453977005543,6.172570055841762,0,5,0.0,0.0,0.0,0.2,0,0,5,R,5,4,-1.4180743102566047,4.004301725982627,4.367432207206678,6.172570055841762,-5.672297241026419,-18.295453977005536,-0.6172139650600814,2.5359004730020285,high
SC-7,SC,SC_2012_2020_default,assumed_stable_2012_2020,No known mid-decade statewide boundary break configured.,5,2012,2020,-20.41130948564497,-19.97213217975327,3.9226995781399006,3.684041688867488,20.41130948564497,11.270848767943354,0,5,0.0,0.0,0.0,0.2,0,0,5,R,5,4,-2.4257683654281874,5.412147053808142,4.882381957226357,6.019031772845262,-9.70307346171275,-20.411309485644967,-1.8685206541763701,2.8991090200562626,high
SD-AL,SD,SD_2012_2020_default,assumed_stable_2012_2020,No known mid-decade statewide boundary break configured.,4,2012,2018,-25.12431175216154,-26.26926226590016,6.663916640103245,4.363150602165327,25.12431175216154,18.159785479537923,0,4,0.0,0.0,0.0,0.25,0,0,4,R,4,3,-3.1444947584024234,8.96202889462286,10.62496550107362,18.159785479537923,-9.433484275207269,-25.124311752161535,-2.344677060536904,6.126654620466618,high
TN-1,TN,TN_2012_2020_default,assumed_stable_2012_2020,No known mid-decade statewide boundary break configured.,4,2012,2020,-56.84730900287826,-56.09983618604236,3.8571733475119605,1.9559430810055574,56.84730900287826,10.702344274809406,0,4,0.0,0.0,0.0,0.0,0,0,4,R,4,3,1.303962054003705,5.830934129202565,5.861973794378563,6.901777429354709,3.9118861620111147,-56.847309002878255,0.9859319770441515,3.5709103750529203,high
TN-2,TN,TN_2012_2020_default,assumed_stable_2012_2020,No known mid-decade statewide boundary break configured.,5,2012,2020,-44.90404830323546,-49.93733171015466,8.47935989625386,3.8884938886052893,44.90404830323546,20.946458557475722,0,5,0.0,0.0,0.0,0.0,0,0,5,R,5,4,4.309790374780375,6.84029958205018,8.593456925152887,18.411686025055822,17.2391614991215,-44.904048303235456,5.153628766711338,4.333562659065738,high
TN-3,TN,TN_2012_2020_default,assumed_stable_2012_2020,No known mid-decade statewide boundary break configured.,5,2012,2020,-31.463312946787266,-29.207169450491325,4.782319246906632,3.2306563660917895,31.463312946787266,11.573767736333835,0,5,0.0,0.0,0.0,0.0,0,0,5,R,5,4,-2.7069619602152315,6.878517645336254,7.0134379565750296,9.772040367681743,-10.827847840860926,-31.463312946787255,-2.3084624679161574,3.4946501180774194,high
TN-4,TN,TN_2012_2020_default,assumed_stable_2012_2020,No known mid-decade statewide boundary break configured.,5,2012,2020,-25.5427592207456,-29.794666402811774,7.778030182614625,3.5358867531859595,25.5427592207456,21.818345341261622,0,5,0.0,0.0,0.0,0.2,0,0,5,R,5,4,-5.454586335315406,5.59135959942845,4.346507254182496,11.495947984408424,-21.818345341261622,-25.5427592207456,-5.042320128619049,3.1060857944864417,high
TN-5,TN,TN_2012_2020_default,assumed_stable_2012_2020,No known mid-decade statewide boundary break configured.,4,2012,2018,29.968524564595107,29.536828372607722,4.295051777795256,3.672894580571173,29.968524564595107,10.586947523167037,4,0,1.0,0.0,0.0,0.0,0,4,0,D,4,3,1.0803861206748973,5.9775788947697945,6.949352253923083,10.586947523167037,3.2411583620246915,29.968524564595107,0.8209101491998925,4.19584353052136,high
TN-7,TN,TN_2012_2020_default,assumed_stable_2012_2020,No known mid-decade statewide boundary break configured.,5,2012,2020,-43.26594379565941,-43.224176255644146,4.834000290831155,3.8213648510537155,43.26594379565941,13.957047578426007,0,5,0.0,0.0,0.0,0.0,0,0,5,R,5,4,1.1129189227736855,7.776287291966176,8.602533609869955,13.957047578426007,4.451675691094742,-43.265943795659396,1.7372983326870617,4.163069518785528,high
TN-8,TN,TN_2012_2020_default,assumed_stable_2012_2020,No known mid-decade statewide boundary break configured.,5,2012,2020,-41.26489551968344,-39.87982334962888,3.209992324080558,2.321185164845616,41.26489551968344,8.689515006213,0,5,0.0,0.0,0.0,0.0,0,0,5,R,5,4,0.2272384293982519,4.117519073708248,4.645370318767934,6.368329841367384,0.9089537175930076,-41.264895519683435,1.0507422441398984,2.8453351636346444,high
TN-9,TN,TN_2012_2020_default,assumed_stable_2012_2020,No known mid-decade statewide boundary break configured.,5,2012,2020,56.162525915986535,57.2657279314888,4.007181784811886,3.479494577272689,56.162525915986535,9.475634840874307,5,0,1.0,0.0,0.0,0.0,0,5,0,D,5,4,1.4990350659004044,3.238782354536749,4.232226646356686,8.223640163343866,5.9961402636016174,56.16252591598652,2.108327738173912,2.677202673205967,high
TX-1,TX,TX_2012_2020_default,assumed_stable_2012_2020,No known mid-decade statewide boundary break configured.,5,2012,2020,-48.05791771798925,-45.935888621519425,3.8920090384263792,1.435011421509813,48.05791771798925,10.4318099297696,0,5,0.0,0.0,0.0,0.0,0,0,5,R,5,4,-0.16409635491168295,5.051808609973117,6.137874101133399,10.4318099297696,-0.6563854196467318,-48.05791771798924,0.7684027668966295,3.7372247364647246,high
TX-2,TX,TX_2012_2020_default,assumed_stable_2012_2020,No known mid-decade statewide boundary break configured.,5,2012,2020,-23.03131364234879,-24.605370980031346,11.583037529861372,11.78429612553529,23.03131364234879,31.02136311275721,0,5,0.0,0.0,0.2,0.4,0,0,5,R,5,4,4.8279228033777075,10.682758753000899,10.761280967624494,17.317374381805127,19.311691213510834,-23.031313642348785,6.964474553977884,6.095813874468775,high
TX-4,TX,TX_2012_2020_default,assumed_stable_2012_2020,No known mid-decade statewide boundary break configured.,3,2012,2020,-51.37780299369896,-52.54867481934737,1.7393767333516807,0.11717605027889988,51.37780299369896,3.7469675775030638,0,3,0.0,0.0,0.0,0.0,0,0,3,R,3,2,-1.814895763612082,1.9320718138909818,1.9320718138909818,3.7469675775030638,-3.629791527224164,-51.37780299369901,-0.9862651073510343,0.4640632587738858,medium
TX-5,TX,TX_2012_2020_default,assumed_stable_2012_2020,No known mid-decade statewide boundary break configured.,3,2012,2020,-27.345560736143018,-26.066195219194544,2.7560661254201784,1.2694103862295343,27.345560736143018,6.3769173233045,0,3,0.0,0.0,0.0,0.0,0,0,3,R,3,2,2.553753468537483,3.8231638547670173,3.8231638547670173,6.3769173233045,5.107506937074966,-27.345560736142964,1.4727449743070689,1.153240971551347,medium
TX-6,TX,TX_2012_2020_default,assumed_stable_2012_2020,No known mid-decade statewide boundary break configured.,5,2012,2020,-15.857209235528156,-18.791210549900775,6.5670936241075974,5.91606646405986,15.857209235528156,17.047986741270996,0,5,0.0,0.0,0.4,0.4,0,0,5,R,5,4,2.493559596462464,6.0304337741730345,6.63992776149965,11.65200590434918,9.974238385849857,-15.85720923552815,3.6996463512970688,3.9688729405793772,high
TX-7,TX,TX_2012_2020_default,assumed_stable_2012_2020,No known mid-decade statewide boundary break configured.,5,2012,2020,-11.409493592938906,-12.347133246977885,13.83489387209292,15.681793016178045,14.765845093034438,33.77307917416947,2,3,0.4,0.2,0.4,0.6,1,2,3,D,2,4,6.927253261006207,9.959286326078525,10.008976103365065,17.40335222801655,27.709013044024825,-11.409493592938901,8.919110526221912,5.683592463763493,high
TX-8,TX,TX_2012_2020_default,assumed_stable_2012_2020,No known mid-decade statewide boundary break configured.,3,2012,2020,-50.85728614632408,-48.57378189405865,4.35839511773135,1.5328297695838486,50.85728614632408,9.916172295963996,0,3,0.0,0.0,0.0,0.0,0,0,3,R,3,2,4.958086147981998,4.958086147981998,3.4252563783981493,8.383342526380147,9.916172295963996,-50.85728614632398,2.5518287127915453,0.4285502375929151,medium
TX-9,TX,TX_2012_2020_default,assumed_stable_2012_2020,No known mid-decade statewide boundary break configured.,3,2012,2020,57.97739619540517,58.79955983134131,3.0934397767745354,2.487922332638682,57.97739619540517,7.442335573085785,3,0,1.0,0.0,0.0,0.0,0,3,0,D,3,2,-2.4772066202235514,4.9651289528622335,4.9651289528622335,7.442335573085785,-4.954413240447103,57.97739619540517,-1.2386033101117746,2.3405842346896986,medium
TX-10,TX,TX_2012_2020_default,assumed_stable_2012_2020,No known mid-decade statewide boundary break configured.,5,2012,2020,-16.520272602741596,-18.890275111964172,9.345121000421729,9.151774077653872,16.520272602741596,23.77601664536429,0,5,0.0,0.2,0.4,0.4,0,0,5,R,5,4,4.283413044671594,7.604595278010551,7.853391209324436,14.624242567710418,17.133652178686376,-16.520272602741596,5.804332100273703,4.466625600158103,high
TX-11,TX,TX_2012_2020_default,assumed_stable_2012_2020,No known mid-decade statewide boundary break configured.,3,2012,2020,-61.05947146326153,-61.40869785758107,0.70968298485932,0.29102579779132043,61.05947146326153,1.6297307785412656,0,3,0.0,0.0,0.0,0.0,0,0,3,R,3,2,-0.6693524903749726,0.960378288166293,0.960378288166293,1.6297307785412656,-1.3387049807499452,-61.059471463261545,-0.38280717157047334,0.28338722139290146,medium
TX-12,TX,TX_2012_2020_default,assumed_stable_2012_2020,No known mid-decade statewide boundary break configured.,5,2012,2020,-38.56737979984623,-42.54560867492008,6.6116452977223465,2.454706325394916,38.56737979984623,14.622015541487702,0,5,0.0,0.0,0.0,0.0,0,0,5,R,5,4,3.3880385650345035,3.9229692057093475,5.216191771749018,12.167309216092786,13.552154260138014,-38.56737979984623,4.17263240617637,2.9819676639339265,high
TX-14,TX,TX_2012_2020_default,assumed_stable_2012_2020,No known mid-decade statewide boundary break configured.,5,2012,2020,-20.311677187173725,-23.281626579104863,6.0303130276196795,2.50527509421941,20.311677187173725,16.93435996920084,0,5,0.0,0.0,0.2,0.2,0,0,5,R,5,4,-3.6072712187453577,6.53815894993608,8.133807527568997,16.93435996920084,-14.429084874981433,-20.311677187173714,-2.299639428758145,5.078187886094947,high
TX-15,TX,TX_2012_2020_default,assumed_stable_2012_2020,No known mid-decade statewide boundary break configured.,5,2012,2020,15.639461365807373,19.6276742600533,7.757829704393289,4.40052682953425,15.639461365807373,21.150302113102626,5,0,1.0,0.2,0.2,0.4,0,5,0,D,5,4,-5.2875755282756565,10.37242436644281,10.845311957999659,18.038716113137774,-21.150302113102626,15.63946136580737,-3.2130906549870923,6.287767378651669,high
TX-16,TX,TX_2012_2020_default,assumed_stable_2012_2020,No known mid-decade statewide boundary break configured.,4,2012,2020,35.42128639027466,35.4047494371959,4.715304187908251,4.439852123921842,35.42128639027466,11.994606512672547,4,0,1.0,0.0,0.0,0.0,0,4,0,D,4,3,-1.0162514841712802,6.980152857610418,7.841659598828529,11.994606512672547,-3.0487544525138404,35.42128639027466,-0.29826066401988044,4.691662288064982,high
TX-18,TX,TX_2012_2020_default,assumed_stable_2012_2020,No known mid-decade statewide boundary break configured.,5,2012,2020,50.70489565076419,49.85169450046009,2.5303898122099615,2.580948677673824,50.70489565076419,7.410241065978489,5,0,1.0,0.0,0.0,0.0,0,5,0,D,5,4,-0.6616754465110404,4.366795979500285,4.418722642444096,5.410664119554539,-2.6467017860441615,50.70489565076418,0.21168374938902268,2.5126186702771216,high
TX-20,TX,TX_2012_2020_default,assumed_stable_2012_2020,No known mid-decade statewide boundary break configured.,2,2012,2020,30.997442022377783,30.997442022377783,0.5661857447495038,0.5661857447495038,30.997442022377783,1.1323714894990076,2,0,1.0,0.0,0.0,0.0,0,2,0,D,2,1,1.1323714894990076,1.1323714894990076,0.0,1.1323714894990076,1.1323714894990076,30.997442022377776,0.28309287237475195,7.105427357601002e-15,low
TX-21,TX,TX_2012_2020_default,assumed_stable_2012_2020,No known mid-decade statewide boundary break configured.,4,2012,2020,-13.731850346921687,-13.581661992428879,9.375131692125477,8.974776079824068,13.731850346921687,22.54204339428302,0,4,0.0,0.25,0.5,0.5,0,0,4,R,4,3,6.183435192539789,8.844593736982224,9.027859785650405,17.949552159648135,18.550305577619365,-13.731850346921687,5.511022228329992,4.632033151563776,high
TX-22,TX,TX_2012_2020_default,assumed_stable_2012_2020,No known mid-decade statewide boundary break configured.,5,2012,2020,-19.585157974420433,-19.043146136550337,12.400007588131762,13.02599391709418,19.585157974420433,30.0713589649288,0,5,0.0,0.2,0.4,0.4,0,0,5,R,5,4,6.285809794809396,8.749869687655004,8.778689699761118,15.936334749664251,25.143239179237586,-19.585157974420422,8.035783732340395,4.9611034861038865,high
TX-23,TX,TX_2012_2020_default,assumed_stable_2012_2020,No known mid-decade statewide boundary break configured.,5,2012,2020,-0.6163446210182819,-1.3325180704474484,2.923258943083705,0.8917105262595864,2.5165470470079057,8.71115008423913,1,4,0.2,1.0,1.0,1.0,1,1,4,R,4,4,-2.1777875210597823,3.006513517048395,3.228982532395364,6.848765601139148,-8.71115008423913,-0.6163446210182816,-1.5764848176501034,1.8907231652879017,high
TX-24,TX,TX_2012_2020_default,assumed_stable_2012_2020,No known mid-decade statewide boundary break configured.,5,2012,2020,-15.804142712679084,-16.854173091225714,12.202269766132682,13.784527129294487,15.804142712679084,31.403705555527477,0,5,0.0,0.4,0.4,0.4,0,0,5,R,5,4,5.9239396413217715,9.777913136441965,9.543444953937202,15.882009260776396,23.69575856528709,-15.804142712679079,7.705805352064503,5.4896735055614885,high
TX-25,TX,TX_2012_2020_default,assumed_stable_2012_2020,No known mid-decade statewide boundary break configured.,5,2012,2020,-17.630060672693514,-20.604714438613005,5.54855915595497,3.375654680414666,17.630060672693514,15.233779855418382,0,5,0.0,0.0,0.2,0.4,0,0,5,R,5,4,1.7938798665294673,5.823010061179724,6.591537827923209,11.858125175003716,7.175519466117869,-17.63006067269351,2.9584818787654106,3.644348865458009,high
TX-26,TX,TX_2012_2020_default,assumed_stable_2012_2020,No known mid-decade statewide boundary break configured.,4,2012,2020,-30.00798541427435,-30.04758278550712,8.281408335112197,8.111792454215177,30.00798541427435,19.225107472780962,0,4,0.0,0.0,0.0,0.0,0,0,4,R,4,3,5.407861636143451,7.408876679043857,8.118430185065108,16.38197439336144,16.223584908430354,-30.00798541427435,4.8113509627981665,4.235926338721499,high
TX-27,TX,TX_2012_2020_default,assumed_stable_2012_2020,No known mid-decade statewide boundary break configured.,5,2012,2020,-24.532129233172988,-23.714570848660458,4.305426108923233,4.4055229837951835,24.532129233172988,12.369996826568503,0,5,0.0,0.0,0.0,0.0,0,0,5,R,5,4,-2.6461973768822205,5.90615994846644,6.83801515675074,12.369996826568503,-10.584789507528882,-24.532129233172984,-1.497884871222298,3.7482496987960365,high
TX-28,TX,TX_2012_2020_default,assumed_stable_2012_2020,No known mid-decade statewide boundary break configured.,3,2012,2020,30.776801774312144,34.88684789798419,8.20696445449732,3.2350392703577455,30.776801774312144,18.800216911731635,3,0,1.0,0.0,0.0,0.0,0,3,0,D,3,2,-9.400108455865817,9.400108455865817,6.165069185508072,15.56517764137389,-18.800216911731635,30.776801774312137,-4.700054227932908,2.906241485037989,medium
TX-30,TX,TX_2012_2020_default,assumed_stable_2012_2020,No known mid-decade statewide boundary break configured.,3,2012,2020,59.28387102306663,59.079118518966666,0.38931375632501836,0.13548293635765418,59.28387102306663,0.8852233850151947,3,0,1.0,0.0,0.0,0.0,0,3,0,D,3,2,-0.37487022432877026,0.5103531606864244,0.5103531606864244,0.8852233850151947,-0.7497404486575405,59.28387102306663,-0.1874351121643858,0.2405827871475723,medium
TX-31,TX,TX_2012_2020_default,assumed_stable_2012_2020,No known mid-decade statewide boundary break configured.,5,2012,2020,-18.458872852444557,-21.858968052061226,10.837452512483937,10.227057061902475,18.458872852444557,29.177704688239853,0,5,0.0,0.2,0.4,0.4,0,0,5,R,5,4,4.287801939632313,10.301050404487613,10.754032344289072,18.95064762633738,17.151207758529253,-18.458872852444557,6.3480120205298345,6.070903041126735,high
TX-32,TX,TX_2012_2020_default,assumed_stable_2012_2020,No known mid-decade statewide boundary break configured.,4,2012,2020,-8.165893897766496,-6.403587742316656,14.678885288841558,12.670609167451893,14.432915322901733,32.89318988946729,2,2,0.5,0.0,0.5,0.5,1,2,2,D,2,3,8.279490467379881,13.649302792264976,17.640834095412362,32.89318988946729,24.838471402139646,-8.165893897766498,8.257013269374655,6.709992771709683,high
TX-33,TX,TX_2012_2020_default,assumed_stable_2012_2020,No known mid-decade statewide boundary break configured.,4,2012,2020,47.52233968661993,47.08071856200225,4.4767724785937135,2.873871598874487,47.52233968661993,12.582109914799133,4,0,1.0,0.0,0.0,0.0,0,4,0,D,4,3,-1.6892940728598045,6.698779203672951,8.101833658467061,12.582109914799133,-5.067882218579413,47.52233968661993,-0.38892438344474894,4.439662804201603,high
TX-34,TX,TX_2012_2020_default,assumed_stable_2012_2020,No known mid-decade statewide boundary break configured.,5,2012,2020,21.094999984061456,20.897129336354645,4.394414405482788,4.44711273215237,21.094999984061456,12.075287414790413,5,0,1.0,0.0,0.0,0.2,0,5,0,D,5,4,-3.0188218536976033,5.242378219773788,4.349173109781292,6.3876983511737855,-12.075287414790413,21.09499998406145,-2.506979156493452,2.59634146154341,high
TX-35,TX,TX_2012_2020_default,assumed_stable_2012_2020,No known mid-decade statewide boundary break configured.,5,2012,2020,34.64700014267901,31.924155007597815,5.642961124591024,2.738392471874249,34.64700014267901,16.017698124769975,5,0,1.0,0.0,0.0,0.0,0,5,0,D,5,4,0.8754348189704961,7.133414243414491,8.562591942301946,13.707732434393204,3.5017392758819845,34.64700014267901,2.3021176676533948,4.609069183924426,high
TX-36,TX,TX_2012_2020_default,assumed_stable_2012_2020,No known mid-decade statewide boundary break configured.,4,2012,2020,-48.126910351828535,-47.2312227587561,3.8543259898440043,2.5923151488352865,48.126910351828535,9.723665902460588,0,4,0.0,0.0,0.0,0.0,0,0,4,R,4,3,-1.7282100992235243,7.573130545863727,7.75318029249167,9.723665902460588,-5.184630297670573,-48.126910351828535,-0.16018799253808486,3.8459951057695734,high
UT-1,UT,UT_2012_2020_default,assumed_stable_2012_2020,No known mid-decade statewide boundary break configured.,5,2012,2020,-39.76693551878685,-39.080943242461686,3.691626639217318,2.3144052600878453,39.76693551878685,10.070114599444231,0,5,0.0,0.0,0.0,0.0,0,0,5,R,5,4,1.9265971371542836,4.466514864573584,5.152214517587883,10.02079380870498,7.706388548617134,-39.76693551878684,1.5462097887973452,2.974319724144237,high
UT-2,UT,UT_2012_2020_default,assumed_stable_2012_2020,No known mid-decade statewide boundary break configured.,5,2012,2020,-24.85340132886675,-27.724253031764437,4.462550914081278,0.9816151208839798,24.85340132886675,11.50941127895376,0,5,0.0,0.0,0.0,0.0,0,0,5,R,5,4,1.5843134856077885,4.170392153869091,5.6575995944310264,10.52779615806978,6.337253942431154,-24.85340132886675,2.3749865387176614,2.938237318969903,high
UT-3,UT,UT_2012_2020_default,assumed_stable_2012_2020,No known mid-decade statewide boundary break configured.,5,2012,2020,-46.41167342762838,-46.92276686353201,4.802758833204869,4.962423952577971,46.41167342762838,12.969416580466238,0,5,0.0,0.0,0.0,0.0,0,0,5,R,5,4,2.812803537018933,3.6719047532141857,2.997868254108829,6.680626384968477,11.251214148075732,-46.41167342762838,3.1981847643650445,1.6154630407081263,high
UT-4,UT,UT_2012_2020_default,assumed_stable_2012_2020,No known mid-decade statewide boundary break configured.,5,2012,2020,-3.5964580604856744,-0.9993894831842434,4.848552411291493,1.312504858861539,3.82479737712059,12.763173466721804,2,3,0.4,0.6,0.8,1.0,3,1,2,R,1,4,-0.32812621471538467,6.682021718192636,7.841373323965711,12.707791006954503,-1.312504858861539,-3.5964580604856744,0.27364142179738254,4.833084028815759,high
VA-1,VA,VA_2012_2014,stable_within_regime,Original post-2010 congressional map,2,2012,2014,-21.80468720004437,-21.80468720004437,6.723943042154646,6.723943042154646,21.80468720004437,13.447886084309292,0,2,0.0,0.0,0.0,0.0,0,0,2,R,2,1,-13.447886084309292,13.447886084309292,0.0,13.447886084309292,-13.447886084309292,-21.804687200044363,-13.447886084309294,5.617333549722722e-15,low
VA-2,VA,VA_2012_2014,stable_within_regime,Original post-2010 congressional map,2,2012,2014,-12.606752061940313,-12.606752061940313,4.9478532772484085,4.947853277248409,12.606752061940313,9.895706554496819,0,2,0.0,0.0,0.5,0.5,0,0,2,R,2,1,-9.895706554496819,9.895706554496819,0.0,9.895706554496819,-9.895706554496819,-12.60675206194031,-9.89570655449682,2.5121479338940403e-15,low
VA-3,VA,VA_2012_2014,stable_within_regime,Original post-2010 congressional map,1,2012,2012,62.79253517947174,62.79253517947174,0.0,0.0,62.79253517947174,0.0,1,0,1.0,0.0,0.0,0.0,0,1,0,D,1,0,,,,,,,,,insufficient_single_cycle
VA-4,VA,VA_2012_2014,stable_within_regime,Original post-2010 congressional map,2,2012,2014,-18.33104713658817,-18.33104713658817,4.30374786734927,4.30374786734927,18.33104713658817,8.60749573469854,0,2,0.0,0.0,0.0,0.5,0,0,2,R,2,1,-8.60749573469854,8.60749573469854,0.0,8.60749573469854,-8.60749573469854,-18.331047136588168,-8.607495734698542,2.5121479338940403e-15,low
VA-5,VA,VA_2012_2014,stable_within_regime,Original post-2010 congressional map,2,2012,2014,-18.79446510581514,-18.79446510581514,6.213707818628007,6.213707818628007,18.79446510581514,12.427415637256013,0,2,0.0,0.0,0.0,0.5,0,0,2,R,2,1,-12.427415637256013,12.427415637256013,0.0,12.427415637256013,-12.427415637256013,-18.79446510581513,-12.427415637256017,6.764165321960921e-15,low
VA-6,VA,VA_2012_2014,stable_within_regime,Original post-2010 congressional map,1,2012,2012,-30.667226522339167,-30.667226522339167,0.0,0.0,30.667226522339167,0.0,0,1,0.0,0.0,0.0,0.0,0,0,1,R,1,0,,,,,,,,,insufficient_single_cycle
VA-7,VA,VA_2012_2014,stable_within_regime,Original post-2010 congressional map,2,2012,2014,-20.44603895440119,-20.44603895440119,3.4338711343183963,3.4338711343183963,20.44603895440119,6.867742268636793,0,2,0.0,0.0,0.0,0.0,0,0,2,R,2,1,-6.867742268636793,6.867742268636793,0.0,6.867742268636793,-6.867742268636793,-20.446038954401185,-6.867742268636795,5.617333549722722e-15,low
VA-8,VA,VA_2012_2014,stable_within_regime,Original post-2010 congressional map,2,2012,2014,32.83999476984907,32.83999476984907,1.1809114709855884,1.1809114709855884,32.83999476984907,2.3618229419711767,2,0,1.0,0.0,0.0,0.0,0,2,0,D,2,1,-2.3618229419711767,2.3618229419711767,0.0,2.3618229419711767,-2.3618229419711767,32.839994769849056,-2.3618229419711745,1.2560739669470201e-14,low
VA-9,VA,VA_2012_2014,stable_within_regime,Original post-2010 congressional map,1,2012,2012,-22.70186767796644,-22.70186767796644,0.0,0.0,22.70186767796644,0.0,0,1,0.0,0.0,0.0,0.0,0,0,1,R,1,0,,,,,,,,,insufficient_single_cycle
VA-10,VA,VA_2012_2014,stable_within_regime,Original post-2010 congressional map,2,2012,2014,-17.891420708570593,-17.891420708570593,1.7606953036986734,1.7606953036986734,17.891420708570593,3.521390607397347,0,2,0.0,0.0,0.0,0.0,0,0,2,R,2,1,3.521390607397347,3.521390607397347,0.0,3.521390607397347,3.521390607397347,-17.891420708570593,3.5213906073973473,2.5121479338940403e-15,low
VA-11,VA,VA_2012_2014,stable_within_regime,Original post-2010 congressional map,2,2012,2014,20.99627806305123,20.99627806305123,4.498314750040393,4.498314750040393,20.99627806305123,8.996629500080786,2,0,1.0,0.0,0.0,0.0,0,2,0,D,2,1,-8.996629500080786,8.996629500080786,0.0,8.996629500080786,-8.996629500080786,20.99627806305122,-8.996629500080788,7.105427357601002e-15,low
VT-AL,VT,VT_2012_2020_default,assumed_stable_2012_2020,No known mid-decade statewide boundary break configured.,4,2012,2020,40.956946428268665,40.899769370315326,5.65146227480392,4.938110910785603,40.956946428268665,15.27559428633824,4,0,1.0,0.0,0.0,0.0,0,4,0,D,4,3,-3.368310017794857,9.952457898842328,10.311632159226027,15.27559428633824,-10.104930053384571,40.956946428268665,-1.033363828519793,5.410122349660791,high
WA-1,WA,WA_2012_2020_default,assumed_stable_2012_2020,No known mid-decade statewide boundary break configured.,5,2012,2020,12.9076540090527,10.830056268209892,4.196077326202774,2.9577054705547186,12.9076540090527,10.662975264801439,5,0,1.0,0.0,0.2,0.6,0,5,0,D,5,4,2.3387491705816617,2.992738461819058,3.339892885979331,7.705269794246719,9.354996682326647,12.907654009052695,2.717212999014992,1.685399645022196,high
WA-2,WA,WA_2012_2020_default,assumed_stable_2012_2020,No known mid-decade statewide boundary break configured.,4,2012,2020,24.469515460514856,24.348436630123572,2.840776646668519,2.632345186557224,24.469515460514856,6.883812893259009,4,0,1.0,0.0,0.0,0.0,0,4,0,D,4,3,1.3766277248450105,3.2125808706609953,3.8991842473415748,6.883812893259009,4.129883174535031,24.46951546051486,1.323496453178089,2.0587115379678522,high
WA-3,WA,WA_2012_2020_default,assumed_stable_2012_2020,No known mid-decade statewide boundary break configured.,5,2012,2020,-17.129651990362113,-20.75921111731159,7.003398322647259,2.7461850656191693,17.129651990362113,18.163400388304,0,5,0.0,0.0,0.2,0.4,0,0,5,R,5,4,1.9455092470967335,7.136190947055267,9.728485478403947,18.163400388304,7.782036988386935,-17.12965199036211,3.328656091016389,5.185333675004667,high
WA-4,WA,WA_2012_2020_default,assumed_stable_2012_2020,No known mid-decade statewide boundary break configured.,3,2012,2020,-30.21704523307137,-32.440123411885025,3.240116432043078,0.1353934375202428,30.21704523307137,6.940021411481457,0,3,0.0,0.0,0.0,0.0,0,0,3,R,3,2,-0.0676967187601214,6.872324692721335,6.872324692721335,6.940021411481457,-0.1353934375202428,-30.21704523307135,0.4973957215508156,3.12788045628908,medium
WA-5,WA,WA_2012_2020_default,assumed_stable_2012_2020,No known mid-decade statewide boundary break configured.,5,2012,2020,-19.355164798961606,-21.36605119108411,5.148425337835062,2.08399737293826,19.355164798961606,14.316447554978946,0,5,0.0,0.0,0.2,0.2,0,0,5,R,5,4,0.2662859773282582,6.891937800161215,8.382379883084193,13.251303645665914,1.0651439093130328,-19.355164798961603,1.397634974806575,4.753894867753903,high
WA-6,WA,WA_2012_2020_default,assumed_stable_2012_2020,No known mid-decade statewide boundary break configured.,5,2012,2020,22.729356333662885,23.061061390825845,3.8336907775921913,4.210873478569365,22.729356333662885,9.777670793977457,5,0,1.0,0.0,0.0,0.0,0,5,0,D,5,4,0.21361213265376655,6.127883972907952,6.5882405698462145,8.92322226336239,0.8544485306150662,22.729356333662885,0.35159244288771924,3.801309049051907,high
WA-7,WA,WA_2012_2020_default,assumed_stable_2012_2020,No known mid-decade statewide boundary break configured.,4,2012,2020,63.64854347574786,64.08192000618605,3.1774600204945043,2.5868616473461543,63.64854347574786,7.814283914646211,4,0,1.0,0.0,0.0,0.0,0,4,0,D,4,3,2.3024098054817066,2.907112804282434,2.4939559100129154,5.1737232946923015,6.907229416445119,63.64854347574785,1.8988182127582538,1.0404209095768961,high
WA-8,WA,WA_2012_2020_default,assumed_stable_2012_2020,No known mid-decade statewide boundary break configured.,5,2012,2020,-11.566715943289525,-19.304842927604355,13.112484336194381,7.230800915731795,14.925556866468876,31.36575465382753,2,3,0.4,0.4,0.4,0.4,1,2,3,D,2,4,5.71795860626534,9.964918720648427,12.216076765067363,25.220306063946886,22.87183442506136,-11.566715943289523,7.710942350395023,7.281482102203635,high
WA-9,WA,WA_2012_2020_default,assumed_stable_2012_2020,No known mid-decade statewide boundary break configured.,4,2012,2020,44.77451013224838,44.50476432442344,2.576667698264951,2.062341891630936,44.77451013224838,6.788153354060526,4,0,1.0,0.0,0.0,0.0,0,4,0,D,4,3,1.7345556715205344,2.79087989785315,2.421544499812766,4.124683783261872,5.203667014561603,44.774510132248366,1.5464759883804042,1.1864306618017093,high
WA-10,WA,WA_2012_2020_default,assumed_stable_2012_2020,No known mid-decade statewide boundary break configured.,4,2012,2018,16.73451133198753,17.223422469890018,4.863557352370026,2.9858096945531667,16.73451133198753,13.684861816772992,4,0,1.0,0.0,0.25,0.25,0,4,0,D,4,3,1.9905397963687779,7.132701414813217,6.918545357547516,7.927263940716289,5.971619389106333,16.734511331987527,2.58421221080353,3.912352129053565,high
WI-1,WI,WI_2012_2020_default,assumed_stable_2012_2020,No known mid-decade statewide boundary break configured.,5,2012,2020,-20.774240041278212,-18.6932799673432,8.850280448989627,7.185793485743018,20.774240041278212,23.233723697795433,0,5,0.0,0.0,0.0,0.4,0,0,5,R,5,4,-1.7964483714357549,13.021662965094315,14.376243703794412,22.45042918731712,-7.185793485743018,-20.77424004127821,-0.00239253775909962,8.850279802203668,high
WI-2,WI,WI_2012_2020_default,assumed_stable_2012_2020,No known mid-decade statewide boundary break configured.,4,2012,2020,37.46582113577748,37.22107627355961,1.2537667847192162,0.7756860748999372,37.46582113577748,3.413088977095761,4,0,1.0,0.0,0.0,0.0,0,4,0,D,4,3,1.137696325698587,1.137696325698587,0.51936772241909,1.8617168272958864,3.413088977095761,37.46582113577749,0.8463131659539578,0.07171527343301698,high
WI-3,WI,WI_2012_2020_default,assumed_stable_2012_2020,No known mid-decade statewide boundary break configured.,4,2012,2020,15.81683058348415,16.178644422509322,9.329089304392244,7.616935720107016,15.81683058348415,25.599190560716494,4,0,1.0,0.25,0.25,0.5,0,4,0,D,4,3,-8.533063520238832,12.74360197078033,10.516348189497693,16.68112679631471,-25.599190560716494,15.816830583484151,-4.488257344562072,6.055639707891091,high
WI-4,WI,WI_2012_2020_default,assumed_stable_2012_2020,No known mid-decade statewide boundary break configured.,4,2012,2020,49.175674369044856,49.677708688010746,4.106162303221506,3.279869440443349,49.175674369044856,10.60073646599131,4,0,1.0,0.0,0.0,0.0,0,4,0,D,4,3,1.5089595238818798,5.558198120112327,6.480918649053939,10.60073646599131,4.526878571645639,49.17567436904485,1.9654493609282606,2.683857463514799,high
WI-5,WI,WI_2012_2020_default,assumed_stable_2012_2020,No known mid-decade statewide boundary break configured.,5,2012,2020,-31.27088846111453,-35.66941871537396,7.644213358299647,3.3810160463333574,31.27088846111453,18.775932328504343,0,5,0.0,0.0,0.0,0.0,0,0,5,R,5,4,3.8487290705427464,5.539237093709425,6.117768070306305,13.467210429019985,15.394916282170986,-31.27088846111453,4.5893829342915025,4.038455946531365,high
WI-6,WI,WI_2012_2020_default,assumed_stable_2012_2020,No known mid-decade statewide boundary break configured.,5,2012,2020,-17.929073528890452,-18.504560747570867,4.410678118323346,2.6016336458797493,17.929073528890452,13.32813399729325,0,5,0.0,0.0,0.0,0.2,0,0,5,R,5,4,1.4572661147931996,7.204719022505967,7.312236555860488,8.893272169545785,5.829064459172798,-17.929073528890452,1.6555564810586292,3.737960264570224,high
WI-7,WI,WI_2012_2020_default,assumed_stable_2012_2020,No known mid-decade statewide boundary break configured.,5,2012,2020,-19.736524013339636,-21.519396058379737,3.888484428926799,1.6514951641113598,19.736524013339636,11.11302509909623,0,5,0.0,0.0,0.0,0.2,0,0,5,R,5,4,-2.3078578226934914,3.2486547268546238,3.600748136740395,7.579936126662606,-9.231431290773966,-19.736524013339633,-2.020133016702185,2.63788482380593,high
WI-8,WI,WI_2012_2020_default,assumed_stable_2012_2020,No known mid-decade statewide boundary break configured.,5,2012,2020,-24.640298176175417,-27.41853066240031,6.511145896580347,2.070793018769546,24.640298176175417,18.086068798031025,0,5,0.0,0.0,0.0,0.2,0,0,5,R,5,4,-4.101779363115365,6.461284327707749,8.475025412438592,18.086068798031025,-16.40711745246146,-24.640298176175406,-3.0166017994507732,4.918866541557703,high
WV-1,WV,WV_2012_2020_default,assumed_stable_2012_2020,No known mid-decade statewide boundary break configured.,5,2012,2020,-31.581878341920685,-29.150312288738434,5.370776420539617,4.183349724939994,31.581878341920685,12.979814481217865,0,5,0.0,0.0,0.0,0.0,0,0,5,R,5,4,-3.244529193952175,7.642761572091111,7.452425323169963,10.046516572573186,-12.9781167758087,-31.58187834192068,-2.7206285367912733,3.7472123090396545,high
WV-2,WV,WV_2012_2020_default,assumed_stable_2012_2020,No known mid-decade statewide boundary break configured.,5,2012,2020,-19.245754580399776,-16.36268976174932,12.59671141647305,9.790265980867733,19.245754580399776,36.33497459043273,0,5,0.0,0.2,0.2,0.4,0,0,5,R,5,4,3.3448564137367396,17.512306165885672,20.66311614238632,36.33497459043273,13.379425654946957,-19.24575458039977,1.8972918924087938,12.307627937986354,high
WV-3,WV,WV_2012_2020_default,assumed_stable_2012_2020,No known mid-decade statewide boundary break configured.,5,2012,2020,-20.407011085274295,-12.746806869160212,20.022093602030502,20.709907494294292,23.592251335327926,51.86997462432379,1,4,0.2,0.0,0.2,0.6,1,1,4,R,4,4,-12.651521269541679,28.231554834556427,25.862384385648163,33.2053832690667,-50.606085078166714,-20.40701108527429,-10.325748629537067,13.698250351329458,high
WY-AL,WY,WY_2012_2020_default,assumed_stable_2012_2020,No known mid-decade statewide boundary break configured.,5,2012,2020,-39.03587276847687,-42.78445833617591,5.410911743323054,1.173287072902518,39.03587276847687,12.770055098863114,0,5,0.0,0.0,0.0,0.0,0,0,5,R,5,4,0.16138441874820408,6.223643130683353,7.914320553760801,12.770055098863114,0.6455376749928163,-39.03587276847686,1.1429346983318016,5.163851899960891,high
AL-1,AL,AL_2012_2020_default,assumed_stable_2012_2020,No known mid-decade statewide boundary break configured.,3,2014,2020,-30.551620943397086,-28.83111752639976,4.284962370353937,2.451267804409955,30.551620943397086,10.064045859811895,0,3,0.0,0.0,0.0,0.0,0,0,3,R,3,2,3.8063890277009698,6.257656832110925,6.257656832110925,10.064045859811895,7.6127780554019395,-30.5516209433972,2.8939398629585447,2.309393658090454,medium
CA-8,CA,CA_2012_2020_default,assumed_stable_2012_2020,No known mid-decade statewide boundary break configured.,3,2014,2020,-23.97633989343086,-24.516038126059627,9.468615892655226,10.77766865608747,23.97633989343086,23.17443201006124,0,3,0.0,0.0,0.0,0.3333333333333333,0,0,3,R,3,2,11.58721600503062,11.58721600503062,0.8095473489431484,12.396763353973768,23.17443201006124,-23.976339893430577,7.506749385301338,1.4131986426260164,medium
CA-13,CA,CA_2012_2020_default,assumed_stable_2012_2020,No known mid-decade statewide boundary break configured.,3,2014,2020,79.75267626777071,80.73138598415734,2.0058354727478536,0.8377236602517257,79.75267626777071,4.611576469663362,3,0,1.0,0.0,0.0,0.0,0,3,0,D,3,2,1.886926404705818,2.724650064957544,2.724650064957544,4.611576469663362,3.773852809411636,79.75267626777075,1.018406255528204,1.5524269628701746,medium
CA-15,CA,CA_2012_2020_default,assumed_stable_2012_2020,No known mid-decade statewide boundary break configured.,4,2014,2020,43.722165950201116,43.87221000119318,3.16178156306886,2.8621291541820675,43.722165950201116,7.922937485177208,4,0,1.0,0.0,0.0,0.0,0,4,0,D,4,3,0.7328930589376933,4.549065264513779,5.187761576674758,7.922937485177208,2.19867917681308,43.7221659502011,0.4997534557594479,3.1120203657564294,high
CA-23,CA,CA_2012_2020_default,assumed_stable_2012_2020,No known mid-decade statewide boundary break configured.,4,2014,2020,-34.9358041952264,-32.8921014192055,9.985425332934646,7.03502116519433,34.9358041952264,25.398654865276022,0,4,0.0,0.0,0.0,0.0,0,0,4,R,4,3,8.46621828842534,8.46621828842534,3.760216504693759,11.32861253488737,25.398654865276022,-34.93580419522641,8.711220549541299,2.2027289327501864,high
CA-29,CA,CA_2012_2020_default,assumed_stable_2012_2020,No known mid-decade statewide boundary break configured.,2,2014,2018,55.222984603326324,55.222984603326324,5.996729409033719,5.996729409033719,55.222984603326324,11.993458818067438,2,0,1.0,0.0,0.0,0.0,0,2,0,D,2,1,11.993458818067438,11.993458818067438,0.0,11.993458818067438,11.993458818067438,55.222984603326296,5.9967294090337235,2.929642751054232e-14,low
CA-30,CA,CA_2012_2020_default,assumed_stable_2012_2020,No known mid-decade statewide boundary break configured.,4,2014,2020,40.58137933995637,42.12117410667459,6.121357163756398,3.9188029066587085,40.58137933995637,15.523172786065942,4,0,1.0,0.0,0.0,0.0,0,4,0,D,4,3,2.5618556575828415,7.786926199794453,8.943873110973906,13.996784880190283,7.685566972748525,40.58137933995637,2.458308882412126,5.469635300875996,high
CA-31,CA,CA_2012_2020_default,assumed_stable_2012_2020,No known mid-decade statewide boundary break configured.,4,2014,2020,13.917009797272822,14.81203838326422,7.0730679629353626,5.220697792386475,13.917009797272822,19.108982866722236,4,0,1.0,0.25,0.25,0.5,0,4,0,D,4,3,6.369660955574079,6.369660955574079,1.6285162803232538,8.667587281949285,19.108982866722236,13.917009797272819,6.2680871246955965,0.9576769574518482,high
CA-33,CA,CA_2012_2020_default,assumed_stable_2012_2020,No known mid-decade statewide boundary break configured.,4,2014,2020,31.617867686799393,34.02004663926904,8.073817896653207,3.5885997336452746,31.617867686799393,21.682411446510233,4,0,1.0,0.0,0.0,0.0,0,4,0,D,4,3,5.595305092389714,8.859635871950442,7.999306725397713,14.505211979219691,16.785915277169142,31.617867686799393,5.753494529879796,4.879360746718947,high
CA-43,CA,CA_2012_2020_default,assumed_stable_2012_2020,No known mid-decade statewide boundary break configured.,4,2014,2020,48.197385737943165,47.76877834533914,5.691233255951008,5.127400105601552,48.197385737943165,13.424772966049453,4,0,1.0,0.0,0.0,0.0,0,4,0,D,4,3,0.48518106147675866,8.46466758255621,9.26941052092152,11.969229781619177,1.455543184430276,48.197385737943165,0.7536602308137188,5.628510575121537,high
CO-5,CO,CO_2012_2020_default,assumed_stable_2012_2020,No known mid-decade statewide boundary break configured.,4,2014,2020,-22.238533610007003,-19.905710069028174,5.385192144641344,1.2506195774846454,22.238533610007003,13.714302270172006,0,4,0.0,0.0,0.0,0.0,0,0,4,R,4,3,-0.2064900678939606,9.349358248008631,10.554923248830285,13.714302270172006,-0.6194702036818818,-22.238533610007003,1.1855891659126356,5.219508343397398,high
FL-15,FL,FL_2012_2014,stable_within_regime,Pre-remedial Florida congressional map,1,2014,2014,-20.562594226105197,-20.562594226105197,0.0,0.0,20.562594226105197,0.0,0,1,0.0,0.0,0.0,0.0,0,0,1,R,1,0,,,,,,,,,insufficient_single_cycle
FL-20,FL,FL_2012_2014,stable_within_regime,Pre-remedial Florida congressional map,1,2014,2014,63.207295543164875,63.207295543164875,0.0,0.0,63.207295543164875,0.0,1,0,1.0,0.0,0.0,0.0,0,1,0,D,1,0,,,,,,,,,insufficient_single_cycle
FL-24,FL,FL_2012_2014,stable_within_regime,Pre-remedial Florida congressional map,1,2014,2014,76.01021891967609,76.01021891967609,0.0,0.0,76.01021891967609,0.0,1,0,1.0,0.0,0.0,0.0,0,1,0,D,1,0,,,,,,,,,insufficient_single_cycle
GA-10,GA,GA_2012_2020_default,assumed_stable_2012_2020,No known mid-decade statewide boundary break configured.,3,2014,2020,-27.816226101891647,-25.783936446066697,3.727411586264505,1.1637792770121962,27.816226101891647,8.424427521499247,0,3,0.0,0.0,0.0,0.0,0,0,3,R,3,2,4.2122137607496235,4.2122137607496235,3.0484344837374273,7.260648244487051,8.424427521499247,-27.816226101891758,2.9255970236060014,0.7611922649018478,medium
KS-1,KS,KS_2012_2020_default,assumed_stable_2012_2020,No known mid-decade statewide boundary break configured.,3,2014,2020,-38.18208393093467,-36.29095441595442,2.929144127371597,0.35509986978742347,38.18208393093467,6.3835882845155965,0,3,0.0,0.0,0.0,0.0,0,0,3,R,3,2,-3.1917941422577982,3.1917941422577982,2.8366942724703748,6.028488414728173,-6.3835882845155965,-38.18208393093459,-1.8492466434178447,1.805638815721135,medium
KS-3,KS,KS_2012_2020_default,assumed_stable_2012_2020,No known mid-decade statewide boundary break configured.,4,2014,2020,-2.7561879973582775,-0.5200222040284093,13.04167672619534,10.379830147342895,12.615995940672764,30.09883512938832,2,2,0.5,0.0,0.25,0.75,1,2,2,D,2,3,10.03294504312944,10.03294504312944,8.167724003361313,20.365148633302734,30.09883512938832,-2.7561879973582775,11.066165402146767,4.1243558219432845,high
LA-5,LA,LA_2012_2020_default,assumed_stable_2012_2020,No known mid-decade statewide boundary break configured.,3,2014,2020,-25.82061464234061,-22.609345192948584,7.804547298681916,4.328162758340383,25.82061464234061,18.290133864856852,0,3,0.0,0.0,0.0,0.0,0,0,3,R,3,2,-2.1640813791701916,16.12605248568666,16.12605248568666,18.290133864856852,-4.328162758340383,-25.820614642340523,-2.5430560641584545,7.130986754221369,medium
LA-6,LA,LA_2012_2020_default,assumed_stable_2012_2020,No known mid-decade statewide boundary break configured.,4,2014,2020,-39.71468478639555,-46.62513436378378,13.373760434282053,1.7293377162090273,39.71468478639555,32.30717989387439,0,4,0.0,0.0,0.0,0.0,0,0,4,R,4,3,-9.616168153818778,11.921951775430815,15.31062781829803,31.100473741970976,-28.848504461456333,-39.71468478639555,-8.775221953627241,9.08855421584155,high
MS-3,MS,MS_2012_2020_default,assumed_stable_2012_2020,No known mid-decade statewide boundary break configured.,4,2014,2020,-32.92926210443316,-32.58378343514298,5.912754423350176,5.123525846372463,32.92926210443316,15.379314680601968,0,4,0.0,0.0,0.0,0.0,0,0,4,R,4,3,3.876322123301872,6.376554330432774,5.783012035581986,10.247051692744922,11.628966369905616,-32.92926210443315,4.513395080246173,3.0817602004145446,high
NY-7,NY,NY_2012_2020_default,assumed_stable_2012_2020,No known mid-decade statewide boundary break configured.,3,2014,2020,62.521578061021074,60.46087387992178,7.765627174317082,6.250922738402274,62.521578061021074,18.68395802010246,3,0,1.0,0.0,0.0,0.0,0,3,0,D,3,2,-3.125461369201137,15.558496650901322,15.558496650901322,18.68395802010246,-6.250922738402274,62.52157806102095,-3.120546355265108,6.719915301379343,medium
OH-8,OH,OH_2012_2020_default,assumed_stable_2012_2020,No known mid-decade statewide boundary break configured.,4,2014,2020,-38.178275820456335,-38.88397306091221,3.205534608105519,1.925753856888587,38.178275820456335,8.641013294614332,0,4,0.0,0.0,0.0,0.0,0,0,4,R,4,3,0.6282636982544977,5.13241183148839,5.781876941571922,8.641013294614332,1.884791094763493,-38.17827582045634,1.4295386578904807,2.7786644554098405,high
OH-11,OH,OH_2012_2020_default,assumed_stable_2012_2020,No known mid-decade statewide boundary break configured.,4,2014,2020,61.001565443403535,60.30709753785053,2.099293120346151,0.8030334928476854,61.001565443403535,5.589023224691246,4,0,1.0,0.0,0.0,0.0,0,4,0,D,4,3,0.4016948722612857,3.3243206108662116,3.5203329847707456,4.383938607907389,1.2050846167838571,61.001565443403535,0.7598210089347461,1.9197321813496302,high
SC-2,SC,SC_2012_2020_default,assumed_stable_2012_2020,No known mid-decade statewide boundary break configured.,4,2014,2020,-19.93517193515883,-19.750982859904074,6.5342901480908155,6.324995068282405,19.93517193515883,14.10196213998757,0,4,0.0,0.0,0.0,0.5,0,0,4,R,4,3,4.700654046662524,4.700654046662524,5.12413087247581,11.934774434161085,14.10196213998757,-19.935171935158827,5.4240660854123774,2.4333786420912213,high
SC-6,SC,SC_2012_2020_default,assumed_stable_2012_2020,No known mid-decade statewide boundary break configured.,4,2014,2020,42.17188979570709,42.18518920518293,3.3982537795476713,2.5307995013663813,42.17188979570709,9.593977491295043,4,0,1.0,0.0,0.0,0.0,0,4,0,D,4,3,-3.1979924970983475,3.1979924970983475,1.8496178637640186,4.53237848856228,-9.593977491295043,42.17188979570709,-2.9364350625958933,0.8773911067231239,high
TN-6,TN,TN_2012_2020_default,assumed_stable_2012_2020,No known mid-decade statewide boundary break configured.,4,2014,2020,-47.072841371520894,-48.70679879660342,3.449145505632272,0.7877418429136966,47.072841371520894,8.510637555978754,0,4,0.0,0.0,0.0,0.0,0,0,4,R,4,3,-0.5251612286091311,5.932703486047468,6.801478386269733,8.510637555978754,-1.5754836858273933,-47.072841371520894,0.33848623286753104,3.4283215363676502,high
TX-13,TX,TX_2012_2020_default,assumed_stable_2012_2020,No known mid-decade statewide boundary break configured.,3,2014,2020,-65.69083635307761,-64.61827918083797,4.3914863448951085,3.6887999699922105,65.69083635307761,10.595271456703365,0,3,0.0,0.0,0.0,0.0,0,0,3,R,3,2,5.297635728351683,5.297635728351683,1.6088357583594721,6.906471486711155,10.595271456703365,-65.69083635307776,3.520539808108894,0.07269669860252387,medium
TX-17,TX,TX_2012_2020_default,assumed_stable_2012_2020,No known mid-decade statewide boundary break configured.,4,2014,2020,-22.042270332228764,-20.527328065800987,7.2222274115364895,5.314761461899674,22.042270332228764,17.248650104685183,0,4,0.0,0.0,0.0,0.25,0,0,4,R,4,3,5.749550034895061,5.749550034895061,3.931156259055333,10.070164808624616,17.248650104685183,-22.042270332228764,6.181611512268017,2.096465519199747,high
TX-19,TX,TX_2012_2020_default,assumed_stable_2012_2020,No known mid-decade statewide boundary break configured.,3,2014,2020,-53.727966371655235,-51.92000060365513,3.643918051459047,1.4672442108536856,53.727966371655235,8.358385725707684,0,3,0.0,0.0,0.0,0.0,0,0,3,R,3,2,3.4455707574269994,4.912814968280685,4.912814968280685,8.358385725707684,6.891141514853999,-53.72796637165534,2.5659251275088333,1.7425283116464456,medium
AZ-7,AZ,AZ_2012_2020_default,assumed_stable_2012_2020,No known mid-decade statewide boundary break configured.,2,2016,2020,51.94934865525249,51.94934865525249,1.4622917133530002,1.4622917133530002,51.94934865525249,2.9245834267060005,2,0,1.0,0.0,0.0,0.0,0,2,0,D,2,1,2.9245834267060005,2.9245834267060005,0.0,2.9245834267060005,2.9245834267060005,51.94934865525247,1.4622917133530027,1.8115356374411762e-14,low
CA-35,CA,CA_2012_2020_default,assumed_stable_2012_2020,No known mid-decade statewide boundary break configured.,3,2016,2020,40.74606439120408,38.796435473480784,2.854257510514864,0.13650242771780796,40.74606439120408,6.121891608605495,3,0,1.0,0.0,0.0,0.0,0,3,0,D,3,2,-3.0609458043027473,3.0609458043027473,2.9244433765849394,5.985389180887687,-6.121891608605495,40.74606439120408,-3.0609458043027455,1.3785958285195299,medium
FL-1,FL,FL_2016_2020,stable_within_regime,Court-adopted map used for 2016 through 2020,3,2016,2020,-34.30414530373028,-34.117274836532374,3.107240712896337,3.521828810656899,34.30414530373028,7.604269022907523,0,3,0.0,0.0,0.0,0.0,0,0,3,R,3,2,3.8021345114537617,3.8021345114537617,0.28030570079686257,4.082440212250624,7.604269022907523,-34.30414530373029,3.8021345114537604,0.13213737455914012,medium
FL-2,FL,FL_2016_2020,stable_within_regime,Court-adopted map used for 2016 through 2020,2,2016,2018,-36.13326775708585,-36.13326775708585,1.2506011625965918,1.2506011625965918,36.13326775708585,2.5012023251931836,0,2,0.0,0.0,0.0,0.0,0,0,2,R,2,1,2.5012023251931836,2.5012023251931836,0.0,2.5012023251931836,2.5012023251931836,-36.133267757085825,2.5012023251931783,1.8115356374411762e-14,low
FL-3,FL,FL_2016_2020,stable_within_regime,Court-adopted map used for 2016 through 2020,3,2016,2020,-15.436133763528474,-15.248486114011277,1.0292298059287606,0.968553429412621,15.436133763528474,2.5000498073768327,0,3,0.0,0.0,0.0,0.3333333333333333,0,0,3,R,3,2,1.2500249036884163,1.2500249036884163,0.28147147427579533,1.5314963779642117,2.5000498073768327,-15.43613376352848,1.250024903688417,0.13268692544732608,medium
FL-4,FL,FL_2016_2020,stable_within_regime,Court-adopted map used for 2016 through 2020,3,2016,2020,-32.5257950838126,-32.80506965264171,8.322973481437586,9.77173756892143,32.5257950838126,20.381298844330203,0,3,0.0,0.0,0.0,0.0,0,0,3,R,3,2,10.190649422165102,10.190649422165102,0.41891185324367086,10.609561275408772,20.381298844330203,-32.5257950838126,10.1906494221651,0.19747694143201566,medium
FL-5,FL,FL_2016_2020,stable_within_regime,Court-adopted map used for 2016 through 2020,3,2016,2020,30.762194430778106,30.255539761345865,2.11018384345969,1.7869356553479925,30.762194430778106,5.093835318992692,3,0,1.0,0.0,0.0,0.0,0,3,0,D,3,2,0.8934678276739962,4.200367491318696,4.200367491318696,5.093835318992692,1.7869356553479925,30.762194430778102,0.8934678276739981,1.9800722243913176,medium
FL-6,FL,FL_2016_2020,stable_within_regime,Court-adopted map used for 2016 through 2020,3,2016,2020,-17.00753519729544,-17.134706640700003,3.5251530143991823,4.125250970934868,17.00753519729544,8.632016272083426,0,3,0.0,0.0,0.0,0.3333333333333333,0,0,3,R,3,2,-2.062625485467434,6.569390786615992,6.569390786615992,8.632016272083426,-4.125250970934868,-17.00753519729544,-2.0626254854674357,3.0968405156537306,medium
FL-7,FL,FL_2016_2020,stable_within_regime,Court-adopted map used for 2016 through 2020,3,2016,2020,10.148083046502725,12.103855588277987,5.258526086551393,3.279984259484129,10.148083046502725,12.427286144294047,3,0,1.0,0.3333333333333333,0.3333333333333333,0.6666666666666666,0,3,0,D,3,2,4.573650942404959,7.853635201889088,7.853635201889088,12.427286144294047,9.147301884809918,10.148083046502727,4.573650942404959,3.702239138814103,medium
FL-8,FL,FL_2016_2020,stable_within_regime,Court-adopted map used for 2016 through 2020,3,2016,2020,-24.754011017056186,-22.705681748979966,4.1644488285571,1.7094734206162094,24.754011017056186,9.563934645461075,0,3,0.0,0.0,0.0,0.0,0,0,3,R,3,2,3.9272306124224325,5.636704033038642,5.636704033038642,9.563934645461075,7.854461224844865,-24.75401101705619,3.9272306124224308,2.6571677635354565,medium
FL-9,FL,FL_2016_2020,stable_within_regime,Court-adopted map used for 2016 through 2020,3,2016,2020,14.35931609030021,14.969640423709608,1.6806484577656722,1.0738593757761326,14.35931609030021,3.978691751780465,3,0,1.0,0.0,0.0,0.6666666666666666,0,3,0,D,3,2,-1.4524161880021662,2.5262755637782988,2.5262755637782988,3.978691751780465,-2.9048323760043324,14.359316090300208,-1.4524161880021644,1.1908977215290022,medium
FL-10,FL,FL_2016_2020,stable_within_regime,Court-adopted map used for 2016 through 2020,2,2016,2020,28.490592221905374,28.490592221905374,1.2467512773707465,1.2467512773707465,28.490592221905374,2.493502554741493,2,0,1.0,0.0,0.0,0.0,0,2,0,D,2,1,-2.493502554741493,2.493502554741493,0.0,2.493502554741493,-2.493502554741493,28.490592221905363,-1.2467512773707456,9.057678187205881e-15,low
FL-11,FL,FL_2016_2020,stable_within_regime,Court-adopted map used for 2016 through 2020,3,2016,2020,-32.50420061556938,-33.4443338181711,1.566683273937062,0.32728599237766787,32.50420061556938,3.474971592560493,0,3,0.0,0.0,0.0,0.0,0,0,3,R,3,2,0.16364299618883393,3.311328596371659,3.311328596371659,3.474971592560493,0.32728599237766787,-32.50420061556939,0.1636429961888321,1.5609752701542217,medium
FL-12,FL,FL_2016_2020,stable_within_regime,Court-adopted map used for 2016 through 2020,3,2016,2020,-27.12477296057959,-25.764286581261658,7.716185741187948,7.335895154106353,27.12477296057959,18.753249446166507,0,3,0.0,0.0,0.0,0.0,0,0,3,R,3,2,5.708677146030077,13.04457230013643,13.04457230013643,18.753249446166507,11.417354292060153,-27.124772960579595,5.708677146030077,6.149270354069779,medium
FL-13,FL,FL_2016_2020,stable_within_regime,Court-adopted map used for 2016 through 2020,3,2016,2020,8.391832161872877,6.079901508156356,4.9648697237500565,2.273717864853991,8.391832161872877,11.483227690857543,3,0,1.0,0.3333333333333333,0.6666666666666666,0.6666666666666666,0,3,0,D,3,2,1.1368589324269953,10.346368758430547,10.346368758430547,11.483227690857543,2.273717864853991,8.391832161872879,1.1368589324269949,4.877325006495254,medium
FL-14,FL,FL_2016_2020,stable_within_regime,Court-adopted map used for 2016 through 2020,2,2016,2020,22.04460589786779,22.04460589786779,1.529525389666487,1.529525389666487,22.04460589786779,3.059050779332974,2,0,1.0,0.0,0.0,0.0,0,2,0,D,2,1,-3.059050779332974,3.059050779332974,0.0,3.059050779332974,-3.059050779332974,22.044605897867786,-1.5295253896664867,5.617333549722722e-15,low
FL-15,FL,FL_2016_2020,stable_within_regime,Court-adopted map used for 2016 through 2020,3,2016,2020,-10.577836286135673,-10.77044367255312,3.6285191137948707,4.1519675760888415,10.577836286135673,8.881757311430018,0,3,0.0,0.0,0.3333333333333333,1.0,0,0,3,R,3,2,2.0759837880444203,6.805773523385598,6.805773523385598,8.881757311430018,4.1519675760888415,-10.577836286135675,2.075983788044419,3.208272406403879,medium
FL-16,FL,FL_2016_2020,stable_within_regime,Court-adopted map used for 2016 through 2020,3,2016,2020,-13.219778274797683,-11.0005694431836,4.531449089722019,1.8776616061029312,13.219778274797683,10.412949707048108,0,3,0.0,0.0,0.3333333333333333,0.6666666666666666,0,0,3,R,3,2,4.2676440504725885,6.14530565657552,6.14530565657552,10.412949707048108,8.535288100945177,-13.219778274797683,4.2676440504725885,2.8969248681523987,medium
FL-17,FL,FL_2016_2020,stable_within_regime,Court-adopted map used for 2016 through 2020,3,2016,2020,-27.54919954754573,-27.57038458699343,2.4667009429691515,2.9892460601742243,27.54919954754573,6.042047238691552,0,3,0.0,0.0,0.0,0.0,0,0,3,R,3,2,-1.4946230300871122,4.54742420860444,4.54742420860444,6.042047238691552,-2.9892460601742243,-27.549199547545726,-1.4946230300871166,2.143676329890712,medium
FL-18,FL,FL_2016_2020,stable_within_regime,Court-adopted map used for 2016 through 2020,3,2016,2020,-11.313496088619802,-10.52623178459132,2.5954242575277124,1.9238582527139627,11.313496088619802,6.209509417513376,0,3,0.0,0.0,0.3333333333333333,1.0,0,0,3,R,3,2,-2.1428255823997064,4.066683835113669,4.066683835113669,6.209509417513376,-4.285651164799413,-11.313496088619804,-2.142825582399706,1.917053144500394,medium
FL-19,FL,FL_2016_2020,stable_within_regime,Court-adopted map used for 2016 through 2020,3,2016,2020,-26.29473989209575,-24.545724911441756,3.9623559984111885,1.9869121652874426,26.29473989209575,9.220869272536863,0,3,0.0,0.0,0.0,0.0,0,0,3,R,3,2,4.610434636268431,4.610434636268431,2.623522470980989,7.23395710724942,9.220869272536863,-26.294739892095755,4.610434636268432,1.2367403532172963,medium
FL-20,FL,FL_2016_2020,stable_within_regime,Court-adopted map used for 2016 through 2020,2,2016,2020,58.988778523013764,58.988778523013764,1.635230700217253,1.635230700217253,58.988778523013764,3.270461400434506,2,0,1.0,0.0,0.0,0.0,0,2,0,D,2,1,-3.270461400434506,3.270461400434506,0.0,3.270461400434506,-3.270461400434506,58.988778523013735,-1.6352307002172477,2.5121479338940402e-14,low
FL-21,FL,FL_2016_2020,stable_within_regime,Court-adopted map used for 2016 through 2020,2,2016,2020,23.742794059724417,23.742794059724417,3.818607829747714,3.818607829747714,23.742794059724417,7.637215659495428,2,0,1.0,0.0,0.0,0.0,0,2,0,D,2,1,-7.637215659495428,7.637215659495428,0.0,7.637215659495428,-7.637215659495428,23.74279405972441,-3.818607829747714,9.057678187205881e-15,low
FL-22,FL,FL_2016_2020,stable_within_regime,Court-adopted map used for 2016 through 2020,3,2016,2020,19.70704879666786,17.870652656504365,3.0811626773155334,0.6675516192625892,19.70704879666786,6.844291659015653,3,0,1.0,0.0,0.0,0.0,0,3,0,D,3,2,-0.3337758096312946,6.510515849384358,6.510515849384358,6.844291659015653,-0.6675516192625892,19.70704879666786,-0.33377580963129333,3.06908660408145,medium
FL-23,FL,FL_2016_2020,stable_within_regime,Court-adopted map used for 2016 through 2020,3,2016,2020,18.372051750814986,16.403381413797096,2.915432405312481,0.18432966831554154,18.372051750814986,6.274670347684754,3,0,1.0,0.0,0.0,0.0,0,3,0,D,3,2,0.09216483415777077,6.1825055135269835,6.1825055135269835,6.274670347684754,0.18432966831554154,18.37205175081499,0.09216483415777062,2.9144610488920986,medium
FL-25,FL,FL_2016_2020,stable_within_regime,Court-adopted map used for 2016 through 2020,2,2016,2018,-22.813593225673443,-22.813593225673443,1.906830088179026,1.906830088179026,22.813593225673443,3.813660176358052,0,2,0.0,0.0,0.0,0.0,0,0,2,R,2,1,3.813660176358052,3.813660176358052,0.0,3.813660176358052,3.813660176358052,-22.813593225673436,3.8136601763580478,9.057678187205881e-15,low
FL-26,FL,FL_2016_2020,stable_within_regime,Court-adopted map used for 2016 through 2020,3,2016,2020,-4.493860268059358,-3.4486180427866797,5.573404270717463,5.197848322009527,5.660013787541256,13.531423319837089,1,2,0.3333333333333333,0.6666666666666666,0.6666666666666666,1.0,2,1,1,R,1,2,4.166787498913781,9.364635820923308,9.364635820923308,13.531423319837089,8.333574997827562,-4.493860268059358,4.166787498913779,4.414531661544881,medium
FL-27,FL,FL_2016_2020,stable_within_regime,Court-adopted map used for 2016 through 2020,3,2016,2020,-2.1745148537789505,-2.7357679131132007,6.45748798177071,7.051945390348667,6.174472623937761,15.787649958700083,1,2,0.3333333333333333,0.3333333333333333,1.0,1.0,2,1,1,R,1,2,3.5259726951743335,12.26167726352575,12.26167726352575,15.787649958700083,7.051945390348667,-2.174514853778951,3.525972695174333,5.7802100945066455,medium
GA-3,GA,GA_2012_2020_default,assumed_stable_2012_2020,No known mid-decade statewide boundary break configured.,3,2016,2020,-32.61233035475808,-31.05260643126762,2.9121789111433554,0.9614177466361191,32.61233035475808,6.602007263743598,0,3,0.0,0.0,0.0,0.0,0,0,3,R,3,2,3.301003631871799,3.301003631871799,2.33958588523568,5.640589517107479,6.602007263743598,-32.61233035475807,3.3010036318717964,1.1028913630789883,medium
GA-8,GA,GA_2012_2020_default,assumed_stable_2012_2020,No known mid-decade statewide boundary break configured.,2,2016,2020,-32.16130006701737,-32.16130006701737,3.1245386316234143,3.1245386316234143,32.16130006701737,6.2490772632468286,0,2,0.0,0.0,0.0,0.0,0,0,2,R,2,1,6.2490772632468286,6.2490772632468286,0.0,6.2490772632468286,6.2490772632468286,-32.161300067017365,3.1245386316234134,7.105427357601002e-15,low
LA-4,LA,LA_2012_2020_default,assumed_stable_2012_2020,No known mid-decade statewide boundary break configured.,3,2016,2020,-26.90916589471637,-30.6134494079457,8.481264077916917,4.323173572176813,26.90916589471637,19.75919768404161,0,3,0.0,0.0,0.0,0.0,0,0,3,R,3,2,-9.879598842020805,9.879598842020805,5.556425269843992,15.436024111864798,-19.75919768404161,-26.909165894716374,-9.87959884202081,2.6193239916419864,medium
NC-1,NC,NC_2016_2018,stable_within_regime,Remedial congressional plan beginning in 2016,2,2016,2018,39.67858695014792,39.67858695014792,0.01665463782310539,0.01665463782310539,39.67858695014792,0.03330927564621078,2,0,1.0,0.0,0.0,0.0,0,2,0,D,2,1,0.03330927564621078,0.03330927564621078,0.0,0.03330927564621078,0.03330927564621078,39.67858695014791,0.033309275646214505,1.1234667099445444e-14,low
NC-2,NC,NC_2016_2018,stable_within_regime,Remedial congressional plan beginning in 2016,2,2016,2018,-9.436162512854812,-9.436162512854812,3.9809976670887077,3.9809976670887077,9.436162512854812,7.9619953341774155,0,2,0.0,0.0,0.5,1.0,0,0,2,R,2,1,7.9619953341774155,7.9619953341774155,0.0,7.9619953341774155,7.9619953341774155,-9.43616251285481,7.961995334177415,1.7763568394002505e-15,low
NC-3,NC,NC_2016_2018,stable_within_regime,Remedial congressional plan beginning in 2016,1,2016,2016,-34.40242693102586,-34.40242693102586,0.0,0.0,34.40242693102586,0.0,0,1,0.0,0.0,0.0,0.0,0,0,1,R,1,0,,,,,,,,,insufficient_single_cycle
NC-4,NC,NC_2016_2018,stable_within_regime,Remedial congressional plan beginning in 2016,2,2016,2018,42.38502069192994,42.38502069192994,5.949352468235613,5.949352468235613,42.38502069192994,11.898704936471226,2,0,1.0,0.0,0.0,0.0,0,2,0,D,2,1,11.898704936471226,11.898704936471226,0.0,11.898704936471226,11.898704936471226,42.38502069192993,11.898704936471232,1.1234667099445444e-14,low
NC-5,NC,NC_2016_2018,stable_within_regime,Remedial congressional plan beginning in 2016,2,2016,2018,-15.436476903942427,-15.436476903942427,1.3668940089944082,1.3668940089944082,15.436476903942427,2.7337880179888163,0,2,0.0,0.0,0.0,0.5,0,0,2,R,2,1,2.7337880179888163,2.7337880179888163,0.0,2.7337880179888163,2.7337880179888163,-15.436476903942422,2.7337880179888154,3.552713678800501e-15,low
NC-6,NC,NC_2016_2018,stable_within_regime,Remedial congressional plan beginning in 2016,2,2016,2018,-15.74514038204195,-15.74514038204195,2.7130683606606008,2.7130683606606008,15.74514038204195,5.4261367213212015,0,2,0.0,0.0,0.0,0.5,0,0,2,R,2,1,5.4261367213212015,5.4261367213212015,0.0,5.4261367213212015,5.4261367213212015,-15.74514038204194,5.426136721321199,9.057678187205881e-15,low
NC-7,NC,NC_2016_2018,stable_within_regime,Remedial congressional plan beginning in 2016,2,2016,2018,-17.284606343306745,-17.284606343306745,4.54302964801926,4.54302964801926,17.284606343306745,9.08605929603852,0,2,0.0,0.0,0.0,0.5,0,0,2,R,2,1,9.08605929603852,9.08605929603852,0.0,9.08605929603852,9.08605929603852,-17.284606343306738,9.086059296038519,7.105427357601002e-15,low
NC-8,NC,NC_2016_2018,stable_within_regime,Remedial congressional plan beginning in 2016,2,2016,2018,-14.111626518463066,-14.111626518463066,3.434226226510546,3.434226226510546,14.111626518463066,6.868452453021092,0,2,0.0,0.0,0.0,0.5,0,0,2,R,2,1,6.868452453021092,6.868452453021092,0.0,6.868452453021092,6.868452453021092,-14.111626518463058,6.8684524530210895,6.2803698347351005e-15,low
NC-9,NC,NC_2016_2018,stable_within_regime,Remedial congressional plan beginning in 2016,2,2016,2018,-8.342331568611877,-8.342331568611877,8.022223474652193,8.022223474652193,8.342331568611877,16.044446949304383,0,2,0.0,0.5,0.5,0.5,0,0,2,R,2,1,16.044446949304383,16.044446949304383,0.0,16.044446949304383,16.044446949304383,-8.342331568611874,16.044446949304387,2.6691571797624175e-15,low
NC-10,NC,NC_2016_2018,stable_within_regime,Remedial congressional plan beginning in 2016,2,2016,2018,-22.431777169552333,-22.431777169552333,3.8463005101219405,3.8463005101219405,22.431777169552333,7.692601020243881,0,2,0.0,0.0,0.0,0.0,0,0,2,R,2,1,7.692601020243881,7.692601020243881,0.0,7.692601020243881,7.692601020243881,-22.43177716955233,7.692601020243881,5.617333549722722e-15,low
NC-11,NC,NC_2016_2018,stable_within_regime,Remedial congressional plan beginning in 2016,2,2016,2018,-24.3169377518187,-24.3169377518187,3.861016563523382,3.861016563523382,24.3169377518187,7.722033127046764,0,2,0.0,0.0,0.0,0.0,0,0,2,R,2,1,7.722033127046764,7.722033127046764,0.0,7.722033127046764,7.722033127046764,-24.316937751818692,7.722033127046761,7.105427357601002e-15,low
NC-12,NC,NC_2016_2018,stable_within_regime,Remedial congressional plan beginning in 2016,2,2016,2018,40.09686512576199,40.09686512576199,6.048768933377218,6.048768933377218,40.09686512576199,12.097537866754436,2,0,1.0,0.0,0.0,0.0,0,2,0,D,2,1,12.097537866754436,12.097537866754436,0.0,12.097537866754436,12.097537866754436,40.09686512576197,12.09753786675444,1.4210854715202004e-14,low
NC-13,NC,NC_2016_2018,stable_within_regime,Remedial congressional plan beginning in 2016,2,2016,2018,-9.101458258604811,-9.101458258604811,3.1052861969666217,3.1052861969666217,9.101458258604811,6.210572393933243,0,2,0.0,0.0,0.5,1.0,0,0,2,R,2,1,6.210572393933243,6.210572393933243,0.0,6.210572393933243,6.210572393933243,-9.10145825860481,6.210572393933243,2.2644195468014703e-15,low
ND-AL,ND,ND_2012_2020_default,assumed_stable_2012_2020,No known mid-decade statewide boundary break configured.,1,2016,2016,-45.38304491829143,-45.38304491829143,0.0,0.0,45.38304491829143,0.0,0,1,0.0,0.0,0.0,0.0,0,0,1,R,1,0,,,,,,,,,insufficient_single_cycle
TX-3,TX,TX_2012_2020_default,assumed_stable_2012_2020,No known mid-decade statewide boundary break configured.,3,2016,2020,-16.2780905294376,-12.196631079024632,7.371604345938512,2.185463472124397,16.2780905294376,16.615305295487694,0,3,0.0,0.0,0.0,0.6666666666666666,0,0,3,R,3,2,7.214920911681649,9.400384383806045,9.400384383806045,16.615305295487694,14.429841823363295,-16.278090529437602,7.214920911681647,4.431383695699585,medium
TX-29,TX,TX_2012_2020_default,assumed_stable_2012_2020,No known mid-decade statewide boundary break configured.,3,2016,2020,47.797307910476206,48.49373399402949,3.0560285896320933,2.6493030972262304,47.797307910476206,7.387884445112299,3,0,1.0,0.0,0.0,0.0,0,3,0,D,3,2,-2.369290673943034,5.0185937711692645,5.0185937711692645,7.387884445112299,-4.738581347886068,47.79730791047622,-2.3692906739430324,2.3657877917429038,medium
VA-1,VA,VA_2016_2020,stable_within_regime,Federal-court remedial map beginning in 2016,3,2016,2020,-16.723008325654984,-16.442351030171046,5.220217336111896,5.967826713773322,16.723008325654984,12.77762531399845,0,3,0.0,0.0,0.0,0.3333333333333333,0,0,3,R,3,2,3.4048993001125645,9.372726013885886,9.372726013885886,12.77762531399845,6.809798600225129,-16.723008325654988,3.4048993001125654,4.418345415081513,medium
VA-2,VA,VA_2016_2020,stable_within_regime,Federal-court remedial map beginning in 2016,3,2016,2020,-4.963542987973747,2.2359180687637163,12.744497623792455,3.5102161557357663,10.284911183482546,28.61881548168392,2,1,0.6666666666666666,0.3333333333333333,0.6666666666666666,0.6666666666666666,1,2,1,D,2,2,14.30940774084196,14.30940774084196,10.799191585106195,25.108599325948155,28.61881548168392,-4.963542987973748,14.30940774084196,5.090787734107527,medium
VA-3,VA,VA_2016_2020,stable_within_regime,Federal-court remedial map beginning in 2016,2,2016,2020,35.27578004037306,35.27578004037306,1.6432001594740342,1.6432001594740342,35.27578004037306,3.2864003189480684,2,0,1.0,0.0,0.0,0.0,0,2,0,D,2,1,3.2864003189480684,3.2864003189480684,0.0,3.2864003189480684,3.2864003189480684,35.27578004037305,1.6432001594740344,7.105427357601002e-15,low
VA-4,VA,VA_2016_2020,stable_within_regime,Federal-court remedial map beginning in 2016,3,2016,2020,21.912596084183022,23.385248310314427,4.5955963624046925,3.2730587324463833,21.912596084183022,10.96407414328698,3,0,1.0,0.0,0.0,0.0,0,3,0,D,3,2,3.8455077054202986,7.118566437866682,7.118566437866682,10.96407414328698,7.691015410840597,21.912596084183026,3.845507705420299,3.3557244003616646,medium
VA-5,VA,VA_2016_2020,stable_within_regime,Federal-court remedial map beginning in 2016,3,2016,2020,-9.440803159114932,-6.528563066453111,5.132930521329277,1.3900777426910027,9.440803159114932,11.51687576336747,0,3,0.0,0.0,0.6666666666666666,0.6666666666666666,0,0,3,R,3,2,5.758437881683735,5.758437881683735,4.368360138992733,10.126798020676468,11.51687576336747,-9.440803159114934,5.758437881683734,2.059264717964513,medium
VA-6,VA,VA_2016_2020,stable_within_regime,Federal-court remedial map beginning in 2016,3,2016,2020,-27.4220629464638,-29.301516711060128,5.866484120350776,4.178975829031888,27.4220629464638,13.996312951852751,0,3,0.0,0.0,0.0,0.0,0,0,3,R,3,2,2.089487914515944,11.906825037336807,11.906825037336807,13.996312951852751,4.178975829031888,-27.42206294646381,2.0894879145159457,5.612931150868415,medium
VA-7,VA,VA_2016_2020,stable_within_regime,Federal-court remedial map beginning in 2016,3,2016,2020,-3.8367819365358273,1.820226746988482,8.084616908851274,0.1191505596669784,6.3431846389651225,17.209327169906885,2,1,0.6666666666666666,0.6666666666666666,0.6666666666666666,0.6666666666666666,1,2,1,D,2,2,8.545088305119954,8.664238864786931,8.664238864786931,17.209327169906885,17.090176610239908,-3.8367819365358278,8.545088305119952,4.084361370073916,medium
VA-8,VA,VA_2016_2020,stable_within_regime,Federal-court remedial map beginning in 2016,3,2016,2020,48.44791068118575,51.81435341739054,5.196152495057469,0.6072165383905528,48.44791068118575,11.313761285395486,3,0,1.0,0.0,0.0,0.0,0,3,0,D,3,2,5.353272373502467,5.9604889118930195,5.9604889118930195,11.313761285395486,10.706544747004934,48.447910681185746,5.353272373502473,2.809801419191187,medium
VA-9,VA,VA_2016_2020,stable_within_regime,Federal-court remedial map beginning in 2016,2,2016,2018,-35.33826580844652,-35.33826580844652,4.930945377642409,4.930945377642409,35.33826580844652,9.861890755284819,0,2,0.0,0.0,0.0,0.0,0,0,2,R,2,1,9.861890755284819,9.861890755284819,0.0,9.861890755284819,9.861890755284819,-35.33826580844651,9.861890755284815,1.4210854715202004e-14,low
VA-10,VA,VA_2016_2020,stable_within_regime,Federal-court remedial map beginning in 2016,3,2016,2020,6.581779758518915,12.375100259655516,8.738567624296603,0.7636917814929731,10.427481775350422,18.90734506639575,2,1,0.6666666666666666,0.0,0.3333333333333333,1.0,1,2,1,D,2,2,9.453672533197874,9.453672533197874,8.689980751704901,18.143653284902776,18.90734506639575,6.581779758518916,9.453672533197878,4.096496211940739,medium
AR-3,AR,AR_2012_2020_default,assumed_stable_2012_2020,No known mid-decade statewide boundary break configured.,2,2018,2020,-32.306231589362326,-32.306231589362326,0.19372353565936606,0.19372353565936606,32.306231589362326,0.38744707131873213,0,2,0.0,0.0,0.0,0.0,0,0,2,R,2,1,-0.38744707131873213,0.38744707131873213,0.0,0.38744707131873213,-0.38744707131873213,-32.30623158936232,-0.38744707131873535,7.105427357601002e-15,low
MA-2,MA,MA_2012_2020_default,assumed_stable_2012_2020,No known mid-decade statewide boundary break configured.,2,2018,2020,32.11407563604283,32.11407563604283,2.2640944137653456,2.2640944137653456,32.11407563604283,4.528188827530691,2,0,1.0,0.0,0.0,0.0,0,2,0,D,2,1,-4.528188827530691,4.528188827530691,0.0,4.528188827530691,-4.528188827530691,32.11407563604281,-4.528188827530686,1.8115356374411762e-14,low
PA-1,PA,PA_2018_2020,stable_within_regime,2018 Pennsylvania Supreme Court remedial map,2,2018,2020,-7.817375757554205,-7.817375757554205,5.298257994559888,5.298257994559888,7.817375757554205,10.596515989119775,0,2,0.0,0.5,0.5,1.0,0,0,2,R,2,1,-10.596515989119775,10.596515989119775,0.0,10.596515989119775,-10.596515989119775,-7.8173757575542036,-10.596515989119778,2.198129442157285e-15,low
PA-2,PA,PA_2018_2020,stable_within_regime,2018 Pennsylvania Supreme Court remedial map,2,2018,2020,51.552653513098655,51.552653513098655,6.481230694404985,6.481230694404985,51.552653513098655,12.96246138880997,2,0,1.0,0.0,0.0,0.0,0,2,0,D,2,1,-12.96246138880997,12.96246138880997,0.0,12.96246138880997,-12.96246138880997,51.55265351309863,-12.962461388809965,2.1316282072803006e-14,low
PA-3,PA,PA_2018_2020,stable_within_regime,2018 Pennsylvania Supreme Court remedial map,2,2018,2020,84.41091189596234,84.41091189596234,2.350647469875639,2.350647469875639,84.41091189596234,4.701294939751278,2,0,1.0,0.0,0.0,0.0,0,2,0,D,2,1,-4.701294939751278,4.701294939751278,0.0,4.701294939751278,-4.701294939751278,84.41091189596231,-4.701294939751271,2.842170943040401e-14,low
PA-4,PA,PA_2018_2020,stable_within_regime,2018 Pennsylvania Supreme Court remedial map,2,2018,2020,23.04988359712219,23.04988359712219,3.994991489591868,3.994991489591868,23.04988359712219,7.989982979183736,2,0,1.0,0.0,0.0,0.0,0,2,0,D,2,1,-7.989982979183736,7.989982979183736,0.0,7.989982979183736,-7.989982979183736,23.04988359712218,-7.989982979183732,1.1234667099445444e-14,low
PA-5,PA,PA_2018_2020,stable_within_regime,2018 Pennsylvania Supreme Court remedial map,2,2018,2020,29.88541418743835,29.88541418743835,0.49192325029014405,0.49192325029014405,29.88541418743835,0.9838465005802881,2,0,1.0,0.0,0.0,0.0,0,2,0,D,2,1,-0.9838465005802881,0.9838465005802881,0.0,0.9838465005802881,-0.9838465005802881,29.885414187438336,-0.9838465005802817,1.2560739669470201e-14,low
PA-6,PA,PA_2018_2020,stable_within_regime,2018 Pennsylvania Supreme Court remedial map,2,2018,2020,14.930138469709693,14.930138469709693,2.8216936996052793,2.8216936996052793,14.930138469709693,5.6433873992105585,2,0,1.0,0.0,0.0,0.5,0,2,0,D,2,1,-5.6433873992105585,5.6433873992105585,0.0,5.6433873992105585,-5.6433873992105585,14.930138469709687,-5.643387399210557,6.2803698347351005e-15,low
PA-7,PA,PA_2018_2020,stable_within_regime,2018 Pennsylvania Supreme Court remedial map,2,2018,2020,6.8758439479821085,6.8758439479821085,3.143110625615956,3.143110625615956,6.8758439479821085,6.286221251231912,2,0,1.0,0.5,0.5,1.0,0,2,0,D,2,1,-6.286221251231912,6.286221251231912,0.0,6.286221251231912,-6.286221251231912,6.875843947982106,-6.286221251231913,2.2644195468014703e-15,low
PA-8,PA,PA_2018_2020,stable_within_regime,2018 Pennsylvania Supreme Court remedial map,2,2018,2020,6.41946279513553,6.41946279513553,2.864645422750885,2.8646454227508844,6.41946279513553,5.729290845501769,2,0,1.0,0.5,1.0,1.0,0,2,0,D,2,1,-5.729290845501769,5.729290845501769,0.0,5.729290845501769,-5.729290845501769,6.419462795135526,-5.729290845501769,4.710277376051325e-15,low
PA-9,PA,PA_2018_2020,stable_within_regime,2018 Pennsylvania Supreme Court remedial map,2,2018,2020,-26.075976075845794,-26.075976075845794,6.5847196030646185,6.5847196030646185,26.075976075845794,13.169439206129237,0,2,0.0,0.0,0.0,0.0,0,0,2,R,2,1,-13.169439206129237,13.169439206129237,0.0,13.169439206129237,-13.169439206129237,-26.07597607584579,-13.169439206129239,7.105427357601002e-15,low
PA-10,PA,PA_2018_2020,stable_within_regime,2018 Pennsylvania Supreme Court remedial map,2,2018,2020,-4.634730708799925,-4.634730708799925,1.9900134430603011,1.9900134430603011,4.634730708799925,3.9800268861206023,0,2,0.0,0.5,1.0,1.0,0,0,2,R,2,1,-3.9800268861206023,3.9800268861206023,0.0,3.9800268861206023,-3.9800268861206023,-4.634730708799924,-3.9800268861206023,1.1322097734007351e-15,low
PA-11,PA,PA_2018_2020,stable_within_regime,2018 Pennsylvania Supreme Court remedial map,2,2018,2020,-22.09965177396093,-22.09965177396093,4.147608428523153,4.147608428523153,22.09965177396093,8.295216857046306,0,2,0.0,0.0,0.0,0.0,0,0,2,R,2,1,-8.295216857046306,8.295216857046306,0.0,8.295216857046306,-8.295216857046306,-22.099651773960925,-8.295216857046308,3.552713678800501e-15,low
PA-12,PA,PA_2018_2020,stable_within_regime,2018 Pennsylvania Supreme Court remedial map,2,2018,2020,-36.88140127492795,-36.88140127492795,4.806378312062183,4.806378312062183,36.88140127492795,9.612756624124366,0,2,0.0,0.0,0.0,0.0,0,0,2,R,2,1,-9.612756624124366,9.612756624124366,0.0,9.612756624124366,-9.612756624124366,-36.88140127492794,-9.612756624124367,1.1234667099445444e-14,low
PA-13,PA,PA_2018_2020,stable_within_regime,2018 Pennsylvania Supreme Court remedial map,2,2018,2020,-43.97973800595772,-43.97973800595772,2.9951605261538816,2.9951605261538816,43.97973800595772,5.990321052307763,0,2,0.0,0.0,0.0,0.0,0,0,2,R,2,1,-5.990321052307763,5.990321052307763,0.0,5.990321052307763,-5.990321052307763,-43.9797380059577,-5.99032105230777,2.1316282072803006e-14,low
PA-14,PA,PA_2018_2020,stable_within_regime,2018 Pennsylvania Supreme Court remedial map,2,2018,2020,-22.59993885511125,-22.59993885511125,6.789246412955015,6.789246412955015,22.59993885511125,13.57849282591003,0,2,0.0,0.0,0.0,0.0,0,0,2,R,2,1,-13.57849282591003,13.57849282591003,0.0,13.57849282591003,-13.57849282591003,-22.599938855111244,-13.578492825910034,8.042797661766892e-15,low
PA-15,PA,PA_2018_2020,stable_within_regime,2018 Pennsylvania Supreme Court remedial map,2,2018,2020,-41.300806329108354,-41.300806329108354,5.616080662775612,5.616080662775612,41.300806329108354,11.232161325551225,0,2,0.0,0.0,0.0,0.0,0,0,2,R,2,1,-11.232161325551225,11.232161325551225,0.0,11.232161325551225,-11.232161325551225,-41.30080632910835,-11.232161325551228,1.1234667099445444e-14,low
PA-16,PA,PA_2018_2020,stable_within_regime,2018 Pennsylvania Supreme Court remedial map,2,2018,2020,-11.480121900076067,-11.480121900076067,7.196901119271483,7.196901119271483,11.480121900076067,14.393802238542966,0,2,0.0,0.5,0.5,0.5,0,0,2,R,2,1,-14.393802238542966,14.393802238542966,0.0,14.393802238542966,-14.393802238542966,-11.480121900076067,-14.393802238542966,6.280369834735101e-16,low
PA-17,PA,PA_2018_2020,stable_within_regime,2018 Pennsylvania Supreme Court remedial map,2,2018,2020,7.404396880274527,7.404396880274527,5.110230905915612,5.110230905915612,7.404396880274527,10.220461811831225,2,0,1.0,0.5,0.5,1.0,0,2,0,D,2,1,-10.220461811831225,10.220461811831225,0.0,10.220461811831225,-10.220461811831225,7.404396880274525,-10.220461811831225,3.3380623550567164e-15,low
VA-11,VA,VA_2016_2020,stable_within_regime,Federal-court remedial map beginning in 2016,2,2018,2020,43.61922814521557,43.61922814521557,0.5553055125297632,0.5553055125297632,43.61922814521557,1.1106110250595265,2,0,1.0,0.0,0.0,0.0,0,2,0,D,2,1,-1.1106110250595265,1.1106110250595265,0.0,1.1106110250595265,-1.1106110250595265,43.61922814521556,-1.1106110250595227,1.4210854715202004e-14,low
CA-40,CA,CA_2012_2020_default,assumed_stable_2012_2020,No known mid-decade statewide boundary break configured.,1,2020,2020,45.478348114882955,45.478348114882955,0.0,0.0,45.478348114882955,0.0,1,0,1.0,0.0,0.0,0.0,0,1,0,D,1,0,,,,,,,,,insufficient_single_cycle
FL-24,FL,FL_2016_2020,stable_within_regime,Court-adopted map used for 2016 through 2020,1,2020,2020,55.151948294077435,55.151948294077435,0.0,0.0,55.151948294077435,0.0,1,0,1.0,0.0,0.0,0.0,0,1,0,D,1,0,,,,,,,,,insufficient_single_cycle
NC-1,NC,NC_2020,single_cycle_regime,New congressional plan used for 2020,1,2020,2020,8.353556041283008,8.353556041283008,0.0,0.0,8.353556041283008,0.0,1,0,1.0,0.0,1.0,1.0,0,1,0,D,1,0,,,,,,,,,insufficient_single_cycle
NC-2,NC,NC_2020,single_cycle_regime,New congressional plan used for 2020,1,2020,2020,28.13049490758966,28.13049490758966,0.0,0.0,28.13049490758966,0.0,1,0,1.0,0.0,0.0,0.0,0,1,0,D,1,0,,,,,,,,,insufficient_single_cycle
NC-3,NC,NC_2020,single_cycle_regime,New congressional plan used for 2020,1,2020,2020,-26.76802224232662,-26.76802224232662,0.0,0.0,26.76802224232662,0.0,0,1,0.0,0.0,0.0,0.0,0,0,1,R,1,0,,,,,,,,,insufficient_single_cycle
NC-4,NC,NC_2020,single_cycle_regime,New congressional plan used for 2020,1,2020,2020,34.65999890626044,34.65999890626044,0.0,0.0,34.65999890626044,0.0,1,0,1.0,0.0,0.0,0.0,0,1,0,D,1,0,,,,,,,,,insufficient_single_cycle
NC-5,NC,NC_2020,single_cycle_regime,New congressional plan used for 2020,1,2020,2020,-35.82067468928783,-35.82067468928783,0.0,0.0,35.82067468928783,0.0,0,1,0.0,0.0,0.0,0.0,0,0,1,R,1,0,,,,,,,,,insufficient_single_cycle
NC-6,NC,NC_2020,single_cycle_regime,New congressional plan used for 2020,1,2020,2020,24.545782786291323,24.545782786291323,0.0,0.0,24.545782786291323,0.0,1,0,1.0,0.0,0.0,0.0,0,1,0,D,1,0,,,,,,,,,insufficient_single_cycle
NC-7,NC,NC_2020,single_cycle_regime,New congressional plan used for 2020,1,2020,2020,-20.65376994657326,-20.65376994657326,0.0,0.0,20.65376994657326,0.0,0,1,0.0,0.0,0.0,0.0,0,0,1,R,1,0,,,,,,,,,insufficient_single_cycle
NC-8,NC,NC_2020,single_cycle_regime,New congressional plan used for 2020,1,2020,2020,-6.567513237245602,-6.567513237245602,0.0,0.0,6.567513237245602,0.0,0,1,0.0,0.0,1.0,1.0,0,0,1,R,1,0,,,,,,,,,insufficient_single_cycle
NC-9,NC,NC_2020,single_cycle_regime,New congressional plan used for 2020,1,2020,2020,-11.184190990883986,-11.184190990883986,0.0,0.0,11.184190990883986,0.0,0,1,0.0,0.0,0.0,1.0,0,0,1,R,1,0,,,,,,,,,insufficient_single_cycle
NC-10,NC,NC_2020,single_cycle_regime,New congressional plan used for 2020,1,2020,2020,-37.81519535077762,-37.81519535077762,0.0,0.0,37.81519535077762,0.0,0,1,0.0,0.0,0.0,0.0,0,0,1,R,1,0,,,,,,,,,insufficient_single_cycle
NC-11,NC,NC_2020,single_cycle_regime,New congressional plan used for 2020,1,2020,2020,-12.160970353997046,-12.160970353997046,0.0,0.0,12.160970353997046,0.0,0,1,0.0,0.0,0.0,1.0,0,0,1,R,1,0,,,,,,,,,insufficient_single_cycle
NC-13,NC,NC_2020,single_cycle_regime,New congressional plan used for 2020,1,2020,2020,-36.36379875722506,-36.36379875722506,0.0,0.0,36.36379875722506,0.0,0,1,0.0,0.0,0.0,0.0,0,0,1,R,1,0,,,,,,,,,insufficient_single_cycle
PA-18,PA,PA_2018_2020,stable_within_regime,2018 Pennsylvania Supreme Court remedial map,1,2020,2020,38.496331786585195,38.496331786585195,0.0,0.0,38.496331786585195,0.0,1,0,1.0,0.0,0.0,0.0,0,1,0,D,1,0,,,,,,,,,insufficient_single_cycle
