forecast_cycle,boundary_cycle,presidential_result_year,race_id,state,district,dem_presidential_candidate,gop_presidential_candidate,dem_presidential_share,gop_presidential_share,district_pres_margin_dem,major_party_share_total,source_name,source_file,source_boundary_description,warehouse_version,presidential_result_available,boundary_compatibility,presidential_baseline_available,baseline_selection_method
2016,2016,2012,AK-AL,AK,AL,Obama,Romney,41.2,55.3,-14.099999999999994,96.5,Daily Kos Elections presidential results by congressional district,presidential_results_on_2016_districts.csv,Congressional district lines used in the 2016 elections,1.0,True,same_election_boundary_set,True,most_recent_completed_presidential_election_on_target_house_boundaries
2016,2016,2012,AL-1,AL,1,Obama,Romney,37.4,61.8,-24.4,99.19999999999999,Daily Kos Elections presidential results by congressional district,presidential_results_on_2016_districts.csv,Congressional district lines used in the 2016 elections,1.0,True,same_election_boundary_set,True,most_recent_completed_presidential_election_on_target_house_boundaries
2016,2016,2012,AL-2,AL,2,Obama,Romney,36.4,62.9,-26.5,99.3,Daily Kos Elections presidential results by congressional district,presidential_results_on_2016_districts.csv,Congressional district lines used in the 2016 elections,1.0,True,same_election_boundary_set,True,most_recent_completed_presidential_election_on_target_house_boundaries
2016,2016,2012,AL-3,AL,3,Obama,Romney,36.8,62.3,-25.5,99.1,Daily Kos Elections presidential results by congressional district,presidential_results_on_2016_districts.csv,Congressional district lines used in the 2016 elections,1.0,True,same_election_boundary_set,True,most_recent_completed_presidential_election_on_target_house_boundaries
2016,2016,2012,AL-4,AL,4,Obama,Romney,24.0,74.8,-50.8,98.8,Daily Kos Elections presidential results by congressional district,presidential_results_on_2016_districts.csv,Congressional district lines used in the 2016 elections,1.0,True,same_election_boundary_set,True,most_recent_completed_presidential_election_on_target_house_boundaries
2016,2016,2012,AL-5,AL,5,Obama,Romney,34.9,63.9,-29.0,98.8,Daily Kos Elections presidential results by congressional district,presidential_results_on_2016_districts.csv,Congressional district lines used in the 2016 elections,1.0,True,same_election_boundary_set,True,most_recent_completed_presidential_election_on_target_house_boundaries
2016,2016,2012,AL-6,AL,6,Obama,Romney,24.7,74.3,-49.599999999999994,99.0,Daily Kos Elections presidential results by congressional district,presidential_results_on_2016_districts.csv,Congressional district lines used in the 2016 elections,1.0,True,same_election_boundary_set,True,most_recent_completed_presidential_election_on_target_house_boundaries
2016,2016,2012,AL-7,AL,7,Obama,Romney,72.4,27.1,45.300000000000004,99.5,Daily Kos Elections presidential results by congressional district,presidential_results_on_2016_districts.csv,Congressional district lines used in the 2016 elections,1.0,True,same_election_boundary_set,True,most_recent_completed_presidential_election_on_target_house_boundaries
2016,2016,2012,AR-1,AR,1,Obama,Romney,36.3,61.0,-24.700000000000003,97.3,Daily Kos Elections presidential results by congressional district,presidential_results_on_2016_districts.csv,Congressional district lines used in the 2016 elections,1.0,True,same_election_boundary_set,True,most_recent_completed_presidential_election_on_target_house_boundaries
2016,2016,2012,AR-2,AR,2,Obama,Romney,42.9,54.7,-11.800000000000004,97.6,Daily Kos Elections presidential results by congressional district,presidential_results_on_2016_districts.csv,Congressional district lines used in the 2016 elections,1.0,True,same_election_boundary_set,True,most_recent_completed_presidential_election_on_target_house_boundaries
2016,2016,2012,AR-3,AR,3,Obama,Romney,31.6,65.5,-33.9,97.1,Daily Kos Elections presidential results by congressional district,presidential_results_on_2016_districts.csv,Congressional district lines used in the 2016 elections,1.0,True,same_election_boundary_set,True,most_recent_completed_presidential_election_on_target_house_boundaries
2016,2016,2012,AR-4,AR,4,Obama,Romney,35.9,61.8,-25.9,97.69999999999999,Daily Kos Elections presidential results by congressional district,presidential_results_on_2016_districts.csv,Congressional district lines used in the 2016 elections,1.0,True,same_election_boundary_set,True,most_recent_completed_presidential_election_on_target_house_boundaries
2016,2016,2012,AZ-1,AZ,1,Obama,Romney,47.9,50.4,-2.5,98.3,Daily Kos Elections presidential results by congressional district,presidential_results_on_2016_districts.csv,Congressional district lines used in the 2016 elections,1.0,True,same_election_boundary_set,True,most_recent_completed_presidential_election_on_target_house_boundaries
2016,2016,2012,AZ-2,AZ,2,Obama,Romney,48.4,49.9,-1.5,98.3,Daily Kos Elections presidential results by congressional district,presidential_results_on_2016_districts.csv,Congressional district lines used in the 2016 elections,1.0,True,same_election_boundary_set,True,most_recent_completed_presidential_election_on_target_house_boundaries
2016,2016,2012,AZ-3,AZ,3,Obama,Romney,61.4,36.9,24.5,98.3,Daily Kos Elections presidential results by congressional district,presidential_results_on_2016_districts.csv,Congressional district lines used in the 2016 elections,1.0,True,same_election_boundary_set,True,most_recent_completed_presidential_election_on_target_house_boundaries
2016,2016,2012,AZ-4,AZ,4,Obama,Romney,31.0,67.2,-36.2,98.2,Daily Kos Elections presidential results by congressional district,presidential_results_on_2016_districts.csv,Congressional district lines used in the 2016 elections,1.0,True,same_election_boundary_set,True,most_recent_completed_presidential_election_on_target_house_boundaries
2016,2016,2012,AZ-5,AZ,5,Obama,Romney,34.6,63.8,-29.199999999999996,98.4,Daily Kos Elections presidential results by congressional district,presidential_results_on_2016_districts.csv,Congressional district lines used in the 2016 elections,1.0,True,same_election_boundary_set,True,most_recent_completed_presidential_election_on_target_house_boundaries
2016,2016,2012,AZ-6,AZ,6,Obama,Romney,38.8,59.5,-20.700000000000003,98.3,Daily Kos Elections presidential results by congressional district,presidential_results_on_2016_districts.csv,Congressional district lines used in the 2016 elections,1.0,True,same_election_boundary_set,True,most_recent_completed_presidential_election_on_target_house_boundaries
2016,2016,2012,AZ-7,AZ,7,Obama,Romney,71.7,26.5,45.2,98.2,Daily Kos Elections presidential results by congressional district,presidential_results_on_2016_districts.csv,Congressional district lines used in the 2016 elections,1.0,True,same_election_boundary_set,True,most_recent_completed_presidential_election_on_target_house_boundaries
2016,2016,2012,AZ-8,AZ,8,Obama,Romney,36.9,61.7,-24.800000000000004,98.6,Daily Kos Elections presidential results by congressional district,presidential_results_on_2016_districts.csv,Congressional district lines used in the 2016 elections,1.0,True,same_election_boundary_set,True,most_recent_completed_presidential_election_on_target_house_boundaries
2016,2016,2012,AZ-9,AZ,9,Obama,Romney,51.1,46.6,4.5,97.7,Daily Kos Elections presidential results by congressional district,presidential_results_on_2016_districts.csv,Congressional district lines used in the 2016 elections,1.0,True,same_election_boundary_set,True,most_recent_completed_presidential_election_on_target_house_boundaries
2016,2016,2012,CA-1,CA,1,Obama,Romney,40.3,56.6,-16.300000000000004,96.9,Daily Kos Elections presidential results by congressional district,presidential_results_on_2016_districts.csv,Congressional district lines used in the 2016 elections,1.0,True,same_election_boundary_set,True,most_recent_completed_presidential_election_on_target_house_boundaries
2016,2016,2012,CA-10,CA,10,Obama,Romney,50.6,47.0,3.6000000000000014,97.6,Daily Kos Elections presidential results by congressional district,presidential_results_on_2016_districts.csv,Congressional district lines used in the 2016 elections,1.0,True,same_election_boundary_set,True,most_recent_completed_presidential_election_on_target_house_boundaries
2016,2016,2012,CA-11,CA,11,Obama,Romney,67.6,30.0,37.599999999999994,97.6,Daily Kos Elections presidential results by congressional district,presidential_results_on_2016_districts.csv,Congressional district lines used in the 2016 elections,1.0,True,same_election_boundary_set,True,most_recent_completed_presidential_election_on_target_house_boundaries
2016,2016,2012,CA-12,CA,12,Obama,Romney,84.1,12.5,71.6,96.6,Daily Kos Elections presidential results by congressional district,presidential_results_on_2016_districts.csv,Congressional district lines used in the 2016 elections,1.0,True,same_election_boundary_set,True,most_recent_completed_presidential_election_on_target_house_boundaries
2016,2016,2012,CA-13,CA,13,Obama,Romney,87.5,9.0,78.5,96.5,Daily Kos Elections presidential results by congressional district,presidential_results_on_2016_districts.csv,Congressional district lines used in the 2016 elections,1.0,True,same_election_boundary_set,True,most_recent_completed_presidential_election_on_target_house_boundaries
2016,2016,2012,CA-14,CA,14,Obama,Romney,74.2,23.6,50.6,97.80000000000001,Daily Kos Elections presidential results by congressional district,presidential_results_on_2016_districts.csv,Congressional district lines used in the 2016 elections,1.0,True,same_election_boundary_set,True,most_recent_completed_presidential_election_on_target_house_boundaries
2016,2016,2012,CA-15,CA,15,Obama,Romney,68.0,29.8,38.2,97.8,Daily Kos Elections presidential results by congressional district,presidential_results_on_2016_districts.csv,Congressional district lines used in the 2016 elections,1.0,True,same_election_boundary_set,True,most_recent_completed_presidential_election_on_target_house_boundaries
2016,2016,2012,CA-16,CA,16,Obama,Romney,58.6,39.4,19.200000000000003,98.0,Daily Kos Elections presidential results by congressional district,presidential_results_on_2016_districts.csv,Congressional district lines used in the 2016 elections,1.0,True,same_election_boundary_set,True,most_recent_completed_presidential_election_on_target_house_boundaries
2016,2016,2012,CA-17,CA,17,Obama,Romney,71.9,25.5,46.400000000000006,97.4,Daily Kos Elections presidential results by congressional district,presidential_results_on_2016_districts.csv,Congressional district lines used in the 2016 elections,1.0,True,same_election_boundary_set,True,most_recent_completed_presidential_election_on_target_house_boundaries
2016,2016,2012,CA-18,CA,18,Obama,Romney,68.2,28.9,39.300000000000004,97.1,Daily Kos Elections presidential results by congressional district,presidential_results_on_2016_districts.csv,Congressional district lines used in the 2016 elections,1.0,True,same_election_boundary_set,True,most_recent_completed_presidential_election_on_target_house_boundaries
2016,2016,2012,CA-19,CA,19,Obama,Romney,71.2,26.5,44.7,97.7,Daily Kos Elections presidential results by congressional district,presidential_results_on_2016_districts.csv,Congressional district lines used in the 2016 elections,1.0,True,same_election_boundary_set,True,most_recent_completed_presidential_election_on_target_house_boundaries
2016,2016,2012,CA-2,CA,2,Obama,Romney,69.0,27.0,42.0,96.0,Daily Kos Elections presidential results by congressional district,presidential_results_on_2016_districts.csv,Congressional district lines used in the 2016 elections,1.0,True,same_election_boundary_set,True,most_recent_completed_presidential_election_on_target_house_boundaries
2016,2016,2012,CA-20,CA,20,Obama,Romney,70.9,26.2,44.7,97.10000000000001,Daily Kos Elections presidential results by congressional district,presidential_results_on_2016_districts.csv,Congressional district lines used in the 2016 elections,1.0,True,same_election_boundary_set,True,most_recent_completed_presidential_election_on_target_house_boundaries
2016,2016,2012,CA-21,CA,21,Obama,Romney,54.6,43.5,11.100000000000001,98.1,Daily Kos Elections presidential results by congressional district,presidential_results_on_2016_districts.csv,Congressional district lines used in the 2016 elections,1.0,True,same_election_boundary_set,True,most_recent_completed_presidential_election_on_target_house_boundaries
2016,2016,2012,CA-22,CA,22,Obama,Romney,41.6,56.6,-15.0,98.2,Daily Kos Elections presidential results by congressional district,presidential_results_on_2016_districts.csv,Congressional district lines used in the 2016 elections,1.0,True,same_election_boundary_set,True,most_recent_completed_presidential_election_on_target_house_boundaries
2016,2016,2012,CA-23,CA,23,Obama,Romney,36.1,61.5,-25.4,97.6,Daily Kos Elections presidential results by congressional district,presidential_results_on_2016_districts.csv,Congressional district lines used in the 2016 elections,1.0,True,same_election_boundary_set,True,most_recent_completed_presidential_election_on_target_house_boundaries
2016,2016,2012,CA-24,CA,24,Obama,Romney,54.1,43.1,11.0,97.2,Daily Kos Elections presidential results by congressional district,presidential_results_on_2016_districts.csv,Congressional district lines used in the 2016 elections,1.0,True,same_election_boundary_set,True,most_recent_completed_presidential_election_on_target_house_boundaries
2016,2016,2012,CA-25,CA,25,Obama,Romney,47.8,49.7,-1.9000000000000057,97.5,Daily Kos Elections presidential results by congressional district,presidential_results_on_2016_districts.csv,Congressional district lines used in the 2016 elections,1.0,True,same_election_boundary_set,True,most_recent_completed_presidential_election_on_target_house_boundaries
2016,2016,2012,CA-26,CA,26,Obama,Romney,54.0,43.7,10.299999999999997,97.7,Daily Kos Elections presidential results by congressional district,presidential_results_on_2016_districts.csv,Congressional district lines used in the 2016 elections,1.0,True,same_election_boundary_set,True,most_recent_completed_presidential_election_on_target_house_boundaries
2016,2016,2012,CA-27,CA,27,Obama,Romney,62.6,35.0,27.6,97.6,Daily Kos Elections presidential results by congressional district,presidential_results_on_2016_districts.csv,Congressional district lines used in the 2016 elections,1.0,True,same_election_boundary_set,True,most_recent_completed_presidential_election_on_target_house_boundaries
2016,2016,2012,CA-28,CA,28,Obama,Romney,70.3,26.5,43.8,96.8,Daily Kos Elections presidential results by congressional district,presidential_results_on_2016_districts.csv,Congressional district lines used in the 2016 elections,1.0,True,same_election_boundary_set,True,most_recent_completed_presidential_election_on_target_house_boundaries
2016,2016,2012,CA-29,CA,29,Obama,Romney,77.0,20.5,56.5,97.5,Daily Kos Elections presidential results by congressional district,presidential_results_on_2016_districts.csv,Congressional district lines used in the 2016 elections,1.0,True,same_election_boundary_set,True,most_recent_completed_presidential_election_on_target_house_boundaries
2016,2016,2012,CA-3,CA,3,Obama,Romney,54.3,43.1,11.199999999999996,97.4,Daily Kos Elections presidential results by congressional district,presidential_results_on_2016_districts.csv,Congressional district lines used in the 2016 elections,1.0,True,same_election_boundary_set,True,most_recent_completed_presidential_election_on_target_house_boundaries
2016,2016,2012,CA-30,CA,30,Obama,Romney,65.3,32.1,33.199999999999996,97.4,Daily Kos Elections presidential results by congressional district,presidential_results_on_2016_districts.csv,Congressional district lines used in the 2016 elections,1.0,True,same_election_boundary_set,True,most_recent_completed_presidential_election_on_target_house_boundaries
2016,2016,2012,CA-31,CA,31,Obama,Romney,57.2,40.6,16.6,97.80000000000001,Daily Kos Elections presidential results by congressional district,presidential_results_on_2016_districts.csv,Congressional district lines used in the 2016 elections,1.0,True,same_election_boundary_set,True,most_recent_completed_presidential_election_on_target_house_boundaries
2016,2016,2012,CA-32,CA,32,Obama,Romney,65.2,32.5,32.7,97.7,Daily Kos Elections presidential results by congressional district,presidential_results_on_2016_districts.csv,Congressional district lines used in the 2016 elections,1.0,True,same_election_boundary_set,True,most_recent_completed_presidential_election_on_target_house_boundaries
2016,2016,2012,CA-33,CA,33,Obama,Romney,60.6,36.8,23.800000000000004,97.4,Daily Kos Elections presidential results by congressional district,presidential_results_on_2016_districts.csv,Congressional district lines used in the 2016 elections,1.0,True,same_election_boundary_set,True,most_recent_completed_presidential_election_on_target_house_boundaries
2016,2016,2012,CA-34,CA,34,Obama,Romney,83.0,14.1,68.9,97.1,Daily Kos Elections presidential results by congressional district,presidential_results_on_2016_districts.csv,Congressional district lines used in the 2016 elections,1.0,True,same_election_boundary_set,True,most_recent_completed_presidential_election_on_target_house_boundaries
2016,2016,2012,CA-35,CA,35,Obama,Romney,67.4,30.6,36.800000000000004,98.0,Daily Kos Elections presidential results by congressional district,presidential_results_on_2016_districts.csv,Congressional district lines used in the 2016 elections,1.0,True,same_election_boundary_set,True,most_recent_completed_presidential_election_on_target_house_boundaries
2016,2016,2012,CA-36,CA,36,Obama,Romney,50.7,47.5,3.200000000000003,98.2,Daily Kos Elections presidential results by congressional district,presidential_results_on_2016_districts.csv,Congressional district lines used in the 2016 elections,1.0,True,same_election_boundary_set,True,most_recent_completed_presidential_election_on_target_house_boundaries
2016,2016,2012,CA-37,CA,37,Obama,Romney,84.9,12.7,72.2,97.60000000000001,Daily Kos Elections presidential results by congressional district,presidential_results_on_2016_districts.csv,Congressional district lines used in the 2016 elections,1.0,True,same_election_boundary_set,True,most_recent_completed_presidential_election_on_target_house_boundaries
2016,2016,2012,CA-38,CA,38,Obama,Romney,64.9,33.0,31.900000000000006,97.9,Daily Kos Elections presidential results by congressional district,presidential_results_on_2016_districts.csv,Congressional district lines used in the 2016 elections,1.0,True,same_election_boundary_set,True,most_recent_completed_presidential_election_on_target_house_boundaries
2016,2016,2012,CA-39,CA,39,Obama,Romney,47.1,50.8,-3.6999999999999957,97.9,Daily Kos Elections presidential results by congressional district,presidential_results_on_2016_districts.csv,Congressional district lines used in the 2016 elections,1.0,True,same_election_boundary_set,True,most_recent_completed_presidential_election_on_target_house_boundaries
2016,2016,2012,CA-4,CA,4,Obama,Romney,39.5,57.9,-18.4,97.4,Daily Kos Elections presidential results by congressional district,presidential_results_on_2016_districts.csv,Congressional district lines used in the 2016 elections,1.0,True,same_election_boundary_set,True,most_recent_completed_presidential_election_on_target_house_boundaries
2016,2016,2012,CA-40,CA,40,Obama,Romney,81.5,16.5,65.0,98.0,Daily Kos Elections presidential results by congressional district,presidential_results_on_2016_districts.csv,Congressional district lines used in the 2016 elections,1.0,True,same_election_boundary_set,True,most_recent_completed_presidential_election_on_target_house_boundaries
2016,2016,2012,CA-41,CA,41,Obama,Romney,61.5,36.3,25.200000000000003,97.8,Daily Kos Elections presidential results by congressional district,presidential_results_on_2016_districts.csv,Congressional district lines used in the 2016 elections,1.0,True,same_election_boundary_set,True,most_recent_completed_presidential_election_on_target_house_boundaries
2016,2016,2012,CA-42,CA,42,Obama,Romney,41.4,56.5,-15.100000000000001,97.9,Daily Kos Elections presidential results by congressional district,presidential_results_on_2016_districts.csv,Congressional district lines used in the 2016 elections,1.0,True,same_election_boundary_set,True,most_recent_completed_presidential_election_on_target_house_boundaries
2016,2016,2012,CA-43,CA,43,Obama,Romney,78.0,20.0,58.0,98.0,Daily Kos Elections presidential results by congressional district,presidential_results_on_2016_districts.csv,Congressional district lines used in the 2016 elections,1.0,True,same_election_boundary_set,True,most_recent_completed_presidential_election_on_target_house_boundaries
2016,2016,2012,CA-44,CA,44,Obama,Romney,84.7,13.6,71.10000000000001,98.3,Daily Kos Elections presidential results by congressional district,presidential_results_on_2016_districts.csv,Congressional district lines used in the 2016 elections,1.0,True,same_election_boundary_set,True,most_recent_completed_presidential_election_on_target_house_boundaries
2016,2016,2012,CA-45,CA,45,Obama,Romney,43.0,54.8,-11.799999999999997,97.8,Daily Kos Elections presidential results by congressional district,presidential_results_on_2016_districts.csv,Congressional district lines used in the 2016 elections,1.0,True,same_election_boundary_set,True,most_recent_completed_presidential_election_on_target_house_boundaries
2016,2016,2012,CA-46,CA,46,Obama,Romney,61.4,36.2,25.199999999999996,97.6,Daily Kos Elections presidential results by congressional district,presidential_results_on_2016_districts.csv,Congressional district lines used in the 2016 elections,1.0,True,same_election_boundary_set,True,most_recent_completed_presidential_election_on_target_house_boundaries
2016,2016,2012,CA-47,CA,47,Obama,Romney,60.0,37.5,22.5,97.5,Daily Kos Elections presidential results by congressional district,presidential_results_on_2016_districts.csv,Congressional district lines used in the 2016 elections,1.0,True,same_election_boundary_set,True,most_recent_completed_presidential_election_on_target_house_boundaries
2016,2016,2012,CA-48,CA,48,Obama,Romney,43.0,54.7,-11.700000000000003,97.7,Daily Kos Elections presidential results by congressional district,presidential_results_on_2016_districts.csv,Congressional district lines used in the 2016 elections,1.0,True,same_election_boundary_set,True,most_recent_completed_presidential_election_on_target_house_boundaries
2016,2016,2012,CA-49,CA,49,Obama,Romney,45.7,52.4,-6.699999999999996,98.1,Daily Kos Elections presidential results by congressional district,presidential_results_on_2016_districts.csv,Congressional district lines used in the 2016 elections,1.0,True,same_election_boundary_set,True,most_recent_completed_presidential_election_on_target_house_boundaries
2016,2016,2012,CA-5,CA,5,Obama,Romney,69.7,27.5,42.2,97.2,Daily Kos Elections presidential results by congressional district,presidential_results_on_2016_districts.csv,Congressional district lines used in the 2016 elections,1.0,True,same_election_boundary_set,True,most_recent_completed_presidential_election_on_target_house_boundaries
2016,2016,2012,CA-50,CA,50,Obama,Romney,37.6,60.4,-22.799999999999997,98.0,Daily Kos Elections presidential results by congressional district,presidential_results_on_2016_districts.csv,Congressional district lines used in the 2016 elections,1.0,True,same_election_boundary_set,True,most_recent_completed_presidential_election_on_target_house_boundaries
2016,2016,2012,CA-51,CA,51,Obama,Romney,69.4,28.9,40.50000000000001,98.30000000000001,Daily Kos Elections presidential results by congressional district,presidential_results_on_2016_districts.csv,Congressional district lines used in the 2016 elections,1.0,True,same_election_boundary_set,True,most_recent_completed_presidential_election_on_target_house_boundaries
2016,2016,2012,CA-52,CA,52,Obama,Romney,52.1,45.7,6.399999999999999,97.80000000000001,Daily Kos Elections presidential results by congressional district,presidential_results_on_2016_districts.csv,Congressional district lines used in the 2016 elections,1.0,True,same_election_boundary_set,True,most_recent_completed_presidential_election_on_target_house_boundaries
2016,2016,2012,CA-53,CA,53,Obama,Romney,61.4,36.4,25.0,97.8,Daily Kos Elections presidential results by congressional district,presidential_results_on_2016_districts.csv,Congressional district lines used in the 2016 elections,1.0,True,same_election_boundary_set,True,most_recent_completed_presidential_election_on_target_house_boundaries
2016,2016,2012,CA-6,CA,6,Obama,Romney,69.1,28.3,40.8,97.39999999999999,Daily Kos Elections presidential results by congressional district,presidential_results_on_2016_districts.csv,Congressional district lines used in the 2016 elections,1.0,True,same_election_boundary_set,True,most_recent_completed_presidential_election_on_target_house_boundaries
2016,2016,2012,CA-7,CA,7,Obama,Romney,50.8,46.8,4.0,97.6,Daily Kos Elections presidential results by congressional district,presidential_results_on_2016_districts.csv,Congressional district lines used in the 2016 elections,1.0,True,same_election_boundary_set,True,most_recent_completed_presidential_election_on_target_house_boundaries
2016,2016,2012,CA-8,CA,8,Obama,Romney,41.7,55.6,-13.899999999999999,97.30000000000001,Daily Kos Elections presidential results by congressional district,presidential_results_on_2016_districts.csv,Congressional district lines used in the 2016 elections,1.0,True,same_election_boundary_set,True,most_recent_completed_presidential_election_on_target_house_boundaries
2016,2016,2012,CA-9,CA,9,Obama,Romney,57.8,40.1,17.699999999999996,97.9,Daily Kos Elections presidential results by congressional district,presidential_results_on_2016_districts.csv,Congressional district lines used in the 2016 elections,1.0,True,same_election_boundary_set,True,most_recent_completed_presidential_election_on_target_house_boundaries
2016,2016,2012,CO-1,CO,1,Obama,Romney,69.0,28.8,40.2,97.8,Daily Kos Elections presidential results by congressional district,presidential_results_on_2016_districts.csv,Congressional district lines used in the 2016 elections,1.0,True,same_election_boundary_set,True,most_recent_completed_presidential_election_on_target_house_boundaries
2016,2016,2012,CO-2,CO,2,Obama,Romney,57.9,39.5,18.4,97.4,Daily Kos Elections presidential results by congressional district,presidential_results_on_2016_districts.csv,Congressional district lines used in the 2016 elections,1.0,True,same_election_boundary_set,True,most_recent_completed_presidential_election_on_target_house_boundaries
2016,2016,2012,CO-3,CO,3,Obama,Romney,45.8,51.8,-6.0,97.6,Daily Kos Elections presidential results by congressional district,presidential_results_on_2016_districts.csv,Congressional district lines used in the 2016 elections,1.0,True,same_election_boundary_set,True,most_recent_completed_presidential_election_on_target_house_boundaries
2016,2016,2012,CO-4,CO,4,Obama,Romney,39.2,58.5,-19.299999999999997,97.7,Daily Kos Elections presidential results by congressional district,presidential_results_on_2016_districts.csv,Congressional district lines used in the 2016 elections,1.0,True,same_election_boundary_set,True,most_recent_completed_presidential_election_on_target_house_boundaries
2016,2016,2012,CO-5,CO,5,Obama,Romney,38.3,59.1,-20.800000000000004,97.4,Daily Kos Elections presidential results by congressional district,presidential_results_on_2016_districts.csv,Congressional district lines used in the 2016 elections,1.0,True,same_election_boundary_set,True,most_recent_completed_presidential_election_on_target_house_boundaries
2016,2016,2012,CO-6,CO,6,Obama,Romney,51.6,46.5,5.100000000000001,98.1,Daily Kos Elections presidential results by congressional district,presidential_results_on_2016_districts.csv,Congressional district lines used in the 2016 elections,1.0,True,same_election_boundary_set,True,most_recent_completed_presidential_election_on_target_house_boundaries
2016,2016,2012,CO-7,CO,7,Obama,Romney,56.1,41.3,14.800000000000004,97.4,Daily Kos Elections presidential results by congressional district,presidential_results_on_2016_districts.csv,Congressional district lines used in the 2016 elections,1.0,True,same_election_boundary_set,True,most_recent_completed_presidential_election_on_target_house_boundaries
2016,2016,2012,CT-1,CT,1,Obama,Romney,63.3,35.6,27.699999999999996,98.9,Daily Kos Elections presidential results by congressional district,presidential_results_on_2016_districts.csv,Congressional district lines used in the 2016 elections,1.0,True,same_election_boundary_set,True,most_recent_completed_presidential_election_on_target_house_boundaries
2016,2016,2012,CT-2,CT,2,Obama,Romney,55.9,42.6,13.299999999999997,98.5,Daily Kos Elections presidential results by congressional district,presidential_results_on_2016_districts.csv,Congressional district lines used in the 2016 elections,1.0,True,same_election_boundary_set,True,most_recent_completed_presidential_election_on_target_house_boundaries
2016,2016,2012,CT-3,CT,3,Obama,Romney,62.6,36.3,26.300000000000004,98.9,Daily Kos Elections presidential results by congressional district,presidential_results_on_2016_districts.csv,Congressional district lines used in the 2016 elections,1.0,True,same_election_boundary_set,True,most_recent_completed_presidential_election_on_target_house_boundaries
2016,2016,2012,CT-4,CT,4,Obama,Romney,55.1,44.0,11.100000000000001,99.1,Daily Kos Elections presidential results by congressional district,presidential_results_on_2016_districts.csv,Congressional district lines used in the 2016 elections,1.0,True,same_election_boundary_set,True,most_recent_completed_presidential_election_on_target_house_boundaries
2016,2016,2012,CT-5,CT,5,Obama,Romney,53.5,45.3,8.200000000000003,98.8,Daily Kos Elections presidential results by congressional district,presidential_results_on_2016_districts.csv,Congressional district lines used in the 2016 elections,1.0,True,same_election_boundary_set,True,most_recent_completed_presidential_election_on_target_house_boundaries
2016,2016,2012,DE-AL,DE,AL,Obama,Romney,58.6,40.0,18.6,98.6,Daily Kos Elections presidential results by congressional district,presidential_results_on_2016_districts.csv,Congressional district lines used in the 2016 elections,1.0,True,same_election_boundary_set,True,most_recent_completed_presidential_election_on_target_house_boundaries
2016,2016,2012,FL-1,FL,1,Obama,Romney,,,,,Daily Kos Elections presidential results by congressional district,presidential_results_on_2016_districts.csv,Congressional district lines used in the 2016 elections,1.0,False,same_election_boundary_set,False,most_recent_completed_presidential_election_on_target_house_boundaries
2016,2016,2012,FL-10,FL,10,Obama,Romney,,,,,Daily Kos Elections presidential results by congressional district,presidential_results_on_2016_districts.csv,Congressional district lines used in the 2016 elections,1.0,False,same_election_boundary_set,False,most_recent_completed_presidential_election_on_target_house_boundaries
2016,2016,2012,FL-11,FL,11,Obama,Romney,,,,,Daily Kos Elections presidential results by congressional district,presidential_results_on_2016_districts.csv,Congressional district lines used in the 2016 elections,1.0,False,same_election_boundary_set,False,most_recent_completed_presidential_election_on_target_house_boundaries
2016,2016,2012,FL-12,FL,12,Obama,Romney,,,,,Daily Kos Elections presidential results by congressional district,presidential_results_on_2016_districts.csv,Congressional district lines used in the 2016 elections,1.0,False,same_election_boundary_set,False,most_recent_completed_presidential_election_on_target_house_boundaries
2016,2016,2012,FL-13,FL,13,Obama,Romney,,,,,Daily Kos Elections presidential results by congressional district,presidential_results_on_2016_districts.csv,Congressional district lines used in the 2016 elections,1.0,False,same_election_boundary_set,False,most_recent_completed_presidential_election_on_target_house_boundaries
2016,2016,2012,FL-14,FL,14,Obama,Romney,,,,,Daily Kos Elections presidential results by congressional district,presidential_results_on_2016_districts.csv,Congressional district lines used in the 2016 elections,1.0,False,same_election_boundary_set,False,most_recent_completed_presidential_election_on_target_house_boundaries
2016,2016,2012,FL-15,FL,15,Obama,Romney,,,,,Daily Kos Elections presidential results by congressional district,presidential_results_on_2016_districts.csv,Congressional district lines used in the 2016 elections,1.0,False,same_election_boundary_set,False,most_recent_completed_presidential_election_on_target_house_boundaries
2016,2016,2012,FL-16,FL,16,Obama,Romney,,,,,Daily Kos Elections presidential results by congressional district,presidential_results_on_2016_districts.csv,Congressional district lines used in the 2016 elections,1.0,False,same_election_boundary_set,False,most_recent_completed_presidential_election_on_target_house_boundaries
2016,2016,2012,FL-17,FL,17,Obama,Romney,,,,,Daily Kos Elections presidential results by congressional district,presidential_results_on_2016_districts.csv,Congressional district lines used in the 2016 elections,1.0,False,same_election_boundary_set,False,most_recent_completed_presidential_election_on_target_house_boundaries
2016,2016,2012,FL-18,FL,18,Obama,Romney,,,,,Daily Kos Elections presidential results by congressional district,presidential_results_on_2016_districts.csv,Congressional district lines used in the 2016 elections,1.0,False,same_election_boundary_set,False,most_recent_completed_presidential_election_on_target_house_boundaries
2016,2016,2012,FL-19,FL,19,Obama,Romney,,,,,Daily Kos Elections presidential results by congressional district,presidential_results_on_2016_districts.csv,Congressional district lines used in the 2016 elections,1.0,False,same_election_boundary_set,False,most_recent_completed_presidential_election_on_target_house_boundaries
2016,2016,2012,FL-2,FL,2,Obama,Romney,,,,,Daily Kos Elections presidential results by congressional district,presidential_results_on_2016_districts.csv,Congressional district lines used in the 2016 elections,1.0,False,same_election_boundary_set,False,most_recent_completed_presidential_election_on_target_house_boundaries
2016,2016,2012,FL-20,FL,20,Obama,Romney,,,,,Daily Kos Elections presidential results by congressional district,presidential_results_on_2016_districts.csv,Congressional district lines used in the 2016 elections,1.0,False,same_election_boundary_set,False,most_recent_completed_presidential_election_on_target_house_boundaries
2016,2016,2012,FL-21,FL,21,Obama,Romney,,,,,Daily Kos Elections presidential results by congressional district,presidential_results_on_2016_districts.csv,Congressional district lines used in the 2016 elections,1.0,False,same_election_boundary_set,False,most_recent_completed_presidential_election_on_target_house_boundaries
2016,2016,2012,FL-22,FL,22,Obama,Romney,,,,,Daily Kos Elections presidential results by congressional district,presidential_results_on_2016_districts.csv,Congressional district lines used in the 2016 elections,1.0,False,same_election_boundary_set,False,most_recent_completed_presidential_election_on_target_house_boundaries
2016,2016,2012,FL-23,FL,23,Obama,Romney,,,,,Daily Kos Elections presidential results by congressional district,presidential_results_on_2016_districts.csv,Congressional district lines used in the 2016 elections,1.0,False,same_election_boundary_set,False,most_recent_completed_presidential_election_on_target_house_boundaries
2016,2016,2012,FL-24,FL,24,Obama,Romney,,,,,Daily Kos Elections presidential results by congressional district,presidential_results_on_2016_districts.csv,Congressional district lines used in the 2016 elections,1.0,False,same_election_boundary_set,False,most_recent_completed_presidential_election_on_target_house_boundaries
2016,2016,2012,FL-25,FL,25,Obama,Romney,,,,,Daily Kos Elections presidential results by congressional district,presidential_results_on_2016_districts.csv,Congressional district lines used in the 2016 elections,1.0,False,same_election_boundary_set,False,most_recent_completed_presidential_election_on_target_house_boundaries
2016,2016,2012,FL-26,FL,26,Obama,Romney,,,,,Daily Kos Elections presidential results by congressional district,presidential_results_on_2016_districts.csv,Congressional district lines used in the 2016 elections,1.0,False,same_election_boundary_set,False,most_recent_completed_presidential_election_on_target_house_boundaries
2016,2016,2012,FL-27,FL,27,Obama,Romney,,,,,Daily Kos Elections presidential results by congressional district,presidential_results_on_2016_districts.csv,Congressional district lines used in the 2016 elections,1.0,False,same_election_boundary_set,False,most_recent_completed_presidential_election_on_target_house_boundaries
2016,2016,2012,FL-3,FL,3,Obama,Romney,,,,,Daily Kos Elections presidential results by congressional district,presidential_results_on_2016_districts.csv,Congressional district lines used in the 2016 elections,1.0,False,same_election_boundary_set,False,most_recent_completed_presidential_election_on_target_house_boundaries
2016,2016,2012,FL-4,FL,4,Obama,Romney,,,,,Daily Kos Elections presidential results by congressional district,presidential_results_on_2016_districts.csv,Congressional district lines used in the 2016 elections,1.0,False,same_election_boundary_set,False,most_recent_completed_presidential_election_on_target_house_boundaries
2016,2016,2012,FL-5,FL,5,Obama,Romney,,,,,Daily Kos Elections presidential results by congressional district,presidential_results_on_2016_districts.csv,Congressional district lines used in the 2016 elections,1.0,False,same_election_boundary_set,False,most_recent_completed_presidential_election_on_target_house_boundaries
2016,2016,2012,FL-6,FL,6,Obama,Romney,,,,,Daily Kos Elections presidential results by congressional district,presidential_results_on_2016_districts.csv,Congressional district lines used in the 2016 elections,1.0,False,same_election_boundary_set,False,most_recent_completed_presidential_election_on_target_house_boundaries
2016,2016,2012,FL-7,FL,7,Obama,Romney,,,,,Daily Kos Elections presidential results by congressional district,presidential_results_on_2016_districts.csv,Congressional district lines used in the 2016 elections,1.0,False,same_election_boundary_set,False,most_recent_completed_presidential_election_on_target_house_boundaries
2016,2016,2012,FL-8,FL,8,Obama,Romney,,,,,Daily Kos Elections presidential results by congressional district,presidential_results_on_2016_districts.csv,Congressional district lines used in the 2016 elections,1.0,False,same_election_boundary_set,False,most_recent_completed_presidential_election_on_target_house_boundaries
2016,2016,2012,FL-9,FL,9,Obama,Romney,,,,,Daily Kos Elections presidential results by congressional district,presidential_results_on_2016_districts.csv,Congressional district lines used in the 2016 elections,1.0,False,same_election_boundary_set,False,most_recent_completed_presidential_election_on_target_house_boundaries
2016,2016,2012,GA-1,GA,1,Obama,Romney,43.0,55.9,-12.899999999999999,98.9,Daily Kos Elections presidential results by congressional district,presidential_results_on_2016_districts.csv,Congressional district lines used in the 2016 elections,1.0,True,same_election_boundary_set,True,most_recent_completed_presidential_election_on_target_house_boundaries
2016,2016,2012,GA-10,GA,10,Obama,Romney,36.3,62.5,-26.200000000000003,98.8,Daily Kos Elections presidential results by congressional district,presidential_results_on_2016_districts.csv,Congressional district lines used in the 2016 elections,1.0,True,same_election_boundary_set,True,most_recent_completed_presidential_election_on_target_house_boundaries
2016,2016,2012,GA-11,GA,11,Obama,Romney,31.5,66.9,-35.400000000000006,98.4,Daily Kos Elections presidential results by congressional district,presidential_results_on_2016_districts.csv,Congressional district lines used in the 2016 elections,1.0,True,same_election_boundary_set,True,most_recent_completed_presidential_election_on_target_house_boundaries
2016,2016,2012,GA-12,GA,12,Obama,Romney,43.6,55.4,-11.799999999999997,99.0,Daily Kos Elections presidential results by congressional district,presidential_results_on_2016_districts.csv,Congressional district lines used in the 2016 elections,1.0,True,same_election_boundary_set,True,most_recent_completed_presidential_election_on_target_house_boundaries
2016,2016,2012,GA-13,GA,13,Obama,Romney,69.2,30.0,39.2,99.2,Daily Kos Elections presidential results by congressional district,presidential_results_on_2016_districts.csv,Congressional district lines used in the 2016 elections,1.0,True,same_election_boundary_set,True,most_recent_completed_presidential_election_on_target_house_boundaries
2016,2016,2012,GA-14,GA,14,Obama,Romney,25.3,73.2,-47.900000000000006,98.5,Daily Kos Elections presidential results by congressional district,presidential_results_on_2016_districts.csv,Congressional district lines used in the 2016 elections,1.0,True,same_election_boundary_set,True,most_recent_completed_presidential_election_on_target_house_boundaries
2016,2016,2012,GA-2,GA,2,Obama,Romney,58.6,40.8,17.800000000000004,99.4,Daily Kos Elections presidential results by congressional district,presidential_results_on_2016_districts.csv,Congressional district lines used in the 2016 elections,1.0,True,same_election_boundary_set,True,most_recent_completed_presidential_election_on_target_house_boundaries
2016,2016,2012,GA-3,GA,3,Obama,Romney,33.0,65.9,-32.900000000000006,98.9,Daily Kos Elections presidential results by congressional district,presidential_results_on_2016_districts.csv,Congressional district lines used in the 2016 elections,1.0,True,same_election_boundary_set,True,most_recent_completed_presidential_election_on_target_house_boundaries
2016,2016,2012,GA-4,GA,4,Obama,Romney,73.6,25.6,47.99999999999999,99.19999999999999,Daily Kos Elections presidential results by congressional district,presidential_results_on_2016_districts.csv,Congressional district lines used in the 2016 elections,1.0,True,same_election_boundary_set,True,most_recent_completed_presidential_election_on_target_house_boundaries
2016,2016,2012,GA-5,GA,5,Obama,Romney,83.1,15.8,67.3,98.89999999999999,Daily Kos Elections presidential results by congressional district,presidential_results_on_2016_districts.csv,Congressional district lines used in the 2016 elections,1.0,True,same_election_boundary_set,True,most_recent_completed_presidential_election_on_target_house_boundaries
2016,2016,2012,GA-6,GA,6,Obama,Romney,37.5,60.8,-23.299999999999997,98.3,Daily Kos Elections presidential results by congressional district,presidential_results_on_2016_districts.csv,Congressional district lines used in the 2016 elections,1.0,True,same_election_boundary_set,True,most_recent_completed_presidential_election_on_target_house_boundaries
2016,2016,2012,GA-7,GA,7,Obama,Romney,38.3,60.2,-21.900000000000006,98.5,Daily Kos Elections presidential results by congressional district,presidential_results_on_2016_districts.csv,Congressional district lines used in the 2016 elections,1.0,True,same_election_boundary_set,True,most_recent_completed_presidential_election_on_target_house_boundaries
2016,2016,2012,GA-8,GA,8,Obama,Romney,37.5,61.6,-24.1,99.1,Daily Kos Elections presidential results by congressional district,presidential_results_on_2016_districts.csv,Congressional district lines used in the 2016 elections,1.0,True,same_election_boundary_set,True,most_recent_completed_presidential_election_on_target_house_boundaries
2016,2016,2012,GA-9,GA,9,Obama,Romney,20.5,78.1,-57.599999999999994,98.6,Daily Kos Elections presidential results by congressional district,presidential_results_on_2016_districts.csv,Congressional district lines used in the 2016 elections,1.0,True,same_election_boundary_set,True,most_recent_completed_presidential_election_on_target_house_boundaries
2016,2016,2012,HI-1,HI,1,Obama,Romney,69.7,29.0,40.7,98.7,Daily Kos Elections presidential results by congressional district,presidential_results_on_2016_districts.csv,Congressional district lines used in the 2016 elections,1.0,True,same_election_boundary_set,True,most_recent_completed_presidential_election_on_target_house_boundaries
2016,2016,2012,HI-2,HI,2,Obama,Romney,71.4,26.7,44.7,98.10000000000001,Daily Kos Elections presidential results by congressional district,presidential_results_on_2016_districts.csv,Congressional district lines used in the 2016 elections,1.0,True,same_election_boundary_set,True,most_recent_completed_presidential_election_on_target_house_boundaries
2016,2016,2012,IA-1,IA,1,Obama,Romney,56.2,42.5,13.700000000000003,98.7,Daily Kos Elections presidential results by congressional district,presidential_results_on_2016_districts.csv,Congressional district lines used in the 2016 elections,1.0,True,same_election_boundary_set,True,most_recent_completed_presidential_election_on_target_house_boundaries
2016,2016,2012,IA-2,IA,2,Obama,Romney,55.8,42.7,13.099999999999994,98.5,Daily Kos Elections presidential results by congressional district,presidential_results_on_2016_districts.csv,Congressional district lines used in the 2016 elections,1.0,True,same_election_boundary_set,True,most_recent_completed_presidential_election_on_target_house_boundaries
2016,2016,2012,IA-3,IA,3,Obama,Romney,51.4,47.2,4.199999999999996,98.6,Daily Kos Elections presidential results by congressional district,presidential_results_on_2016_districts.csv,Congressional district lines used in the 2016 elections,1.0,True,same_election_boundary_set,True,most_recent_completed_presidential_election_on_target_house_boundaries
2016,2016,2012,IA-4,IA,4,Obama,Romney,45.3,53.4,-8.100000000000001,98.69999999999999,Daily Kos Elections presidential results by congressional district,presidential_results_on_2016_districts.csv,Congressional district lines used in the 2016 elections,1.0,True,same_election_boundary_set,True,most_recent_completed_presidential_election_on_target_house_boundaries
2016,2016,2012,ID-1,ID,1,Obama,Romney,32.2,64.9,-32.7,97.10000000000001,Daily Kos Elections presidential results by congressional district,presidential_results_on_2016_districts.csv,Congressional district lines used in the 2016 elections,1.0,True,same_election_boundary_set,True,most_recent_completed_presidential_election_on_target_house_boundaries
2016,2016,2012,ID-2,ID,2,Obama,Romney,33.1,64.1,-30.999999999999993,97.19999999999999,Daily Kos Elections presidential results by congressional district,presidential_results_on_2016_districts.csv,Congressional district lines used in the 2016 elections,1.0,True,same_election_boundary_set,True,most_recent_completed_presidential_election_on_target_house_boundaries
2016,2016,2012,IL-1,IL,1,Obama,Romney,79.0,20.2,58.8,99.2,Daily Kos Elections presidential results by congressional district,presidential_results_on_2016_districts.csv,Congressional district lines used in the 2016 elections,1.0,True,same_election_boundary_set,True,most_recent_completed_presidential_election_on_target_house_boundaries
2016,2016,2012,IL-10,IL,10,Obama,Romney,57.5,41.1,16.4,98.6,Daily Kos Elections presidential results by congressional district,presidential_results_on_2016_districts.csv,Congressional district lines used in the 2016 elections,1.0,True,same_election_boundary_set,True,most_recent_completed_presidential_election_on_target_house_boundaries
2016,2016,2012,IL-11,IL,11,Obama,Romney,57.8,40.6,17.199999999999996,98.4,Daily Kos Elections presidential results by congressional district,presidential_results_on_2016_districts.csv,Congressional district lines used in the 2016 elections,1.0,True,same_election_boundary_set,True,most_recent_completed_presidential_election_on_target_house_boundaries
2016,2016,2012,IL-12,IL,12,Obama,Romney,49.7,48.2,1.5,97.9,Daily Kos Elections presidential results by congressional district,presidential_results_on_2016_districts.csv,Congressional district lines used in the 2016 elections,1.0,True,same_election_boundary_set,True,most_recent_completed_presidential_election_on_target_house_boundaries
2016,2016,2012,IL-13,IL,13,Obama,Romney,48.6,48.9,-0.29999999999999716,97.5,Daily Kos Elections presidential results by congressional district,presidential_results_on_2016_districts.csv,Congressional district lines used in the 2016 elections,1.0,True,same_election_boundary_set,True,most_recent_completed_presidential_election_on_target_house_boundaries
2016,2016,2012,IL-14,IL,14,Obama,Romney,44.2,54.2,-10.0,98.4,Daily Kos Elections presidential results by congressional district,presidential_results_on_2016_districts.csv,Congressional district lines used in the 2016 elections,1.0,True,same_election_boundary_set,True,most_recent_completed_presidential_election_on_target_house_boundaries
2016,2016,2012,IL-15,IL,15,Obama,Romney,34.1,63.9,-29.799999999999997,98.0,Daily Kos Elections presidential results by congressional district,presidential_results_on_2016_districts.csv,Congressional district lines used in the 2016 elections,1.0,True,same_election_boundary_set,True,most_recent_completed_presidential_election_on_target_house_boundaries
2016,2016,2012,IL-16,IL,16,Obama,Romney,45.2,52.9,-7.699999999999996,98.1,Daily Kos Elections presidential results by congressional district,presidential_results_on_2016_districts.csv,Congressional district lines used in the 2016 elections,1.0,True,same_election_boundary_set,True,most_recent_completed_presidential_election_on_target_house_boundaries
2016,2016,2012,IL-17,IL,17,Obama,Romney,57.6,40.6,17.0,98.2,Daily Kos Elections presidential results by congressional district,presidential_results_on_2016_districts.csv,Congressional district lines used in the 2016 elections,1.0,True,same_election_boundary_set,True,most_recent_completed_presidential_election_on_target_house_boundaries
2016,2016,2012,IL-18,IL,18,Obama,Romney,37.4,60.7,-23.300000000000004,98.1,Daily Kos Elections presidential results by congressional district,presidential_results_on_2016_districts.csv,Congressional district lines used in the 2016 elections,1.0,True,same_election_boundary_set,True,most_recent_completed_presidential_election_on_target_house_boundaries
2016,2016,2012,IL-2,IL,2,Obama,Romney,80.7,18.5,62.2,99.2,Daily Kos Elections presidential results by congressional district,presidential_results_on_2016_districts.csv,Congressional district lines used in the 2016 elections,1.0,True,same_election_boundary_set,True,most_recent_completed_presidential_election_on_target_house_boundaries
2016,2016,2012,IL-3,IL,3,Obama,Romney,55.9,42.6,13.299999999999997,98.5,Daily Kos Elections presidential results by congressional district,presidential_results_on_2016_districts.csv,Congressional district lines used in the 2016 elections,1.0,True,same_election_boundary_set,True,most_recent_completed_presidential_election_on_target_house_boundaries
2016,2016,2012,IL-4,IL,4,Obama,Romney,80.9,17.1,63.800000000000004,98.0,Daily Kos Elections presidential results by congressional district,presidential_results_on_2016_districts.csv,Congressional district lines used in the 2016 elections,1.0,True,same_election_boundary_set,True,most_recent_completed_presidential_election_on_target_house_boundaries
2016,2016,2012,IL-5,IL,5,Obama,Romney,66.0,31.8,34.2,97.8,Daily Kos Elections presidential results by congressional district,presidential_results_on_2016_districts.csv,Congressional district lines used in the 2016 elections,1.0,True,same_election_boundary_set,True,most_recent_completed_presidential_election_on_target_house_boundaries
2016,2016,2012,IL-6,IL,6,Obama,Romney,45.1,53.3,-8.199999999999996,98.4,Daily Kos Elections presidential results by congressional district,presidential_results_on_2016_districts.csv,Congressional district lines used in the 2016 elections,1.0,True,same_election_boundary_set,True,most_recent_completed_presidential_election_on_target_house_boundaries
2016,2016,2012,IL-7,IL,7,Obama,Romney,87.2,11.8,75.4,99.0,Daily Kos Elections presidential results by congressional district,presidential_results_on_2016_districts.csv,Congressional district lines used in the 2016 elections,1.0,True,same_election_boundary_set,True,most_recent_completed_presidential_election_on_target_house_boundaries
2016,2016,2012,IL-8,IL,8,Obama,Romney,57.4,40.9,16.5,98.3,Daily Kos Elections presidential results by congressional district,presidential_results_on_2016_districts.csv,Congressional district lines used in the 2016 elections,1.0,True,same_election_boundary_set,True,most_recent_completed_presidential_election_on_target_house_boundaries
2016,2016,2012,IL-9,IL,9,Obama,Romney,65.0,33.3,31.700000000000003,98.3,Daily Kos Elections presidential results by congressional district,presidential_results_on_2016_districts.csv,Congressional district lines used in the 2016 elections,1.0,True,same_election_boundary_set,True,most_recent_completed_presidential_election_on_target_house_boundaries
2016,2016,2012,IN-1,IN,1,Obama,Romney,61.2,37.4,23.800000000000004,98.6,Daily Kos Elections presidential results by congressional district,presidential_results_on_2016_districts.csv,Congressional district lines used in the 2016 elections,1.0,True,same_election_boundary_set,True,most_recent_completed_presidential_election_on_target_house_boundaries
2016,2016,2012,IN-2,IN,2,Obama,Romney,42.1,56.1,-14.0,98.2,Daily Kos Elections presidential results by congressional district,presidential_results_on_2016_districts.csv,Congressional district lines used in the 2016 elections,1.0,True,same_election_boundary_set,True,most_recent_completed_presidential_election_on_target_house_boundaries
2016,2016,2012,IN-3,IN,3,Obama,Romney,35.7,62.5,-26.799999999999997,98.2,Daily Kos Elections presidential results by congressional district,presidential_results_on_2016_districts.csv,Congressional district lines used in the 2016 elections,1.0,True,same_election_boundary_set,True,most_recent_completed_presidential_election_on_target_house_boundaries
2016,2016,2012,IN-4,IN,4,Obama,Romney,36.9,60.9,-24.0,97.8,Daily Kos Elections presidential results by congressional district,presidential_results_on_2016_districts.csv,Congressional district lines used in the 2016 elections,1.0,True,same_election_boundary_set,True,most_recent_completed_presidential_election_on_target_house_boundaries
2016,2016,2012,IN-5,IN,5,Obama,Romney,40.7,57.5,-16.799999999999997,98.2,Daily Kos Elections presidential results by congressional district,presidential_results_on_2016_districts.csv,Congressional district lines used in the 2016 elections,1.0,True,same_election_boundary_set,True,most_recent_completed_presidential_election_on_target_house_boundaries
2016,2016,2012,IN-6,IN,6,Obama,Romney,37.3,60.4,-23.1,97.69999999999999,Daily Kos Elections presidential results by congressional district,presidential_results_on_2016_districts.csv,Congressional district lines used in the 2016 elections,1.0,True,same_election_boundary_set,True,most_recent_completed_presidential_election_on_target_house_boundaries
2016,2016,2012,IN-7,IN,7,Obama,Romney,62.9,35.4,27.5,98.3,Daily Kos Elections presidential results by congressional district,presidential_results_on_2016_districts.csv,Congressional district lines used in the 2016 elections,1.0,True,same_election_boundary_set,True,most_recent_completed_presidential_election_on_target_house_boundaries
2016,2016,2012,IN-8,IN,8,Obama,Romney,39.6,58.4,-18.799999999999997,98.0,Daily Kos Elections presidential results by congressional district,presidential_results_on_2016_districts.csv,Congressional district lines used in the 2016 elections,1.0,True,same_election_boundary_set,True,most_recent_completed_presidential_election_on_target_house_boundaries
2016,2016,2012,IN-9,IN,9,Obama,Romney,40.7,57.2,-16.5,97.9,Daily Kos Elections presidential results by congressional district,presidential_results_on_2016_districts.csv,Congressional district lines used in the 2016 elections,1.0,True,same_election_boundary_set,True,most_recent_completed_presidential_election_on_target_house_boundaries
2016,2016,2012,KS-1,KS,1,Obama,Romney,27.6,70.1,-42.49999999999999,97.69999999999999,Daily Kos Elections presidential results by congressional district,presidential_results_on_2016_districts.csv,Congressional district lines used in the 2016 elections,1.0,True,same_election_boundary_set,True,most_recent_completed_presidential_election_on_target_house_boundaries
2016,2016,2012,KS-2,KS,2,Obama,Romney,42.0,55.6,-13.600000000000001,97.6,Daily Kos Elections presidential results by congressional district,presidential_results_on_2016_districts.csv,Congressional district lines used in the 2016 elections,1.0,True,same_election_boundary_set,True,most_recent_completed_presidential_election_on_target_house_boundaries
2016,2016,2012,KS-3,KS,3,Obama,Romney,44.3,53.8,-9.5,98.1,Daily Kos Elections presidential results by congressional district,presidential_results_on_2016_districts.csv,Congressional district lines used in the 2016 elections,1.0,True,same_election_boundary_set,True,most_recent_completed_presidential_election_on_target_house_boundaries
2016,2016,2012,KS-4,KS,4,Obama,Romney,36.1,61.6,-25.5,97.7,Daily Kos Elections presidential results by congressional district,presidential_results_on_2016_districts.csv,Congressional district lines used in the 2016 elections,1.0,True,same_election_boundary_set,True,most_recent_completed_presidential_election_on_target_house_boundaries
2016,2016,2012,KY-1,KY,1,Obama,Romney,32.1,66.4,-34.300000000000004,98.5,Daily Kos Elections presidential results by congressional district,presidential_results_on_2016_districts.csv,Congressional district lines used in the 2016 elections,1.0,True,same_election_boundary_set,True,most_recent_completed_presidential_election_on_target_house_boundaries
2016,2016,2012,KY-2,KY,2,Obama,Romney,35.1,63.3,-28.199999999999996,98.4,Daily Kos Elections presidential results by congressional district,presidential_results_on_2016_districts.csv,Congressional district lines used in the 2016 elections,1.0,True,same_election_boundary_set,True,most_recent_completed_presidential_election_on_target_house_boundaries
2016,2016,2012,KY-3,KY,3,Obama,Romney,55.7,42.8,12.900000000000006,98.5,Daily Kos Elections presidential results by congressional district,presidential_results_on_2016_districts.csv,Congressional district lines used in the 2016 elections,1.0,True,same_election_boundary_set,True,most_recent_completed_presidential_election_on_target_house_boundaries
2016,2016,2012,KY-4,KY,4,Obama,Romney,34.8,63.4,-28.6,98.19999999999999,Daily Kos Elections presidential results by congressional district,presidential_results_on_2016_districts.csv,Congressional district lines used in the 2016 elections,1.0,True,same_election_boundary_set,True,most_recent_completed_presidential_election_on_target_house_boundaries
2016,2016,2012,KY-5,KY,5,Obama,Romney,23.2,75.0,-51.8,98.2,Daily Kos Elections presidential results by congressional district,presidential_results_on_2016_districts.csv,Congressional district lines used in the 2016 elections,1.0,True,same_election_boundary_set,True,most_recent_completed_presidential_election_on_target_house_boundaries
2016,2016,2012,KY-6,KY,6,Obama,Romney,42.2,55.8,-13.599999999999994,98.0,Daily Kos Elections presidential results by congressional district,presidential_results_on_2016_districts.csv,Congressional district lines used in the 2016 elections,1.0,True,same_election_boundary_set,True,most_recent_completed_presidential_election_on_target_house_boundaries
2016,2016,2012,LA-1,LA,1,Obama,Romney,26.9,70.9,-44.00000000000001,97.80000000000001,Daily Kos Elections presidential results by congressional district,presidential_results_on_2016_districts.csv,Congressional district lines used in the 2016 elections,1.0,True,same_election_boundary_set,True,most_recent_completed_presidential_election_on_target_house_boundaries
2016,2016,2012,LA-2,LA,2,Obama,Romney,75.8,22.8,53.0,98.6,Daily Kos Elections presidential results by congressional district,presidential_results_on_2016_districts.csv,Congressional district lines used in the 2016 elections,1.0,True,same_election_boundary_set,True,most_recent_completed_presidential_election_on_target_house_boundaries
2016,2016,2012,LA-3,LA,3,Obama,Romney,32.3,66.1,-33.8,98.39999999999999,Daily Kos Elections presidential results by congressional district,presidential_results_on_2016_districts.csv,Congressional district lines used in the 2016 elections,1.0,True,same_election_boundary_set,True,most_recent_completed_presidential_election_on_target_house_boundaries
2016,2016,2012,LA-4,LA,4,Obama,Romney,39.7,59.0,-19.299999999999997,98.7,Daily Kos Elections presidential results by congressional district,presidential_results_on_2016_districts.csv,Congressional district lines used in the 2016 elections,1.0,True,same_election_boundary_set,True,most_recent_completed_presidential_election_on_target_house_boundaries
2016,2016,2012,LA-5,LA,5,Obama,Romney,37.7,61.0,-23.299999999999997,98.7,Daily Kos Elections presidential results by congressional district,presidential_results_on_2016_districts.csv,Congressional district lines used in the 2016 elections,1.0,True,same_election_boundary_set,True,most_recent_completed_presidential_election_on_target_house_boundaries
2016,2016,2012,LA-6,LA,6,Obama,Romney,32.0,66.1,-34.099999999999994,98.1,Daily Kos Elections presidential results by congressional district,presidential_results_on_2016_districts.csv,Congressional district lines used in the 2016 elections,1.0,True,same_election_boundary_set,True,most_recent_completed_presidential_election_on_target_house_boundaries
2016,2016,2012,MA-1,MA,1,Obama,Romney,64.0,34.3,29.700000000000003,98.3,Daily Kos Elections presidential results by congressional district,presidential_results_on_2016_districts.csv,Congressional district lines used in the 2016 elections,1.0,True,same_election_boundary_set,True,most_recent_completed_presidential_election_on_target_house_boundaries
2016,2016,2012,MA-2,MA,2,Obama,Romney,58.7,39.2,19.5,97.9,Daily Kos Elections presidential results by congressional district,presidential_results_on_2016_districts.csv,Congressional district lines used in the 2016 elections,1.0,True,same_election_boundary_set,True,most_recent_completed_presidential_election_on_target_house_boundaries
2016,2016,2012,MA-3,MA,3,Obama,Romney,56.9,41.4,15.5,98.3,Daily Kos Elections presidential results by congressional district,presidential_results_on_2016_districts.csv,Congressional district lines used in the 2016 elections,1.0,True,same_election_boundary_set,True,most_recent_completed_presidential_election_on_target_house_boundaries
2016,2016,2012,MA-4,MA,4,Obama,Romney,57.1,41.3,15.800000000000004,98.4,Daily Kos Elections presidential results by congressional district,presidential_results_on_2016_districts.csv,Congressional district lines used in the 2016 elections,1.0,True,same_election_boundary_set,True,most_recent_completed_presidential_election_on_target_house_boundaries
2016,2016,2012,MA-5,MA,5,Obama,Romney,65.2,33.1,32.1,98.30000000000001,Daily Kos Elections presidential results by congressional district,presidential_results_on_2016_districts.csv,Congressional district lines used in the 2016 elections,1.0,True,same_election_boundary_set,True,most_recent_completed_presidential_election_on_target_house_boundaries
2016,2016,2012,MA-6,MA,6,Obama,Romney,54.7,43.9,10.800000000000004,98.6,Daily Kos Elections presidential results by congressional district,presidential_results_on_2016_districts.csv,Congressional district lines used in the 2016 elections,1.0,True,same_election_boundary_set,True,most_recent_completed_presidential_election_on_target_house_boundaries
2016,2016,2012,MA-7,MA,7,Obama,Romney,82.5,15.6,66.9,98.1,Daily Kos Elections presidential results by congressional district,presidential_results_on_2016_districts.csv,Congressional district lines used in the 2016 elections,1.0,True,same_election_boundary_set,True,most_recent_completed_presidential_election_on_target_house_boundaries
2016,2016,2012,MA-8,MA,8,Obama,Romney,57.8,40.8,17.0,98.6,Daily Kos Elections presidential results by congressional district,presidential_results_on_2016_districts.csv,Congressional district lines used in the 2016 elections,1.0,True,same_election_boundary_set,True,most_recent_completed_presidential_election_on_target_house_boundaries
2016,2016,2012,MA-9,MA,9,Obama,Romney,55.5,43.1,12.399999999999999,98.6,Daily Kos Elections presidential results by congressional district,presidential_results_on_2016_districts.csv,Congressional district lines used in the 2016 elections,1.0,True,same_election_boundary_set,True,most_recent_completed_presidential_election_on_target_house_boundaries
2016,2016,2012,MD-1,MD,1,Obama,Romney,37.7,60.4,-22.699999999999996,98.1,Daily Kos Elections presidential results by congressional district,presidential_results_on_2016_districts.csv,Congressional district lines used in the 2016 elections,1.0,True,same_election_boundary_set,True,most_recent_completed_presidential_election_on_target_house_boundaries
2016,2016,2012,MD-2,MD,2,Obama,Romney,63.1,35.0,28.1,98.1,Daily Kos Elections presidential results by congressional district,presidential_results_on_2016_districts.csv,Congressional district lines used in the 2016 elections,1.0,True,same_election_boundary_set,True,most_recent_completed_presidential_election_on_target_house_boundaries
2016,2016,2012,MD-3,MD,3,Obama,Romney,60.7,37.1,23.6,97.80000000000001,Daily Kos Elections presidential results by congressional district,presidential_results_on_2016_districts.csv,Congressional district lines used in the 2016 elections,1.0,True,same_election_boundary_set,True,most_recent_completed_presidential_election_on_target_house_boundaries
2016,2016,2012,MD-4,MD,4,Obama,Romney,78.1,20.8,57.3,98.89999999999999,Daily Kos Elections presidential results by congressional district,presidential_results_on_2016_districts.csv,Congressional district lines used in the 2016 elections,1.0,True,same_election_boundary_set,True,most_recent_completed_presidential_election_on_target_house_boundaries
2016,2016,2012,MD-5,MD,5,Obama,Romney,66.1,32.4,33.699999999999996,98.5,Daily Kos Elections presidential results by congressional district,presidential_results_on_2016_districts.csv,Congressional district lines used in the 2016 elections,1.0,True,same_election_boundary_set,True,most_recent_completed_presidential_election_on_target_house_boundaries
2016,2016,2012,MD-6,MD,6,Obama,Romney,55.2,42.8,12.400000000000006,98.0,Daily Kos Elections presidential results by congressional district,presidential_results_on_2016_districts.csv,Congressional district lines used in the 2016 elections,1.0,True,same_election_boundary_set,True,most_recent_completed_presidential_election_on_target_house_boundaries
2016,2016,2012,MD-7,MD,7,Obama,Romney,76.2,22.3,53.900000000000006,98.5,Daily Kos Elections presidential results by congressional district,presidential_results_on_2016_districts.csv,Congressional district lines used in the 2016 elections,1.0,True,same_election_boundary_set,True,most_recent_completed_presidential_election_on_target_house_boundaries
2016,2016,2012,MD-8,MD,8,Obama,Romney,62.0,36.0,26.0,98.0,Daily Kos Elections presidential results by congressional district,presidential_results_on_2016_districts.csv,Congressional district lines used in the 2016 elections,1.0,True,same_election_boundary_set,True,most_recent_completed_presidential_election_on_target_house_boundaries
2016,2016,2012,ME-1,ME,1,Obama,Romney,59.6,38.2,21.4,97.80000000000001,Daily Kos Elections presidential results by congressional district,presidential_results_on_2016_districts.csv,Congressional district lines used in the 2016 elections,1.0,True,same_election_boundary_set,True,most_recent_completed_presidential_election_on_target_house_boundaries
2016,2016,2012,ME-2,ME,2,Obama,Romney,52.9,44.4,8.5,97.3,Daily Kos Elections presidential results by congressional district,presidential_results_on_2016_districts.csv,Congressional district lines used in the 2016 elections,1.0,True,same_election_boundary_set,True,most_recent_completed_presidential_election_on_target_house_boundaries
2016,2016,2012,MI-1,MI,1,Obama,Romney,45.3,53.6,-8.300000000000004,98.9,Daily Kos Elections presidential results by congressional district,presidential_results_on_2016_districts.csv,Congressional district lines used in the 2016 elections,1.0,True,same_election_boundary_set,True,most_recent_completed_presidential_election_on_target_house_boundaries
2016,2016,2012,MI-10,MI,10,Obama,Romney,43.7,55.3,-11.599999999999994,99.0,Daily Kos Elections presidential results by congressional district,presidential_results_on_2016_districts.csv,Congressional district lines used in the 2016 elections,1.0,True,same_election_boundary_set,True,most_recent_completed_presidential_election_on_target_house_boundaries
2016,2016,2012,MI-11,MI,11,Obama,Romney,46.9,52.3,-5.399999999999999,99.19999999999999,Daily Kos Elections presidential results by congressional district,presidential_results_on_2016_districts.csv,Congressional district lines used in the 2016 elections,1.0,True,same_election_boundary_set,True,most_recent_completed_presidential_election_on_target_house_boundaries
2016,2016,2012,MI-12,MI,12,Obama,Romney,66.2,32.8,33.400000000000006,99.0,Daily Kos Elections presidential results by congressional district,presidential_results_on_2016_districts.csv,Congressional district lines used in the 2016 elections,1.0,True,same_election_boundary_set,True,most_recent_completed_presidential_election_on_target_house_boundaries
2016,2016,2012,MI-13,MI,13,Obama,Romney,85.2,14.3,70.9,99.5,Daily Kos Elections presidential results by congressional district,presidential_results_on_2016_districts.csv,Congressional district lines used in the 2016 elections,1.0,True,same_election_boundary_set,True,most_recent_completed_presidential_election_on_target_house_boundaries
2016,2016,2012,MI-14,MI,14,Obama,Romney,81.0,18.6,62.4,99.6,Daily Kos Elections presidential results by congressional district,presidential_results_on_2016_districts.csv,Congressional district lines used in the 2016 elections,1.0,True,same_election_boundary_set,True,most_recent_completed_presidential_election_on_target_house_boundaries
2016,2016,2012,MI-2,MI,2,Obama,Romney,43.1,56.0,-12.899999999999999,99.1,Daily Kos Elections presidential results by congressional district,presidential_results_on_2016_districts.csv,Congressional district lines used in the 2016 elections,1.0,True,same_election_boundary_set,True,most_recent_completed_presidential_election_on_target_house_boundaries
2016,2016,2012,MI-3,MI,3,Obama,Romney,45.8,53.1,-7.300000000000004,98.9,Daily Kos Elections presidential results by congressional district,presidential_results_on_2016_districts.csv,Congressional district lines used in the 2016 elections,1.0,True,same_election_boundary_set,True,most_recent_completed_presidential_election_on_target_house_boundaries
2016,2016,2012,MI-4,MI,4,Obama,Romney,45.5,53.5,-8.0,99.0,Daily Kos Elections presidential results by congressional district,presidential_results_on_2016_districts.csv,Congressional district lines used in the 2016 elections,1.0,True,same_election_boundary_set,True,most_recent_completed_presidential_election_on_target_house_boundaries
2016,2016,2012,MI-5,MI,5,Obama,Romney,60.7,38.3,22.400000000000006,99.0,Daily Kos Elections presidential results by congressional district,presidential_results_on_2016_districts.csv,Congressional district lines used in the 2016 elections,1.0,True,same_election_boundary_set,True,most_recent_completed_presidential_election_on_target_house_boundaries
2016,2016,2012,MI-6,MI,6,Obama,Romney,48.8,50.2,-1.4000000000000057,99.0,Daily Kos Elections presidential results by congressional district,presidential_results_on_2016_districts.csv,Congressional district lines used in the 2016 elections,1.0,True,same_election_boundary_set,True,most_recent_completed_presidential_election_on_target_house_boundaries
2016,2016,2012,MI-7,MI,7,Obama,Romney,47.9,51.0,-3.1000000000000014,98.9,Daily Kos Elections presidential results by congressional district,presidential_results_on_2016_districts.csv,Congressional district lines used in the 2016 elections,1.0,True,same_election_boundary_set,True,most_recent_completed_presidential_election_on_target_house_boundaries
2016,2016,2012,MI-8,MI,8,Obama,Romney,48.0,51.1,-3.1000000000000014,99.1,Daily Kos Elections presidential results by congressional district,presidential_results_on_2016_districts.csv,Congressional district lines used in the 2016 elections,1.0,True,same_election_boundary_set,True,most_recent_completed_presidential_election_on_target_house_boundaries
2016,2016,2012,MI-9,MI,9,Obama,Romney,57.2,41.9,15.300000000000004,99.1,Daily Kos Elections presidential results by congressional district,presidential_results_on_2016_districts.csv,Congressional district lines used in the 2016 elections,1.0,True,same_election_boundary_set,True,most_recent_completed_presidential_election_on_target_house_boundaries
2016,2016,2012,MN-1,MN,1,Obama,Romney,49.6,48.2,1.3999999999999986,97.80000000000001,Daily Kos Elections presidential results by congressional district,presidential_results_on_2016_districts.csv,Congressional district lines used in the 2016 elections,1.0,True,same_election_boundary_set,True,most_recent_completed_presidential_election_on_target_house_boundaries
2016,2016,2012,MN-2,MN,2,Obama,Romney,49.1,49.0,0.10000000000000142,98.1,Daily Kos Elections presidential results by congressional district,presidential_results_on_2016_districts.csv,Congressional district lines used in the 2016 elections,1.0,True,same_election_boundary_set,True,most_recent_completed_presidential_election_on_target_house_boundaries
2016,2016,2012,MN-3,MN,3,Obama,Romney,49.6,48.8,0.8000000000000043,98.4,Daily Kos Elections presidential results by congressional district,presidential_results_on_2016_districts.csv,Congressional district lines used in the 2016 elections,1.0,True,same_election_boundary_set,True,most_recent_completed_presidential_election_on_target_house_boundaries
2016,2016,2012,MN-4,MN,4,Obama,Romney,62.5,35.5,27.0,98.0,Daily Kos Elections presidential results by congressional district,presidential_results_on_2016_districts.csv,Congressional district lines used in the 2016 elections,1.0,True,same_election_boundary_set,True,most_recent_completed_presidential_election_on_target_house_boundaries
2016,2016,2012,MN-5,MN,5,Obama,Romney,73.5,24.0,49.5,97.5,Daily Kos Elections presidential results by congressional district,presidential_results_on_2016_districts.csv,Congressional district lines used in the 2016 elections,1.0,True,same_election_boundary_set,True,most_recent_completed_presidential_election_on_target_house_boundaries
2016,2016,2012,MN-6,MN,6,Obama,Romney,41.5,56.5,-15.0,98.0,Daily Kos Elections presidential results by congressional district,presidential_results_on_2016_districts.csv,Congressional district lines used in the 2016 elections,1.0,True,same_election_boundary_set,True,most_recent_completed_presidential_election_on_target_house_boundaries
2016,2016,2012,MN-7,MN,7,Obama,Romney,44.1,53.9,-9.799999999999997,98.0,Daily Kos Elections presidential results by congressional district,presidential_results_on_2016_districts.csv,Congressional district lines used in the 2016 elections,1.0,True,same_election_boundary_set,True,most_recent_completed_presidential_election_on_target_house_boundaries
2016,2016,2012,MN-8,MN,8,Obama,Romney,51.7,46.2,5.5,97.9,Daily Kos Elections presidential results by congressional district,presidential_results_on_2016_districts.csv,Congressional district lines used in the 2016 elections,1.0,True,same_election_boundary_set,True,most_recent_completed_presidential_election_on_target_house_boundaries
2016,2016,2012,MO-1,MO,1,Obama,Romney,79.9,18.9,61.00000000000001,98.80000000000001,Daily Kos Elections presidential results by congressional district,presidential_results_on_2016_districts.csv,Congressional district lines used in the 2016 elections,1.0,True,same_election_boundary_set,True,most_recent_completed_presidential_election_on_target_house_boundaries
2016,2016,2012,MO-2,MO,2,Obama,Romney,41.4,57.1,-15.700000000000003,98.5,Daily Kos Elections presidential results by congressional district,presidential_results_on_2016_districts.csv,Congressional district lines used in the 2016 elections,1.0,True,same_election_boundary_set,True,most_recent_completed_presidential_election_on_target_house_boundaries
2016,2016,2012,MO-3,MO,3,Obama,Romney,36.1,62.0,-25.9,98.1,Daily Kos Elections presidential results by congressional district,presidential_results_on_2016_districts.csv,Congressional district lines used in the 2016 elections,1.0,True,same_election_boundary_set,True,most_recent_completed_presidential_election_on_target_house_boundaries
2016,2016,2012,MO-4,MO,4,Obama,Romney,36.4,61.2,-24.800000000000004,97.6,Daily Kos Elections presidential results by congressional district,presidential_results_on_2016_districts.csv,Congressional district lines used in the 2016 elections,1.0,True,same_election_boundary_set,True,most_recent_completed_presidential_election_on_target_house_boundaries
2016,2016,2012,MO-5,MO,5,Obama,Romney,58.9,39.4,19.5,98.3,Daily Kos Elections presidential results by congressional district,presidential_results_on_2016_districts.csv,Congressional district lines used in the 2016 elections,1.0,True,same_election_boundary_set,True,most_recent_completed_presidential_election_on_target_house_boundaries
2016,2016,2012,MO-6,MO,6,Obama,Romney,37.9,60.0,-22.1,97.9,Daily Kos Elections presidential results by congressional district,presidential_results_on_2016_districts.csv,Congressional district lines used in the 2016 elections,1.0,True,same_election_boundary_set,True,most_recent_completed_presidential_election_on_target_house_boundaries
2016,2016,2012,MO-7,MO,7,Obama,Romney,30.3,67.6,-37.3,97.89999999999999,Daily Kos Elections presidential results by congressional district,presidential_results_on_2016_districts.csv,Congressional district lines used in the 2016 elections,1.0,True,same_election_boundary_set,True,most_recent_completed_presidential_election_on_target_house_boundaries
2016,2016,2012,MO-8,MO,8,Obama,Romney,32.0,65.9,-33.900000000000006,97.9,Daily Kos Elections presidential results by congressional district,presidential_results_on_2016_districts.csv,Congressional district lines used in the 2016 elections,1.0,True,same_election_boundary_set,True,most_recent_completed_presidential_election_on_target_house_boundaries
2016,2016,2012,MS-1,MS,1,Obama,Romney,37.0,61.9,-24.9,98.9,Daily Kos Elections presidential results by congressional district,presidential_results_on_2016_districts.csv,Congressional district lines used in the 2016 elections,1.0,True,same_election_boundary_set,True,most_recent_completed_presidential_election_on_target_house_boundaries
2016,2016,2012,MS-2,MS,2,Obama,Romney,66.4,33.0,33.400000000000006,99.4,Daily Kos Elections presidential results by congressional district,presidential_results_on_2016_districts.csv,Congressional district lines used in the 2016 elections,1.0,True,same_election_boundary_set,True,most_recent_completed_presidential_election_on_target_house_boundaries
2016,2016,2012,MS-3,MS,3,Obama,Romney,39.1,60.0,-20.9,99.1,Daily Kos Elections presidential results by congressional district,presidential_results_on_2016_districts.csv,Congressional district lines used in the 2016 elections,1.0,True,same_election_boundary_set,True,most_recent_completed_presidential_election_on_target_house_boundaries
2016,2016,2012,MS-4,MS,4,Obama,Romney,31.2,67.6,-36.39999999999999,98.8,Daily Kos Elections presidential results by congressional district,presidential_results_on_2016_districts.csv,Congressional district lines used in the 2016 elections,1.0,True,same_election_boundary_set,True,most_recent_completed_presidential_election_on_target_house_boundaries
2016,2016,2012,MT-AL,MT,AL,Obama,Romney,41.7,55.4,-13.699999999999996,97.1,Daily Kos Elections presidential results by congressional district,presidential_results_on_2016_districts.csv,Congressional district lines used in the 2016 elections,1.0,True,same_election_boundary_set,True,most_recent_completed_presidential_election_on_target_house_boundaries
2016,2016,2012,NC-1,NC,1,Obama,Romney,68.1,31.2,36.89999999999999,99.3,Daily Kos Elections presidential results by congressional district,presidential_results_on_2016_districts.csv,Congressional district lines used in the 2016 elections,1.0,True,same_election_boundary_set,True,most_recent_completed_presidential_election_on_target_house_boundaries
2016,2016,2012,NC-10,NC,10,Obama,Romney,40.4,58.5,-18.1,98.9,Daily Kos Elections presidential results by congressional district,presidential_results_on_2016_districts.csv,Congressional district lines used in the 2016 elections,1.0,True,same_election_boundary_set,True,most_recent_completed_presidential_election_on_target_house_boundaries
2016,2016,2012,NC-11,NC,11,Obama,Romney,39.1,59.6,-20.5,98.7,Daily Kos Elections presidential results by congressional district,presidential_results_on_2016_districts.csv,Congressional district lines used in the 2016 elections,1.0,True,same_election_boundary_set,True,most_recent_completed_presidential_election_on_target_house_boundaries
2016,2016,2012,NC-12,NC,12,Obama,Romney,67.8,31.3,36.5,99.1,Daily Kos Elections presidential results by congressional district,presidential_results_on_2016_districts.csv,Congressional district lines used in the 2016 elections,1.0,True,same_election_boundary_set,True,most_recent_completed_presidential_election_on_target_house_boundaries
2016,2016,2012,NC-13,NC,13,Obama,Romney,46.1,52.9,-6.799999999999997,99.0,Daily Kos Elections presidential results by congressional district,presidential_results_on_2016_districts.csv,Congressional district lines used in the 2016 elections,1.0,True,same_election_boundary_set,True,most_recent_completed_presidential_election_on_target_house_boundaries
2016,2016,2012,NC-2,NC,2,Obama,Romney,43.0,56.0,-13.0,99.0,Daily Kos Elections presidential results by congressional district,presidential_results_on_2016_districts.csv,Congressional district lines used in the 2016 elections,1.0,True,same_election_boundary_set,True,most_recent_completed_presidential_election_on_target_house_boundaries
2016,2016,2012,NC-3,NC,3,Obama,Romney,40.6,58.5,-17.9,99.1,Daily Kos Elections presidential results by congressional district,presidential_results_on_2016_districts.csv,Congressional district lines used in the 2016 elections,1.0,True,same_election_boundary_set,True,most_recent_completed_presidential_election_on_target_house_boundaries
2016,2016,2012,NC-4,NC,4,Obama,Romney,64.5,34.2,30.299999999999997,98.7,Daily Kos Elections presidential results by congressional district,presidential_results_on_2016_districts.csv,Congressional district lines used in the 2016 elections,1.0,True,same_election_boundary_set,True,most_recent_completed_presidential_election_on_target_house_boundaries
2016,2016,2012,NC-5,NC,5,Obama,Romney,42.3,56.5,-14.200000000000003,98.8,Daily Kos Elections presidential results by congressional district,presidential_results_on_2016_districts.csv,Congressional district lines used in the 2016 elections,1.0,True,same_election_boundary_set,True,most_recent_completed_presidential_election_on_target_house_boundaries
2016,2016,2012,NC-6,NC,6,Obama,Romney,43.2,55.9,-12.699999999999996,99.1,Daily Kos Elections presidential results by congressional district,presidential_results_on_2016_districts.csv,Congressional district lines used in the 2016 elections,1.0,True,same_election_boundary_set,True,most_recent_completed_presidential_election_on_target_house_boundaries
2016,2016,2012,NC-7,NC,7,Obama,Romney,43.2,55.9,-12.699999999999996,99.1,Daily Kos Elections presidential results by congressional district,presidential_results_on_2016_districts.csv,Congressional district lines used in the 2016 elections,1.0,True,same_election_boundary_set,True,most_recent_completed_presidential_election_on_target_house_boundaries
2016,2016,2012,NC-8,NC,8,Obama,Romney,44.4,54.7,-10.300000000000004,99.1,Daily Kos Elections presidential results by congressional district,presidential_results_on_2016_districts.csv,Congressional district lines used in the 2016 elections,1.0,True,same_election_boundary_set,True,most_recent_completed_presidential_election_on_target_house_boundaries
2016,2016,2012,NC-9,NC,9,Obama,Romney,43.8,55.4,-11.600000000000001,99.19999999999999,Daily Kos Elections presidential results by congressional district,presidential_results_on_2016_districts.csv,Congressional district lines used in the 2016 elections,1.0,True,same_election_boundary_set,True,most_recent_completed_presidential_election_on_target_house_boundaries
2016,2016,2012,ND-AL,ND,AL,Obama,Romney,38.9,58.7,-19.800000000000004,97.6,Daily Kos Elections presidential results by congressional district,presidential_results_on_2016_districts.csv,Congressional district lines used in the 2016 elections,1.0,True,same_election_boundary_set,True,most_recent_completed_presidential_election_on_target_house_boundaries
2016,2016,2012,NE-1,NE,1,Obama,Romney,40.8,57.4,-16.6,98.19999999999999,Daily Kos Elections presidential results by congressional district,presidential_results_on_2016_districts.csv,Congressional district lines used in the 2016 elections,1.0,True,same_election_boundary_set,True,most_recent_completed_presidential_election_on_target_house_boundaries
2016,2016,2012,NE-2,NE,2,Obama,Romney,45.7,52.9,-7.199999999999996,98.6,Daily Kos Elections presidential results by congressional district,presidential_results_on_2016_districts.csv,Congressional district lines used in the 2016 elections,1.0,True,same_election_boundary_set,True,most_recent_completed_presidential_election_on_target_house_boundaries
2016,2016,2012,NE-3,NE,3,Obama,Romney,27.8,70.2,-42.400000000000006,98.0,Daily Kos Elections presidential results by congressional district,presidential_results_on_2016_districts.csv,Congressional district lines used in the 2016 elections,1.0,True,same_election_boundary_set,True,most_recent_completed_presidential_election_on_target_house_boundaries
2016,2016,2012,NH-1,NH,1,Obama,Romney,50.2,48.6,1.6000000000000014,98.80000000000001,Daily Kos Elections presidential results by congressional district,presidential_results_on_2016_districts.csv,Congressional district lines used in the 2016 elections,1.0,True,same_election_boundary_set,True,most_recent_completed_presidential_election_on_target_house_boundaries
2016,2016,2012,NH-2,NH,2,Obama,Romney,54.2,44.5,9.700000000000003,98.7,Daily Kos Elections presidential results by congressional district,presidential_results_on_2016_districts.csv,Congressional district lines used in the 2016 elections,1.0,True,same_election_boundary_set,True,most_recent_completed_presidential_election_on_target_house_boundaries
2016,2016,2012,NJ-1,NJ,1,Obama,Romney,65.1,33.8,31.299999999999997,98.89999999999999,Daily Kos Elections presidential results by congressional district,presidential_results_on_2016_districts.csv,Congressional district lines used in the 2016 elections,1.0,True,same_election_boundary_set,True,most_recent_completed_presidential_election_on_target_house_boundaries
2016,2016,2012,NJ-10,NJ,10,Obama,Romney,87.9,11.5,76.4,99.4,Daily Kos Elections presidential results by congressional district,presidential_results_on_2016_districts.csv,Congressional district lines used in the 2016 elections,1.0,True,same_election_boundary_set,True,most_recent_completed_presidential_election_on_target_house_boundaries
2016,2016,2012,NJ-11,NJ,11,Obama,Romney,46.6,52.4,-5.799999999999997,99.0,Daily Kos Elections presidential results by congressional district,presidential_results_on_2016_districts.csv,Congressional district lines used in the 2016 elections,1.0,True,same_election_boundary_set,True,most_recent_completed_presidential_election_on_target_house_boundaries
2016,2016,2012,NJ-12,NJ,12,Obama,Romney,66.5,32.4,34.1,98.9,Daily Kos Elections presidential results by congressional district,presidential_results_on_2016_districts.csv,Congressional district lines used in the 2016 elections,1.0,True,same_election_boundary_set,True,most_recent_completed_presidential_election_on_target_house_boundaries
2016,2016,2012,NJ-2,NJ,2,Obama,Romney,53.5,45.4,8.100000000000001,98.9,Daily Kos Elections presidential results by congressional district,presidential_results_on_2016_districts.csv,Congressional district lines used in the 2016 elections,1.0,True,same_election_boundary_set,True,most_recent_completed_presidential_election_on_target_house_boundaries
2016,2016,2012,NJ-3,NJ,3,Obama,Romney,51.8,47.2,4.599999999999994,99.0,Daily Kos Elections presidential results by congressional district,presidential_results_on_2016_districts.csv,Congressional district lines used in the 2016 elections,1.0,True,same_election_boundary_set,True,most_recent_completed_presidential_election_on_target_house_boundaries
2016,2016,2012,NJ-4,NJ,4,Obama,Romney,44.7,54.2,-9.5,98.9,Daily Kos Elections presidential results by congressional district,presidential_results_on_2016_districts.csv,Congressional district lines used in the 2016 elections,1.0,True,same_election_boundary_set,True,most_recent_completed_presidential_election_on_target_house_boundaries
2016,2016,2012,NJ-5,NJ,5,Obama,Romney,47.9,51.0,-3.1000000000000014,98.9,Daily Kos Elections presidential results by congressional district,presidential_results_on_2016_districts.csv,Congressional district lines used in the 2016 elections,1.0,True,same_election_boundary_set,True,most_recent_completed_presidential_election_on_target_house_boundaries
2016,2016,2012,NJ-6,NJ,6,Obama,Romney,61.4,37.4,24.0,98.8,Daily Kos Elections presidential results by congressional district,presidential_results_on_2016_districts.csv,Congressional district lines used in the 2016 elections,1.0,True,same_election_boundary_set,True,most_recent_completed_presidential_election_on_target_house_boundaries
2016,2016,2012,NJ-7,NJ,7,Obama,Romney,46.3,52.5,-6.200000000000003,98.8,Daily Kos Elections presidential results by congressional district,presidential_results_on_2016_districts.csv,Congressional district lines used in the 2016 elections,1.0,True,same_election_boundary_set,True,most_recent_completed_presidential_election_on_target_house_boundaries
2016,2016,2012,NJ-8,NJ,8,Obama,Romney,78.3,20.7,57.599999999999994,99.0,Daily Kos Elections presidential results by congressional district,presidential_results_on_2016_districts.csv,Congressional district lines used in the 2016 elections,1.0,True,same_election_boundary_set,True,most_recent_completed_presidential_election_on_target_house_boundaries
2016,2016,2012,NJ-9,NJ,9,Obama,Romney,68.3,30.8,37.5,99.1,Daily Kos Elections presidential results by congressional district,presidential_results_on_2016_districts.csv,Congressional district lines used in the 2016 elections,1.0,True,same_election_boundary_set,True,most_recent_completed_presidential_election_on_target_house_boundaries
2016,2016,2012,NM-1,NM,1,Obama,Romney,55.3,39.6,15.699999999999996,94.9,Daily Kos Elections presidential results by congressional district,presidential_results_on_2016_districts.csv,Congressional district lines used in the 2016 elections,1.0,True,same_election_boundary_set,True,most_recent_completed_presidential_election_on_target_house_boundaries
2016,2016,2012,NM-2,NM,2,Obama,Romney,44.9,51.7,-6.800000000000004,96.6,Daily Kos Elections presidential results by congressional district,presidential_results_on_2016_districts.csv,Congressional district lines used in the 2016 elections,1.0,True,same_election_boundary_set,True,most_recent_completed_presidential_election_on_target_house_boundaries
2016,2016,2012,NM-3,NM,3,Obama,Romney,57.5,38.7,18.799999999999997,96.2,Daily Kos Elections presidential results by congressional district,presidential_results_on_2016_districts.csv,Congressional district lines used in the 2016 elections,1.0,True,same_election_boundary_set,True,most_recent_completed_presidential_election_on_target_house_boundaries
2016,2016,2012,NV-1,NV,1,Obama,Romney,65.6,32.4,33.199999999999996,98.0,Daily Kos Elections presidential results by congressional district,presidential_results_on_2016_districts.csv,Congressional district lines used in the 2016 elections,1.0,True,same_election_boundary_set,True,most_recent_completed_presidential_election_on_target_house_boundaries
2016,2016,2012,NV-2,NV,2,Obama,Romney,44.8,52.9,-8.100000000000001,97.69999999999999,Daily Kos Elections presidential results by congressional district,presidential_results_on_2016_districts.csv,Congressional district lines used in the 2016 elections,1.0,True,same_election_boundary_set,True,most_recent_completed_presidential_election_on_target_house_boundaries
2016,2016,2012,NV-3,NV,3,Obama,Romney,49.5,48.7,0.7999999999999972,98.2,Daily Kos Elections presidential results by congressional district,presidential_results_on_2016_districts.csv,Congressional district lines used in the 2016 elections,1.0,True,same_election_boundary_set,True,most_recent_completed_presidential_election_on_target_house_boundaries
2016,2016,2012,NV-4,NV,4,Obama,Romney,54.4,43.7,10.699999999999996,98.1,Daily Kos Elections presidential results by congressional district,presidential_results_on_2016_districts.csv,Congressional district lines used in the 2016 elections,1.0,True,same_election_boundary_set,True,most_recent_completed_presidential_election_on_target_house_boundaries
2016,2016,2012,NY-1,NY,1,Obama,Romney,49.6,49.1,0.5,98.7,Daily Kos Elections presidential results by congressional district,presidential_results_on_2016_districts.csv,Congressional district lines used in the 2016 elections,1.0,True,same_election_boundary_set,True,most_recent_completed_presidential_election_on_target_house_boundaries
2016,2016,2012,NY-10,NY,10,Obama,Romney,73.6,25.1,48.49999999999999,98.69999999999999,Daily Kos Elections presidential results by congressional district,presidential_results_on_2016_districts.csv,Congressional district lines used in the 2016 elections,1.0,True,same_election_boundary_set,True,most_recent_completed_presidential_election_on_target_house_boundaries
2016,2016,2012,NY-11,NY,11,Obama,Romney,51.6,47.3,4.300000000000004,98.9,Daily Kos Elections presidential results by congressional district,presidential_results_on_2016_districts.csv,Congressional district lines used in the 2016 elections,1.0,True,same_election_boundary_set,True,most_recent_completed_presidential_election_on_target_house_boundaries
2016,2016,2012,NY-12,NY,12,Obama,Romney,76.9,21.5,55.400000000000006,98.4,Daily Kos Elections presidential results by congressional district,presidential_results_on_2016_districts.csv,Congressional district lines used in the 2016 elections,1.0,True,same_election_boundary_set,True,most_recent_completed_presidential_election_on_target_house_boundaries
2016,2016,2012,NY-13,NY,13,Obama,Romney,94.6,4.6,90.0,99.19999999999999,Daily Kos Elections presidential results by congressional district,presidential_results_on_2016_districts.csv,Congressional district lines used in the 2016 elections,1.0,True,same_election_boundary_set,True,most_recent_completed_presidential_election_on_target_house_boundaries
2016,2016,2012,NY-14,NY,14,Obama,Romney,80.7,18.3,62.400000000000006,99.0,Daily Kos Elections presidential results by congressional district,presidential_results_on_2016_districts.csv,Congressional district lines used in the 2016 elections,1.0,True,same_election_boundary_set,True,most_recent_completed_presidential_election_on_target_house_boundaries
2016,2016,2012,NY-15,NY,15,Obama,Romney,96.7,3.0,93.7,99.7,Daily Kos Elections presidential results by congressional district,presidential_results_on_2016_districts.csv,Congressional district lines used in the 2016 elections,1.0,True,same_election_boundary_set,True,most_recent_completed_presidential_election_on_target_house_boundaries
2016,2016,2012,NY-16,NY,16,Obama,Romney,73.7,25.5,48.2,99.2,Daily Kos Elections presidential results by congressional district,presidential_results_on_2016_districts.csv,Congressional district lines used in the 2016 elections,1.0,True,same_election_boundary_set,True,most_recent_completed_presidential_election_on_target_house_boundaries
2016,2016,2012,NY-17,NY,17,Obama,Romney,57.1,41.9,15.200000000000003,99.0,Daily Kos Elections presidential results by congressional district,presidential_results_on_2016_districts.csv,Congressional district lines used in the 2016 elections,1.0,True,same_election_boundary_set,True,most_recent_completed_presidential_election_on_target_house_boundaries
2016,2016,2012,NY-18,NY,18,Obama,Romney,51.4,47.1,4.299999999999997,98.5,Daily Kos Elections presidential results by congressional district,presidential_results_on_2016_districts.csv,Congressional district lines used in the 2016 elections,1.0,True,same_election_boundary_set,True,most_recent_completed_presidential_election_on_target_house_boundaries
2016,2016,2012,NY-19,NY,19,Obama,Romney,52.1,45.9,6.200000000000003,98.0,Daily Kos Elections presidential results by congressional district,presidential_results_on_2016_districts.csv,Congressional district lines used in the 2016 elections,1.0,True,same_election_boundary_set,True,most_recent_completed_presidential_election_on_target_house_boundaries
2016,2016,2012,NY-2,NY,2,Obama,Romney,51.6,47.2,4.399999999999999,98.80000000000001,Daily Kos Elections presidential results by congressional district,presidential_results_on_2016_districts.csv,Congressional district lines used in the 2016 elections,1.0,True,same_election_boundary_set,True,most_recent_completed_presidential_election_on_target_house_boundaries
2016,2016,2012,NY-20,NY,20,Obama,Romney,59.2,38.8,20.400000000000006,98.0,Daily Kos Elections presidential results by congressional district,presidential_results_on_2016_districts.csv,Congressional district lines used in the 2016 elections,1.0,True,same_election_boundary_set,True,most_recent_completed_presidential_election_on_target_house_boundaries
2016,2016,2012,NY-21,NY,21,Obama,Romney,52.2,46.1,6.100000000000001,98.30000000000001,Daily Kos Elections presidential results by congressional district,presidential_results_on_2016_districts.csv,Congressional district lines used in the 2016 elections,1.0,True,same_election_boundary_set,True,most_recent_completed_presidential_election_on_target_house_boundaries
2016,2016,2012,NY-22,NY,22,Obama,Romney,48.8,49.2,-0.4000000000000057,98.0,Daily Kos Elections presidential results by congressional district,presidential_results_on_2016_districts.csv,Congressional district lines used in the 2016 elections,1.0,True,same_election_boundary_set,True,most_recent_completed_presidential_election_on_target_house_boundaries
2016,2016,2012,NY-23,NY,23,Obama,Romney,48.4,49.6,-1.2000000000000028,98.0,Daily Kos Elections presidential results by congressional district,presidential_results_on_2016_districts.csv,Congressional district lines used in the 2016 elections,1.0,True,same_election_boundary_set,True,most_recent_completed_presidential_election_on_target_house_boundaries
2016,2016,2012,NY-24,NY,24,Obama,Romney,57.0,41.1,15.899999999999999,98.1,Daily Kos Elections presidential results by congressional district,presidential_results_on_2016_districts.csv,Congressional district lines used in the 2016 elections,1.0,True,same_election_boundary_set,True,most_recent_completed_presidential_election_on_target_house_boundaries
2016,2016,2012,NY-25,NY,25,Obama,Romney,58.8,39.4,19.4,98.19999999999999,Daily Kos Elections presidential results by congressional district,presidential_results_on_2016_districts.csv,Congressional district lines used in the 2016 elections,1.0,True,same_election_boundary_set,True,most_recent_completed_presidential_election_on_target_house_boundaries
2016,2016,2012,NY-26,NY,26,Obama,Romney,63.9,34.3,29.6,98.19999999999999,Daily Kos Elections presidential results by congressional district,presidential_results_on_2016_districts.csv,Congressional district lines used in the 2016 elections,1.0,True,same_election_boundary_set,True,most_recent_completed_presidential_election_on_target_house_boundaries
2016,2016,2012,NY-27,NY,27,Obama,Romney,42.9,55.3,-12.399999999999999,98.19999999999999,Daily Kos Elections presidential results by congressional district,presidential_results_on_2016_districts.csv,Congressional district lines used in the 2016 elections,1.0,True,same_election_boundary_set,True,most_recent_completed_presidential_election_on_target_house_boundaries
2016,2016,2012,NY-3,NY,3,Obama,Romney,50.8,48.2,2.5999999999999943,99.0,Daily Kos Elections presidential results by congressional district,presidential_results_on_2016_districts.csv,Congressional district lines used in the 2016 elections,1.0,True,same_election_boundary_set,True,most_recent_completed_presidential_election_on_target_house_boundaries
2016,2016,2012,NY-4,NY,4,Obama,Romney,56.3,42.8,13.5,99.1,Daily Kos Elections presidential results by congressional district,presidential_results_on_2016_districts.csv,Congressional district lines used in the 2016 elections,1.0,True,same_election_boundary_set,True,most_recent_completed_presidential_election_on_target_house_boundaries
2016,2016,2012,NY-5,NY,5,Obama,Romney,90.6,9.1,81.5,99.69999999999999,Daily Kos Elections presidential results by congressional district,presidential_results_on_2016_districts.csv,Congressional district lines used in the 2016 elections,1.0,True,same_election_boundary_set,True,most_recent_completed_presidential_election_on_target_house_boundaries
2016,2016,2012,NY-6,NY,6,Obama,Romney,67.8,31.0,36.8,98.8,Daily Kos Elections presidential results by congressional district,presidential_results_on_2016_districts.csv,Congressional district lines used in the 2016 elections,1.0,True,same_election_boundary_set,True,most_recent_completed_presidential_election_on_target_house_boundaries
2016,2016,2012,NY-7,NY,7,Obama,Romney,88.4,10.3,78.10000000000001,98.7,Daily Kos Elections presidential results by congressional district,presidential_results_on_2016_districts.csv,Congressional district lines used in the 2016 elections,1.0,True,same_election_boundary_set,True,most_recent_completed_presidential_election_on_target_house_boundaries
2016,2016,2012,NY-8,NY,8,Obama,Romney,89.2,10.2,79.0,99.4,Daily Kos Elections presidential results by congressional district,presidential_results_on_2016_districts.csv,Congressional district lines used in the 2016 elections,1.0,True,same_election_boundary_set,True,most_recent_completed_presidential_election_on_target_house_boundaries
2016,2016,2012,NY-9,NY,9,Obama,Romney,85.2,13.9,71.3,99.10000000000001,Daily Kos Elections presidential results by congressional district,presidential_results_on_2016_districts.csv,Congressional district lines used in the 2016 elections,1.0,True,same_election_boundary_set,True,most_recent_completed_presidential_election_on_target_house_boundaries
2016,2016,2012,OH-1,OH,1,Obama,Romney,46.3,52.4,-6.100000000000001,98.69999999999999,Daily Kos Elections presidential results by congressional district,presidential_results_on_2016_districts.csv,Congressional district lines used in the 2016 elections,1.0,True,same_election_boundary_set,True,most_recent_completed_presidential_election_on_target_house_boundaries
2016,2016,2012,OH-10,OH,10,Obama,Romney,48.2,50.1,-1.8999999999999986,98.30000000000001,Daily Kos Elections presidential results by congressional district,presidential_results_on_2016_districts.csv,Congressional district lines used in the 2016 elections,1.0,True,same_election_boundary_set,True,most_recent_completed_presidential_election_on_target_house_boundaries
2016,2016,2012,OH-11,OH,11,Obama,Romney,82.8,16.5,66.3,99.3,Daily Kos Elections presidential results by congressional district,presidential_results_on_2016_districts.csv,Congressional district lines used in the 2016 elections,1.0,True,same_election_boundary_set,True,most_recent_completed_presidential_election_on_target_house_boundaries
2016,2016,2012,OH-12,OH,12,Obama,Romney,43.9,54.4,-10.5,98.3,Daily Kos Elections presidential results by congressional district,presidential_results_on_2016_districts.csv,Congressional district lines used in the 2016 elections,1.0,True,same_election_boundary_set,True,most_recent_completed_presidential_election_on_target_house_boundaries
2016,2016,2012,OH-13,OH,13,Obama,Romney,62.9,35.4,27.5,98.3,Daily Kos Elections presidential results by congressional district,presidential_results_on_2016_districts.csv,Congressional district lines used in the 2016 elections,1.0,True,same_election_boundary_set,True,most_recent_completed_presidential_election_on_target_house_boundaries
2016,2016,2012,OH-14,OH,14,Obama,Romney,47.6,50.9,-3.299999999999997,98.5,Daily Kos Elections presidential results by congressional district,presidential_results_on_2016_districts.csv,Congressional district lines used in the 2016 elections,1.0,True,same_election_boundary_set,True,most_recent_completed_presidential_election_on_target_house_boundaries
2016,2016,2012,OH-15,OH,15,Obama,Romney,46.3,51.9,-5.600000000000001,98.19999999999999,Daily Kos Elections presidential results by congressional district,presidential_results_on_2016_districts.csv,Congressional district lines used in the 2016 elections,1.0,True,same_election_boundary_set,True,most_recent_completed_presidential_election_on_target_house_boundaries
2016,2016,2012,OH-16,OH,16,Obama,Romney,45.2,53.4,-8.199999999999996,98.6,Daily Kos Elections presidential results by congressional district,presidential_results_on_2016_districts.csv,Congressional district lines used in the 2016 elections,1.0,True,same_election_boundary_set,True,most_recent_completed_presidential_election_on_target_house_boundaries
2016,2016,2012,OH-2,OH,2,Obama,Romney,43.7,54.7,-11.0,98.4,Daily Kos Elections presidential results by congressional district,presidential_results_on_2016_districts.csv,Congressional district lines used in the 2016 elections,1.0,True,same_election_boundary_set,True,most_recent_completed_presidential_election_on_target_house_boundaries
2016,2016,2012,OH-3,OH,3,Obama,Romney,69.7,28.9,40.800000000000004,98.6,Daily Kos Elections presidential results by congressional district,presidential_results_on_2016_districts.csv,Congressional district lines used in the 2016 elections,1.0,True,same_election_boundary_set,True,most_recent_completed_presidential_election_on_target_house_boundaries
2016,2016,2012,OH-4,OH,4,Obama,Romney,42.0,56.0,-14.0,98.0,Daily Kos Elections presidential results by congressional district,presidential_results_on_2016_districts.csv,Congressional district lines used in the 2016 elections,1.0,True,same_election_boundary_set,True,most_recent_completed_presidential_election_on_target_house_boundaries
2016,2016,2012,OH-5,OH,5,Obama,Romney,44.1,53.9,-9.799999999999997,98.0,Daily Kos Elections presidential results by congressional district,presidential_results_on_2016_districts.csv,Congressional district lines used in the 2016 elections,1.0,True,same_election_boundary_set,True,most_recent_completed_presidential_election_on_target_house_boundaries
2016,2016,2012,OH-6,OH,6,Obama,Romney,42.7,55.2,-12.5,97.9,Daily Kos Elections presidential results by congressional district,presidential_results_on_2016_districts.csv,Congressional district lines used in the 2016 elections,1.0,True,same_election_boundary_set,True,most_recent_completed_presidential_election_on_target_house_boundaries
2016,2016,2012,OH-7,OH,7,Obama,Romney,44.2,53.7,-9.5,97.9,Daily Kos Elections presidential results by congressional district,presidential_results_on_2016_districts.csv,Congressional district lines used in the 2016 elections,1.0,True,same_election_boundary_set,True,most_recent_completed_presidential_election_on_target_house_boundaries
2016,2016,2012,OH-8,OH,8,Obama,Romney,36.4,61.9,-25.5,98.3,Daily Kos Elections presidential results by congressional district,presidential_results_on_2016_districts.csv,Congressional district lines used in the 2016 elections,1.0,True,same_election_boundary_set,True,most_recent_completed_presidential_election_on_target_house_boundaries
2016,2016,2012,OH-9,OH,9,Obama,Romney,67.6,30.9,36.699999999999996,98.5,Daily Kos Elections presidential results by congressional district,presidential_results_on_2016_districts.csv,Congressional district lines used in the 2016 elections,1.0,True,same_election_boundary_set,True,most_recent_completed_presidential_election_on_target_house_boundaries
2016,2016,2012,OK-1,OK,1,Obama,Romney,34.2,65.8,-31.599999999999994,100.0,Daily Kos Elections presidential results by congressional district,presidential_results_on_2016_districts.csv,Congressional district lines used in the 2016 elections,1.0,True,same_election_boundary_set,True,most_recent_completed_presidential_election_on_target_house_boundaries
2016,2016,2012,OK-2,OK,2,Obama,Romney,32.2,67.8,-35.599999999999994,100.0,Daily Kos Elections presidential results by congressional district,presidential_results_on_2016_districts.csv,Congressional district lines used in the 2016 elections,1.0,True,same_election_boundary_set,True,most_recent_completed_presidential_election_on_target_house_boundaries
2016,2016,2012,OK-3,OK,3,Obama,Romney,26.1,73.9,-47.800000000000004,100.0,Daily Kos Elections presidential results by congressional district,presidential_results_on_2016_districts.csv,Congressional district lines used in the 2016 elections,1.0,True,same_election_boundary_set,True,most_recent_completed_presidential_election_on_target_house_boundaries
2016,2016,2012,OK-4,OK,4,Obama,Romney,32.9,67.1,-34.199999999999996,100.0,Daily Kos Elections presidential results by congressional district,presidential_results_on_2016_districts.csv,Congressional district lines used in the 2016 elections,1.0,True,same_election_boundary_set,True,most_recent_completed_presidential_election_on_target_house_boundaries
2016,2016,2012,OK-5,OK,5,Obama,Romney,40.8,59.2,-18.400000000000006,100.0,Daily Kos Elections presidential results by congressional district,presidential_results_on_2016_districts.csv,Congressional district lines used in the 2016 elections,1.0,True,same_election_boundary_set,True,most_recent_completed_presidential_election_on_target_house_boundaries
2016,2016,2012,OR-1,OR,1,Obama,Romney,57.3,40.0,17.299999999999997,97.3,Daily Kos Elections presidential results by congressional district,presidential_results_on_2016_districts.csv,Congressional district lines used in the 2016 elections,1.0,True,same_election_boundary_set,True,most_recent_completed_presidential_election_on_target_house_boundaries
2016,2016,2012,OR-2,OR,2,Obama,Romney,40.5,56.8,-16.299999999999997,97.3,Daily Kos Elections presidential results by congressional district,presidential_results_on_2016_districts.csv,Congressional district lines used in the 2016 elections,1.0,True,same_election_boundary_set,True,most_recent_completed_presidential_election_on_target_house_boundaries
2016,2016,2012,OR-3,OR,3,Obama,Romney,72.0,24.7,47.3,96.7,Daily Kos Elections presidential results by congressional district,presidential_results_on_2016_districts.csv,Congressional district lines used in the 2016 elections,1.0,True,same_election_boundary_set,True,most_recent_completed_presidential_election_on_target_house_boundaries
2016,2016,2012,OR-4,OR,4,Obama,Romney,51.7,45.0,6.700000000000003,96.7,Daily Kos Elections presidential results by congressional district,presidential_results_on_2016_districts.csv,Congressional district lines used in the 2016 elections,1.0,True,same_election_boundary_set,True,most_recent_completed_presidential_election_on_target_house_boundaries
2016,2016,2012,OR-5,OR,5,Obama,Romney,50.5,47.1,3.3999999999999986,97.6,Daily Kos Elections presidential results by congressional district,presidential_results_on_2016_districts.csv,Congressional district lines used in the 2016 elections,1.0,True,same_election_boundary_set,True,most_recent_completed_presidential_election_on_target_house_boundaries
2016,2016,2012,PA-1,PA,1,Obama,Romney,82.3,16.9,65.4,99.19999999999999,Daily Kos Elections presidential results by congressional district,presidential_results_on_2016_districts.csv,Congressional district lines used in the 2016 elections,1.0,True,same_election_boundary_set,True,most_recent_completed_presidential_election_on_target_house_boundaries
2016,2016,2012,PA-10,PA,10,Obama,Romney,38.4,60.1,-21.700000000000003,98.5,Daily Kos Elections presidential results by congressional district,presidential_results_on_2016_districts.csv,Congressional district lines used in the 2016 elections,1.0,True,same_election_boundary_set,True,most_recent_completed_presidential_election_on_target_house_boundaries
2016,2016,2012,PA-11,PA,11,Obama,Romney,44.5,53.9,-9.399999999999999,98.4,Daily Kos Elections presidential results by congressional district,presidential_results_on_2016_districts.csv,Congressional district lines used in the 2016 elections,1.0,True,same_election_boundary_set,True,most_recent_completed_presidential_election_on_target_house_boundaries
2016,2016,2012,PA-12,PA,12,Obama,Romney,40.9,57.8,-16.9,98.69999999999999,Daily Kos Elections presidential results by congressional district,presidential_results_on_2016_districts.csv,Congressional district lines used in the 2016 elections,1.0,True,same_election_boundary_set,True,most_recent_completed_presidential_election_on_target_house_boundaries
2016,2016,2012,PA-13,PA,13,Obama,Romney,66.2,32.9,33.300000000000004,99.1,Daily Kos Elections presidential results by congressional district,presidential_results_on_2016_districts.csv,Congressional district lines used in the 2016 elections,1.0,True,same_election_boundary_set,True,most_recent_completed_presidential_election_on_target_house_boundaries
2016,2016,2012,PA-14,PA,14,Obama,Romney,68.0,30.6,37.4,98.6,Daily Kos Elections presidential results by congressional district,presidential_results_on_2016_districts.csv,Congressional district lines used in the 2016 elections,1.0,True,same_election_boundary_set,True,most_recent_completed_presidential_election_on_target_house_boundaries
2016,2016,2012,PA-15,PA,15,Obama,Romney,47.9,50.8,-2.8999999999999986,98.69999999999999,Daily Kos Elections presidential results by congressional district,presidential_results_on_2016_districts.csv,Congressional district lines used in the 2016 elections,1.0,True,same_election_boundary_set,True,most_recent_completed_presidential_election_on_target_house_boundaries
2016,2016,2012,PA-16,PA,16,Obama,Romney,46.3,52.4,-6.100000000000001,98.69999999999999,Daily Kos Elections presidential results by congressional district,presidential_results_on_2016_districts.csv,Congressional district lines used in the 2016 elections,1.0,True,same_election_boundary_set,True,most_recent_completed_presidential_election_on_target_house_boundaries
2016,2016,2012,PA-17,PA,17,Obama,Romney,55.4,43.3,12.100000000000001,98.69999999999999,Daily Kos Elections presidential results by congressional district,presidential_results_on_2016_districts.csv,Congressional district lines used in the 2016 elections,1.0,True,same_election_boundary_set,True,most_recent_completed_presidential_election_on_target_house_boundaries
2016,2016,2012,PA-18,PA,18,Obama,Romney,41.0,57.9,-16.9,98.9,Daily Kos Elections presidential results by congressional district,presidential_results_on_2016_districts.csv,Congressional district lines used in the 2016 elections,1.0,True,same_election_boundary_set,True,most_recent_completed_presidential_election_on_target_house_boundaries
2016,2016,2012,PA-2,PA,2,Obama,Romney,90.4,9.0,81.4,99.4,Daily Kos Elections presidential results by congressional district,presidential_results_on_2016_districts.csv,Congressional district lines used in the 2016 elections,1.0,True,same_election_boundary_set,True,most_recent_completed_presidential_election_on_target_house_boundaries
2016,2016,2012,PA-3,PA,3,Obama,Romney,43.0,55.6,-12.600000000000001,98.6,Daily Kos Elections presidential results by congressional district,presidential_results_on_2016_districts.csv,Congressional district lines used in the 2016 elections,1.0,True,same_election_boundary_set,True,most_recent_completed_presidential_election_on_target_house_boundaries
2016,2016,2012,PA-4,PA,4,Obama,Romney,41.5,57.1,-15.600000000000001,98.6,Daily Kos Elections presidential results by congressional district,presidential_results_on_2016_districts.csv,Congressional district lines used in the 2016 elections,1.0,True,same_election_boundary_set,True,most_recent_completed_presidential_election_on_target_house_boundaries
2016,2016,2012,PA-5,PA,5,Obama,Romney,41.5,57.1,-15.600000000000001,98.6,Daily Kos Elections presidential results by congressional district,presidential_results_on_2016_districts.csv,Congressional district lines used in the 2016 elections,1.0,True,same_election_boundary_set,True,most_recent_completed_presidential_election_on_target_house_boundaries
2016,2016,2012,PA-6,PA,6,Obama,Romney,48.1,50.6,-2.5,98.7,Daily Kos Elections presidential results by congressional district,presidential_results_on_2016_districts.csv,Congressional district lines used in the 2016 elections,1.0,True,same_election_boundary_set,True,most_recent_completed_presidential_election_on_target_house_boundaries
2016,2016,2012,PA-7,PA,7,Obama,Romney,48.5,50.4,-1.8999999999999986,98.9,Daily Kos Elections presidential results by congressional district,presidential_results_on_2016_districts.csv,Congressional district lines used in the 2016 elections,1.0,True,same_election_boundary_set,True,most_recent_completed_presidential_election_on_target_house_boundaries
2016,2016,2012,PA-8,PA,8,Obama,Romney,49.3,49.4,-0.10000000000000142,98.69999999999999,Daily Kos Elections presidential results by congressional district,presidential_results_on_2016_districts.csv,Congressional district lines used in the 2016 elections,1.0,True,same_election_boundary_set,True,most_recent_completed_presidential_election_on_target_house_boundaries
2016,2016,2012,PA-9,PA,9,Obama,Romney,35.9,62.8,-26.9,98.69999999999999,Daily Kos Elections presidential results by congressional district,presidential_results_on_2016_districts.csv,Congressional district lines used in the 2016 elections,1.0,True,same_election_boundary_set,True,most_recent_completed_presidential_election_on_target_house_boundaries
2016,2016,2012,RI-1,RI,1,Obama,Romney,66.2,32.2,34.0,98.4,Daily Kos Elections presidential results by congressional district,presidential_results_on_2016_districts.csv,Congressional district lines used in the 2016 elections,1.0,True,same_election_boundary_set,True,most_recent_completed_presidential_election_on_target_house_boundaries
2016,2016,2012,RI-2,RI,2,Obama,Romney,59.8,38.3,21.5,98.1,Daily Kos Elections presidential results by congressional district,presidential_results_on_2016_districts.csv,Congressional district lines used in the 2016 elections,1.0,True,same_election_boundary_set,True,most_recent_completed_presidential_election_on_target_house_boundaries
2016,2016,2012,SC-1,SC,1,Obama,Romney,40.2,58.3,-18.099999999999994,98.5,Daily Kos Elections presidential results by congressional district,presidential_results_on_2016_districts.csv,Congressional district lines used in the 2016 elections,1.0,True,same_election_boundary_set,True,most_recent_completed_presidential_election_on_target_house_boundaries
2016,2016,2012,SC-2,SC,2,Obama,Romney,39.4,59.1,-19.700000000000003,98.5,Daily Kos Elections presidential results by congressional district,presidential_results_on_2016_districts.csv,Congressional district lines used in the 2016 elections,1.0,True,same_election_boundary_set,True,most_recent_completed_presidential_election_on_target_house_boundaries
2016,2016,2012,SC-3,SC,3,Obama,Romney,33.9,64.5,-30.6,98.4,Daily Kos Elections presidential results by congressional district,presidential_results_on_2016_districts.csv,Congressional district lines used in the 2016 elections,1.0,True,same_election_boundary_set,True,most_recent_completed_presidential_election_on_target_house_boundaries
2016,2016,2012,SC-4,SC,4,Obama,Romney,36.2,62.2,-26.0,98.4,Daily Kos Elections presidential results by congressional district,presidential_results_on_2016_districts.csv,Congressional district lines used in the 2016 elections,1.0,True,same_election_boundary_set,True,most_recent_completed_presidential_election_on_target_house_boundaries
2016,2016,2012,SC-5,SC,5,Obama,Romney,43.6,55.1,-11.5,98.7,Daily Kos Elections presidential results by congressional district,presidential_results_on_2016_districts.csv,Congressional district lines used in the 2016 elections,1.0,True,same_election_boundary_set,True,most_recent_completed_presidential_election_on_target_house_boundaries
2016,2016,2012,SC-6,SC,6,Obama,Romney,70.9,28.1,42.800000000000004,99.0,Daily Kos Elections presidential results by congressional district,presidential_results_on_2016_districts.csv,Congressional district lines used in the 2016 elections,1.0,True,same_election_boundary_set,True,most_recent_completed_presidential_election_on_target_house_boundaries
2016,2016,2012,SC-7,SC,7,Obama,Romney,44.4,54.5,-10.100000000000001,98.9,Daily Kos Elections presidential results by congressional district,presidential_results_on_2016_districts.csv,Congressional district lines used in the 2016 elections,1.0,True,same_election_boundary_set,True,most_recent_completed_presidential_election_on_target_house_boundaries
2016,2016,2012,SD-AL,SD,AL,Obama,Romney,39.9,57.9,-18.0,97.8,Daily Kos Elections presidential results by congressional district,presidential_results_on_2016_districts.csv,Congressional district lines used in the 2016 elections,1.0,True,same_election_boundary_set,True,most_recent_completed_presidential_election_on_target_house_boundaries
2016,2016,2012,TN-1,TN,1,Obama,Romney,25.7,72.7,-47.0,98.4,Daily Kos Elections presidential results by congressional district,presidential_results_on_2016_districts.csv,Congressional district lines used in the 2016 elections,1.0,True,same_election_boundary_set,True,most_recent_completed_presidential_election_on_target_house_boundaries
2016,2016,2012,TN-2,TN,2,Obama,Romney,30.9,67.3,-36.4,98.19999999999999,Daily Kos Elections presidential results by congressional district,presidential_results_on_2016_districts.csv,Congressional district lines used in the 2016 elections,1.0,True,same_election_boundary_set,True,most_recent_completed_presidential_election_on_target_house_boundaries
2016,2016,2012,TN-3,TN,3,Obama,Romney,35.1,63.3,-28.199999999999996,98.4,Daily Kos Elections presidential results by congressional district,presidential_results_on_2016_districts.csv,Congressional district lines used in the 2016 elections,1.0,True,same_election_boundary_set,True,most_recent_completed_presidential_election_on_target_house_boundaries
2016,2016,2012,TN-4,TN,4,Obama,Romney,33.1,65.3,-32.199999999999996,98.4,Daily Kos Elections presidential results by congressional district,presidential_results_on_2016_districts.csv,Congressional district lines used in the 2016 elections,1.0,True,same_election_boundary_set,True,most_recent_completed_presidential_election_on_target_house_boundaries
2016,2016,2012,TN-5,TN,5,Obama,Romney,55.9,42.5,13.399999999999999,98.4,Daily Kos Elections presidential results by congressional district,presidential_results_on_2016_districts.csv,Congressional district lines used in the 2016 elections,1.0,True,same_election_boundary_set,True,most_recent_completed_presidential_election_on_target_house_boundaries
2016,2016,2012,TN-6,TN,6,Obama,Romney,29.5,69.1,-39.599999999999994,98.6,Daily Kos Elections presidential results by congressional district,presidential_results_on_2016_districts.csv,Congressional district lines used in the 2016 elections,1.0,True,same_election_boundary_set,True,most_recent_completed_presidential_election_on_target_house_boundaries
2016,2016,2012,TN-7,TN,7,Obama,Romney,32.9,65.7,-32.800000000000004,98.6,Daily Kos Elections presidential results by congressional district,presidential_results_on_2016_districts.csv,Congressional district lines used in the 2016 elections,1.0,True,same_election_boundary_set,True,most_recent_completed_presidential_election_on_target_house_boundaries
2016,2016,2012,TN-8,TN,8,Obama,Romney,32.8,66.1,-33.3,98.89999999999999,Daily Kos Elections presidential results by congressional district,presidential_results_on_2016_districts.csv,Congressional district lines used in the 2016 elections,1.0,True,same_election_boundary_set,True,most_recent_completed_presidential_election_on_target_house_boundaries
2016,2016,2012,TN-9,TN,9,Obama,Romney,78.3,20.9,57.4,99.19999999999999,Daily Kos Elections presidential results by congressional district,presidential_results_on_2016_districts.csv,Congressional district lines used in the 2016 elections,1.0,True,same_election_boundary_set,True,most_recent_completed_presidential_election_on_target_house_boundaries
2016,2016,2012,TX-1,TX,1,Obama,Romney,27.5,71.6,-44.099999999999994,99.1,Daily Kos Elections presidential results by congressional district,presidential_results_on_2016_districts.csv,Congressional district lines used in the 2016 elections,1.0,True,same_election_boundary_set,True,most_recent_completed_presidential_election_on_target_house_boundaries
2016,2016,2012,TX-10,TX,10,Obama,Romney,38.8,59.1,-20.300000000000004,97.9,Daily Kos Elections presidential results by congressional district,presidential_results_on_2016_districts.csv,Congressional district lines used in the 2016 elections,1.0,True,same_election_boundary_set,True,most_recent_completed_presidential_election_on_target_house_boundaries
2016,2016,2012,TX-11,TX,11,Obama,Romney,19.6,79.2,-59.6,98.80000000000001,Daily Kos Elections presidential results by congressional district,presidential_results_on_2016_districts.csv,Congressional district lines used in the 2016 elections,1.0,True,same_election_boundary_set,True,most_recent_completed_presidential_election_on_target_house_boundaries
2016,2016,2012,TX-12,TX,12,Obama,Romney,31.7,66.8,-35.099999999999994,98.5,Daily Kos Elections presidential results by congressional district,presidential_results_on_2016_districts.csv,Congressional district lines used in the 2016 elections,1.0,True,same_election_boundary_set,True,most_recent_completed_presidential_election_on_target_house_boundaries
2016,2016,2012,TX-13,TX,13,Obama,Romney,18.5,80.2,-61.7,98.7,Daily Kos Elections presidential results by congressional district,presidential_results_on_2016_districts.csv,Congressional district lines used in the 2016 elections,1.0,True,same_election_boundary_set,True,most_recent_completed_presidential_election_on_target_house_boundaries
2016,2016,2012,TX-14,TX,14,Obama,Romney,39.5,59.3,-19.799999999999997,98.8,Daily Kos Elections presidential results by congressional district,presidential_results_on_2016_districts.csv,Congressional district lines used in the 2016 elections,1.0,True,same_election_boundary_set,True,most_recent_completed_presidential_election_on_target_house_boundaries
2016,2016,2012,TX-15,TX,15,Obama,Romney,57.4,41.5,15.899999999999999,98.9,Daily Kos Elections presidential results by congressional district,presidential_results_on_2016_districts.csv,Congressional district lines used in the 2016 elections,1.0,True,same_election_boundary_set,True,most_recent_completed_presidential_election_on_target_house_boundaries
2016,2016,2012,TX-16,TX,16,Obama,Romney,64.2,34.5,29.700000000000003,98.7,Daily Kos Elections presidential results by congressional district,presidential_results_on_2016_districts.csv,Congressional district lines used in the 2016 elections,1.0,True,same_election_boundary_set,True,most_recent_completed_presidential_election_on_target_house_boundaries
2016,2016,2012,TX-17,TX,17,Obama,Romney,37.7,60.4,-22.699999999999996,98.1,Daily Kos Elections presidential results by congressional district,presidential_results_on_2016_districts.csv,Congressional district lines used in the 2016 elections,1.0,True,same_election_boundary_set,True,most_recent_completed_presidential_election_on_target_house_boundaries
2016,2016,2012,TX-18,TX,18,Obama,Romney,76.1,22.8,53.3,98.89999999999999,Daily Kos Elections presidential results by congressional district,presidential_results_on_2016_districts.csv,Congressional district lines used in the 2016 elections,1.0,True,same_election_boundary_set,True,most_recent_completed_presidential_election_on_target_house_boundaries
2016,2016,2012,TX-19,TX,19,Obama,Romney,25.0,73.6,-48.599999999999994,98.6,Daily Kos Elections presidential results by congressional district,presidential_results_on_2016_districts.csv,Congressional district lines used in the 2016 elections,1.0,True,same_election_boundary_set,True,most_recent_completed_presidential_election_on_target_house_boundaries
2016,2016,2012,TX-2,TX,2,Obama,Romney,35.6,62.9,-27.299999999999997,98.5,Daily Kos Elections presidential results by congressional district,presidential_results_on_2016_districts.csv,Congressional district lines used in the 2016 elections,1.0,True,same_election_boundary_set,True,most_recent_completed_presidential_election_on_target_house_boundaries
2016,2016,2012,TX-20,TX,20,Obama,Romney,58.9,39.7,19.199999999999996,98.6,Daily Kos Elections presidential results by congressional district,presidential_results_on_2016_districts.csv,Congressional district lines used in the 2016 elections,1.0,True,same_election_boundary_set,True,most_recent_completed_presidential_election_on_target_house_boundaries
2016,2016,2012,TX-21,TX,21,Obama,Romney,37.9,59.8,-21.9,97.69999999999999,Daily Kos Elections presidential results by congressional district,presidential_results_on_2016_districts.csv,Congressional district lines used in the 2016 elections,1.0,True,same_election_boundary_set,True,most_recent_completed_presidential_election_on_target_house_boundaries
2016,2016,2012,TX-22,TX,22,Obama,Romney,36.7,62.1,-25.4,98.80000000000001,Daily Kos Elections presidential results by congressional district,presidential_results_on_2016_districts.csv,Congressional district lines used in the 2016 elections,1.0,True,same_election_boundary_set,True,most_recent_completed_presidential_election_on_target_house_boundaries
2016,2016,2012,TX-23,TX,23,Obama,Romney,48.1,50.7,-2.6000000000000014,98.80000000000001,Daily Kos Elections presidential results by congressional district,presidential_results_on_2016_districts.csv,Congressional district lines used in the 2016 elections,1.0,True,same_election_boundary_set,True,most_recent_completed_presidential_election_on_target_house_boundaries
2016,2016,2012,TX-24,TX,24,Obama,Romney,38.0,60.4,-22.4,98.4,Daily Kos Elections presidential results by congressional district,presidential_results_on_2016_districts.csv,Congressional district lines used in the 2016 elections,1.0,True,same_election_boundary_set,True,most_recent_completed_presidential_election_on_target_house_boundaries
2016,2016,2012,TX-25,TX,25,Obama,Romney,37.8,59.9,-22.1,97.69999999999999,Daily Kos Elections presidential results by congressional district,presidential_results_on_2016_districts.csv,Congressional district lines used in the 2016 elections,1.0,True,same_election_boundary_set,True,most_recent_completed_presidential_election_on_target_house_boundaries
2016,2016,2012,TX-26,TX,26,Obama,Romney,30.7,67.6,-36.89999999999999,98.3,Daily Kos Elections presidential results by congressional district,presidential_results_on_2016_districts.csv,Congressional district lines used in the 2016 elections,1.0,True,same_election_boundary_set,True,most_recent_completed_presidential_election_on_target_house_boundaries
2016,2016,2012,TX-27,TX,27,Obama,Romney,38.2,60.5,-22.299999999999997,98.7,Daily Kos Elections presidential results by congressional district,presidential_results_on_2016_districts.csv,Congressional district lines used in the 2016 elections,1.0,True,same_election_boundary_set,True,most_recent_completed_presidential_election_on_target_house_boundaries
2016,2016,2012,TX-28,TX,28,Obama,Romney,60.3,38.7,21.599999999999994,99.0,Daily Kos Elections presidential results by congressional district,presidential_results_on_2016_districts.csv,Congressional district lines used in the 2016 elections,1.0,True,same_election_boundary_set,True,most_recent_completed_presidential_election_on_target_house_boundaries
2016,2016,2012,TX-29,TX,29,Obama,Romney,65.9,33.0,32.900000000000006,98.9,Daily Kos Elections presidential results by congressional district,presidential_results_on_2016_districts.csv,Congressional district lines used in the 2016 elections,1.0,True,same_election_boundary_set,True,most_recent_completed_presidential_election_on_target_house_boundaries
2016,2016,2012,TX-3,TX,3,Obama,Romney,34.2,64.3,-30.099999999999994,98.5,Daily Kos Elections presidential results by congressional district,presidential_results_on_2016_districts.csv,Congressional district lines used in the 2016 elections,1.0,True,same_election_boundary_set,True,most_recent_completed_presidential_election_on_target_house_boundaries
2016,2016,2012,TX-30,TX,30,Obama,Romney,79.6,19.6,59.99999999999999,99.19999999999999,Daily Kos Elections presidential results by congressional district,presidential_results_on_2016_districts.csv,Congressional district lines used in the 2016 elections,1.0,True,same_election_boundary_set,True,most_recent_completed_presidential_election_on_target_house_boundaries
2016,2016,2012,TX-31,TX,31,Obama,Romney,38.3,59.6,-21.300000000000004,97.9,Daily Kos Elections presidential results by congressional district,presidential_results_on_2016_districts.csv,Congressional district lines used in the 2016 elections,1.0,True,same_election_boundary_set,True,most_recent_completed_presidential_election_on_target_house_boundaries
2016,2016,2012,TX-32,TX,32,Obama,Romney,41.5,57.0,-15.5,98.5,Daily Kos Elections presidential results by congressional district,presidential_results_on_2016_districts.csv,Congressional district lines used in the 2016 elections,1.0,True,same_election_boundary_set,True,most_recent_completed_presidential_election_on_target_house_boundaries
2016,2016,2012,TX-33,TX,33,Obama,Romney,72.0,27.1,44.9,99.1,Daily Kos Elections presidential results by congressional district,presidential_results_on_2016_districts.csv,Congressional district lines used in the 2016 elections,1.0,True,same_election_boundary_set,True,most_recent_completed_presidential_election_on_target_house_boundaries
2016,2016,2012,TX-34,TX,34,Obama,Romney,60.8,38.3,22.5,99.1,Daily Kos Elections presidential results by congressional district,presidential_results_on_2016_districts.csv,Congressional district lines used in the 2016 elections,1.0,True,same_election_boundary_set,True,most_recent_completed_presidential_election_on_target_house_boundaries
2016,2016,2012,TX-35,TX,35,Obama,Romney,63.0,34.6,28.4,97.6,Daily Kos Elections presidential results by congressional district,presidential_results_on_2016_districts.csv,Congressional district lines used in the 2016 elections,1.0,True,same_election_boundary_set,True,most_recent_completed_presidential_election_on_target_house_boundaries
2016,2016,2012,TX-36,TX,36,Obama,Romney,25.7,73.2,-47.5,98.9,Daily Kos Elections presidential results by congressional district,presidential_results_on_2016_districts.csv,Congressional district lines used in the 2016 elections,1.0,True,same_election_boundary_set,True,most_recent_completed_presidential_election_on_target_house_boundaries
2016,2016,2012,TX-4,TX,4,Obama,Romney,24.8,74.0,-49.2,98.8,Daily Kos Elections presidential results by congressional district,presidential_results_on_2016_districts.csv,Congressional district lines used in the 2016 elections,1.0,True,same_election_boundary_set,True,most_recent_completed_presidential_election_on_target_house_boundaries
2016,2016,2012,TX-5,TX,5,Obama,Romney,34.4,64.5,-30.1,98.9,Daily Kos Elections presidential results by congressional district,presidential_results_on_2016_districts.csv,Congressional district lines used in the 2016 elections,1.0,True,same_election_boundary_set,True,most_recent_completed_presidential_election_on_target_house_boundaries
2016,2016,2012,TX-6,TX,6,Obama,Romney,40.8,57.9,-17.1,98.69999999999999,Daily Kos Elections presidential results by congressional district,presidential_results_on_2016_districts.csv,Congressional district lines used in the 2016 elections,1.0,True,same_election_boundary_set,True,most_recent_completed_presidential_election_on_target_house_boundaries
2016,2016,2012,TX-7,TX,7,Obama,Romney,38.6,59.9,-21.299999999999997,98.5,Daily Kos Elections presidential results by congressional district,presidential_results_on_2016_districts.csv,Congressional district lines used in the 2016 elections,1.0,True,same_election_boundary_set,True,most_recent_completed_presidential_election_on_target_house_boundaries
2016,2016,2012,TX-8,TX,8,Obama,Romney,21.7,77.0,-55.3,98.7,Daily Kos Elections presidential results by congressional district,presidential_results_on_2016_districts.csv,Congressional district lines used in the 2016 elections,1.0,True,same_election_boundary_set,True,most_recent_completed_presidential_election_on_target_house_boundaries
2016,2016,2012,TX-9,TX,9,Obama,Romney,78.0,21.1,56.9,99.1,Daily Kos Elections presidential results by congressional district,presidential_results_on_2016_districts.csv,Congressional district lines used in the 2016 elections,1.0,True,same_election_boundary_set,True,most_recent_completed_presidential_election_on_target_house_boundaries
2016,2016,2012,UT-1,UT,1,Obama,Romney,20.4,77.4,-57.00000000000001,97.80000000000001,Daily Kos Elections presidential results by congressional district,presidential_results_on_2016_districts.csv,Congressional district lines used in the 2016 elections,1.0,True,same_election_boundary_set,True,most_recent_completed_presidential_election_on_target_house_boundaries
2016,2016,2012,UT-2,UT,2,Obama,Romney,29.2,68.0,-38.8,97.2,Daily Kos Elections presidential results by congressional district,presidential_results_on_2016_districts.csv,Congressional district lines used in the 2016 elections,1.0,True,same_election_boundary_set,True,most_recent_completed_presidential_election_on_target_house_boundaries
2016,2016,2012,UT-3,UT,3,Obama,Romney,19.5,78.3,-58.8,97.8,Daily Kos Elections presidential results by congressional district,presidential_results_on_2016_districts.csv,Congressional district lines used in the 2016 elections,1.0,True,same_election_boundary_set,True,most_recent_completed_presidential_election_on_target_house_boundaries
2016,2016,2012,UT-4,UT,4,Obama,Romney,30.2,67.2,-37.0,97.4,Daily Kos Elections presidential results by congressional district,presidential_results_on_2016_districts.csv,Congressional district lines used in the 2016 elections,1.0,True,same_election_boundary_set,True,most_recent_completed_presidential_election_on_target_house_boundaries
2016,2016,2012,VA-1,VA,1,Obama,Romney,43.4,55.3,-11.899999999999999,98.69999999999999,Daily Kos Elections presidential results by congressional district,presidential_results_on_2016_districts.csv,Congressional district lines used in the 2016 elections,1.0,True,same_election_boundary_set,True,most_recent_completed_presidential_election_on_target_house_boundaries
2016,2016,2012,VA-10,VA,10,Obama,Romney,48.8,49.9,-1.1000000000000014,98.69999999999999,Daily Kos Elections presidential results by congressional district,presidential_results_on_2016_districts.csv,Congressional district lines used in the 2016 elections,1.0,True,same_election_boundary_set,True,most_recent_completed_presidential_election_on_target_house_boundaries
2016,2016,2012,VA-11,VA,11,Obama,Romney,62.5,36.3,26.200000000000003,98.8,Daily Kos Elections presidential results by congressional district,presidential_results_on_2016_districts.csv,Congressional district lines used in the 2016 elections,1.0,True,same_election_boundary_set,True,most_recent_completed_presidential_election_on_target_house_boundaries
2016,2016,2012,VA-2,VA,2,Obama,Romney,48.2,50.5,-2.299999999999997,98.7,Daily Kos Elections presidential results by congressional district,presidential_results_on_2016_districts.csv,Congressional district lines used in the 2016 elections,1.0,True,same_election_boundary_set,True,most_recent_completed_presidential_election_on_target_house_boundaries
2016,2016,2012,VA-3,VA,3,Obama,Romney,67.6,31.3,36.3,98.89999999999999,Daily Kos Elections presidential results by congressional district,presidential_results_on_2016_districts.csv,Congressional district lines used in the 2016 elections,1.0,True,same_election_boundary_set,True,most_recent_completed_presidential_election_on_target_house_boundaries
2016,2016,2012,VA-4,VA,4,Obama,Romney,60.3,38.5,21.799999999999997,98.8,Daily Kos Elections presidential results by congressional district,presidential_results_on_2016_districts.csv,Congressional district lines used in the 2016 elections,1.0,True,same_election_boundary_set,True,most_recent_completed_presidential_election_on_target_house_boundaries
2016,2016,2012,VA-5,VA,5,Obama,Romney,45.9,52.5,-6.600000000000001,98.4,Daily Kos Elections presidential results by congressional district,presidential_results_on_2016_districts.csv,Congressional district lines used in the 2016 elections,1.0,True,same_election_boundary_set,True,most_recent_completed_presidential_election_on_target_house_boundaries
2016,2016,2012,VA-6,VA,6,Obama,Romney,39.5,58.8,-19.299999999999997,98.3,Daily Kos Elections presidential results by congressional district,presidential_results_on_2016_districts.csv,Congressional district lines used in the 2016 elections,1.0,True,same_election_boundary_set,True,most_recent_completed_presidential_election_on_target_house_boundaries
2016,2016,2012,VA-7,VA,7,Obama,Romney,44.1,54.6,-10.5,98.7,Daily Kos Elections presidential results by congressional district,presidential_results_on_2016_districts.csv,Congressional district lines used in the 2016 elections,1.0,True,same_election_boundary_set,True,most_recent_completed_presidential_election_on_target_house_boundaries
2016,2016,2012,VA-8,VA,8,Obama,Romney,67.8,31.0,36.8,98.8,Daily Kos Elections presidential results by congressional district,presidential_results_on_2016_districts.csv,Congressional district lines used in the 2016 elections,1.0,True,same_election_boundary_set,True,most_recent_completed_presidential_election_on_target_house_boundaries
2016,2016,2012,VA-9,VA,9,Obama,Romney,34.9,63.1,-28.200000000000003,98.0,Daily Kos Elections presidential results by congressional district,presidential_results_on_2016_districts.csv,Congressional district lines used in the 2016 elections,1.0,True,same_election_boundary_set,True,most_recent_completed_presidential_election_on_target_house_boundaries
2016,2016,2012,VT-AL,VT,AL,Obama,Romney,67.0,31.2,35.8,98.2,Daily Kos Elections presidential results by congressional district,presidential_results_on_2016_districts.csv,Congressional district lines used in the 2016 elections,1.0,True,same_election_boundary_set,True,most_recent_completed_presidential_election_on_target_house_boundaries
2016,2016,2012,WA-1,WA,1,Obama,Romney,54.1,43.3,10.800000000000004,97.4,Daily Kos Elections presidential results by congressional district,presidential_results_on_2016_districts.csv,Congressional district lines used in the 2016 elections,1.0,True,same_election_boundary_set,True,most_recent_completed_presidential_election_on_target_house_boundaries
2016,2016,2012,WA-10,WA,10,Obama,Romney,56.3,41.1,15.199999999999996,97.4,Daily Kos Elections presidential results by congressional district,presidential_results_on_2016_districts.csv,Congressional district lines used in the 2016 elections,1.0,True,same_election_boundary_set,True,most_recent_completed_presidential_election_on_target_house_boundaries
2016,2016,2012,WA-2,WA,2,Obama,Romney,59.2,38.0,21.200000000000003,97.2,Daily Kos Elections presidential results by congressional district,presidential_results_on_2016_districts.csv,Congressional district lines used in the 2016 elections,1.0,True,same_election_boundary_set,True,most_recent_completed_presidential_election_on_target_house_boundaries
2016,2016,2012,WA-3,WA,3,Obama,Romney,47.9,49.6,-1.7000000000000028,97.5,Daily Kos Elections presidential results by congressional district,presidential_results_on_2016_districts.csv,Congressional district lines used in the 2016 elections,1.0,True,same_election_boundary_set,True,most_recent_completed_presidential_election_on_target_house_boundaries
2016,2016,2012,WA-4,WA,4,Obama,Romney,37.9,59.7,-21.800000000000004,97.6,Daily Kos Elections presidential results by congressional district,presidential_results_on_2016_districts.csv,Congressional district lines used in the 2016 elections,1.0,True,same_election_boundary_set,True,most_recent_completed_presidential_election_on_target_house_boundaries
2016,2016,2012,WA-5,WA,5,Obama,Romney,43.7,53.5,-9.799999999999997,97.2,Daily Kos Elections presidential results by congressional district,presidential_results_on_2016_districts.csv,Congressional district lines used in the 2016 elections,1.0,True,same_election_boundary_set,True,most_recent_completed_presidential_election_on_target_house_boundaries
2016,2016,2012,WA-6,WA,6,Obama,Romney,56.1,41.2,14.899999999999999,97.30000000000001,Daily Kos Elections presidential results by congressional district,presidential_results_on_2016_districts.csv,Congressional district lines used in the 2016 elections,1.0,True,same_election_boundary_set,True,most_recent_completed_presidential_election_on_target_house_boundaries
2016,2016,2012,WA-7,WA,7,Obama,Romney,79.2,18.1,61.1,97.30000000000001,Daily Kos Elections presidential results by congressional district,presidential_results_on_2016_districts.csv,Congressional district lines used in the 2016 elections,1.0,True,same_election_boundary_set,True,most_recent_completed_presidential_election_on_target_house_boundaries
2016,2016,2012,WA-8,WA,8,Obama,Romney,49.7,48.1,1.6000000000000014,97.80000000000001,Daily Kos Elections presidential results by congressional district,presidential_results_on_2016_districts.csv,Congressional district lines used in the 2016 elections,1.0,True,same_election_boundary_set,True,most_recent_completed_presidential_election_on_target_house_boundaries
2016,2016,2012,WA-9,WA,9,Obama,Romney,68.3,29.6,38.699999999999996,97.9,Daily Kos Elections presidential results by congressional district,presidential_results_on_2016_districts.csv,Congressional district lines used in the 2016 elections,1.0,True,same_election_boundary_set,True,most_recent_completed_presidential_election_on_target_house_boundaries
2016,2016,2012,WI-1,WI,1,Obama,Romney,47.4,51.6,-4.200000000000003,99.0,Daily Kos Elections presidential results by congressional district,presidential_results_on_2016_districts.csv,Congressional district lines used in the 2016 elections,1.0,True,same_election_boundary_set,True,most_recent_completed_presidential_election_on_target_house_boundaries
2016,2016,2012,WI-2,WI,2,Obama,Romney,68.3,30.5,37.8,98.8,Daily Kos Elections presidential results by congressional district,presidential_results_on_2016_districts.csv,Congressional district lines used in the 2016 elections,1.0,True,same_election_boundary_set,True,most_recent_completed_presidential_election_on_target_house_boundaries
2016,2016,2012,WI-3,WI,3,Obama,Romney,54.8,43.8,11.0,98.6,Daily Kos Elections presidential results by congressional district,presidential_results_on_2016_districts.csv,Congressional district lines used in the 2016 elections,1.0,True,same_election_boundary_set,True,most_recent_completed_presidential_election_on_target_house_boundaries
2016,2016,2012,WI-4,WI,4,Obama,Romney,75.3,23.8,51.5,99.1,Daily Kos Elections presidential results by congressional district,presidential_results_on_2016_districts.csv,Congressional district lines used in the 2016 elections,1.0,True,same_election_boundary_set,True,most_recent_completed_presidential_election_on_target_house_boundaries
2016,2016,2012,WI-5,WI,5,Obama,Romney,37.7,61.3,-23.599999999999994,99.0,Daily Kos Elections presidential results by congressional district,presidential_results_on_2016_districts.csv,Congressional district lines used in the 2016 elections,1.0,True,same_election_boundary_set,True,most_recent_completed_presidential_election_on_target_house_boundaries
2016,2016,2012,WI-6,WI,6,Obama,Romney,45.8,53.1,-7.300000000000004,98.9,Daily Kos Elections presidential results by congressional district,presidential_results_on_2016_districts.csv,Congressional district lines used in the 2016 elections,1.0,True,same_election_boundary_set,True,most_recent_completed_presidential_election_on_target_house_boundaries
2016,2016,2012,WI-7,WI,7,Obama,Romney,47.8,50.9,-3.1000000000000014,98.69999999999999,Daily Kos Elections presidential results by congressional district,presidential_results_on_2016_districts.csv,Congressional district lines used in the 2016 elections,1.0,True,same_election_boundary_set,True,most_recent_completed_presidential_election_on_target_house_boundaries
2016,2016,2012,WI-8,WI,8,Obama,Romney,47.6,51.3,-3.6999999999999957,98.9,Daily Kos Elections presidential results by congressional district,presidential_results_on_2016_districts.csv,Congressional district lines used in the 2016 elections,1.0,True,same_election_boundary_set,True,most_recent_completed_presidential_election_on_target_house_boundaries
2016,2016,2012,WV-1,WV,1,Obama,Romney,35.5,62.2,-26.700000000000003,97.7,Daily Kos Elections presidential results by congressional district,presidential_results_on_2016_districts.csv,Congressional district lines used in the 2016 elections,1.0,True,same_election_boundary_set,True,most_recent_completed_presidential_election_on_target_house_boundaries
2016,2016,2012,WV-2,WV,2,Obama,Romney,38.0,60.0,-22.0,98.0,Daily Kos Elections presidential results by congressional district,presidential_results_on_2016_districts.csv,Congressional district lines used in the 2016 elections,1.0,True,same_election_boundary_set,True,most_recent_completed_presidential_election_on_target_house_boundaries
2016,2016,2012,WV-3,WV,3,Obama,Romney,32.8,65.0,-32.2,97.8,Daily Kos Elections presidential results by congressional district,presidential_results_on_2016_districts.csv,Congressional district lines used in the 2016 elections,1.0,True,same_election_boundary_set,True,most_recent_completed_presidential_election_on_target_house_boundaries
2016,2016,2012,WY-AL,WY,AL,Obama,Romney,27.6,68.2,-40.6,95.80000000000001,Daily Kos Elections presidential results by congressional district,presidential_results_on_2016_districts.csv,Congressional district lines used in the 2016 elections,1.0,True,same_election_boundary_set,True,most_recent_completed_presidential_election_on_target_house_boundaries
2018,2018,2016,AK-AL,AK,AL,Clinton,Trump,37.6,52.8,-15.199999999999996,90.4,Daily Kos Elections presidential results by congressional district,presidential_results_on_2018_districts.csv,Congressional district lines used in the 2018 elections,1.0,True,same_election_boundary_set,True,most_recent_completed_presidential_election_on_target_house_boundaries
2018,2018,2016,AL-1,AL,1,Clinton,Trump,34.1,63.5,-29.4,97.6,Daily Kos Elections presidential results by congressional district,presidential_results_on_2018_districts.csv,Congressional district lines used in the 2018 elections,1.0,True,same_election_boundary_set,True,most_recent_completed_presidential_election_on_target_house_boundaries
2018,2018,2016,AL-2,AL,2,Clinton,Trump,33.0,64.9,-31.900000000000006,97.9,Daily Kos Elections presidential results by congressional district,presidential_results_on_2018_districts.csv,Congressional district lines used in the 2018 elections,1.0,True,same_election_boundary_set,True,most_recent_completed_presidential_election_on_target_house_boundaries
2018,2018,2016,AL-3,AL,3,Clinton,Trump,32.3,65.3,-33.0,97.6,Daily Kos Elections presidential results by congressional district,presidential_results_on_2018_districts.csv,Congressional district lines used in the 2018 elections,1.0,True,same_election_boundary_set,True,most_recent_completed_presidential_election_on_target_house_boundaries
2018,2018,2016,AL-4,AL,4,Clinton,Trump,17.4,80.4,-63.00000000000001,97.80000000000001,Daily Kos Elections presidential results by congressional district,presidential_results_on_2018_districts.csv,Congressional district lines used in the 2018 elections,1.0,True,same_election_boundary_set,True,most_recent_completed_presidential_election_on_target_house_boundaries
2018,2018,2016,AL-5,AL,5,Clinton,Trump,31.3,64.7,-33.400000000000006,96.0,Daily Kos Elections presidential results by congressional district,presidential_results_on_2018_districts.csv,Congressional district lines used in the 2018 elections,1.0,True,same_election_boundary_set,True,most_recent_completed_presidential_election_on_target_house_boundaries
2018,2018,2016,AL-6,AL,6,Clinton,Trump,26.1,70.8,-44.699999999999996,96.9,Daily Kos Elections presidential results by congressional district,presidential_results_on_2018_districts.csv,Congressional district lines used in the 2018 elections,1.0,True,same_election_boundary_set,True,most_recent_completed_presidential_election_on_target_house_boundaries
2018,2018,2016,AL-7,AL,7,Clinton,Trump,69.8,28.6,41.199999999999996,98.4,Daily Kos Elections presidential results by congressional district,presidential_results_on_2018_districts.csv,Congressional district lines used in the 2018 elections,1.0,True,same_election_boundary_set,True,most_recent_completed_presidential_election_on_target_house_boundaries
2018,2018,2016,AR-1,AR,1,Clinton,Trump,30.2,65.0,-34.8,95.2,Daily Kos Elections presidential results by congressional district,presidential_results_on_2018_districts.csv,Congressional district lines used in the 2018 elections,1.0,True,same_election_boundary_set,True,most_recent_completed_presidential_election_on_target_house_boundaries
2018,2018,2016,AR-2,AR,2,Clinton,Trump,41.7,52.4,-10.699999999999996,94.1,Daily Kos Elections presidential results by congressional district,presidential_results_on_2018_districts.csv,Congressional district lines used in the 2018 elections,1.0,True,same_election_boundary_set,True,most_recent_completed_presidential_election_on_target_house_boundaries
2018,2018,2016,AR-3,AR,3,Clinton,Trump,30.5,61.9,-31.4,92.4,Daily Kos Elections presidential results by congressional district,presidential_results_on_2018_districts.csv,Congressional district lines used in the 2018 elections,1.0,True,same_election_boundary_set,True,most_recent_completed_presidential_election_on_target_house_boundaries
2018,2018,2016,AR-4,AR,4,Clinton,Trump,31.3,64.2,-32.900000000000006,95.5,Daily Kos Elections presidential results by congressional district,presidential_results_on_2018_districts.csv,Congressional district lines used in the 2018 elections,1.0,True,same_election_boundary_set,True,most_recent_completed_presidential_election_on_target_house_boundaries
2018,2018,2016,AZ-1,AZ,1,Clinton,Trump,46.6,47.7,-1.1000000000000014,94.30000000000001,Daily Kos Elections presidential results by congressional district,presidential_results_on_2018_districts.csv,Congressional district lines used in the 2018 elections,1.0,True,same_election_boundary_set,True,most_recent_completed_presidential_election_on_target_house_boundaries
2018,2018,2016,AZ-2,AZ,2,Clinton,Trump,49.6,44.7,4.899999999999999,94.30000000000001,Daily Kos Elections presidential results by congressional district,presidential_results_on_2018_districts.csv,Congressional district lines used in the 2018 elections,1.0,True,same_election_boundary_set,True,most_recent_completed_presidential_election_on_target_house_boundaries
2018,2018,2016,AZ-3,AZ,3,Clinton,Trump,62.4,32.5,29.9,94.9,Daily Kos Elections presidential results by congressional district,presidential_results_on_2018_districts.csv,Congressional district lines used in the 2018 elections,1.0,True,same_election_boundary_set,True,most_recent_completed_presidential_election_on_target_house_boundaries
2018,2018,2016,AZ-4,AZ,4,Clinton,Trump,27.5,67.7,-40.2,95.2,Daily Kos Elections presidential results by congressional district,presidential_results_on_2018_districts.csv,Congressional district lines used in the 2018 elections,1.0,True,same_election_boundary_set,True,most_recent_completed_presidential_election_on_target_house_boundaries
2018,2018,2016,AZ-5,AZ,5,Clinton,Trump,36.5,57.6,-21.1,94.1,Daily Kos Elections presidential results by congressional district,presidential_results_on_2018_districts.csv,Congressional district lines used in the 2018 elections,1.0,True,same_election_boundary_set,True,most_recent_completed_presidential_election_on_target_house_boundaries
2018,2018,2016,AZ-6,AZ,6,Clinton,Trump,42.4,52.4,-10.0,94.8,Daily Kos Elections presidential results by congressional district,presidential_results_on_2018_districts.csv,Congressional district lines used in the 2018 elections,1.0,True,same_election_boundary_set,True,most_recent_completed_presidential_election_on_target_house_boundaries
2018,2018,2016,AZ-7,AZ,7,Clinton,Trump,71.8,22.6,49.199999999999996,94.4,Daily Kos Elections presidential results by congressional district,presidential_results_on_2018_districts.csv,Congressional district lines used in the 2018 elections,1.0,True,same_election_boundary_set,True,most_recent_completed_presidential_election_on_target_house_boundaries
2018,2018,2016,AZ-8,AZ,8,Clinton,Trump,37.0,58.1,-21.1,95.1,Daily Kos Elections presidential results by congressional district,presidential_results_on_2018_districts.csv,Congressional district lines used in the 2018 elections,1.0,True,same_election_boundary_set,True,most_recent_completed_presidential_election_on_target_house_boundaries
2018,2018,2016,AZ-9,AZ,9,Clinton,Trump,54.7,38.4,16.300000000000004,93.1,Daily Kos Elections presidential results by congressional district,presidential_results_on_2018_districts.csv,Congressional district lines used in the 2018 elections,1.0,True,same_election_boundary_set,True,most_recent_completed_presidential_election_on_target_house_boundaries
2018,2018,2016,CA-1,CA,1,Clinton,Trump,36.5,56.2,-19.700000000000003,92.7,Daily Kos Elections presidential results by congressional district,presidential_results_on_2018_districts.csv,Congressional district lines used in the 2018 elections,1.0,True,same_election_boundary_set,True,most_recent_completed_presidential_election_on_target_house_boundaries
2018,2018,2016,CA-10,CA,10,Clinton,Trump,48.5,45.5,3.0,94.0,Daily Kos Elections presidential results by congressional district,presidential_results_on_2018_districts.csv,Congressional district lines used in the 2018 elections,1.0,True,same_election_boundary_set,True,most_recent_completed_presidential_election_on_target_house_boundaries
2018,2018,2016,CA-11,CA,11,Clinton,Trump,71.5,22.7,48.8,94.2,Daily Kos Elections presidential results by congressional district,presidential_results_on_2018_districts.csv,Congressional district lines used in the 2018 elections,1.0,True,same_election_boundary_set,True,most_recent_completed_presidential_election_on_target_house_boundaries
2018,2018,2016,CA-12,CA,12,Clinton,Trump,86.2,8.7,77.5,94.9,Daily Kos Elections presidential results by congressional district,presidential_results_on_2018_districts.csv,Congressional district lines used in the 2018 elections,1.0,True,same_election_boundary_set,True,most_recent_completed_presidential_election_on_target_house_boundaries
2018,2018,2016,CA-13,CA,13,Clinton,Trump,87.4,6.8,80.60000000000001,94.2,Daily Kos Elections presidential results by congressional district,presidential_results_on_2018_districts.csv,Congressional district lines used in the 2018 elections,1.0,True,same_election_boundary_set,True,most_recent_completed_presidential_election_on_target_house_boundaries
2018,2018,2016,CA-14,CA,14,Clinton,Trump,76.9,18.2,58.7,95.10000000000001,Daily Kos Elections presidential results by congressional district,presidential_results_on_2018_districts.csv,Congressional district lines used in the 2018 elections,1.0,True,same_election_boundary_set,True,most_recent_completed_presidential_election_on_target_house_boundaries
2018,2018,2016,CA-15,CA,15,Clinton,Trump,69.9,24.2,45.7,94.10000000000001,Daily Kos Elections presidential results by congressional district,presidential_results_on_2018_districts.csv,Congressional district lines used in the 2018 elections,1.0,True,same_election_boundary_set,True,most_recent_completed_presidential_election_on_target_house_boundaries
2018,2018,2016,CA-16,CA,16,Clinton,Trump,58.0,36.4,21.6,94.4,Daily Kos Elections presidential results by congressional district,presidential_results_on_2018_districts.csv,Congressional district lines used in the 2018 elections,1.0,True,same_election_boundary_set,True,most_recent_completed_presidential_election_on_target_house_boundaries
2018,2018,2016,CA-17,CA,17,Clinton,Trump,73.9,20.5,53.400000000000006,94.4,Daily Kos Elections presidential results by congressional district,presidential_results_on_2018_districts.csv,Congressional district lines used in the 2018 elections,1.0,True,same_election_boundary_set,True,most_recent_completed_presidential_election_on_target_house_boundaries
2018,2018,2016,CA-18,CA,18,Clinton,Trump,73.4,20.2,53.2,93.60000000000001,Daily Kos Elections presidential results by congressional district,presidential_results_on_2018_districts.csv,Congressional district lines used in the 2018 elections,1.0,True,same_election_boundary_set,True,most_recent_completed_presidential_election_on_target_house_boundaries
2018,2018,2016,CA-19,CA,19,Clinton,Trump,72.9,21.5,51.400000000000006,94.4,Daily Kos Elections presidential results by congressional district,presidential_results_on_2018_districts.csv,Congressional district lines used in the 2018 elections,1.0,True,same_election_boundary_set,True,most_recent_completed_presidential_election_on_target_house_boundaries
2018,2018,2016,CA-2,CA,2,Clinton,Trump,69.0,23.3,45.7,92.3,Daily Kos Elections presidential results by congressional district,presidential_results_on_2018_districts.csv,Congressional district lines used in the 2018 elections,1.0,True,same_election_boundary_set,True,most_recent_completed_presidential_election_on_target_house_boundaries
2018,2018,2016,CA-20,CA,20,Clinton,Trump,70.4,23.2,47.2,93.60000000000001,Daily Kos Elections presidential results by congressional district,presidential_results_on_2018_districts.csv,Congressional district lines used in the 2018 elections,1.0,True,same_election_boundary_set,True,most_recent_completed_presidential_election_on_target_house_boundaries
2018,2018,2016,CA-21,CA,21,Clinton,Trump,55.2,39.7,15.5,94.9,Daily Kos Elections presidential results by congressional district,presidential_results_on_2018_districts.csv,Congressional district lines used in the 2018 elections,1.0,True,same_election_boundary_set,True,most_recent_completed_presidential_election_on_target_house_boundaries
2018,2018,2016,CA-22,CA,22,Clinton,Trump,42.6,52.1,-9.5,94.7,Daily Kos Elections presidential results by congressional district,presidential_results_on_2018_districts.csv,Congressional district lines used in the 2018 elections,1.0,True,same_election_boundary_set,True,most_recent_completed_presidential_election_on_target_house_boundaries
2018,2018,2016,CA-23,CA,23,Clinton,Trump,36.1,58.1,-22.0,94.2,Daily Kos Elections presidential results by congressional district,presidential_results_on_2018_districts.csv,Congressional district lines used in the 2018 elections,1.0,True,same_election_boundary_set,True,most_recent_completed_presidential_election_on_target_house_boundaries
2018,2018,2016,CA-24,CA,24,Clinton,Trump,56.7,36.5,20.200000000000003,93.2,Daily Kos Elections presidential results by congressional district,presidential_results_on_2018_districts.csv,Congressional district lines used in the 2018 elections,1.0,True,same_election_boundary_set,True,most_recent_completed_presidential_election_on_target_house_boundaries
2018,2018,2016,CA-25,CA,25,Clinton,Trump,50.3,43.6,6.699999999999996,93.9,Daily Kos Elections presidential results by congressional district,presidential_results_on_2018_districts.csv,Congressional district lines used in the 2018 elections,1.0,True,same_election_boundary_set,True,most_recent_completed_presidential_election_on_target_house_boundaries
2018,2018,2016,CA-26,CA,26,Clinton,Trump,57.9,36.0,21.9,93.9,Daily Kos Elections presidential results by congressional district,presidential_results_on_2018_districts.csv,Congressional district lines used in the 2018 elections,1.0,True,same_election_boundary_set,True,most_recent_completed_presidential_election_on_target_house_boundaries
2018,2018,2016,CA-27,CA,27,Clinton,Trump,66.0,28.4,37.6,94.4,Daily Kos Elections presidential results by congressional district,presidential_results_on_2018_districts.csv,Congressional district lines used in the 2018 elections,1.0,True,same_election_boundary_set,True,most_recent_completed_presidential_election_on_target_house_boundaries
2018,2018,2016,CA-28,CA,28,Clinton,Trump,72.1,22.3,49.8,94.39999999999999,Daily Kos Elections presidential results by congressional district,presidential_results_on_2018_districts.csv,Congressional district lines used in the 2018 elections,1.0,True,same_election_boundary_set,True,most_recent_completed_presidential_election_on_target_house_boundaries
2018,2018,2016,CA-29,CA,29,Clinton,Trump,77.7,16.8,60.900000000000006,94.5,Daily Kos Elections presidential results by congressional district,presidential_results_on_2018_districts.csv,Congressional district lines used in the 2018 elections,1.0,True,same_election_boundary_set,True,most_recent_completed_presidential_election_on_target_house_boundaries
2018,2018,2016,CA-3,CA,3,Clinton,Trump,53.0,40.4,12.600000000000001,93.4,Daily Kos Elections presidential results by congressional district,presidential_results_on_2018_districts.csv,Congressional district lines used in the 2018 elections,1.0,True,same_election_boundary_set,True,most_recent_completed_presidential_election_on_target_house_boundaries
2018,2018,2016,CA-30,CA,30,Clinton,Trump,69.1,25.7,43.39999999999999,94.8,Daily Kos Elections presidential results by congressional district,presidential_results_on_2018_districts.csv,Congressional district lines used in the 2018 elections,1.0,True,same_election_boundary_set,True,most_recent_completed_presidential_election_on_target_house_boundaries
2018,2018,2016,CA-31,CA,31,Clinton,Trump,57.7,36.6,21.1,94.30000000000001,Daily Kos Elections presidential results by congressional district,presidential_results_on_2018_districts.csv,Congressional district lines used in the 2018 elections,1.0,True,same_election_boundary_set,True,most_recent_completed_presidential_election_on_target_house_boundaries
2018,2018,2016,CA-32,CA,32,Clinton,Trump,66.6,27.7,38.89999999999999,94.3,Daily Kos Elections presidential results by congressional district,presidential_results_on_2018_districts.csv,Congressional district lines used in the 2018 elections,1.0,True,same_election_boundary_set,True,most_recent_completed_presidential_election_on_target_house_boundaries
2018,2018,2016,CA-33,CA,33,Clinton,Trump,67.8,26.5,41.3,94.3,Daily Kos Elections presidential results by congressional district,presidential_results_on_2018_districts.csv,Congressional district lines used in the 2018 elections,1.0,True,same_election_boundary_set,True,most_recent_completed_presidential_election_on_target_house_boundaries
2018,2018,2016,CA-34,CA,34,Clinton,Trump,83.6,10.7,72.89999999999999,94.3,Daily Kos Elections presidential results by congressional district,presidential_results_on_2018_districts.csv,Congressional district lines used in the 2018 elections,1.0,True,same_election_boundary_set,True,most_recent_completed_presidential_election_on_target_house_boundaries
2018,2018,2016,CA-35,CA,35,Clinton,Trump,67.7,26.9,40.800000000000004,94.6,Daily Kos Elections presidential results by congressional district,presidential_results_on_2018_districts.csv,Congressional district lines used in the 2018 elections,1.0,True,same_election_boundary_set,True,most_recent_completed_presidential_election_on_target_house_boundaries
2018,2018,2016,CA-36,CA,36,Clinton,Trump,52.2,43.4,8.800000000000004,95.6,Daily Kos Elections presidential results by congressional district,presidential_results_on_2018_districts.csv,Congressional district lines used in the 2018 elections,1.0,True,same_election_boundary_set,True,most_recent_completed_presidential_election_on_target_house_boundaries
2018,2018,2016,CA-37,CA,37,Clinton,Trump,85.7,9.6,76.10000000000001,95.3,Daily Kos Elections presidential results by congressional district,presidential_results_on_2018_districts.csv,Congressional district lines used in the 2018 elections,1.0,True,same_election_boundary_set,True,most_recent_completed_presidential_election_on_target_house_boundaries
2018,2018,2016,CA-38,CA,38,Clinton,Trump,67.0,27.4,39.6,94.4,Daily Kos Elections presidential results by congressional district,presidential_results_on_2018_districts.csv,Congressional district lines used in the 2018 elections,1.0,True,same_election_boundary_set,True,most_recent_completed_presidential_election_on_target_house_boundaries
2018,2018,2016,CA-39,CA,39,Clinton,Trump,51.5,42.9,8.600000000000001,94.4,Daily Kos Elections presidential results by congressional district,presidential_results_on_2018_districts.csv,Congressional district lines used in the 2018 elections,1.0,True,same_election_boundary_set,True,most_recent_completed_presidential_election_on_target_house_boundaries
2018,2018,2016,CA-4,CA,4,Clinton,Trump,39.3,54.0,-14.700000000000003,93.3,Daily Kos Elections presidential results by congressional district,presidential_results_on_2018_districts.csv,Congressional district lines used in the 2018 elections,1.0,True,same_election_boundary_set,True,most_recent_completed_presidential_election_on_target_house_boundaries
2018,2018,2016,CA-40,CA,40,Clinton,Trump,82.2,12.8,69.4,95.0,Daily Kos Elections presidential results by congressional district,presidential_results_on_2018_districts.csv,Congressional district lines used in the 2018 elections,1.0,True,same_election_boundary_set,True,most_recent_completed_presidential_election_on_target_house_boundaries
2018,2018,2016,CA-41,CA,41,Clinton,Trump,61.0,33.1,27.9,94.1,Daily Kos Elections presidential results by congressional district,presidential_results_on_2018_districts.csv,Congressional district lines used in the 2018 elections,1.0,True,same_election_boundary_set,True,most_recent_completed_presidential_election_on_target_house_boundaries
2018,2018,2016,CA-42,CA,42,Clinton,Trump,41.4,53.4,-12.0,94.8,Daily Kos Elections presidential results by congressional district,presidential_results_on_2018_districts.csv,Congressional district lines used in the 2018 elections,1.0,True,same_election_boundary_set,True,most_recent_completed_presidential_election_on_target_house_boundaries
2018,2018,2016,CA-43,CA,43,Clinton,Trump,78.4,16.7,61.7,95.10000000000001,Daily Kos Elections presidential results by congressional district,presidential_results_on_2018_districts.csv,Congressional district lines used in the 2018 elections,1.0,True,same_election_boundary_set,True,most_recent_completed_presidential_election_on_target_house_boundaries
2018,2018,2016,CA-44,CA,44,Clinton,Trump,83.0,12.3,70.7,95.3,Daily Kos Elections presidential results by congressional district,presidential_results_on_2018_districts.csv,Congressional district lines used in the 2018 elections,1.0,True,same_election_boundary_set,True,most_recent_completed_presidential_election_on_target_house_boundaries
2018,2018,2016,CA-45,CA,45,Clinton,Trump,49.8,44.4,5.399999999999999,94.19999999999999,Daily Kos Elections presidential results by congressional district,presidential_results_on_2018_districts.csv,Congressional district lines used in the 2018 elections,1.0,True,same_election_boundary_set,True,most_recent_completed_presidential_election_on_target_house_boundaries
2018,2018,2016,CA-46,CA,46,Clinton,Trump,66.3,27.9,38.4,94.19999999999999,Daily Kos Elections presidential results by congressional district,presidential_results_on_2018_districts.csv,Congressional district lines used in the 2018 elections,1.0,True,same_election_boundary_set,True,most_recent_completed_presidential_election_on_target_house_boundaries
2018,2018,2016,CA-47,CA,47,Clinton,Trump,62.6,31.0,31.6,93.6,Daily Kos Elections presidential results by congressional district,presidential_results_on_2018_districts.csv,Congressional district lines used in the 2018 elections,1.0,True,same_election_boundary_set,True,most_recent_completed_presidential_election_on_target_house_boundaries
2018,2018,2016,CA-48,CA,48,Clinton,Trump,47.9,46.2,1.6999999999999957,94.1,Daily Kos Elections presidential results by congressional district,presidential_results_on_2018_districts.csv,Congressional district lines used in the 2018 elections,1.0,True,same_election_boundary_set,True,most_recent_completed_presidential_election_on_target_house_boundaries
2018,2018,2016,CA-49,CA,49,Clinton,Trump,50.7,43.2,7.5,93.9,Daily Kos Elections presidential results by congressional district,presidential_results_on_2018_districts.csv,Congressional district lines used in the 2018 elections,1.0,True,same_election_boundary_set,True,most_recent_completed_presidential_election_on_target_house_boundaries
2018,2018,2016,CA-5,CA,5,Clinton,Trump,69.2,24.3,44.900000000000006,93.5,Daily Kos Elections presidential results by congressional district,presidential_results_on_2018_districts.csv,Congressional district lines used in the 2018 elections,1.0,True,same_election_boundary_set,True,most_recent_completed_presidential_election_on_target_house_boundaries
2018,2018,2016,CA-50,CA,50,Clinton,Trump,39.6,54.6,-15.0,94.2,Daily Kos Elections presidential results by congressional district,presidential_results_on_2018_districts.csv,Congressional district lines used in the 2018 elections,1.0,True,same_election_boundary_set,True,most_recent_completed_presidential_election_on_target_house_boundaries
2018,2018,2016,CA-51,CA,51,Clinton,Trump,71.8,22.8,49.0,94.6,Daily Kos Elections presidential results by congressional district,presidential_results_on_2018_districts.csv,Congressional district lines used in the 2018 elections,1.0,True,same_election_boundary_set,True,most_recent_completed_presidential_election_on_target_house_boundaries
2018,2018,2016,CA-52,CA,52,Clinton,Trump,58.1,35.6,22.5,93.7,Daily Kos Elections presidential results by congressional district,presidential_results_on_2018_districts.csv,Congressional district lines used in the 2018 elections,1.0,True,same_election_boundary_set,True,most_recent_completed_presidential_election_on_target_house_boundaries
2018,2018,2016,CA-53,CA,53,Clinton,Trump,64.5,29.6,34.9,94.1,Daily Kos Elections presidential results by congressional district,presidential_results_on_2018_districts.csv,Congressional district lines used in the 2018 elections,1.0,True,same_election_boundary_set,True,most_recent_completed_presidential_election_on_target_house_boundaries
2018,2018,2016,CA-6,CA,6,Clinton,Trump,69.2,24.4,44.800000000000004,93.6,Daily Kos Elections presidential results by congressional district,presidential_results_on_2018_districts.csv,Congressional district lines used in the 2018 elections,1.0,True,same_election_boundary_set,True,most_recent_completed_presidential_election_on_target_house_boundaries
2018,2018,2016,CA-7,CA,7,Clinton,Trump,52.3,40.9,11.399999999999999,93.19999999999999,Daily Kos Elections presidential results by congressional district,presidential_results_on_2018_districts.csv,Congressional district lines used in the 2018 elections,1.0,True,same_election_boundary_set,True,most_recent_completed_presidential_election_on_target_house_boundaries
2018,2018,2016,CA-8,CA,8,Clinton,Trump,39.6,54.7,-15.100000000000001,94.30000000000001,Daily Kos Elections presidential results by congressional district,presidential_results_on_2018_districts.csv,Congressional district lines used in the 2018 elections,1.0,True,same_election_boundary_set,True,most_recent_completed_presidential_election_on_target_house_boundaries
2018,2018,2016,CA-9,CA,9,Clinton,Trump,56.6,38.0,18.6,94.6,Daily Kos Elections presidential results by congressional district,presidential_results_on_2018_districts.csv,Congressional district lines used in the 2018 elections,1.0,True,same_election_boundary_set,True,most_recent_completed_presidential_election_on_target_house_boundaries
2018,2018,2016,CO-1,CO,1,Clinton,Trump,69.0,23.2,45.8,92.2,Daily Kos Elections presidential results by congressional district,presidential_results_on_2018_districts.csv,Congressional district lines used in the 2018 elections,1.0,True,same_election_boundary_set,True,most_recent_completed_presidential_election_on_target_house_boundaries
2018,2018,2016,CO-2,CO,2,Clinton,Trump,56.2,34.9,21.300000000000004,91.1,Daily Kos Elections presidential results by congressional district,presidential_results_on_2018_districts.csv,Congressional district lines used in the 2018 elections,1.0,True,same_election_boundary_set,True,most_recent_completed_presidential_election_on_target_house_boundaries
2018,2018,2016,CO-3,CO,3,Clinton,Trump,40.0,52.0,-12.0,92.0,Daily Kos Elections presidential results by congressional district,presidential_results_on_2018_districts.csv,Congressional district lines used in the 2018 elections,1.0,True,same_election_boundary_set,True,most_recent_completed_presidential_election_on_target_house_boundaries
2018,2018,2016,CO-4,CO,4,Clinton,Trump,34.3,57.4,-23.1,91.69999999999999,Daily Kos Elections presidential results by congressional district,presidential_results_on_2018_districts.csv,Congressional district lines used in the 2018 elections,1.0,True,same_election_boundary_set,True,most_recent_completed_presidential_election_on_target_house_boundaries
2018,2018,2016,CO-5,CO,5,Clinton,Trump,33.2,57.2,-24.0,90.4,Daily Kos Elections presidential results by congressional district,presidential_results_on_2018_districts.csv,Congressional district lines used in the 2018 elections,1.0,True,same_election_boundary_set,True,most_recent_completed_presidential_election_on_target_house_boundaries
2018,2018,2016,CO-6,CO,6,Clinton,Trump,50.2,41.3,8.900000000000006,91.5,Daily Kos Elections presidential results by congressional district,presidential_results_on_2018_districts.csv,Congressional district lines used in the 2018 elections,1.0,True,same_election_boundary_set,True,most_recent_completed_presidential_election_on_target_house_boundaries
2018,2018,2016,CO-7,CO,7,Clinton,Trump,51.4,39.4,12.0,90.8,Daily Kos Elections presidential results by congressional district,presidential_results_on_2018_districts.csv,Congressional district lines used in the 2018 elections,1.0,True,same_election_boundary_set,True,most_recent_completed_presidential_election_on_target_house_boundaries
2018,2018,2016,CT-1,CT,1,Clinton,Trump,59.4,36.3,23.1,95.69999999999999,Daily Kos Elections presidential results by congressional district,presidential_results_on_2018_districts.csv,Congressional district lines used in the 2018 elections,1.0,True,same_election_boundary_set,True,most_recent_completed_presidential_election_on_target_house_boundaries
2018,2018,2016,CT-2,CT,2,Clinton,Trump,48.7,45.8,2.9000000000000057,94.5,Daily Kos Elections presidential results by congressional district,presidential_results_on_2018_districts.csv,Congressional district lines used in the 2018 elections,1.0,True,same_election_boundary_set,True,most_recent_completed_presidential_election_on_target_house_boundaries
2018,2018,2016,CT-3,CT,3,Clinton,Trump,55.9,40.4,15.5,96.3,Daily Kos Elections presidential results by congressional district,presidential_results_on_2018_districts.csv,Congressional district lines used in the 2018 elections,1.0,True,same_election_boundary_set,True,most_recent_completed_presidential_election_on_target_house_boundaries
2018,2018,2016,CT-4,CT,4,Clinton,Trump,59.6,36.6,23.0,96.2,Daily Kos Elections presidential results by congressional district,presidential_results_on_2018_districts.csv,Congressional district lines used in the 2018 elections,1.0,True,same_election_boundary_set,True,most_recent_completed_presidential_election_on_target_house_boundaries
2018,2018,2016,CT-5,CT,5,Clinton,Trump,49.9,45.8,4.100000000000001,95.69999999999999,Daily Kos Elections presidential results by congressional district,presidential_results_on_2018_districts.csv,Congressional district lines used in the 2018 elections,1.0,True,same_election_boundary_set,True,most_recent_completed_presidential_election_on_target_house_boundaries
2018,2018,2016,DE-AL,DE,AL,Clinton,Trump,53.4,41.9,11.5,95.3,Daily Kos Elections presidential results by congressional district,presidential_results_on_2018_districts.csv,Congressional district lines used in the 2018 elections,1.0,True,same_election_boundary_set,True,most_recent_completed_presidential_election_on_target_house_boundaries
2018,2018,2016,FL-1,FL,1,Clinton,Trump,28.2,67.5,-39.3,95.7,Daily Kos Elections presidential results by congressional district,presidential_results_on_2018_districts.csv,Congressional district lines used in the 2018 elections,1.0,True,same_election_boundary_set,True,most_recent_completed_presidential_election_on_target_house_boundaries
2018,2018,2016,FL-10,FL,10,Clinton,Trump,61.8,34.9,26.9,96.69999999999999,Daily Kos Elections presidential results by congressional district,presidential_results_on_2018_districts.csv,Congressional district lines used in the 2018 elections,1.0,True,same_election_boundary_set,True,most_recent_completed_presidential_election_on_target_house_boundaries
2018,2018,2016,FL-11,FL,11,Clinton,Trump,32.5,64.8,-32.3,97.3,Daily Kos Elections presidential results by congressional district,presidential_results_on_2018_districts.csv,Congressional district lines used in the 2018 elections,1.0,True,same_election_boundary_set,True,most_recent_completed_presidential_election_on_target_house_boundaries
2018,2018,2016,FL-12,FL,12,Clinton,Trump,38.8,57.4,-18.6,96.19999999999999,Daily Kos Elections presidential results by congressional district,presidential_results_on_2018_districts.csv,Congressional district lines used in the 2018 elections,1.0,True,same_election_boundary_set,True,most_recent_completed_presidential_election_on_target_house_boundaries
2018,2018,2016,FL-13,FL,13,Clinton,Trump,49.6,46.4,3.200000000000003,96.0,Daily Kos Elections presidential results by congressional district,presidential_results_on_2018_districts.csv,Congressional district lines used in the 2018 elections,1.0,True,same_election_boundary_set,True,most_recent_completed_presidential_election_on_target_house_boundaries
2018,2018,2016,FL-14,FL,14,Clinton,Trump,57.2,39.0,18.200000000000003,96.2,Daily Kos Elections presidential results by congressional district,presidential_results_on_2018_districts.csv,Congressional district lines used in the 2018 elections,1.0,True,same_election_boundary_set,True,most_recent_completed_presidential_election_on_target_house_boundaries
2018,2018,2016,FL-15,FL,15,Clinton,Trump,43.1,53.1,-10.0,96.2,Daily Kos Elections presidential results by congressional district,presidential_results_on_2018_districts.csv,Congressional district lines used in the 2018 elections,1.0,True,same_election_boundary_set,True,most_recent_completed_presidential_election_on_target_house_boundaries
2018,2018,2016,FL-16,FL,16,Clinton,Trump,43.0,53.7,-10.700000000000003,96.7,Daily Kos Elections presidential results by congressional district,presidential_results_on_2018_districts.csv,Congressional district lines used in the 2018 elections,1.0,True,same_election_boundary_set,True,most_recent_completed_presidential_election_on_target_house_boundaries
2018,2018,2016,FL-17,FL,17,Clinton,Trump,35.0,62.2,-27.200000000000003,97.2,Daily Kos Elections presidential results by congressional district,presidential_results_on_2018_districts.csv,Congressional district lines used in the 2018 elections,1.0,True,same_election_boundary_set,True,most_recent_completed_presidential_election_on_target_house_boundaries
2018,2018,2016,FL-18,FL,18,Clinton,Trump,44.1,53.3,-9.199999999999996,97.4,Daily Kos Elections presidential results by congressional district,presidential_results_on_2018_districts.csv,Congressional district lines used in the 2018 elections,1.0,True,same_election_boundary_set,True,most_recent_completed_presidential_election_on_target_house_boundaries
2018,2018,2016,FL-19,FL,19,Clinton,Trump,37.5,59.6,-22.1,97.1,Daily Kos Elections presidential results by congressional district,presidential_results_on_2018_districts.csv,Congressional district lines used in the 2018 elections,1.0,True,same_election_boundary_set,True,most_recent_completed_presidential_election_on_target_house_boundaries
2018,2018,2016,FL-2,FL,2,Clinton,Trump,30.6,66.2,-35.6,96.80000000000001,Daily Kos Elections presidential results by congressional district,presidential_results_on_2018_districts.csv,Congressional district lines used in the 2018 elections,1.0,True,same_election_boundary_set,True,most_recent_completed_presidential_election_on_target_house_boundaries
2018,2018,2016,FL-20,FL,20,Clinton,Trump,80.2,18.1,62.1,98.30000000000001,Daily Kos Elections presidential results by congressional district,presidential_results_on_2018_districts.csv,Congressional district lines used in the 2018 elections,1.0,True,same_election_boundary_set,True,most_recent_completed_presidential_election_on_target_house_boundaries
2018,2018,2016,FL-21,FL,21,Clinton,Trump,58.6,39.1,19.5,97.7,Daily Kos Elections presidential results by congressional district,presidential_results_on_2018_districts.csv,Congressional district lines used in the 2018 elections,1.0,True,same_election_boundary_set,True,most_recent_completed_presidential_election_on_target_house_boundaries
2018,2018,2016,FL-22,FL,22,Clinton,Trump,56.8,41.0,15.799999999999997,97.8,Daily Kos Elections presidential results by congressional district,presidential_results_on_2018_districts.csv,Congressional district lines used in the 2018 elections,1.0,True,same_election_boundary_set,True,most_recent_completed_presidential_election_on_target_house_boundaries
2018,2018,2016,FL-23,FL,23,Clinton,Trump,61.9,35.8,26.1,97.69999999999999,Daily Kos Elections presidential results by congressional district,presidential_results_on_2018_districts.csv,Congressional district lines used in the 2018 elections,1.0,True,same_election_boundary_set,True,most_recent_completed_presidential_election_on_target_house_boundaries
2018,2018,2016,FL-24,FL,24,Clinton,Trump,82.9,15.4,67.5,98.30000000000001,Daily Kos Elections presidential results by congressional district,presidential_results_on_2018_districts.csv,Congressional district lines used in the 2018 elections,1.0,True,same_election_boundary_set,True,most_recent_completed_presidential_election_on_target_house_boundaries
2018,2018,2016,FL-25,FL,25,Clinton,Trump,47.9,49.7,-1.8000000000000043,97.6,Daily Kos Elections presidential results by congressional district,presidential_results_on_2018_districts.csv,Congressional district lines used in the 2018 elections,1.0,True,same_election_boundary_set,True,most_recent_completed_presidential_election_on_target_house_boundaries
2018,2018,2016,FL-26,FL,26,Clinton,Trump,56.8,40.5,16.299999999999997,97.3,Daily Kos Elections presidential results by congressional district,presidential_results_on_2018_districts.csv,Congressional district lines used in the 2018 elections,1.0,True,same_election_boundary_set,True,most_recent_completed_presidential_election_on_target_house_boundaries
2018,2018,2016,FL-27,FL,27,Clinton,Trump,58.5,38.9,19.6,97.4,Daily Kos Elections presidential results by congressional district,presidential_results_on_2018_districts.csv,Congressional district lines used in the 2018 elections,1.0,True,same_election_boundary_set,True,most_recent_completed_presidential_election_on_target_house_boundaries
2018,2018,2016,FL-3,FL,3,Clinton,Trump,40.2,56.2,-16.0,96.4,Daily Kos Elections presidential results by congressional district,presidential_results_on_2018_districts.csv,Congressional district lines used in the 2018 elections,1.0,True,same_election_boundary_set,True,most_recent_completed_presidential_election_on_target_house_boundaries
2018,2018,2016,FL-4,FL,4,Clinton,Trump,34.1,62.1,-28.0,96.2,Daily Kos Elections presidential results by congressional district,presidential_results_on_2018_districts.csv,Congressional district lines used in the 2018 elections,1.0,True,same_election_boundary_set,True,most_recent_completed_presidential_election_on_target_house_boundaries
2018,2018,2016,FL-5,FL,5,Clinton,Trump,61.3,35.9,25.4,97.19999999999999,Daily Kos Elections presidential results by congressional district,presidential_results_on_2018_districts.csv,Congressional district lines used in the 2018 elections,1.0,True,same_election_boundary_set,True,most_recent_completed_presidential_election_on_target_house_boundaries
2018,2018,2016,FL-6,FL,6,Clinton,Trump,39.9,56.9,-17.0,96.8,Daily Kos Elections presidential results by congressional district,presidential_results_on_2018_districts.csv,Congressional district lines used in the 2018 elections,1.0,True,same_election_boundary_set,True,most_recent_completed_presidential_election_on_target_house_boundaries
2018,2018,2016,FL-7,FL,7,Clinton,Trump,51.4,44.1,7.299999999999997,95.5,Daily Kos Elections presidential results by congressional district,presidential_results_on_2018_districts.csv,Congressional district lines used in the 2018 elections,1.0,True,same_election_boundary_set,True,most_recent_completed_presidential_election_on_target_house_boundaries
2018,2018,2016,FL-8,FL,8,Clinton,Trump,37.7,58.4,-20.699999999999996,96.1,Daily Kos Elections presidential results by congressional district,presidential_results_on_2018_districts.csv,Congressional district lines used in the 2018 elections,1.0,True,same_election_boundary_set,True,most_recent_completed_presidential_election_on_target_house_boundaries
2018,2018,2016,FL-9,FL,9,Clinton,Trump,54.8,41.9,12.899999999999999,96.69999999999999,Daily Kos Elections presidential results by congressional district,presidential_results_on_2018_districts.csv,Congressional district lines used in the 2018 elections,1.0,True,same_election_boundary_set,True,most_recent_completed_presidential_election_on_target_house_boundaries
2018,2018,2016,GA-1,GA,1,Clinton,Trump,40.9,56.4,-15.5,97.3,Daily Kos Elections presidential results by congressional district,presidential_results_on_2018_districts.csv,Congressional district lines used in the 2018 elections,1.0,True,same_election_boundary_set,True,most_recent_completed_presidential_election_on_target_house_boundaries
2018,2018,2016,GA-10,GA,10,Clinton,Trump,35.8,61.3,-25.5,97.1,Daily Kos Elections presidential results by congressional district,presidential_results_on_2018_districts.csv,Congressional district lines used in the 2018 elections,1.0,True,same_election_boundary_set,True,most_recent_completed_presidential_election_on_target_house_boundaries
2018,2018,2016,GA-11,GA,11,Clinton,Trump,35.3,60.3,-25.0,95.6,Daily Kos Elections presidential results by congressional district,presidential_results_on_2018_districts.csv,Congressional district lines used in the 2018 elections,1.0,True,same_election_boundary_set,True,most_recent_completed_presidential_election_on_target_house_boundaries
2018,2018,2016,GA-12,GA,12,Clinton,Trump,40.7,56.9,-16.199999999999996,97.6,Daily Kos Elections presidential results by congressional district,presidential_results_on_2018_districts.csv,Congressional district lines used in the 2018 elections,1.0,True,same_election_boundary_set,True,most_recent_completed_presidential_election_on_target_house_boundaries
2018,2018,2016,GA-13,GA,13,Clinton,Trump,71.0,26.6,44.4,97.6,Daily Kos Elections presidential results by congressional district,presidential_results_on_2018_districts.csv,Congressional district lines used in the 2018 elections,1.0,True,same_election_boundary_set,True,most_recent_completed_presidential_election_on_target_house_boundaries
2018,2018,2016,GA-14,GA,14,Clinton,Trump,22.1,75.0,-52.9,97.1,Daily Kos Elections presidential results by congressional district,presidential_results_on_2018_districts.csv,Congressional district lines used in the 2018 elections,1.0,True,same_election_boundary_set,True,most_recent_completed_presidential_election_on_target_house_boundaries
2018,2018,2016,GA-2,GA,2,Clinton,Trump,55.0,43.3,11.700000000000003,98.3,Daily Kos Elections presidential results by congressional district,presidential_results_on_2018_districts.csv,Congressional district lines used in the 2018 elections,1.0,True,same_election_boundary_set,True,most_recent_completed_presidential_election_on_target_house_boundaries
2018,2018,2016,GA-3,GA,3,Clinton,Trump,32.8,64.3,-31.5,97.1,Daily Kos Elections presidential results by congressional district,presidential_results_on_2018_districts.csv,Congressional district lines used in the 2018 elections,1.0,True,same_election_boundary_set,True,most_recent_completed_presidential_election_on_target_house_boundaries
2018,2018,2016,GA-4,GA,4,Clinton,Trump,75.3,22.2,53.099999999999994,97.5,Daily Kos Elections presidential results by congressional district,presidential_results_on_2018_districts.csv,Congressional district lines used in the 2018 elections,1.0,True,same_election_boundary_set,True,most_recent_completed_presidential_election_on_target_house_boundaries
2018,2018,2016,GA-5,GA,5,Clinton,Trump,85.0,11.9,73.1,96.9,Daily Kos Elections presidential results by congressional district,presidential_results_on_2018_districts.csv,Congressional district lines used in the 2018 elections,1.0,True,same_election_boundary_set,True,most_recent_completed_presidential_election_on_target_house_boundaries
2018,2018,2016,GA-6,GA,6,Clinton,Trump,46.8,48.3,-1.5,95.1,Daily Kos Elections presidential results by congressional district,presidential_results_on_2018_districts.csv,Congressional district lines used in the 2018 elections,1.0,True,same_election_boundary_set,True,most_recent_completed_presidential_election_on_target_house_boundaries
2018,2018,2016,GA-7,GA,7,Clinton,Trump,44.8,51.1,-6.300000000000004,95.9,Daily Kos Elections presidential results by congressional district,presidential_results_on_2018_districts.csv,Congressional district lines used in the 2018 elections,1.0,True,same_election_boundary_set,True,most_recent_completed_presidential_election_on_target_house_boundaries
2018,2018,2016,GA-8,GA,8,Clinton,Trump,34.4,63.3,-28.9,97.69999999999999,Daily Kos Elections presidential results by congressional district,presidential_results_on_2018_districts.csv,Congressional district lines used in the 2018 elections,1.0,True,same_election_boundary_set,True,most_recent_completed_presidential_election_on_target_house_boundaries
2018,2018,2016,GA-9,GA,9,Clinton,Trump,19.3,77.8,-58.5,97.1,Daily Kos Elections presidential results by congressional district,presidential_results_on_2018_districts.csv,Congressional district lines used in the 2018 elections,1.0,True,same_election_boundary_set,True,most_recent_completed_presidential_election_on_target_house_boundaries
2018,2018,2016,HI-1,HI,1,Clinton,Trump,63.1,30.5,32.6,93.6,Daily Kos Elections presidential results by congressional district,presidential_results_on_2018_districts.csv,Congressional district lines used in the 2018 elections,1.0,True,same_election_boundary_set,True,most_recent_completed_presidential_election_on_target_house_boundaries
2018,2018,2016,HI-2,HI,2,Clinton,Trump,61.4,29.6,31.799999999999997,91.0,Daily Kos Elections presidential results by congressional district,presidential_results_on_2018_districts.csv,Congressional district lines used in the 2018 elections,1.0,True,same_election_boundary_set,True,most_recent_completed_presidential_election_on_target_house_boundaries
2018,2018,2016,IA-1,IA,1,Clinton,Trump,45.2,48.7,-3.5,93.9,Daily Kos Elections presidential results by congressional district,presidential_results_on_2018_districts.csv,Congressional district lines used in the 2018 elections,1.0,True,same_election_boundary_set,True,most_recent_completed_presidential_election_on_target_house_boundaries
2018,2018,2016,IA-2,IA,2,Clinton,Trump,45.0,49.1,-4.100000000000001,94.1,Daily Kos Elections presidential results by congressional district,presidential_results_on_2018_districts.csv,Congressional district lines used in the 2018 elections,1.0,True,same_election_boundary_set,True,most_recent_completed_presidential_election_on_target_house_boundaries
2018,2018,2016,IA-3,IA,3,Clinton,Trump,45.0,48.5,-3.5,93.5,Daily Kos Elections presidential results by congressional district,presidential_results_on_2018_districts.csv,Congressional district lines used in the 2018 elections,1.0,True,same_election_boundary_set,True,most_recent_completed_presidential_election_on_target_house_boundaries
2018,2018,2016,IA-4,IA,4,Clinton,Trump,33.5,60.9,-27.4,94.4,Daily Kos Elections presidential results by congressional district,presidential_results_on_2018_districts.csv,Congressional district lines used in the 2018 elections,1.0,True,same_election_boundary_set,True,most_recent_completed_presidential_election_on_target_house_boundaries
2018,2018,2016,ID-1,ID,1,Clinton,Trump,25.4,63.7,-38.300000000000004,89.1,Daily Kos Elections presidential results by congressional district,presidential_results_on_2018_districts.csv,Congressional district lines used in the 2018 elections,1.0,True,same_election_boundary_set,True,most_recent_completed_presidential_election_on_target_house_boundaries
2018,2018,2016,ID-2,ID,2,Clinton,Trump,29.8,54.5,-24.7,84.3,Daily Kos Elections presidential results by congressional district,presidential_results_on_2018_districts.csv,Congressional district lines used in the 2018 elections,1.0,True,same_election_boundary_set,True,most_recent_completed_presidential_election_on_target_house_boundaries
2018,2018,2016,IL-1,IL,1,Clinton,Trump,75.4,21.4,54.00000000000001,96.80000000000001,Daily Kos Elections presidential results by congressional district,presidential_results_on_2018_districts.csv,Congressional district lines used in the 2018 elections,1.0,True,same_election_boundary_set,True,most_recent_completed_presidential_election_on_target_house_boundaries
2018,2018,2016,IL-10,IL,10,Clinton,Trump,62.0,32.6,29.4,94.6,Daily Kos Elections presidential results by congressional district,presidential_results_on_2018_districts.csv,Congressional district lines used in the 2018 elections,1.0,True,same_election_boundary_set,True,most_recent_completed_presidential_election_on_target_house_boundaries
2018,2018,2016,IL-11,IL,11,Clinton,Trump,58.9,35.4,23.5,94.3,Daily Kos Elections presidential results by congressional district,presidential_results_on_2018_districts.csv,Congressional district lines used in the 2018 elections,1.0,True,same_election_boundary_set,True,most_recent_completed_presidential_election_on_target_house_boundaries
2018,2018,2016,IL-12,IL,12,Clinton,Trump,40.2,55.0,-14.799999999999997,95.2,Daily Kos Elections presidential results by congressional district,presidential_results_on_2018_districts.csv,Congressional district lines used in the 2018 elections,1.0,True,same_election_boundary_set,True,most_recent_completed_presidential_election_on_target_house_boundaries
2018,2018,2016,IL-13,IL,13,Clinton,Trump,44.2,49.7,-5.5,93.9,Daily Kos Elections presidential results by congressional district,presidential_results_on_2018_districts.csv,Congressional district lines used in the 2018 elections,1.0,True,same_election_boundary_set,True,most_recent_completed_presidential_election_on_target_house_boundaries
2018,2018,2016,IL-14,IL,14,Clinton,Trump,44.8,48.7,-3.9000000000000057,93.5,Daily Kos Elections presidential results by congressional district,presidential_results_on_2018_districts.csv,Congressional district lines used in the 2018 elections,1.0,True,same_election_boundary_set,True,most_recent_completed_presidential_election_on_target_house_boundaries
2018,2018,2016,IL-15,IL,15,Clinton,Trump,24.5,70.7,-46.2,95.2,Daily Kos Elections presidential results by congressional district,presidential_results_on_2018_districts.csv,Congressional district lines used in the 2018 elections,1.0,True,same_election_boundary_set,True,most_recent_completed_presidential_election_on_target_house_boundaries
2018,2018,2016,IL-16,IL,16,Clinton,Trump,38.3,55.5,-17.200000000000003,93.8,Daily Kos Elections presidential results by congressional district,presidential_results_on_2018_districts.csv,Congressional district lines used in the 2018 elections,1.0,True,same_election_boundary_set,True,most_recent_completed_presidential_election_on_target_house_boundaries
2018,2018,2016,IL-17,IL,17,Clinton,Trump,46.7,47.4,-0.6999999999999957,94.1,Daily Kos Elections presidential results by congressional district,presidential_results_on_2018_districts.csv,Congressional district lines used in the 2018 elections,1.0,True,same_election_boundary_set,True,most_recent_completed_presidential_election_on_target_house_boundaries
2018,2018,2016,IL-18,IL,18,Clinton,Trump,33.3,60.6,-27.300000000000004,93.9,Daily Kos Elections presidential results by congressional district,presidential_results_on_2018_districts.csv,Congressional district lines used in the 2018 elections,1.0,True,same_election_boundary_set,True,most_recent_completed_presidential_election_on_target_house_boundaries
2018,2018,2016,IL-2,IL,2,Clinton,Trump,78.0,19.1,58.9,97.1,Daily Kos Elections presidential results by congressional district,presidential_results_on_2018_districts.csv,Congressional district lines used in the 2018 elections,1.0,True,same_election_boundary_set,True,most_recent_completed_presidential_election_on_target_house_boundaries
2018,2018,2016,IL-3,IL,3,Clinton,Trump,55.2,39.9,15.300000000000004,95.1,Daily Kos Elections presidential results by congressional district,presidential_results_on_2018_districts.csv,Congressional district lines used in the 2018 elections,1.0,True,same_election_boundary_set,True,most_recent_completed_presidential_election_on_target_house_boundaries
2018,2018,2016,IL-4,IL,4,Clinton,Trump,82.1,13.2,68.89999999999999,95.3,Daily Kos Elections presidential results by congressional district,presidential_results_on_2018_districts.csv,Congressional district lines used in the 2018 elections,1.0,True,same_election_boundary_set,True,most_recent_completed_presidential_election_on_target_house_boundaries
2018,2018,2016,IL-5,IL,5,Clinton,Trump,70.5,23.9,46.6,94.4,Daily Kos Elections presidential results by congressional district,presidential_results_on_2018_districts.csv,Congressional district lines used in the 2018 elections,1.0,True,same_election_boundary_set,True,most_recent_completed_presidential_election_on_target_house_boundaries
2018,2018,2016,IL-6,IL,6,Clinton,Trump,50.2,43.2,7.0,93.4,Daily Kos Elections presidential results by congressional district,presidential_results_on_2018_districts.csv,Congressional district lines used in the 2018 elections,1.0,True,same_election_boundary_set,True,most_recent_completed_presidential_election_on_target_house_boundaries
2018,2018,2016,IL-7,IL,7,Clinton,Trump,87.4,9.2,78.2,96.60000000000001,Daily Kos Elections presidential results by congressional district,presidential_results_on_2018_districts.csv,Congressional district lines used in the 2018 elections,1.0,True,same_election_boundary_set,True,most_recent_completed_presidential_election_on_target_house_boundaries
2018,2018,2016,IL-8,IL,8,Clinton,Trump,58.1,36.4,21.700000000000003,94.5,Daily Kos Elections presidential results by congressional district,presidential_results_on_2018_districts.csv,Congressional district lines used in the 2018 elections,1.0,True,same_election_boundary_set,True,most_recent_completed_presidential_election_on_target_house_boundaries
2018,2018,2016,IL-9,IL,9,Clinton,Trump,70.1,24.9,45.199999999999996,95.0,Daily Kos Elections presidential results by congressional district,presidential_results_on_2018_districts.csv,Congressional district lines used in the 2018 elections,1.0,True,same_election_boundary_set,True,most_recent_completed_presidential_election_on_target_house_boundaries
2018,2018,2016,IN-1,IN,1,Clinton,Trump,54.1,41.5,12.600000000000001,95.6,Daily Kos Elections presidential results by congressional district,presidential_results_on_2018_districts.csv,Congressional district lines used in the 2018 elections,1.0,True,same_election_boundary_set,True,most_recent_completed_presidential_election_on_target_house_boundaries
2018,2018,2016,IN-2,IN,2,Clinton,Trump,36.1,59.3,-23.199999999999996,95.4,Daily Kos Elections presidential results by congressional district,presidential_results_on_2018_districts.csv,Congressional district lines used in the 2018 elections,1.0,True,same_election_boundary_set,True,most_recent_completed_presidential_election_on_target_house_boundaries
2018,2018,2016,IN-3,IN,3,Clinton,Trump,30.1,65.1,-34.99999999999999,95.19999999999999,Daily Kos Elections presidential results by congressional district,presidential_results_on_2018_districts.csv,Congressional district lines used in the 2018 elections,1.0,True,same_election_boundary_set,True,most_recent_completed_presidential_election_on_target_house_boundaries
2018,2018,2016,IN-4,IN,4,Clinton,Trump,30.2,64.3,-34.099999999999994,94.5,Daily Kos Elections presidential results by congressional district,presidential_results_on_2018_districts.csv,Congressional district lines used in the 2018 elections,1.0,True,same_election_boundary_set,True,most_recent_completed_presidential_election_on_target_house_boundaries
2018,2018,2016,IN-5,IN,5,Clinton,Trump,41.3,53.1,-11.800000000000004,94.4,Daily Kos Elections presidential results by congressional district,presidential_results_on_2018_districts.csv,Congressional district lines used in the 2018 elections,1.0,True,same_election_boundary_set,True,most_recent_completed_presidential_election_on_target_house_boundaries
2018,2018,2016,IN-6,IN,6,Clinton,Trump,27.4,67.7,-40.300000000000004,95.1,Daily Kos Elections presidential results by congressional district,presidential_results_on_2018_districts.csv,Congressional district lines used in the 2018 elections,1.0,True,same_election_boundary_set,True,most_recent_completed_presidential_election_on_target_house_boundaries
2018,2018,2016,IN-7,IN,7,Clinton,Trump,59.0,36.2,22.799999999999997,95.2,Daily Kos Elections presidential results by congressional district,presidential_results_on_2018_districts.csv,Congressional district lines used in the 2018 elections,1.0,True,same_election_boundary_set,True,most_recent_completed_presidential_election_on_target_house_boundaries
2018,2018,2016,IN-8,IN,8,Clinton,Trump,30.9,64.6,-33.699999999999996,95.5,Daily Kos Elections presidential results by congressional district,presidential_results_on_2018_districts.csv,Congressional district lines used in the 2018 elections,1.0,True,same_election_boundary_set,True,most_recent_completed_presidential_election_on_target_house_boundaries
2018,2018,2016,IN-9,IN,9,Clinton,Trump,34.2,61.1,-26.9,95.30000000000001,Daily Kos Elections presidential results by congressional district,presidential_results_on_2018_districts.csv,Congressional district lines used in the 2018 elections,1.0,True,same_election_boundary_set,True,most_recent_completed_presidential_election_on_target_house_boundaries
2018,2018,2016,KS-1,KS,1,Clinton,Trump,24.3,69.3,-45.0,93.6,Daily Kos Elections presidential results by congressional district,presidential_results_on_2018_districts.csv,Congressional district lines used in the 2018 elections,1.0,True,same_election_boundary_set,True,most_recent_completed_presidential_election_on_target_house_boundaries
2018,2018,2016,KS-2,KS,2,Clinton,Trump,37.4,55.8,-18.4,93.19999999999999,Daily Kos Elections presidential results by congressional district,presidential_results_on_2018_districts.csv,Congressional district lines used in the 2018 elections,1.0,True,same_election_boundary_set,True,most_recent_completed_presidential_election_on_target_house_boundaries
2018,2018,2016,KS-3,KS,3,Clinton,Trump,47.2,46.0,1.2000000000000028,93.2,Daily Kos Elections presidential results by congressional district,presidential_results_on_2018_districts.csv,Congressional district lines used in the 2018 elections,1.0,True,same_election_boundary_set,True,most_recent_completed_presidential_election_on_target_house_boundaries
2018,2018,2016,KS-4,KS,4,Clinton,Trump,33.0,60.2,-27.200000000000003,93.2,Daily Kos Elections presidential results by congressional district,presidential_results_on_2018_districts.csv,Congressional district lines used in the 2018 elections,1.0,True,same_election_boundary_set,True,most_recent_completed_presidential_election_on_target_house_boundaries
2018,2018,2016,KY-1,KY,1,Clinton,Trump,23.9,72.4,-48.50000000000001,96.30000000000001,Daily Kos Elections presidential results by congressional district,presidential_results_on_2018_districts.csv,Congressional district lines used in the 2018 elections,1.0,True,same_election_boundary_set,True,most_recent_completed_presidential_election_on_target_house_boundaries
2018,2018,2016,KY-2,KY,2,Clinton,Trump,27.6,67.5,-39.9,95.1,Daily Kos Elections presidential results by congressional district,presidential_results_on_2018_districts.csv,Congressional district lines used in the 2018 elections,1.0,True,same_election_boundary_set,True,most_recent_completed_presidential_election_on_target_house_boundaries
2018,2018,2016,KY-3,KY,3,Clinton,Trump,54.9,39.9,15.0,94.8,Daily Kos Elections presidential results by congressional district,presidential_results_on_2018_districts.csv,Congressional district lines used in the 2018 elections,1.0,True,same_election_boundary_set,True,most_recent_completed_presidential_election_on_target_house_boundaries
2018,2018,2016,KY-4,KY,4,Clinton,Trump,29.3,65.2,-35.900000000000006,94.5,Daily Kos Elections presidential results by congressional district,presidential_results_on_2018_districts.csv,Congressional district lines used in the 2018 elections,1.0,True,same_election_boundary_set,True,most_recent_completed_presidential_election_on_target_house_boundaries
2018,2018,2016,KY-5,KY,5,Clinton,Trump,17.5,79.6,-62.099999999999994,97.1,Daily Kos Elections presidential results by congressional district,presidential_results_on_2018_districts.csv,Congressional district lines used in the 2018 elections,1.0,True,same_election_boundary_set,True,most_recent_completed_presidential_election_on_target_house_boundaries
2018,2018,2016,KY-6,KY,6,Clinton,Trump,39.4,54.7,-15.300000000000004,94.1,Daily Kos Elections presidential results by congressional district,presidential_results_on_2018_districts.csv,Congressional district lines used in the 2018 elections,1.0,True,same_election_boundary_set,True,most_recent_completed_presidential_election_on_target_house_boundaries
2018,2018,2016,LA-1,LA,1,Clinton,Trump,26.7,68.7,-42.0,95.4,Daily Kos Elections presidential results by congressional district,presidential_results_on_2018_districts.csv,Congressional district lines used in the 2018 elections,1.0,True,same_election_boundary_set,True,most_recent_completed_presidential_election_on_target_house_boundaries
2018,2018,2016,LA-2,LA,2,Clinton,Trump,74.6,22.2,52.39999999999999,96.8,Daily Kos Elections presidential results by congressional district,presidential_results_on_2018_districts.csv,Congressional district lines used in the 2018 elections,1.0,True,same_election_boundary_set,True,most_recent_completed_presidential_election_on_target_house_boundaries
2018,2018,2016,LA-3,LA,3,Clinton,Trump,29.2,67.3,-38.099999999999994,96.5,Daily Kos Elections presidential results by congressional district,presidential_results_on_2018_districts.csv,Congressional district lines used in the 2018 elections,1.0,True,same_election_boundary_set,True,most_recent_completed_presidential_election_on_target_house_boundaries
2018,2018,2016,LA-4,LA,4,Clinton,Trump,36.6,60.6,-24.0,97.2,Daily Kos Elections presidential results by congressional district,presidential_results_on_2018_districts.csv,Congressional district lines used in the 2018 elections,1.0,True,same_election_boundary_set,True,most_recent_completed_presidential_election_on_target_house_boundaries
2018,2018,2016,LA-5,LA,5,Clinton,Trump,34.1,63.5,-29.4,97.6,Daily Kos Elections presidential results by congressional district,presidential_results_on_2018_districts.csv,Congressional district lines used in the 2018 elections,1.0,True,same_election_boundary_set,True,most_recent_completed_presidential_election_on_target_house_boundaries
2018,2018,2016,LA-6,LA,6,Clinton,Trump,31.0,64.8,-33.8,95.8,Daily Kos Elections presidential results by congressional district,presidential_results_on_2018_districts.csv,Congressional district lines used in the 2018 elections,1.0,True,same_election_boundary_set,True,most_recent_completed_presidential_election_on_target_house_boundaries
2018,2018,2016,MA-1,MA,1,Clinton,Trump,57.2,36.5,20.700000000000003,93.7,Daily Kos Elections presidential results by congressional district,presidential_results_on_2018_districts.csv,Congressional district lines used in the 2018 elections,1.0,True,same_election_boundary_set,True,most_recent_completed_presidential_election_on_target_house_boundaries
2018,2018,2016,MA-2,MA,2,Clinton,Trump,56.2,36.8,19.400000000000006,93.0,Daily Kos Elections presidential results by congressional district,presidential_results_on_2018_districts.csv,Congressional district lines used in the 2018 elections,1.0,True,same_election_boundary_set,True,most_recent_completed_presidential_election_on_target_house_boundaries
2018,2018,2016,MA-3,MA,3,Clinton,Trump,58.2,35.4,22.800000000000004,93.6,Daily Kos Elections presidential results by congressional district,presidential_results_on_2018_districts.csv,Congressional district lines used in the 2018 elections,1.0,True,same_election_boundary_set,True,most_recent_completed_presidential_election_on_target_house_boundaries
2018,2018,2016,MA-4,MA,4,Clinton,Trump,59.2,35.0,24.200000000000003,94.2,Daily Kos Elections presidential results by congressional district,presidential_results_on_2018_districts.csv,Congressional district lines used in the 2018 elections,1.0,True,same_election_boundary_set,True,most_recent_completed_presidential_election_on_target_house_boundaries
2018,2018,2016,MA-5,MA,5,Clinton,Trump,69.3,25.7,43.599999999999994,95.0,Daily Kos Elections presidential results by congressional district,presidential_results_on_2018_districts.csv,Congressional district lines used in the 2018 elections,1.0,True,same_election_boundary_set,True,most_recent_completed_presidential_election_on_target_house_boundaries
2018,2018,2016,MA-6,MA,6,Clinton,Trump,56.1,38.2,17.9,94.30000000000001,Daily Kos Elections presidential results by congressional district,presidential_results_on_2018_districts.csv,Congressional district lines used in the 2018 elections,1.0,True,same_election_boundary_set,True,most_recent_completed_presidential_election_on_target_house_boundaries
2018,2018,2016,MA-7,MA,7,Clinton,Trump,84.1,11.9,72.19999999999999,96.0,Daily Kos Elections presidential results by congressional district,presidential_results_on_2018_districts.csv,Congressional district lines used in the 2018 elections,1.0,True,same_election_boundary_set,True,most_recent_completed_presidential_election_on_target_house_boundaries
2018,2018,2016,MA-8,MA,8,Clinton,Trump,60.4,34.4,26.0,94.8,Daily Kos Elections presidential results by congressional district,presidential_results_on_2018_districts.csv,Congressional district lines used in the 2018 elections,1.0,True,same_election_boundary_set,True,most_recent_completed_presidential_election_on_target_house_boundaries
2018,2018,2016,MA-9,MA,9,Clinton,Trump,52.5,41.8,10.700000000000003,94.3,Daily Kos Elections presidential results by congressional district,presidential_results_on_2018_districts.csv,Congressional district lines used in the 2018 elections,1.0,True,same_election_boundary_set,True,most_recent_completed_presidential_election_on_target_house_boundaries
2018,2018,2016,MD-1,MD,1,Clinton,Trump,33.4,62.0,-28.6,95.4,Daily Kos Elections presidential results by congressional district,presidential_results_on_2018_districts.csv,Congressional district lines used in the 2018 elections,1.0,True,same_election_boundary_set,True,most_recent_completed_presidential_election_on_target_house_boundaries
2018,2018,2016,MD-2,MD,2,Clinton,Trump,60.1,35.7,24.4,95.80000000000001,Daily Kos Elections presidential results by congressional district,presidential_results_on_2018_districts.csv,Congressional district lines used in the 2018 elections,1.0,True,same_election_boundary_set,True,most_recent_completed_presidential_election_on_target_house_boundaries
2018,2018,2016,MD-3,MD,3,Clinton,Trump,62.8,32.3,30.5,95.1,Daily Kos Elections presidential results by congressional district,presidential_results_on_2018_districts.csv,Congressional district lines used in the 2018 elections,1.0,True,same_election_boundary_set,True,most_recent_completed_presidential_election_on_target_house_boundaries
2018,2018,2016,MD-4,MD,4,Clinton,Trump,77.2,19.7,57.5,96.9,Daily Kos Elections presidential results by congressional district,presidential_results_on_2018_districts.csv,Congressional district lines used in the 2018 elections,1.0,True,same_election_boundary_set,True,most_recent_completed_presidential_election_on_target_house_boundaries
2018,2018,2016,MD-5,MD,5,Clinton,Trump,64.1,32.1,31.999999999999993,96.19999999999999,Daily Kos Elections presidential results by congressional district,presidential_results_on_2018_districts.csv,Congressional district lines used in the 2018 elections,1.0,True,same_election_boundary_set,True,most_recent_completed_presidential_election_on_target_house_boundaries
2018,2018,2016,MD-6,MD,6,Clinton,Trump,55.3,40.2,15.099999999999994,95.5,Daily Kos Elections presidential results by congressional district,presidential_results_on_2018_districts.csv,Congressional district lines used in the 2018 elections,1.0,True,same_election_boundary_set,True,most_recent_completed_presidential_election_on_target_house_boundaries
2018,2018,2016,MD-7,MD,7,Clinton,Trump,75.8,20.2,55.599999999999994,96.0,Daily Kos Elections presidential results by congressional district,presidential_results_on_2018_districts.csv,Congressional district lines used in the 2018 elections,1.0,True,same_election_boundary_set,True,most_recent_completed_presidential_election_on_target_house_boundaries
2018,2018,2016,MD-8,MD,8,Clinton,Trump,65.0,30.6,34.4,95.6,Daily Kos Elections presidential results by congressional district,presidential_results_on_2018_districts.csv,Congressional district lines used in the 2018 elections,1.0,True,same_election_boundary_set,True,most_recent_completed_presidential_election_on_target_house_boundaries
2018,2018,2016,ME-1,ME,1,Clinton,Trump,54.1,39.3,14.800000000000004,93.4,Daily Kos Elections presidential results by congressional district,presidential_results_on_2018_districts.csv,Congressional district lines used in the 2018 elections,1.0,True,same_election_boundary_set,True,most_recent_completed_presidential_election_on_target_house_boundaries
2018,2018,2016,ME-2,ME,2,Clinton,Trump,41.1,51.4,-10.299999999999997,92.5,Daily Kos Elections presidential results by congressional district,presidential_results_on_2018_districts.csv,Congressional district lines used in the 2018 elections,1.0,True,same_election_boundary_set,True,most_recent_completed_presidential_election_on_target_house_boundaries
2018,2018,2016,MI-1,MI,1,Clinton,Trump,36.6,57.9,-21.299999999999997,94.5,Daily Kos Elections presidential results by congressional district,presidential_results_on_2018_districts.csv,Congressional district lines used in the 2018 elections,1.0,True,same_election_boundary_set,True,most_recent_completed_presidential_election_on_target_house_boundaries
2018,2018,2016,MI-10,MI,10,Clinton,Trump,31.6,63.8,-32.199999999999996,95.4,Daily Kos Elections presidential results by congressional district,presidential_results_on_2018_districts.csv,Congressional district lines used in the 2018 elections,1.0,True,same_election_boundary_set,True,most_recent_completed_presidential_election_on_target_house_boundaries
2018,2018,2016,MI-11,MI,11,Clinton,Trump,45.3,49.7,-4.400000000000006,95.0,Daily Kos Elections presidential results by congressional district,presidential_results_on_2018_districts.csv,Congressional district lines used in the 2018 elections,1.0,True,same_election_boundary_set,True,most_recent_completed_presidential_election_on_target_house_boundaries
2018,2018,2016,MI-12,MI,12,Clinton,Trump,60.8,34.5,26.299999999999997,95.3,Daily Kos Elections presidential results by congressional district,presidential_results_on_2018_districts.csv,Congressional district lines used in the 2018 elections,1.0,True,same_election_boundary_set,True,most_recent_completed_presidential_election_on_target_house_boundaries
2018,2018,2016,MI-13,MI,13,Clinton,Trump,78.8,18.1,60.699999999999996,96.9,Daily Kos Elections presidential results by congressional district,presidential_results_on_2018_districts.csv,Congressional district lines used in the 2018 elections,1.0,True,same_election_boundary_set,True,most_recent_completed_presidential_election_on_target_house_boundaries
2018,2018,2016,MI-14,MI,14,Clinton,Trump,79.2,18.3,60.900000000000006,97.5,Daily Kos Elections presidential results by congressional district,presidential_results_on_2018_districts.csv,Congressional district lines used in the 2018 elections,1.0,True,same_election_boundary_set,True,most_recent_completed_presidential_election_on_target_house_boundaries
2018,2018,2016,MI-2,MI,2,Clinton,Trump,38.2,55.8,-17.599999999999994,94.0,Daily Kos Elections presidential results by congressional district,presidential_results_on_2018_districts.csv,Congressional district lines used in the 2018 elections,1.0,True,same_election_boundary_set,True,most_recent_completed_presidential_election_on_target_house_boundaries
2018,2018,2016,MI-3,MI,3,Clinton,Trump,42.2,51.6,-9.399999999999999,93.80000000000001,Daily Kos Elections presidential results by congressional district,presidential_results_on_2018_districts.csv,Congressional district lines used in the 2018 elections,1.0,True,same_election_boundary_set,True,most_recent_completed_presidential_election_on_target_house_boundaries
2018,2018,2016,MI-4,MI,4,Clinton,Trump,34.7,59.5,-24.799999999999997,94.2,Daily Kos Elections presidential results by congressional district,presidential_results_on_2018_districts.csv,Congressional district lines used in the 2018 elections,1.0,True,same_election_boundary_set,True,most_recent_completed_presidential_election_on_target_house_boundaries
2018,2018,2016,MI-5,MI,5,Clinton,Trump,49.7,45.5,4.200000000000003,95.2,Daily Kos Elections presidential results by congressional district,presidential_results_on_2018_districts.csv,Congressional district lines used in the 2018 elections,1.0,True,same_election_boundary_set,True,most_recent_completed_presidential_election_on_target_house_boundaries
2018,2018,2016,MI-6,MI,6,Clinton,Trump,42.9,51.3,-8.399999999999999,94.19999999999999,Daily Kos Elections presidential results by congressional district,presidential_results_on_2018_districts.csv,Congressional district lines used in the 2018 elections,1.0,True,same_election_boundary_set,True,most_recent_completed_presidential_election_on_target_house_boundaries
2018,2018,2016,MI-7,MI,7,Clinton,Trump,38.7,55.7,-17.0,94.4,Daily Kos Elections presidential results by congressional district,presidential_results_on_2018_districts.csv,Congressional district lines used in the 2018 elections,1.0,True,same_election_boundary_set,True,most_recent_completed_presidential_election_on_target_house_boundaries
2018,2018,2016,MI-8,MI,8,Clinton,Trump,43.9,50.6,-6.700000000000003,94.5,Daily Kos Elections presidential results by congressional district,presidential_results_on_2018_districts.csv,Congressional district lines used in the 2018 elections,1.0,True,same_election_boundary_set,True,most_recent_completed_presidential_election_on_target_house_boundaries
2018,2018,2016,MI-9,MI,9,Clinton,Trump,51.5,43.7,7.799999999999997,95.2,Daily Kos Elections presidential results by congressional district,presidential_results_on_2018_districts.csv,Congressional district lines used in the 2018 elections,1.0,True,same_election_boundary_set,True,most_recent_completed_presidential_election_on_target_house_boundaries
2018,2018,2016,MN-1,MN,1,Clinton,Trump,38.4,53.3,-14.899999999999999,91.69999999999999,Daily Kos Elections presidential results by congressional district,presidential_results_on_2018_districts.csv,Congressional district lines used in the 2018 elections,1.0,True,same_election_boundary_set,True,most_recent_completed_presidential_election_on_target_house_boundaries
2018,2018,2016,MN-2,MN,2,Clinton,Trump,45.3,46.5,-1.2000000000000028,91.8,Daily Kos Elections presidential results by congressional district,presidential_results_on_2018_districts.csv,Congressional district lines used in the 2018 elections,1.0,True,same_election_boundary_set,True,most_recent_completed_presidential_election_on_target_house_boundaries
2018,2018,2016,MN-3,MN,3,Clinton,Trump,50.8,41.4,9.399999999999999,92.19999999999999,Daily Kos Elections presidential results by congressional district,presidential_results_on_2018_districts.csv,Congressional district lines used in the 2018 elections,1.0,True,same_election_boundary_set,True,most_recent_completed_presidential_election_on_target_house_boundaries
2018,2018,2016,MN-4,MN,4,Clinton,Trump,61.5,30.6,30.9,92.1,Daily Kos Elections presidential results by congressional district,presidential_results_on_2018_districts.csv,Congressional district lines used in the 2018 elections,1.0,True,same_election_boundary_set,True,most_recent_completed_presidential_election_on_target_house_boundaries
2018,2018,2016,MN-5,MN,5,Clinton,Trump,73.7,18.5,55.2,92.2,Daily Kos Elections presidential results by congressional district,presidential_results_on_2018_districts.csv,Congressional district lines used in the 2018 elections,1.0,True,same_election_boundary_set,True,most_recent_completed_presidential_election_on_target_house_boundaries
2018,2018,2016,MN-6,MN,6,Clinton,Trump,33.2,58.9,-25.699999999999996,92.1,Daily Kos Elections presidential results by congressional district,presidential_results_on_2018_districts.csv,Congressional district lines used in the 2018 elections,1.0,True,same_election_boundary_set,True,most_recent_completed_presidential_election_on_target_house_boundaries
2018,2018,2016,MN-7,MN,7,Clinton,Trump,31.0,61.8,-30.799999999999997,92.8,Daily Kos Elections presidential results by congressional district,presidential_results_on_2018_districts.csv,Congressional district lines used in the 2018 elections,1.0,True,same_election_boundary_set,True,most_recent_completed_presidential_election_on_target_house_boundaries
2018,2018,2016,MN-8,MN,8,Clinton,Trump,38.6,54.2,-15.600000000000001,92.80000000000001,Daily Kos Elections presidential results by congressional district,presidential_results_on_2018_districts.csv,Congressional district lines used in the 2018 elections,1.0,True,same_election_boundary_set,True,most_recent_completed_presidential_election_on_target_house_boundaries
2018,2018,2016,MO-1,MO,1,Clinton,Trump,77.0,18.8,58.2,95.8,Daily Kos Elections presidential results by congressional district,presidential_results_on_2018_districts.csv,Congressional district lines used in the 2018 elections,1.0,True,same_election_boundary_set,True,most_recent_completed_presidential_election_on_target_house_boundaries
2018,2018,2016,MO-2,MO,2,Clinton,Trump,42.3,52.6,-10.300000000000004,94.9,Daily Kos Elections presidential results by congressional district,presidential_results_on_2018_districts.csv,Congressional district lines used in the 2018 elections,1.0,True,same_election_boundary_set,True,most_recent_completed_presidential_election_on_target_house_boundaries
2018,2018,2016,MO-3,MO,3,Clinton,Trump,28.1,67.1,-38.99999999999999,95.19999999999999,Daily Kos Elections presidential results by congressional district,presidential_results_on_2018_districts.csv,Congressional district lines used in the 2018 elections,1.0,True,same_election_boundary_set,True,most_recent_completed_presidential_election_on_target_house_boundaries
2018,2018,2016,MO-4,MO,4,Clinton,Trump,29.3,65.3,-36.0,94.6,Daily Kos Elections presidential results by congressional district,presidential_results_on_2018_districts.csv,Congressional district lines used in the 2018 elections,1.0,True,same_election_boundary_set,True,most_recent_completed_presidential_election_on_target_house_boundaries
2018,2018,2016,MO-5,MO,5,Clinton,Trump,54.1,40.6,13.5,94.7,Daily Kos Elections presidential results by congressional district,presidential_results_on_2018_districts.csv,Congressional district lines used in the 2018 elections,1.0,True,same_election_boundary_set,True,most_recent_completed_presidential_election_on_target_house_boundaries
2018,2018,2016,MO-6,MO,6,Clinton,Trump,31.7,63.1,-31.400000000000002,94.8,Daily Kos Elections presidential results by congressional district,presidential_results_on_2018_districts.csv,Congressional district lines used in the 2018 elections,1.0,True,same_election_boundary_set,True,most_recent_completed_presidential_election_on_target_house_boundaries
2018,2018,2016,MO-7,MO,7,Clinton,Trump,24.7,70.4,-45.7,95.10000000000001,Daily Kos Elections presidential results by congressional district,presidential_results_on_2018_districts.csv,Congressional district lines used in the 2018 elections,1.0,True,same_election_boundary_set,True,most_recent_completed_presidential_election_on_target_house_boundaries
2018,2018,2016,MO-8,MO,8,Clinton,Trump,21.0,75.4,-54.400000000000006,96.4,Daily Kos Elections presidential results by congressional district,presidential_results_on_2018_districts.csv,Congressional district lines used in the 2018 elections,1.0,True,same_election_boundary_set,True,most_recent_completed_presidential_election_on_target_house_boundaries
2018,2018,2016,MS-1,MS,1,Clinton,Trump,32.4,65.4,-33.00000000000001,97.80000000000001,Daily Kos Elections presidential results by congressional district,presidential_results_on_2018_districts.csv,Congressional district lines used in the 2018 elections,1.0,True,same_election_boundary_set,True,most_recent_completed_presidential_election_on_target_house_boundaries
2018,2018,2016,MS-2,MS,2,Clinton,Trump,63.6,35.1,28.5,98.7,Daily Kos Elections presidential results by congressional district,presidential_results_on_2018_districts.csv,Congressional district lines used in the 2018 elections,1.0,True,same_election_boundary_set,True,most_recent_completed_presidential_election_on_target_house_boundaries
2018,2018,2016,MS-3,MS,3,Clinton,Trump,36.8,61.3,-24.5,98.1,Daily Kos Elections presidential results by congressional district,presidential_results_on_2018_districts.csv,Congressional district lines used in the 2018 elections,1.0,True,same_election_boundary_set,True,most_recent_completed_presidential_election_on_target_house_boundaries
2018,2018,2016,MS-4,MS,4,Clinton,Trump,28.2,69.4,-41.2,97.60000000000001,Daily Kos Elections presidential results by congressional district,presidential_results_on_2018_districts.csv,Congressional district lines used in the 2018 elections,1.0,True,same_election_boundary_set,True,most_recent_completed_presidential_election_on_target_house_boundaries
2018,2018,2016,MT-AL,MT,AL,Clinton,Trump,35.9,56.5,-20.6,92.4,Daily Kos Elections presidential results by congressional district,presidential_results_on_2018_districts.csv,Congressional district lines used in the 2018 elections,1.0,True,same_election_boundary_set,True,most_recent_completed_presidential_election_on_target_house_boundaries
2018,2018,2016,NC-1,NC,1,Clinton,Trump,67.5,30.5,37.0,98.0,Daily Kos Elections presidential results by congressional district,presidential_results_on_2018_districts.csv,Congressional district lines used in the 2018 elections,1.0,True,same_election_boundary_set,True,most_recent_completed_presidential_election_on_target_house_boundaries
2018,2018,2016,NC-10,NC,10,Clinton,Trump,36.4,61.0,-24.6,97.4,Daily Kos Elections presidential results by congressional district,presidential_results_on_2018_districts.csv,Congressional district lines used in the 2018 elections,1.0,True,same_election_boundary_set,True,most_recent_completed_presidential_election_on_target_house_boundaries
2018,2018,2016,NC-11,NC,11,Clinton,Trump,34.0,63.2,-29.200000000000003,97.2,Daily Kos Elections presidential results by congressional district,presidential_results_on_2018_districts.csv,Congressional district lines used in the 2018 elections,1.0,True,same_election_boundary_set,True,most_recent_completed_presidential_election_on_target_house_boundaries
2018,2018,2016,NC-12,NC,12,Clinton,Trump,68.4,28.4,40.00000000000001,96.80000000000001,Daily Kos Elections presidential results by congressional district,presidential_results_on_2018_districts.csv,Congressional district lines used in the 2018 elections,1.0,True,same_election_boundary_set,True,most_recent_completed_presidential_election_on_target_house_boundaries
2018,2018,2016,NC-13,NC,13,Clinton,Trump,44.0,53.4,-9.399999999999999,97.4,Daily Kos Elections presidential results by congressional district,presidential_results_on_2018_districts.csv,Congressional district lines used in the 2018 elections,1.0,True,same_election_boundary_set,True,most_recent_completed_presidential_election_on_target_house_boundaries
2018,2018,2016,NC-2,NC,2,Clinton,Trump,43.6,53.2,-9.600000000000001,96.80000000000001,Daily Kos Elections presidential results by congressional district,presidential_results_on_2018_districts.csv,Congressional district lines used in the 2018 elections,1.0,True,same_election_boundary_set,True,most_recent_completed_presidential_election_on_target_house_boundaries
2018,2018,2016,NC-3,NC,3,Clinton,Trump,36.9,60.5,-23.6,97.4,Daily Kos Elections presidential results by congressional district,presidential_results_on_2018_districts.csv,Congressional district lines used in the 2018 elections,1.0,True,same_election_boundary_set,True,most_recent_completed_presidential_election_on_target_house_boundaries
2018,2018,2016,NC-4,NC,4,Clinton,Trump,68.2,28.2,40.0,96.4,Daily Kos Elections presidential results by congressional district,presidential_results_on_2018_districts.csv,Congressional district lines used in the 2018 elections,1.0,True,same_election_boundary_set,True,most_recent_completed_presidential_election_on_target_house_boundaries
2018,2018,2016,NC-5,NC,5,Clinton,Trump,39.8,57.4,-17.6,97.19999999999999,Daily Kos Elections presidential results by congressional district,presidential_results_on_2018_districts.csv,Congressional district lines used in the 2018 elections,1.0,True,same_election_boundary_set,True,most_recent_completed_presidential_election_on_target_house_boundaries
2018,2018,2016,NC-6,NC,6,Clinton,Trump,41.4,56.1,-14.700000000000003,97.5,Daily Kos Elections presidential results by congressional district,presidential_results_on_2018_districts.csv,Congressional district lines used in the 2018 elections,1.0,True,same_election_boundary_set,True,most_recent_completed_presidential_election_on_target_house_boundaries
2018,2018,2016,NC-7,NC,7,Clinton,Trump,39.9,57.6,-17.700000000000003,97.5,Daily Kos Elections presidential results by congressional district,presidential_results_on_2018_districts.csv,Congressional district lines used in the 2018 elections,1.0,True,same_election_boundary_set,True,most_recent_completed_presidential_election_on_target_house_boundaries
2018,2018,2016,NC-8,NC,8,Clinton,Trump,41.1,56.1,-15.0,97.2,Daily Kos Elections presidential results by congressional district,presidential_results_on_2018_districts.csv,Congressional district lines used in the 2018 elections,1.0,True,same_election_boundary_set,True,most_recent_completed_presidential_election_on_target_house_boundaries
2018,2018,2016,NC-9,NC,9,Clinton,Trump,42.8,54.4,-11.600000000000001,97.19999999999999,Daily Kos Elections presidential results by congressional district,presidential_results_on_2018_districts.csv,Congressional district lines used in the 2018 elections,1.0,True,same_election_boundary_set,True,most_recent_completed_presidential_election_on_target_house_boundaries
2018,2018,2016,ND-AL,ND,AL,Clinton,Trump,27.7,64.1,-36.39999999999999,91.8,Daily Kos Elections presidential results by congressional district,presidential_results_on_2018_districts.csv,Congressional district lines used in the 2018 elections,1.0,True,same_election_boundary_set,True,most_recent_completed_presidential_election_on_target_house_boundaries
2018,2018,2016,NE-1,NE,1,Clinton,Trump,36.2,57.5,-21.299999999999997,93.7,Daily Kos Elections presidential results by congressional district,presidential_results_on_2018_districts.csv,Congressional district lines used in the 2018 elections,1.0,True,same_election_boundary_set,True,most_recent_completed_presidential_election_on_target_house_boundaries
2018,2018,2016,NE-2,NE,2,Clinton,Trump,46.0,48.2,-2.200000000000003,94.2,Daily Kos Elections presidential results by congressional district,presidential_results_on_2018_districts.csv,Congressional district lines used in the 2018 elections,1.0,True,same_election_boundary_set,True,most_recent_completed_presidential_election_on_target_house_boundaries
2018,2018,2016,NE-3,NE,3,Clinton,Trump,20.0,74.9,-54.900000000000006,94.9,Daily Kos Elections presidential results by congressional district,presidential_results_on_2018_districts.csv,Congressional district lines used in the 2018 elections,1.0,True,same_election_boundary_set,True,most_recent_completed_presidential_election_on_target_house_boundaries
2018,2018,2016,NH-1,NH,1,Clinton,Trump,46.6,48.2,-1.6000000000000014,94.80000000000001,Daily Kos Elections presidential results by congressional district,presidential_results_on_2018_districts.csv,Congressional district lines used in the 2018 elections,1.0,True,same_election_boundary_set,True,most_recent_completed_presidential_election_on_target_house_boundaries
2018,2018,2016,NH-2,NH,2,Clinton,Trump,48.6,46.2,2.3999999999999986,94.80000000000001,Daily Kos Elections presidential results by congressional district,presidential_results_on_2018_districts.csv,Congressional district lines used in the 2018 elections,1.0,True,same_election_boundary_set,True,most_recent_completed_presidential_election_on_target_house_boundaries
2018,2018,2016,NJ-1,NJ,1,Clinton,Trump,60.6,36.1,24.5,96.7,Daily Kos Elections presidential results by congressional district,presidential_results_on_2018_districts.csv,Congressional district lines used in the 2018 elections,1.0,True,same_election_boundary_set,True,most_recent_completed_presidential_election_on_target_house_boundaries
2018,2018,2016,NJ-10,NJ,10,Clinton,Trump,85.2,12.8,72.4,98.0,Daily Kos Elections presidential results by congressional district,presidential_results_on_2018_districts.csv,Congressional district lines used in the 2018 elections,1.0,True,same_election_boundary_set,True,most_recent_completed_presidential_election_on_target_house_boundaries
2018,2018,2016,NJ-11,NJ,11,Clinton,Trump,47.9,48.8,-0.8999999999999986,96.69999999999999,Daily Kos Elections presidential results by congressional district,presidential_results_on_2018_districts.csv,Congressional district lines used in the 2018 elections,1.0,True,same_election_boundary_set,True,most_recent_completed_presidential_election_on_target_house_boundaries
2018,2018,2016,NJ-12,NJ,12,Clinton,Trump,65.0,31.8,33.2,96.8,Daily Kos Elections presidential results by congressional district,presidential_results_on_2018_districts.csv,Congressional district lines used in the 2018 elections,1.0,True,same_election_boundary_set,True,most_recent_completed_presidential_election_on_target_house_boundaries
2018,2018,2016,NJ-2,NJ,2,Clinton,Trump,46.0,50.6,-4.600000000000001,96.6,Daily Kos Elections presidential results by congressional district,presidential_results_on_2018_districts.csv,Congressional district lines used in the 2018 elections,1.0,True,same_election_boundary_set,True,most_recent_completed_presidential_election_on_target_house_boundaries
2018,2018,2016,NJ-3,NJ,3,Clinton,Trump,45.2,51.4,-6.199999999999996,96.6,Daily Kos Elections presidential results by congressional district,presidential_results_on_2018_districts.csv,Congressional district lines used in the 2018 elections,1.0,True,same_election_boundary_set,True,most_recent_completed_presidential_election_on_target_house_boundaries
2018,2018,2016,NJ-4,NJ,4,Clinton,Trump,41.0,55.8,-14.799999999999997,96.8,Daily Kos Elections presidential results by congressional district,presidential_results_on_2018_districts.csv,Congressional district lines used in the 2018 elections,1.0,True,same_election_boundary_set,True,most_recent_completed_presidential_election_on_target_house_boundaries
2018,2018,2016,NJ-5,NJ,5,Clinton,Trump,47.7,48.8,-1.0999999999999943,96.5,Daily Kos Elections presidential results by congressional district,presidential_results_on_2018_districts.csv,Congressional district lines used in the 2018 elections,1.0,True,same_election_boundary_set,True,most_recent_completed_presidential_election_on_target_house_boundaries
2018,2018,2016,NJ-6,NJ,6,Clinton,Trump,56.2,40.6,15.600000000000001,96.80000000000001,Daily Kos Elections presidential results by congressional district,presidential_results_on_2018_districts.csv,Congressional district lines used in the 2018 elections,1.0,True,same_election_boundary_set,True,most_recent_completed_presidential_election_on_target_house_boundaries
2018,2018,2016,NJ-7,NJ,7,Clinton,Trump,48.6,47.5,1.1000000000000014,96.1,Daily Kos Elections presidential results by congressional district,presidential_results_on_2018_districts.csv,Congressional district lines used in the 2018 elections,1.0,True,same_election_boundary_set,True,most_recent_completed_presidential_election_on_target_house_boundaries
2018,2018,2016,NJ-8,NJ,8,Clinton,Trump,75.7,21.5,54.2,97.2,Daily Kos Elections presidential results by congressional district,presidential_results_on_2018_districts.csv,Congressional district lines used in the 2018 elections,1.0,True,same_election_boundary_set,True,most_recent_completed_presidential_election_on_target_house_boundaries
2018,2018,2016,NJ-9,NJ,9,Clinton,Trump,64.3,33.1,31.199999999999996,97.4,Daily Kos Elections presidential results by congressional district,presidential_results_on_2018_districts.csv,Congressional district lines used in the 2018 elections,1.0,True,same_election_boundary_set,True,most_recent_completed_presidential_election_on_target_house_boundaries
2018,2018,2016,NM-1,NM,1,Clinton,Trump,51.6,35.1,16.5,86.7,Daily Kos Elections presidential results by congressional district,presidential_results_on_2018_districts.csv,Congressional district lines used in the 2018 elections,1.0,True,same_election_boundary_set,True,most_recent_completed_presidential_election_on_target_house_boundaries
2018,2018,2016,NM-2,NM,2,Clinton,Trump,39.9,50.1,-10.200000000000003,90.0,Daily Kos Elections presidential results by congressional district,presidential_results_on_2018_districts.csv,Congressional district lines used in the 2018 elections,1.0,True,same_election_boundary_set,True,most_recent_completed_presidential_election_on_target_house_boundaries
2018,2018,2016,NM-3,NM,3,Clinton,Trump,51.8,36.7,15.099999999999994,88.5,Daily Kos Elections presidential results by congressional district,presidential_results_on_2018_districts.csv,Congressional district lines used in the 2018 elections,1.0,True,same_election_boundary_set,True,most_recent_completed_presidential_election_on_target_house_boundaries
2018,2018,2016,NV-1,NV,1,Clinton,Trump,61.6,32.6,29.0,94.2,Daily Kos Elections presidential results by congressional district,presidential_results_on_2018_districts.csv,Congressional district lines used in the 2018 elections,1.0,True,same_election_boundary_set,True,most_recent_completed_presidential_election_on_target_house_boundaries
2018,2018,2016,NV-2,NV,2,Clinton,Trump,39.7,52.0,-12.299999999999997,91.7,Daily Kos Elections presidential results by congressional district,presidential_results_on_2018_districts.csv,Congressional district lines used in the 2018 elections,1.0,True,same_election_boundary_set,True,most_recent_completed_presidential_election_on_target_house_boundaries
2018,2018,2016,NV-3,NV,3,Clinton,Trump,46.5,47.5,-1.0,94.0,Daily Kos Elections presidential results by congressional district,presidential_results_on_2018_districts.csv,Congressional district lines used in the 2018 elections,1.0,True,same_election_boundary_set,True,most_recent_completed_presidential_election_on_target_house_boundaries
2018,2018,2016,NV-4,NV,4,Clinton,Trump,49.5,44.6,4.899999999999999,94.1,Daily Kos Elections presidential results by congressional district,presidential_results_on_2018_districts.csv,Congressional district lines used in the 2018 elections,1.0,True,same_election_boundary_set,True,most_recent_completed_presidential_election_on_target_house_boundaries
2018,2018,2016,NY-1,NY,1,Clinton,Trump,42.2,54.5,-12.299999999999997,96.7,Daily Kos Elections presidential results by congressional district,presidential_results_on_2018_districts.csv,Congressional district lines used in the 2018 elections,1.0,True,same_election_boundary_set,True,most_recent_completed_presidential_election_on_target_house_boundaries
2018,2018,2016,NY-10,NY,10,Clinton,Trump,78.3,18.8,59.5,97.1,Daily Kos Elections presidential results by congressional district,presidential_results_on_2018_districts.csv,Congressional district lines used in the 2018 elections,1.0,True,same_election_boundary_set,True,most_recent_completed_presidential_election_on_target_house_boundaries
2018,2018,2016,NY-11,NY,11,Clinton,Trump,43.8,53.6,-9.800000000000004,97.4,Daily Kos Elections presidential results by congressional district,presidential_results_on_2018_districts.csv,Congressional district lines used in the 2018 elections,1.0,True,same_election_boundary_set,True,most_recent_completed_presidential_election_on_target_house_boundaries
2018,2018,2016,NY-12,NY,12,Clinton,Trump,83.3,13.5,69.8,96.8,Daily Kos Elections presidential results by congressional district,presidential_results_on_2018_districts.csv,Congressional district lines used in the 2018 elections,1.0,True,same_election_boundary_set,True,most_recent_completed_presidential_election_on_target_house_boundaries
2018,2018,2016,NY-13,NY,13,Clinton,Trump,92.3,5.4,86.89999999999999,97.7,Daily Kos Elections presidential results by congressional district,presidential_results_on_2018_districts.csv,Congressional district lines used in the 2018 elections,1.0,True,same_election_boundary_set,True,most_recent_completed_presidential_election_on_target_house_boundaries
2018,2018,2016,NY-14,NY,14,Clinton,Trump,77.7,19.8,57.900000000000006,97.5,Daily Kos Elections presidential results by congressional district,presidential_results_on_2018_districts.csv,Congressional district lines used in the 2018 elections,1.0,True,same_election_boundary_set,True,most_recent_completed_presidential_election_on_target_house_boundaries
2018,2018,2016,NY-15,NY,15,Clinton,Trump,93.8,4.9,88.89999999999999,98.7,Daily Kos Elections presidential results by congressional district,presidential_results_on_2018_districts.csv,Congressional district lines used in the 2018 elections,1.0,True,same_election_boundary_set,True,most_recent_completed_presidential_election_on_target_house_boundaries
2018,2018,2016,NY-16,NY,16,Clinton,Trump,75.1,22.5,52.599999999999994,97.6,Daily Kos Elections presidential results by congressional district,presidential_results_on_2018_districts.csv,Congressional district lines used in the 2018 elections,1.0,True,same_election_boundary_set,True,most_recent_completed_presidential_election_on_target_house_boundaries
2018,2018,2016,NY-17,NY,17,Clinton,Trump,58.6,38.4,20.200000000000003,97.0,Daily Kos Elections presidential results by congressional district,presidential_results_on_2018_districts.csv,Congressional district lines used in the 2018 elections,1.0,True,same_election_boundary_set,True,most_recent_completed_presidential_election_on_target_house_boundaries
2018,2018,2016,NY-18,NY,18,Clinton,Trump,47.1,49.0,-1.8999999999999986,96.1,Daily Kos Elections presidential results by congressional district,presidential_results_on_2018_districts.csv,Congressional district lines used in the 2018 elections,1.0,True,same_election_boundary_set,True,most_recent_completed_presidential_election_on_target_house_boundaries
2018,2018,2016,NY-19,NY,19,Clinton,Trump,44.0,50.8,-6.799999999999997,94.8,Daily Kos Elections presidential results by congressional district,presidential_results_on_2018_districts.csv,Congressional district lines used in the 2018 elections,1.0,True,same_election_boundary_set,True,most_recent_completed_presidential_election_on_target_house_boundaries
2018,2018,2016,NY-2,NY,2,Clinton,Trump,43.9,53.0,-9.100000000000001,96.9,Daily Kos Elections presidential results by congressional district,presidential_results_on_2018_districts.csv,Congressional district lines used in the 2018 elections,1.0,True,same_election_boundary_set,True,most_recent_completed_presidential_election_on_target_house_boundaries
2018,2018,2016,NY-20,NY,20,Clinton,Trump,54.0,40.5,13.5,94.5,Daily Kos Elections presidential results by congressional district,presidential_results_on_2018_districts.csv,Congressional district lines used in the 2018 elections,1.0,True,same_election_boundary_set,True,most_recent_completed_presidential_election_on_target_house_boundaries
2018,2018,2016,NY-21,NY,21,Clinton,Trump,40.0,53.9,-13.899999999999999,93.9,Daily Kos Elections presidential results by congressional district,presidential_results_on_2018_districts.csv,Congressional district lines used in the 2018 elections,1.0,True,same_election_boundary_set,True,most_recent_completed_presidential_election_on_target_house_boundaries
2018,2018,2016,NY-22,NY,22,Clinton,Trump,39.3,54.8,-15.5,94.1,Daily Kos Elections presidential results by congressional district,presidential_results_on_2018_districts.csv,Congressional district lines used in the 2018 elections,1.0,True,same_election_boundary_set,True,most_recent_completed_presidential_election_on_target_house_boundaries
2018,2018,2016,NY-23,NY,23,Clinton,Trump,39.7,54.5,-14.799999999999997,94.2,Daily Kos Elections presidential results by congressional district,presidential_results_on_2018_districts.csv,Congressional district lines used in the 2018 elections,1.0,True,same_election_boundary_set,True,most_recent_completed_presidential_election_on_target_house_boundaries
2018,2018,2016,NY-24,NY,24,Clinton,Trump,48.9,45.3,3.6000000000000014,94.19999999999999,Daily Kos Elections presidential results by congressional district,presidential_results_on_2018_districts.csv,Congressional district lines used in the 2018 elections,1.0,True,same_election_boundary_set,True,most_recent_completed_presidential_election_on_target_house_boundaries
2018,2018,2016,NY-25,NY,25,Clinton,Trump,55.5,39.1,16.4,94.6,Daily Kos Elections presidential results by congressional district,presidential_results_on_2018_districts.csv,Congressional district lines used in the 2018 elections,1.0,True,same_election_boundary_set,True,most_recent_completed_presidential_election_on_target_house_boundaries
2018,2018,2016,NY-26,NY,26,Clinton,Trump,57.6,38.0,19.6,95.6,Daily Kos Elections presidential results by congressional district,presidential_results_on_2018_districts.csv,Congressional district lines used in the 2018 elections,1.0,True,same_election_boundary_set,True,most_recent_completed_presidential_election_on_target_house_boundaries
2018,2018,2016,NY-27,NY,27,Clinton,Trump,35.2,59.7,-24.5,94.9,Daily Kos Elections presidential results by congressional district,presidential_results_on_2018_districts.csv,Congressional district lines used in the 2018 elections,1.0,True,same_election_boundary_set,True,most_recent_completed_presidential_election_on_target_house_boundaries
2018,2018,2016,NY-3,NY,3,Clinton,Trump,51.6,45.5,6.100000000000001,97.1,Daily Kos Elections presidential results by congressional district,presidential_results_on_2018_districts.csv,Congressional district lines used in the 2018 elections,1.0,True,same_election_boundary_set,True,most_recent_completed_presidential_election_on_target_house_boundaries
2018,2018,2016,NY-4,NY,4,Clinton,Trump,53.4,43.8,9.600000000000001,97.19999999999999,Daily Kos Elections presidential results by congressional district,presidential_results_on_2018_districts.csv,Congressional district lines used in the 2018 elections,1.0,True,same_election_boundary_set,True,most_recent_completed_presidential_election_on_target_house_boundaries
2018,2018,2016,NY-5,NY,5,Clinton,Trump,85.7,12.7,73.0,98.4,Daily Kos Elections presidential results by congressional district,presidential_results_on_2018_districts.csv,Congressional district lines used in the 2018 elections,1.0,True,same_election_boundary_set,True,most_recent_completed_presidential_election_on_target_house_boundaries
2018,2018,2016,NY-6,NY,6,Clinton,Trump,65.1,32.1,32.99999999999999,97.19999999999999,Daily Kos Elections presidential results by congressional district,presidential_results_on_2018_districts.csv,Congressional district lines used in the 2018 elections,1.0,True,same_election_boundary_set,True,most_recent_completed_presidential_election_on_target_house_boundaries
2018,2018,2016,NY-7,NY,7,Clinton,Trump,86.9,10.4,76.5,97.30000000000001,Daily Kos Elections presidential results by congressional district,presidential_results_on_2018_districts.csv,Congressional district lines used in the 2018 elections,1.0,True,same_election_boundary_set,True,most_recent_completed_presidential_election_on_target_house_boundaries
2018,2018,2016,NY-8,NY,8,Clinton,Trump,84.6,13.5,71.1,98.1,Daily Kos Elections presidential results by congressional district,presidential_results_on_2018_districts.csv,Congressional district lines used in the 2018 elections,1.0,True,same_election_boundary_set,True,most_recent_completed_presidential_election_on_target_house_boundaries
2018,2018,2016,NY-9,NY,9,Clinton,Trump,83.5,14.4,69.1,97.9,Daily Kos Elections presidential results by congressional district,presidential_results_on_2018_districts.csv,Congressional district lines used in the 2018 elections,1.0,True,same_election_boundary_set,True,most_recent_completed_presidential_election_on_target_house_boundaries
2018,2018,2016,OH-1,OH,1,Clinton,Trump,44.6,51.2,-6.600000000000001,95.80000000000001,Daily Kos Elections presidential results by congressional district,presidential_results_on_2018_districts.csv,Congressional district lines used in the 2018 elections,1.0,True,same_election_boundary_set,True,most_recent_completed_presidential_election_on_target_house_boundaries
2018,2018,2016,OH-10,OH,10,Clinton,Trump,44.0,51.3,-7.299999999999997,95.3,Daily Kos Elections presidential results by congressional district,presidential_results_on_2018_districts.csv,Congressional district lines used in the 2018 elections,1.0,True,same_election_boundary_set,True,most_recent_completed_presidential_election_on_target_house_boundaries
2018,2018,2016,OH-11,OH,11,Clinton,Trump,80.5,17.0,63.5,97.5,Daily Kos Elections presidential results by congressional district,presidential_results_on_2018_districts.csv,Congressional district lines used in the 2018 elections,1.0,True,same_election_boundary_set,True,most_recent_completed_presidential_election_on_target_house_boundaries
2018,2018,2016,OH-12,OH,12,Clinton,Trump,41.9,53.2,-11.300000000000004,95.1,Daily Kos Elections presidential results by congressional district,presidential_results_on_2018_districts.csv,Congressional district lines used in the 2018 elections,1.0,True,same_election_boundary_set,True,most_recent_completed_presidential_election_on_target_house_boundaries
2018,2018,2016,OH-13,OH,13,Clinton,Trump,51.1,44.6,6.5,95.7,Daily Kos Elections presidential results by congressional district,presidential_results_on_2018_districts.csv,Congressional district lines used in the 2018 elections,1.0,True,same_election_boundary_set,True,most_recent_completed_presidential_election_on_target_house_boundaries
2018,2018,2016,OH-14,OH,14,Clinton,Trump,42.1,53.6,-11.5,95.7,Daily Kos Elections presidential results by congressional district,presidential_results_on_2018_districts.csv,Congressional district lines used in the 2018 elections,1.0,True,same_election_boundary_set,True,most_recent_completed_presidential_election_on_target_house_boundaries
2018,2018,2016,OH-15,OH,15,Clinton,Trump,39.9,55.3,-15.399999999999999,95.19999999999999,Daily Kos Elections presidential results by congressional district,presidential_results_on_2018_districts.csv,Congressional district lines used in the 2018 elections,1.0,True,same_election_boundary_set,True,most_recent_completed_presidential_election_on_target_house_boundaries
2018,2018,2016,OH-16,OH,16,Clinton,Trump,39.5,56.2,-16.700000000000003,95.7,Daily Kos Elections presidential results by congressional district,presidential_results_on_2018_districts.csv,Congressional district lines used in the 2018 elections,1.0,True,same_election_boundary_set,True,most_recent_completed_presidential_election_on_target_house_boundaries
2018,2018,2016,OH-2,OH,2,Clinton,Trump,39.7,55.8,-16.099999999999994,95.5,Daily Kos Elections presidential results by congressional district,presidential_results_on_2018_districts.csv,Congressional district lines used in the 2018 elections,1.0,True,same_election_boundary_set,True,most_recent_completed_presidential_election_on_target_house_boundaries
2018,2018,2016,OH-3,OH,3,Clinton,Trump,67.0,28.6,38.4,95.6,Daily Kos Elections presidential results by congressional district,presidential_results_on_2018_districts.csv,Congressional district lines used in the 2018 elections,1.0,True,same_election_boundary_set,True,most_recent_completed_presidential_election_on_target_house_boundaries
2018,2018,2016,OH-4,OH,4,Clinton,Trump,30.7,64.3,-33.599999999999994,95.0,Daily Kos Elections presidential results by congressional district,presidential_results_on_2018_districts.csv,Congressional district lines used in the 2018 elections,1.0,True,same_election_boundary_set,True,most_recent_completed_presidential_election_on_target_house_boundaries
2018,2018,2016,OH-5,OH,5,Clinton,Trump,34.6,59.7,-25.1,94.30000000000001,Daily Kos Elections presidential results by congressional district,presidential_results_on_2018_districts.csv,Congressional district lines used in the 2018 elections,1.0,True,same_election_boundary_set,True,most_recent_completed_presidential_election_on_target_house_boundaries
2018,2018,2016,OH-6,OH,6,Clinton,Trump,26.7,69.3,-42.599999999999994,96.0,Daily Kos Elections presidential results by congressional district,presidential_results_on_2018_districts.csv,Congressional district lines used in the 2018 elections,1.0,True,same_election_boundary_set,True,most_recent_completed_presidential_election_on_target_house_boundaries
2018,2018,2016,OH-7,OH,7,Clinton,Trump,32.8,62.5,-29.700000000000003,95.3,Daily Kos Elections presidential results by congressional district,presidential_results_on_2018_districts.csv,Congressional district lines used in the 2018 elections,1.0,True,same_election_boundary_set,True,most_recent_completed_presidential_election_on_target_house_boundaries
2018,2018,2016,OH-8,OH,8,Clinton,Trump,30.6,65.1,-34.49999999999999,95.69999999999999,Daily Kos Elections presidential results by congressional district,presidential_results_on_2018_districts.csv,Congressional district lines used in the 2018 elections,1.0,True,same_election_boundary_set,True,most_recent_completed_presidential_election_on_target_house_boundaries
2018,2018,2016,OH-9,OH,9,Clinton,Trump,58.7,36.5,22.200000000000003,95.2,Daily Kos Elections presidential results by congressional district,presidential_results_on_2018_districts.csv,Congressional district lines used in the 2018 elections,1.0,True,same_election_boundary_set,True,most_recent_completed_presidential_election_on_target_house_boundaries
2018,2018,2016,OK-1,OK,1,Clinton,Trump,32.7,61.4,-28.699999999999996,94.1,Daily Kos Elections presidential results by congressional district,presidential_results_on_2018_districts.csv,Congressional district lines used in the 2018 elections,1.0,True,same_election_boundary_set,True,most_recent_completed_presidential_election_on_target_house_boundaries
2018,2018,2016,OK-2,OK,2,Clinton,Trump,22.8,72.9,-50.10000000000001,95.7,Daily Kos Elections presidential results by congressional district,presidential_results_on_2018_districts.csv,Congressional district lines used in the 2018 elections,1.0,True,same_election_boundary_set,True,most_recent_completed_presidential_election_on_target_house_boundaries
2018,2018,2016,OK-3,OK,3,Clinton,Trump,20.9,73.6,-52.699999999999996,94.5,Daily Kos Elections presidential results by congressional district,presidential_results_on_2018_districts.csv,Congressional district lines used in the 2018 elections,1.0,True,same_election_boundary_set,True,most_recent_completed_presidential_election_on_target_house_boundaries
2018,2018,2016,OK-4,OK,4,Clinton,Trump,28.3,65.7,-37.400000000000006,94.0,Daily Kos Elections presidential results by congressional district,presidential_results_on_2018_districts.csv,Congressional district lines used in the 2018 elections,1.0,True,same_election_boundary_set,True,most_recent_completed_presidential_election_on_target_house_boundaries
2018,2018,2016,OK-5,OK,5,Clinton,Trump,39.8,53.2,-13.400000000000006,93.0,Daily Kos Elections presidential results by congressional district,presidential_results_on_2018_districts.csv,Congressional district lines used in the 2018 elections,1.0,True,same_election_boundary_set,True,most_recent_completed_presidential_election_on_target_house_boundaries
2018,2018,2016,OR-1,OR,1,Clinton,Trump,57.3,34.5,22.799999999999997,91.8,Daily Kos Elections presidential results by congressional district,presidential_results_on_2018_districts.csv,Congressional district lines used in the 2018 elections,1.0,True,same_election_boundary_set,True,most_recent_completed_presidential_election_on_target_house_boundaries
2018,2018,2016,OR-2,OR,2,Clinton,Trump,36.4,56.5,-20.1,92.9,Daily Kos Elections presidential results by congressional district,presidential_results_on_2018_districts.csv,Congressional district lines used in the 2018 elections,1.0,True,same_election_boundary_set,True,most_recent_completed_presidential_election_on_target_house_boundaries
2018,2018,2016,OR-3,OR,3,Clinton,Trump,70.7,22.5,48.2,93.2,Daily Kos Elections presidential results by congressional district,presidential_results_on_2018_districts.csv,Congressional district lines used in the 2018 elections,1.0,True,same_election_boundary_set,True,most_recent_completed_presidential_election_on_target_house_boundaries
2018,2018,2016,OR-4,OR,4,Clinton,Trump,46.1,46.0,0.10000000000000142,92.1,Daily Kos Elections presidential results by congressional district,presidential_results_on_2018_districts.csv,Congressional district lines used in the 2018 elections,1.0,True,same_election_boundary_set,True,most_recent_completed_presidential_election_on_target_house_boundaries
2018,2018,2016,OR-5,OR,5,Clinton,Trump,48.3,44.1,4.199999999999996,92.4,Daily Kos Elections presidential results by congressional district,presidential_results_on_2018_districts.csv,Congressional district lines used in the 2018 elections,1.0,True,same_election_boundary_set,True,most_recent_completed_presidential_election_on_target_house_boundaries
2018,2018,2016,PA-1,PA,1,Clinton,Trump,49.1,47.1,2.0,96.2,Daily Kos Elections presidential results by congressional district,presidential_results_on_2018_districts.csv,Congressional district lines used in the 2018 elections,1.0,True,same_election_boundary_set,True,most_recent_completed_presidential_election_on_target_house_boundaries
2018,2018,2016,PA-10,PA,10,Clinton,Trump,43.4,52.3,-8.899999999999999,95.69999999999999,Daily Kos Elections presidential results by congressional district,presidential_results_on_2018_districts.csv,Congressional district lines used in the 2018 elections,1.0,True,same_election_boundary_set,True,most_recent_completed_presidential_election_on_target_house_boundaries
2018,2018,2016,PA-11,PA,11,Clinton,Trump,34.7,60.5,-25.799999999999997,95.2,Daily Kos Elections presidential results by congressional district,presidential_results_on_2018_districts.csv,Congressional district lines used in the 2018 elections,1.0,True,same_election_boundary_set,True,most_recent_completed_presidential_election_on_target_house_boundaries
2018,2018,2016,PA-12,PA,12,Clinton,Trump,29.7,66.1,-36.39999999999999,95.8,Daily Kos Elections presidential results by congressional district,presidential_results_on_2018_districts.csv,Congressional district lines used in the 2018 elections,1.0,True,same_election_boundary_set,True,most_recent_completed_presidential_election_on_target_house_boundaries
2018,2018,2016,PA-13,PA,13,Clinton,Trump,25.5,71.2,-45.7,96.7,Daily Kos Elections presidential results by congressional district,presidential_results_on_2018_districts.csv,Congressional district lines used in the 2018 elections,1.0,True,same_election_boundary_set,True,most_recent_completed_presidential_election_on_target_house_boundaries
2018,2018,2016,PA-14,PA,14,Clinton,Trump,33.9,62.9,-29.0,96.8,Daily Kos Elections presidential results by congressional district,presidential_results_on_2018_districts.csv,Congressional district lines used in the 2018 elections,1.0,True,same_election_boundary_set,True,most_recent_completed_presidential_election_on_target_house_boundaries
2018,2018,2016,PA-15,PA,15,Clinton,Trump,26.5,69.8,-43.3,96.3,Daily Kos Elections presidential results by congressional district,presidential_results_on_2018_districts.csv,Congressional district lines used in the 2018 elections,1.0,True,same_election_boundary_set,True,most_recent_completed_presidential_election_on_target_house_boundaries
2018,2018,2016,PA-16,PA,16,Clinton,Trump,37.9,57.9,-20.0,95.8,Daily Kos Elections presidential results by congressional district,presidential_results_on_2018_districts.csv,Congressional district lines used in the 2018 elections,1.0,True,same_election_boundary_set,True,most_recent_completed_presidential_election_on_target_house_boundaries
2018,2018,2016,PA-17,PA,17,Clinton,Trump,46.8,49.4,-2.6000000000000014,96.19999999999999,Daily Kos Elections presidential results by congressional district,presidential_results_on_2018_districts.csv,Congressional district lines used in the 2018 elections,1.0,True,same_election_boundary_set,True,most_recent_completed_presidential_election_on_target_house_boundaries
2018,2018,2016,PA-18,PA,18,Clinton,Trump,62.1,34.6,27.5,96.7,Daily Kos Elections presidential results by congressional district,presidential_results_on_2018_districts.csv,Congressional district lines used in the 2018 elections,1.0,True,same_election_boundary_set,True,most_recent_completed_presidential_election_on_target_house_boundaries
2018,2018,2016,PA-2,PA,2,Clinton,Trump,72.9,24.9,48.00000000000001,97.80000000000001,Daily Kos Elections presidential results by congressional district,presidential_results_on_2018_districts.csv,Congressional district lines used in the 2018 elections,1.0,True,same_election_boundary_set,True,most_recent_completed_presidential_election_on_target_house_boundaries
2018,2018,2016,PA-3,PA,3,Clinton,Trump,90.9,7.0,83.9,97.9,Daily Kos Elections presidential results by congressional district,presidential_results_on_2018_districts.csv,Congressional district lines used in the 2018 elections,1.0,True,same_election_boundary_set,True,most_recent_completed_presidential_election_on_target_house_boundaries
2018,2018,2016,PA-4,PA,4,Clinton,Trump,57.8,38.5,19.299999999999997,96.3,Daily Kos Elections presidential results by congressional district,presidential_results_on_2018_districts.csv,Congressional district lines used in the 2018 elections,1.0,True,same_election_boundary_set,True,most_recent_completed_presidential_election_on_target_house_boundaries
2018,2018,2016,PA-5,PA,5,Clinton,Trump,62.6,34.4,28.200000000000003,97.0,Daily Kos Elections presidential results by congressional district,presidential_results_on_2018_districts.csv,Congressional district lines used in the 2018 elections,1.0,True,same_election_boundary_set,True,most_recent_completed_presidential_election_on_target_house_boundaries
2018,2018,2016,PA-6,PA,6,Clinton,Trump,52.6,43.3,9.300000000000004,95.9,Daily Kos Elections presidential results by congressional district,presidential_results_on_2018_districts.csv,Congressional district lines used in the 2018 elections,1.0,True,same_election_boundary_set,True,most_recent_completed_presidential_election_on_target_house_boundaries
2018,2018,2016,PA-7,PA,7,Clinton,Trump,48.7,47.6,1.1000000000000014,96.30000000000001,Daily Kos Elections presidential results by congressional district,presidential_results_on_2018_districts.csv,Congressional district lines used in the 2018 elections,1.0,True,same_election_boundary_set,True,most_recent_completed_presidential_election_on_target_house_boundaries
2018,2018,2016,PA-8,PA,8,Clinton,Trump,43.7,53.3,-9.599999999999994,97.0,Daily Kos Elections presidential results by congressional district,presidential_results_on_2018_districts.csv,Congressional district lines used in the 2018 elections,1.0,True,same_election_boundary_set,True,most_recent_completed_presidential_election_on_target_house_boundaries
2018,2018,2016,PA-9,PA,9,Clinton,Trump,31.0,65.0,-34.0,96.0,Daily Kos Elections presidential results by congressional district,presidential_results_on_2018_districts.csv,Congressional district lines used in the 2018 elections,1.0,True,same_election_boundary_set,True,most_recent_completed_presidential_election_on_target_house_boundaries
2018,2018,2016,RI-1,RI,1,Clinton,Trump,60.5,34.9,25.6,95.4,Daily Kos Elections presidential results by congressional district,presidential_results_on_2018_districts.csv,Congressional district lines used in the 2018 elections,1.0,True,same_election_boundary_set,True,most_recent_completed_presidential_election_on_target_house_boundaries
2018,2018,2016,RI-2,RI,2,Clinton,Trump,51.1,44.0,7.100000000000001,95.1,Daily Kos Elections presidential results by congressional district,presidential_results_on_2018_districts.csv,Congressional district lines used in the 2018 elections,1.0,True,same_election_boundary_set,True,most_recent_completed_presidential_election_on_target_house_boundaries
2018,2018,2016,SC-1,SC,1,Clinton,Trump,40.4,53.5,-13.100000000000001,93.9,Daily Kos Elections presidential results by congressional district,presidential_results_on_2018_districts.csv,Congressional district lines used in the 2018 elections,1.0,True,same_election_boundary_set,True,most_recent_completed_presidential_election_on_target_house_boundaries
2018,2018,2016,SC-2,SC,2,Clinton,Trump,38.6,56.3,-17.699999999999996,94.9,Daily Kos Elections presidential results by congressional district,presidential_results_on_2018_districts.csv,Congressional district lines used in the 2018 elections,1.0,True,same_election_boundary_set,True,most_recent_completed_presidential_election_on_target_house_boundaries
2018,2018,2016,SC-3,SC,3,Clinton,Trump,29.0,67.0,-38.0,96.0,Daily Kos Elections presidential results by congressional district,presidential_results_on_2018_districts.csv,Congressional district lines used in the 2018 elections,1.0,True,same_election_boundary_set,True,most_recent_completed_presidential_election_on_target_house_boundaries
2018,2018,2016,SC-4,SC,4,Clinton,Trump,34.5,60.2,-25.700000000000003,94.7,Daily Kos Elections presidential results by congressional district,presidential_results_on_2018_districts.csv,Congressional district lines used in the 2018 elections,1.0,True,same_election_boundary_set,True,most_recent_completed_presidential_election_on_target_house_boundaries
2018,2018,2016,SC-5,SC,5,Clinton,Trump,38.8,57.3,-18.5,96.1,Daily Kos Elections presidential results by congressional district,presidential_results_on_2018_districts.csv,Congressional district lines used in the 2018 elections,1.0,True,same_election_boundary_set,True,most_recent_completed_presidential_election_on_target_house_boundaries
2018,2018,2016,SC-6,SC,6,Clinton,Trump,66.8,30.3,36.5,97.1,Daily Kos Elections presidential results by congressional district,presidential_results_on_2018_districts.csv,Congressional district lines used in the 2018 elections,1.0,True,same_election_boundary_set,True,most_recent_completed_presidential_election_on_target_house_boundaries
2018,2018,2016,SC-7,SC,7,Clinton,Trump,39.1,58.0,-18.9,97.1,Daily Kos Elections presidential results by congressional district,presidential_results_on_2018_districts.csv,Congressional district lines used in the 2018 elections,1.0,True,same_election_boundary_set,True,most_recent_completed_presidential_election_on_target_house_boundaries
2018,2018,2016,SD-AL,SD,AL,Clinton,Trump,31.7,61.5,-29.8,93.2,Daily Kos Elections presidential results by congressional district,presidential_results_on_2018_districts.csv,Congressional district lines used in the 2018 elections,1.0,True,same_election_boundary_set,True,most_recent_completed_presidential_election_on_target_house_boundaries
2018,2018,2016,TN-1,TN,1,Clinton,Trump,19.7,76.7,-57.0,96.4,Daily Kos Elections presidential results by congressional district,presidential_results_on_2018_districts.csv,Congressional district lines used in the 2018 elections,1.0,True,same_election_boundary_set,True,most_recent_completed_presidential_election_on_target_house_boundaries
2018,2018,2016,TN-2,TN,2,Clinton,Trump,29.7,65.1,-35.39999999999999,94.8,Daily Kos Elections presidential results by congressional district,presidential_results_on_2018_districts.csv,Congressional district lines used in the 2018 elections,1.0,True,same_election_boundary_set,True,most_recent_completed_presidential_election_on_target_house_boundaries
2018,2018,2016,TN-3,TN,3,Clinton,Trump,30.2,65.4,-35.2,95.60000000000001,Daily Kos Elections presidential results by congressional district,presidential_results_on_2018_districts.csv,Congressional district lines used in the 2018 elections,1.0,True,same_election_boundary_set,True,most_recent_completed_presidential_election_on_target_house_boundaries
2018,2018,2016,TN-4,TN,4,Clinton,Trump,27.4,68.6,-41.199999999999996,96.0,Daily Kos Elections presidential results by congressional district,presidential_results_on_2018_districts.csv,Congressional district lines used in the 2018 elections,1.0,True,same_election_boundary_set,True,most_recent_completed_presidential_election_on_target_house_boundaries
2018,2018,2016,TN-5,TN,5,Clinton,Trump,56.5,38.2,18.299999999999997,94.7,Daily Kos Elections presidential results by congressional district,presidential_results_on_2018_districts.csv,Congressional district lines used in the 2018 elections,1.0,True,same_election_boundary_set,True,most_recent_completed_presidential_election_on_target_house_boundaries
2018,2018,2016,TN-6,TN,6,Clinton,Trump,23.7,72.6,-48.89999999999999,96.3,Daily Kos Elections presidential results by congressional district,presidential_results_on_2018_districts.csv,Congressional district lines used in the 2018 elections,1.0,True,same_election_boundary_set,True,most_recent_completed_presidential_election_on_target_house_boundaries
2018,2018,2016,TN-7,TN,7,Clinton,Trump,28.2,67.5,-39.3,95.7,Daily Kos Elections presidential results by congressional district,presidential_results_on_2018_districts.csv,Congressional district lines used in the 2018 elections,1.0,True,same_election_boundary_set,True,most_recent_completed_presidential_election_on_target_house_boundaries
2018,2018,2016,TN-8,TN,8,Clinton,Trump,30.7,66.3,-35.599999999999994,97.0,Daily Kos Elections presidential results by congressional district,presidential_results_on_2018_districts.csv,Congressional district lines used in the 2018 elections,1.0,True,same_election_boundary_set,True,most_recent_completed_presidential_election_on_target_house_boundaries
2018,2018,2016,TN-9,TN,9,Clinton,Trump,77.5,19.8,57.7,97.3,Daily Kos Elections presidential results by congressional district,presidential_results_on_2018_districts.csv,Congressional district lines used in the 2018 elections,1.0,True,same_election_boundary_set,True,most_recent_completed_presidential_election_on_target_house_boundaries
2018,2018,2016,TX-1,TX,1,Clinton,Trump,25.3,72.2,-46.900000000000006,97.5,Daily Kos Elections presidential results by congressional district,presidential_results_on_2018_districts.csv,Congressional district lines used in the 2018 elections,1.0,True,same_election_boundary_set,True,most_recent_completed_presidential_election_on_target_house_boundaries
2018,2018,2016,TX-10,TX,10,Clinton,Trump,43.2,52.3,-9.099999999999994,95.5,Daily Kos Elections presidential results by congressional district,presidential_results_on_2018_districts.csv,Congressional district lines used in the 2018 elections,1.0,True,same_election_boundary_set,True,most_recent_completed_presidential_election_on_target_house_boundaries
2018,2018,2016,TX-11,TX,11,Clinton,Trump,19.1,77.8,-58.699999999999996,96.9,Daily Kos Elections presidential results by congressional district,presidential_results_on_2018_districts.csv,Congressional district lines used in the 2018 elections,1.0,True,same_election_boundary_set,True,most_recent_completed_presidential_election_on_target_house_boundaries
2018,2018,2016,TX-12,TX,12,Clinton,Trump,32.7,62.9,-30.199999999999996,95.6,Daily Kos Elections presidential results by congressional district,presidential_results_on_2018_districts.csv,Congressional district lines used in the 2018 elections,1.0,True,same_election_boundary_set,True,most_recent_completed_presidential_election_on_target_house_boundaries
2018,2018,2016,TX-13,TX,13,Clinton,Trump,16.9,79.9,-63.00000000000001,96.80000000000001,Daily Kos Elections presidential results by congressional district,presidential_results_on_2018_districts.csv,Congressional district lines used in the 2018 elections,1.0,True,same_election_boundary_set,True,most_recent_completed_presidential_election_on_target_house_boundaries
2018,2018,2016,TX-14,TX,14,Clinton,Trump,38.4,58.2,-19.800000000000004,96.6,Daily Kos Elections presidential results by congressional district,presidential_results_on_2018_districts.csv,Congressional district lines used in the 2018 elections,1.0,True,same_election_boundary_set,True,most_recent_completed_presidential_election_on_target_house_boundaries
2018,2018,2016,TX-15,TX,15,Clinton,Trump,56.7,40.0,16.700000000000003,96.7,Daily Kos Elections presidential results by congressional district,presidential_results_on_2018_districts.csv,Congressional district lines used in the 2018 elections,1.0,True,same_election_boundary_set,True,most_recent_completed_presidential_election_on_target_house_boundaries
2018,2018,2016,TX-16,TX,16,Clinton,Trump,67.9,27.2,40.7,95.10000000000001,Daily Kos Elections presidential results by congressional district,presidential_results_on_2018_districts.csv,Congressional district lines used in the 2018 elections,1.0,True,same_election_boundary_set,True,most_recent_completed_presidential_election_on_target_house_boundaries
2018,2018,2016,TX-17,TX,17,Clinton,Trump,38.8,56.3,-17.5,95.1,Daily Kos Elections presidential results by congressional district,presidential_results_on_2018_districts.csv,Congressional district lines used in the 2018 elections,1.0,True,same_election_boundary_set,True,most_recent_completed_presidential_election_on_target_house_boundaries
2018,2018,2016,TX-18,TX,18,Clinton,Trump,76.5,20.0,56.5,96.5,Daily Kos Elections presidential results by congressional district,presidential_results_on_2018_districts.csv,Congressional district lines used in the 2018 elections,1.0,True,same_election_boundary_set,True,most_recent_completed_presidential_election_on_target_house_boundaries
2018,2018,2016,TX-19,TX,19,Clinton,Trump,23.5,72.5,-49.0,96.0,Daily Kos Elections presidential results by congressional district,presidential_results_on_2018_districts.csv,Congressional district lines used in the 2018 elections,1.0,True,same_election_boundary_set,True,most_recent_completed_presidential_election_on_target_house_boundaries
2018,2018,2016,TX-2,TX,2,Clinton,Trump,43.1,52.4,-9.299999999999997,95.5,Daily Kos Elections presidential results by congressional district,presidential_results_on_2018_districts.csv,Congressional district lines used in the 2018 elections,1.0,True,same_election_boundary_set,True,most_recent_completed_presidential_election_on_target_house_boundaries
2018,2018,2016,TX-20,TX,20,Clinton,Trump,61.0,34.3,26.700000000000003,95.3,Daily Kos Elections presidential results by congressional district,presidential_results_on_2018_districts.csv,Congressional district lines used in the 2018 elections,1.0,True,same_election_boundary_set,True,most_recent_completed_presidential_election_on_target_house_boundaries
2018,2018,2016,TX-21,TX,21,Clinton,Trump,42.5,52.5,-10.0,95.0,Daily Kos Elections presidential results by congressional district,presidential_results_on_2018_districts.csv,Congressional district lines used in the 2018 elections,1.0,True,same_election_boundary_set,True,most_recent_completed_presidential_election_on_target_house_boundaries
2018,2018,2016,TX-22,TX,22,Clinton,Trump,44.2,52.1,-7.899999999999999,96.30000000000001,Daily Kos Elections presidential results by congressional district,presidential_results_on_2018_districts.csv,Congressional district lines used in the 2018 elections,1.0,True,same_election_boundary_set,True,most_recent_completed_presidential_election_on_target_house_boundaries
2018,2018,2016,TX-23,TX,23,Clinton,Trump,49.8,46.4,3.3999999999999986,96.19999999999999,Daily Kos Elections presidential results by congressional district,presidential_results_on_2018_districts.csv,Congressional district lines used in the 2018 elections,1.0,True,same_election_boundary_set,True,most_recent_completed_presidential_election_on_target_house_boundaries
2018,2018,2016,TX-24,TX,24,Clinton,Trump,44.5,50.7,-6.200000000000003,95.2,Daily Kos Elections presidential results by congressional district,presidential_results_on_2018_districts.csv,Congressional district lines used in the 2018 elections,1.0,True,same_election_boundary_set,True,most_recent_completed_presidential_election_on_target_house_boundaries
2018,2018,2016,TX-25,TX,25,Clinton,Trump,40.2,55.1,-14.899999999999999,95.30000000000001,Daily Kos Elections presidential results by congressional district,presidential_results_on_2018_districts.csv,Congressional district lines used in the 2018 elections,1.0,True,same_election_boundary_set,True,most_recent_completed_presidential_election_on_target_house_boundaries
2018,2018,2016,TX-26,TX,26,Clinton,Trump,34.4,60.9,-26.5,95.3,Daily Kos Elections presidential results by congressional district,presidential_results_on_2018_districts.csv,Congressional district lines used in the 2018 elections,1.0,True,same_election_boundary_set,True,most_recent_completed_presidential_election_on_target_house_boundaries
2018,2018,2016,TX-27,TX,27,Clinton,Trump,36.5,60.1,-23.6,96.6,Daily Kos Elections presidential results by congressional district,presidential_results_on_2018_districts.csv,Congressional district lines used in the 2018 elections,1.0,True,same_election_boundary_set,True,most_recent_completed_presidential_election_on_target_house_boundaries
2018,2018,2016,TX-28,TX,28,Clinton,Trump,58.3,38.5,19.799999999999997,96.8,Daily Kos Elections presidential results by congressional district,presidential_results_on_2018_districts.csv,Congressional district lines used in the 2018 elections,1.0,True,same_election_boundary_set,True,most_recent_completed_presidential_election_on_target_house_boundaries
2018,2018,2016,TX-29,TX,29,Clinton,Trump,71.1,25.4,45.699999999999996,96.5,Daily Kos Elections presidential results by congressional district,presidential_results_on_2018_districts.csv,Congressional district lines used in the 2018 elections,1.0,True,same_election_boundary_set,True,most_recent_completed_presidential_election_on_target_house_boundaries
2018,2018,2016,TX-3,TX,3,Clinton,Trump,40.6,54.8,-14.199999999999996,95.4,Daily Kos Elections presidential results by congressional district,presidential_results_on_2018_districts.csv,Congressional district lines used in the 2018 elections,1.0,True,same_election_boundary_set,True,most_recent_completed_presidential_election_on_target_house_boundaries
2018,2018,2016,TX-30,TX,30,Clinton,Trump,79.1,18.3,60.8,97.39999999999999,Daily Kos Elections presidential results by congressional district,presidential_results_on_2018_districts.csv,Congressional district lines used in the 2018 elections,1.0,True,same_election_boundary_set,True,most_recent_completed_presidential_election_on_target_house_boundaries
2018,2018,2016,TX-31,TX,31,Clinton,Trump,40.8,53.5,-12.700000000000003,94.3,Daily Kos Elections presidential results by congressional district,presidential_results_on_2018_districts.csv,Congressional district lines used in the 2018 elections,1.0,True,same_election_boundary_set,True,most_recent_completed_presidential_election_on_target_house_boundaries
2018,2018,2016,TX-32,TX,32,Clinton,Trump,48.5,46.6,1.8999999999999986,95.1,Daily Kos Elections presidential results by congressional district,presidential_results_on_2018_districts.csv,Congressional district lines used in the 2018 elections,1.0,True,same_election_boundary_set,True,most_recent_completed_presidential_election_on_target_house_boundaries
2018,2018,2016,TX-33,TX,33,Clinton,Trump,72.9,23.7,49.2,96.60000000000001,Daily Kos Elections presidential results by congressional district,presidential_results_on_2018_districts.csv,Congressional district lines used in the 2018 elections,1.0,True,same_election_boundary_set,True,most_recent_completed_presidential_election_on_target_house_boundaries
2018,2018,2016,TX-34,TX,34,Clinton,Trump,59.2,37.7,21.5,96.9,Daily Kos Elections presidential results by congressional district,presidential_results_on_2018_districts.csv,Congressional district lines used in the 2018 elections,1.0,True,same_election_boundary_set,True,most_recent_completed_presidential_election_on_target_house_boundaries
2018,2018,2016,TX-35,TX,35,Clinton,Trump,64.1,30.5,33.599999999999994,94.6,Daily Kos Elections presidential results by congressional district,presidential_results_on_2018_districts.csv,Congressional district lines used in the 2018 elections,1.0,True,same_election_boundary_set,True,most_recent_completed_presidential_election_on_target_house_boundaries
2018,2018,2016,TX-36,TX,36,Clinton,Trump,25.2,72.0,-46.8,97.2,Daily Kos Elections presidential results by congressional district,presidential_results_on_2018_districts.csv,Congressional district lines used in the 2018 elections,1.0,True,same_election_boundary_set,True,most_recent_completed_presidential_election_on_target_house_boundaries
2018,2018,2016,TX-4,TX,4,Clinton,Trump,21.8,75.4,-53.60000000000001,97.2,Daily Kos Elections presidential results by congressional district,presidential_results_on_2018_districts.csv,Congressional district lines used in the 2018 elections,1.0,True,same_election_boundary_set,True,most_recent_completed_presidential_election_on_target_house_boundaries
2018,2018,2016,TX-5,TX,5,Clinton,Trump,34.3,62.7,-28.400000000000006,97.0,Daily Kos Elections presidential results by congressional district,presidential_results_on_2018_districts.csv,Congressional district lines used in the 2018 elections,1.0,True,same_election_boundary_set,True,most_recent_completed_presidential_election_on_target_house_boundaries
2018,2018,2016,TX-6,TX,6,Clinton,Trump,41.9,54.2,-12.300000000000004,96.1,Daily Kos Elections presidential results by congressional district,presidential_results_on_2018_districts.csv,Congressional district lines used in the 2018 elections,1.0,True,same_election_boundary_set,True,most_recent_completed_presidential_election_on_target_house_boundaries
2018,2018,2016,TX-7,TX,7,Clinton,Trump,48.5,47.1,1.3999999999999986,95.6,Daily Kos Elections presidential results by congressional district,presidential_results_on_2018_districts.csv,Congressional district lines used in the 2018 elections,1.0,True,same_election_boundary_set,True,most_recent_completed_presidential_election_on_target_house_boundaries
2018,2018,2016,TX-8,TX,8,Clinton,Trump,23.9,72.7,-48.800000000000004,96.6,Daily Kos Elections presidential results by congressional district,presidential_results_on_2018_districts.csv,Congressional district lines used in the 2018 elections,1.0,True,same_election_boundary_set,True,most_recent_completed_presidential_election_on_target_house_boundaries
2018,2018,2016,TX-9,TX,9,Clinton,Trump,79.3,18.0,61.3,97.3,Daily Kos Elections presidential results by congressional district,presidential_results_on_2018_districts.csv,Congressional district lines used in the 2018 elections,1.0,True,same_election_boundary_set,True,most_recent_completed_presidential_election_on_target_house_boundaries
2018,2018,2016,UT-1,UT,1,Clinton,Trump,22.4,49.7,-27.300000000000004,72.1,Daily Kos Elections presidential results by congressional district,presidential_results_on_2018_districts.csv,Congressional district lines used in the 2018 elections,1.0,True,same_election_boundary_set,True,most_recent_completed_presidential_election_on_target_house_boundaries
2018,2018,2016,UT-2,UT,2,Clinton,Trump,32.0,46.0,-14.0,78.0,Daily Kos Elections presidential results by congressional district,presidential_results_on_2018_districts.csv,Congressional district lines used in the 2018 elections,1.0,True,same_election_boundary_set,True,most_recent_completed_presidential_election_on_target_house_boundaries
2018,2018,2016,UT-3,UT,3,Clinton,Trump,23.3,47.2,-23.900000000000002,70.5,Daily Kos Elections presidential results by congressional district,presidential_results_on_2018_districts.csv,Congressional district lines used in the 2018 elections,1.0,True,same_election_boundary_set,True,most_recent_completed_presidential_election_on_target_house_boundaries
2018,2018,2016,UT-4,UT,4,Clinton,Trump,32.4,39.1,-6.700000000000003,71.5,Daily Kos Elections presidential results by congressional district,presidential_results_on_2018_districts.csv,Congressional district lines used in the 2018 elections,1.0,True,same_election_boundary_set,True,most_recent_completed_presidential_election_on_target_house_boundaries
2018,2018,2016,VA-1,VA,1,Clinton,Trump,41.2,53.6,-12.399999999999999,94.80000000000001,Daily Kos Elections presidential results by congressional district,presidential_results_on_2018_districts.csv,Congressional district lines used in the 2018 elections,1.0,True,same_election_boundary_set,True,most_recent_completed_presidential_election_on_target_house_boundaries
2018,2018,2016,VA-10,VA,10,Clinton,Trump,52.2,42.2,10.0,94.4,Daily Kos Elections presidential results by congressional district,presidential_results_on_2018_districts.csv,Congressional district lines used in the 2018 elections,1.0,True,same_election_boundary_set,True,most_recent_completed_presidential_election_on_target_house_boundaries
2018,2018,2016,VA-11,VA,11,Clinton,Trump,66.9,27.5,39.400000000000006,94.4,Daily Kos Elections presidential results by congressional district,presidential_results_on_2018_districts.csv,Congressional district lines used in the 2018 elections,1.0,True,same_election_boundary_set,True,most_recent_completed_presidential_election_on_target_house_boundaries
2018,2018,2016,VA-2,VA,2,Clinton,Trump,45.4,48.8,-3.3999999999999986,94.19999999999999,Daily Kos Elections presidential results by congressional district,presidential_results_on_2018_districts.csv,Congressional district lines used in the 2018 elections,1.0,True,same_election_boundary_set,True,most_recent_completed_presidential_election_on_target_house_boundaries
2018,2018,2016,VA-3,VA,3,Clinton,Trump,63.6,31.9,31.700000000000003,95.5,Daily Kos Elections presidential results by congressional district,presidential_results_on_2018_districts.csv,Congressional district lines used in the 2018 elections,1.0,True,same_election_boundary_set,True,most_recent_completed_presidential_election_on_target_house_boundaries
2018,2018,2016,VA-4,VA,4,Clinton,Trump,58.7,37.1,21.6,95.80000000000001,Daily Kos Elections presidential results by congressional district,presidential_results_on_2018_districts.csv,Congressional district lines used in the 2018 elections,1.0,True,same_election_boundary_set,True,most_recent_completed_presidential_election_on_target_house_boundaries
2018,2018,2016,VA-5,VA,5,Clinton,Trump,42.3,53.4,-11.100000000000001,95.69999999999999,Daily Kos Elections presidential results by congressional district,presidential_results_on_2018_districts.csv,Congressional district lines used in the 2018 elections,1.0,True,same_election_boundary_set,True,most_recent_completed_presidential_election_on_target_house_boundaries
2018,2018,2016,VA-6,VA,6,Clinton,Trump,34.9,59.7,-24.800000000000004,94.6,Daily Kos Elections presidential results by congressional district,presidential_results_on_2018_districts.csv,Congressional district lines used in the 2018 elections,1.0,True,same_election_boundary_set,True,most_recent_completed_presidential_election_on_target_house_boundaries
2018,2018,2016,VA-7,VA,7,Clinton,Trump,44.0,50.5,-6.5,94.5,Daily Kos Elections presidential results by congressional district,presidential_results_on_2018_districts.csv,Congressional district lines used in the 2018 elections,1.0,True,same_election_boundary_set,True,most_recent_completed_presidential_election_on_target_house_boundaries
2018,2018,2016,VA-8,VA,8,Clinton,Trump,73.5,20.9,52.6,94.4,Daily Kos Elections presidential results by congressional district,presidential_results_on_2018_districts.csv,Congressional district lines used in the 2018 elections,1.0,True,same_election_boundary_set,True,most_recent_completed_presidential_election_on_target_house_boundaries
2018,2018,2016,VA-9,VA,9,Clinton,Trump,27.3,68.8,-41.5,96.1,Daily Kos Elections presidential results by congressional district,presidential_results_on_2018_districts.csv,Congressional district lines used in the 2018 elections,1.0,True,same_election_boundary_set,True,most_recent_completed_presidential_election_on_target_house_boundaries
2018,2018,2016,VT-AL,VT,AL,Clinton,Trump,56.7,30.3,26.400000000000002,87.0,Daily Kos Elections presidential results by congressional district,presidential_results_on_2018_districts.csv,Congressional district lines used in the 2018 elections,1.0,True,same_election_boundary_set,True,most_recent_completed_presidential_election_on_target_house_boundaries
2018,2018,2016,WA-1,WA,1,Clinton,Trump,54.1,37.8,16.300000000000004,91.9,Daily Kos Elections presidential results by congressional district,presidential_results_on_2018_districts.csv,Congressional district lines used in the 2018 elections,1.0,True,same_election_boundary_set,True,most_recent_completed_presidential_election_on_target_house_boundaries
2018,2018,2016,WA-10,WA,10,Clinton,Trump,51.3,39.9,11.399999999999999,91.19999999999999,Daily Kos Elections presidential results by congressional district,presidential_results_on_2018_districts.csv,Congressional district lines used in the 2018 elections,1.0,True,same_election_boundary_set,True,most_recent_completed_presidential_election_on_target_house_boundaries
2018,2018,2016,WA-2,WA,2,Clinton,Trump,56.9,34.8,22.1,91.69999999999999,Daily Kos Elections presidential results by congressional district,presidential_results_on_2018_districts.csv,Congressional district lines used in the 2018 elections,1.0,True,same_election_boundary_set,True,most_recent_completed_presidential_election_on_target_house_boundaries
2018,2018,2016,WA-3,WA,3,Clinton,Trump,42.5,49.9,-7.399999999999999,92.4,Daily Kos Elections presidential results by congressional district,presidential_results_on_2018_districts.csv,Congressional district lines used in the 2018 elections,1.0,True,same_election_boundary_set,True,most_recent_completed_presidential_election_on_target_house_boundaries
2018,2018,2016,WA-4,WA,4,Clinton,Trump,35.1,57.9,-22.799999999999997,93.0,Daily Kos Elections presidential results by congressional district,presidential_results_on_2018_districts.csv,Congressional district lines used in the 2018 elections,1.0,True,same_election_boundary_set,True,most_recent_completed_presidential_election_on_target_house_boundaries
2018,2018,2016,WA-5,WA,5,Clinton,Trump,39.1,52.2,-13.100000000000001,91.30000000000001,Daily Kos Elections presidential results by congressional district,presidential_results_on_2018_districts.csv,Congressional district lines used in the 2018 elections,1.0,True,same_election_boundary_set,True,most_recent_completed_presidential_election_on_target_house_boundaries
2018,2018,2016,WA-6,WA,6,Clinton,Trump,51.8,39.5,12.299999999999997,91.3,Daily Kos Elections presidential results by congressional district,presidential_results_on_2018_districts.csv,Congressional district lines used in the 2018 elections,1.0,True,same_election_boundary_set,True,most_recent_completed_presidential_election_on_target_house_boundaries
2018,2018,2016,WA-7,WA,7,Clinton,Trump,82.1,12.2,69.89999999999999,94.3,Daily Kos Elections presidential results by congressional district,presidential_results_on_2018_districts.csv,Congressional district lines used in the 2018 elections,1.0,True,same_election_boundary_set,True,most_recent_completed_presidential_election_on_target_house_boundaries
2018,2018,2016,WA-8,WA,8,Clinton,Trump,47.7,44.7,3.0,92.4,Daily Kos Elections presidential results by congressional district,presidential_results_on_2018_districts.csv,Congressional district lines used in the 2018 elections,1.0,True,same_election_boundary_set,True,most_recent_completed_presidential_election_on_target_house_boundaries
2018,2018,2016,WA-9,WA,9,Clinton,Trump,70.5,23.3,47.2,93.8,Daily Kos Elections presidential results by congressional district,presidential_results_on_2018_districts.csv,Congressional district lines used in the 2018 elections,1.0,True,same_election_boundary_set,True,most_recent_completed_presidential_election_on_target_house_boundaries
2018,2018,2016,WI-1,WI,1,Clinton,Trump,42.3,52.6,-10.300000000000004,94.9,Daily Kos Elections presidential results by congressional district,presidential_results_on_2018_districts.csv,Congressional district lines used in the 2018 elections,1.0,True,same_election_boundary_set,True,most_recent_completed_presidential_election_on_target_house_boundaries
2018,2018,2016,WI-2,WI,2,Clinton,Trump,65.8,29.0,36.8,94.8,Daily Kos Elections presidential results by congressional district,presidential_results_on_2018_districts.csv,Congressional district lines used in the 2018 elections,1.0,True,same_election_boundary_set,True,most_recent_completed_presidential_election_on_target_house_boundaries
2018,2018,2016,WI-3,WI,3,Clinton,Trump,44.8,49.3,-4.5,94.1,Daily Kos Elections presidential results by congressional district,presidential_results_on_2018_districts.csv,Congressional district lines used in the 2018 elections,1.0,True,same_election_boundary_set,True,most_recent_completed_presidential_election_on_target_house_boundaries
2018,2018,2016,WI-4,WI,4,Clinton,Trump,74.0,21.8,52.2,95.8,Daily Kos Elections presidential results by congressional district,presidential_results_on_2018_districts.csv,Congressional district lines used in the 2018 elections,1.0,True,same_election_boundary_set,True,most_recent_completed_presidential_election_on_target_house_boundaries
2018,2018,2016,WI-5,WI,5,Clinton,Trump,37.3,57.4,-20.1,94.69999999999999,Daily Kos Elections presidential results by congressional district,presidential_results_on_2018_districts.csv,Congressional district lines used in the 2018 elections,1.0,True,same_election_boundary_set,True,most_recent_completed_presidential_election_on_target_house_boundaries
2018,2018,2016,WI-6,WI,6,Clinton,Trump,38.8,55.7,-16.900000000000006,94.5,Daily Kos Elections presidential results by congressional district,presidential_results_on_2018_districts.csv,Congressional district lines used in the 2018 elections,1.0,True,same_election_boundary_set,True,most_recent_completed_presidential_election_on_target_house_boundaries
2018,2018,2016,WI-7,WI,7,Clinton,Trump,37.3,57.7,-20.400000000000006,95.0,Daily Kos Elections presidential results by congressional district,presidential_results_on_2018_districts.csv,Congressional district lines used in the 2018 elections,1.0,True,same_election_boundary_set,True,most_recent_completed_presidential_election_on_target_house_boundaries
2018,2018,2016,WI-8,WI,8,Clinton,Trump,38.6,56.2,-17.6,94.80000000000001,Daily Kos Elections presidential results by congressional district,presidential_results_on_2018_districts.csv,Congressional district lines used in the 2018 elections,1.0,True,same_election_boundary_set,True,most_recent_completed_presidential_election_on_target_house_boundaries
2018,2018,2016,WV-1,WV,1,Clinton,Trump,26.4,68.0,-41.6,94.4,Daily Kos Elections presidential results by congressional district,presidential_results_on_2018_districts.csv,Congressional district lines used in the 2018 elections,1.0,True,same_election_boundary_set,True,most_recent_completed_presidential_election_on_target_house_boundaries
2018,2018,2016,WV-2,WV,2,Clinton,Trump,29.4,65.8,-36.4,95.19999999999999,Daily Kos Elections presidential results by congressional district,presidential_results_on_2018_districts.csv,Congressional district lines used in the 2018 elections,1.0,True,same_election_boundary_set,True,most_recent_completed_presidential_election_on_target_house_boundaries
2018,2018,2016,WV-3,WV,3,Clinton,Trump,23.3,72.5,-49.2,95.8,Daily Kos Elections presidential results by congressional district,presidential_results_on_2018_districts.csv,Congressional district lines used in the 2018 elections,1.0,True,same_election_boundary_set,True,most_recent_completed_presidential_election_on_target_house_boundaries
2018,2018,2016,WY-AL,WY,AL,Clinton,Trump,22.5,70.1,-47.599999999999994,92.6,Daily Kos Elections presidential results by congressional district,presidential_results_on_2018_districts.csv,Congressional district lines used in the 2018 elections,1.0,True,same_election_boundary_set,True,most_recent_completed_presidential_election_on_target_house_boundaries
2020,2020,2016,AK-AL,AK,AL,Clinton,Trump,37.6,52.8,-15.199999999999996,90.4,Daily Kos Elections presidential results by congressional district,presidential_results_on_2020_districts.csv,Congressional district lines used in the 2020 elections,1.0,True,same_election_boundary_set,True,most_recent_completed_presidential_election_on_target_house_boundaries
2020,2020,2016,AL-1,AL,1,Clinton,Trump,34.1,63.5,-29.4,97.6,Daily Kos Elections presidential results by congressional district,presidential_results_on_2020_districts.csv,Congressional district lines used in the 2020 elections,1.0,True,same_election_boundary_set,True,most_recent_completed_presidential_election_on_target_house_boundaries
2020,2020,2016,AL-2,AL,2,Clinton,Trump,33.0,64.9,-31.900000000000006,97.9,Daily Kos Elections presidential results by congressional district,presidential_results_on_2020_districts.csv,Congressional district lines used in the 2020 elections,1.0,True,same_election_boundary_set,True,most_recent_completed_presidential_election_on_target_house_boundaries
2020,2020,2016,AL-3,AL,3,Clinton,Trump,32.3,65.3,-33.0,97.6,Daily Kos Elections presidential results by congressional district,presidential_results_on_2020_districts.csv,Congressional district lines used in the 2020 elections,1.0,True,same_election_boundary_set,True,most_recent_completed_presidential_election_on_target_house_boundaries
2020,2020,2016,AL-4,AL,4,Clinton,Trump,17.4,80.4,-63.00000000000001,97.80000000000001,Daily Kos Elections presidential results by congressional district,presidential_results_on_2020_districts.csv,Congressional district lines used in the 2020 elections,1.0,True,same_election_boundary_set,True,most_recent_completed_presidential_election_on_target_house_boundaries
2020,2020,2016,AL-5,AL,5,Clinton,Trump,31.3,64.7,-33.400000000000006,96.0,Daily Kos Elections presidential results by congressional district,presidential_results_on_2020_districts.csv,Congressional district lines used in the 2020 elections,1.0,True,same_election_boundary_set,True,most_recent_completed_presidential_election_on_target_house_boundaries
2020,2020,2016,AL-6,AL,6,Clinton,Trump,26.1,70.8,-44.699999999999996,96.9,Daily Kos Elections presidential results by congressional district,presidential_results_on_2020_districts.csv,Congressional district lines used in the 2020 elections,1.0,True,same_election_boundary_set,True,most_recent_completed_presidential_election_on_target_house_boundaries
2020,2020,2016,AL-7,AL,7,Clinton,Trump,69.8,28.6,41.199999999999996,98.4,Daily Kos Elections presidential results by congressional district,presidential_results_on_2020_districts.csv,Congressional district lines used in the 2020 elections,1.0,True,same_election_boundary_set,True,most_recent_completed_presidential_election_on_target_house_boundaries
2020,2020,2016,AR-1,AR,1,Clinton,Trump,30.2,65.0,-34.8,95.2,Daily Kos Elections presidential results by congressional district,presidential_results_on_2020_districts.csv,Congressional district lines used in the 2020 elections,1.0,True,same_election_boundary_set,True,most_recent_completed_presidential_election_on_target_house_boundaries
2020,2020,2016,AR-2,AR,2,Clinton,Trump,41.7,52.4,-10.699999999999996,94.1,Daily Kos Elections presidential results by congressional district,presidential_results_on_2020_districts.csv,Congressional district lines used in the 2020 elections,1.0,True,same_election_boundary_set,True,most_recent_completed_presidential_election_on_target_house_boundaries
2020,2020,2016,AR-3,AR,3,Clinton,Trump,30.5,61.9,-31.4,92.4,Daily Kos Elections presidential results by congressional district,presidential_results_on_2020_districts.csv,Congressional district lines used in the 2020 elections,1.0,True,same_election_boundary_set,True,most_recent_completed_presidential_election_on_target_house_boundaries
2020,2020,2016,AR-4,AR,4,Clinton,Trump,31.3,64.2,-32.900000000000006,95.5,Daily Kos Elections presidential results by congressional district,presidential_results_on_2020_districts.csv,Congressional district lines used in the 2020 elections,1.0,True,same_election_boundary_set,True,most_recent_completed_presidential_election_on_target_house_boundaries
2020,2020,2016,AZ-1,AZ,1,Clinton,Trump,46.6,47.7,-1.1000000000000014,94.30000000000001,Daily Kos Elections presidential results by congressional district,presidential_results_on_2020_districts.csv,Congressional district lines used in the 2020 elections,1.0,True,same_election_boundary_set,True,most_recent_completed_presidential_election_on_target_house_boundaries
2020,2020,2016,AZ-2,AZ,2,Clinton,Trump,49.6,44.7,4.899999999999999,94.30000000000001,Daily Kos Elections presidential results by congressional district,presidential_results_on_2020_districts.csv,Congressional district lines used in the 2020 elections,1.0,True,same_election_boundary_set,True,most_recent_completed_presidential_election_on_target_house_boundaries
2020,2020,2016,AZ-3,AZ,3,Clinton,Trump,62.4,32.5,29.9,94.9,Daily Kos Elections presidential results by congressional district,presidential_results_on_2020_districts.csv,Congressional district lines used in the 2020 elections,1.0,True,same_election_boundary_set,True,most_recent_completed_presidential_election_on_target_house_boundaries
2020,2020,2016,AZ-4,AZ,4,Clinton,Trump,27.5,67.7,-40.2,95.2,Daily Kos Elections presidential results by congressional district,presidential_results_on_2020_districts.csv,Congressional district lines used in the 2020 elections,1.0,True,same_election_boundary_set,True,most_recent_completed_presidential_election_on_target_house_boundaries
2020,2020,2016,AZ-5,AZ,5,Clinton,Trump,36.5,57.6,-21.1,94.1,Daily Kos Elections presidential results by congressional district,presidential_results_on_2020_districts.csv,Congressional district lines used in the 2020 elections,1.0,True,same_election_boundary_set,True,most_recent_completed_presidential_election_on_target_house_boundaries
2020,2020,2016,AZ-6,AZ,6,Clinton,Trump,42.4,52.4,-10.0,94.8,Daily Kos Elections presidential results by congressional district,presidential_results_on_2020_districts.csv,Congressional district lines used in the 2020 elections,1.0,True,same_election_boundary_set,True,most_recent_completed_presidential_election_on_target_house_boundaries
2020,2020,2016,AZ-7,AZ,7,Clinton,Trump,71.8,22.6,49.199999999999996,94.4,Daily Kos Elections presidential results by congressional district,presidential_results_on_2020_districts.csv,Congressional district lines used in the 2020 elections,1.0,True,same_election_boundary_set,True,most_recent_completed_presidential_election_on_target_house_boundaries
2020,2020,2016,AZ-8,AZ,8,Clinton,Trump,37.0,58.1,-21.1,95.1,Daily Kos Elections presidential results by congressional district,presidential_results_on_2020_districts.csv,Congressional district lines used in the 2020 elections,1.0,True,same_election_boundary_set,True,most_recent_completed_presidential_election_on_target_house_boundaries
2020,2020,2016,AZ-9,AZ,9,Clinton,Trump,54.7,38.4,16.300000000000004,93.1,Daily Kos Elections presidential results by congressional district,presidential_results_on_2020_districts.csv,Congressional district lines used in the 2020 elections,1.0,True,same_election_boundary_set,True,most_recent_completed_presidential_election_on_target_house_boundaries
2020,2020,2016,CA-1,CA,1,Clinton,Trump,36.5,56.2,-19.700000000000003,92.7,Daily Kos Elections presidential results by congressional district,presidential_results_on_2020_districts.csv,Congressional district lines used in the 2020 elections,1.0,True,same_election_boundary_set,True,most_recent_completed_presidential_election_on_target_house_boundaries
2020,2020,2016,CA-10,CA,10,Clinton,Trump,48.5,45.5,3.0,94.0,Daily Kos Elections presidential results by congressional district,presidential_results_on_2020_districts.csv,Congressional district lines used in the 2020 elections,1.0,True,same_election_boundary_set,True,most_recent_completed_presidential_election_on_target_house_boundaries
2020,2020,2016,CA-11,CA,11,Clinton,Trump,71.5,22.7,48.8,94.2,Daily Kos Elections presidential results by congressional district,presidential_results_on_2020_districts.csv,Congressional district lines used in the 2020 elections,1.0,True,same_election_boundary_set,True,most_recent_completed_presidential_election_on_target_house_boundaries
2020,2020,2016,CA-12,CA,12,Clinton,Trump,86.2,8.7,77.5,94.9,Daily Kos Elections presidential results by congressional district,presidential_results_on_2020_districts.csv,Congressional district lines used in the 2020 elections,1.0,True,same_election_boundary_set,True,most_recent_completed_presidential_election_on_target_house_boundaries
2020,2020,2016,CA-13,CA,13,Clinton,Trump,87.4,6.8,80.60000000000001,94.2,Daily Kos Elections presidential results by congressional district,presidential_results_on_2020_districts.csv,Congressional district lines used in the 2020 elections,1.0,True,same_election_boundary_set,True,most_recent_completed_presidential_election_on_target_house_boundaries
2020,2020,2016,CA-14,CA,14,Clinton,Trump,76.9,18.2,58.7,95.10000000000001,Daily Kos Elections presidential results by congressional district,presidential_results_on_2020_districts.csv,Congressional district lines used in the 2020 elections,1.0,True,same_election_boundary_set,True,most_recent_completed_presidential_election_on_target_house_boundaries
2020,2020,2016,CA-15,CA,15,Clinton,Trump,69.9,24.2,45.7,94.10000000000001,Daily Kos Elections presidential results by congressional district,presidential_results_on_2020_districts.csv,Congressional district lines used in the 2020 elections,1.0,True,same_election_boundary_set,True,most_recent_completed_presidential_election_on_target_house_boundaries
2020,2020,2016,CA-16,CA,16,Clinton,Trump,58.0,36.4,21.6,94.4,Daily Kos Elections presidential results by congressional district,presidential_results_on_2020_districts.csv,Congressional district lines used in the 2020 elections,1.0,True,same_election_boundary_set,True,most_recent_completed_presidential_election_on_target_house_boundaries
2020,2020,2016,CA-17,CA,17,Clinton,Trump,73.9,20.5,53.400000000000006,94.4,Daily Kos Elections presidential results by congressional district,presidential_results_on_2020_districts.csv,Congressional district lines used in the 2020 elections,1.0,True,same_election_boundary_set,True,most_recent_completed_presidential_election_on_target_house_boundaries
2020,2020,2016,CA-18,CA,18,Clinton,Trump,73.4,20.2,53.2,93.60000000000001,Daily Kos Elections presidential results by congressional district,presidential_results_on_2020_districts.csv,Congressional district lines used in the 2020 elections,1.0,True,same_election_boundary_set,True,most_recent_completed_presidential_election_on_target_house_boundaries
2020,2020,2016,CA-19,CA,19,Clinton,Trump,72.9,21.5,51.400000000000006,94.4,Daily Kos Elections presidential results by congressional district,presidential_results_on_2020_districts.csv,Congressional district lines used in the 2020 elections,1.0,True,same_election_boundary_set,True,most_recent_completed_presidential_election_on_target_house_boundaries
2020,2020,2016,CA-2,CA,2,Clinton,Trump,69.0,23.3,45.7,92.3,Daily Kos Elections presidential results by congressional district,presidential_results_on_2020_districts.csv,Congressional district lines used in the 2020 elections,1.0,True,same_election_boundary_set,True,most_recent_completed_presidential_election_on_target_house_boundaries
2020,2020,2016,CA-20,CA,20,Clinton,Trump,70.4,23.2,47.2,93.60000000000001,Daily Kos Elections presidential results by congressional district,presidential_results_on_2020_districts.csv,Congressional district lines used in the 2020 elections,1.0,True,same_election_boundary_set,True,most_recent_completed_presidential_election_on_target_house_boundaries
2020,2020,2016,CA-21,CA,21,Clinton,Trump,55.2,39.7,15.5,94.9,Daily Kos Elections presidential results by congressional district,presidential_results_on_2020_districts.csv,Congressional district lines used in the 2020 elections,1.0,True,same_election_boundary_set,True,most_recent_completed_presidential_election_on_target_house_boundaries
2020,2020,2016,CA-22,CA,22,Clinton,Trump,42.6,52.1,-9.5,94.7,Daily Kos Elections presidential results by congressional district,presidential_results_on_2020_districts.csv,Congressional district lines used in the 2020 elections,1.0,True,same_election_boundary_set,True,most_recent_completed_presidential_election_on_target_house_boundaries
2020,2020,2016,CA-23,CA,23,Clinton,Trump,36.1,58.1,-22.0,94.2,Daily Kos Elections presidential results by congressional district,presidential_results_on_2020_districts.csv,Congressional district lines used in the 2020 elections,1.0,True,same_election_boundary_set,True,most_recent_completed_presidential_election_on_target_house_boundaries
2020,2020,2016,CA-24,CA,24,Clinton,Trump,56.7,36.5,20.200000000000003,93.2,Daily Kos Elections presidential results by congressional district,presidential_results_on_2020_districts.csv,Congressional district lines used in the 2020 elections,1.0,True,same_election_boundary_set,True,most_recent_completed_presidential_election_on_target_house_boundaries
2020,2020,2016,CA-25,CA,25,Clinton,Trump,50.3,43.6,6.699999999999996,93.9,Daily Kos Elections presidential results by congressional district,presidential_results_on_2020_districts.csv,Congressional district lines used in the 2020 elections,1.0,True,same_election_boundary_set,True,most_recent_completed_presidential_election_on_target_house_boundaries
2020,2020,2016,CA-26,CA,26,Clinton,Trump,57.9,36.0,21.9,93.9,Daily Kos Elections presidential results by congressional district,presidential_results_on_2020_districts.csv,Congressional district lines used in the 2020 elections,1.0,True,same_election_boundary_set,True,most_recent_completed_presidential_election_on_target_house_boundaries
2020,2020,2016,CA-27,CA,27,Clinton,Trump,66.0,28.4,37.6,94.4,Daily Kos Elections presidential results by congressional district,presidential_results_on_2020_districts.csv,Congressional district lines used in the 2020 elections,1.0,True,same_election_boundary_set,True,most_recent_completed_presidential_election_on_target_house_boundaries
2020,2020,2016,CA-28,CA,28,Clinton,Trump,72.1,22.3,49.8,94.39999999999999,Daily Kos Elections presidential results by congressional district,presidential_results_on_2020_districts.csv,Congressional district lines used in the 2020 elections,1.0,True,same_election_boundary_set,True,most_recent_completed_presidential_election_on_target_house_boundaries
2020,2020,2016,CA-29,CA,29,Clinton,Trump,77.7,16.8,60.900000000000006,94.5,Daily Kos Elections presidential results by congressional district,presidential_results_on_2020_districts.csv,Congressional district lines used in the 2020 elections,1.0,True,same_election_boundary_set,True,most_recent_completed_presidential_election_on_target_house_boundaries
2020,2020,2016,CA-3,CA,3,Clinton,Trump,53.0,40.4,12.600000000000001,93.4,Daily Kos Elections presidential results by congressional district,presidential_results_on_2020_districts.csv,Congressional district lines used in the 2020 elections,1.0,True,same_election_boundary_set,True,most_recent_completed_presidential_election_on_target_house_boundaries
2020,2020,2016,CA-30,CA,30,Clinton,Trump,69.1,25.7,43.39999999999999,94.8,Daily Kos Elections presidential results by congressional district,presidential_results_on_2020_districts.csv,Congressional district lines used in the 2020 elections,1.0,True,same_election_boundary_set,True,most_recent_completed_presidential_election_on_target_house_boundaries
2020,2020,2016,CA-31,CA,31,Clinton,Trump,57.7,36.6,21.1,94.30000000000001,Daily Kos Elections presidential results by congressional district,presidential_results_on_2020_districts.csv,Congressional district lines used in the 2020 elections,1.0,True,same_election_boundary_set,True,most_recent_completed_presidential_election_on_target_house_boundaries
2020,2020,2016,CA-32,CA,32,Clinton,Trump,66.6,27.7,38.89999999999999,94.3,Daily Kos Elections presidential results by congressional district,presidential_results_on_2020_districts.csv,Congressional district lines used in the 2020 elections,1.0,True,same_election_boundary_set,True,most_recent_completed_presidential_election_on_target_house_boundaries
2020,2020,2016,CA-33,CA,33,Clinton,Trump,67.8,26.5,41.3,94.3,Daily Kos Elections presidential results by congressional district,presidential_results_on_2020_districts.csv,Congressional district lines used in the 2020 elections,1.0,True,same_election_boundary_set,True,most_recent_completed_presidential_election_on_target_house_boundaries
2020,2020,2016,CA-34,CA,34,Clinton,Trump,83.6,10.7,72.89999999999999,94.3,Daily Kos Elections presidential results by congressional district,presidential_results_on_2020_districts.csv,Congressional district lines used in the 2020 elections,1.0,True,same_election_boundary_set,True,most_recent_completed_presidential_election_on_target_house_boundaries
2020,2020,2016,CA-35,CA,35,Clinton,Trump,67.7,26.9,40.800000000000004,94.6,Daily Kos Elections presidential results by congressional district,presidential_results_on_2020_districts.csv,Congressional district lines used in the 2020 elections,1.0,True,same_election_boundary_set,True,most_recent_completed_presidential_election_on_target_house_boundaries
2020,2020,2016,CA-36,CA,36,Clinton,Trump,52.2,43.4,8.800000000000004,95.6,Daily Kos Elections presidential results by congressional district,presidential_results_on_2020_districts.csv,Congressional district lines used in the 2020 elections,1.0,True,same_election_boundary_set,True,most_recent_completed_presidential_election_on_target_house_boundaries
2020,2020,2016,CA-37,CA,37,Clinton,Trump,85.7,9.6,76.10000000000001,95.3,Daily Kos Elections presidential results by congressional district,presidential_results_on_2020_districts.csv,Congressional district lines used in the 2020 elections,1.0,True,same_election_boundary_set,True,most_recent_completed_presidential_election_on_target_house_boundaries
2020,2020,2016,CA-38,CA,38,Clinton,Trump,67.0,27.4,39.6,94.4,Daily Kos Elections presidential results by congressional district,presidential_results_on_2020_districts.csv,Congressional district lines used in the 2020 elections,1.0,True,same_election_boundary_set,True,most_recent_completed_presidential_election_on_target_house_boundaries
2020,2020,2016,CA-39,CA,39,Clinton,Trump,51.5,42.9,8.600000000000001,94.4,Daily Kos Elections presidential results by congressional district,presidential_results_on_2020_districts.csv,Congressional district lines used in the 2020 elections,1.0,True,same_election_boundary_set,True,most_recent_completed_presidential_election_on_target_house_boundaries
2020,2020,2016,CA-4,CA,4,Clinton,Trump,39.3,54.0,-14.700000000000003,93.3,Daily Kos Elections presidential results by congressional district,presidential_results_on_2020_districts.csv,Congressional district lines used in the 2020 elections,1.0,True,same_election_boundary_set,True,most_recent_completed_presidential_election_on_target_house_boundaries
2020,2020,2016,CA-40,CA,40,Clinton,Trump,82.2,12.8,69.4,95.0,Daily Kos Elections presidential results by congressional district,presidential_results_on_2020_districts.csv,Congressional district lines used in the 2020 elections,1.0,True,same_election_boundary_set,True,most_recent_completed_presidential_election_on_target_house_boundaries
2020,2020,2016,CA-41,CA,41,Clinton,Trump,61.0,33.1,27.9,94.1,Daily Kos Elections presidential results by congressional district,presidential_results_on_2020_districts.csv,Congressional district lines used in the 2020 elections,1.0,True,same_election_boundary_set,True,most_recent_completed_presidential_election_on_target_house_boundaries
2020,2020,2016,CA-42,CA,42,Clinton,Trump,41.4,53.4,-12.0,94.8,Daily Kos Elections presidential results by congressional district,presidential_results_on_2020_districts.csv,Congressional district lines used in the 2020 elections,1.0,True,same_election_boundary_set,True,most_recent_completed_presidential_election_on_target_house_boundaries
2020,2020,2016,CA-43,CA,43,Clinton,Trump,78.4,16.7,61.7,95.10000000000001,Daily Kos Elections presidential results by congressional district,presidential_results_on_2020_districts.csv,Congressional district lines used in the 2020 elections,1.0,True,same_election_boundary_set,True,most_recent_completed_presidential_election_on_target_house_boundaries
2020,2020,2016,CA-44,CA,44,Clinton,Trump,83.0,12.3,70.7,95.3,Daily Kos Elections presidential results by congressional district,presidential_results_on_2020_districts.csv,Congressional district lines used in the 2020 elections,1.0,True,same_election_boundary_set,True,most_recent_completed_presidential_election_on_target_house_boundaries
2020,2020,2016,CA-45,CA,45,Clinton,Trump,49.8,44.4,5.399999999999999,94.19999999999999,Daily Kos Elections presidential results by congressional district,presidential_results_on_2020_districts.csv,Congressional district lines used in the 2020 elections,1.0,True,same_election_boundary_set,True,most_recent_completed_presidential_election_on_target_house_boundaries
2020,2020,2016,CA-46,CA,46,Clinton,Trump,66.3,27.9,38.4,94.19999999999999,Daily Kos Elections presidential results by congressional district,presidential_results_on_2020_districts.csv,Congressional district lines used in the 2020 elections,1.0,True,same_election_boundary_set,True,most_recent_completed_presidential_election_on_target_house_boundaries
2020,2020,2016,CA-47,CA,47,Clinton,Trump,62.6,31.0,31.6,93.6,Daily Kos Elections presidential results by congressional district,presidential_results_on_2020_districts.csv,Congressional district lines used in the 2020 elections,1.0,True,same_election_boundary_set,True,most_recent_completed_presidential_election_on_target_house_boundaries
2020,2020,2016,CA-48,CA,48,Clinton,Trump,47.9,46.2,1.6999999999999957,94.1,Daily Kos Elections presidential results by congressional district,presidential_results_on_2020_districts.csv,Congressional district lines used in the 2020 elections,1.0,True,same_election_boundary_set,True,most_recent_completed_presidential_election_on_target_house_boundaries
2020,2020,2016,CA-49,CA,49,Clinton,Trump,50.7,43.2,7.5,93.9,Daily Kos Elections presidential results by congressional district,presidential_results_on_2020_districts.csv,Congressional district lines used in the 2020 elections,1.0,True,same_election_boundary_set,True,most_recent_completed_presidential_election_on_target_house_boundaries
2020,2020,2016,CA-5,CA,5,Clinton,Trump,69.2,24.3,44.900000000000006,93.5,Daily Kos Elections presidential results by congressional district,presidential_results_on_2020_districts.csv,Congressional district lines used in the 2020 elections,1.0,True,same_election_boundary_set,True,most_recent_completed_presidential_election_on_target_house_boundaries
2020,2020,2016,CA-50,CA,50,Clinton,Trump,39.6,54.6,-15.0,94.2,Daily Kos Elections presidential results by congressional district,presidential_results_on_2020_districts.csv,Congressional district lines used in the 2020 elections,1.0,True,same_election_boundary_set,True,most_recent_completed_presidential_election_on_target_house_boundaries
2020,2020,2016,CA-51,CA,51,Clinton,Trump,71.8,22.8,49.0,94.6,Daily Kos Elections presidential results by congressional district,presidential_results_on_2020_districts.csv,Congressional district lines used in the 2020 elections,1.0,True,same_election_boundary_set,True,most_recent_completed_presidential_election_on_target_house_boundaries
2020,2020,2016,CA-52,CA,52,Clinton,Trump,58.1,35.6,22.5,93.7,Daily Kos Elections presidential results by congressional district,presidential_results_on_2020_districts.csv,Congressional district lines used in the 2020 elections,1.0,True,same_election_boundary_set,True,most_recent_completed_presidential_election_on_target_house_boundaries
2020,2020,2016,CA-53,CA,53,Clinton,Trump,64.5,29.6,34.9,94.1,Daily Kos Elections presidential results by congressional district,presidential_results_on_2020_districts.csv,Congressional district lines used in the 2020 elections,1.0,True,same_election_boundary_set,True,most_recent_completed_presidential_election_on_target_house_boundaries
2020,2020,2016,CA-6,CA,6,Clinton,Trump,69.2,24.4,44.800000000000004,93.6,Daily Kos Elections presidential results by congressional district,presidential_results_on_2020_districts.csv,Congressional district lines used in the 2020 elections,1.0,True,same_election_boundary_set,True,most_recent_completed_presidential_election_on_target_house_boundaries
2020,2020,2016,CA-7,CA,7,Clinton,Trump,52.3,40.9,11.399999999999999,93.19999999999999,Daily Kos Elections presidential results by congressional district,presidential_results_on_2020_districts.csv,Congressional district lines used in the 2020 elections,1.0,True,same_election_boundary_set,True,most_recent_completed_presidential_election_on_target_house_boundaries
2020,2020,2016,CA-8,CA,8,Clinton,Trump,39.6,54.7,-15.100000000000001,94.30000000000001,Daily Kos Elections presidential results by congressional district,presidential_results_on_2020_districts.csv,Congressional district lines used in the 2020 elections,1.0,True,same_election_boundary_set,True,most_recent_completed_presidential_election_on_target_house_boundaries
2020,2020,2016,CA-9,CA,9,Clinton,Trump,56.6,38.0,18.6,94.6,Daily Kos Elections presidential results by congressional district,presidential_results_on_2020_districts.csv,Congressional district lines used in the 2020 elections,1.0,True,same_election_boundary_set,True,most_recent_completed_presidential_election_on_target_house_boundaries
2020,2020,2016,CO-1,CO,1,Clinton,Trump,69.0,23.2,45.8,92.2,Daily Kos Elections presidential results by congressional district,presidential_results_on_2020_districts.csv,Congressional district lines used in the 2020 elections,1.0,True,same_election_boundary_set,True,most_recent_completed_presidential_election_on_target_house_boundaries
2020,2020,2016,CO-2,CO,2,Clinton,Trump,56.2,34.9,21.300000000000004,91.1,Daily Kos Elections presidential results by congressional district,presidential_results_on_2020_districts.csv,Congressional district lines used in the 2020 elections,1.0,True,same_election_boundary_set,True,most_recent_completed_presidential_election_on_target_house_boundaries
2020,2020,2016,CO-3,CO,3,Clinton,Trump,40.0,52.0,-12.0,92.0,Daily Kos Elections presidential results by congressional district,presidential_results_on_2020_districts.csv,Congressional district lines used in the 2020 elections,1.0,True,same_election_boundary_set,True,most_recent_completed_presidential_election_on_target_house_boundaries
2020,2020,2016,CO-4,CO,4,Clinton,Trump,34.3,57.4,-23.1,91.69999999999999,Daily Kos Elections presidential results by congressional district,presidential_results_on_2020_districts.csv,Congressional district lines used in the 2020 elections,1.0,True,same_election_boundary_set,True,most_recent_completed_presidential_election_on_target_house_boundaries
2020,2020,2016,CO-5,CO,5,Clinton,Trump,33.2,57.2,-24.0,90.4,Daily Kos Elections presidential results by congressional district,presidential_results_on_2020_districts.csv,Congressional district lines used in the 2020 elections,1.0,True,same_election_boundary_set,True,most_recent_completed_presidential_election_on_target_house_boundaries
2020,2020,2016,CO-6,CO,6,Clinton,Trump,50.2,41.3,8.900000000000006,91.5,Daily Kos Elections presidential results by congressional district,presidential_results_on_2020_districts.csv,Congressional district lines used in the 2020 elections,1.0,True,same_election_boundary_set,True,most_recent_completed_presidential_election_on_target_house_boundaries
2020,2020,2016,CO-7,CO,7,Clinton,Trump,51.4,39.4,12.0,90.8,Daily Kos Elections presidential results by congressional district,presidential_results_on_2020_districts.csv,Congressional district lines used in the 2020 elections,1.0,True,same_election_boundary_set,True,most_recent_completed_presidential_election_on_target_house_boundaries
2020,2020,2016,CT-1,CT,1,Clinton,Trump,59.4,36.3,23.1,95.69999999999999,Daily Kos Elections presidential results by congressional district,presidential_results_on_2020_districts.csv,Congressional district lines used in the 2020 elections,1.0,True,same_election_boundary_set,True,most_recent_completed_presidential_election_on_target_house_boundaries
2020,2020,2016,CT-2,CT,2,Clinton,Trump,48.7,45.8,2.9000000000000057,94.5,Daily Kos Elections presidential results by congressional district,presidential_results_on_2020_districts.csv,Congressional district lines used in the 2020 elections,1.0,True,same_election_boundary_set,True,most_recent_completed_presidential_election_on_target_house_boundaries
2020,2020,2016,CT-3,CT,3,Clinton,Trump,55.9,40.4,15.5,96.3,Daily Kos Elections presidential results by congressional district,presidential_results_on_2020_districts.csv,Congressional district lines used in the 2020 elections,1.0,True,same_election_boundary_set,True,most_recent_completed_presidential_election_on_target_house_boundaries
2020,2020,2016,CT-4,CT,4,Clinton,Trump,59.6,36.6,23.0,96.2,Daily Kos Elections presidential results by congressional district,presidential_results_on_2020_districts.csv,Congressional district lines used in the 2020 elections,1.0,True,same_election_boundary_set,True,most_recent_completed_presidential_election_on_target_house_boundaries
2020,2020,2016,CT-5,CT,5,Clinton,Trump,49.9,45.8,4.100000000000001,95.69999999999999,Daily Kos Elections presidential results by congressional district,presidential_results_on_2020_districts.csv,Congressional district lines used in the 2020 elections,1.0,True,same_election_boundary_set,True,most_recent_completed_presidential_election_on_target_house_boundaries
2020,2020,2016,DE-AL,DE,AL,Clinton,Trump,53.4,41.9,11.5,95.3,Daily Kos Elections presidential results by congressional district,presidential_results_on_2020_districts.csv,Congressional district lines used in the 2020 elections,1.0,True,same_election_boundary_set,True,most_recent_completed_presidential_election_on_target_house_boundaries
2020,2020,2016,FL-1,FL,1,Clinton,Trump,28.2,67.5,-39.3,95.7,Daily Kos Elections presidential results by congressional district,presidential_results_on_2020_districts.csv,Congressional district lines used in the 2020 elections,1.0,True,same_election_boundary_set,True,most_recent_completed_presidential_election_on_target_house_boundaries
2020,2020,2016,FL-10,FL,10,Clinton,Trump,61.8,34.9,26.9,96.69999999999999,Daily Kos Elections presidential results by congressional district,presidential_results_on_2020_districts.csv,Congressional district lines used in the 2020 elections,1.0,True,same_election_boundary_set,True,most_recent_completed_presidential_election_on_target_house_boundaries
2020,2020,2016,FL-11,FL,11,Clinton,Trump,32.5,64.8,-32.3,97.3,Daily Kos Elections presidential results by congressional district,presidential_results_on_2020_districts.csv,Congressional district lines used in the 2020 elections,1.0,True,same_election_boundary_set,True,most_recent_completed_presidential_election_on_target_house_boundaries
2020,2020,2016,FL-12,FL,12,Clinton,Trump,38.8,57.4,-18.6,96.19999999999999,Daily Kos Elections presidential results by congressional district,presidential_results_on_2020_districts.csv,Congressional district lines used in the 2020 elections,1.0,True,same_election_boundary_set,True,most_recent_completed_presidential_election_on_target_house_boundaries
2020,2020,2016,FL-13,FL,13,Clinton,Trump,49.6,46.4,3.200000000000003,96.0,Daily Kos Elections presidential results by congressional district,presidential_results_on_2020_districts.csv,Congressional district lines used in the 2020 elections,1.0,True,same_election_boundary_set,True,most_recent_completed_presidential_election_on_target_house_boundaries
2020,2020,2016,FL-14,FL,14,Clinton,Trump,57.2,39.0,18.200000000000003,96.2,Daily Kos Elections presidential results by congressional district,presidential_results_on_2020_districts.csv,Congressional district lines used in the 2020 elections,1.0,True,same_election_boundary_set,True,most_recent_completed_presidential_election_on_target_house_boundaries
2020,2020,2016,FL-15,FL,15,Clinton,Trump,43.1,53.1,-10.0,96.2,Daily Kos Elections presidential results by congressional district,presidential_results_on_2020_districts.csv,Congressional district lines used in the 2020 elections,1.0,True,same_election_boundary_set,True,most_recent_completed_presidential_election_on_target_house_boundaries
2020,2020,2016,FL-16,FL,16,Clinton,Trump,43.0,53.7,-10.700000000000003,96.7,Daily Kos Elections presidential results by congressional district,presidential_results_on_2020_districts.csv,Congressional district lines used in the 2020 elections,1.0,True,same_election_boundary_set,True,most_recent_completed_presidential_election_on_target_house_boundaries
2020,2020,2016,FL-17,FL,17,Clinton,Trump,35.0,62.2,-27.200000000000003,97.2,Daily Kos Elections presidential results by congressional district,presidential_results_on_2020_districts.csv,Congressional district lines used in the 2020 elections,1.0,True,same_election_boundary_set,True,most_recent_completed_presidential_election_on_target_house_boundaries
2020,2020,2016,FL-18,FL,18,Clinton,Trump,44.1,53.3,-9.199999999999996,97.4,Daily Kos Elections presidential results by congressional district,presidential_results_on_2020_districts.csv,Congressional district lines used in the 2020 elections,1.0,True,same_election_boundary_set,True,most_recent_completed_presidential_election_on_target_house_boundaries
2020,2020,2016,FL-19,FL,19,Clinton,Trump,37.5,59.6,-22.1,97.1,Daily Kos Elections presidential results by congressional district,presidential_results_on_2020_districts.csv,Congressional district lines used in the 2020 elections,1.0,True,same_election_boundary_set,True,most_recent_completed_presidential_election_on_target_house_boundaries
2020,2020,2016,FL-2,FL,2,Clinton,Trump,30.6,66.2,-35.6,96.80000000000001,Daily Kos Elections presidential results by congressional district,presidential_results_on_2020_districts.csv,Congressional district lines used in the 2020 elections,1.0,True,same_election_boundary_set,True,most_recent_completed_presidential_election_on_target_house_boundaries
2020,2020,2016,FL-20,FL,20,Clinton,Trump,80.2,18.1,62.1,98.30000000000001,Daily Kos Elections presidential results by congressional district,presidential_results_on_2020_districts.csv,Congressional district lines used in the 2020 elections,1.0,True,same_election_boundary_set,True,most_recent_completed_presidential_election_on_target_house_boundaries
2020,2020,2016,FL-21,FL,21,Clinton,Trump,58.6,39.1,19.5,97.7,Daily Kos Elections presidential results by congressional district,presidential_results_on_2020_districts.csv,Congressional district lines used in the 2020 elections,1.0,True,same_election_boundary_set,True,most_recent_completed_presidential_election_on_target_house_boundaries
2020,2020,2016,FL-22,FL,22,Clinton,Trump,56.8,41.0,15.799999999999997,97.8,Daily Kos Elections presidential results by congressional district,presidential_results_on_2020_districts.csv,Congressional district lines used in the 2020 elections,1.0,True,same_election_boundary_set,True,most_recent_completed_presidential_election_on_target_house_boundaries
2020,2020,2016,FL-23,FL,23,Clinton,Trump,61.9,35.8,26.1,97.69999999999999,Daily Kos Elections presidential results by congressional district,presidential_results_on_2020_districts.csv,Congressional district lines used in the 2020 elections,1.0,True,same_election_boundary_set,True,most_recent_completed_presidential_election_on_target_house_boundaries
2020,2020,2016,FL-24,FL,24,Clinton,Trump,82.9,15.4,67.5,98.30000000000001,Daily Kos Elections presidential results by congressional district,presidential_results_on_2020_districts.csv,Congressional district lines used in the 2020 elections,1.0,True,same_election_boundary_set,True,most_recent_completed_presidential_election_on_target_house_boundaries
2020,2020,2016,FL-25,FL,25,Clinton,Trump,47.9,49.7,-1.8000000000000043,97.6,Daily Kos Elections presidential results by congressional district,presidential_results_on_2020_districts.csv,Congressional district lines used in the 2020 elections,1.0,True,same_election_boundary_set,True,most_recent_completed_presidential_election_on_target_house_boundaries
2020,2020,2016,FL-26,FL,26,Clinton,Trump,56.8,40.5,16.299999999999997,97.3,Daily Kos Elections presidential results by congressional district,presidential_results_on_2020_districts.csv,Congressional district lines used in the 2020 elections,1.0,True,same_election_boundary_set,True,most_recent_completed_presidential_election_on_target_house_boundaries
2020,2020,2016,FL-27,FL,27,Clinton,Trump,58.5,38.9,19.6,97.4,Daily Kos Elections presidential results by congressional district,presidential_results_on_2020_districts.csv,Congressional district lines used in the 2020 elections,1.0,True,same_election_boundary_set,True,most_recent_completed_presidential_election_on_target_house_boundaries
2020,2020,2016,FL-3,FL,3,Clinton,Trump,40.2,56.2,-16.0,96.4,Daily Kos Elections presidential results by congressional district,presidential_results_on_2020_districts.csv,Congressional district lines used in the 2020 elections,1.0,True,same_election_boundary_set,True,most_recent_completed_presidential_election_on_target_house_boundaries
2020,2020,2016,FL-4,FL,4,Clinton,Trump,34.1,62.1,-28.0,96.2,Daily Kos Elections presidential results by congressional district,presidential_results_on_2020_districts.csv,Congressional district lines used in the 2020 elections,1.0,True,same_election_boundary_set,True,most_recent_completed_presidential_election_on_target_house_boundaries
2020,2020,2016,FL-5,FL,5,Clinton,Trump,61.3,35.9,25.4,97.19999999999999,Daily Kos Elections presidential results by congressional district,presidential_results_on_2020_districts.csv,Congressional district lines used in the 2020 elections,1.0,True,same_election_boundary_set,True,most_recent_completed_presidential_election_on_target_house_boundaries
2020,2020,2016,FL-6,FL,6,Clinton,Trump,39.9,56.9,-17.0,96.8,Daily Kos Elections presidential results by congressional district,presidential_results_on_2020_districts.csv,Congressional district lines used in the 2020 elections,1.0,True,same_election_boundary_set,True,most_recent_completed_presidential_election_on_target_house_boundaries
2020,2020,2016,FL-7,FL,7,Clinton,Trump,51.4,44.1,7.299999999999997,95.5,Daily Kos Elections presidential results by congressional district,presidential_results_on_2020_districts.csv,Congressional district lines used in the 2020 elections,1.0,True,same_election_boundary_set,True,most_recent_completed_presidential_election_on_target_house_boundaries
2020,2020,2016,FL-8,FL,8,Clinton,Trump,37.7,58.4,-20.699999999999996,96.1,Daily Kos Elections presidential results by congressional district,presidential_results_on_2020_districts.csv,Congressional district lines used in the 2020 elections,1.0,True,same_election_boundary_set,True,most_recent_completed_presidential_election_on_target_house_boundaries
2020,2020,2016,FL-9,FL,9,Clinton,Trump,54.8,41.9,12.899999999999999,96.69999999999999,Daily Kos Elections presidential results by congressional district,presidential_results_on_2020_districts.csv,Congressional district lines used in the 2020 elections,1.0,True,same_election_boundary_set,True,most_recent_completed_presidential_election_on_target_house_boundaries
2020,2020,2016,GA-1,GA,1,Clinton,Trump,40.9,56.4,-15.5,97.3,Daily Kos Elections presidential results by congressional district,presidential_results_on_2020_districts.csv,Congressional district lines used in the 2020 elections,1.0,True,same_election_boundary_set,True,most_recent_completed_presidential_election_on_target_house_boundaries
2020,2020,2016,GA-10,GA,10,Clinton,Trump,35.8,61.3,-25.5,97.1,Daily Kos Elections presidential results by congressional district,presidential_results_on_2020_districts.csv,Congressional district lines used in the 2020 elections,1.0,True,same_election_boundary_set,True,most_recent_completed_presidential_election_on_target_house_boundaries
2020,2020,2016,GA-11,GA,11,Clinton,Trump,35.3,60.3,-25.0,95.6,Daily Kos Elections presidential results by congressional district,presidential_results_on_2020_districts.csv,Congressional district lines used in the 2020 elections,1.0,True,same_election_boundary_set,True,most_recent_completed_presidential_election_on_target_house_boundaries
2020,2020,2016,GA-12,GA,12,Clinton,Trump,40.7,56.9,-16.199999999999996,97.6,Daily Kos Elections presidential results by congressional district,presidential_results_on_2020_districts.csv,Congressional district lines used in the 2020 elections,1.0,True,same_election_boundary_set,True,most_recent_completed_presidential_election_on_target_house_boundaries
2020,2020,2016,GA-13,GA,13,Clinton,Trump,71.0,26.6,44.4,97.6,Daily Kos Elections presidential results by congressional district,presidential_results_on_2020_districts.csv,Congressional district lines used in the 2020 elections,1.0,True,same_election_boundary_set,True,most_recent_completed_presidential_election_on_target_house_boundaries
2020,2020,2016,GA-14,GA,14,Clinton,Trump,22.1,75.0,-52.9,97.1,Daily Kos Elections presidential results by congressional district,presidential_results_on_2020_districts.csv,Congressional district lines used in the 2020 elections,1.0,True,same_election_boundary_set,True,most_recent_completed_presidential_election_on_target_house_boundaries
2020,2020,2016,GA-2,GA,2,Clinton,Trump,55.0,43.3,11.700000000000003,98.3,Daily Kos Elections presidential results by congressional district,presidential_results_on_2020_districts.csv,Congressional district lines used in the 2020 elections,1.0,True,same_election_boundary_set,True,most_recent_completed_presidential_election_on_target_house_boundaries
2020,2020,2016,GA-3,GA,3,Clinton,Trump,32.8,64.3,-31.5,97.1,Daily Kos Elections presidential results by congressional district,presidential_results_on_2020_districts.csv,Congressional district lines used in the 2020 elections,1.0,True,same_election_boundary_set,True,most_recent_completed_presidential_election_on_target_house_boundaries
2020,2020,2016,GA-4,GA,4,Clinton,Trump,75.3,22.2,53.099999999999994,97.5,Daily Kos Elections presidential results by congressional district,presidential_results_on_2020_districts.csv,Congressional district lines used in the 2020 elections,1.0,True,same_election_boundary_set,True,most_recent_completed_presidential_election_on_target_house_boundaries
2020,2020,2016,GA-5,GA,5,Clinton,Trump,85.0,11.9,73.1,96.9,Daily Kos Elections presidential results by congressional district,presidential_results_on_2020_districts.csv,Congressional district lines used in the 2020 elections,1.0,True,same_election_boundary_set,True,most_recent_completed_presidential_election_on_target_house_boundaries
2020,2020,2016,GA-6,GA,6,Clinton,Trump,46.8,48.3,-1.5,95.1,Daily Kos Elections presidential results by congressional district,presidential_results_on_2020_districts.csv,Congressional district lines used in the 2020 elections,1.0,True,same_election_boundary_set,True,most_recent_completed_presidential_election_on_target_house_boundaries
2020,2020,2016,GA-7,GA,7,Clinton,Trump,44.8,51.1,-6.300000000000004,95.9,Daily Kos Elections presidential results by congressional district,presidential_results_on_2020_districts.csv,Congressional district lines used in the 2020 elections,1.0,True,same_election_boundary_set,True,most_recent_completed_presidential_election_on_target_house_boundaries
2020,2020,2016,GA-8,GA,8,Clinton,Trump,34.4,63.3,-28.9,97.69999999999999,Daily Kos Elections presidential results by congressional district,presidential_results_on_2020_districts.csv,Congressional district lines used in the 2020 elections,1.0,True,same_election_boundary_set,True,most_recent_completed_presidential_election_on_target_house_boundaries
2020,2020,2016,GA-9,GA,9,Clinton,Trump,19.3,77.8,-58.5,97.1,Daily Kos Elections presidential results by congressional district,presidential_results_on_2020_districts.csv,Congressional district lines used in the 2020 elections,1.0,True,same_election_boundary_set,True,most_recent_completed_presidential_election_on_target_house_boundaries
2020,2020,2016,HI-1,HI,1,Clinton,Trump,63.1,30.5,32.6,93.6,Daily Kos Elections presidential results by congressional district,presidential_results_on_2020_districts.csv,Congressional district lines used in the 2020 elections,1.0,True,same_election_boundary_set,True,most_recent_completed_presidential_election_on_target_house_boundaries
2020,2020,2016,HI-2,HI,2,Clinton,Trump,61.4,29.6,31.799999999999997,91.0,Daily Kos Elections presidential results by congressional district,presidential_results_on_2020_districts.csv,Congressional district lines used in the 2020 elections,1.0,True,same_election_boundary_set,True,most_recent_completed_presidential_election_on_target_house_boundaries
2020,2020,2016,IA-1,IA,1,Clinton,Trump,45.2,48.7,-3.5,93.9,Daily Kos Elections presidential results by congressional district,presidential_results_on_2020_districts.csv,Congressional district lines used in the 2020 elections,1.0,True,same_election_boundary_set,True,most_recent_completed_presidential_election_on_target_house_boundaries
2020,2020,2016,IA-2,IA,2,Clinton,Trump,45.0,49.1,-4.100000000000001,94.1,Daily Kos Elections presidential results by congressional district,presidential_results_on_2020_districts.csv,Congressional district lines used in the 2020 elections,1.0,True,same_election_boundary_set,True,most_recent_completed_presidential_election_on_target_house_boundaries
2020,2020,2016,IA-3,IA,3,Clinton,Trump,45.0,48.5,-3.5,93.5,Daily Kos Elections presidential results by congressional district,presidential_results_on_2020_districts.csv,Congressional district lines used in the 2020 elections,1.0,True,same_election_boundary_set,True,most_recent_completed_presidential_election_on_target_house_boundaries
2020,2020,2016,IA-4,IA,4,Clinton,Trump,33.5,60.9,-27.4,94.4,Daily Kos Elections presidential results by congressional district,presidential_results_on_2020_districts.csv,Congressional district lines used in the 2020 elections,1.0,True,same_election_boundary_set,True,most_recent_completed_presidential_election_on_target_house_boundaries
2020,2020,2016,ID-1,ID,1,Clinton,Trump,25.4,63.7,-38.300000000000004,89.1,Daily Kos Elections presidential results by congressional district,presidential_results_on_2020_districts.csv,Congressional district lines used in the 2020 elections,1.0,True,same_election_boundary_set,True,most_recent_completed_presidential_election_on_target_house_boundaries
2020,2020,2016,ID-2,ID,2,Clinton,Trump,29.8,54.5,-24.7,84.3,Daily Kos Elections presidential results by congressional district,presidential_results_on_2020_districts.csv,Congressional district lines used in the 2020 elections,1.0,True,same_election_boundary_set,True,most_recent_completed_presidential_election_on_target_house_boundaries
2020,2020,2016,IL-1,IL,1,Clinton,Trump,75.4,21.4,54.00000000000001,96.80000000000001,Daily Kos Elections presidential results by congressional district,presidential_results_on_2020_districts.csv,Congressional district lines used in the 2020 elections,1.0,True,same_election_boundary_set,True,most_recent_completed_presidential_election_on_target_house_boundaries
2020,2020,2016,IL-10,IL,10,Clinton,Trump,62.0,32.6,29.4,94.6,Daily Kos Elections presidential results by congressional district,presidential_results_on_2020_districts.csv,Congressional district lines used in the 2020 elections,1.0,True,same_election_boundary_set,True,most_recent_completed_presidential_election_on_target_house_boundaries
2020,2020,2016,IL-11,IL,11,Clinton,Trump,58.9,35.4,23.5,94.3,Daily Kos Elections presidential results by congressional district,presidential_results_on_2020_districts.csv,Congressional district lines used in the 2020 elections,1.0,True,same_election_boundary_set,True,most_recent_completed_presidential_election_on_target_house_boundaries
2020,2020,2016,IL-12,IL,12,Clinton,Trump,40.2,55.0,-14.799999999999997,95.2,Daily Kos Elections presidential results by congressional district,presidential_results_on_2020_districts.csv,Congressional district lines used in the 2020 elections,1.0,True,same_election_boundary_set,True,most_recent_completed_presidential_election_on_target_house_boundaries
2020,2020,2016,IL-13,IL,13,Clinton,Trump,44.2,49.7,-5.5,93.9,Daily Kos Elections presidential results by congressional district,presidential_results_on_2020_districts.csv,Congressional district lines used in the 2020 elections,1.0,True,same_election_boundary_set,True,most_recent_completed_presidential_election_on_target_house_boundaries
2020,2020,2016,IL-14,IL,14,Clinton,Trump,44.8,48.7,-3.9000000000000057,93.5,Daily Kos Elections presidential results by congressional district,presidential_results_on_2020_districts.csv,Congressional district lines used in the 2020 elections,1.0,True,same_election_boundary_set,True,most_recent_completed_presidential_election_on_target_house_boundaries
2020,2020,2016,IL-15,IL,15,Clinton,Trump,24.5,70.7,-46.2,95.2,Daily Kos Elections presidential results by congressional district,presidential_results_on_2020_districts.csv,Congressional district lines used in the 2020 elections,1.0,True,same_election_boundary_set,True,most_recent_completed_presidential_election_on_target_house_boundaries
2020,2020,2016,IL-16,IL,16,Clinton,Trump,38.3,55.5,-17.200000000000003,93.8,Daily Kos Elections presidential results by congressional district,presidential_results_on_2020_districts.csv,Congressional district lines used in the 2020 elections,1.0,True,same_election_boundary_set,True,most_recent_completed_presidential_election_on_target_house_boundaries
2020,2020,2016,IL-17,IL,17,Clinton,Trump,46.7,47.4,-0.6999999999999957,94.1,Daily Kos Elections presidential results by congressional district,presidential_results_on_2020_districts.csv,Congressional district lines used in the 2020 elections,1.0,True,same_election_boundary_set,True,most_recent_completed_presidential_election_on_target_house_boundaries
2020,2020,2016,IL-18,IL,18,Clinton,Trump,33.3,60.6,-27.300000000000004,93.9,Daily Kos Elections presidential results by congressional district,presidential_results_on_2020_districts.csv,Congressional district lines used in the 2020 elections,1.0,True,same_election_boundary_set,True,most_recent_completed_presidential_election_on_target_house_boundaries
2020,2020,2016,IL-2,IL,2,Clinton,Trump,78.0,19.1,58.9,97.1,Daily Kos Elections presidential results by congressional district,presidential_results_on_2020_districts.csv,Congressional district lines used in the 2020 elections,1.0,True,same_election_boundary_set,True,most_recent_completed_presidential_election_on_target_house_boundaries
2020,2020,2016,IL-3,IL,3,Clinton,Trump,55.2,39.9,15.300000000000004,95.1,Daily Kos Elections presidential results by congressional district,presidential_results_on_2020_districts.csv,Congressional district lines used in the 2020 elections,1.0,True,same_election_boundary_set,True,most_recent_completed_presidential_election_on_target_house_boundaries
2020,2020,2016,IL-4,IL,4,Clinton,Trump,82.1,13.2,68.89999999999999,95.3,Daily Kos Elections presidential results by congressional district,presidential_results_on_2020_districts.csv,Congressional district lines used in the 2020 elections,1.0,True,same_election_boundary_set,True,most_recent_completed_presidential_election_on_target_house_boundaries
2020,2020,2016,IL-5,IL,5,Clinton,Trump,70.5,23.9,46.6,94.4,Daily Kos Elections presidential results by congressional district,presidential_results_on_2020_districts.csv,Congressional district lines used in the 2020 elections,1.0,True,same_election_boundary_set,True,most_recent_completed_presidential_election_on_target_house_boundaries
2020,2020,2016,IL-6,IL,6,Clinton,Trump,50.2,43.2,7.0,93.4,Daily Kos Elections presidential results by congressional district,presidential_results_on_2020_districts.csv,Congressional district lines used in the 2020 elections,1.0,True,same_election_boundary_set,True,most_recent_completed_presidential_election_on_target_house_boundaries
2020,2020,2016,IL-7,IL,7,Clinton,Trump,87.4,9.2,78.2,96.60000000000001,Daily Kos Elections presidential results by congressional district,presidential_results_on_2020_districts.csv,Congressional district lines used in the 2020 elections,1.0,True,same_election_boundary_set,True,most_recent_completed_presidential_election_on_target_house_boundaries
2020,2020,2016,IL-8,IL,8,Clinton,Trump,58.1,36.4,21.700000000000003,94.5,Daily Kos Elections presidential results by congressional district,presidential_results_on_2020_districts.csv,Congressional district lines used in the 2020 elections,1.0,True,same_election_boundary_set,True,most_recent_completed_presidential_election_on_target_house_boundaries
2020,2020,2016,IL-9,IL,9,Clinton,Trump,70.1,24.9,45.199999999999996,95.0,Daily Kos Elections presidential results by congressional district,presidential_results_on_2020_districts.csv,Congressional district lines used in the 2020 elections,1.0,True,same_election_boundary_set,True,most_recent_completed_presidential_election_on_target_house_boundaries
2020,2020,2016,IN-1,IN,1,Clinton,Trump,54.1,41.5,12.600000000000001,95.6,Daily Kos Elections presidential results by congressional district,presidential_results_on_2020_districts.csv,Congressional district lines used in the 2020 elections,1.0,True,same_election_boundary_set,True,most_recent_completed_presidential_election_on_target_house_boundaries
2020,2020,2016,IN-2,IN,2,Clinton,Trump,36.1,59.3,-23.199999999999996,95.4,Daily Kos Elections presidential results by congressional district,presidential_results_on_2020_districts.csv,Congressional district lines used in the 2020 elections,1.0,True,same_election_boundary_set,True,most_recent_completed_presidential_election_on_target_house_boundaries
2020,2020,2016,IN-3,IN,3,Clinton,Trump,30.1,65.1,-34.99999999999999,95.19999999999999,Daily Kos Elections presidential results by congressional district,presidential_results_on_2020_districts.csv,Congressional district lines used in the 2020 elections,1.0,True,same_election_boundary_set,True,most_recent_completed_presidential_election_on_target_house_boundaries
2020,2020,2016,IN-4,IN,4,Clinton,Trump,30.2,64.3,-34.099999999999994,94.5,Daily Kos Elections presidential results by congressional district,presidential_results_on_2020_districts.csv,Congressional district lines used in the 2020 elections,1.0,True,same_election_boundary_set,True,most_recent_completed_presidential_election_on_target_house_boundaries
2020,2020,2016,IN-5,IN,5,Clinton,Trump,41.3,53.1,-11.800000000000004,94.4,Daily Kos Elections presidential results by congressional district,presidential_results_on_2020_districts.csv,Congressional district lines used in the 2020 elections,1.0,True,same_election_boundary_set,True,most_recent_completed_presidential_election_on_target_house_boundaries
2020,2020,2016,IN-6,IN,6,Clinton,Trump,27.4,67.7,-40.300000000000004,95.1,Daily Kos Elections presidential results by congressional district,presidential_results_on_2020_districts.csv,Congressional district lines used in the 2020 elections,1.0,True,same_election_boundary_set,True,most_recent_completed_presidential_election_on_target_house_boundaries
2020,2020,2016,IN-7,IN,7,Clinton,Trump,59.0,36.2,22.799999999999997,95.2,Daily Kos Elections presidential results by congressional district,presidential_results_on_2020_districts.csv,Congressional district lines used in the 2020 elections,1.0,True,same_election_boundary_set,True,most_recent_completed_presidential_election_on_target_house_boundaries
2020,2020,2016,IN-8,IN,8,Clinton,Trump,30.9,64.6,-33.699999999999996,95.5,Daily Kos Elections presidential results by congressional district,presidential_results_on_2020_districts.csv,Congressional district lines used in the 2020 elections,1.0,True,same_election_boundary_set,True,most_recent_completed_presidential_election_on_target_house_boundaries
2020,2020,2016,IN-9,IN,9,Clinton,Trump,34.2,61.1,-26.9,95.30000000000001,Daily Kos Elections presidential results by congressional district,presidential_results_on_2020_districts.csv,Congressional district lines used in the 2020 elections,1.0,True,same_election_boundary_set,True,most_recent_completed_presidential_election_on_target_house_boundaries
2020,2020,2016,KS-1,KS,1,Clinton,Trump,24.3,69.3,-45.0,93.6,Daily Kos Elections presidential results by congressional district,presidential_results_on_2020_districts.csv,Congressional district lines used in the 2020 elections,1.0,True,same_election_boundary_set,True,most_recent_completed_presidential_election_on_target_house_boundaries
2020,2020,2016,KS-2,KS,2,Clinton,Trump,37.4,55.8,-18.4,93.19999999999999,Daily Kos Elections presidential results by congressional district,presidential_results_on_2020_districts.csv,Congressional district lines used in the 2020 elections,1.0,True,same_election_boundary_set,True,most_recent_completed_presidential_election_on_target_house_boundaries
2020,2020,2016,KS-3,KS,3,Clinton,Trump,47.2,46.0,1.2000000000000028,93.2,Daily Kos Elections presidential results by congressional district,presidential_results_on_2020_districts.csv,Congressional district lines used in the 2020 elections,1.0,True,same_election_boundary_set,True,most_recent_completed_presidential_election_on_target_house_boundaries
2020,2020,2016,KS-4,KS,4,Clinton,Trump,33.0,60.2,-27.200000000000003,93.2,Daily Kos Elections presidential results by congressional district,presidential_results_on_2020_districts.csv,Congressional district lines used in the 2020 elections,1.0,True,same_election_boundary_set,True,most_recent_completed_presidential_election_on_target_house_boundaries
2020,2020,2016,KY-1,KY,1,Clinton,Trump,23.9,72.4,-48.50000000000001,96.30000000000001,Daily Kos Elections presidential results by congressional district,presidential_results_on_2020_districts.csv,Congressional district lines used in the 2020 elections,1.0,True,same_election_boundary_set,True,most_recent_completed_presidential_election_on_target_house_boundaries
2020,2020,2016,KY-2,KY,2,Clinton,Trump,27.6,67.5,-39.9,95.1,Daily Kos Elections presidential results by congressional district,presidential_results_on_2020_districts.csv,Congressional district lines used in the 2020 elections,1.0,True,same_election_boundary_set,True,most_recent_completed_presidential_election_on_target_house_boundaries
2020,2020,2016,KY-3,KY,3,Clinton,Trump,54.9,39.9,15.0,94.8,Daily Kos Elections presidential results by congressional district,presidential_results_on_2020_districts.csv,Congressional district lines used in the 2020 elections,1.0,True,same_election_boundary_set,True,most_recent_completed_presidential_election_on_target_house_boundaries
2020,2020,2016,KY-4,KY,4,Clinton,Trump,29.3,65.2,-35.900000000000006,94.5,Daily Kos Elections presidential results by congressional district,presidential_results_on_2020_districts.csv,Congressional district lines used in the 2020 elections,1.0,True,same_election_boundary_set,True,most_recent_completed_presidential_election_on_target_house_boundaries
2020,2020,2016,KY-5,KY,5,Clinton,Trump,17.5,79.6,-62.099999999999994,97.1,Daily Kos Elections presidential results by congressional district,presidential_results_on_2020_districts.csv,Congressional district lines used in the 2020 elections,1.0,True,same_election_boundary_set,True,most_recent_completed_presidential_election_on_target_house_boundaries
2020,2020,2016,KY-6,KY,6,Clinton,Trump,39.4,54.7,-15.300000000000004,94.1,Daily Kos Elections presidential results by congressional district,presidential_results_on_2020_districts.csv,Congressional district lines used in the 2020 elections,1.0,True,same_election_boundary_set,True,most_recent_completed_presidential_election_on_target_house_boundaries
2020,2020,2016,LA-1,LA,1,Clinton,Trump,26.7,68.7,-42.0,95.4,Daily Kos Elections presidential results by congressional district,presidential_results_on_2020_districts.csv,Congressional district lines used in the 2020 elections,1.0,True,same_election_boundary_set,True,most_recent_completed_presidential_election_on_target_house_boundaries
2020,2020,2016,LA-2,LA,2,Clinton,Trump,74.6,22.2,52.39999999999999,96.8,Daily Kos Elections presidential results by congressional district,presidential_results_on_2020_districts.csv,Congressional district lines used in the 2020 elections,1.0,True,same_election_boundary_set,True,most_recent_completed_presidential_election_on_target_house_boundaries
2020,2020,2016,LA-3,LA,3,Clinton,Trump,29.2,67.3,-38.099999999999994,96.5,Daily Kos Elections presidential results by congressional district,presidential_results_on_2020_districts.csv,Congressional district lines used in the 2020 elections,1.0,True,same_election_boundary_set,True,most_recent_completed_presidential_election_on_target_house_boundaries
2020,2020,2016,LA-4,LA,4,Clinton,Trump,36.6,60.6,-24.0,97.2,Daily Kos Elections presidential results by congressional district,presidential_results_on_2020_districts.csv,Congressional district lines used in the 2020 elections,1.0,True,same_election_boundary_set,True,most_recent_completed_presidential_election_on_target_house_boundaries
2020,2020,2016,LA-5,LA,5,Clinton,Trump,34.1,63.5,-29.4,97.6,Daily Kos Elections presidential results by congressional district,presidential_results_on_2020_districts.csv,Congressional district lines used in the 2020 elections,1.0,True,same_election_boundary_set,True,most_recent_completed_presidential_election_on_target_house_boundaries
2020,2020,2016,LA-6,LA,6,Clinton,Trump,31.0,64.8,-33.8,95.8,Daily Kos Elections presidential results by congressional district,presidential_results_on_2020_districts.csv,Congressional district lines used in the 2020 elections,1.0,True,same_election_boundary_set,True,most_recent_completed_presidential_election_on_target_house_boundaries
2020,2020,2016,MA-1,MA,1,Clinton,Trump,57.2,36.5,20.700000000000003,93.7,Daily Kos Elections presidential results by congressional district,presidential_results_on_2020_districts.csv,Congressional district lines used in the 2020 elections,1.0,True,same_election_boundary_set,True,most_recent_completed_presidential_election_on_target_house_boundaries
2020,2020,2016,MA-2,MA,2,Clinton,Trump,56.2,36.8,19.400000000000006,93.0,Daily Kos Elections presidential results by congressional district,presidential_results_on_2020_districts.csv,Congressional district lines used in the 2020 elections,1.0,True,same_election_boundary_set,True,most_recent_completed_presidential_election_on_target_house_boundaries
2020,2020,2016,MA-3,MA,3,Clinton,Trump,58.2,35.4,22.800000000000004,93.6,Daily Kos Elections presidential results by congressional district,presidential_results_on_2020_districts.csv,Congressional district lines used in the 2020 elections,1.0,True,same_election_boundary_set,True,most_recent_completed_presidential_election_on_target_house_boundaries
2020,2020,2016,MA-4,MA,4,Clinton,Trump,59.2,35.0,24.200000000000003,94.2,Daily Kos Elections presidential results by congressional district,presidential_results_on_2020_districts.csv,Congressional district lines used in the 2020 elections,1.0,True,same_election_boundary_set,True,most_recent_completed_presidential_election_on_target_house_boundaries
2020,2020,2016,MA-5,MA,5,Clinton,Trump,69.3,25.7,43.599999999999994,95.0,Daily Kos Elections presidential results by congressional district,presidential_results_on_2020_districts.csv,Congressional district lines used in the 2020 elections,1.0,True,same_election_boundary_set,True,most_recent_completed_presidential_election_on_target_house_boundaries
2020,2020,2016,MA-6,MA,6,Clinton,Trump,56.1,38.2,17.9,94.30000000000001,Daily Kos Elections presidential results by congressional district,presidential_results_on_2020_districts.csv,Congressional district lines used in the 2020 elections,1.0,True,same_election_boundary_set,True,most_recent_completed_presidential_election_on_target_house_boundaries
2020,2020,2016,MA-7,MA,7,Clinton,Trump,84.1,11.9,72.19999999999999,96.0,Daily Kos Elections presidential results by congressional district,presidential_results_on_2020_districts.csv,Congressional district lines used in the 2020 elections,1.0,True,same_election_boundary_set,True,most_recent_completed_presidential_election_on_target_house_boundaries
2020,2020,2016,MA-8,MA,8,Clinton,Trump,60.4,34.4,26.0,94.8,Daily Kos Elections presidential results by congressional district,presidential_results_on_2020_districts.csv,Congressional district lines used in the 2020 elections,1.0,True,same_election_boundary_set,True,most_recent_completed_presidential_election_on_target_house_boundaries
2020,2020,2016,MA-9,MA,9,Clinton,Trump,52.5,41.8,10.700000000000003,94.3,Daily Kos Elections presidential results by congressional district,presidential_results_on_2020_districts.csv,Congressional district lines used in the 2020 elections,1.0,True,same_election_boundary_set,True,most_recent_completed_presidential_election_on_target_house_boundaries
2020,2020,2016,MD-1,MD,1,Clinton,Trump,33.4,62.0,-28.6,95.4,Daily Kos Elections presidential results by congressional district,presidential_results_on_2020_districts.csv,Congressional district lines used in the 2020 elections,1.0,True,same_election_boundary_set,True,most_recent_completed_presidential_election_on_target_house_boundaries
2020,2020,2016,MD-2,MD,2,Clinton,Trump,60.1,35.7,24.4,95.80000000000001,Daily Kos Elections presidential results by congressional district,presidential_results_on_2020_districts.csv,Congressional district lines used in the 2020 elections,1.0,True,same_election_boundary_set,True,most_recent_completed_presidential_election_on_target_house_boundaries
2020,2020,2016,MD-3,MD,3,Clinton,Trump,62.8,32.3,30.5,95.1,Daily Kos Elections presidential results by congressional district,presidential_results_on_2020_districts.csv,Congressional district lines used in the 2020 elections,1.0,True,same_election_boundary_set,True,most_recent_completed_presidential_election_on_target_house_boundaries
2020,2020,2016,MD-4,MD,4,Clinton,Trump,77.2,19.7,57.5,96.9,Daily Kos Elections presidential results by congressional district,presidential_results_on_2020_districts.csv,Congressional district lines used in the 2020 elections,1.0,True,same_election_boundary_set,True,most_recent_completed_presidential_election_on_target_house_boundaries
2020,2020,2016,MD-5,MD,5,Clinton,Trump,64.1,32.1,31.999999999999993,96.19999999999999,Daily Kos Elections presidential results by congressional district,presidential_results_on_2020_districts.csv,Congressional district lines used in the 2020 elections,1.0,True,same_election_boundary_set,True,most_recent_completed_presidential_election_on_target_house_boundaries
2020,2020,2016,MD-6,MD,6,Clinton,Trump,55.3,40.2,15.099999999999994,95.5,Daily Kos Elections presidential results by congressional district,presidential_results_on_2020_districts.csv,Congressional district lines used in the 2020 elections,1.0,True,same_election_boundary_set,True,most_recent_completed_presidential_election_on_target_house_boundaries
2020,2020,2016,MD-7,MD,7,Clinton,Trump,75.8,20.2,55.599999999999994,96.0,Daily Kos Elections presidential results by congressional district,presidential_results_on_2020_districts.csv,Congressional district lines used in the 2020 elections,1.0,True,same_election_boundary_set,True,most_recent_completed_presidential_election_on_target_house_boundaries
2020,2020,2016,MD-8,MD,8,Clinton,Trump,65.0,30.6,34.4,95.6,Daily Kos Elections presidential results by congressional district,presidential_results_on_2020_districts.csv,Congressional district lines used in the 2020 elections,1.0,True,same_election_boundary_set,True,most_recent_completed_presidential_election_on_target_house_boundaries
2020,2020,2016,ME-1,ME,1,Clinton,Trump,54.1,39.3,14.800000000000004,93.4,Daily Kos Elections presidential results by congressional district,presidential_results_on_2020_districts.csv,Congressional district lines used in the 2020 elections,1.0,True,same_election_boundary_set,True,most_recent_completed_presidential_election_on_target_house_boundaries
2020,2020,2016,ME-2,ME,2,Clinton,Trump,41.1,51.4,-10.299999999999997,92.5,Daily Kos Elections presidential results by congressional district,presidential_results_on_2020_districts.csv,Congressional district lines used in the 2020 elections,1.0,True,same_election_boundary_set,True,most_recent_completed_presidential_election_on_target_house_boundaries
2020,2020,2016,MI-1,MI,1,Clinton,Trump,36.6,57.9,-21.299999999999997,94.5,Daily Kos Elections presidential results by congressional district,presidential_results_on_2020_districts.csv,Congressional district lines used in the 2020 elections,1.0,True,same_election_boundary_set,True,most_recent_completed_presidential_election_on_target_house_boundaries
2020,2020,2016,MI-10,MI,10,Clinton,Trump,31.6,63.8,-32.199999999999996,95.4,Daily Kos Elections presidential results by congressional district,presidential_results_on_2020_districts.csv,Congressional district lines used in the 2020 elections,1.0,True,same_election_boundary_set,True,most_recent_completed_presidential_election_on_target_house_boundaries
2020,2020,2016,MI-11,MI,11,Clinton,Trump,45.3,49.7,-4.400000000000006,95.0,Daily Kos Elections presidential results by congressional district,presidential_results_on_2020_districts.csv,Congressional district lines used in the 2020 elections,1.0,True,same_election_boundary_set,True,most_recent_completed_presidential_election_on_target_house_boundaries
2020,2020,2016,MI-12,MI,12,Clinton,Trump,60.8,34.5,26.299999999999997,95.3,Daily Kos Elections presidential results by congressional district,presidential_results_on_2020_districts.csv,Congressional district lines used in the 2020 elections,1.0,True,same_election_boundary_set,True,most_recent_completed_presidential_election_on_target_house_boundaries
2020,2020,2016,MI-13,MI,13,Clinton,Trump,78.8,18.1,60.699999999999996,96.9,Daily Kos Elections presidential results by congressional district,presidential_results_on_2020_districts.csv,Congressional district lines used in the 2020 elections,1.0,True,same_election_boundary_set,True,most_recent_completed_presidential_election_on_target_house_boundaries
2020,2020,2016,MI-14,MI,14,Clinton,Trump,79.2,18.3,60.900000000000006,97.5,Daily Kos Elections presidential results by congressional district,presidential_results_on_2020_districts.csv,Congressional district lines used in the 2020 elections,1.0,True,same_election_boundary_set,True,most_recent_completed_presidential_election_on_target_house_boundaries
2020,2020,2016,MI-2,MI,2,Clinton,Trump,38.2,55.8,-17.599999999999994,94.0,Daily Kos Elections presidential results by congressional district,presidential_results_on_2020_districts.csv,Congressional district lines used in the 2020 elections,1.0,True,same_election_boundary_set,True,most_recent_completed_presidential_election_on_target_house_boundaries
2020,2020,2016,MI-3,MI,3,Clinton,Trump,42.2,51.6,-9.399999999999999,93.80000000000001,Daily Kos Elections presidential results by congressional district,presidential_results_on_2020_districts.csv,Congressional district lines used in the 2020 elections,1.0,True,same_election_boundary_set,True,most_recent_completed_presidential_election_on_target_house_boundaries
2020,2020,2016,MI-4,MI,4,Clinton,Trump,34.7,59.5,-24.799999999999997,94.2,Daily Kos Elections presidential results by congressional district,presidential_results_on_2020_districts.csv,Congressional district lines used in the 2020 elections,1.0,True,same_election_boundary_set,True,most_recent_completed_presidential_election_on_target_house_boundaries
2020,2020,2016,MI-5,MI,5,Clinton,Trump,49.7,45.5,4.200000000000003,95.2,Daily Kos Elections presidential results by congressional district,presidential_results_on_2020_districts.csv,Congressional district lines used in the 2020 elections,1.0,True,same_election_boundary_set,True,most_recent_completed_presidential_election_on_target_house_boundaries
2020,2020,2016,MI-6,MI,6,Clinton,Trump,42.9,51.3,-8.399999999999999,94.19999999999999,Daily Kos Elections presidential results by congressional district,presidential_results_on_2020_districts.csv,Congressional district lines used in the 2020 elections,1.0,True,same_election_boundary_set,True,most_recent_completed_presidential_election_on_target_house_boundaries
2020,2020,2016,MI-7,MI,7,Clinton,Trump,38.7,55.7,-17.0,94.4,Daily Kos Elections presidential results by congressional district,presidential_results_on_2020_districts.csv,Congressional district lines used in the 2020 elections,1.0,True,same_election_boundary_set,True,most_recent_completed_presidential_election_on_target_house_boundaries
2020,2020,2016,MI-8,MI,8,Clinton,Trump,43.9,50.6,-6.700000000000003,94.5,Daily Kos Elections presidential results by congressional district,presidential_results_on_2020_districts.csv,Congressional district lines used in the 2020 elections,1.0,True,same_election_boundary_set,True,most_recent_completed_presidential_election_on_target_house_boundaries
2020,2020,2016,MI-9,MI,9,Clinton,Trump,51.5,43.7,7.799999999999997,95.2,Daily Kos Elections presidential results by congressional district,presidential_results_on_2020_districts.csv,Congressional district lines used in the 2020 elections,1.0,True,same_election_boundary_set,True,most_recent_completed_presidential_election_on_target_house_boundaries
2020,2020,2016,MN-1,MN,1,Clinton,Trump,38.4,53.3,-14.899999999999999,91.69999999999999,Daily Kos Elections presidential results by congressional district,presidential_results_on_2020_districts.csv,Congressional district lines used in the 2020 elections,1.0,True,same_election_boundary_set,True,most_recent_completed_presidential_election_on_target_house_boundaries
2020,2020,2016,MN-2,MN,2,Clinton,Trump,45.3,46.5,-1.2000000000000028,91.8,Daily Kos Elections presidential results by congressional district,presidential_results_on_2020_districts.csv,Congressional district lines used in the 2020 elections,1.0,True,same_election_boundary_set,True,most_recent_completed_presidential_election_on_target_house_boundaries
2020,2020,2016,MN-3,MN,3,Clinton,Trump,50.8,41.4,9.399999999999999,92.19999999999999,Daily Kos Elections presidential results by congressional district,presidential_results_on_2020_districts.csv,Congressional district lines used in the 2020 elections,1.0,True,same_election_boundary_set,True,most_recent_completed_presidential_election_on_target_house_boundaries
2020,2020,2016,MN-4,MN,4,Clinton,Trump,61.5,30.6,30.9,92.1,Daily Kos Elections presidential results by congressional district,presidential_results_on_2020_districts.csv,Congressional district lines used in the 2020 elections,1.0,True,same_election_boundary_set,True,most_recent_completed_presidential_election_on_target_house_boundaries
2020,2020,2016,MN-5,MN,5,Clinton,Trump,73.7,18.5,55.2,92.2,Daily Kos Elections presidential results by congressional district,presidential_results_on_2020_districts.csv,Congressional district lines used in the 2020 elections,1.0,True,same_election_boundary_set,True,most_recent_completed_presidential_election_on_target_house_boundaries
2020,2020,2016,MN-6,MN,6,Clinton,Trump,33.2,58.9,-25.699999999999996,92.1,Daily Kos Elections presidential results by congressional district,presidential_results_on_2020_districts.csv,Congressional district lines used in the 2020 elections,1.0,True,same_election_boundary_set,True,most_recent_completed_presidential_election_on_target_house_boundaries
2020,2020,2016,MN-7,MN,7,Clinton,Trump,31.0,61.8,-30.799999999999997,92.8,Daily Kos Elections presidential results by congressional district,presidential_results_on_2020_districts.csv,Congressional district lines used in the 2020 elections,1.0,True,same_election_boundary_set,True,most_recent_completed_presidential_election_on_target_house_boundaries
2020,2020,2016,MN-8,MN,8,Clinton,Trump,38.6,54.2,-15.600000000000001,92.80000000000001,Daily Kos Elections presidential results by congressional district,presidential_results_on_2020_districts.csv,Congressional district lines used in the 2020 elections,1.0,True,same_election_boundary_set,True,most_recent_completed_presidential_election_on_target_house_boundaries
2020,2020,2016,MO-1,MO,1,Clinton,Trump,77.0,18.8,58.2,95.8,Daily Kos Elections presidential results by congressional district,presidential_results_on_2020_districts.csv,Congressional district lines used in the 2020 elections,1.0,True,same_election_boundary_set,True,most_recent_completed_presidential_election_on_target_house_boundaries
2020,2020,2016,MO-2,MO,2,Clinton,Trump,42.3,52.6,-10.300000000000004,94.9,Daily Kos Elections presidential results by congressional district,presidential_results_on_2020_districts.csv,Congressional district lines used in the 2020 elections,1.0,True,same_election_boundary_set,True,most_recent_completed_presidential_election_on_target_house_boundaries
2020,2020,2016,MO-3,MO,3,Clinton,Trump,28.1,67.1,-38.99999999999999,95.19999999999999,Daily Kos Elections presidential results by congressional district,presidential_results_on_2020_districts.csv,Congressional district lines used in the 2020 elections,1.0,True,same_election_boundary_set,True,most_recent_completed_presidential_election_on_target_house_boundaries
2020,2020,2016,MO-4,MO,4,Clinton,Trump,29.3,65.3,-36.0,94.6,Daily Kos Elections presidential results by congressional district,presidential_results_on_2020_districts.csv,Congressional district lines used in the 2020 elections,1.0,True,same_election_boundary_set,True,most_recent_completed_presidential_election_on_target_house_boundaries
2020,2020,2016,MO-5,MO,5,Clinton,Trump,54.1,40.6,13.5,94.7,Daily Kos Elections presidential results by congressional district,presidential_results_on_2020_districts.csv,Congressional district lines used in the 2020 elections,1.0,True,same_election_boundary_set,True,most_recent_completed_presidential_election_on_target_house_boundaries
2020,2020,2016,MO-6,MO,6,Clinton,Trump,31.7,63.1,-31.400000000000002,94.8,Daily Kos Elections presidential results by congressional district,presidential_results_on_2020_districts.csv,Congressional district lines used in the 2020 elections,1.0,True,same_election_boundary_set,True,most_recent_completed_presidential_election_on_target_house_boundaries
2020,2020,2016,MO-7,MO,7,Clinton,Trump,24.7,70.4,-45.7,95.10000000000001,Daily Kos Elections presidential results by congressional district,presidential_results_on_2020_districts.csv,Congressional district lines used in the 2020 elections,1.0,True,same_election_boundary_set,True,most_recent_completed_presidential_election_on_target_house_boundaries
2020,2020,2016,MO-8,MO,8,Clinton,Trump,21.0,75.4,-54.400000000000006,96.4,Daily Kos Elections presidential results by congressional district,presidential_results_on_2020_districts.csv,Congressional district lines used in the 2020 elections,1.0,True,same_election_boundary_set,True,most_recent_completed_presidential_election_on_target_house_boundaries
2020,2020,2016,MS-1,MS,1,Clinton,Trump,32.4,65.4,-33.00000000000001,97.80000000000001,Daily Kos Elections presidential results by congressional district,presidential_results_on_2020_districts.csv,Congressional district lines used in the 2020 elections,1.0,True,same_election_boundary_set,True,most_recent_completed_presidential_election_on_target_house_boundaries
2020,2020,2016,MS-2,MS,2,Clinton,Trump,63.6,35.1,28.5,98.7,Daily Kos Elections presidential results by congressional district,presidential_results_on_2020_districts.csv,Congressional district lines used in the 2020 elections,1.0,True,same_election_boundary_set,True,most_recent_completed_presidential_election_on_target_house_boundaries
2020,2020,2016,MS-3,MS,3,Clinton,Trump,36.8,61.3,-24.5,98.1,Daily Kos Elections presidential results by congressional district,presidential_results_on_2020_districts.csv,Congressional district lines used in the 2020 elections,1.0,True,same_election_boundary_set,True,most_recent_completed_presidential_election_on_target_house_boundaries
2020,2020,2016,MS-4,MS,4,Clinton,Trump,28.2,69.4,-41.2,97.60000000000001,Daily Kos Elections presidential results by congressional district,presidential_results_on_2020_districts.csv,Congressional district lines used in the 2020 elections,1.0,True,same_election_boundary_set,True,most_recent_completed_presidential_election_on_target_house_boundaries
2020,2020,2016,MT-AL,MT,AL,Clinton,Trump,35.9,56.5,-20.6,92.4,Daily Kos Elections presidential results by congressional district,presidential_results_on_2020_districts.csv,Congressional district lines used in the 2020 elections,1.0,True,same_election_boundary_set,True,most_recent_completed_presidential_election_on_target_house_boundaries
2020,2020,2016,NC-1,NC,1,Clinton,Trump,54.7,43.6,11.100000000000001,98.30000000000001,Daily Kos Elections presidential results by congressional district,presidential_results_on_2020_districts.csv,Congressional district lines used in the 2020 elections,1.0,True,same_election_boundary_set,True,most_recent_completed_presidential_election_on_target_house_boundaries
2020,2020,2016,NC-10,NC,10,Clinton,Trump,29.6,67.9,-38.300000000000004,97.5,Daily Kos Elections presidential results by congressional district,presidential_results_on_2020_districts.csv,Congressional district lines used in the 2020 elections,1.0,True,same_election_boundary_set,True,most_recent_completed_presidential_election_on_target_house_boundaries
2020,2020,2016,NC-11,NC,11,Clinton,Trump,39.9,57.2,-17.300000000000004,97.1,Daily Kos Elections presidential results by congressional district,presidential_results_on_2020_districts.csv,Congressional district lines used in the 2020 elections,1.0,True,same_election_boundary_set,True,most_recent_completed_presidential_election_on_target_house_boundaries
2020,2020,2016,NC-12,NC,12,Clinton,Trump,67.3,29.5,37.8,96.8,Daily Kos Elections presidential results by congressional district,presidential_results_on_2020_districts.csv,Congressional district lines used in the 2020 elections,1.0,True,same_election_boundary_set,True,most_recent_completed_presidential_election_on_target_house_boundaries
2020,2020,2016,NC-13,NC,13,Clinton,Trump,30.6,67.0,-36.4,97.6,Daily Kos Elections presidential results by congressional district,presidential_results_on_2020_districts.csv,Congressional district lines used in the 2020 elections,1.0,True,same_election_boundary_set,True,most_recent_completed_presidential_election_on_target_house_boundaries
2020,2020,2016,NC-2,NC,2,Clinton,Trump,60.3,35.9,24.4,96.19999999999999,Daily Kos Elections presidential results by congressional district,presidential_results_on_2020_districts.csv,Congressional district lines used in the 2020 elections,1.0,True,same_election_boundary_set,True,most_recent_completed_presidential_election_on_target_house_boundaries
2020,2020,2016,NC-3,NC,3,Clinton,Trump,36.5,61.0,-24.5,97.5,Daily Kos Elections presidential results by congressional district,presidential_results_on_2020_districts.csv,Congressional district lines used in the 2020 elections,1.0,True,same_election_boundary_set,True,most_recent_completed_presidential_election_on_target_house_boundaries
2020,2020,2016,NC-4,NC,4,Clinton,Trump,65.2,31.9,33.300000000000004,97.1,Daily Kos Elections presidential results by congressional district,presidential_results_on_2020_districts.csv,Congressional district lines used in the 2020 elections,1.0,True,same_election_boundary_set,True,most_recent_completed_presidential_election_on_target_house_boundaries
2020,2020,2016,NC-5,NC,5,Clinton,Trump,30.3,67.2,-36.900000000000006,97.5,Daily Kos Elections presidential results by congressional district,presidential_results_on_2020_districts.csv,Congressional district lines used in the 2020 elections,1.0,True,same_election_boundary_set,True,most_recent_completed_presidential_election_on_target_house_boundaries
2020,2020,2016,NC-6,NC,6,Clinton,Trump,59.4,37.9,21.5,97.3,Daily Kos Elections presidential results by congressional district,presidential_results_on_2020_districts.csv,Congressional district lines used in the 2020 elections,1.0,True,same_election_boundary_set,True,most_recent_completed_presidential_election_on_target_house_boundaries
2020,2020,2016,NC-7,NC,7,Clinton,Trump,38.7,58.6,-19.9,97.30000000000001,Daily Kos Elections presidential results by congressional district,presidential_results_on_2020_districts.csv,Congressional district lines used in the 2020 elections,1.0,True,same_election_boundary_set,True,most_recent_completed_presidential_election_on_target_house_boundaries
2020,2020,2016,NC-8,NC,8,Clinton,Trump,44.1,53.2,-9.100000000000001,97.30000000000001,Daily Kos Elections presidential results by congressional district,presidential_results_on_2020_districts.csv,Congressional district lines used in the 2020 elections,1.0,True,same_election_boundary_set,True,most_recent_completed_presidential_election_on_target_house_boundaries
2020,2020,2016,NC-9,NC,9,Clinton,Trump,43.2,53.7,-10.5,96.9,Daily Kos Elections presidential results by congressional district,presidential_results_on_2020_districts.csv,Congressional district lines used in the 2020 elections,1.0,True,same_election_boundary_set,True,most_recent_completed_presidential_election_on_target_house_boundaries
2020,2020,2016,ND-AL,ND,AL,Clinton,Trump,27.7,64.1,-36.39999999999999,91.8,Daily Kos Elections presidential results by congressional district,presidential_results_on_2020_districts.csv,Congressional district lines used in the 2020 elections,1.0,True,same_election_boundary_set,True,most_recent_completed_presidential_election_on_target_house_boundaries
2020,2020,2016,NE-1,NE,1,Clinton,Trump,36.2,57.5,-21.299999999999997,93.7,Daily Kos Elections presidential results by congressional district,presidential_results_on_2020_districts.csv,Congressional district lines used in the 2020 elections,1.0,True,same_election_boundary_set,True,most_recent_completed_presidential_election_on_target_house_boundaries
2020,2020,2016,NE-2,NE,2,Clinton,Trump,46.0,48.2,-2.200000000000003,94.2,Daily Kos Elections presidential results by congressional district,presidential_results_on_2020_districts.csv,Congressional district lines used in the 2020 elections,1.0,True,same_election_boundary_set,True,most_recent_completed_presidential_election_on_target_house_boundaries
2020,2020,2016,NE-3,NE,3,Clinton,Trump,20.0,74.9,-54.900000000000006,94.9,Daily Kos Elections presidential results by congressional district,presidential_results_on_2020_districts.csv,Congressional district lines used in the 2020 elections,1.0,True,same_election_boundary_set,True,most_recent_completed_presidential_election_on_target_house_boundaries
2020,2020,2016,NH-1,NH,1,Clinton,Trump,46.6,48.2,-1.6000000000000014,94.80000000000001,Daily Kos Elections presidential results by congressional district,presidential_results_on_2020_districts.csv,Congressional district lines used in the 2020 elections,1.0,True,same_election_boundary_set,True,most_recent_completed_presidential_election_on_target_house_boundaries
2020,2020,2016,NH-2,NH,2,Clinton,Trump,48.6,46.2,2.3999999999999986,94.80000000000001,Daily Kos Elections presidential results by congressional district,presidential_results_on_2020_districts.csv,Congressional district lines used in the 2020 elections,1.0,True,same_election_boundary_set,True,most_recent_completed_presidential_election_on_target_house_boundaries
2020,2020,2016,NJ-1,NJ,1,Clinton,Trump,60.6,36.1,24.5,96.7,Daily Kos Elections presidential results by congressional district,presidential_results_on_2020_districts.csv,Congressional district lines used in the 2020 elections,1.0,True,same_election_boundary_set,True,most_recent_completed_presidential_election_on_target_house_boundaries
2020,2020,2016,NJ-10,NJ,10,Clinton,Trump,85.2,12.8,72.4,98.0,Daily Kos Elections presidential results by congressional district,presidential_results_on_2020_districts.csv,Congressional district lines used in the 2020 elections,1.0,True,same_election_boundary_set,True,most_recent_completed_presidential_election_on_target_house_boundaries
2020,2020,2016,NJ-11,NJ,11,Clinton,Trump,47.9,48.8,-0.8999999999999986,96.69999999999999,Daily Kos Elections presidential results by congressional district,presidential_results_on_2020_districts.csv,Congressional district lines used in the 2020 elections,1.0,True,same_election_boundary_set,True,most_recent_completed_presidential_election_on_target_house_boundaries
2020,2020,2016,NJ-12,NJ,12,Clinton,Trump,65.0,31.8,33.2,96.8,Daily Kos Elections presidential results by congressional district,presidential_results_on_2020_districts.csv,Congressional district lines used in the 2020 elections,1.0,True,same_election_boundary_set,True,most_recent_completed_presidential_election_on_target_house_boundaries
2020,2020,2016,NJ-2,NJ,2,Clinton,Trump,46.0,50.6,-4.600000000000001,96.6,Daily Kos Elections presidential results by congressional district,presidential_results_on_2020_districts.csv,Congressional district lines used in the 2020 elections,1.0,True,same_election_boundary_set,True,most_recent_completed_presidential_election_on_target_house_boundaries
2020,2020,2016,NJ-3,NJ,3,Clinton,Trump,45.2,51.4,-6.199999999999996,96.6,Daily Kos Elections presidential results by congressional district,presidential_results_on_2020_districts.csv,Congressional district lines used in the 2020 elections,1.0,True,same_election_boundary_set,True,most_recent_completed_presidential_election_on_target_house_boundaries
2020,2020,2016,NJ-4,NJ,4,Clinton,Trump,41.0,55.8,-14.799999999999997,96.8,Daily Kos Elections presidential results by congressional district,presidential_results_on_2020_districts.csv,Congressional district lines used in the 2020 elections,1.0,True,same_election_boundary_set,True,most_recent_completed_presidential_election_on_target_house_boundaries
2020,2020,2016,NJ-5,NJ,5,Clinton,Trump,47.7,48.8,-1.0999999999999943,96.5,Daily Kos Elections presidential results by congressional district,presidential_results_on_2020_districts.csv,Congressional district lines used in the 2020 elections,1.0,True,same_election_boundary_set,True,most_recent_completed_presidential_election_on_target_house_boundaries
2020,2020,2016,NJ-6,NJ,6,Clinton,Trump,56.2,40.6,15.600000000000001,96.80000000000001,Daily Kos Elections presidential results by congressional district,presidential_results_on_2020_districts.csv,Congressional district lines used in the 2020 elections,1.0,True,same_election_boundary_set,True,most_recent_completed_presidential_election_on_target_house_boundaries
2020,2020,2016,NJ-7,NJ,7,Clinton,Trump,48.6,47.5,1.1000000000000014,96.1,Daily Kos Elections presidential results by congressional district,presidential_results_on_2020_districts.csv,Congressional district lines used in the 2020 elections,1.0,True,same_election_boundary_set,True,most_recent_completed_presidential_election_on_target_house_boundaries
2020,2020,2016,NJ-8,NJ,8,Clinton,Trump,75.7,21.5,54.2,97.2,Daily Kos Elections presidential results by congressional district,presidential_results_on_2020_districts.csv,Congressional district lines used in the 2020 elections,1.0,True,same_election_boundary_set,True,most_recent_completed_presidential_election_on_target_house_boundaries
2020,2020,2016,NJ-9,NJ,9,Clinton,Trump,64.3,33.1,31.199999999999996,97.4,Daily Kos Elections presidential results by congressional district,presidential_results_on_2020_districts.csv,Congressional district lines used in the 2020 elections,1.0,True,same_election_boundary_set,True,most_recent_completed_presidential_election_on_target_house_boundaries
2020,2020,2016,NM-1,NM,1,Clinton,Trump,51.6,35.1,16.5,86.7,Daily Kos Elections presidential results by congressional district,presidential_results_on_2020_districts.csv,Congressional district lines used in the 2020 elections,1.0,True,same_election_boundary_set,True,most_recent_completed_presidential_election_on_target_house_boundaries
2020,2020,2016,NM-2,NM,2,Clinton,Trump,39.9,50.1,-10.200000000000003,90.0,Daily Kos Elections presidential results by congressional district,presidential_results_on_2020_districts.csv,Congressional district lines used in the 2020 elections,1.0,True,same_election_boundary_set,True,most_recent_completed_presidential_election_on_target_house_boundaries
2020,2020,2016,NM-3,NM,3,Clinton,Trump,51.8,36.7,15.099999999999994,88.5,Daily Kos Elections presidential results by congressional district,presidential_results_on_2020_districts.csv,Congressional district lines used in the 2020 elections,1.0,True,same_election_boundary_set,True,most_recent_completed_presidential_election_on_target_house_boundaries
2020,2020,2016,NV-1,NV,1,Clinton,Trump,61.6,32.6,29.0,94.2,Daily Kos Elections presidential results by congressional district,presidential_results_on_2020_districts.csv,Congressional district lines used in the 2020 elections,1.0,True,same_election_boundary_set,True,most_recent_completed_presidential_election_on_target_house_boundaries
2020,2020,2016,NV-2,NV,2,Clinton,Trump,39.7,52.0,-12.299999999999997,91.7,Daily Kos Elections presidential results by congressional district,presidential_results_on_2020_districts.csv,Congressional district lines used in the 2020 elections,1.0,True,same_election_boundary_set,True,most_recent_completed_presidential_election_on_target_house_boundaries
2020,2020,2016,NV-3,NV,3,Clinton,Trump,46.5,47.5,-1.0,94.0,Daily Kos Elections presidential results by congressional district,presidential_results_on_2020_districts.csv,Congressional district lines used in the 2020 elections,1.0,True,same_election_boundary_set,True,most_recent_completed_presidential_election_on_target_house_boundaries
2020,2020,2016,NV-4,NV,4,Clinton,Trump,49.5,44.6,4.899999999999999,94.1,Daily Kos Elections presidential results by congressional district,presidential_results_on_2020_districts.csv,Congressional district lines used in the 2020 elections,1.0,True,same_election_boundary_set,True,most_recent_completed_presidential_election_on_target_house_boundaries
2020,2020,2016,NY-1,NY,1,Clinton,Trump,42.2,54.5,-12.299999999999997,96.7,Daily Kos Elections presidential results by congressional district,presidential_results_on_2020_districts.csv,Congressional district lines used in the 2020 elections,1.0,True,same_election_boundary_set,True,most_recent_completed_presidential_election_on_target_house_boundaries
2020,2020,2016,NY-10,NY,10,Clinton,Trump,78.3,18.8,59.5,97.1,Daily Kos Elections presidential results by congressional district,presidential_results_on_2020_districts.csv,Congressional district lines used in the 2020 elections,1.0,True,same_election_boundary_set,True,most_recent_completed_presidential_election_on_target_house_boundaries
2020,2020,2016,NY-11,NY,11,Clinton,Trump,43.8,53.6,-9.800000000000004,97.4,Daily Kos Elections presidential results by congressional district,presidential_results_on_2020_districts.csv,Congressional district lines used in the 2020 elections,1.0,True,same_election_boundary_set,True,most_recent_completed_presidential_election_on_target_house_boundaries
2020,2020,2016,NY-12,NY,12,Clinton,Trump,83.3,13.5,69.8,96.8,Daily Kos Elections presidential results by congressional district,presidential_results_on_2020_districts.csv,Congressional district lines used in the 2020 elections,1.0,True,same_election_boundary_set,True,most_recent_completed_presidential_election_on_target_house_boundaries
2020,2020,2016,NY-13,NY,13,Clinton,Trump,92.3,5.4,86.89999999999999,97.7,Daily Kos Elections presidential results by congressional district,presidential_results_on_2020_districts.csv,Congressional district lines used in the 2020 elections,1.0,True,same_election_boundary_set,True,most_recent_completed_presidential_election_on_target_house_boundaries
2020,2020,2016,NY-14,NY,14,Clinton,Trump,77.7,19.8,57.900000000000006,97.5,Daily Kos Elections presidential results by congressional district,presidential_results_on_2020_districts.csv,Congressional district lines used in the 2020 elections,1.0,True,same_election_boundary_set,True,most_recent_completed_presidential_election_on_target_house_boundaries
2020,2020,2016,NY-15,NY,15,Clinton,Trump,93.8,4.9,88.89999999999999,98.7,Daily Kos Elections presidential results by congressional district,presidential_results_on_2020_districts.csv,Congressional district lines used in the 2020 elections,1.0,True,same_election_boundary_set,True,most_recent_completed_presidential_election_on_target_house_boundaries
2020,2020,2016,NY-16,NY,16,Clinton,Trump,75.1,22.5,52.599999999999994,97.6,Daily Kos Elections presidential results by congressional district,presidential_results_on_2020_districts.csv,Congressional district lines used in the 2020 elections,1.0,True,same_election_boundary_set,True,most_recent_completed_presidential_election_on_target_house_boundaries
2020,2020,2016,NY-17,NY,17,Clinton,Trump,58.6,38.4,20.200000000000003,97.0,Daily Kos Elections presidential results by congressional district,presidential_results_on_2020_districts.csv,Congressional district lines used in the 2020 elections,1.0,True,same_election_boundary_set,True,most_recent_completed_presidential_election_on_target_house_boundaries
2020,2020,2016,NY-18,NY,18,Clinton,Trump,47.1,49.0,-1.8999999999999986,96.1,Daily Kos Elections presidential results by congressional district,presidential_results_on_2020_districts.csv,Congressional district lines used in the 2020 elections,1.0,True,same_election_boundary_set,True,most_recent_completed_presidential_election_on_target_house_boundaries
2020,2020,2016,NY-19,NY,19,Clinton,Trump,44.0,50.8,-6.799999999999997,94.8,Daily Kos Elections presidential results by congressional district,presidential_results_on_2020_districts.csv,Congressional district lines used in the 2020 elections,1.0,True,same_election_boundary_set,True,most_recent_completed_presidential_election_on_target_house_boundaries
2020,2020,2016,NY-2,NY,2,Clinton,Trump,43.9,53.0,-9.100000000000001,96.9,Daily Kos Elections presidential results by congressional district,presidential_results_on_2020_districts.csv,Congressional district lines used in the 2020 elections,1.0,True,same_election_boundary_set,True,most_recent_completed_presidential_election_on_target_house_boundaries
2020,2020,2016,NY-20,NY,20,Clinton,Trump,54.0,40.5,13.5,94.5,Daily Kos Elections presidential results by congressional district,presidential_results_on_2020_districts.csv,Congressional district lines used in the 2020 elections,1.0,True,same_election_boundary_set,True,most_recent_completed_presidential_election_on_target_house_boundaries
2020,2020,2016,NY-21,NY,21,Clinton,Trump,40.0,53.9,-13.899999999999999,93.9,Daily Kos Elections presidential results by congressional district,presidential_results_on_2020_districts.csv,Congressional district lines used in the 2020 elections,1.0,True,same_election_boundary_set,True,most_recent_completed_presidential_election_on_target_house_boundaries
2020,2020,2016,NY-22,NY,22,Clinton,Trump,39.3,54.8,-15.5,94.1,Daily Kos Elections presidential results by congressional district,presidential_results_on_2020_districts.csv,Congressional district lines used in the 2020 elections,1.0,True,same_election_boundary_set,True,most_recent_completed_presidential_election_on_target_house_boundaries
2020,2020,2016,NY-23,NY,23,Clinton,Trump,39.7,54.5,-14.799999999999997,94.2,Daily Kos Elections presidential results by congressional district,presidential_results_on_2020_districts.csv,Congressional district lines used in the 2020 elections,1.0,True,same_election_boundary_set,True,most_recent_completed_presidential_election_on_target_house_boundaries
2020,2020,2016,NY-24,NY,24,Clinton,Trump,48.9,45.3,3.6000000000000014,94.19999999999999,Daily Kos Elections presidential results by congressional district,presidential_results_on_2020_districts.csv,Congressional district lines used in the 2020 elections,1.0,True,same_election_boundary_set,True,most_recent_completed_presidential_election_on_target_house_boundaries
2020,2020,2016,NY-25,NY,25,Clinton,Trump,55.5,39.1,16.4,94.6,Daily Kos Elections presidential results by congressional district,presidential_results_on_2020_districts.csv,Congressional district lines used in the 2020 elections,1.0,True,same_election_boundary_set,True,most_recent_completed_presidential_election_on_target_house_boundaries
2020,2020,2016,NY-26,NY,26,Clinton,Trump,57.6,38.0,19.6,95.6,Daily Kos Elections presidential results by congressional district,presidential_results_on_2020_districts.csv,Congressional district lines used in the 2020 elections,1.0,True,same_election_boundary_set,True,most_recent_completed_presidential_election_on_target_house_boundaries
2020,2020,2016,NY-27,NY,27,Clinton,Trump,35.2,59.7,-24.5,94.9,Daily Kos Elections presidential results by congressional district,presidential_results_on_2020_districts.csv,Congressional district lines used in the 2020 elections,1.0,True,same_election_boundary_set,True,most_recent_completed_presidential_election_on_target_house_boundaries
2020,2020,2016,NY-3,NY,3,Clinton,Trump,51.6,45.5,6.100000000000001,97.1,Daily Kos Elections presidential results by congressional district,presidential_results_on_2020_districts.csv,Congressional district lines used in the 2020 elections,1.0,True,same_election_boundary_set,True,most_recent_completed_presidential_election_on_target_house_boundaries
2020,2020,2016,NY-4,NY,4,Clinton,Trump,53.4,43.8,9.600000000000001,97.19999999999999,Daily Kos Elections presidential results by congressional district,presidential_results_on_2020_districts.csv,Congressional district lines used in the 2020 elections,1.0,True,same_election_boundary_set,True,most_recent_completed_presidential_election_on_target_house_boundaries
2020,2020,2016,NY-5,NY,5,Clinton,Trump,85.7,12.7,73.0,98.4,Daily Kos Elections presidential results by congressional district,presidential_results_on_2020_districts.csv,Congressional district lines used in the 2020 elections,1.0,True,same_election_boundary_set,True,most_recent_completed_presidential_election_on_target_house_boundaries
2020,2020,2016,NY-6,NY,6,Clinton,Trump,65.1,32.1,32.99999999999999,97.19999999999999,Daily Kos Elections presidential results by congressional district,presidential_results_on_2020_districts.csv,Congressional district lines used in the 2020 elections,1.0,True,same_election_boundary_set,True,most_recent_completed_presidential_election_on_target_house_boundaries
2020,2020,2016,NY-7,NY,7,Clinton,Trump,86.9,10.4,76.5,97.30000000000001,Daily Kos Elections presidential results by congressional district,presidential_results_on_2020_districts.csv,Congressional district lines used in the 2020 elections,1.0,True,same_election_boundary_set,True,most_recent_completed_presidential_election_on_target_house_boundaries
2020,2020,2016,NY-8,NY,8,Clinton,Trump,84.6,13.5,71.1,98.1,Daily Kos Elections presidential results by congressional district,presidential_results_on_2020_districts.csv,Congressional district lines used in the 2020 elections,1.0,True,same_election_boundary_set,True,most_recent_completed_presidential_election_on_target_house_boundaries
2020,2020,2016,NY-9,NY,9,Clinton,Trump,83.5,14.4,69.1,97.9,Daily Kos Elections presidential results by congressional district,presidential_results_on_2020_districts.csv,Congressional district lines used in the 2020 elections,1.0,True,same_election_boundary_set,True,most_recent_completed_presidential_election_on_target_house_boundaries
2020,2020,2016,OH-1,OH,1,Clinton,Trump,44.6,51.2,-6.600000000000001,95.80000000000001,Daily Kos Elections presidential results by congressional district,presidential_results_on_2020_districts.csv,Congressional district lines used in the 2020 elections,1.0,True,same_election_boundary_set,True,most_recent_completed_presidential_election_on_target_house_boundaries
2020,2020,2016,OH-10,OH,10,Clinton,Trump,44.0,51.3,-7.299999999999997,95.3,Daily Kos Elections presidential results by congressional district,presidential_results_on_2020_districts.csv,Congressional district lines used in the 2020 elections,1.0,True,same_election_boundary_set,True,most_recent_completed_presidential_election_on_target_house_boundaries
2020,2020,2016,OH-11,OH,11,Clinton,Trump,80.5,17.0,63.5,97.5,Daily Kos Elections presidential results by congressional district,presidential_results_on_2020_districts.csv,Congressional district lines used in the 2020 elections,1.0,True,same_election_boundary_set,True,most_recent_completed_presidential_election_on_target_house_boundaries
2020,2020,2016,OH-12,OH,12,Clinton,Trump,41.9,53.2,-11.300000000000004,95.1,Daily Kos Elections presidential results by congressional district,presidential_results_on_2020_districts.csv,Congressional district lines used in the 2020 elections,1.0,True,same_election_boundary_set,True,most_recent_completed_presidential_election_on_target_house_boundaries
2020,2020,2016,OH-13,OH,13,Clinton,Trump,51.1,44.6,6.5,95.7,Daily Kos Elections presidential results by congressional district,presidential_results_on_2020_districts.csv,Congressional district lines used in the 2020 elections,1.0,True,same_election_boundary_set,True,most_recent_completed_presidential_election_on_target_house_boundaries
2020,2020,2016,OH-14,OH,14,Clinton,Trump,42.1,53.6,-11.5,95.7,Daily Kos Elections presidential results by congressional district,presidential_results_on_2020_districts.csv,Congressional district lines used in the 2020 elections,1.0,True,same_election_boundary_set,True,most_recent_completed_presidential_election_on_target_house_boundaries
2020,2020,2016,OH-15,OH,15,Clinton,Trump,39.9,55.3,-15.399999999999999,95.19999999999999,Daily Kos Elections presidential results by congressional district,presidential_results_on_2020_districts.csv,Congressional district lines used in the 2020 elections,1.0,True,same_election_boundary_set,True,most_recent_completed_presidential_election_on_target_house_boundaries
2020,2020,2016,OH-16,OH,16,Clinton,Trump,39.5,56.1,-16.6,95.6,Daily Kos Elections presidential results by congressional district,presidential_results_on_2020_districts.csv,Congressional district lines used in the 2020 elections,1.0,True,same_election_boundary_set,True,most_recent_completed_presidential_election_on_target_house_boundaries
2020,2020,2016,OH-2,OH,2,Clinton,Trump,39.7,55.8,-16.099999999999994,95.5,Daily Kos Elections presidential results by congressional district,presidential_results_on_2020_districts.csv,Congressional district lines used in the 2020 elections,1.0,True,same_election_boundary_set,True,most_recent_completed_presidential_election_on_target_house_boundaries
2020,2020,2016,OH-3,OH,3,Clinton,Trump,67.0,28.6,38.4,95.6,Daily Kos Elections presidential results by congressional district,presidential_results_on_2020_districts.csv,Congressional district lines used in the 2020 elections,1.0,True,same_election_boundary_set,True,most_recent_completed_presidential_election_on_target_house_boundaries
2020,2020,2016,OH-4,OH,4,Clinton,Trump,30.7,64.3,-33.599999999999994,95.0,Daily Kos Elections presidential results by congressional district,presidential_results_on_2020_districts.csv,Congressional district lines used in the 2020 elections,1.0,True,same_election_boundary_set,True,most_recent_completed_presidential_election_on_target_house_boundaries
2020,2020,2016,OH-5,OH,5,Clinton,Trump,34.6,59.7,-25.1,94.30000000000001,Daily Kos Elections presidential results by congressional district,presidential_results_on_2020_districts.csv,Congressional district lines used in the 2020 elections,1.0,True,same_election_boundary_set,True,most_recent_completed_presidential_election_on_target_house_boundaries
2020,2020,2016,OH-6,OH,6,Clinton,Trump,26.7,69.3,-42.599999999999994,96.0,Daily Kos Elections presidential results by congressional district,presidential_results_on_2020_districts.csv,Congressional district lines used in the 2020 elections,1.0,True,same_election_boundary_set,True,most_recent_completed_presidential_election_on_target_house_boundaries
2020,2020,2016,OH-7,OH,7,Clinton,Trump,32.8,62.5,-29.700000000000003,95.3,Daily Kos Elections presidential results by congressional district,presidential_results_on_2020_districts.csv,Congressional district lines used in the 2020 elections,1.0,True,same_election_boundary_set,True,most_recent_completed_presidential_election_on_target_house_boundaries
2020,2020,2016,OH-8,OH,8,Clinton,Trump,30.6,65.1,-34.49999999999999,95.69999999999999,Daily Kos Elections presidential results by congressional district,presidential_results_on_2020_districts.csv,Congressional district lines used in the 2020 elections,1.0,True,same_election_boundary_set,True,most_recent_completed_presidential_election_on_target_house_boundaries
2020,2020,2016,OH-9,OH,9,Clinton,Trump,58.7,36.5,22.200000000000003,95.2,Daily Kos Elections presidential results by congressional district,presidential_results_on_2020_districts.csv,Congressional district lines used in the 2020 elections,1.0,True,same_election_boundary_set,True,most_recent_completed_presidential_election_on_target_house_boundaries
2020,2020,2016,OK-1,OK,1,Clinton,Trump,32.7,61.4,-28.699999999999996,94.1,Daily Kos Elections presidential results by congressional district,presidential_results_on_2020_districts.csv,Congressional district lines used in the 2020 elections,1.0,True,same_election_boundary_set,True,most_recent_completed_presidential_election_on_target_house_boundaries
2020,2020,2016,OK-2,OK,2,Clinton,Trump,22.8,72.9,-50.10000000000001,95.7,Daily Kos Elections presidential results by congressional district,presidential_results_on_2020_districts.csv,Congressional district lines used in the 2020 elections,1.0,True,same_election_boundary_set,True,most_recent_completed_presidential_election_on_target_house_boundaries
2020,2020,2016,OK-3,OK,3,Clinton,Trump,20.9,73.6,-52.699999999999996,94.5,Daily Kos Elections presidential results by congressional district,presidential_results_on_2020_districts.csv,Congressional district lines used in the 2020 elections,1.0,True,same_election_boundary_set,True,most_recent_completed_presidential_election_on_target_house_boundaries
2020,2020,2016,OK-4,OK,4,Clinton,Trump,28.3,65.7,-37.400000000000006,94.0,Daily Kos Elections presidential results by congressional district,presidential_results_on_2020_districts.csv,Congressional district lines used in the 2020 elections,1.0,True,same_election_boundary_set,True,most_recent_completed_presidential_election_on_target_house_boundaries
2020,2020,2016,OK-5,OK,5,Clinton,Trump,39.8,53.2,-13.400000000000006,93.0,Daily Kos Elections presidential results by congressional district,presidential_results_on_2020_districts.csv,Congressional district lines used in the 2020 elections,1.0,True,same_election_boundary_set,True,most_recent_completed_presidential_election_on_target_house_boundaries
2020,2020,2016,OR-1,OR,1,Clinton,Trump,57.3,34.5,22.799999999999997,91.8,Daily Kos Elections presidential results by congressional district,presidential_results_on_2020_districts.csv,Congressional district lines used in the 2020 elections,1.0,True,same_election_boundary_set,True,most_recent_completed_presidential_election_on_target_house_boundaries
2020,2020,2016,OR-2,OR,2,Clinton,Trump,36.4,56.5,-20.1,92.9,Daily Kos Elections presidential results by congressional district,presidential_results_on_2020_districts.csv,Congressional district lines used in the 2020 elections,1.0,True,same_election_boundary_set,True,most_recent_completed_presidential_election_on_target_house_boundaries
2020,2020,2016,OR-3,OR,3,Clinton,Trump,70.7,22.5,48.2,93.2,Daily Kos Elections presidential results by congressional district,presidential_results_on_2020_districts.csv,Congressional district lines used in the 2020 elections,1.0,True,same_election_boundary_set,True,most_recent_completed_presidential_election_on_target_house_boundaries
2020,2020,2016,OR-4,OR,4,Clinton,Trump,46.1,46.0,0.10000000000000142,92.1,Daily Kos Elections presidential results by congressional district,presidential_results_on_2020_districts.csv,Congressional district lines used in the 2020 elections,1.0,True,same_election_boundary_set,True,most_recent_completed_presidential_election_on_target_house_boundaries
2020,2020,2016,OR-5,OR,5,Clinton,Trump,48.3,44.1,4.199999999999996,92.4,Daily Kos Elections presidential results by congressional district,presidential_results_on_2020_districts.csv,Congressional district lines used in the 2020 elections,1.0,True,same_election_boundary_set,True,most_recent_completed_presidential_election_on_target_house_boundaries
2020,2020,2016,PA-1,PA,1,Clinton,Trump,49.1,47.1,2.0,96.2,Daily Kos Elections presidential results by congressional district,presidential_results_on_2020_districts.csv,Congressional district lines used in the 2020 elections,1.0,True,same_election_boundary_set,True,most_recent_completed_presidential_election_on_target_house_boundaries
2020,2020,2016,PA-10,PA,10,Clinton,Trump,43.4,52.3,-8.899999999999999,95.69999999999999,Daily Kos Elections presidential results by congressional district,presidential_results_on_2020_districts.csv,Congressional district lines used in the 2020 elections,1.0,True,same_election_boundary_set,True,most_recent_completed_presidential_election_on_target_house_boundaries
2020,2020,2016,PA-11,PA,11,Clinton,Trump,34.7,60.5,-25.799999999999997,95.2,Daily Kos Elections presidential results by congressional district,presidential_results_on_2020_districts.csv,Congressional district lines used in the 2020 elections,1.0,True,same_election_boundary_set,True,most_recent_completed_presidential_election_on_target_house_boundaries
2020,2020,2016,PA-12,PA,12,Clinton,Trump,29.7,66.1,-36.39999999999999,95.8,Daily Kos Elections presidential results by congressional district,presidential_results_on_2020_districts.csv,Congressional district lines used in the 2020 elections,1.0,True,same_election_boundary_set,True,most_recent_completed_presidential_election_on_target_house_boundaries
2020,2020,2016,PA-13,PA,13,Clinton,Trump,25.5,71.2,-45.7,96.7,Daily Kos Elections presidential results by congressional district,presidential_results_on_2020_districts.csv,Congressional district lines used in the 2020 elections,1.0,True,same_election_boundary_set,True,most_recent_completed_presidential_election_on_target_house_boundaries
2020,2020,2016,PA-14,PA,14,Clinton,Trump,33.9,62.9,-29.0,96.8,Daily Kos Elections presidential results by congressional district,presidential_results_on_2020_districts.csv,Congressional district lines used in the 2020 elections,1.0,True,same_election_boundary_set,True,most_recent_completed_presidential_election_on_target_house_boundaries
2020,2020,2016,PA-15,PA,15,Clinton,Trump,26.5,69.8,-43.3,96.3,Daily Kos Elections presidential results by congressional district,presidential_results_on_2020_districts.csv,Congressional district lines used in the 2020 elections,1.0,True,same_election_boundary_set,True,most_recent_completed_presidential_election_on_target_house_boundaries
2020,2020,2016,PA-16,PA,16,Clinton,Trump,37.9,57.9,-20.0,95.8,Daily Kos Elections presidential results by congressional district,presidential_results_on_2020_districts.csv,Congressional district lines used in the 2020 elections,1.0,True,same_election_boundary_set,True,most_recent_completed_presidential_election_on_target_house_boundaries
2020,2020,2016,PA-17,PA,17,Clinton,Trump,46.8,49.4,-2.6000000000000014,96.19999999999999,Daily Kos Elections presidential results by congressional district,presidential_results_on_2020_districts.csv,Congressional district lines used in the 2020 elections,1.0,True,same_election_boundary_set,True,most_recent_completed_presidential_election_on_target_house_boundaries
2020,2020,2016,PA-18,PA,18,Clinton,Trump,62.1,34.6,27.5,96.7,Daily Kos Elections presidential results by congressional district,presidential_results_on_2020_districts.csv,Congressional district lines used in the 2020 elections,1.0,True,same_election_boundary_set,True,most_recent_completed_presidential_election_on_target_house_boundaries
2020,2020,2016,PA-2,PA,2,Clinton,Trump,72.9,24.9,48.00000000000001,97.80000000000001,Daily Kos Elections presidential results by congressional district,presidential_results_on_2020_districts.csv,Congressional district lines used in the 2020 elections,1.0,True,same_election_boundary_set,True,most_recent_completed_presidential_election_on_target_house_boundaries
2020,2020,2016,PA-3,PA,3,Clinton,Trump,90.9,7.0,83.9,97.9,Daily Kos Elections presidential results by congressional district,presidential_results_on_2020_districts.csv,Congressional district lines used in the 2020 elections,1.0,True,same_election_boundary_set,True,most_recent_completed_presidential_election_on_target_house_boundaries
2020,2020,2016,PA-4,PA,4,Clinton,Trump,57.8,38.5,19.299999999999997,96.3,Daily Kos Elections presidential results by congressional district,presidential_results_on_2020_districts.csv,Congressional district lines used in the 2020 elections,1.0,True,same_election_boundary_set,True,most_recent_completed_presidential_election_on_target_house_boundaries
2020,2020,2016,PA-5,PA,5,Clinton,Trump,62.6,34.4,28.200000000000003,97.0,Daily Kos Elections presidential results by congressional district,presidential_results_on_2020_districts.csv,Congressional district lines used in the 2020 elections,1.0,True,same_election_boundary_set,True,most_recent_completed_presidential_election_on_target_house_boundaries
2020,2020,2016,PA-6,PA,6,Clinton,Trump,52.6,43.3,9.300000000000004,95.9,Daily Kos Elections presidential results by congressional district,presidential_results_on_2020_districts.csv,Congressional district lines used in the 2020 elections,1.0,True,same_election_boundary_set,True,most_recent_completed_presidential_election_on_target_house_boundaries
2020,2020,2016,PA-7,PA,7,Clinton,Trump,48.7,47.6,1.1000000000000014,96.30000000000001,Daily Kos Elections presidential results by congressional district,presidential_results_on_2020_districts.csv,Congressional district lines used in the 2020 elections,1.0,True,same_election_boundary_set,True,most_recent_completed_presidential_election_on_target_house_boundaries
2020,2020,2016,PA-8,PA,8,Clinton,Trump,43.7,53.3,-9.599999999999994,97.0,Daily Kos Elections presidential results by congressional district,presidential_results_on_2020_districts.csv,Congressional district lines used in the 2020 elections,1.0,True,same_election_boundary_set,True,most_recent_completed_presidential_election_on_target_house_boundaries
2020,2020,2016,PA-9,PA,9,Clinton,Trump,31.0,65.0,-34.0,96.0,Daily Kos Elections presidential results by congressional district,presidential_results_on_2020_districts.csv,Congressional district lines used in the 2020 elections,1.0,True,same_election_boundary_set,True,most_recent_completed_presidential_election_on_target_house_boundaries
2020,2020,2016,RI-1,RI,1,Clinton,Trump,60.5,34.9,25.6,95.4,Daily Kos Elections presidential results by congressional district,presidential_results_on_2020_districts.csv,Congressional district lines used in the 2020 elections,1.0,True,same_election_boundary_set,True,most_recent_completed_presidential_election_on_target_house_boundaries
2020,2020,2016,RI-2,RI,2,Clinton,Trump,51.1,44.0,7.100000000000001,95.1,Daily Kos Elections presidential results by congressional district,presidential_results_on_2020_districts.csv,Congressional district lines used in the 2020 elections,1.0,True,same_election_boundary_set,True,most_recent_completed_presidential_election_on_target_house_boundaries
2020,2020,2016,SC-1,SC,1,Clinton,Trump,40.4,53.5,-13.100000000000001,93.9,Daily Kos Elections presidential results by congressional district,presidential_results_on_2020_districts.csv,Congressional district lines used in the 2020 elections,1.0,True,same_election_boundary_set,True,most_recent_completed_presidential_election_on_target_house_boundaries
2020,2020,2016,SC-2,SC,2,Clinton,Trump,38.6,56.3,-17.699999999999996,94.9,Daily Kos Elections presidential results by congressional district,presidential_results_on_2020_districts.csv,Congressional district lines used in the 2020 elections,1.0,True,same_election_boundary_set,True,most_recent_completed_presidential_election_on_target_house_boundaries
2020,2020,2016,SC-3,SC,3,Clinton,Trump,29.0,67.0,-38.0,96.0,Daily Kos Elections presidential results by congressional district,presidential_results_on_2020_districts.csv,Congressional district lines used in the 2020 elections,1.0,True,same_election_boundary_set,True,most_recent_completed_presidential_election_on_target_house_boundaries
2020,2020,2016,SC-4,SC,4,Clinton,Trump,34.5,60.2,-25.700000000000003,94.7,Daily Kos Elections presidential results by congressional district,presidential_results_on_2020_districts.csv,Congressional district lines used in the 2020 elections,1.0,True,same_election_boundary_set,True,most_recent_completed_presidential_election_on_target_house_boundaries
2020,2020,2016,SC-5,SC,5,Clinton,Trump,38.8,57.3,-18.5,96.1,Daily Kos Elections presidential results by congressional district,presidential_results_on_2020_districts.csv,Congressional district lines used in the 2020 elections,1.0,True,same_election_boundary_set,True,most_recent_completed_presidential_election_on_target_house_boundaries
2020,2020,2016,SC-6,SC,6,Clinton,Trump,66.8,30.3,36.5,97.1,Daily Kos Elections presidential results by congressional district,presidential_results_on_2020_districts.csv,Congressional district lines used in the 2020 elections,1.0,True,same_election_boundary_set,True,most_recent_completed_presidential_election_on_target_house_boundaries
2020,2020,2016,SC-7,SC,7,Clinton,Trump,39.1,58.0,-18.9,97.1,Daily Kos Elections presidential results by congressional district,presidential_results_on_2020_districts.csv,Congressional district lines used in the 2020 elections,1.0,True,same_election_boundary_set,True,most_recent_completed_presidential_election_on_target_house_boundaries
2020,2020,2016,SD-AL,SD,AL,Clinton,Trump,31.7,61.5,-29.8,93.2,Daily Kos Elections presidential results by congressional district,presidential_results_on_2020_districts.csv,Congressional district lines used in the 2020 elections,1.0,True,same_election_boundary_set,True,most_recent_completed_presidential_election_on_target_house_boundaries
2020,2020,2016,TN-1,TN,1,Clinton,Trump,19.7,76.7,-57.0,96.4,Daily Kos Elections presidential results by congressional district,presidential_results_on_2020_districts.csv,Congressional district lines used in the 2020 elections,1.0,True,same_election_boundary_set,True,most_recent_completed_presidential_election_on_target_house_boundaries
2020,2020,2016,TN-2,TN,2,Clinton,Trump,29.7,65.1,-35.39999999999999,94.8,Daily Kos Elections presidential results by congressional district,presidential_results_on_2020_districts.csv,Congressional district lines used in the 2020 elections,1.0,True,same_election_boundary_set,True,most_recent_completed_presidential_election_on_target_house_boundaries
2020,2020,2016,TN-3,TN,3,Clinton,Trump,30.2,65.4,-35.2,95.60000000000001,Daily Kos Elections presidential results by congressional district,presidential_results_on_2020_districts.csv,Congressional district lines used in the 2020 elections,1.0,True,same_election_boundary_set,True,most_recent_completed_presidential_election_on_target_house_boundaries
2020,2020,2016,TN-4,TN,4,Clinton,Trump,27.4,68.6,-41.199999999999996,96.0,Daily Kos Elections presidential results by congressional district,presidential_results_on_2020_districts.csv,Congressional district lines used in the 2020 elections,1.0,True,same_election_boundary_set,True,most_recent_completed_presidential_election_on_target_house_boundaries
2020,2020,2016,TN-5,TN,5,Clinton,Trump,56.5,38.2,18.299999999999997,94.7,Daily Kos Elections presidential results by congressional district,presidential_results_on_2020_districts.csv,Congressional district lines used in the 2020 elections,1.0,True,same_election_boundary_set,True,most_recent_completed_presidential_election_on_target_house_boundaries
2020,2020,2016,TN-6,TN,6,Clinton,Trump,23.7,72.6,-48.89999999999999,96.3,Daily Kos Elections presidential results by congressional district,presidential_results_on_2020_districts.csv,Congressional district lines used in the 2020 elections,1.0,True,same_election_boundary_set,True,most_recent_completed_presidential_election_on_target_house_boundaries
2020,2020,2016,TN-7,TN,7,Clinton,Trump,28.2,67.5,-39.3,95.7,Daily Kos Elections presidential results by congressional district,presidential_results_on_2020_districts.csv,Congressional district lines used in the 2020 elections,1.0,True,same_election_boundary_set,True,most_recent_completed_presidential_election_on_target_house_boundaries
2020,2020,2016,TN-8,TN,8,Clinton,Trump,30.7,66.3,-35.599999999999994,97.0,Daily Kos Elections presidential results by congressional district,presidential_results_on_2020_districts.csv,Congressional district lines used in the 2020 elections,1.0,True,same_election_boundary_set,True,most_recent_completed_presidential_election_on_target_house_boundaries
2020,2020,2016,TN-9,TN,9,Clinton,Trump,77.5,19.8,57.7,97.3,Daily Kos Elections presidential results by congressional district,presidential_results_on_2020_districts.csv,Congressional district lines used in the 2020 elections,1.0,True,same_election_boundary_set,True,most_recent_completed_presidential_election_on_target_house_boundaries
2020,2020,2016,TX-1,TX,1,Clinton,Trump,25.3,72.2,-46.900000000000006,97.5,Daily Kos Elections presidential results by congressional district,presidential_results_on_2020_districts.csv,Congressional district lines used in the 2020 elections,1.0,True,same_election_boundary_set,True,most_recent_completed_presidential_election_on_target_house_boundaries
2020,2020,2016,TX-10,TX,10,Clinton,Trump,43.2,52.3,-9.099999999999994,95.5,Daily Kos Elections presidential results by congressional district,presidential_results_on_2020_districts.csv,Congressional district lines used in the 2020 elections,1.0,True,same_election_boundary_set,True,most_recent_completed_presidential_election_on_target_house_boundaries
2020,2020,2016,TX-11,TX,11,Clinton,Trump,19.1,77.8,-58.699999999999996,96.9,Daily Kos Elections presidential results by congressional district,presidential_results_on_2020_districts.csv,Congressional district lines used in the 2020 elections,1.0,True,same_election_boundary_set,True,most_recent_completed_presidential_election_on_target_house_boundaries
2020,2020,2016,TX-12,TX,12,Clinton,Trump,32.7,62.9,-30.199999999999996,95.6,Daily Kos Elections presidential results by congressional district,presidential_results_on_2020_districts.csv,Congressional district lines used in the 2020 elections,1.0,True,same_election_boundary_set,True,most_recent_completed_presidential_election_on_target_house_boundaries
2020,2020,2016,TX-13,TX,13,Clinton,Trump,16.9,79.9,-63.00000000000001,96.80000000000001,Daily Kos Elections presidential results by congressional district,presidential_results_on_2020_districts.csv,Congressional district lines used in the 2020 elections,1.0,True,same_election_boundary_set,True,most_recent_completed_presidential_election_on_target_house_boundaries
2020,2020,2016,TX-14,TX,14,Clinton,Trump,38.4,58.2,-19.800000000000004,96.6,Daily Kos Elections presidential results by congressional district,presidential_results_on_2020_districts.csv,Congressional district lines used in the 2020 elections,1.0,True,same_election_boundary_set,True,most_recent_completed_presidential_election_on_target_house_boundaries
2020,2020,2016,TX-15,TX,15,Clinton,Trump,56.7,40.0,16.700000000000003,96.7,Daily Kos Elections presidential results by congressional district,presidential_results_on_2020_districts.csv,Congressional district lines used in the 2020 elections,1.0,True,same_election_boundary_set,True,most_recent_completed_presidential_election_on_target_house_boundaries
2020,2020,2016,TX-16,TX,16,Clinton,Trump,67.9,27.2,40.7,95.10000000000001,Daily Kos Elections presidential results by congressional district,presidential_results_on_2020_districts.csv,Congressional district lines used in the 2020 elections,1.0,True,same_election_boundary_set,True,most_recent_completed_presidential_election_on_target_house_boundaries
2020,2020,2016,TX-17,TX,17,Clinton,Trump,38.8,56.3,-17.5,95.1,Daily Kos Elections presidential results by congressional district,presidential_results_on_2020_districts.csv,Congressional district lines used in the 2020 elections,1.0,True,same_election_boundary_set,True,most_recent_completed_presidential_election_on_target_house_boundaries
2020,2020,2016,TX-18,TX,18,Clinton,Trump,76.5,20.0,56.5,96.5,Daily Kos Elections presidential results by congressional district,presidential_results_on_2020_districts.csv,Congressional district lines used in the 2020 elections,1.0,True,same_election_boundary_set,True,most_recent_completed_presidential_election_on_target_house_boundaries
2020,2020,2016,TX-19,TX,19,Clinton,Trump,23.5,72.5,-49.0,96.0,Daily Kos Elections presidential results by congressional district,presidential_results_on_2020_districts.csv,Congressional district lines used in the 2020 elections,1.0,True,same_election_boundary_set,True,most_recent_completed_presidential_election_on_target_house_boundaries
2020,2020,2016,TX-2,TX,2,Clinton,Trump,43.1,52.4,-9.299999999999997,95.5,Daily Kos Elections presidential results by congressional district,presidential_results_on_2020_districts.csv,Congressional district lines used in the 2020 elections,1.0,True,same_election_boundary_set,True,most_recent_completed_presidential_election_on_target_house_boundaries
2020,2020,2016,TX-20,TX,20,Clinton,Trump,61.0,34.3,26.700000000000003,95.3,Daily Kos Elections presidential results by congressional district,presidential_results_on_2020_districts.csv,Congressional district lines used in the 2020 elections,1.0,True,same_election_boundary_set,True,most_recent_completed_presidential_election_on_target_house_boundaries
2020,2020,2016,TX-21,TX,21,Clinton,Trump,42.5,52.5,-10.0,95.0,Daily Kos Elections presidential results by congressional district,presidential_results_on_2020_districts.csv,Congressional district lines used in the 2020 elections,1.0,True,same_election_boundary_set,True,most_recent_completed_presidential_election_on_target_house_boundaries
2020,2020,2016,TX-22,TX,22,Clinton,Trump,44.2,52.1,-7.899999999999999,96.30000000000001,Daily Kos Elections presidential results by congressional district,presidential_results_on_2020_districts.csv,Congressional district lines used in the 2020 elections,1.0,True,same_election_boundary_set,True,most_recent_completed_presidential_election_on_target_house_boundaries
2020,2020,2016,TX-23,TX,23,Clinton,Trump,49.8,46.4,3.3999999999999986,96.19999999999999,Daily Kos Elections presidential results by congressional district,presidential_results_on_2020_districts.csv,Congressional district lines used in the 2020 elections,1.0,True,same_election_boundary_set,True,most_recent_completed_presidential_election_on_target_house_boundaries
2020,2020,2016,TX-24,TX,24,Clinton,Trump,44.5,50.7,-6.200000000000003,95.2,Daily Kos Elections presidential results by congressional district,presidential_results_on_2020_districts.csv,Congressional district lines used in the 2020 elections,1.0,True,same_election_boundary_set,True,most_recent_completed_presidential_election_on_target_house_boundaries
2020,2020,2016,TX-25,TX,25,Clinton,Trump,40.2,55.1,-14.899999999999999,95.30000000000001,Daily Kos Elections presidential results by congressional district,presidential_results_on_2020_districts.csv,Congressional district lines used in the 2020 elections,1.0,True,same_election_boundary_set,True,most_recent_completed_presidential_election_on_target_house_boundaries
2020,2020,2016,TX-26,TX,26,Clinton,Trump,34.4,60.9,-26.5,95.3,Daily Kos Elections presidential results by congressional district,presidential_results_on_2020_districts.csv,Congressional district lines used in the 2020 elections,1.0,True,same_election_boundary_set,True,most_recent_completed_presidential_election_on_target_house_boundaries
2020,2020,2016,TX-27,TX,27,Clinton,Trump,36.5,60.1,-23.6,96.6,Daily Kos Elections presidential results by congressional district,presidential_results_on_2020_districts.csv,Congressional district lines used in the 2020 elections,1.0,True,same_election_boundary_set,True,most_recent_completed_presidential_election_on_target_house_boundaries
2020,2020,2016,TX-28,TX,28,Clinton,Trump,58.3,38.5,19.799999999999997,96.8,Daily Kos Elections presidential results by congressional district,presidential_results_on_2020_districts.csv,Congressional district lines used in the 2020 elections,1.0,True,same_election_boundary_set,True,most_recent_completed_presidential_election_on_target_house_boundaries
2020,2020,2016,TX-29,TX,29,Clinton,Trump,71.1,25.4,45.699999999999996,96.5,Daily Kos Elections presidential results by congressional district,presidential_results_on_2020_districts.csv,Congressional district lines used in the 2020 elections,1.0,True,same_election_boundary_set,True,most_recent_completed_presidential_election_on_target_house_boundaries
2020,2020,2016,TX-3,TX,3,Clinton,Trump,40.6,54.8,-14.199999999999996,95.4,Daily Kos Elections presidential results by congressional district,presidential_results_on_2020_districts.csv,Congressional district lines used in the 2020 elections,1.0,True,same_election_boundary_set,True,most_recent_completed_presidential_election_on_target_house_boundaries
2020,2020,2016,TX-30,TX,30,Clinton,Trump,79.1,18.3,60.8,97.39999999999999,Daily Kos Elections presidential results by congressional district,presidential_results_on_2020_districts.csv,Congressional district lines used in the 2020 elections,1.0,True,same_election_boundary_set,True,most_recent_completed_presidential_election_on_target_house_boundaries
2020,2020,2016,TX-31,TX,31,Clinton,Trump,40.8,53.5,-12.700000000000003,94.3,Daily Kos Elections presidential results by congressional district,presidential_results_on_2020_districts.csv,Congressional district lines used in the 2020 elections,1.0,True,same_election_boundary_set,True,most_recent_completed_presidential_election_on_target_house_boundaries
2020,2020,2016,TX-32,TX,32,Clinton,Trump,48.5,46.6,1.8999999999999986,95.1,Daily Kos Elections presidential results by congressional district,presidential_results_on_2020_districts.csv,Congressional district lines used in the 2020 elections,1.0,True,same_election_boundary_set,True,most_recent_completed_presidential_election_on_target_house_boundaries
2020,2020,2016,TX-33,TX,33,Clinton,Trump,72.9,23.7,49.2,96.60000000000001,Daily Kos Elections presidential results by congressional district,presidential_results_on_2020_districts.csv,Congressional district lines used in the 2020 elections,1.0,True,same_election_boundary_set,True,most_recent_completed_presidential_election_on_target_house_boundaries
2020,2020,2016,TX-34,TX,34,Clinton,Trump,59.2,37.7,21.5,96.9,Daily Kos Elections presidential results by congressional district,presidential_results_on_2020_districts.csv,Congressional district lines used in the 2020 elections,1.0,True,same_election_boundary_set,True,most_recent_completed_presidential_election_on_target_house_boundaries
2020,2020,2016,TX-35,TX,35,Clinton,Trump,64.1,30.5,33.599999999999994,94.6,Daily Kos Elections presidential results by congressional district,presidential_results_on_2020_districts.csv,Congressional district lines used in the 2020 elections,1.0,True,same_election_boundary_set,True,most_recent_completed_presidential_election_on_target_house_boundaries
2020,2020,2016,TX-36,TX,36,Clinton,Trump,25.2,72.0,-46.8,97.2,Daily Kos Elections presidential results by congressional district,presidential_results_on_2020_districts.csv,Congressional district lines used in the 2020 elections,1.0,True,same_election_boundary_set,True,most_recent_completed_presidential_election_on_target_house_boundaries
2020,2020,2016,TX-4,TX,4,Clinton,Trump,21.8,75.4,-53.60000000000001,97.2,Daily Kos Elections presidential results by congressional district,presidential_results_on_2020_districts.csv,Congressional district lines used in the 2020 elections,1.0,True,same_election_boundary_set,True,most_recent_completed_presidential_election_on_target_house_boundaries
2020,2020,2016,TX-5,TX,5,Clinton,Trump,34.3,62.7,-28.400000000000006,97.0,Daily Kos Elections presidential results by congressional district,presidential_results_on_2020_districts.csv,Congressional district lines used in the 2020 elections,1.0,True,same_election_boundary_set,True,most_recent_completed_presidential_election_on_target_house_boundaries
2020,2020,2016,TX-6,TX,6,Clinton,Trump,41.9,54.2,-12.300000000000004,96.1,Daily Kos Elections presidential results by congressional district,presidential_results_on_2020_districts.csv,Congressional district lines used in the 2020 elections,1.0,True,same_election_boundary_set,True,most_recent_completed_presidential_election_on_target_house_boundaries
2020,2020,2016,TX-7,TX,7,Clinton,Trump,48.5,47.1,1.3999999999999986,95.6,Daily Kos Elections presidential results by congressional district,presidential_results_on_2020_districts.csv,Congressional district lines used in the 2020 elections,1.0,True,same_election_boundary_set,True,most_recent_completed_presidential_election_on_target_house_boundaries
2020,2020,2016,TX-8,TX,8,Clinton,Trump,23.9,72.7,-48.800000000000004,96.6,Daily Kos Elections presidential results by congressional district,presidential_results_on_2020_districts.csv,Congressional district lines used in the 2020 elections,1.0,True,same_election_boundary_set,True,most_recent_completed_presidential_election_on_target_house_boundaries
2020,2020,2016,TX-9,TX,9,Clinton,Trump,79.3,18.0,61.3,97.3,Daily Kos Elections presidential results by congressional district,presidential_results_on_2020_districts.csv,Congressional district lines used in the 2020 elections,1.0,True,same_election_boundary_set,True,most_recent_completed_presidential_election_on_target_house_boundaries
2020,2020,2016,UT-1,UT,1,Clinton,Trump,22.4,49.7,-27.300000000000004,72.1,Daily Kos Elections presidential results by congressional district,presidential_results_on_2020_districts.csv,Congressional district lines used in the 2020 elections,1.0,True,same_election_boundary_set,True,most_recent_completed_presidential_election_on_target_house_boundaries
2020,2020,2016,UT-2,UT,2,Clinton,Trump,32.0,46.0,-14.0,78.0,Daily Kos Elections presidential results by congressional district,presidential_results_on_2020_districts.csv,Congressional district lines used in the 2020 elections,1.0,True,same_election_boundary_set,True,most_recent_completed_presidential_election_on_target_house_boundaries
2020,2020,2016,UT-3,UT,3,Clinton,Trump,23.3,47.2,-23.900000000000002,70.5,Daily Kos Elections presidential results by congressional district,presidential_results_on_2020_districts.csv,Congressional district lines used in the 2020 elections,1.0,True,same_election_boundary_set,True,most_recent_completed_presidential_election_on_target_house_boundaries
2020,2020,2016,UT-4,UT,4,Clinton,Trump,32.4,39.1,-6.700000000000003,71.5,Daily Kos Elections presidential results by congressional district,presidential_results_on_2020_districts.csv,Congressional district lines used in the 2020 elections,1.0,True,same_election_boundary_set,True,most_recent_completed_presidential_election_on_target_house_boundaries
2020,2020,2016,VA-1,VA,1,Clinton,Trump,41.2,53.6,-12.399999999999999,94.80000000000001,Daily Kos Elections presidential results by congressional district,presidential_results_on_2020_districts.csv,Congressional district lines used in the 2020 elections,1.0,True,same_election_boundary_set,True,most_recent_completed_presidential_election_on_target_house_boundaries
2020,2020,2016,VA-10,VA,10,Clinton,Trump,52.2,42.2,10.0,94.4,Daily Kos Elections presidential results by congressional district,presidential_results_on_2020_districts.csv,Congressional district lines used in the 2020 elections,1.0,True,same_election_boundary_set,True,most_recent_completed_presidential_election_on_target_house_boundaries
2020,2020,2016,VA-11,VA,11,Clinton,Trump,66.9,27.5,39.400000000000006,94.4,Daily Kos Elections presidential results by congressional district,presidential_results_on_2020_districts.csv,Congressional district lines used in the 2020 elections,1.0,True,same_election_boundary_set,True,most_recent_completed_presidential_election_on_target_house_boundaries
2020,2020,2016,VA-2,VA,2,Clinton,Trump,45.4,48.8,-3.3999999999999986,94.19999999999999,Daily Kos Elections presidential results by congressional district,presidential_results_on_2020_districts.csv,Congressional district lines used in the 2020 elections,1.0,True,same_election_boundary_set,True,most_recent_completed_presidential_election_on_target_house_boundaries
2020,2020,2016,VA-3,VA,3,Clinton,Trump,63.6,31.9,31.700000000000003,95.5,Daily Kos Elections presidential results by congressional district,presidential_results_on_2020_districts.csv,Congressional district lines used in the 2020 elections,1.0,True,same_election_boundary_set,True,most_recent_completed_presidential_election_on_target_house_boundaries
2020,2020,2016,VA-4,VA,4,Clinton,Trump,58.7,37.1,21.6,95.80000000000001,Daily Kos Elections presidential results by congressional district,presidential_results_on_2020_districts.csv,Congressional district lines used in the 2020 elections,1.0,True,same_election_boundary_set,True,most_recent_completed_presidential_election_on_target_house_boundaries
2020,2020,2016,VA-5,VA,5,Clinton,Trump,42.3,53.4,-11.100000000000001,95.69999999999999,Daily Kos Elections presidential results by congressional district,presidential_results_on_2020_districts.csv,Congressional district lines used in the 2020 elections,1.0,True,same_election_boundary_set,True,most_recent_completed_presidential_election_on_target_house_boundaries
2020,2020,2016,VA-6,VA,6,Clinton,Trump,34.9,59.7,-24.800000000000004,94.6,Daily Kos Elections presidential results by congressional district,presidential_results_on_2020_districts.csv,Congressional district lines used in the 2020 elections,1.0,True,same_election_boundary_set,True,most_recent_completed_presidential_election_on_target_house_boundaries
2020,2020,2016,VA-7,VA,7,Clinton,Trump,44.0,50.5,-6.5,94.5,Daily Kos Elections presidential results by congressional district,presidential_results_on_2020_districts.csv,Congressional district lines used in the 2020 elections,1.0,True,same_election_boundary_set,True,most_recent_completed_presidential_election_on_target_house_boundaries
2020,2020,2016,VA-8,VA,8,Clinton,Trump,73.5,20.9,52.6,94.4,Daily Kos Elections presidential results by congressional district,presidential_results_on_2020_districts.csv,Congressional district lines used in the 2020 elections,1.0,True,same_election_boundary_set,True,most_recent_completed_presidential_election_on_target_house_boundaries
2020,2020,2016,VA-9,VA,9,Clinton,Trump,27.3,68.8,-41.5,96.1,Daily Kos Elections presidential results by congressional district,presidential_results_on_2020_districts.csv,Congressional district lines used in the 2020 elections,1.0,True,same_election_boundary_set,True,most_recent_completed_presidential_election_on_target_house_boundaries
2020,2020,2016,VT-AL,VT,AL,Clinton,Trump,56.7,30.3,26.400000000000002,87.0,Daily Kos Elections presidential results by congressional district,presidential_results_on_2020_districts.csv,Congressional district lines used in the 2020 elections,1.0,True,same_election_boundary_set,True,most_recent_completed_presidential_election_on_target_house_boundaries
2020,2020,2016,WA-1,WA,1,Clinton,Trump,54.1,37.8,16.300000000000004,91.9,Daily Kos Elections presidential results by congressional district,presidential_results_on_2020_districts.csv,Congressional district lines used in the 2020 elections,1.0,True,same_election_boundary_set,True,most_recent_completed_presidential_election_on_target_house_boundaries
2020,2020,2016,WA-10,WA,10,Clinton,Trump,51.3,39.9,11.399999999999999,91.19999999999999,Daily Kos Elections presidential results by congressional district,presidential_results_on_2020_districts.csv,Congressional district lines used in the 2020 elections,1.0,True,same_election_boundary_set,True,most_recent_completed_presidential_election_on_target_house_boundaries
2020,2020,2016,WA-2,WA,2,Clinton,Trump,56.9,34.8,22.1,91.69999999999999,Daily Kos Elections presidential results by congressional district,presidential_results_on_2020_districts.csv,Congressional district lines used in the 2020 elections,1.0,True,same_election_boundary_set,True,most_recent_completed_presidential_election_on_target_house_boundaries
2020,2020,2016,WA-3,WA,3,Clinton,Trump,42.5,49.9,-7.399999999999999,92.4,Daily Kos Elections presidential results by congressional district,presidential_results_on_2020_districts.csv,Congressional district lines used in the 2020 elections,1.0,True,same_election_boundary_set,True,most_recent_completed_presidential_election_on_target_house_boundaries
2020,2020,2016,WA-4,WA,4,Clinton,Trump,35.1,57.9,-22.799999999999997,93.0,Daily Kos Elections presidential results by congressional district,presidential_results_on_2020_districts.csv,Congressional district lines used in the 2020 elections,1.0,True,same_election_boundary_set,True,most_recent_completed_presidential_election_on_target_house_boundaries
2020,2020,2016,WA-5,WA,5,Clinton,Trump,39.1,52.2,-13.100000000000001,91.30000000000001,Daily Kos Elections presidential results by congressional district,presidential_results_on_2020_districts.csv,Congressional district lines used in the 2020 elections,1.0,True,same_election_boundary_set,True,most_recent_completed_presidential_election_on_target_house_boundaries
2020,2020,2016,WA-6,WA,6,Clinton,Trump,51.8,39.5,12.299999999999997,91.3,Daily Kos Elections presidential results by congressional district,presidential_results_on_2020_districts.csv,Congressional district lines used in the 2020 elections,1.0,True,same_election_boundary_set,True,most_recent_completed_presidential_election_on_target_house_boundaries
2020,2020,2016,WA-7,WA,7,Clinton,Trump,82.1,12.2,69.89999999999999,94.3,Daily Kos Elections presidential results by congressional district,presidential_results_on_2020_districts.csv,Congressional district lines used in the 2020 elections,1.0,True,same_election_boundary_set,True,most_recent_completed_presidential_election_on_target_house_boundaries
2020,2020,2016,WA-8,WA,8,Clinton,Trump,47.7,44.7,3.0,92.4,Daily Kos Elections presidential results by congressional district,presidential_results_on_2020_districts.csv,Congressional district lines used in the 2020 elections,1.0,True,same_election_boundary_set,True,most_recent_completed_presidential_election_on_target_house_boundaries
2020,2020,2016,WA-9,WA,9,Clinton,Trump,70.5,23.3,47.2,93.8,Daily Kos Elections presidential results by congressional district,presidential_results_on_2020_districts.csv,Congressional district lines used in the 2020 elections,1.0,True,same_election_boundary_set,True,most_recent_completed_presidential_election_on_target_house_boundaries
2020,2020,2016,WI-1,WI,1,Clinton,Trump,42.3,52.6,-10.300000000000004,94.9,Daily Kos Elections presidential results by congressional district,presidential_results_on_2020_districts.csv,Congressional district lines used in the 2020 elections,1.0,True,same_election_boundary_set,True,most_recent_completed_presidential_election_on_target_house_boundaries
2020,2020,2016,WI-2,WI,2,Clinton,Trump,65.8,29.0,36.8,94.8,Daily Kos Elections presidential results by congressional district,presidential_results_on_2020_districts.csv,Congressional district lines used in the 2020 elections,1.0,True,same_election_boundary_set,True,most_recent_completed_presidential_election_on_target_house_boundaries
2020,2020,2016,WI-3,WI,3,Clinton,Trump,44.8,49.3,-4.5,94.1,Daily Kos Elections presidential results by congressional district,presidential_results_on_2020_districts.csv,Congressional district lines used in the 2020 elections,1.0,True,same_election_boundary_set,True,most_recent_completed_presidential_election_on_target_house_boundaries
2020,2020,2016,WI-4,WI,4,Clinton,Trump,74.0,21.8,52.2,95.8,Daily Kos Elections presidential results by congressional district,presidential_results_on_2020_districts.csv,Congressional district lines used in the 2020 elections,1.0,True,same_election_boundary_set,True,most_recent_completed_presidential_election_on_target_house_boundaries
2020,2020,2016,WI-5,WI,5,Clinton,Trump,37.3,57.4,-20.1,94.69999999999999,Daily Kos Elections presidential results by congressional district,presidential_results_on_2020_districts.csv,Congressional district lines used in the 2020 elections,1.0,True,same_election_boundary_set,True,most_recent_completed_presidential_election_on_target_house_boundaries
2020,2020,2016,WI-6,WI,6,Clinton,Trump,38.8,55.7,-16.900000000000006,94.5,Daily Kos Elections presidential results by congressional district,presidential_results_on_2020_districts.csv,Congressional district lines used in the 2020 elections,1.0,True,same_election_boundary_set,True,most_recent_completed_presidential_election_on_target_house_boundaries
2020,2020,2016,WI-7,WI,7,Clinton,Trump,37.3,57.7,-20.400000000000006,95.0,Daily Kos Elections presidential results by congressional district,presidential_results_on_2020_districts.csv,Congressional district lines used in the 2020 elections,1.0,True,same_election_boundary_set,True,most_recent_completed_presidential_election_on_target_house_boundaries
2020,2020,2016,WI-8,WI,8,Clinton,Trump,38.6,56.2,-17.6,94.80000000000001,Daily Kos Elections presidential results by congressional district,presidential_results_on_2020_districts.csv,Congressional district lines used in the 2020 elections,1.0,True,same_election_boundary_set,True,most_recent_completed_presidential_election_on_target_house_boundaries
2020,2020,2016,WV-1,WV,1,Clinton,Trump,26.4,68.0,-41.6,94.4,Daily Kos Elections presidential results by congressional district,presidential_results_on_2020_districts.csv,Congressional district lines used in the 2020 elections,1.0,True,same_election_boundary_set,True,most_recent_completed_presidential_election_on_target_house_boundaries
2020,2020,2016,WV-2,WV,2,Clinton,Trump,29.4,65.8,-36.4,95.19999999999999,Daily Kos Elections presidential results by congressional district,presidential_results_on_2020_districts.csv,Congressional district lines used in the 2020 elections,1.0,True,same_election_boundary_set,True,most_recent_completed_presidential_election_on_target_house_boundaries
2020,2020,2016,WV-3,WV,3,Clinton,Trump,23.3,72.5,-49.2,95.8,Daily Kos Elections presidential results by congressional district,presidential_results_on_2020_districts.csv,Congressional district lines used in the 2020 elections,1.0,True,same_election_boundary_set,True,most_recent_completed_presidential_election_on_target_house_boundaries
2020,2020,2016,WY-AL,WY,AL,Clinton,Trump,22.5,70.1,-47.599999999999994,92.6,Daily Kos Elections presidential results by congressional district,presidential_results_on_2020_districts.csv,Congressional district lines used in the 2020 elections,1.0,True,same_election_boundary_set,True,most_recent_completed_presidential_election_on_target_house_boundaries
