candidate_uid,cycle,chamber,race_id,state,district,party_code,candidate_name_canonical,candidate_name_mit,candidate_name_fec,fec_candidate_id,principal_campaign_committee_id,incumbent_challenger_status,is_incumbent,is_challenger,is_open_seat_candidate,fec_candidate_status,candidate_vote_total,candidate_vote_share,match_method,match_score,match_reason,second_best_score,candidate_count_considered,source_results,source_candidate_identity
HOUSE_2018_AK_AL_D_ALYSE_S_GALVIN,2018,House,AK-AL,AK,AL,D,ALYSE S GALVIN,ALYSE S GALVIN,,,,,False,False,False,,131199,0.46497097453272185,unmatched,0.0,last_name_mismatch+scope_same_race,0.0,2,MIT Election Data and Science Lab,Federal Election Commission
HOUSE_2018_AK_AL_R_DON_YOUNG,2018,House,AK-AL,AK,AL,R,DON YOUNG,DON YOUNG,"YOUNG, DONALD E",H6AK00045,C00012229,I,True,False,False,C,149779,0.5308187379060553,high_confidence_automatic,88.75,last_exact+first_match+scope_same_race,2.0,3,MIT Election Data and Science Lab,Federal Election Commission
HOUSE_2018_AL_1_D_ROBERT_KENNEDY,2018,House,AL-1,AL,1,D,ROBERT KENNEDY JR,ROBERT KENNEDY JR,"KENNEDY, ROBERT JR.",H8AL01066,C00667949,C,False,True,False,C,89226,0.36776483098876006,high_confidence_automatic,100.0,last_exact+first_match+token_overlap+scope_same_race,2.0,3,MIT Election Data and Science Lab,Federal Election Commission
HOUSE_2018_AL_1_R_BRADLEY_BYRNE,2018,House,AL-1,AL,1,R,BRADLEY BYRNE,BRADLEY BYRNE,"BYRNE, BRADLEY ROBERTS",H4AL01123,C00545673,I,True,False,False,C,153228,0.6315633282086581,high_confidence_automatic,95.0,last_exact+first_match+token_overlap+scope_same_race,,1,MIT Election Data and Science Lab,Federal Election Commission
HOUSE_2018_AL_2_D_TABITHA_ISNER,2018,House,AL-2,AL,2,D,TABITHA ISNER,TABITHA ISNER,"ISNER, TABITHA KAY",H8AL02197,C00657437,C,False,True,False,C,86931,0.38425938204482163,high_confidence_automatic,95.0,last_exact+first_match+token_overlap+scope_same_race,2.0,2,MIT Election Data and Science Lab,Federal Election Commission
HOUSE_2018_AL_2_R_MARTHA_ROBY,2018,House,AL-2,AL,2,R,MARTHA ROBY,MARTHA ROBY,"ROBY, MARTHA",H0AL02087,C00462143,I,True,False,False,C,138879,0.6138841002519559,high_confidence_automatic,100.0,last_exact+first_match+token_overlap+scope_same_race,2.0,5,MIT Election Data and Science Lab,Federal Election Commission
HOUSE_2018_AL_3_D_MALLORY_HAGAN,2018,House,AL-3,AL,3,D,MALLORY HAGAN,MALLORY HAGAN,"HAGAN, MALLORY",H8AL03054,C00668574,C,False,True,False,C,83996,0.36218442101632065,high_confidence_automatic,100.0,last_exact+first_match+token_overlap+scope_same_race,2.0,3,MIT Election Data and Science Lab,Federal Election Commission
HOUSE_2018_AL_3_R_MIKE_ROGERS,2018,House,AL-3,AL,3,R,MIKE ROGERS,MIKE ROGERS,"ROGERS, MICHAEL",H2AL03032,C00367862,I,True,False,False,C,147770,0.6371731022141733,high_confidence_automatic,90.0,last_exact+first_match+scope_same_race,,1,MIT Election Data and Science Lab,Federal Election Commission
HOUSE_2018_AL_4_D_LEE_AUMAN,2018,House,AL-4,AL,4,D,LEE AUMAN,LEE AUMAN,"AUMAN, JAMES LEE",H8AL04094,C00665182,C,False,True,False,C,46492,0.20129108235304305,high_confidence_automatic,92.0,last_exact+alternate_given_name_match+token_overlap+scope_same_race,2.0,2,MIT Election Data and Science Lab,Federal Election Commission
HOUSE_2018_AL_4_R_ROBERT_ADERHOLT,2018,House,AL-4,AL,4,R,ROBERT ADERHOLT,ROBERT ADERHOLT,"ADERHOLT, ROBERT B. REP.",H6AL04098,C00313247,I,True,False,False,C,184255,0.7977477496980114,high_confidence_automatic,92.5,last_exact+first_match+token_overlap+scope_same_race,2.0,4,MIT Election Data and Science Lab,Federal Election Commission
HOUSE_2018_AL_5_D_PETER_JOFFRION,2018,House,AL-5,AL,5,D,PETER JOFFRION,PETER JOFFRION,"JOFFRION, PETER S.",H8AL05190,C00647677,C,False,True,False,C,101388,0.38894707161846453,high_confidence_automatic,95.0,last_exact+first_match+token_overlap+scope_same_race,0.0,2,MIT Election Data and Science Lab,Federal Election Commission
HOUSE_2018_AL_5_R_MO_BROOKS,2018,House,AL-5,AL,5,R,MO BROOKS,MO BROOKS,"BROOKS, MO",H0AL05163,C00464149,I,True,False,False,C,159063,0.6102012866695055,high_confidence_automatic,100.0,last_exact+first_match+token_overlap+scope_same_race,2.0,3,MIT Election Data and Science Lab,Federal Election Commission
HOUSE_2018_AL_6_D_DANNER_KLINE,2018,House,AL-6,AL,6,D,DANNER KLINE,DANNER KLINE,"KLINE, DANNER",H8AL06099,C00638536,C,False,True,False,C,85644,0.30770889023023196,high_confidence_automatic,100.0,last_exact+first_match+token_overlap+scope_same_race,,1,MIT Election Data and Science Lab,Federal Election Commission
HOUSE_2018_AL_6_R_GARY_PALMER,2018,House,AL-6,AL,6,R,GARY PALMER,GARY PALMER,"PALMER, GARY",H4AL06098,C00551374,I,True,False,False,C,192542,0.6917809203529649,high_confidence_automatic,100.0,last_exact+first_match+token_overlap+scope_same_race,,1,MIT Election Data and Science Lab,Federal Election Commission
HOUSE_2018_AL_7_D_TERRI_SEWELL,2018,House,AL-7,AL,7,D,TERRI SEWELL,TERRI SEWELL,"SEWELL, TERRI A.",H0AL07086,C00458976,I,True,False,False,C,185010,0.9780453894260506,high_confidence_automatic,95.0,last_exact+first_match+token_overlap+scope_same_race,0.0,2,MIT Election Data and Science Lab,Federal Election Commission
HOUSE_2018_AR_1_D_CHINTAN_DESAI,2018,House,AR-1,AR,1,D,CHINTAN DESAI,CHINTAN DESAI,"DESAI, CHINTAN",H8AR01029,C00661371,C,False,True,False,C,57907,0.28774379487689133,high_confidence_automatic,100.0,last_exact+first_match+token_overlap+scope_same_race,,1,MIT Election Data and Science Lab,Federal Election Commission
HOUSE_2018_AR_1_R_RICK_CRAWFORD,2018,House,AR-1,AR,1,R,RICK CRAWFORD,RICK CRAWFORD,"CRAWFORD, ERIC ALAN RICK",H0AR01083,C00462374,I,True,False,False,C,138757,0.689492906656066,high_confidence_automatic,89.5,last_exact+alternate_given_name_match+token_overlap+scope_same_race,,1,MIT Election Data and Science Lab,Federal Election Commission
HOUSE_2018_AR_2_D_CLARKE_TUCKER,2018,House,AR-2,AR,2,D,CLARKE TUCKER,CLARKE TUCKER,"TUCKER, EVERETT CLARKE IV",H8AR02159,C00671156,C,False,True,False,C,116135,0.45821118708399583,high_confidence_automatic,92.0,last_exact+alternate_given_name_match+token_overlap+scope_same_race,2.0,4,MIT Election Data and Science Lab,Federal Election Commission
HOUSE_2018_AR_2_R_FRENCH_HILL,2018,House,AR-2,AR,2,R,FRENCH HILL,FRENCH HILL,"HILL, JAMES FRENCH",H4AR02141,C00551275,I,True,False,False,C,132125,0.5212998070648207,high_confidence_automatic,92.0,last_exact+alternate_given_name_match+token_overlap+scope_same_race,,1,MIT Election Data and Science Lab,Federal Election Commission
HOUSE_2018_AR_3_D_JOSH_MAHONY,2018,House,AR-3,AR,3,D,JOSH MAHONY,JOSH MAHONY,"MAHONY, JOSH",H8AR03074,C00650093,C,False,True,False,C,74952,0.3262925104915806,high_confidence_automatic,100.0,last_exact+first_match+token_overlap+scope_same_race,,1,MIT Election Data and Science Lab,Federal Election Commission
HOUSE_2018_AR_3_R_STEVE_WOMACK,2018,House,AR-3,AR,3,R,STEVE WOMACK,STEVE WOMACK,"WOMACK, STEVE",H0AR03055,C00477745,I,True,False,False,C,148717,0.6474175910286102,high_confidence_automatic,100.0,last_exact+first_match+token_overlap+scope_same_race,2.0,2,MIT Election Data and Science Lab,Federal Election Commission
HOUSE_2018_AR_4_D_HAYDEN_CATHERINE_SHAMEL,2018,House,AR-4,AR,4,D,HAYDEN CATHERINE SHAMEL,HAYDEN CATHERINE SHAMEL,"SHAMEL, HAYDEN CATHERINE",H8AR04130,C00659235,C,False,True,False,C,63984,0.3122815922534799,high_confidence_automatic,100.0,last_exact+first_match+token_overlap+scope_same_race,0.0,2,MIT Election Data and Science Lab,Federal Election Commission
HOUSE_2018_AR_4_R_BRUCE_WESTERMAN,2018,House,AR-4,AR,4,R,BRUCE WESTERMAN,BRUCE WESTERMAN,"WESTERMAN, BRUCE",H4AR04048,C00548180,I,True,False,False,C,136740,0.6673759834449369,high_confidence_automatic,100.0,last_exact+first_match+token_overlap+scope_same_race,2.0,2,MIT Election Data and Science Lab,Federal Election Commission
HOUSE_2018_AZ_1_D_TOM_O_HALLERAN,2018,House,AZ-1,AZ,1,D,TOM O'HALLERAN,TOM O'HALLERAN,"O'HALLERAN, TOM",H6AZ01199,C00582890,I,True,False,False,C,143240,0.538316127310787,high_confidence_automatic,100.0,last_exact+first_match+token_overlap+scope_same_race,0.0,2,MIT Election Data and Science Lab,Federal Election Commission
HOUSE_2018_AZ_1_R_WENDY_ROGERS,2018,House,AZ-1,AZ,1,R,WENDY ROGERS,WENDY ROGERS,"ROGERS, WENDY",H2AZ09035,C00510958,C,False,True,False,C,122784,0.4614395935194615,high_confidence_automatic,100.0,last_exact+first_match+token_overlap+scope_same_race,2.0,5,MIT Election Data and Science Lab,Federal Election Commission
HOUSE_2018_AZ_2_D_ANN_KIRKPATRICK,2018,House,AZ-2,AZ,2,D,ANN KIRKPATRICK,ANN KIRKPATRICK,"KIRKPATRICK, ANN",H8AZ01104,C00651042,O,False,False,True,C,161000,0.5473360711468901,high_confidence_automatic,100.0,last_exact+first_match+token_overlap+scope_same_race,2.0,9,MIT Election Data and Science Lab,Federal Election Commission
HOUSE_2018_AZ_2_R_LEA_MARQUEZ_PETERSON,2018,House,AZ-2,AZ,2,R,LEA MARQUEZ PETERSON,LEA MARQUEZ PETERSON,"MARQUEZ PETERSON, LEA",H8AZ02185,C00663054,O,False,False,True,C,133083,0.45242935625118985,high_confidence_automatic,100.0,last_exact+first_match+token_overlap+scope_same_race,2.0,6,MIT Election Data and Science Lab,Federal Election Commission
HOUSE_2018_AZ_3_D_RAUL_GRIJALVA,2018,House,AZ-3,AZ,3,D,RAUL GRIJALVA,RAUL GRIJALVA,"GRIJALVA, RAUL M",H2AZ07070,C00374058,I,True,False,False,C,114650,0.6386546195924643,high_confidence_automatic,95.0,last_exact+first_match+token_overlap+scope_same_race,,1,MIT Election Data and Science Lab,Federal Election Commission
HOUSE_2018_AZ_3_R_NICOLAS_NICK_PIERSON,2018,House,AZ-3,AZ,3,R,"NICOLAS \""NICK\"" PIERSON","NICOLAS \""NICK\"" PIERSON","PIERSON, JOE NICOLAS",H8AZ03159,C00666107,C,False,True,False,C,64868,0.3613453804075357,high_confidence_automatic,89.5,last_exact+alternate_given_name_match+token_overlap+scope_same_race,2.0,5,MIT Election Data and Science Lab,Federal Election Commission
HOUSE_2018_AZ_4_D_DAVID_BRILL,2018,House,AZ-4,AZ,4,D,DAVID BRILL,DAVID BRILL,"BRILL, DAVID H",H8AZ04140,C00664342,C,False,True,False,C,84521,0.3050914144422185,high_confidence_automatic,95.0,last_exact+first_match+token_overlap+scope_same_race,2.0,3,MIT Election Data and Science Lab,Federal Election Commission
HOUSE_2018_AZ_4_R_PAUL_GOSAR,2018,House,AZ-4,AZ,4,R,PAUL GOSAR,PAUL GOSAR,"GOSAR, PAUL DR.",H0AZ01259,C00461806,I,True,False,False,C,188842,0.6816539426426264,high_confidence_automatic,100.0,last_exact+first_match+token_overlap+scope_same_race,,1,MIT Election Data and Science Lab,Federal Election Commission
HOUSE_2018_AZ_5_D_JOAN_GREENE,2018,House,AZ-5,AZ,5,D,JOAN GREENE,JOAN GREENE,"GREENE, JOAN",H8AZ05154,C00640938,C,False,True,False,C,127027,0.4057540950093272,high_confidence_automatic,100.0,last_exact+first_match+token_overlap+scope_same_race,2.0,4,MIT Election Data and Science Lab,Federal Election Commission
HOUSE_2018_AZ_5_R_ANDY_BIGGS,2018,House,AZ-5,AZ,5,R,ANDY BIGGS,ANDY BIGGS,,,,,False,False,False,,186037,0.5942459049906729,unmatched,0.0,last_name_mismatch+scope_same_race,,1,MIT Election Data and Science Lab,Federal Election Commission
HOUSE_2018_AZ_6_D_ANITA_MALIK,2018,House,AZ-6,AZ,6,D,ANITA MALIK,ANITA MALIK,"MALIK, ANITA",H8AZ06103,C00655134,C,False,True,False,C,140559,0.4480696463807663,high_confidence_automatic,100.0,last_exact+first_match+token_overlap+scope_same_race,2.0,5,MIT Election Data and Science Lab,Federal Election Commission
HOUSE_2018_AZ_6_R_DAVID_SCHWEIKERT,2018,House,AZ-6,AZ,6,R,DAVID SCHWEIKERT,DAVID SCHWEIKERT,"SCHWEIKERT, DAVID",H4AZ06045,C00540617,I,True,False,False,C,173140,0.5519303536192337,high_confidence_automatic,100.0,last_exact+first_match+token_overlap+scope_same_race,,1,MIT Election Data and Science Lab,Federal Election Commission
HOUSE_2018_AZ_7_D_RUBEN_GALLEGO,2018,House,AZ-7,AZ,7,D,RUBEN GALLEGO,RUBEN GALLEGO,"GALLEGO, RUBEN",H4AZ07043,C00558627,I,True,False,False,C,113044,0.8560631877077796,high_confidence_automatic,100.0,last_exact+first_match+token_overlap+scope_same_race,2.0,2,MIT Election Data and Science Lab,Federal Election Commission
HOUSE_2018_AZ_8_D_HIRAL_TIPIRNENI,2018,House,AZ-8,AZ,8,D,HIRAL TIPIRNENI,HIRAL TIPIRNENI,"TIPIRNENI, HIRAL",H8AZ08083,C00649897,O,False,False,True,C,135569,0.4453397806298597,high_confidence_automatic,100.0,last_exact+first_match+token_overlap+scope_same_race,2.0,7,MIT Election Data and Science Lab,Federal Election Commission
HOUSE_2018_AZ_8_R_DEBBIE_LESKO,2018,House,AZ-8,AZ,8,R,DEBBIE LESKO,DEBBIE LESKO,"LESKO, DEBBIE",H8AZ08158,C00663914,I,True,False,False,C,168835,0.5546175147905669,high_confidence_automatic,100.0,last_exact+first_match+token_overlap+scope_same_race,2.0,16,MIT Election Data and Science Lab,Federal Election Commission
HOUSE_2018_AZ_9_D_GREG_STANTON,2018,House,AZ-9,AZ,9,D,GREG STANTON,GREG STANTON,"STANTON, GREG",H8AZ09040,C00657304,O,False,False,True,C,159583,0.6108557101571322,high_confidence_automatic,100.0,last_exact+first_match+token_overlap+scope_same_race,2.0,4,MIT Election Data and Science Lab,Federal Election Commission
HOUSE_2018_AZ_9_R_STEPHEN_L_FERRARA,2018,House,AZ-9,AZ,9,R,STEPHEN L FERRARA,STEPHEN L FERRARA,"FERRARA, STEVE MD",H8AZ09024,C00640268,O,False,False,True,C,101662,0.3891442898428678,high_confidence_automatic,88.0,last_exact+first_match+scope_same_race,2.0,4,MIT Election Data and Science Lab,Federal Election Commission
HOUSE_2018_CA_1_D_AUDREY_DENNEY,2018,House,CA-1,CA,1,D,AUDREY DENNEY,AUDREY DENNEY,"DENNEY, AUDREY",H8CA01257,C00664409,C,False,True,False,C,131548,0.4511341111271151,high_confidence_automatic,100.0,last_exact+first_match+token_overlap+scope_same_race,2.0,7,MIT Election Data and Science Lab,Federal Election Commission
HOUSE_2018_CA_1_R_DOUG_LA_MALFA,2018,House,CA-1,CA,1,R,DOUG LA MALFA,DOUG LA MALFA,,,,,False,False,False,,160046,0.5488658888728849,unmatched,0.0,last_name_mismatch+scope_same_race,0.0,2,MIT Election Data and Science Lab,Federal Election Commission
HOUSE_2018_CA_10_D_JOSH_HARDER,2018,House,CA-10,CA,10,D,JOSH HARDER,JOSH HARDER,"HARDER, JOSH",H8CA10126,C00639146,C,False,True,False,C,115945,0.5225101397025688,high_confidence_automatic,100.0,last_exact+first_match+token_overlap+scope_same_race,2.0,9,MIT Election Data and Science Lab,Federal Election Commission
HOUSE_2018_CA_10_R_JEFF_DENHAM,2018,House,CA-10,CA,10,R,JEFF DENHAM,JEFF DENHAM,"DENHAM, JEFF",H0CA19173,C00473272,I,True,False,False,C,105955,0.4774898602974313,high_confidence_automatic,100.0,last_exact+first_match+token_overlap+scope_same_race,,1,MIT Election Data and Science Lab,Federal Election Commission
HOUSE_2018_CA_11_D_MARK_DESAULNIER,2018,House,CA-11,CA,11,D,MARK DESAULNIER,MARK DESAULNIER,"DESAULNIER, MARK",H0CA10073,C00554709,I,True,False,False,C,204369,0.7413242116794411,high_confidence_automatic,100.0,last_exact+first_match+token_overlap+scope_same_race,2.0,2,MIT Election Data and Science Lab,Federal Election Commission
HOUSE_2018_CA_11_R_JOHN_FITZGERALD,2018,House,CA-11,CA,11,R,JOHN FITZGERALD,JOHN FITZGERALD,"FITZGERALD, JOHN",H0CA07111,C00516591,C,False,True,False,N,71312,0.25867578832055893,high_confidence_automatic,100.0,last_exact+first_match+token_overlap+scope_same_race,,1,MIT Election Data and Science Lab,Federal Election Commission
HOUSE_2018_CA_12_D_NANCY_PELOSI,2018,House,CA-12,CA,12,D,NANCY PELOSI,NANCY PELOSI,"PELOSI, NANCY",H8CA05035,C00213512,I,True,False,False,C,275292,0.8682318211636474,high_confidence_automatic,100.0,last_exact+first_match+token_overlap+scope_same_race,2.0,4,MIT Election Data and Science Lab,Federal Election Commission
HOUSE_2018_CA_12_R_LISA_REMMER,2018,House,CA-12,CA,12,R,LISA REMMER,LISA REMMER,"REMMER, LISA",H8CA12270,C00672980,C,False,True,False,C,41780,0.13176817883635264,high_confidence_automatic,100.0,last_exact+first_match+token_overlap+scope_same_race,0.0,2,MIT Election Data and Science Lab,Federal Election Commission
HOUSE_2018_CA_13_D_BARBARA_LEE,2018,House,CA-13,CA,13,D,BARBARA LEE,BARBARA LEE,"LEE, BARBARA",H8CA09060,C00331769,I,True,False,False,C,260580,0.8838103765809583,high_confidence_automatic,100.0,last_exact+first_match+token_overlap+scope_same_race,,1,MIT Election Data and Science Lab,Federal Election Commission
HOUSE_2018_CA_14_D_JACKIE_SPEIER,2018,House,CA-14,CA,14,D,JACKIE SPEIER,JACKIE SPEIER,"SPEIER, JACKIE",H8CA12171,C00443705,I,True,False,False,C,211384,0.7922255577667593,high_confidence_automatic,100.0,last_exact+first_match+token_overlap+scope_same_race,,1,MIT Election Data and Science Lab,Federal Election Commission
HOUSE_2018_CA_14_R_CRISTINA_OSMENA,2018,House,CA-14,CA,14,R,CRISTINA OSMENA,CRISTINA OSMENA,"OSMENA, CRISTINA",H8CA14185,,C,False,True,False,N,55439,0.20777444223324076,high_confidence_automatic,100.0,last_exact+first_match+token_overlap+scope_same_race,,1,MIT Election Data and Science Lab,Federal Election Commission
HOUSE_2018_CA_15_D_ERIC_SWALWELL,2018,House,CA-15,CA,15,D,ERIC SWALWELL,ERIC SWALWELL,"SWALWELL, ERIC MICHAEL",H2CA15094,C00502294,I,True,False,False,C,177989,0.7296754383447642,high_confidence_automatic,95.0,last_exact+first_match+token_overlap+scope_same_race,,1,MIT Election Data and Science Lab,Federal Election Commission
HOUSE_2018_CA_15_R_RUDY_L_PETERS,2018,House,CA-15,CA,15,R,RUDY L PETERS JR,RUDY L PETERS JR,"PETERS, RUDY PETERS",H8CA15117,C00671370,C,False,True,False,C,65940,0.2703245616552357,high_confidence_automatic,95.0,last_exact+first_match+token_overlap+scope_same_race,,1,MIT Election Data and Science Lab,Federal Election Commission
HOUSE_2018_CA_16_D_JIM_COSTA,2018,House,CA-16,CA,16,D,JIM COSTA,JIM COSTA,"COSTA, JIM",H4CA20082,C00391029,I,True,False,False,C,82266,0.5754517029358067,high_confidence_automatic,100.0,last_exact+first_match+token_overlap+scope_same_race,,1,MIT Election Data and Science Lab,Federal Election Commission
HOUSE_2018_CA_16_R_ELIZABETH_HENG,2018,House,CA-16,CA,16,R,ELIZABETH HENG,ELIZABETH HENG,,,,,False,False,False,,60693,0.4245482970641932,unmatched,0.0,no_candidate_pool,,0,MIT Election Data and Science Lab,Federal Election Commission
HOUSE_2018_CA_17_D_RO_KHANNA,2018,House,CA-17,CA,17,D,RO KHANNA,RO KHANNA,"KHANNA, ROHIT",H4CA12055,C00503185,I,True,False,False,C,159105,0.753473636355026,probable_automatic,72.0,last_exact+first_initial+scope_same_race,2.0,3,MIT Election Data and Science Lab,Federal Election Commission
HOUSE_2018_CA_17_R_RON_COHEN,2018,House,CA-17,CA,17,R,RON COHEN,RON COHEN,"COHEN, RONALD H",H6CA17141,C00591784,C,False,True,False,N,52057,0.246526363644974,high_confidence_automatic,88.75,last_exact+first_match+scope_same_race,,1,MIT Election Data and Science Lab,Federal Election Commission
HOUSE_2018_CA_18_D_ANNA_G_ESHOO,2018,House,CA-18,CA,18,D,ANNA G ESHOO,ANNA G ESHOO,"ESHOO, ANNA G",H8CA12098,C00258475,I,True,False,False,C,225142,0.7449162580482931,high_confidence_automatic,100.0,last_exact+first_match+token_overlap+scope_same_race,,1,MIT Election Data and Science Lab,Federal Election Commission
HOUSE_2018_CA_18_R_CHRISTINE_RUSSELL,2018,House,CA-18,CA,18,R,CHRISTINE RUSSELL,CHRISTINE RUSSELL,"RUSSELL, CHRISTINE",H8CA18087,,C,False,True,False,N,77096,0.2550837419517069,high_confidence_automatic,100.0,last_exact+first_match+token_overlap+scope_same_race,,1,MIT Election Data and Science Lab,Federal Election Commission
HOUSE_2018_CA_19_D_ZOE_LOFGREN,2018,House,CA-19,CA,19,D,ZOE LOFGREN,ZOE LOFGREN,"LOFGREN, ZOE",H4CA16049,C00289603,I,True,False,False,C,162496,0.7375487361507632,high_confidence_automatic,100.0,last_exact+first_match+token_overlap+scope_same_race,,1,MIT Election Data and Science Lab,Federal Election Commission
HOUSE_2018_CA_19_R_JUSTIN_JAMES_AGUILERA,2018,House,CA-19,CA,19,R,JUSTIN JAMES AGUILERA,JUSTIN JAMES AGUILERA,"AGUILERA, JUSTIN",H8CA19051,C00683532,C,False,True,False,C,57823,0.2624512638492368,high_confidence_automatic,95.0,last_exact+first_match+token_overlap+scope_same_race,,1,MIT Election Data and Science Lab,Federal Election Commission
HOUSE_2018_CA_2_D_JARED_HUFFMAN,2018,House,CA-2,CA,2,D,JARED HUFFMAN,JARED HUFFMAN,"HUFFMAN, JARED",H2CA06259,C00536680,I,True,False,False,C,243081,0.7700795483705415,high_confidence_automatic,100.0,last_exact+first_match+token_overlap+scope_same_race,0.0,2,MIT Election Data and Science Lab,Federal Election Commission
HOUSE_2018_CA_2_R_DALE_K_MENSING,2018,House,CA-2,CA,2,R,DALE K MENSING,DALE K MENSING,"MENSING, DALE KENNETH",H4CA02098,C00543553,C,False,True,False,N,72576,0.22992045162945857,high_confidence_automatic,92.5,last_exact+first_match+token_overlap+scope_same_race,,1,MIT Election Data and Science Lab,Federal Election Commission
HOUSE_2018_CA_20_D_JIMMY_PANETTA,2018,House,CA-20,CA,20,D,JIMMY PANETTA,JIMMY PANETTA,"PANETTA, JIMMY",H6CA20152,C00592154,I,True,False,False,C,183677,0.8137346547286252,high_confidence_automatic,100.0,last_exact+first_match+token_overlap+scope_same_race,0.0,2,MIT Election Data and Science Lab,Federal Election Commission
HOUSE_2018_CA_21_D_TJ_COX,2018,House,CA-21,CA,21,D,TJ COX,TJ COX,"COX, TJ",H6CA19113,C00422360,C,False,True,False,N,57239,0.5037934797915786,high_confidence_automatic,100.0,last_exact+first_match+token_overlap+scope_same_race,72.75,3,MIT Election Data and Science Lab,Federal Election Commission
HOUSE_2018_CA_21_R_DAVID_G_VALADAO,2018,House,CA-21,CA,21,R,DAVID G VALADAO,DAVID G VALADAO,"VALADAO, DAVID",H2CA20094,C00499392,I,True,False,False,C,56377,0.4962065202084214,high_confidence_automatic,95.0,last_exact+first_match+token_overlap+scope_same_race,,1,MIT Election Data and Science Lab,Federal Election Commission
HOUSE_2018_CA_22_D_ANDREW_JANZ,2018,House,CA-22,CA,22,D,ANDREW JANZ,ANDREW JANZ,"JANZ, ANDREW",H8CA22139,C00638510,C,False,True,False,C,105136,0.4727784548001385,high_confidence_automatic,100.0,last_exact+first_match+token_overlap+scope_same_race,2.0,4,MIT Election Data and Science Lab,Federal Election Commission
HOUSE_2018_CA_22_R_DEVIN_G_NUNES,2018,House,CA-22,CA,22,R,DEVIN G NUNES,DEVIN G NUNES,"NUNES, DEVIN GERALD",H8CA20059,C00370056,I,True,False,False,C,117243,0.5272215451998615,high_confidence_automatic,92.5,last_exact+first_match+token_overlap+scope_same_race,,1,MIT Election Data and Science Lab,Federal Election Commission
HOUSE_2018_CA_23_D_TATIANA_MATTA,2018,House,CA-23,CA,23,D,TATIANA MATTA,TATIANA MATTA,"MATTA, TATIANA",H8CA23103,C00653592,C,False,True,False,C,74661,0.3628300951529348,high_confidence_automatic,100.0,last_exact+first_match+token_overlap+scope_same_race,2.0,5,MIT Election Data and Science Lab,Federal Election Commission
HOUSE_2018_CA_23_R_KEVIN_MCCARTHY,2018,House,CA-23,CA,23,R,KEVIN MCCARTHY,KEVIN MCCARTHY,"MCCARTHY, KEVIN",H6CA22125,C00420935,I,True,False,False,C,131113,0.6371699048470653,high_confidence_automatic,100.0,last_exact+first_match+token_overlap+scope_same_race,,1,MIT Election Data and Science Lab,Federal Election Commission
HOUSE_2018_CA_24_D_SALUD_CARBAJAL,2018,House,CA-24,CA,24,D,SALUD CARBAJAL,SALUD CARBAJAL,"CARBAJAL, SALUD",H6CA24303,C00576041,I,True,False,False,C,166550,0.5855550203740099,high_confidence_automatic,100.0,last_exact+first_match+token_overlap+scope_same_race,,1,MIT Election Data and Science Lab,Federal Election Commission
HOUSE_2018_CA_24_R_JUSTIN_FAREED,2018,House,CA-24,CA,24,R,JUSTIN FAREED,JUSTIN FAREED,"FAREED, JUSTIN",H4CA24142,C00572560,C,False,True,False,C,117881,0.41444497962599014,high_confidence_automatic,100.0,last_exact+first_match+token_overlap+scope_same_race,2.0,2,MIT Election Data and Science Lab,Federal Election Commission
HOUSE_2018_CA_25_D_KATIE_HILL,2018,House,CA-25,CA,25,D,KATIE HILL,KATIE HILL,"HILL, KATHERINE LAUREN",H8CA25074,C00634212,C,False,True,False,C,133209,0.5436613855082401,high_confidence_automatic,88.75,last_exact+first_match+scope_same_race,2.0,9,MIT Election Data and Science Lab,Federal Election Commission
HOUSE_2018_CA_25_R_STEVE_KNIGHT,2018,House,CA-25,CA,25,R,STEVE KNIGHT,STEVE KNIGHT,"KNIGHT, STEVE",H4CA25123,C00554014,I,True,False,False,C,111813,0.45633861449175994,high_confidence_automatic,100.0,last_exact+first_match+token_overlap+scope_same_race,,1,MIT Election Data and Science Lab,Federal Election Commission
HOUSE_2018_CA_26_D_JULIA_BROWNLEY,2018,House,CA-26,CA,26,D,JULIA BROWNLEY,JULIA BROWNLEY,"BROWNLEY, JULIA",H2CA00120,C00513077,I,True,False,False,C,158216,0.6194201060189644,high_confidence_automatic,100.0,last_exact+first_match+token_overlap+scope_same_race,2.0,2,MIT Election Data and Science Lab,Federal Election Commission
HOUSE_2018_CA_26_R_ANTONIO_SABATO,2018,House,CA-26,CA,26,R,ANTONIO SABATO JR,ANTONIO SABATO JR,"SABATO, ANTONIO",H8CA26114,C00639690,C,False,True,False,C,97210,0.3805798939810356,high_confidence_automatic,100.0,last_exact+first_match+token_overlap+scope_same_race,2.0,4,MIT Election Data and Science Lab,Federal Election Commission
HOUSE_2018_CA_27_D_BRYAN_WITT,2018,House,CA-27,CA,27,D,BRYAN WITT,BRYAN WITT,"WITT, BRYAN",H8CA27112,C00654335,C,False,True,False,C,42132,0.20791961941609585,high_confidence_automatic,100.0,last_exact+first_match+token_overlap+scope_same_race,2.0,2,MIT Election Data and Science Lab,Federal Election Commission
HOUSE_2018_CA_27_D_JUDY_CHU,2018,House,CA-27,CA,27,D,JUDY CHU,JUDY CHU,"CHU, JUDY",H0CA32101,C00458125,I,True,False,False,C,160504,0.7920803805839042,high_confidence_automatic,100.0,last_exact+first_match+token_overlap+scope_same_race,2.0,2,MIT Election Data and Science Lab,Federal Election Commission
HOUSE_2018_CA_28_D_ADAM_B_SCHIFF,2018,House,CA-28,CA,28,D,ADAM B SCHIFF,ADAM B SCHIFF,"SCHIFF, ADAM",H0CA27085,C00343871,I,True,False,False,C,196662,0.7837200219978162,high_confidence_automatic,95.0,last_exact+first_match+token_overlap+scope_same_race,0.0,3,MIT Election Data and Science Lab,Federal Election Commission
HOUSE_2018_CA_28_R_JOHNNY_J_NALBANDIAN,2018,House,CA-28,CA,28,R,JOHNNY J NALBANDIAN,JOHNNY J NALBANDIAN,"NALBANDIAN, JOHNNY",H8CA28185,C00651547,C,False,True,False,C,54272,0.21627997800218385,high_confidence_automatic,95.0,last_exact+first_match+token_overlap+scope_same_race,,1,MIT Election Data and Science Lab,Federal Election Commission
HOUSE_2018_CA_29_D_TONY_CARDENAS,2018,House,CA-29,CA,29,D,TONY CARDENAS,TONY CARDENAS,"CARDENAS, TONY",H2CA28113,C00498873,I,True,False,False,C,124697,0.8060985700618002,high_confidence_automatic,100.0,last_exact+first_match+token_overlap+scope_same_race,0.0,2,MIT Election Data and Science Lab,Federal Election Commission
HOUSE_2018_CA_29_R_BENITO_BENNY_BERNAL,2018,House,CA-29,CA,29,R,BENITO BENNY BERNAL,BENITO BENNY BERNAL,"BERNAL, BENITO BENNY",H6CA29203,C00673772,C,False,True,False,C,29995,0.19390142993819978,high_confidence_automatic,100.0,last_exact+first_match+token_overlap+scope_same_race,,1,MIT Election Data and Science Lab,Federal Election Commission
HOUSE_2018_CA_3_D_JOHN_GARAMENDI,2018,House,CA-3,CA,3,D,JOHN GARAMENDI,JOHN GARAMENDI,"GARAMENDI, JOHN",H0CA10149,C00462697,I,True,False,False,C,134875,0.5807294694102502,high_confidence_automatic,100.0,last_exact+first_match+token_overlap+scope_same_race,0.0,2,MIT Election Data and Science Lab,Federal Election Commission
HOUSE_2018_CA_3_R_CHARLIE_SCHAUPP,2018,House,CA-3,CA,3,R,CHARLIE SCHAUPP,CHARLIE SCHAUPP,"SCHAUPP, CHARLES EUGENE",H6CA03067,C00673129,C,False,True,False,C,97376,0.4192705305897499,high_confidence_automatic,88.75,last_exact+first_match+scope_same_race,,1,MIT Election Data and Science Lab,Federal Election Commission
HOUSE_2018_CA_30_D_BRAD_SHERMAN,2018,House,CA-30,CA,30,D,BRAD SHERMAN,BRAD SHERMAN,"SHERMAN, BRAD",H6CA24113,C00308742,I,True,False,False,C,191573,0.7340158548313557,high_confidence_automatic,100.0,last_exact+first_match+token_overlap+scope_same_race,2.0,3,MIT Election Data and Science Lab,Federal Election Commission
HOUSE_2018_CA_30_R_MARK_S_REED,2018,House,CA-30,CA,30,R,MARK S REED,MARK S REED,"REED, MARK",H6CA30185,,C,False,True,False,N,69420,0.2659841451686444,high_confidence_automatic,95.0,last_exact+first_match+token_overlap+scope_same_race,0.0,2,MIT Election Data and Science Lab,Federal Election Commission
HOUSE_2018_CA_31_D_PETE_AGUILAR,2018,House,CA-31,CA,31,D,PETE AGUILAR,PETE AGUILAR,"AGUILAR, PETE",H2CA31125,C00510461,I,True,False,False,C,110143,0.5874449985332942,high_confidence_automatic,100.0,last_exact+first_match+token_overlap+scope_same_race,0.0,2,MIT Election Data and Science Lab,Federal Election Commission
HOUSE_2018_CA_31_R_SEAN_FLYNN,2018,House,CA-31,CA,31,R,SEAN FLYNN,SEAN FLYNN,"FLYNN, SEAN",H6CA31134,C00602722,C,False,True,False,C,77352,0.41255500146670576,high_confidence_automatic,100.0,last_exact+first_match+token_overlap+scope_same_race,,1,MIT Election Data and Science Lab,Federal Election Commission
HOUSE_2018_CA_32_D_GRACE_FLORES_NAPOLITANO,2018,House,CA-32,CA,32,D,GRACE FLORES NAPOLITANO,GRACE FLORES NAPOLITANO,"NAPOLITANO, GRACE",H8CA34068,C00334706,I,True,False,False,C,121759,0.6877834955459778,high_confidence_automatic,95.0,last_exact+first_match+token_overlap+scope_same_race,2.0,3,MIT Election Data and Science Lab,Federal Election Commission
HOUSE_2018_CA_32_R_JOSHUA_M_SCOTT,2018,House,CA-32,CA,32,R,JOSHUA M SCOTT,JOSHUA M SCOTT,"SCOTT, JOSHUA",H8CA32088,C00682179,C,False,True,False,C,55272,0.31221650445402216,high_confidence_automatic,95.0,last_exact+first_match+token_overlap+scope_same_race,,1,MIT Election Data and Science Lab,Federal Election Commission
HOUSE_2018_CA_33_D_TED_W_LIEU,2018,House,CA-33,CA,33,D,TED W LIEU,TED W LIEU,"LIEU, TED",H4CA33119,C00556506,I,True,False,False,C,219091,0.7002844722879243,high_confidence_automatic,95.0,last_exact+first_match+token_overlap+scope_same_race,0.0,2,MIT Election Data and Science Lab,Federal Election Commission
HOUSE_2018_CA_33_R_KENNETH_WESTON_WRIGHT,2018,House,CA-33,CA,33,R,KENNETH WESTON WRIGHT,KENNETH WESTON WRIGHT,"WRIGHT, KENNETH",H6CA33106,C00608430,C,False,True,False,C,93769,0.2997155277120757,high_confidence_automatic,95.0,last_exact+first_match+token_overlap+scope_same_race,,1,MIT Election Data and Science Lab,Federal Election Commission
HOUSE_2018_CA_34_D_JIMMY_GOMEZ,2018,House,CA-34,CA,34,D,JIMMY GOMEZ,JIMMY GOMEZ,"GOMEZ, JIMMY",H8CA34266,C00629659,I,True,False,False,C,110195,0.7254157176148408,high_confidence_automatic,100.0,last_exact+first_match+token_overlap+scope_same_race,2.0,9,MIT Election Data and Science Lab,Federal Election Commission
HOUSE_2018_CA_35_D_NORMA_J_TORRES,2018,House,CA-35,CA,35,D,NORMA J TORRES,NORMA J TORRES,"TORRES, NORMA",H4CA35031,C00557652,I,True,False,False,C,103420,0.6939821773674039,high_confidence_automatic,95.0,last_exact+first_match+token_overlap+scope_same_race,2.0,2,MIT Election Data and Science Lab,Federal Election Commission
HOUSE_2018_CA_35_R_CHRISTIAN_LEONEL_VALIENTE,2018,House,CA-35,CA,35,R,CHRISTIAN LEONEL VALIENTE,CHRISTIAN LEONEL VALIENTE,"VALIENTE, CHRISTIAN",H8CA35115,C00659243,C,False,True,False,N,45604,0.3060178226325961,high_confidence_automatic,95.0,last_exact+first_match+token_overlap+scope_same_race,,1,MIT Election Data and Science Lab,Federal Election Commission
HOUSE_2018_CA_36_D_RAUL_RUIZ,2018,House,CA-36,CA,36,D,RAUL RUIZ,RAUL RUIZ,"RUIZ, RAUL DR",H2CA36439,C00502575,I,True,False,False,C,122169,0.5901655974648323,high_confidence_automatic,100.0,last_exact+first_match+token_overlap+scope_same_race,,1,MIT Election Data and Science Lab,Federal Election Commission
HOUSE_2018_CA_36_R_KIMBERLIN_BROWN_PELZER,2018,House,CA-36,CA,36,R,KIMBERLIN BROWN PELZER,KIMBERLIN BROWN PELZER,"PELZER, KIMBERLIN BROWN",H8CA36170,C00657676,C,False,True,False,C,84839,0.40983440253516773,high_confidence_automatic,100.0,last_exact+first_match+token_overlap+scope_same_race,2.0,5,MIT Election Data and Science Lab,Federal Election Commission
HOUSE_2018_CA_37_D_KAREN_BASS,2018,House,CA-37,CA,37,D,KAREN BASS,KAREN BASS,"BASS, KAREN",H0CA33117,C00476523,I,True,False,False,C,210555,0.890755484858997,high_confidence_automatic,100.0,last_exact+first_match+token_overlap+scope_same_race,,1,MIT Election Data and Science Lab,Federal Election Commission
HOUSE_2018_CA_37_R_RON_J_BASSILIAN,2018,House,CA-37,CA,37,R,RON J BASSILIAN,RON J BASSILIAN,"BASSILIAN, RON",H8CA37293,C00652222,C,False,True,False,C,25823,0.10924451514100297,high_confidence_automatic,95.0,last_exact+first_match+token_overlap+scope_same_race,,1,MIT Election Data and Science Lab,Federal Election Commission
HOUSE_2018_CA_38_D_LINDA_T_SANCHEZ,2018,House,CA-38,CA,38,D,LINDA T SANCHEZ,LINDA T SANCHEZ,"SANCHEZ, LINDA",H2CA39078,C00384057,I,True,False,False,C,139188,0.6885177783493935,high_confidence_automatic,95.0,last_exact+first_match+token_overlap+scope_same_race,,1,MIT Election Data and Science Lab,Federal Election Commission
HOUSE_2018_CA_38_R_RYAN_DOWNING,2018,House,CA-38,CA,38,R,RYAN DOWNING,RYAN DOWNING,"DOWNING, RYAN",H4CA31105,,C,False,True,False,N,62968,0.31148222165060646,high_confidence_automatic,100.0,last_exact+first_match+token_overlap+scope_same_race,,1,MIT Election Data and Science Lab,Federal Election Commission
HOUSE_2018_CA_39_D_GIL_CISNEROS,2018,House,CA-39,CA,39,D,GIL CISNEROS,GIL CISNEROS,"CISNEROS, GILBERT",H8CA39174,C00650648,O,False,False,True,C,126002,0.5155712315819193,probable_automatic,72.0,last_exact+first_initial+scope_same_race,2.0,10,MIT Election Data and Science Lab,Federal Election Commission
HOUSE_2018_CA_39_R_YOUNG_KIM,2018,House,CA-39,CA,39,R,YOUNG KIM,YOUNG KIM,"KIM, YOUNG",H8CA39240,C00665638,O,False,False,True,C,118391,0.4844287684180807,high_confidence_automatic,100.0,last_exact+first_match+token_overlap+scope_same_race,2.0,8,MIT Election Data and Science Lab,Federal Election Commission
HOUSE_2018_CA_4_D_JESSICA_MORSE,2018,House,CA-4,CA,4,D,JESSICA MORSE,JESSICA MORSE,"MORSE, JESSICA",H8CA04210,C00650408,C,False,True,False,C,156253,0.4586853522929424,high_confidence_automatic,100.0,last_exact+first_match+token_overlap+scope_same_race,2.0,6,MIT Election Data and Science Lab,Federal Election Commission
HOUSE_2018_CA_4_R_TOM_MCCLINTOCK,2018,House,CA-4,CA,4,R,TOM MCCLINTOCK,TOM MCCLINTOCK,"MCCLINTOCK, THOMAS",H8CA04152,C00446815,I,True,False,False,C,184401,0.5413146477070576,high_confidence_automatic,90.0,last_exact+first_match+scope_same_race,2.0,2,MIT Election Data and Science Lab,Federal Election Commission
HOUSE_2018_CA_40_D_LUCILLE_ROYBAL_ALLARD,2018,House,CA-40,CA,40,D,LUCILLE ROYBAL-ALLARD,LUCILLE ROYBAL-ALLARD,"ROYBAL-ALLARD, LUCILLE",H2CA33048,C00259143,I,True,False,False,C,93938,0.7734769327042627,high_confidence_automatic,100.0,last_exact+first_match+token_overlap+scope_same_race,,1,MIT Election Data and Science Lab,Federal Election Commission
HOUSE_2018_CA_41_D_MARK_TAKANO,2018,House,CA-41,CA,41,D,MARK TAKANO,MARK TAKANO,"TAKANO, MARK",H2CA43245,C00498667,I,True,False,False,C,108227,0.6509973052307396,high_confidence_automatic,100.0,last_exact+first_match+token_overlap+scope_same_race,,1,MIT Election Data and Science Lab,Federal Election Commission
HOUSE_2018_CA_41_R_AJA_SMITH,2018,House,CA-41,CA,41,R,AJA SMITH,AJA SMITH,"SMITH, AJA",H8CA41170,C00635854,C,False,True,False,C,58021,0.3490026947692604,high_confidence_automatic,100.0,last_exact+first_match+token_overlap+scope_same_race,0.0,2,MIT Election Data and Science Lab,Federal Election Commission
HOUSE_2018_CA_42_D_JULIA_C_PEACOCK,2018,House,CA-42,CA,42,D,JULIA C PEACOCK,JULIA C PEACOCK,"PEACOCK, JULIA",H8CA42228,C00634014,C,False,True,False,C,100892,0.43500681234154837,high_confidence_automatic,95.0,last_exact+first_match+token_overlap+scope_same_race,2.0,3,MIT Election Data and Science Lab,Federal Election Commission
HOUSE_2018_CA_42_R_KEN_CALVERT,2018,House,CA-42,CA,42,R,KEN CALVERT,KEN CALVERT,"CALVERT, KENNETH S",H2CA37023,C00257337,I,True,False,False,C,131040,0.5649931876584516,probable_automatic,70.75,last_exact+first_initial+scope_same_race,,1,MIT Election Data and Science Lab,Federal Election Commission
HOUSE_2018_CA_43_D_MAXINE_WATERS,2018,House,CA-43,CA,43,D,MAXINE WATERS,MAXINE WATERS,"WATERS, MAXINE",H4CA23011,C00167585,I,True,False,False,C,152272,0.7766918980678595,high_confidence_automatic,100.0,last_exact+first_match+token_overlap+scope_same_race,0.0,2,MIT Election Data and Science Lab,Federal Election Commission
HOUSE_2018_CA_43_R_OMAR_NAVARRO,2018,House,CA-43,CA,43,R,OMAR NAVARRO,OMAR NAVARRO,"NAVARRO, OMAR",H6CA44145,C00592048,C,False,True,False,C,43780,0.22330810193214046,high_confidence_automatic,100.0,last_exact+first_match+token_overlap+scope_same_race,2.0,4,MIT Election Data and Science Lab,Federal Election Commission
HOUSE_2018_CA_44_D_AJA_L_BROWN,2018,House,CA-44,CA,44,D,AJA L BROWN,AJA L BROWN,"BROWN, AJA",H8CA44117,C00672436,C,False,True,False,C,45378,0.31661573240674845,high_confidence_automatic,95.0,last_exact+first_match+token_overlap+scope_same_race,2.0,3,MIT Election Data and Science Lab,Federal Election Commission
HOUSE_2018_CA_44_D_NANETTE_DIAZ_BARRAGAN,2018,House,CA-44,CA,44,D,NANETTE DIAZ BARRAGAN,NANETTE DIAZ BARRAGAN,"BARRAGAN, NANETTE",H6CA44103,C00577353,I,True,False,False,C,97944,0.6833842675932515,high_confidence_automatic,95.0,last_exact+first_match+token_overlap+scope_same_race,2.0,3,MIT Election Data and Science Lab,Federal Election Commission
HOUSE_2018_CA_45_D_KATIE_PORTER,2018,House,CA-45,CA,45,D,KATIE PORTER,KATIE PORTER,"PORTER, KATHERINE",H8CA45130,C00636571,C,False,True,False,C,158906,0.5205100740609717,high_confidence_automatic,90.0,last_exact+first_match+scope_same_race,2.0,7,MIT Election Data and Science Lab,Federal Election Commission
HOUSE_2018_CA_45_R_MIMI_WALTERS,2018,House,CA-45,CA,45,R,MIMI WALTERS,MIMI WALTERS,"WALTERS, MIMI",H4CA45097,C00546853,I,True,False,False,C,146383,0.4794899259390283,high_confidence_automatic,100.0,last_exact+first_match+token_overlap+scope_same_race,,1,MIT Election Data and Science Lab,Federal Election Commission
HOUSE_2018_CA_46_D_LOU_CORREA,2018,House,CA-46,CA,46,D,LOU CORREA,LOU CORREA,"CORREA, JOSE",H6CA46116,C00578302,I,True,False,False,C,102278,0.6914600178479677,review_required,50.0,last_exact+first_mismatch+scope_same_race,,1,MIT Election Data and Science Lab,Federal Election Commission
HOUSE_2018_CA_46_R_RUSSELL_RENE_LAMBERT,2018,House,CA-46,CA,46,R,RUSSELL RENE LAMBERT,RUSSELL RENE LAMBERT,"LAMBERT, RUSSELL RENE",H8CA46120,C00667972,C,False,True,False,N,45638,0.3085399821520322,high_confidence_automatic,100.0,last_exact+first_match+token_overlap+scope_same_race,,1,MIT Election Data and Science Lab,Federal Election Commission
HOUSE_2018_CA_47_D_ALAN_LOWENTHAL,2018,House,CA-47,CA,47,D,ALAN LOWENTHAL,ALAN LOWENTHAL,"LOWENTHAL, ALAN",H2CA00104,C00498212,I,True,False,False,C,143354,0.6485549865180332,high_confidence_automatic,100.0,last_exact+first_match+token_overlap+scope_same_race,,1,MIT Election Data and Science Lab,Federal Election Commission
HOUSE_2018_CA_47_R_JOHN_BRISCOE,2018,House,CA-47,CA,47,R,JOHN BRISCOE,JOHN BRISCOE,"BRISCOE, JOHN",H8CA47078,C00671784,C,False,True,False,C,77682,0.3514450134819667,high_confidence_automatic,100.0,last_exact+first_match+token_overlap+scope_same_race,2.0,2,MIT Election Data and Science Lab,Federal Election Commission
HOUSE_2018_CA_48_D_HARLEY_ROUDA,2018,House,CA-48,CA,48,D,HARLEY ROUDA,HARLEY ROUDA,"ROUDA, HARLEY E JR",H8CA48035,C00633982,C,False,True,False,C,157837,0.5355199229140655,high_confidence_automatic,95.0,last_exact+first_match+token_overlap+scope_same_race,2.0,10,MIT Election Data and Science Lab,Federal Election Commission
HOUSE_2018_CA_48_R_DANA_ROHRABACHER,2018,House,CA-48,CA,48,R,DANA ROHRABACHER,DANA ROHRABACHER,"ROHRABACHER, DANA",H8CA42061,C00224691,I,True,False,False,C,136899,0.46448007708593453,high_confidence_automatic,100.0,last_exact+first_match+token_overlap+scope_same_race,2.0,6,MIT Election Data and Science Lab,Federal Election Commission
HOUSE_2018_CA_49_D_MIKE_LEVIN,2018,House,CA-49,CA,49,D,MIKE LEVIN,MIKE LEVIN,"LEVIN, MIKE",H8CA49058,C00634253,O,False,False,True,C,166453,0.5641900823645053,high_confidence_automatic,100.0,last_exact+first_match+token_overlap+scope_same_race,2.0,5,MIT Election Data and Science Lab,Federal Election Commission
HOUSE_2018_CA_49_R_DIANE_L_HARKEY,2018,House,CA-49,CA,49,R,DIANE L HARKEY,DIANE L HARKEY,"HARKEY, DIANE",H8CA49082,C00665513,O,False,False,True,C,128577,0.4358099176354947,high_confidence_automatic,95.0,last_exact+first_match+token_overlap+scope_same_race,2.0,9,MIT Election Data and Science Lab,Federal Election Commission
HOUSE_2018_CA_5_D_MIKE_THOMPSON,2018,House,CA-5,CA,5,D,MIKE THOMPSON,MIKE THOMPSON,"THOMPSON, MIKE MR.",H8CA01109,C00326363,I,True,False,False,C,205860,0.788681240374227,high_confidence_automatic,100.0,last_exact+first_match+token_overlap+scope_same_race,,1,MIT Election Data and Science Lab,Federal Election Commission
HOUSE_2018_CA_50_D_AMMAR_CAMPA_NAJJAR,2018,House,CA-50,CA,50,D,AMMAR CAMPA-NAJJAR,AMMAR CAMPA-NAJJAR,"CAMPA-NAJJAR, AMMAR",H8CA50098,C00635888,C,False,True,False,C,125448,0.4828451560755937,high_confidence_automatic,100.0,last_exact+first_match+token_overlap+scope_same_race,2.0,5,MIT Election Data and Science Lab,Federal Election Commission
HOUSE_2018_CA_50_R_DUNCAN_HUNTER,2018,House,CA-50,CA,50,R,DUNCAN HUNTER,DUNCAN HUNTER,"HUNTER, DUNCAN D",H8CA52052,C00433524,I,True,False,False,C,134362,0.5171548439244062,high_confidence_automatic,95.0,last_exact+first_match+token_overlap+scope_same_race,2.0,4,MIT Election Data and Science Lab,Federal Election Commission
HOUSE_2018_CA_51_D_JUAN_VARGAS,2018,House,CA-51,CA,51,D,JUAN VARGAS,JUAN VARGAS,"VARGAS, JUAN CARLOS",H2CA50026,C00497321,I,True,False,False,C,109527,0.7120095171230205,high_confidence_automatic,95.0,last_exact+first_match+token_overlap+scope_same_race,,1,MIT Election Data and Science Lab,Federal Election Commission
HOUSE_2018_CA_51_R_JUAN_M_HIDALGO,2018,House,CA-51,CA,51,R,JUAN M HIDALGO JR,JUAN M HIDALGO JR,"HIDALGO, JUAN",H8CA51062,C00672451,C,False,True,False,C,44301,0.2879904828769795,high_confidence_automatic,95.0,last_exact+first_match+token_overlap+scope_same_race,2.0,3,MIT Election Data and Science Lab,Federal Election Commission
HOUSE_2018_CA_52_D_SCOTT_PETERS,2018,House,CA-52,CA,52,D,SCOTT PETERS,SCOTT PETERS,"PETERS, SCOTT",H2CA52089,C00503110,I,True,False,False,C,188992,0.6384713875009712,high_confidence_automatic,100.0,last_exact+first_match+token_overlap+scope_same_race,0.0,2,MIT Election Data and Science Lab,Federal Election Commission
HOUSE_2018_CA_52_R_OMAR_QUDRAT,2018,House,CA-52,CA,52,R,OMAR QUDRAT,OMAR QUDRAT,"QUDRAT, OMAR",H8CA52102,C00647875,C,False,True,False,C,107015,0.36152861249902873,high_confidence_automatic,100.0,last_exact+first_match+token_overlap+scope_same_race,2.0,6,MIT Election Data and Science Lab,Federal Election Commission
HOUSE_2018_CA_53_D_SUSAN_A_DAVIS,2018,House,CA-53,CA,53,D,SUSAN A DAVIS,SUSAN A DAVIS,"DAVIS, SUSAN A",H0CA49055,C00344671,I,True,False,False,C,185667,0.6907408647514454,high_confidence_automatic,100.0,last_exact+first_match+token_overlap+scope_same_race,,1,MIT Election Data and Science Lab,Federal Election Commission
HOUSE_2018_CA_53_R_MORGAN_MURTAUGH,2018,House,CA-53,CA,53,R,MORGAN MURTAUGH,MORGAN MURTAUGH,"MURTAUGH, MORGAN",H8CA53084,C00672824,C,False,True,False,C,83127,0.30925913524855464,high_confidence_automatic,100.0,last_exact+first_match+token_overlap+scope_same_race,2.0,4,MIT Election Data and Science Lab,Federal Election Commission
HOUSE_2018_CA_6_D_DORIS_MATSUI,2018,House,CA-6,CA,6,D,DORIS MATSUI,DORIS MATSUI,"MATSUI, DORIS",H6CA05195,C00409219,I,True,False,False,C,162411,0.8042577213911132,high_confidence_automatic,100.0,last_exact+first_match+token_overlap+scope_same_race,0.0,3,MIT Election Data and Science Lab,Federal Election Commission
HOUSE_2018_CA_6_D_JRMAR_JEFFERSON,2018,House,CA-6,CA,6,D,JRMAR JEFFERSON,JRMAR JEFFERSON,"JEFFERSON, JRMAR",H8CA06090,C00684753,C,False,True,False,N,39528,0.19574227860888685,high_confidence_automatic,100.0,last_exact+first_match+token_overlap+scope_same_race,50.0,3,MIT Election Data and Science Lab,Federal Election Commission
HOUSE_2018_CA_7_D_AMI_BERA,2018,House,CA-7,CA,7,D,AMI BERA,AMI BERA,"BERA, AMERISH",H0CA03078,C00461061,I,True,False,False,C,155016,0.550449724270907,probable_automatic,72.0,last_exact+first_initial+scope_same_race,0.0,2,MIT Election Data and Science Lab,Federal Election Commission
HOUSE_2018_CA_7_R_ANDREW_GRANT,2018,House,CA-7,CA,7,R,ANDREW GRANT,ANDREW GRANT,"GRANT, ANDREW",H8CA07056,C00649400,C,False,True,False,C,126601,0.44955027572909306,high_confidence_automatic,100.0,last_exact+first_match+token_overlap+scope_same_race,2.0,3,MIT Election Data and Science Lab,Federal Election Commission
HOUSE_2018_CA_8_R_PAUL_COOK,2018,House,CA-8,CA,8,R,PAUL COOK,PAUL COOK,"COOK, PAUL",H2CA08164,C00512202,I,True,False,False,C,102415,0.5996721023509091,high_confidence_automatic,100.0,last_exact+first_match+token_overlap+scope_same_race,2.0,3,MIT Election Data and Science Lab,Federal Election Commission
HOUSE_2018_CA_8_R_TIM_DONNELLY,2018,House,CA-8,CA,8,R,TIM DONNELLY,TIM DONNELLY,"DONNELLY, TIM",H6CA08207,C00611673,C,False,True,False,N,68370,0.40032789764909094,high_confidence_automatic,100.0,last_exact+first_match+token_overlap+scope_same_race,90.75,3,MIT Election Data and Science Lab,Federal Election Commission
HOUSE_2018_CA_9_D_JERRY_MCNERNEY,2018,House,CA-9,CA,9,D,JERRY MCNERNEY,JERRY MCNERNEY,"MCNERNEY, GERALD MARK",H4CA11081,C00398644,I,True,False,False,C,113414,0.5649148498478306,review_required,48.75,last_exact+first_mismatch+scope_same_race,,1,MIT Election Data and Science Lab,Federal Election Commission
HOUSE_2018_CA_9_R_MARLA_LIVENGOOD,2018,House,CA-9,CA,9,R,MARLA LIVENGOOD,MARLA LIVENGOOD,"LIVENGOOD, MARLA",H8CA09144,C00660852,C,False,True,False,C,87349,0.4350851501521695,high_confidence_automatic,100.0,last_exact+first_match+token_overlap+scope_same_race,0.0,2,MIT Election Data and Science Lab,Federal Election Commission
HOUSE_2018_CO_1_D_DIANA_DEGETTE,2018,House,CO-1,CO,1,D,DIANA DEGETTE,DIANA DEGETTE,"DEGETTE, DIANA L.",H6CO01141,C00311639,I,True,False,False,C,272886,0.738142188248087,high_confidence_automatic,95.0,last_exact+first_match+token_overlap+scope_same_race,2.0,4,MIT Election Data and Science Lab,Federal Election Commission
HOUSE_2018_CO_1_R_CHARLES_CASPER_STOCKHAM,2018,House,CO-1,CO,1,R,CHARLES CASPER STOCKHAM,CHARLES CASPER STOCKHAM,"STOCKHAM, CHARLES (CASPER) WESLEY",H8CO01162,C00665588,C,False,True,False,C,85207,0.23048042565047214,high_confidence_automatic,92.5,last_exact+first_match+token_overlap+scope_same_race,0.0,2,MIT Election Data and Science Lab,Federal Election Commission
HOUSE_2018_CO_2_D_JOE_NEGUSE,2018,House,CO-2,CO,2,D,JOE NEGUSE,JOE NEGUSE,"NEGUSE, JOSEPH",H8CO02160,C00648253,O,False,False,True,C,259608,0.6028786802101186,high_confidence_automatic,90.0,last_exact+first_match+scope_same_race,2.0,6,MIT Election Data and Science Lab,Federal Election Commission
HOUSE_2018_CO_2_R_PETER_YU,2018,House,CO-2,CO,2,R,PETER YU,PETER YU,"YU, PETER",H8CO02251,C00661678,O,False,False,True,C,144901,0.3364985810958306,high_confidence_automatic,100.0,last_exact+first_match+token_overlap+scope_same_race,,1,MIT Election Data and Science Lab,Federal Election Commission
HOUSE_2018_CO_3_D_DIANE_MITSCH_BUSH,2018,House,CO-3,CO,3,D,DIANE MITSCH BUSH,DIANE MITSCH BUSH,"MITSCH BUSH, DIANE MS.",H8CO03192,C00649459,C,False,True,False,C,146426,0.43554667166385574,high_confidence_automatic,100.0,last_exact+first_match+token_overlap+scope_same_race,2.0,5,MIT Election Data and Science Lab,Federal Election Commission
HOUSE_2018_CO_3_R_SCOTT_R_TIPTON,2018,House,CO-3,CO,3,R,SCOTT R TIPTON,SCOTT R TIPTON,"TIPTON, SCOTT R.",H6CO03139,C00470757,I,True,False,False,C,173205,0.515201270713795,high_confidence_automatic,100.0,last_exact+first_match+token_overlap+scope_same_race,,1,MIT Election Data and Science Lab,Federal Election Commission
HOUSE_2018_CO_4_D_KAREN_MCCORMICK,2018,House,CO-4,CO,4,D,KAREN MCCORMICK,KAREN MCCORMICK,"MCCORMICK, KAREN A DVM",H8CO04091,C00648006,C,False,True,False,C,145544,0.39380705770302665,high_confidence_automatic,92.5,last_exact+first_match+token_overlap+scope_same_race,2.0,5,MIT Election Data and Science Lab,Federal Election Commission
HOUSE_2018_CO_4_R_KEN_BUCK,2018,House,CO-4,CO,4,R,KEN BUCK,KEN BUCK,"BUCK, KENNETH R",H4CO04090,C00573378,I,True,False,False,C,224038,0.6061929422969733,probable_automatic,70.75,last_exact+first_initial+scope_same_race,2.0,2,MIT Election Data and Science Lab,Federal Election Commission
HOUSE_2018_CO_5_D_STEPHANY_ROSE_SPAULDING,2018,House,CO-5,CO,5,D,STEPHANY ROSE SPAULDING,STEPHANY ROSE SPAULDING,"SPAULDING, STEPHANY ROSE",H8CO05130,C00649038,C,False,True,False,C,126848,0.3931503665018829,high_confidence_automatic,100.0,last_exact+first_match+token_overlap+scope_same_race,2.0,4,MIT Election Data and Science Lab,Federal Election Commission
HOUSE_2018_CO_5_R_DOUG_LAMBORN,2018,House,CO-5,CO,5,R,DOUG LAMBORN,DOUG LAMBORN,"LAMBORN, DOUGLAS",H6CO05159,C00420745,I,True,False,False,C,184002,0.5702924266608812,probable_automatic,72.0,last_exact+first_initial+scope_same_race,2.0,5,MIT Election Data and Science Lab,Federal Election Commission
HOUSE_2018_CO_6_D_JASON_CROW,2018,House,CO-6,CO,6,D,JASON CROW,JASON CROW,"CROW, JASON",H8CO06229,C00637363,C,False,True,False,C,187639,0.5410317256651203,high_confidence_automatic,100.0,last_exact+first_match+token_overlap+scope_same_race,2.0,6,MIT Election Data and Science Lab,Federal Election Commission
HOUSE_2018_CO_6_R_MIKE_COFFMAN,2018,House,CO-6,CO,6,R,MIKE COFFMAN,MIKE COFFMAN,"COFFMAN, MIKE REP.",H8CO06138,C00629287,I,True,False,False,C,148685,0.42871312536582695,high_confidence_automatic,95.0,last_exact+first_match+token_overlap+scope_same_race,2.0,3,MIT Election Data and Science Lab,Federal Election Commission
HOUSE_2018_CO_7_D_ED_PERLMUTTER,2018,House,CO-7,CO,7,D,ED PERLMUTTER,ED PERLMUTTER,"PERLMUTTER, EDWIN G",H6CO07023,C00410639,I,True,False,False,C,204260,0.6043087992520842,probable_automatic,70.75,last_exact+first_initial+scope_same_race,2.0,7,MIT Election Data and Science Lab,Federal Election Commission
HOUSE_2018_CO_7_R_MARK_BARRINGTON,2018,House,CO-7,CO,7,R,MARK BARRINGTON,MARK BARRINGTON,"BARRINGTON, MARK",H8CO07094,C00670505,C,False,True,False,C,119734,0.3542363153316805,high_confidence_automatic,100.0,last_exact+first_match+token_overlap+scope_same_race,,1,MIT Election Data and Science Lab,Federal Election Commission
HOUSE_2018_CT_1_D_JOHN_B_LARSON,2018,House,CT-1,CT,1,D,JOHN B LARSON,JOHN B LARSON,"LARSON, JOHN B",H8CT01046,C00330142,I,True,False,False,C,166155,0.6060954256949004,high_confidence_automatic,100.0,last_exact+first_match+token_overlap+scope_same_race,,1,MIT Election Data and Science Lab,Federal Election Commission
HOUSE_2018_CT_1_R_JENNIFER_T_NYE,2018,House,CT-1,CT,1,R,JENNIFER T NYE,JENNIFER T NYE,"NYE, JENNIFER T.",H8CT01145,,C,False,True,False,N,96024,0.3502735828408842,high_confidence_automatic,100.0,last_exact+first_match+token_overlap+scope_same_race,0.0,2,MIT Election Data and Science Lab,Federal Election Commission
HOUSE_2018_CT_2_D_JOE_COURTNEY,2018,House,CT-2,CT,2,D,JOE COURTNEY,JOE COURTNEY,"COURTNEY, JOSEPH D",H2CT02112,C00410233,I,True,False,False,C,167659,0.5799061961717523,high_confidence_automatic,88.75,last_exact+first_match+scope_same_race,,1,MIT Election Data and Science Lab,Federal Election Commission
HOUSE_2018_CT_2_R_DANNY_POSTEMSKI,2018,House,CT-2,CT,2,R,DANNY POSTEMSKI JR,DANNY POSTEMSKI JR,"POSTEMSKI, DANNY FRANK MR JR",H8CT02101,C00676098,C,False,True,False,N,102483,0.35447263017356473,high_confidence_automatic,95.0,last_exact+first_match+token_overlap+scope_same_race,0.0,2,MIT Election Data and Science Lab,Federal Election Commission
HOUSE_2018_CT_3_D_ROSA_L_DELAURO,2018,House,CT-3,CT,3,D,ROSA L DELAURO,ROSA L DELAURO,"DELAURO, ROSA L",H0CT03072,C00238865,I,True,False,False,C,163211,0.6039505770817684,high_confidence_automatic,100.0,last_exact+first_match+token_overlap+scope_same_race,2.0,2,MIT Election Data and Science Lab,Federal Election Commission
HOUSE_2018_CT_3_R_ANGEL_CADENA,2018,House,CT-3,CT,3,R,ANGEL CADENA,ANGEL CADENA,"CADENA JR, ANGEL LUIS",H6CT03145,C00617431,C,False,True,False,N,95667,0.354008858824966,high_confidence_automatic,95.0,last_exact+first_match+token_overlap+scope_same_race,,1,MIT Election Data and Science Lab,Federal Election Commission
HOUSE_2018_CT_4_D_JIM_HIMES,2018,House,CT-4,CT,4,D,JIM HIMES,JIM HIMES,"HIMES, JIM",H8CT04172,C00434191,I,True,False,False,C,168726,0.6121000830760636,high_confidence_automatic,100.0,last_exact+first_match+token_overlap+scope_same_race,,1,MIT Election Data and Science Lab,Federal Election Commission
HOUSE_2018_CT_4_R_HARRY_ARORA,2018,House,CT-4,CT,4,R,HARRY ARORA,HARRY ARORA,"ARORA, HARRY",H8CT04214,C00664151,C,False,True,False,C,103175,0.37429575804187176,high_confidence_automatic,100.0,last_exact+first_match+token_overlap+scope_same_race,,1,MIT Election Data and Science Lab,Federal Election Commission
HOUSE_2018_CT_5_D_JAHANA_HAYES,2018,House,CT-5,CT,5,D,JAHANA HAYES,JAHANA HAYES,"HAYES, JAHANA",H8CT05245,C00677898,O,False,False,True,C,142901,0.5279645612272043,high_confidence_automatic,100.0,last_exact+first_match+token_overlap+scope_same_race,2.0,6,MIT Election Data and Science Lab,Federal Election Commission
HOUSE_2018_CT_5_R_MANNY_SANTOS,2018,House,CT-5,CT,5,R,MANNY SANTOS,MANNY SANTOS,"SANTOS, MANNY",H8CT05187,C00673467,O,False,False,True,C,115146,0.4254204474920935,high_confidence_automatic,100.0,last_exact+first_match+token_overlap+scope_same_race,2.0,6,MIT Election Data and Science Lab,Federal Election Commission
HOUSE_2018_DE_AL_D_LISA_BLUNT_ROCHESTER,2018,House,DE-AL,DE,AL,D,LISA BLUNT ROCHESTER,LISA BLUNT ROCHESTER,"BLUNT ROCHESTER, LISA",H6DE00206,C00590778,I,True,False,False,C,227353,0.6445396995495227,high_confidence_automatic,100.0,last_exact+first_match+token_overlap+scope_same_race,2.0,2,MIT Election Data and Science Lab,Federal Election Commission
HOUSE_2018_DE_AL_R_SCOTT_WALKER,2018,House,DE-AL,DE,AL,R,SCOTT WALKER,SCOTT WALKER,"WALKER, SCOTT",H6DE00214,,C,False,True,False,N,125384,0.3554603004504773,high_confidence_automatic,100.0,last_exact+first_match+token_overlap+scope_same_race,2.0,2,MIT Election Data and Science Lab,Federal Election Commission
HOUSE_2018_FL_1_D_JENNIFER_M_ZIMMERMAN,2018,House,FL-1,FL,1,D,JENNIFER M ZIMMERMAN,JENNIFER M ZIMMERMAN,"ZIMMERMAN, JENNIFER MIJARES DR.",H8FL01115,C00668715,C,False,True,False,C,106199,0.32941362581733813,high_confidence_automatic,92.5,last_exact+first_match+token_overlap+scope_same_race,2.0,2,MIT Election Data and Science Lab,Federal Election Commission
HOUSE_2018_FL_1_R_MATT_GAETZ,2018,House,FL-1,FL,1,R,MATT GAETZ,MATT GAETZ,"GAETZ, MATT",H6FL01119,C00612432,I,True,False,False,C,216189,0.6705863741826619,high_confidence_automatic,100.0,last_exact+first_match+token_overlap+scope_same_race,2.0,3,MIT Election Data and Science Lab,Federal Election Commission
HOUSE_2018_FL_10_D_VAL_DEMINGS,2018,House,FL-10,FL,10,D,VAL DEMINGS,VAL DEMINGS,"DEMINGS, VALDEZ VAL",H2FL08063,C00590489,I,True,False,False,C,1,1.0,high_confidence_automatic,92.0,last_exact+alternate_given_name_match+token_overlap+scope_same_race,2.0,2,MIT Election Data and Science Lab,Federal Election Commission
HOUSE_2018_FL_11_D_DANA_COTTRELL,2018,House,FL-11,FL,11,D,DANA COTTRELL,DANA COTTRELL,"COTTRELL, DANA",H8FL11130,C00673145,C,False,True,False,C,128053,0.3484378486337638,high_confidence_automatic,100.0,last_exact+first_match+token_overlap+scope_same_race,0.0,4,MIT Election Data and Science Lab,Federal Election Commission
HOUSE_2018_FL_11_R_DANIEL_WEBSTER,2018,House,FL-11,FL,11,R,DANIEL WEBSTER,DANIEL WEBSTER,"WEBSTER, DANIEL",H0FL08208,C00481911,I,True,False,False,C,239395,0.6514043308136466,high_confidence_automatic,100.0,last_exact+first_match+token_overlap+scope_same_race,,1,MIT Election Data and Science Lab,Federal Election Commission
HOUSE_2018_FL_12_D_CHRIS_HUNTER,2018,House,FL-12,FL,12,D,CHRIS HUNTER,CHRIS HUNTER,"HUNTER, CHRISTOPHER J.",H8FL12088,C00664417,C,False,True,False,C,132844,0.39664634328402776,high_confidence_automatic,88.75,last_exact+first_match+scope_same_race,2.0,5,MIT Election Data and Science Lab,Federal Election Commission
HOUSE_2018_FL_12_R_GUS_MICHAEL_BILIRAKIS,2018,House,FL-12,FL,12,R,GUS MICHAEL BILIRAKIS,GUS MICHAEL BILIRAKIS,"BILIRAKIS, GUS M",H6FL09070,C00408534,I,True,False,False,C,194564,0.5809302575555808,high_confidence_automatic,92.5,last_exact+first_match+token_overlap+scope_same_race,,1,MIT Election Data and Science Lab,Federal Election Commission
HOUSE_2018_FL_13_D_CHARLIE_CRIST,2018,House,FL-13,FL,13,D,CHARLIE CRIST,CHARLIE CRIST,"CRIST, CHARLIE JOSEPH",H6FL13205,C00590067,I,True,False,False,C,182717,0.5764470566707995,high_confidence_automatic,95.0,last_exact+first_match+token_overlap+scope_same_race,,1,MIT Election Data and Science Lab,Federal Election Commission
HOUSE_2018_FL_13_R_GEORGE_BUCK,2018,House,FL-13,FL,13,R,GEORGE BUCK,GEORGE BUCK,"BUCK, GEORGE WILLIAM PHD",H8FL13136,C00667808,C,False,True,False,C,134254,0.42355294332920046,high_confidence_automatic,92.5,last_exact+first_match+token_overlap+scope_same_race,2.0,2,MIT Election Data and Science Lab,Federal Election Commission
HOUSE_2018_FL_14_D_KATHY_CASTOR,2018,House,FL-14,FL,14,D,KATHY CASTOR,KATHY CASTOR,"CASTOR, KATHY",H6FL11126,C00410761,I,True,False,False,C,1,1.0,high_confidence_automatic,100.0,last_exact+first_match+token_overlap+scope_same_race,0.0,2,MIT Election Data and Science Lab,Federal Election Commission
HOUSE_2018_FL_15_D_KRISTEN_CARLSON,2018,House,FL-15,FL,15,D,KRISTEN CARLSON,KRISTEN CARLSON,"CARLSON, KRISTEN",H8FL15271,C00677096,O,False,False,True,C,134132,0.46976170796968464,high_confidence_automatic,100.0,last_exact+first_match+token_overlap+scope_same_race,2.0,8,MIT Election Data and Science Lab,Federal Election Commission
HOUSE_2018_FL_15_R_ROSS_SPANO,2018,House,FL-15,FL,15,R,ROSS SPANO,ROSS SPANO,"SPANO, VINCENT ROSS",H8FL15230,C00676668,O,False,False,True,C,151380,0.5301682473418041,high_confidence_automatic,92.0,last_exact+alternate_given_name_match+token_overlap+scope_same_race,2.0,9,MIT Election Data and Science Lab,Federal Election Commission
HOUSE_2018_FL_16_D_DAVID_SHAPIRO,2018,House,FL-16,FL,16,D,DAVID SHAPIRO,DAVID SHAPIRO,"SHAPIRO, M. DAVID",H8FL16055,C00658419,C,False,True,False,C,164463,0.45438546081459663,high_confidence_automatic,92.0,last_exact+alternate_given_name_match+token_overlap+scope_same_race,2.0,3,MIT Election Data and Science Lab,Federal Election Commission
HOUSE_2018_FL_16_R_VERN_BUCHANAN,2018,House,FL-16,FL,16,R,VERN BUCHANAN,VERN BUCHANAN,"BUCHANAN, VERNON",H6FL13148,C00412759,I,True,False,False,C,197483,0.5456145391854034,probable_automatic,72.0,last_exact+first_initial+scope_same_race,0.0,2,MIT Election Data and Science Lab,Federal Election Commission
HOUSE_2018_FL_17_D_ALLEN_ELLISON,2018,House,FL-17,FL,17,D,ALLEN ELLISON,ALLEN ELLISON,"ELLISON, ALLEN L",H4FL17037,C00574236,C,False,True,False,N,117194,0.37741208295761947,review_required,95.0,last_exact+first_match+token_overlap+scope_same_race,95.0,4,MIT Election Data and Science Lab,Federal Election Commission
HOUSE_2018_FL_17_R_GREG_STEUBE,2018,House,FL-17,FL,17,R,GREG STEUBE,GREG STEUBE,"STEUBE, W. GREG",H8FL17053,C00671891,O,False,False,True,C,193326,0.6225879170423805,high_confidence_automatic,92.0,last_exact+alternate_given_name_match+token_overlap+scope_same_race,2.0,6,MIT Election Data and Science Lab,Federal Election Commission
HOUSE_2018_FL_18_D_LAUREN_BAER,2018,House,FL-18,FL,18,D,LAUREN BAER,LAUREN BAER,"BAER, LAUREN",H8FL18028,C00652594,C,False,True,False,C,156454,0.4569881323406132,high_confidence_automatic,100.0,last_exact+first_match+token_overlap+scope_same_race,2.0,2,MIT Election Data and Science Lab,Federal Election Commission
HOUSE_2018_FL_18_R_BRIAN_MAST,2018,House,FL-18,FL,18,R,BRIAN MAST,BRIAN MAST,"MAST, BRIAN",H6FL18097,C00632257,I,True,False,False,C,185905,0.5430118676593868,high_confidence_automatic,100.0,last_exact+first_match+token_overlap+scope_same_race,2.0,3,MIT Election Data and Science Lab,Federal Election Commission
HOUSE_2018_FL_19_D_DAVID_HOLDEN,2018,House,FL-19,FL,19,D,DAVID HOLDEN,DAVID HOLDEN,"HOLDEN, DAVID",H8FL19067,C00649079,C,False,True,False,C,128106,0.37721837300173433,high_confidence_automatic,100.0,last_exact+first_match+token_overlap+scope_same_race,2.0,3,MIT Election Data and Science Lab,Federal Election Commission
HOUSE_2018_FL_19_R_FRANCIS_ROONEY,2018,House,FL-19,FL,19,R,FRANCIS ROONEY,FRANCIS ROONEY,"ROONEY, FRANCIS",H6FL19087,C00618223,I,True,False,False,C,211465,0.6226756221161519,high_confidence_automatic,100.0,last_exact+first_match+token_overlap+scope_same_race,,1,MIT Election Data and Science Lab,Federal Election Commission
HOUSE_2018_FL_2_D_BOB_RACKLEFF,2018,House,FL-2,FL,2,D,BOB RACKLEFF,BOB RACKLEFF,"RACKLEFF, ROBERT BRUCE",H8FL02097,C00648519,C,False,True,False,C,96233,0.32558666702755373,high_confidence_automatic,88.75,last_exact+first_match+scope_same_race,2.0,2,MIT Election Data and Science Lab,Federal Election Commission
HOUSE_2018_FL_2_R_NEAL_DUNN,2018,House,FL-2,FL,2,R,NEAL DUNN,NEAL DUNN,"DUNN, NEAL PATRICK MD, FACS",H6FL02208,C00582304,I,True,False,False,C,199335,0.6744133329724463,high_confidence_automatic,91.0,last_exact+first_match+scope_same_race,0.0,2,MIT Election Data and Science Lab,Federal Election Commission
HOUSE_2018_FL_20_D_ALCEE_L_HASTINGS,2018,House,FL-20,FL,20,D,ALCEE L HASTINGS,ALCEE L HASTINGS,"HASTINGS, ALCEE L",H2FL23021,C00269837,I,True,False,False,C,202659,0.9991864868062951,high_confidence_automatic,100.0,last_exact+first_match+token_overlap+scope_same_race,2.0,2,MIT Election Data and Science Lab,Federal Election Commission
HOUSE_2018_FL_21_D_LOIS_FRANKEL,2018,House,FL-21,FL,21,D,LOIS FRANKEL,LOIS FRANKEL,"FRANKEL, LOIS J.",H2FL14053,C00494856,I,True,False,False,C,1,1.0,high_confidence_automatic,95.0,last_exact+first_match+token_overlap+scope_same_race,,1,MIT Election Data and Science Lab,Federal Election Commission
HOUSE_2018_FL_22_D_TED_DEUTCH,2018,House,FL-22,FL,22,D,TED DEUTCH,TED DEUTCH,"DEUTCH, THEODORE ELIOT",H0FL19080,C00469163,I,True,False,False,C,184634,0.6202369634812871,probable_automatic,70.75,last_exact+first_initial+scope_same_race,2.0,2,MIT Election Data and Science Lab,Federal Election Commission
HOUSE_2018_FL_22_R_NICOLAS_KIMAZ,2018,House,FL-22,FL,22,R,NICOLAS KIMAZ,NICOLAS KIMAZ,"KIMAZ, NICOLAS T MR.",H8FL22061,C00661629,C,False,True,False,C,113049,0.37976303651871285,high_confidence_automatic,95.0,last_exact+first_match+token_overlap+scope_same_race,2.0,4,MIT Election Data and Science Lab,Federal Election Commission
HOUSE_2018_FL_23_D_DEBBIE_WASSERMAN_SCHULTZ,2018,House,FL-23,FL,23,D,DEBBIE WASSERMAN SCHULTZ,DEBBIE WASSERMAN SCHULTZ,"WASSERMAN SCHULTZ, DEBBIE",H4FL20023,C00385773,I,True,False,False,C,161611,0.5847716434004183,high_confidence_automatic,100.0,last_exact+first_match+token_overlap+scope_same_race,0.0,2,MIT Election Data and Science Lab,Federal Election Commission
HOUSE_2018_FL_23_R_JOSEPH_JOE_KAUFMAN,2018,House,FL-23,FL,23,R,"JOSEPH \""JOE\"" KAUFMAN","JOSEPH \""JOE\"" KAUFMAN","KAUFMAN, JOSEPH ""JOE""",H2FL20043,C00501205,C,False,True,False,C,99446,0.3598344224687552,high_confidence_automatic,100.0,last_exact+first_match+token_overlap+scope_same_race,2.0,2,MIT Election Data and Science Lab,Federal Election Commission
HOUSE_2018_FL_24_D_FREDERICA_WILSON,2018,House,FL-24,FL,24,D,FREDERICA WILSON,FREDERICA WILSON,"WILSON, FREDERICA S.",H0FL17068,C00460055,I,True,False,False,C,1,1.0,high_confidence_automatic,95.0,last_exact+first_match+token_overlap+scope_same_race,2.0,2,MIT Election Data and Science Lab,Federal Election Commission
HOUSE_2018_FL_25_D_MARY_BARZEE_FLORES,2018,House,FL-25,FL,25,D,MARY BARZEE FLORES,MARY BARZEE FLORES,"BARZEE FLORES, MARY",H8FL27086,C00651471,O,False,False,True,C,84173,0.3954661843125279,high_confidence_automatic,100.0,last_exact+first_match+token_overlap+scope_same_race,2.0,3,MIT Election Data and Science Lab,Federal Election Commission
HOUSE_2018_FL_25_R_MARIO_DIAZ_BALART,2018,House,FL-25,FL,25,R,MARIO DIAZ-BALART,MARIO DIAZ-BALART,"DIAZ-BALART, MARIO",H2FL25018,C00376087,I,True,False,False,C,128672,0.6045338156874721,high_confidence_automatic,100.0,last_exact+first_match+token_overlap+scope_same_race,,1,MIT Election Data and Science Lab,Federal Election Commission
HOUSE_2018_FL_26_D_DEBBIE_MUCARSEL_POWELL,2018,House,FL-26,FL,26,D,DEBBIE MUCARSEL-POWELL,DEBBIE MUCARSEL-POWELL,"MUCARSEL-POWELL, DEBBIE",H8FL26039,C00652065,C,False,True,False,C,119797,0.5087461513961142,high_confidence_automatic,100.0,last_exact+first_match+token_overlap+scope_same_race,2.0,5,MIT Election Data and Science Lab,Federal Election Commission
HOUSE_2018_FL_26_R_CARLOS_CURBELO,2018,House,FL-26,FL,26,R,CARLOS CURBELO,CARLOS CURBELO,"CURBELO, CARLOS MR.",H4FL26038,C00546846,I,True,False,False,C,115678,0.49125384860388577,high_confidence_automatic,100.0,last_exact+first_match+token_overlap+scope_same_race,2.0,2,MIT Election Data and Science Lab,Federal Election Commission
HOUSE_2018_FL_27_D_DONNA_SHALALA,2018,House,FL-27,FL,27,D,DONNA SHALALA,DONNA SHALALA,"SHALALA, DONNA",H8FL27193,C00672311,O,False,False,True,C,130743,0.5176177618712042,high_confidence_automatic,100.0,last_exact+first_match+token_overlap+scope_same_race,2.0,10,MIT Election Data and Science Lab,Federal Election Commission
HOUSE_2018_FL_27_R_MARIA_ELVIRA_SALAZAR,2018,House,FL-27,FL,27,R,MARIA ELVIRA SALAZAR,MARIA ELVIRA SALAZAR,"SALAZAR, MARIA ELVIRA",H8FL27185,C00671859,O,False,False,True,C,115588,0.4576183953188221,high_confidence_automatic,100.0,last_exact+first_match+token_overlap+scope_same_race,2.0,13,MIT Election Data and Science Lab,Federal Election Commission
HOUSE_2018_FL_3_D_YVONNE_HAYES_HINSON,2018,House,FL-3,FL,3,D,YVONNE HAYES HINSON,YVONNE HAYES HINSON,"HINSON, YVONNE HAYES MS",H8FL03038,C00655811,C,False,True,False,C,129880,0.42375756942994364,high_confidence_automatic,100.0,last_exact+first_match+token_overlap+scope_same_race,2.0,3,MIT Election Data and Science Lab,Federal Election Commission
HOUSE_2018_FL_3_R_TED_YOHO,2018,House,FL-3,FL,3,R,TED YOHO,TED YOHO,"YOHO, THEODORE SCOTT",H2FL06109,C00494583,I,True,False,False,C,176616,0.5762424305700564,probable_automatic,70.75,last_exact+first_initial+scope_same_race,2.0,3,MIT Election Data and Science Lab,Federal Election Commission
HOUSE_2018_FL_4_D_GEORGE_GES_SELMONT,2018,House,FL-4,FL,4,D,"GEORGE \""GES\"" SELMONT","GEORGE \""GES\"" SELMONT","SELMONT, GEORGE AUSTIN",H8FL04085,C00671446,C,False,True,False,C,123351,0.323544455198571,high_confidence_automatic,92.5,last_exact+first_match+token_overlap+scope_same_race,,1,MIT Election Data and Science Lab,Federal Election Commission
HOUSE_2018_FL_4_R_JOHN_H_RUTHERFORD,2018,House,FL-4,FL,4,R,JOHN H RUTHERFORD,JOHN H RUTHERFORD,"RUTHERFORD, JOHN",H6FL04105,C00615294,I,True,False,False,C,248420,0.6515951517249882,high_confidence_automatic,95.0,last_exact+first_match+token_overlap+scope_same_race,,1,MIT Election Data and Science Lab,Federal Election Commission
HOUSE_2018_FL_5_D_AL_LAWSON,2018,House,FL-5,FL,5,D,AL LAWSON,AL LAWSON,"LAWSON, ALFRED JR",H0FL02086,C00460261,I,True,False,False,C,180527,0.6678121971249529,probable_automatic,72.0,last_exact+first_initial+scope_same_race,2.0,3,MIT Election Data and Science Lab,Federal Election Commission
HOUSE_2018_FL_5_R_VIRGINIA_FULLER,2018,House,FL-5,FL,5,R,VIRGINIA FULLER,VIRGINIA FULLER,"FULLER, VIRGINIA",H8FL05157,C00672568,C,False,True,False,C,89799,0.3321878028750472,high_confidence_automatic,100.0,last_exact+first_match+token_overlap+scope_same_race,0.0,2,MIT Election Data and Science Lab,Federal Election Commission
HOUSE_2018_FL_6_D_NANCY_SODERBERG,2018,House,FL-6,FL,6,D,NANCY SODERBERG,NANCY SODERBERG,"SODERBERG, NANCY",H8FL06098,C00649798,O,False,False,True,C,145758,0.4368602933022428,high_confidence_automatic,100.0,last_exact+first_match+token_overlap+scope_same_race,2.0,4,MIT Election Data and Science Lab,Federal Election Commission
HOUSE_2018_FL_6_R_MICHAEL_WALTZ,2018,House,FL-6,FL,6,R,MICHAEL WALTZ,MICHAEL WALTZ,"WALTZ, MICHAEL",H8FL06148,C00666396,O,False,False,True,C,187891,0.5631397066977573,high_confidence_automatic,100.0,last_exact+first_match+token_overlap+scope_same_race,2.0,6,MIT Election Data and Science Lab,Federal Election Commission
HOUSE_2018_FL_7_D_STEPHANIE_MURPHY,2018,House,FL-7,FL,7,D,STEPHANIE MURPHY,STEPHANIE MURPHY,"MURPHY, STEPHANIE",H6FL07140,C00620443,I,True,False,False,C,183113,0.5769191992388106,high_confidence_automatic,100.0,last_exact+first_match+token_overlap+scope_same_race,2.0,2,MIT Election Data and Science Lab,Federal Election Commission
HOUSE_2018_FL_7_R_MIKE_MILLER,2018,House,FL-7,FL,7,R,MIKE MILLER,MIKE MILLER,"MILLER, MIKE",H8FL07062,C00648816,C,False,True,False,C,134285,0.4230808007611894,high_confidence_automatic,100.0,last_exact+first_match+token_overlap+scope_same_race,2.0,4,MIT Election Data and Science Lab,Federal Election Commission
HOUSE_2018_FL_8_D_SANJAY_PATEL,2018,House,FL-8,FL,8,D,SANJAY PATEL,SANJAY PATEL,"PATEL, SANJAY SOMABHAI",H8FL08102,C00666404,C,False,True,False,C,142415,0.39501895835818124,high_confidence_automatic,95.0,last_exact+first_match+token_overlap+scope_same_race,2.0,2,MIT Election Data and Science Lab,Federal Election Commission
HOUSE_2018_FL_8_R_BILL_POSEY,2018,House,FL-8,FL,8,R,BILL POSEY,BILL POSEY,"POSEY, BILL",H8FL15107,C00444968,I,True,False,False,C,218112,0.6049810416418188,high_confidence_automatic,100.0,last_exact+first_match+token_overlap+scope_same_race,,1,MIT Election Data and Science Lab,Federal Election Commission
HOUSE_2018_FL_9_D_DARREN_SOTO,2018,House,FL-9,FL,9,D,DARREN SOTO,DARREN SOTO,"SOTO, DARREN",H6FL09179,C00581074,I,True,False,False,C,172172,0.5802174989974287,high_confidence_automatic,100.0,last_exact+first_match+token_overlap+scope_same_race,2.0,2,MIT Election Data and Science Lab,Federal Election Commission
HOUSE_2018_FL_9_R_WAYNE_LIEBNITZKY,2018,House,FL-9,FL,9,R,WAYNE LIEBNITZKY,WAYNE LIEBNITZKY,"LIEBNITZKY, WAYNE",H6FL09195,C00582015,C,False,True,False,C,124565,0.4197825010025713,high_confidence_automatic,100.0,last_exact+first_match+token_overlap+scope_same_race,0.0,2,MIT Election Data and Science Lab,Federal Election Commission
HOUSE_2018_GA_1_D_LISA_M_RING,2018,House,GA-1,GA,1,D,LISA M RING,LISA M RING,"RING, LISA M.",H8GA01063,C00648287,C,False,True,False,C,105942,0.4226134201361879,high_confidence_automatic,100.0,last_exact+first_match+token_overlap+scope_same_race,2.0,5,MIT Election Data and Science Lab,Federal Election Commission
HOUSE_2018_GA_1_R_EARL_L_BUDDY_CARTER,2018,House,GA-1,GA,1,R,"EARL L \""BUDDY\"" CARTER","EARL L \""BUDDY\"" CARTER","CARTER, EARL LEROY",H4GA01039,C00543967,I,True,False,False,C,144741,0.577386579863812,high_confidence_automatic,91.0,last_exact+first_match+scope_same_race,,1,MIT Election Data and Science Lab,Federal Election Commission
HOUSE_2018_GA_10_D_TABITHA_A_JOHNSON_GREEN,2018,House,GA-10,GA,10,D,TABITHA A JOHNSON-GREEN,TABITHA A JOHNSON-GREEN,"JOHNSON-GREEN, TABITHA",H8GA10197,C00674143,C,False,True,False,C,112339,0.37108031776966655,high_confidence_automatic,96.25,last_exact+first_match+token_overlap+scope_same_race,2.0,4,MIT Election Data and Science Lab,Federal Election Commission
HOUSE_2018_GA_10_R_JODY_HICE,2018,House,GA-10,GA,10,R,JODY HICE,JODY HICE,"HICE, JODY",H0GA07125,C00544445,I,True,False,False,C,190396,0.6289196822303335,high_confidence_automatic,100.0,last_exact+first_match+token_overlap+scope_same_race,2.0,3,MIT Election Data and Science Lab,Federal Election Commission
HOUSE_2018_GA_11_D_FLYNN_D_BROADY,2018,House,GA-11,GA,11,D,FLYNN D BROADY JR,FLYNN D BROADY JR,"BROADY, FLYNN D. JR.",H8GA11062,C00675959,C,False,True,False,C,118653,0.38208604366587234,high_confidence_automatic,100.0,last_exact+first_match+token_overlap+scope_same_race,0.0,3,MIT Election Data and Science Lab,Federal Election Commission
HOUSE_2018_GA_11_R_BARRY_LOUDERMILK,2018,House,GA-11,GA,11,R,BARRY LOUDERMILK,BARRY LOUDERMILK,"LOUDERMILK, BARRY",H4GA11061,C00543892,I,True,False,False,C,191887,0.6179139563341276,high_confidence_automatic,100.0,last_exact+first_match+token_overlap+scope_same_race,0.0,2,MIT Election Data and Science Lab,Federal Election Commission
HOUSE_2018_GA_12_D_FRANCYS_JOHNSON,2018,House,GA-12,GA,12,D,FRANCYS JOHNSON,FRANCYS JOHNSON,"JOHNSON, FRANCYS",H8GA12078,C00666941,C,False,True,False,C,101503,0.4052193908714554,high_confidence_automatic,100.0,last_exact+first_match+token_overlap+scope_same_race,2.0,3,MIT Election Data and Science Lab,Federal Election Commission
HOUSE_2018_GA_12_R_RICK_W_ALLEN,2018,House,GA-12,GA,12,R,RICK W ALLEN,RICK W ALLEN,"ALLEN, RICHARD W",H2GA12121,C00504019,I,True,False,False,C,148986,0.5947806091285446,high_confidence_automatic,92.5,last_exact+first_match+token_overlap+scope_same_race,2.0,2,MIT Election Data and Science Lab,Federal Election Commission
HOUSE_2018_GA_13_D_DAVID_SCOTT,2018,House,GA-13,GA,13,D,DAVID SCOTT,DAVID SCOTT,"SCOTT, DAVID ALBERT",H2GA13012,C00369801,I,True,False,False,C,223157,0.7618437987552787,high_confidence_automatic,95.0,last_exact+first_match+token_overlap+scope_same_race,,1,MIT Election Data and Science Lab,Federal Election Commission
HOUSE_2018_GA_13_R_DAVID_CALLAHAN,2018,House,GA-13,GA,13,R,DAVID CALLAHAN,DAVID CALLAHAN,"CALLAHAN, DAVID ALAN",H8GA13035,C00673202,C,False,True,False,C,69760,0.2381562012447212,high_confidence_automatic,95.0,last_exact+first_match+token_overlap+scope_same_race,0.0,3,MIT Election Data and Science Lab,Federal Election Commission
HOUSE_2018_GA_14_D_STEVEN_LAMAR_FOSTER,2018,House,GA-14,GA,14,D,STEVEN LAMAR FOSTER,STEVEN LAMAR FOSTER,"FOSTER, STEVEN",H8GA14025,C00675686,C,False,True,False,C,53981,0.23498197837404886,high_confidence_automatic,95.0,last_exact+first_match+token_overlap+scope_same_race,,1,MIT Election Data and Science Lab,Federal Election Commission
HOUSE_2018_GA_14_R_TOM_GRAVES,2018,House,GA-14,GA,14,R,TOM GRAVES,TOM GRAVES,"GRAVES, TOM",H8GA14033,,C,False,True,False,N,175743,0.7650180216259511,high_confidence_automatic,100.0,last_exact+first_match+token_overlap+scope_same_race,87.75,2,MIT Election Data and Science Lab,Federal Election Commission
HOUSE_2018_GA_2_D_SANFORD_BISHOP,2018,House,GA-2,GA,2,D,SANFORD BISHOP,SANFORD BISHOP,"BISHOP, SANFORD D",H2GA02031,C00266940,I,True,False,False,C,136699,0.59649344812389,high_confidence_automatic,95.0,last_exact+first_match+token_overlap+scope_same_race,0.0,2,MIT Election Data and Science Lab,Federal Election Commission
HOUSE_2018_GA_2_R_HERMAN_WEST,2018,House,GA-2,GA,2,R,HERMAN WEST JR,HERMAN WEST JR,"WEST, HERMAN JR.",H8GA02087,C00670380,C,False,True,False,C,92472,0.40350655187610995,high_confidence_automatic,100.0,last_exact+first_match+token_overlap+scope_same_race,2.0,2,MIT Election Data and Science Lab,Federal Election Commission
HOUSE_2018_GA_3_D_CHUCK_ENDERLIN,2018,House,GA-3,GA,3,D,CHUCK ENDERLIN,CHUCK ENDERLIN,"ENDERLIN, CHARLES JOSEPH JR.",H8GA03051,C00647446,C,False,True,False,C,101010,0.3447369678436619,high_confidence_automatic,88.75,last_exact+first_match+scope_same_race,2.0,2,MIT Election Data and Science Lab,Federal Election Commission
HOUSE_2018_GA_3_R_DREW_FERGUSON,2018,House,GA-3,GA,3,R,DREW FERGUSON,DREW FERGUSON,"FERGUSON, ANDERSON DREW IV",H6GA03113,C00607838,I,True,False,False,C,191996,0.6552630321563381,high_confidence_automatic,92.0,last_exact+alternate_given_name_match+token_overlap+scope_same_race,2.0,2,MIT Election Data and Science Lab,Federal Election Commission
HOUSE_2018_GA_4_D_HENRY_C_HANK_JOHNSON,2018,House,GA-4,GA,4,D,"HENRY C \""HANK\"" JOHNSON JR","HENRY C \""HANK\"" JOHNSON JR","JOHNSON, HENRY C. 'HANK",H6GA04129,C00418293,I,True,False,False,C,227717,0.7884691959045598,high_confidence_automatic,100.0,last_exact+first_match+token_overlap+scope_same_race,2.0,3,MIT Election Data and Science Lab,Federal Election Commission
HOUSE_2018_GA_4_R_JOE_PROFIT,2018,House,GA-4,GA,4,R,JOE PROFIT,JOE PROFIT,"PROFIT, JOSEPH",H8GA04125,C00675777,C,False,True,False,C,61092,0.21153080409544023,high_confidence_automatic,90.0,last_exact+first_match+scope_same_race,,1,MIT Election Data and Science Lab,Federal Election Commission
HOUSE_2018_GA_5_D_JOHN_R_LEWIS,2018,House,GA-5,GA,5,D,JOHN R LEWIS,JOHN R LEWIS,"LEWIS, JOHN R.",H6GA05217,C00202416,I,True,False,False,C,275406,1.0,high_confidence_automatic,100.0,last_exact+first_match+token_overlap+scope_same_race,,1,MIT Election Data and Science Lab,Federal Election Commission
HOUSE_2018_GA_6_D_LUCY_MCBATH,2018,House,GA-6,GA,6,D,LUCY MCBATH,LUCY MCBATH,"MCBATH, LUCIA KAY MS.",H8GA06393,C00672295,C,False,True,False,C,160139,0.5051480376260985,probable_automatic,70.75,last_exact+first_initial+scope_same_race,2.0,9,MIT Election Data and Science Lab,Federal Election Commission
HOUSE_2018_GA_6_R_KAREN_HANDEL,2018,House,GA-6,GA,6,R,KAREN HANDEL,KAREN HANDEL,"HANDEL, KAREN CHRISTINE",H8GA06286,C00633362,I,True,False,False,C,156875,0.49485196237390144,high_confidence_automatic,95.0,last_exact+first_match+token_overlap+scope_same_race,2.0,5,MIT Election Data and Science Lab,Federal Election Commission
HOUSE_2018_GA_7_D_CAROLYN_BOURDEAUX,2018,House,GA-7,GA,7,D,CAROLYN BOURDEAUX,CAROLYN BOURDEAUX,"BOURDEAUX, CAROLYN",H8GA07201,C00649376,C,False,True,False,C,140011,0.49925296229866534,high_confidence_automatic,100.0,last_exact+first_match+token_overlap+scope_same_race,2.0,6,MIT Election Data and Science Lab,Federal Election Commission
HOUSE_2018_GA_7_R_ROB_WOODALL,2018,House,GA-7,GA,7,R,ROB WOODALL,ROB WOODALL,"WOODALL, ROB REP.",H0GA07133,C00482307,I,True,False,False,C,140430,0.5007470377013347,high_confidence_automatic,95.0,last_exact+first_match+token_overlap+scope_same_race,2.0,2,MIT Election Data and Science Lab,Federal Election Commission
HOUSE_2018_GA_8_R_AUSTIN_SCOTT,2018,House,GA-8,GA,8,R,AUSTIN SCOTT,AUSTIN SCOTT,"SCOTT, JAMES AUSTIN",H0GA08099,C00482737,I,True,False,False,C,198152,1.0,high_confidence_automatic,92.0,last_exact+alternate_given_name_match+token_overlap+scope_same_race,0.0,2,MIT Election Data and Science Lab,Federal Election Commission
HOUSE_2018_GA_9_D_JOSH_MCCALL,2018,House,GA-9,GA,9,D,JOSH MCCALL,JOSH MCCALL,"MCCALL, JOSHUA BRAXTON",H8GA09058,C00647222,C,False,True,False,C,57912,0.20494527077958616,probable_automatic,70.75,last_exact+first_initial+scope_same_race,2.0,2,MIT Election Data and Science Lab,Federal Election Commission
HOUSE_2018_GA_9_R_DOUG_COLLINS,2018,House,GA-9,GA,9,R,DOUG COLLINS,DOUG COLLINS,"COLLINS, DOUGLAS ALLEN",H2GA09150,C00502039,I,True,False,False,C,224661,0.7950547292204139,probable_automatic,70.75,last_exact+first_initial+scope_same_race,,1,MIT Election Data and Science Lab,Federal Election Commission
HOUSE_2018_HI_1_D_ED_CASE,2018,House,HI-1,HI,1,D,ED CASE,ED CASE,"CASE, EDWARD",H2HI02128,C00680918,,False,False,False,C,134650,0.7309552632578945,high_confidence_automatic,90.0,last_exact+first_match+scope_same_race,2.0,8,MIT Election Data and Science Lab,Federal Election Commission
HOUSE_2018_HI_1_R_CAM_CAVASSO,2018,House,HI-1,HI,1,R,CAM CAVASSO,CAM CAVASSO,"CAVASSO, CAMPBELL",H8HI00012,C00680876,O,False,False,True,C,42498,0.2307028353355663,probable_automatic,72.0,last_exact+first_initial+scope_same_race,0.0,3,MIT Election Data and Science Lab,Federal Election Commission
HOUSE_2018_HI_2_D_TULSI_GABBARD,2018,House,HI-2,HI,2,D,TULSI GABBARD,TULSI GABBARD,"GABBARD, TULSI",H2HI02508,C00497396,I,True,False,False,C,153271,0.7736231898688175,high_confidence_automatic,100.0,last_exact+first_match+token_overlap+scope_same_race,2.0,4,MIT Election Data and Science Lab,Federal Election Commission
HOUSE_2018_HI_2_R_BRIAN_EVANS,2018,House,HI-2,HI,2,R,BRIAN EVANS,BRIAN EVANS,"EVANS, BRIAN",H8HI02141,C00671008,C,False,True,False,N,44850,0.22637681013118247,high_confidence_automatic,100.0,last_exact+first_match+token_overlap+scope_same_race,,1,MIT Election Data and Science Lab,Federal Election Commission
HOUSE_2018_IA_1_D_ABBY_FINKENAUER,2018,House,IA-1,IA,1,D,ABBY FINKENAUER,ABBY FINKENAUER,"FINKENAUER, ABBY",H8IA01094,C00637074,C,False,True,False,C,170342,0.5096352055241247,high_confidence_automatic,100.0,last_exact+first_match+token_overlap+scope_same_race,2.0,4,MIT Election Data and Science Lab,Federal Election Commission
HOUSE_2018_IA_1_R_ROD_BLUM,2018,House,IA-1,IA,1,R,ROD BLUM,ROD BLUM,"BLUM, RODNEY",H2IA01055,C00543926,I,True,False,False,C,153442,0.45907318926649177,probable_automatic,72.0,last_exact+first_initial+scope_same_race,,1,MIT Election Data and Science Lab,Federal Election Commission
HOUSE_2018_IA_2_D_DAVE_LOEBSACK,2018,House,IA-2,IA,2,D,DAVE LOEBSACK,DAVE LOEBSACK,"LOEBSACK, DAVID WAYNE",H6IA02146,C00414318,I,True,False,False,C,171446,0.5479030912745715,high_confidence_automatic,88.75,last_exact+first_match+scope_same_race,,1,MIT Election Data and Science Lab,Federal Election Commission
HOUSE_2018_IA_2_R_CHRISTOPHER_PETERS,2018,House,IA-2,IA,2,R,CHRISTOPHER PETERS,CHRISTOPHER PETERS,"PETERS, CHRISTOPHER",H6IA02161,C00662395,C,False,True,False,C,133287,0.42595545726767503,high_confidence_automatic,100.0,last_exact+first_match+token_overlap+scope_same_race,2.0,2,MIT Election Data and Science Lab,Federal Election Commission
HOUSE_2018_IA_3_D_CINDY_AXNE,2018,House,IA-3,IA,3,D,CINDY AXNE,CINDY AXNE,"AXNE, CINDY",H8IA03124,C00646844,C,False,True,False,C,175642,0.49304263125243863,high_confidence_automatic,100.0,last_exact+first_match+token_overlap+scope_same_race,2.0,9,MIT Election Data and Science Lab,Federal Election Commission
HOUSE_2018_IA_3_R_DAVID_YOUNG,2018,House,IA-3,IA,3,R,DAVID YOUNG,DAVID YOUNG,"YOUNG, DAVID",H4IA03115,C00545616,I,True,False,False,C,167933,0.4714027863160052,high_confidence_automatic,100.0,last_exact+first_match+token_overlap+scope_same_race,,1,MIT Election Data and Science Lab,Federal Election Commission
HOUSE_2018_IA_4_D_JD_SCHOLTEN,2018,House,IA-4,IA,4,D,JD SCHOLTEN,JD SCHOLTEN,"SCHOLTEN, JAMES D.",H8IA04106,C00650622,C,False,True,False,C,147246,0.4700575576773897,probable_automatic,70.75,last_exact+first_initial+scope_same_race,2.0,7,MIT Election Data and Science Lab,Federal Election Commission
HOUSE_2018_IA_4_R_STEVE_KING,2018,House,IA-4,IA,4,R,STEVE KING,STEVE KING,"KING, STEVE MR.",H2IA05072,C00373563,I,True,False,False,C,157676,0.5033535407708196,high_confidence_automatic,100.0,last_exact+first_match+token_overlap+scope_same_race,2.0,2,MIT Election Data and Science Lab,Federal Election Commission
HOUSE_2018_ID_1_D_CRISTINA_MCNEIL,2018,House,ID-1,ID,1,D,CRISTINA MCNEIL,CRISTINA MCNEIL,"MCNEIL, CRISTINA",H8ID01207,,O,False,False,True,N,96922,0.3076215051306222,high_confidence_automatic,100.0,last_exact+first_match+token_overlap+scope_same_race,52.0,5,MIT Election Data and Science Lab,Federal Election Commission
HOUSE_2018_ID_1_R_RUSS_FULCHER,2018,House,ID-1,ID,1,R,RUSS FULCHER,RUSS FULCHER,"FULCHER, RUSS",H8ID01124,C00648295,O,False,False,True,C,197719,0.6275419035195465,high_confidence_automatic,100.0,last_exact+first_match+token_overlap+scope_same_race,2.0,8,MIT Election Data and Science Lab,Federal Election Commission
HOUSE_2018_ID_2_D_AARON_SWISHER,2018,House,ID-2,ID,2,D,AARON SWISHER,AARON SWISHER,"SWISHER, CARLTON AARON",H8ID02148,C00663542,C,False,True,False,C,110381,0.39329782116833834,high_confidence_automatic,92.0,last_exact+alternate_given_name_match+token_overlap+scope_same_race,0.0,2,MIT Election Data and Science Lab,Federal Election Commission
HOUSE_2018_ID_2_R_MIKE_SIMPSON,2018,House,ID-2,ID,2,R,MIKE SIMPSON,MIKE SIMPSON,"SIMPSON, MICHAEL",H8ID02064,C00331397,I,True,False,False,C,170274,0.6067021788316617,high_confidence_automatic,90.0,last_exact+first_match+scope_same_race,,1,MIT Election Data and Science Lab,Federal Election Commission
HOUSE_2018_IL_1_D_BOBBY_L_RUSH,2018,House,IL-1,IL,1,D,BOBBY L RUSH,BOBBY L RUSH,"RUSH, BOBBY LEE",H2IL01042,C00257121,I,True,False,False,C,189560,0.735056323555073,high_confidence_automatic,92.5,last_exact+first_match+token_overlap+scope_same_race,0.0,3,MIT Election Data and Science Lab,Federal Election Commission
HOUSE_2018_IL_1_R_JIMMY_LEE_TILLMAN,2018,House,IL-1,IL,1,R,JIMMY LEE TILLMAN II,JIMMY LEE TILLMAN II,"TILLMAN, JIMMY LEE",H2IL01182,,C,False,True,False,N,50960,0.19760746068984236,high_confidence_automatic,100.0,last_exact+first_match+token_overlap+scope_same_race,,1,MIT Election Data and Science Lab,Federal Election Commission
HOUSE_2018_IL_10_D_BRAD_SCHNEIDER,2018,House,IL-10,IL,10,D,BRAD SCHNEIDER,BRAD SCHNEIDER,"SCHNEIDER, BRADLEY SCOTT",H2IL10068,C00495952,I,True,False,False,C,156540,0.6559011832534442,probable_automatic,70.75,last_exact+first_initial+scope_same_race,,1,MIT Election Data and Science Lab,Federal Election Commission
HOUSE_2018_IL_10_R_DOUGLAS_R_BENNETT,2018,House,IL-10,IL,10,R,DOUGLAS R BENNETT,DOUGLAS R BENNETT,"BENNETT, DOUGLAS R 1963",H8IL10115,C00634808,C,False,True,False,C,82124,0.34409881674655585,high_confidence_automatic,96.25,last_exact+first_match+token_overlap+scope_same_race,2.0,4,MIT Election Data and Science Lab,Federal Election Commission
HOUSE_2018_IL_11_D_BILL_FOSTER,2018,House,IL-11,IL,11,D,BILL FOSTER,BILL FOSTER,"FOSTER, G. WILLIAM (BILL)",H8IL14067,C00435099,I,True,False,False,C,145407,0.6384080082541216,high_confidence_automatic,85.75,last_exact+alternate_given_name_match+scope_same_race,,1,MIT Election Data and Science Lab,Federal Election Commission
HOUSE_2018_IL_11_R_NICK_STELLA,2018,House,IL-11,IL,11,R,NICK STELLA,NICK STELLA,"STELLA, DOMINICK J. M.D.",H6IL11133,C00586065,C,False,True,False,C,82358,0.3615919917458784,review_required,47.5,last_exact+first_mismatch+scope_same_race,2.0,3,MIT Election Data and Science Lab,Federal Election Commission
HOUSE_2018_IL_12_D_BRENDAN_KELLY,2018,House,IL-12,IL,12,D,BRENDAN KELLY,BRENDAN KELLY,"KELLY, BRENDAN",H8IL12129,C00649558,C,False,True,False,C,118724,0.4539368287432659,high_confidence_automatic,100.0,last_exact+first_match+token_overlap+scope_same_race,2.0,7,MIT Election Data and Science Lab,Federal Election Commission
HOUSE_2018_IL_12_R_MIKE_BOST,2018,House,IL-12,IL,12,R,MIKE BOST,MIKE BOST,"BOST, MICHAEL",H4IL12060,C00546499,I,True,False,False,C,134884,0.5157239918483767,high_confidence_automatic,90.0,last_exact+first_match+scope_same_race,0.0,2,MIT Election Data and Science Lab,Federal Election Commission
HOUSE_2018_IL_13_D_BETSY_DIRKSEN_LONDRIGAN,2018,House,IL-13,IL,13,D,BETSY DIRKSEN LONDRIGAN,BETSY DIRKSEN LONDRIGAN,"LONDRIGAN, BETSY DIRKSEN",H8IL13150,C00649483,C,False,True,False,C,134458,0.49618976976245566,high_confidence_automatic,100.0,last_exact+first_match+token_overlap+scope_same_race,2.0,6,MIT Election Data and Science Lab,Federal Election Commission
HOUSE_2018_IL_13_R_RODNEY_DAVIS,2018,House,IL-13,IL,13,R,RODNEY DAVIS,RODNEY DAVIS,"DAVIS, RODNEY L",H2IL13120,C00521948,I,True,False,False,C,136516,0.5037843981681372,high_confidence_automatic,95.0,last_exact+first_match+token_overlap+scope_same_race,,1,MIT Election Data and Science Lab,Federal Election Commission
HOUSE_2018_IL_14_D_LAUREN_UNDERWOOD,2018,House,IL-14,IL,14,D,LAUREN UNDERWOOD,LAUREN UNDERWOOD,"UNDERWOOD, LAUREN A",H8IL14174,C00652719,C,False,True,False,C,156035,0.5250185902375176,high_confidence_automatic,95.0,last_exact+first_match+token_overlap+scope_same_race,2.0,7,MIT Election Data and Science Lab,Federal Election Commission
HOUSE_2018_IL_14_R_RANDALL_M_RANDY_HULTGREN,2018,House,IL-14,IL,14,R,"RANDALL M \""RANDY\"" HULTGREN","RANDALL M \""RANDY\"" HULTGREN","HULTGREN, RANDY",H0IL14080,C00467522,I,True,False,False,C,141164,0.4749814097624824,high_confidence_automatic,89.5,last_exact+alternate_given_name_match+token_overlap+scope_same_race,,1,MIT Election Data and Science Lab,Federal Election Commission
HOUSE_2018_IL_15_D_KEVIN_GAITHER,2018,House,IL-15,IL,15,D,KEVIN GAITHER,KEVIN GAITHER,"GAITHER, KEVIN",H8IL15072,C00648675,C,False,True,False,C,74309,0.2907146881161779,high_confidence_automatic,100.0,last_exact+first_match+token_overlap+scope_same_race,2.0,3,MIT Election Data and Science Lab,Federal Election Commission
HOUSE_2018_IL_15_R_JOHN_M_SHIMKUS,2018,House,IL-15,IL,15,R,JOHN M SHIMKUS,JOHN M SHIMKUS,"SHIMKUS, JOHN M",H2IL20042,C00258855,I,True,False,False,C,181294,0.7092657506807298,high_confidence_automatic,100.0,last_exact+first_match+token_overlap+scope_same_race,,1,MIT Election Data and Science Lab,Federal Election Commission
HOUSE_2018_IL_16_D_SARA_DADY,2018,House,IL-16,IL,16,D,SARA DADY,SARA DADY,"DADY, SARA",H8IL16120,C00654178,C,False,True,False,C,104569,0.40875207661487345,high_confidence_automatic,100.0,last_exact+first_match+token_overlap+scope_same_race,2.0,6,MIT Election Data and Science Lab,Federal Election Commission
HOUSE_2018_IL_16_R_ADAM_KINZINGER,2018,House,IL-16,IL,16,R,ADAM KINZINGER,ADAM KINZINGER,"KINZINGER, ADAM",H0IL11052,C00458877,I,True,False,False,C,151254,0.5912401055408971,high_confidence_automatic,100.0,last_exact+first_match+token_overlap+scope_same_race,2.0,5,MIT Election Data and Science Lab,Federal Election Commission
HOUSE_2018_IL_17_D_CHERI_BUSTOS,2018,House,IL-17,IL,17,D,CHERI BUSTOS,CHERI BUSTOS,"BUSTOS, CHERI",H2IL17071,C00498568,I,True,False,False,C,142659,0.6209341498766044,high_confidence_automatic,100.0,last_exact+first_match+token_overlap+scope_same_race,,1,MIT Election Data and Science Lab,Federal Election Commission
HOUSE_2018_IL_17_R_WILLIAM_W_BILL_FAWELL,2018,House,IL-17,IL,17,R,"WILLIAM W \""BILL\"" FAWELL","WILLIAM W \""BILL\"" FAWELL","FAWELL, WILLIAM W",H4IL17077,C00675728,C,False,True,False,C,87090,0.37906585012339555,high_confidence_automatic,96.25,last_exact+first_match+token_overlap+scope_same_race,2.0,3,MIT Election Data and Science Lab,Federal Election Commission
HOUSE_2018_IL_18_D_JUNIUS_RODRIGUEZ,2018,House,IL-18,IL,18,D,JUNIUS RODRIGUEZ,JUNIUS RODRIGUEZ,"RODRIGUEZ, JUNIUS",H6IL18161,C00651653,C,False,True,False,C,95486,0.32766554683559074,high_confidence_automatic,100.0,last_exact+first_match+token_overlap+scope_same_race,2.0,3,MIT Election Data and Science Lab,Federal Election Commission
HOUSE_2018_IL_18_R_DARIN_LAHOOD,2018,House,IL-18,IL,18,R,DARIN LAHOOD,DARIN LAHOOD,"LAHOOD, DARIN MCKAY",H6IL18088,C00575050,I,True,False,False,C,195927,0.6723344531644093,high_confidence_automatic,95.0,last_exact+first_match+token_overlap+scope_same_race,0.0,2,MIT Election Data and Science Lab,Federal Election Commission
HOUSE_2018_IL_2_D_ROBIN_KELLY,2018,House,IL-2,IL,2,D,ROBIN KELLY,ROBIN KELLY,"KELLY, ROBIN",H2IL02172,C00539866,I,True,False,False,C,190684,0.8105555343016608,high_confidence_automatic,100.0,last_exact+first_match+token_overlap+scope_same_race,0.0,2,MIT Election Data and Science Lab,Federal Election Commission
HOUSE_2018_IL_2_R_DAVID_MERKLE,2018,House,IL-2,IL,2,R,DAVID MERKLE,DAVID MERKLE,"MERKLE, DAVID",H8IL02120,,C,False,True,False,N,44567,0.18944446569833923,high_confidence_automatic,100.0,last_exact+first_match+token_overlap+scope_same_race,0.0,3,MIT Election Data and Science Lab,Federal Election Commission
HOUSE_2018_IL_3_D_DANIEL_WILLIAM_LIPINSKI,2018,House,IL-3,IL,3,D,DANIEL WILLIAM LIPINSKI,DANIEL WILLIAM LIPINSKI,"LIPINSKI, DANIEL WILLIAM WILLIAM",H4IL03077,C00405431,I,True,False,False,C,163053,0.7300858803406557,high_confidence_automatic,100.0,last_exact+first_match+token_overlap+scope_same_race,2.0,2,MIT Election Data and Science Lab,Federal Election Commission
HOUSE_2018_IL_3_R_ARTHUR_J_JONES,2018,House,IL-3,IL,3,R,ARTHUR J JONES,ARTHUR J JONES,"JONES, ARTHUR J.",H6IL03148,,C,False,True,False,N,57885,0.25918579347524334,high_confidence_automatic,100.0,last_exact+first_match+token_overlap+scope_same_race,0.0,2,MIT Election Data and Science Lab,Federal Election Commission
HOUSE_2018_IL_4_D_JESUS_CHUY_GARCIA,2018,House,IL-4,IL,4,D,"JESUS \""CHUY\"" GARCIA","JESUS \""CHUY\"" GARCIA","GARCIA, JESUS",H8IL04134,C00661777,O,False,False,True,C,143895,0.865851530486374,high_confidence_automatic,95.0,last_exact+first_match+token_overlap+scope_same_race,2.0,8,MIT Election Data and Science Lab,Federal Election Commission
HOUSE_2018_IL_4_R_MARK_WAYNE_LORCH,2018,House,IL-4,IL,4,R,MARK WAYNE LORCH,MARK WAYNE LORCH,"LORCH, MARK WAYNE",H8IL04175,C00665356,O,False,False,True,C,22294,0.13414846951362605,high_confidence_automatic,100.0,last_exact+first_match+token_overlap+scope_same_race,0.0,5,MIT Election Data and Science Lab,Federal Election Commission
HOUSE_2018_IL_5_D_MIKE_QUIGLEY,2018,House,IL-5,IL,5,D,MIKE QUIGLEY,MIKE QUIGLEY,"QUIGLEY, MIKE",H0IL05096,C00457556,I,True,False,False,C,213992,0.7666364538514174,high_confidence_automatic,100.0,last_exact+first_match+token_overlap+scope_same_race,2.0,4,MIT Election Data and Science Lab,Federal Election Commission
HOUSE_2018_IL_5_R_TOM_HANSON,2018,House,IL-5,IL,5,R,TOM HANSON,TOM HANSON,"HANSON, TOM",H8IL05073,C00451252,C,False,True,False,N,65134,0.2333456334122688,high_confidence_automatic,100.0,last_exact+first_match+token_overlap+scope_same_race,,1,MIT Election Data and Science Lab,Federal Election Commission
HOUSE_2018_IL_6_D_SEAN_CASTEN,2018,House,IL-6,IL,6,D,SEAN CASTEN,SEAN CASTEN,"CASTEN, SEAN",H8IL06139,C00648493,C,False,True,False,C,169001,0.5357525535273866,high_confidence_automatic,100.0,last_exact+first_match+token_overlap+scope_same_race,2.0,11,MIT Election Data and Science Lab,Federal Election Commission
HOUSE_2018_IL_6_R_PETER_J_ROSKAM,2018,House,IL-6,IL,6,R,PETER J ROSKAM,PETER J ROSKAM,"ROSKAM, PETER",H6IL06117,C00410969,I,True,False,False,C,146445,0.4642474464726134,high_confidence_automatic,95.0,last_exact+first_match+token_overlap+scope_same_race,,1,MIT Election Data and Science Lab,Federal Election Commission
HOUSE_2018_IL_7_D_DANNY_K_DAVIS,2018,House,IL-7,IL,7,D,DANNY K DAVIS,DANNY K DAVIS,"DAVIS, DANNY K",H4IL07037,C00172619,I,True,False,False,C,215746,0.8761507941342495,high_confidence_automatic,100.0,last_exact+first_match+token_overlap+scope_same_race,2.0,4,MIT Election Data and Science Lab,Federal Election Commission
HOUSE_2018_IL_7_R_CRAIG_CAMERON,2018,House,IL-7,IL,7,R,CRAIG CAMERON,CRAIG CAMERON,"CAMERON, CRAIG",H8IL17045,C00649426,C,False,True,False,N,30497,0.1238492058657505,high_confidence_automatic,100.0,last_exact+first_match+token_overlap+scope_same_race,0.0,2,MIT Election Data and Science Lab,Federal Election Commission
HOUSE_2018_IL_8_D_RAJA_KRISHNAMOORTHI,2018,House,IL-8,IL,8,D,RAJA KRISHNAMOORTHI,RAJA KRISHNAMOORTHI,"KRISHNAMOORTHI, S. RAJA",H6IL08147,C00575092,I,True,False,False,C,130054,0.6597472695267518,high_confidence_automatic,92.0,last_exact+alternate_given_name_match+token_overlap+scope_same_race,,1,MIT Election Data and Science Lab,Federal Election Commission
HOUSE_2018_IL_8_R_JITENDRA_JD_DIGANVKER,2018,House,IL-8,IL,8,R,"JITENDRA \""JD\"" DIGANVKER","JITENDRA \""JD\"" DIGANVKER","DIGANVKER, JITENDRA JD",H8IL08101,C00646489,C,False,True,False,C,67073,0.3402527304732482,high_confidence_automatic,100.0,last_exact+first_match+token_overlap+scope_same_race,2.0,2,MIT Election Data and Science Lab,Federal Election Commission
HOUSE_2018_IL_9_D_JANICE_D_SCHAKOWSKY,2018,House,IL-9,IL,9,D,JANICE D SCHAKOWSKY,JANICE D SCHAKOWSKY,"SCHAKOWSKY, JANICE D",H8IL09067,C00327023,I,True,False,False,C,213368,0.7348622873694253,high_confidence_automatic,100.0,last_exact+first_match+token_overlap+scope_same_race,,1,MIT Election Data and Science Lab,Federal Election Commission
HOUSE_2018_IL_9_R_JOHN_D_ELLESON,2018,House,IL-9,IL,9,R,JOHN D ELLESON,JOHN D ELLESON,"ELLESON, JOHN D",H8IL09224,C00672907,C,False,True,False,C,76983,0.26513771263057473,review_required,100.0,last_exact+first_match+token_overlap+scope_same_race,100.0,7,MIT Election Data and Science Lab,Federal Election Commission
HOUSE_2018_IN_1_D_PETER_J_VISCLOSKY,2018,House,IN-1,IN,1,D,PETER J VISCLOSKY,PETER J VISCLOSKY,"VISCLOSKY, PETER J.",H4IN01012,C00166504,I,True,False,False,C,159611,0.6509181963141647,high_confidence_automatic,100.0,last_exact+first_match+token_overlap+scope_same_race,0.0,3,MIT Election Data and Science Lab,Federal Election Commission
HOUSE_2018_IN_1_R_MARK_LEYVA,2018,House,IN-1,IN,1,R,MARK LEYVA,MARK LEYVA,"LEYVA, MARK J",H8IN01096,C00357434,C,False,True,False,N,85594,0.3490654910708824,high_confidence_automatic,95.0,last_exact+first_match+token_overlap+scope_same_race,2.0,6,MIT Election Data and Science Lab,Federal Election Commission
HOUSE_2018_IN_2_D_MEL_HALL,2018,House,IN-2,IN,2,D,MEL HALL,MEL HALL,"HALL, MEL",H8IN02169,C00657635,C,False,True,False,C,103363,0.45158570311373636,high_confidence_automatic,100.0,last_exact+first_match+token_overlap+scope_same_race,2.0,7,MIT Election Data and Science Lab,Federal Election Commission
HOUSE_2018_IN_2_R_JACKIE_WALORSKI,2018,House,IN-2,IN,2,R,JACKIE WALORSKI,JACKIE WALORSKI,,,,,False,False,False,,125499,0.5482963357784778,unmatched,0.0,last_name_mismatch+scope_same_race,0.0,2,MIT Election Data and Science Lab,Federal Election Commission
HOUSE_2018_IN_3_D_COURTNEY_TRITCH,2018,House,IN-3,IN,3,D,COURTNEY TRITCH,COURTNEY TRITCH,"TRITCH, COURTNEY",H8IN03076,C00648055,C,False,True,False,C,86610,0.3527370620313843,high_confidence_automatic,100.0,last_exact+first_match+token_overlap+scope_same_race,0.0,3,MIT Election Data and Science Lab,Federal Election Commission
HOUSE_2018_IN_3_R_JIM_BANKS,2018,House,IN-3,IN,3,R,JIM BANKS,JIM BANKS,"BANKS, JAMES E",H6IN03229,C00577999,I,True,False,False,C,158927,0.6472629379686158,high_confidence_automatic,88.75,last_exact+first_match+scope_same_race,,1,MIT Election Data and Science Lab,Federal Election Commission
HOUSE_2018_IN_4_D_TOBI_BECK,2018,House,IN-4,IN,4,D,TOBI BECK,TOBI BECK,"BECK, TOBI",H8IN04124,C00639013,O,False,False,True,C,87824,0.3593997454606467,high_confidence_automatic,100.0,last_exact+first_match+token_overlap+scope_same_race,2.0,8,MIT Election Data and Science Lab,Federal Election Commission
HOUSE_2018_IN_4_R_JIM_BAIRD,2018,House,IN-4,IN,4,R,JIM BAIRD,JIM BAIRD,"BAIRD, JAMES R PHD",H8IN04199,C00662940,O,False,False,True,C,156539,0.6406002545393533,high_confidence_automatic,88.0,last_exact+first_match+scope_same_race,2.0,8,MIT Election Data and Science Lab,Federal Election Commission
HOUSE_2018_IN_5_D_DEE_THORNTON,2018,House,IN-5,IN,5,D,DEE THORNTON,DEE THORNTON,"THORNTON, DIERDRE",H8IN05188,C00664797,C,False,True,False,C,137142,0.4323831803693206,probable_automatic,72.0,last_exact+first_initial+scope_same_race,0.0,9,MIT Election Data and Science Lab,Federal Election Commission
HOUSE_2018_IN_5_R_SUSAN_W_BROOKS,2018,House,IN-5,IN,5,R,SUSAN W BROOKS,SUSAN W BROOKS,"BROOKS, SUSAN MRS.",H2IN05082,C00500207,I,True,False,False,C,180035,0.5676168196306794,high_confidence_automatic,95.0,last_exact+first_match+token_overlap+scope_same_race,,1,MIT Election Data and Science Lab,Federal Election Commission
HOUSE_2018_IN_6_D_JEANNINE_LEE_LAKE,2018,House,IN-6,IN,6,D,JEANNINE LEE LAKE,JEANNINE LEE LAKE,"LEE LAKE, JEANNINE L",H8IN06202,,O,False,False,True,N,79430,0.3285951862852982,high_confidence_automatic,96.25,last_exact+first_match+token_overlap+scope_same_race,2.0,9,MIT Election Data and Science Lab,Federal Election Commission
HOUSE_2018_IN_6_R_GREG_PENCE,2018,House,IN-6,IN,6,R,GREG PENCE,GREG PENCE,"PENCE, GREGORY J.",H8IN06129,C00658401,O,False,False,True,C,154260,0.6381605619585812,high_confidence_automatic,88.75,last_exact+first_match+scope_same_race,2.0,7,MIT Election Data and Science Lab,Federal Election Commission
HOUSE_2018_IN_7_D_ANDRE_D_CARSON,2018,House,IN-7,IN,7,D,ANDRE D CARSON,ANDRE D CARSON,"CARSON, ANDRE",H8IN07184,C00442921,I,True,False,False,C,141139,0.6486286512619718,high_confidence_automatic,95.0,last_exact+first_match+token_overlap+scope_same_race,0.0,5,MIT Election Data and Science Lab,Federal Election Commission
HOUSE_2018_IN_7_R_WAYNE_GUNNY_HARMON,2018,House,IN-7,IN,7,R,"WAYNE \""GUNNY\"" HARMON","WAYNE \""GUNNY\"" HARMON","HARMON, WAYNE E",H8IN07150,C00546721,C,False,True,False,N,76457,0.3513713487380283,high_confidence_automatic,92.5,last_exact+first_match+token_overlap+scope_same_race,2.0,6,MIT Election Data and Science Lab,Federal Election Commission
HOUSE_2018_IN_8_D_WILLIAM_TANOOS,2018,House,IN-8,IN,8,D,WILLIAM TANOOS,WILLIAM TANOOS,"TANOOS, WILLIAM",H8IN08141,C00652636,C,False,True,False,C,86895,0.3557028298218109,high_confidence_automatic,100.0,last_exact+first_match+token_overlap+scope_same_race,0.0,2,MIT Election Data and Science Lab,Federal Election Commission
HOUSE_2018_IN_8_R_LARRY_D_BUCSHON,2018,House,IN-8,IN,8,R,LARRY D BUCSHON,LARRY D BUCSHON,"BUCSHON, LARRY D.",H0IN08114,C00468256,I,True,False,False,C,157396,0.6442971701781891,high_confidence_automatic,100.0,last_exact+first_match+token_overlap+scope_same_race,2.0,3,MIT Election Data and Science Lab,Federal Election Commission
HOUSE_2018_IN_9_D_LIZ_WATSON,2018,House,IN-9,IN,9,D,LIZ WATSON,LIZ WATSON,"WATSON, LIZ",H8IN09107,C00651331,C,False,True,False,C,118090,0.43517675716112486,high_confidence_automatic,100.0,last_exact+first_match+token_overlap+scope_same_race,2.0,6,MIT Election Data and Science Lab,Federal Election Commission
HOUSE_2018_IN_9_R_TREY_HOLLINGSWORTH,2018,House,IN-9,IN,9,R,TREY HOLLINGSWORTH,TREY HOLLINGSWORTH,"HOLLINGSWORTH, TREY",H6IN09176,C00590463,I,True,False,False,C,153271,0.5648232428388752,high_confidence_automatic,100.0,last_exact+first_match+token_overlap+scope_same_race,0.0,2,MIT Election Data and Science Lab,Federal Election Commission
HOUSE_2018_KS_1_D_ALAN_LAPOLICE,2018,House,KS-1,KS,1,D,ALAN LAPOLICE,ALAN LAPOLICE,"LAPOLICE, ALAN",H4KS01059,C00552810,C,False,True,False,C,71558,0.31854522792022794,high_confidence_automatic,100.0,last_exact+first_match+token_overlap+scope_same_race,,1,MIT Election Data and Science Lab,Federal Election Commission
HOUSE_2018_KS_1_R_ROGER_MARSHALL,2018,House,KS-1,KS,1,R,ROGER MARSHALL,ROGER MARSHALL,"MARSHALL, ROGER W",H6KS01179,C00576173,I,True,False,False,C,153082,0.6814547720797721,high_confidence_automatic,95.0,last_exact+first_match+token_overlap+scope_same_race,2.0,3,MIT Election Data and Science Lab,Federal Election Commission
HOUSE_2018_KS_2_D_PAUL_DAVIS,2018,House,KS-2,KS,2,D,PAUL DAVIS,PAUL DAVIS,"DAVIS, PAUL T.",H8KS02173,C00653121,O,False,False,True,C,123859,0.46794338995345464,high_confidence_automatic,95.0,last_exact+first_match+token_overlap+scope_same_race,0.0,2,MIT Election Data and Science Lab,Federal Election Commission
HOUSE_2018_KS_2_R_STEVE_WATKINS,2018,House,KS-2,KS,2,R,STEVE WATKINS,STEVE WATKINS,"WATKINS, STEVE",H8KS02199,C00660050,O,False,False,True,C,126098,0.4764024058514175,high_confidence_automatic,100.0,last_exact+first_match+token_overlap+scope_same_race,2.0,11,MIT Election Data and Science Lab,Federal Election Commission
HOUSE_2018_KS_3_D_SHARICE_DAVIDS,2018,House,KS-3,KS,3,D,SHARICE DAVIDS,SHARICE DAVIDS,"DAVIDS, SHARICE",H8KS03155,C00670034,C,False,True,False,C,170518,0.5357130514827161,high_confidence_automatic,100.0,last_exact+first_match+token_overlap+scope_same_race,2.0,9,MIT Election Data and Science Lab,Federal Election Commission
HOUSE_2018_KS_3_R_KEVIN_YODER,2018,House,KS-3,KS,3,R,KEVIN YODER,KEVIN YODER,"YODER, KEVIN",H0KS03137,C00472365,I,True,False,False,C,139762,0.43908753035648646,high_confidence_automatic,100.0,last_exact+first_match+token_overlap+scope_same_race,2.0,3,MIT Election Data and Science Lab,Federal Election Commission
HOUSE_2018_KS_4_D_JAMES_A_THOMPSON,2018,House,KS-4,KS,4,D,JAMES A THOMPSON,JAMES A THOMPSON,"THOMPSON, JAMES A MR.",H8KS04120,C00631572,C,False,True,False,C,98445,0.4056359268705731,high_confidence_automatic,100.0,last_exact+first_match+token_overlap+scope_same_race,2.0,2,MIT Election Data and Science Lab,Federal Election Commission
HOUSE_2018_KS_4_R_RON_ESTES,2018,House,KS-4,KS,4,R,RON ESTES,RON ESTES,"ESTES, RON",H8KS04112,C00632067,I,True,False,False,F,144248,0.5943640731294269,review_required,100.0,last_exact+first_match+token_overlap+scope_same_race,95.0,3,MIT Election Data and Science Lab,Federal Election Commission
HOUSE_2018_KY_1_D_PAUL_WALKER,2018,House,KY-1,KY,1,D,PAUL WALKER,PAUL WALKER,"WALKER, PAUL",H8KY01074,C00665679,C,False,True,False,C,78849,0.31411941868247445,high_confidence_automatic,100.0,last_exact+first_match+token_overlap+scope_same_race,0.0,3,MIT Election Data and Science Lab,Federal Election Commission
HOUSE_2018_KY_1_R_JAMES_R_COMER,2018,House,KY-1,KY,1,R,JAMES R COMER,JAMES R COMER,"COMER, JAMES",H6KY01110,C00588764,I,True,False,False,C,172167,0.6858805813175256,high_confidence_automatic,95.0,last_exact+first_match+token_overlap+scope_same_race,0.0,2,MIT Election Data and Science Lab,Federal Election Commission
HOUSE_2018_KY_2_D_HANK_LINDERMAN,2018,House,KY-2,KY,2,D,HANK LINDERMAN,HANK LINDERMAN,"LINDERMAN, HANK",H8KY02080,C00668194,C,False,True,False,C,79964,0.31072684528551164,high_confidence_automatic,100.0,last_exact+first_match+token_overlap+scope_same_race,2.0,4,MIT Election Data and Science Lab,Federal Election Commission
HOUSE_2018_KY_2_R_S_BRETT_GUTHRIE,2018,House,KY-2,KY,2,R,S BRETT GUTHRIE,S BRETT GUTHRIE,"GUTHRIE, S. BRETT HON.",H8KY02031,C00445023,I,True,False,False,C,171700,0.6671977306728322,high_confidence_automatic,100.0,last_exact+first_match+token_overlap+scope_same_race,,1,MIT Election Data and Science Lab,Federal Election Commission
HOUSE_2018_KY_3_D_JOHN_A_YARMUTH,2018,House,KY-3,KY,3,D,JOHN A YARMUTH,JOHN A YARMUTH,"YARMUTH, JOHN A",H6KY03124,C00419630,I,True,False,False,C,173002,0.6207017795637199,high_confidence_automatic,100.0,last_exact+first_match+token_overlap+scope_same_race,,1,MIT Election Data and Science Lab,Federal Election Commission
HOUSE_2018_KY_3_R_VICKIE_YATES_B_GLISSON,2018,House,KY-3,KY,3,R,VICKIE YATES B GLISSON,VICKIE YATES B GLISSON,"GLISSON, VICKIE YATES BROWN",H8KY03211,C00668699,C,False,True,False,C,101930,0.3657075200918484,high_confidence_automatic,94.0,last_exact+first_match+token_overlap+scope_same_race,0.0,2,MIT Election Data and Science Lab,Federal Election Commission
HOUSE_2018_KY_4_D_SETH_HALL,2018,House,KY-4,KY,4,D,SETH HALL,SETH HALL,"HALL, SETH BLANE 1962",H8KY04169,C00666131,C,False,True,False,C,90536,0.3458053870716392,high_confidence_automatic,92.5,last_exact+first_match+token_overlap+scope_same_race,2.0,4,MIT Election Data and Science Lab,Federal Election Commission
HOUSE_2018_KY_4_R_THOMAS_MASSIE,2018,House,KY-4,KY,4,R,THOMAS MASSIE,THOMAS MASSIE,"MASSIE, THOMAS H.",H2KY04121,C00509729,I,True,False,False,C,162946,0.622377889477946,high_confidence_automatic,95.0,last_exact+first_match+token_overlap+scope_same_race,,1,MIT Election Data and Science Lab,Federal Election Commission
HOUSE_2018_KY_5_D_KENNETH_S_STEPP,2018,House,KY-5,KY,5,D,KENNETH S STEPP,KENNETH S STEPP,"STEPP, KENNETH STEPHENSON",H6KY05111,C00669200,C,False,True,False,N,45890,0.21048817294064223,high_confidence_automatic,92.5,last_exact+first_match+token_overlap+scope_same_race,0.0,2,MIT Election Data and Science Lab,Federal Election Commission
HOUSE_2018_KY_5_R_HAROLD_HAL_ROGERS,2018,House,KY-5,KY,5,R,"HAROLD \""HAL\"" ROGERS","HAROLD \""HAL\"" ROGERS","ROGERS, HAROLD DALLAS",H0KY05015,C00116632,I,True,False,False,C,172093,0.789355875917933,high_confidence_automatic,92.5,last_exact+first_match+token_overlap+scope_same_race,2.0,2,MIT Election Data and Science Lab,Federal Election Commission
HOUSE_2018_KY_6_D_AMY_MCGRATH,2018,House,KY-6,KY,6,D,AMY MCGRATH,AMY MCGRATH,"MCGRATH, AMY",H8KY06164,C00646745,C,False,True,False,C,144736,0.4778531998626555,high_confidence_automatic,100.0,last_exact+first_match+token_overlap+scope_same_race,2.0,6,MIT Election Data and Science Lab,Federal Election Commission
HOUSE_2018_KY_6_R_ANDY_BARR,2018,House,KY-6,KY,6,R,ANDY BARR,ANDY BARR,"BARR, GARLAND ANDY",H0KY06104,C00467571,I,True,False,False,C,154468,0.5099838884340087,high_confidence_automatic,92.0,last_exact+alternate_given_name_match+token_overlap+scope_same_race,0.0,2,MIT Election Data and Science Lab,Federal Election Commission
HOUSE_2018_LA_1_D_LEE_ANN_DUGAS,2018,House,LA-1,LA,1,D,LEE ANN DUGAS,LEE ANN DUGAS,,,,,False,False,False,,18560,0.06891302329898821,unmatched,0.0,last_name_mismatch+scope_same_race,2.0,2,MIT Election Data and Science Lab,Federal Election Commission
HOUSE_2018_LA_1_D_TAMMY_M_SAVOIE,2018,House,LA-1,LA,1,D,TAMMY M SAVOIE,TAMMY M SAVOIE,"SAVOIE, TAMMY MARIE DR",H8LA01122,C00678326,C,False,True,False,C,44273,0.16438503666573842,high_confidence_automatic,92.5,last_exact+first_match+token_overlap+scope_same_race,2.0,2,MIT Election Data and Science Lab,Federal Election Commission
HOUSE_2018_LA_1_D_JIM_FRANCIS,2018,House,LA-1,LA,1,D,"\""JIM\"" FRANCIS","\""JIM\"" FRANCIS","FRANCIS, JIM",H8LA01130,C00670950,C,False,True,False,C,8688,0.03225842383737121,high_confidence_automatic,100.0,last_exact+first_match+token_overlap+scope_same_race,2.0,2,MIT Election Data and Science Lab,Federal Election Commission
HOUSE_2018_LA_1_R_STEVE_SCALISE,2018,House,LA-1,LA,1,R,STEVE SCALISE,STEVE SCALISE,"SCALISE, STEVE MR",H0LA01087,C00394957,I,True,False,False,C,192555,0.714954051796157,high_confidence_automatic,100.0,last_exact+first_match+token_overlap+scope_same_race,,1,MIT Election Data and Science Lab,Federal Election Commission
HOUSE_2018_LA_2_D_CEDRIC_RICHMOND,2018,House,LA-2,LA,2,D,CEDRIC RICHMOND,CEDRIC RICHMOND,"RICHMOND, CEDRIC L.",H8LA02054,C00451336,I,True,False,False,C,190182,0.8059174004796976,high_confidence_automatic,95.0,last_exact+first_match+token_overlap+scope_same_race,,1,MIT Election Data and Science Lab,Federal Election Commission
HOUSE_2018_LA_3_D_LARRY_RADER,2018,House,LA-3,LA,3,D,LARRY RADER,LARRY RADER,"RADER, LARRY",H6LA03155,C00622829,C,False,True,False,C,9692,0.039407504990993845,high_confidence_automatic,100.0,last_exact+first_match+token_overlap+scope_same_race,2.0,6,MIT Election Data and Science Lab,Federal Election Commission
HOUSE_2018_LA_3_D_MILDRED_MIMI_METHVIN,2018,House,LA-3,LA,3,D,"MILDRED \""MIMI\"" METHVIN","MILDRED \""MIMI\"" METHVIN","METHVIN, MIMI",H8LA03094,C00673384,C,False,True,False,C,43729,0.1778013604778343,high_confidence_automatic,92.0,last_exact+alternate_given_name_match+token_overlap+scope_same_race,2.0,6,MIT Election Data and Science Lab,Federal Election Commission
HOUSE_2018_LA_3_D_VERONE_THOMAS,2018,House,LA-3,LA,3,D,VERONE THOMAS,VERONE THOMAS,"THOMAS, VERONE A MR",H8LA03086,C00675421,C,False,True,False,N,7815,0.03177565533477269,high_confidence_automatic,95.0,last_exact+first_match+token_overlap+scope_same_race,2.0,6,MIT Election Data and Science Lab,Federal Election Commission
HOUSE_2018_LA_3_D_ROB_ANDERSON,2018,House,LA-3,LA,3,D,"\""ROB\"" ANDERSON","\""ROB\"" ANDERSON","ANDERSON, ROBERT JON",H8LA03060,C00668913,C,False,True,False,C,13477,0.05479724976925548,high_confidence_automatic,88.75,last_exact+first_match+scope_same_race,2.0,6,MIT Election Data and Science Lab,Federal Election Commission
HOUSE_2018_LA_3_R_CLAY_HIGGINS,2018,House,LA-3,LA,3,R,CLAY HIGGINS,CLAY HIGGINS,"HIGGINS, CLAY CAPTAIN",H6LA03148,C00617662,I,True,False,False,C,136876,0.5565354574027316,high_confidence_automatic,95.0,last_exact+first_match+token_overlap+scope_same_race,2.0,2,MIT Election Data and Science Lab,Federal Election Commission
HOUSE_2018_LA_3_R_JOSH_GUILLORY,2018,House,LA-3,LA,3,R,"\""JOSH\"" GUILLORY","\""JOSH\"" GUILLORY","GUILLORY, JOSHUA S",H8LA03037,C00632448,C,False,True,False,C,31387,0.12761900115067312,probable_automatic,70.75,last_exact+first_initial+scope_same_race,2.0,2,MIT Election Data and Science Lab,Federal Election Commission
HOUSE_2018_LA_4_D_RYAN_TRUNDLE,2018,House,LA-4,LA,4,D,RYAN TRUNDLE,RYAN TRUNDLE,"TRUNDLE, RYAN",H8LA04282,C00677179,C,False,True,False,C,72934,0.3362997528496071,high_confidence_automatic,100.0,last_exact+first_match+token_overlap+scope_same_race,,1,MIT Election Data and Science Lab,Federal Election Commission
HOUSE_2018_LA_4_R_MIKE_JOHNSON,2018,House,LA-4,LA,4,R,"\""MIKE\"" JOHNSON","\""MIKE\"" JOHNSON","JOHNSON, JAMES MICHAEL",H6LA04138,C00608695,I,True,False,False,C,139326,0.6424342469290641,high_confidence_automatic,85.75,last_exact+alternate_given_name_match+scope_same_race,,1,MIT Election Data and Science Lab,Federal Election Commission
HOUSE_2018_LA_5_D_JESSEE_CARLTON_FLEENOR,2018,House,LA-5,LA,5,D,JESSEE CARLTON FLEENOR,JESSEE CARLTON FLEENOR,"FLEENOR, JESSEE CARLTON",H8LA05099,C00683888,C,False,True,False,C,67118,0.2997061791681923,high_confidence_automatic,100.0,last_exact+first_match+token_overlap+scope_same_race,,1,MIT Election Data and Science Lab,Federal Election Commission
HOUSE_2018_LA_5_R_RALPH_ABRAHAM,2018,House,LA-5,LA,5,R,RALPH ABRAHAM,RALPH ABRAHAM,"ABRAHAM, RALPH LEE DR. JR.",H4LA05221,C00563940,I,True,False,False,C,149018,0.6654193421628428,high_confidence_automatic,95.0,last_exact+first_match+token_overlap+scope_same_race,,1,MIT Election Data and Science Lab,Federal Election Commission
HOUSE_2018_LA_6_D_JUSTIN_DEWITT,2018,House,LA-6,LA,6,D,JUSTIN DEWITT,JUSTIN DEWITT,"DEWITT, JUSTIN",H8LA06154,C00662270,C,False,True,False,C,55089,0.2051540824876641,high_confidence_automatic,100.0,last_exact+first_match+token_overlap+scope_same_race,74.0,3,MIT Election Data and Science Lab,Federal Election Commission
HOUSE_2018_LA_6_D_ANDIE_SAIZAN,2018,House,LA-6,LA,6,D,"\""ANDIE\"" SAIZAN","\""ANDIE\"" SAIZAN","SAIZAN, ANDIE",H8LA06162,C00676569,C,False,True,False,C,21627,0.08053998696583185,high_confidence_automatic,100.0,last_exact+first_match+token_overlap+scope_same_race,2.0,3,MIT Election Data and Science Lab,Federal Election Commission
HOUSE_2018_LA_6_R_GARRET_GRAVES,2018,House,LA-6,LA,6,R,GARRET GRAVES,GARRET GRAVES,"GRAVES, GARRET",H4LA06153,C00558486,I,True,False,False,C,186553,0.6947323340471092,high_confidence_automatic,100.0,last_exact+first_match+token_overlap+scope_same_race,,1,MIT Election Data and Science Lab,Federal Election Commission
HOUSE_2018_MA_1_D_RICHARD_E_NEAL,2018,House,MA-1,MA,1,D,RICHARD E NEAL,RICHARD E NEAL,"NEAL, RICHARD E MR.",H8MA02041,C00226522,I,True,False,False,C,211790,0.9764407561088059,high_confidence_automatic,100.0,last_exact+first_match+token_overlap+scope_same_race,2.0,2,MIT Election Data and Science Lab,Federal Election Commission
HOUSE_2018_MA_2_D_JAMES_P_MCGOVERN,2018,House,MA-2,MA,2,D,JAMES P MCGOVERN,JAMES P MCGOVERN,"MCGOVERN, JAMES P. MR.",H4MA03022,C00285171,I,True,False,False,C,191332,0.6715924926200363,high_confidence_automatic,100.0,last_exact+first_match+token_overlap+scope_same_race,0.0,2,MIT Election Data and Science Lab,Federal Election Commission
HOUSE_2018_MA_2_R_TRACY_LYN_LOVVORN,2018,House,MA-2,MA,2,R,TRACY LYN LOVVORN,TRACY LYN LOVVORN,"LOVVORN, TRACY LYN",H8MA02116,C00669614,C,False,True,False,C,93391,0.3278107921219546,high_confidence_automatic,100.0,last_exact+first_match+token_overlap+scope_same_race,2.0,4,MIT Election Data and Science Lab,Federal Election Commission
HOUSE_2018_MA_3_D_LORI_LOUREIRO_TRAHAN,2018,House,MA-3,MA,3,D,LORI LOUREIRO TRAHAN,LORI LOUREIRO TRAHAN,"TRAHAN, LORI",H8MA03106,C00655647,O,False,False,True,C,173175,0.6199722905411936,high_confidence_automatic,95.0,last_exact+first_match+token_overlap+scope_same_race,2.0,16,MIT Election Data and Science Lab,Federal Election Commission
HOUSE_2018_MA_3_R_RICK_GREEN,2018,House,MA-3,MA,3,R,RICK GREEN,RICK GREEN,"GREEN, RICK",H8MA03114,C00657098,O,False,False,True,C,93445,0.3345362245683375,high_confidence_automatic,100.0,last_exact+first_match+token_overlap+scope_same_race,2.0,3,MIT Election Data and Science Lab,Federal Election Commission
HOUSE_2018_MA_4_D_JOSEPH_P_KENNEDY,2018,House,MA-4,MA,4,D,JOSEPH P KENNEDY III,JOSEPH P KENNEDY III,"KENNEDY, JOSEPH P III",H2MA04073,C00512970,I,True,False,False,C,245289,0.9771847212926666,high_confidence_automatic,100.0,last_exact+first_match+token_overlap+scope_same_race,0.0,2,MIT Election Data and Science Lab,Federal Election Commission
HOUSE_2018_MA_5_D_KATHERINE_M_CLARK,2018,House,MA-5,MA,5,D,KATHERINE M CLARK,KATHERINE M CLARK,"CLARK, KATHERINE",H4MA05084,C00541888,I,True,False,False,C,236243,0.7588332412534852,high_confidence_automatic,95.0,last_exact+first_match+token_overlap+scope_same_race,,1,MIT Election Data and Science Lab,Federal Election Commission
HOUSE_2018_MA_5_R_JOHN_HUGO,2018,House,MA-5,MA,5,R,JOHN HUGO,JOHN HUGO,"HUGO, JOHN",H8MA05234,,C,False,True,False,N,74856,0.24044403900759337,high_confidence_automatic,100.0,last_exact+first_match+token_overlap+scope_same_race,0.0,2,MIT Election Data and Science Lab,Federal Election Commission
HOUSE_2018_MA_6_D_SETH_W_MOULTON,2018,House,MA-6,MA,6,D,SETH W MOULTON,SETH W MOULTON,"MOULTON, SETH",H4MA06090,C00547240,I,True,False,False,C,217703,0.6518541807021484,high_confidence_automatic,95.0,last_exact+first_match+token_overlap+scope_same_race,,1,MIT Election Data and Science Lab,Federal Election Commission
HOUSE_2018_MA_6_R_JOSEPH_S_SCHNEIDER,2018,House,MA-6,MA,6,R,JOSEPH S SCHNEIDER,JOSEPH S SCHNEIDER,"SCHNEIDER, JOSEPH",H8MA06133,C00672956,C,False,True,False,C,104798,0.3137899543378995,high_confidence_automatic,95.0,last_exact+first_match+token_overlap+scope_same_race,0.0,2,MIT Election Data and Science Lab,Federal Election Commission
HOUSE_2018_MA_7_D_AYANNA_S_PRESSLEY,2018,House,MA-7,MA,7,D,AYANNA S PRESSLEY,AYANNA S PRESSLEY,"PRESSLEY, AYANNA",H8MA07032,C00667741,C,False,True,False,C,216559,0.9825235582616113,high_confidence_automatic,95.0,last_exact+first_match+token_overlap+scope_same_race,2.0,3,MIT Election Data and Science Lab,Federal Election Commission
HOUSE_2018_MA_8_D_STEPHEN_F_LYNCH,2018,House,MA-8,MA,8,D,STEPHEN F LYNCH,STEPHEN F LYNCH,"LYNCH, STEPHEN",H2MA09072,C00366948,I,True,False,False,C,259159,0.9842465259184147,high_confidence_automatic,95.0,last_exact+first_match+token_overlap+scope_same_race,2.0,3,MIT Election Data and Science Lab,Federal Election Commission
HOUSE_2018_MA_9_D_BILL_KEATING,2018,House,MA-9,MA,9,D,BILL KEATING,BILL KEATING,"KEATING, WILLIAM RICHARD",H0MA10082,C00479063,I,True,False,False,C,192347,0.5937955348102048,high_confidence_automatic,88.75,last_exact+first_match+scope_same_race,2.0,2,MIT Election Data and Science Lab,Federal Election Commission
HOUSE_2018_MA_9_R_PETER_D_TEDESCHI,2018,House,MA-9,MA,9,R,PETER D TEDESCHI,PETER D TEDESCHI,"TEDESCHI, PETER D. MR.",H8MA09046,C00658492,C,False,True,False,C,131463,0.40584018670815736,high_confidence_automatic,100.0,last_exact+first_match+token_overlap+scope_same_race,2.0,2,MIT Election Data and Science Lab,Federal Election Commission
HOUSE_2018_MD_1_D_JESSE_COLVIN,2018,House,MD-1,MD,1,D,JESSE COLVIN,JESSE COLVIN,"COLVIN, JESSE",H8MD01193,C00657650,C,False,True,False,C,116631,0.3809827133393438,high_confidence_automatic,100.0,last_exact+first_match+token_overlap+scope_same_race,2.0,6,MIT Election Data and Science Lab,Federal Election Commission
HOUSE_2018_MD_1_R_ANDY_HARRIS,2018,House,MD-1,MD,1,R,ANDY HARRIS,ANDY HARRIS,"HARRIS, ANDREW P",H8MD01094,C00435974,I,True,False,False,C,183662,0.5999438150863027,probable_automatic,70.75,last_exact+first_initial+scope_same_race,0.0,3,MIT Election Data and Science Lab,Federal Election Commission
HOUSE_2018_MD_2_D_CA_DUTCH_RUPPERSBERGER,2018,House,MD-2,MD,2,D,CA DUTCH RUPPERSBERGER,CA DUTCH RUPPERSBERGER,"RUPPERSBERGER, C.A. DUTCH",H2MD02160,C00376673,I,True,False,False,C,167201,0.6600855895334423,probable_automatic,73.0,last_exact+first_initial+scope_same_race,0.0,2,MIT Election Data and Science Lab,Federal Election Commission
HOUSE_2018_MD_2_R_LIZ_MATORY,2018,House,MD-2,MD,2,R,LIZ MATORY,LIZ MATORY,"MATORY, LIZ",H8MD02118,C00583781,C,False,True,False,C,77782,0.30707219050777335,high_confidence_automatic,100.0,last_exact+first_match+token_overlap+scope_same_race,0.0,4,MIT Election Data and Science Lab,Federal Election Commission
HOUSE_2018_MD_3_D_JOHN_SARBANES,2018,House,MD-3,MD,3,D,JOHN SARBANES,JOHN SARBANES,"SARBANES, JOHN P. MR.",H6MD03292,C00415182,I,True,False,False,C,202407,0.6910919147773832,high_confidence_automatic,95.0,last_exact+first_match+token_overlap+scope_same_race,2.0,4,MIT Election Data and Science Lab,Federal Election Commission
HOUSE_2018_MD_3_R_CHARLES_ANTHONY,2018,House,MD-3,MD,3,R,CHARLES ANTHONY,CHARLES ANTHONY,"ANTHONY, CHARLES",H8MD03165,C00684878,C,False,True,False,N,82774,0.28262086861513247,high_confidence_automatic,100.0,last_exact+first_match+token_overlap+scope_same_race,0.0,3,MIT Election Data and Science Lab,Federal Election Commission
HOUSE_2018_MD_4_D_ANTHONY_G_BROWN,2018,House,MD-4,MD,4,D,ANTHONY G BROWN,ANTHONY G BROWN,"BROWN, ANTHONY",H6MD04209,C00574640,I,True,False,False,C,209642,0.7805482848877255,high_confidence_automatic,95.0,last_exact+first_match+token_overlap+scope_same_race,2.0,2,MIT Election Data and Science Lab,Federal Election Commission
HOUSE_2018_MD_4_R_GEORGE_MCDERMOTT,2018,House,MD-4,MD,4,R,GEORGE MCDERMOTT,GEORGE MCDERMOTT,,,,,False,False,False,,53327,0.1985494242003403,unmatched,0.0,last_name_mismatch+scope_same_race,,1,MIT Election Data and Science Lab,Federal Election Commission
HOUSE_2018_MD_5_D_STENY_H_HOYER,2018,House,MD-5,MD,5,D,STENY H HOYER,STENY H HOYER,"HOYER, STENY",H2MD05155,C00140715,I,True,False,False,C,213796,0.702793145501941,high_confidence_automatic,95.0,last_exact+first_match+token_overlap+scope_same_race,0.0,2,MIT Election Data and Science Lab,Federal Election Commission
HOUSE_2018_MD_5_R_WILLIAM_A_DEVINE,2018,House,MD-5,MD,5,R,WILLIAM A DEVINE III,WILLIAM A DEVINE III,"DEVINE, WILLIAM A., III",H8MD05145,,C,False,True,False,N,82361,0.2707382095861727,high_confidence_automatic,100.0,last_exact+first_match+token_overlap+scope_same_race,0.0,2,MIT Election Data and Science Lab,Federal Election Commission
HOUSE_2018_MD_6_D_DAVID_TRONE,2018,House,MD-6,MD,6,D,DAVID TRONE,DAVID TRONE,,,,,False,False,False,,163346,0.5897521066959354,unmatched,0.0,last_name_mismatch+scope_same_race,2.0,10,MIT Election Data and Science Lab,Federal Election Commission
HOUSE_2018_MD_6_R_AMIE_HOEBER,2018,House,MD-6,MD,6,R,AMIE HOEBER,AMIE HOEBER,"HOEBER, AMIE",H6MD06212,C00582296,O,False,False,True,C,105209,0.3798515384115477,high_confidence_automatic,100.0,last_exact+first_match+token_overlap+scope_same_race,2.0,5,MIT Election Data and Science Lab,Federal Election Commission
HOUSE_2018_MD_7_D_ELIJAH_CUMMINGS,2018,House,MD-7,MD,7,D,ELIJAH CUMMINGS,ELIJAH CUMMINGS,"CUMMINGS, ELIJAH E",H6MD07160,C00310318,I,True,False,False,C,202345,0.764402553738053,high_confidence_automatic,95.0,last_exact+first_match+token_overlap+scope_same_race,2.0,5,MIT Election Data and Science Lab,Federal Election Commission
HOUSE_2018_MD_7_R_RICHMOND_DAVIS,2018,House,MD-7,MD,7,R,RICHMOND DAVIS,RICHMOND DAVIS,"DAVIS, RICHMOND",H8MD07083,C00674416,C,False,True,False,C,56266,0.21255713800007556,high_confidence_automatic,100.0,last_exact+first_match+token_overlap+scope_same_race,0.0,6,MIT Election Data and Science Lab,Federal Election Commission
HOUSE_2018_MD_8_D_JAMIE_RASKIN,2018,House,MD-8,MD,8,D,JAMIE RASKIN,JAMIE RASKIN,"RASKIN, JAMIE",H6MD08457,C00575126,I,True,False,False,C,217679,0.6816741302101275,high_confidence_automatic,100.0,last_exact+first_match+token_overlap+scope_same_race,0.0,3,MIT Election Data and Science Lab,Federal Election Commission
HOUSE_2018_MD_8_R_JOHN_WALSH,2018,House,MD-8,MD,8,R,JOHN WALSH,JOHN WALSH,"WALSH, JOHN",H8MD08248,,C,False,True,False,N,96525,0.30227351016190146,high_confidence_automatic,100.0,last_exact+first_match+token_overlap+scope_same_race,2.0,4,MIT Election Data and Science Lab,Federal Election Commission
HOUSE_2018_ME_1_D_CHELLIE_PINGREE,2018,House,ME-1,ME,1,D,CHELLIE PINGREE,CHELLIE PINGREE,"PINGREE, CHELLIE M",H8ME01120,C00433391,I,True,False,False,C,201195,0.5881983201433696,high_confidence_automatic,95.0,last_exact+first_match+token_overlap+scope_same_race,,1,MIT Election Data and Science Lab,Federal Election Commission
HOUSE_2018_ME_1_R_MARK_I_HOLBROOK,2018,House,ME-1,ME,1,R,MARK I HOLBROOK,MARK I HOLBROOK,"HOLBROOK, MARK IRVING DR",H6ME01207,C00592469,C,False,True,False,C,111188,0.32506073620169973,high_confidence_automatic,92.5,last_exact+first_match+token_overlap+scope_same_race,0.0,2,MIT Election Data and Science Lab,Federal Election Commission
HOUSE_2018_ME_2_D_JARED_F_GOLDEN,2018,House,ME-2,ME,2,D,JARED F GOLDEN,JARED F GOLDEN,"GOLDEN, JARED",H8ME02185,C00653816,C,False,True,False,C,139231,0.49483066840577034,high_confidence_automatic,95.0,last_exact+first_match+token_overlap+scope_same_race,2.0,6,MIT Election Data and Science Lab,Federal Election Commission
HOUSE_2018_ME_2_R_BRUCE_POLIQUIN,2018,House,ME-2,ME,2,R,BRUCE POLIQUIN,BRUCE POLIQUIN,"POLIQUIN, BRUCE L",H4ME02234,C00518654,I,True,False,False,C,136326,0.4845062213234484,high_confidence_automatic,95.0,last_exact+first_match+token_overlap+scope_same_race,,1,MIT Election Data and Science Lab,Federal Election Commission
HOUSE_2018_MI_1_D_MATTHEW_W_MORGAN,2018,House,MI-1,MI,1,D,MATTHEW W MORGAN,MATTHEW W MORGAN,"MORGAN, MATTHEW WADE",H8MI01149,C00636324,C,False,True,False,C,145246,0.43683401654751775,high_confidence_automatic,92.5,last_exact+first_match+token_overlap+scope_same_race,2.0,3,MIT Election Data and Science Lab,Federal Election Commission
HOUSE_2018_MI_1_R_JACK_BERGMAN,2018,House,MI-1,MI,1,R,JACK BERGMAN,JACK BERGMAN,"BERGMAN, JOHN",H6MI01226,C00614214,I,True,False,False,C,187251,0.5631659834524823,high_confidence_automatic,90.0,last_exact+first_match+scope_same_race,,1,MIT Election Data and Science Lab,Federal Election Commission
HOUSE_2018_MI_10_D_KIMBERLY_BIZON,2018,House,MI-10,MI,10,D,KIMBERLY BIZON,KIMBERLY BIZON,"BIZON, KIMBERLY ANN",H8MI10108,C00666594,C,False,True,False,C,106061,0.34996238418287884,high_confidence_automatic,95.0,last_exact+first_match+token_overlap+scope_same_race,2.0,3,MIT Election Data and Science Lab,Federal Election Commission
HOUSE_2018_MI_10_R_PAUL_MITCHELL,2018,House,MI-10,MI,10,R,PAUL MITCHELL,PAUL MITCHELL,"MITCHELL, PAUL III",H4MI04118,C00581090,I,True,False,False,C,182808,0.6031993242351451,high_confidence_automatic,100.0,last_exact+first_match+token_overlap+scope_same_race,,1,MIT Election Data and Science Lab,Federal Election Commission
HOUSE_2018_MI_11_D_HALEY_STEVENS,2018,House,MI-11,MI,11,D,HALEY STEVENS,HALEY STEVENS,"STEVENS, HALEY",H8MI11254,C00638650,O,False,False,True,C,181912,0.5184140256083625,high_confidence_automatic,100.0,last_exact+first_match+token_overlap+scope_same_race,2.0,6,MIT Election Data and Science Lab,Federal Election Commission
HOUSE_2018_MI_11_R_LENA_EPSTEIN,2018,House,MI-11,MI,11,R,LENA EPSTEIN,LENA EPSTEIN,"EPSTEIN, LENA ROSE",H8MI11320,C00641498,O,False,False,True,C,158463,0.4515889096924774,high_confidence_automatic,95.0,last_exact+first_match+token_overlap+scope_same_race,2.0,8,MIT Election Data and Science Lab,Federal Election Commission
HOUSE_2018_MI_12_D_DEBBIE_DINGELL,2018,House,MI-12,MI,12,D,DEBBIE DINGELL,DEBBIE DINGELL,"DINGELL, DEBBIE",H4MI12079,C00558213,I,True,False,False,C,200588,0.680817844875572,high_confidence_automatic,100.0,last_exact+first_match+token_overlap+scope_same_race,,1,MIT Election Data and Science Lab,Federal Election Commission
HOUSE_2018_MI_12_R_JEFF_JONES,2018,House,MI-12,MI,12,R,JEFF JONES,JEFF JONES,"JONES, JEFF",H6MI12264,C00611269,C,False,True,False,N,85115,0.28888971856035406,high_confidence_automatic,100.0,last_exact+first_match+token_overlap+scope_same_race,,1,MIT Election Data and Science Lab,Federal Election Commission
HOUSE_2018_MI_13_D_RASHIDA_TLAIB,2018,House,MI-13,MI,13,D,RASHIDA TLAIB,RASHIDA TLAIB,"TLAIB, RASHIDA",H8MI13250,C00668608,O,False,False,True,C,165355,0.8423629259446049,high_confidence_automatic,100.0,last_exact+first_match+token_overlap+scope_same_race,2.0,13,MIT Election Data and Science Lab,Federal Election Commission
HOUSE_2018_MI_14_D_BRENDA_LAWRENCE,2018,House,MI-14,MI,14,D,BRENDA LAWRENCE,BRENDA LAWRENCE,"LAWRENCE, BRENDA LULENAR",H2MI14111,C00552588,I,True,False,False,C,214334,0.8088258602081556,high_confidence_automatic,95.0,last_exact+first_match+token_overlap+scope_same_race,,1,MIT Election Data and Science Lab,Federal Election Commission
HOUSE_2018_MI_14_R_MARC_S_HERSCHFUS,2018,House,MI-14,MI,14,R,MARC S HERSCHFUS,MARC S HERSCHFUS,"HERSCHFUS, MARC S",H8MI14100,,C,False,True,False,N,45899,0.17320769526857213,high_confidence_automatic,100.0,last_exact+first_match+token_overlap+scope_same_race,,1,MIT Election Data and Science Lab,Federal Election Commission
HOUSE_2018_MI_2_D_ROB_DAVIDSON,2018,House,MI-2,MI,2,D,ROB DAVIDSON,ROB DAVIDSON,"DAVIDSON, ROBERT MICHAEL DR",H8MI02113,C00638254,C,False,True,False,C,131254,0.429688702068663,high_confidence_automatic,88.75,last_exact+first_match+scope_same_race,2.0,2,MIT Election Data and Science Lab,Federal Election Commission
HOUSE_2018_MI_2_R_BILL_HUIZENGA,2018,House,MI-2,MI,2,R,BILL HUIZENGA,BILL HUIZENGA,"HUIZENGA, WILLIAM P",H0MI02094,C00459297,I,True,False,False,C,168970,0.5531602845516478,high_confidence_automatic,88.75,last_exact+first_match+scope_same_race,,1,MIT Election Data and Science Lab,Federal Election Commission
HOUSE_2018_MI_3_D_CATHY_ALBRO,2018,House,MI-3,MI,3,D,CATHY ALBRO,CATHY ALBRO,"ALBRO, CATHERINE",H8MI03079,C00656785,C,False,True,False,C,134185,0.43182403295359467,probable_automatic,72.0,last_exact+first_initial+scope_same_race,2.0,3,MIT Election Data and Science Lab,Federal Election Commission
HOUSE_2018_MI_3_R_JUSTIN_AMASH,2018,House,MI-3,MI,3,R,JUSTIN AMASH,JUSTIN AMASH,"AMASH, JUSTIN",H0MI03126,C00476291,I,True,False,False,C,169107,0.5442073759413014,high_confidence_automatic,100.0,last_exact+first_match+token_overlap+scope_same_race,0.0,2,MIT Election Data and Science Lab,Federal Election Commission
HOUSE_2018_MI_4_D_JERRY_HILLIARD,2018,House,MI-4,MI,4,D,JERRY HILLIARD,JERRY HILLIARD,"HILLIARD, JEROME C",H8MI04101,,C,False,True,False,N,106540,0.37375898965093846,probable_automatic,70.75,last_exact+first_initial+scope_same_race,0.0,4,MIT Election Data and Science Lab,Federal Election Commission
HOUSE_2018_MI_4_R_JOHN_MOOLENAAR,2018,House,MI-4,MI,4,R,JOHN MOOLENAAR,JOHN MOOLENAAR,"MOOLENAAR, JOHN MR.",H4MI04126,C00561530,I,True,False,False,C,178510,0.6262410103490615,high_confidence_automatic,100.0,last_exact+first_match+token_overlap+scope_same_race,,1,MIT Election Data and Science Lab,Federal Election Commission
HOUSE_2018_MI_5_D_DANIEL_T_KILDEE,2018,House,MI-5,MI,5,D,DANIEL T KILDEE,DANIEL T KILDEE,"KILDEE, DANIEL T.",H2MI05119,C00499947,I,True,False,False,C,164502,0.595131198604986,high_confidence_automatic,100.0,last_exact+first_match+token_overlap+scope_same_race,,1,MIT Election Data and Science Lab,Federal Election Commission
HOUSE_2018_MI_5_R_TRAVIS_WINES,2018,House,MI-5,MI,5,R,TRAVIS WINES,TRAVIS WINES,"WINES, TRAVIS RYAN",H8MI05116,C00677914,C,False,True,False,N,99265,0.3591184206242109,high_confidence_automatic,95.0,last_exact+first_match+token_overlap+scope_same_race,,1,MIT Election Data and Science Lab,Federal Election Commission
HOUSE_2018_MI_6_D_MATT_LONGJOHN,2018,House,MI-6,MI,6,D,MATT LONGJOHN,MATT LONGJOHN,"LONGJOHN, MATT",H8MI06155,C00650689,C,False,True,False,C,134082,0.4569346846693339,high_confidence_automatic,100.0,last_exact+first_match+token_overlap+scope_same_race,2.0,7,MIT Election Data and Science Lab,Federal Election Commission
HOUSE_2018_MI_6_R_FRED_UPTON,2018,House,MI-6,MI,6,R,FRED UPTON,FRED UPTON,"UPTON, FREDERICK STEPHEN",H6MI04113,C00200584,I,True,False,False,C,147436,0.5024434463157464,probable_automatic,70.75,last_exact+first_initial+scope_same_race,,1,MIT Election Data and Science Lab,Federal Election Commission
HOUSE_2018_MI_7_D_GRETCHEN_DRISKELL,2018,House,MI-7,MI,7,D,GRETCHEN DRISKELL,GRETCHEN DRISKELL,"DRISKELL, GRETCHEN",H6MI07223,C00572859,C,False,True,False,C,136330,0.46204161865383314,high_confidence_automatic,100.0,last_exact+first_match+token_overlap+scope_same_race,2.0,2,MIT Election Data and Science Lab,Federal Election Commission
HOUSE_2018_MI_7_R_TIM_WALBERG,2018,House,MI-7,MI,7,R,TIM WALBERG,TIM WALBERG,"WALBERG, TIMOTHY L REP",H4MI07103,C00390724,I,True,False,False,C,158730,0.5379583813461669,high_confidence_automatic,88.0,last_exact+first_match+scope_same_race,,1,MIT Election Data and Science Lab,Federal Election Commission
HOUSE_2018_MI_8_D_ELISSA_SLOTKIN,2018,House,MI-8,MI,8,D,ELISSA SLOTKIN,ELISSA SLOTKIN,"SLOTKIN, ELISSA",H8MI08102,C00650150,C,False,True,False,C,172880,0.5060993638628426,high_confidence_automatic,100.0,last_exact+first_match+token_overlap+scope_same_race,2.0,4,MIT Election Data and Science Lab,Federal Election Commission
HOUSE_2018_MI_8_R_MIKE_BISHOP,2018,House,MI-8,MI,8,R,MIKE BISHOP,MIKE BISHOP,"BISHOP, MIKE",H4MI08135,C00561001,I,True,False,False,C,159782,0.46775548679276213,high_confidence_automatic,100.0,last_exact+first_match+token_overlap+scope_same_race,0.0,2,MIT Election Data and Science Lab,Federal Election Commission
HOUSE_2018_MI_9_D_ANDY_LEVIN,2018,House,MI-9,MI,9,D,ANDY LEVIN,ANDY LEVIN,"LEVIN, ANDY",H8MI09118,C00662619,O,False,False,True,C,181734,0.5967041301799628,high_confidence_automatic,100.0,last_exact+first_match+token_overlap+scope_same_race,50.75,5,MIT Election Data and Science Lab,Federal Election Commission
HOUSE_2018_MI_9_R_CANDIUS_STEARNS,2018,House,MI-9,MI,9,R,CANDIUS STEARNS,CANDIUS STEARNS,"STEARNS, CANDIUS MRS.",H8MI09092,C00657171,O,False,False,True,C,112123,0.3681438651444857,high_confidence_automatic,100.0,last_exact+first_match+token_overlap+scope_same_race,,1,MIT Election Data and Science Lab,Federal Election Commission
HOUSE_2018_MN_1_D_DAN_FEEHAN,2018,House,MN-1,MN,1,D,DAN FEEHAN,DAN FEEHAN,"FEEHAN, DANIEL",H8MN01279,C00649327,O,False,False,True,C,144885,0.4967582227311845,high_confidence_automatic,90.0,last_exact+first_match+scope_same_race,2.0,10,MIT Election Data and Science Lab,Federal Election Commission
HOUSE_2018_MN_1_R_JIM_HAGEDORN,2018,House,MN-1,MN,1,R,JIM HAGEDORN,JIM HAGEDORN,"HAGEDORN, JAMES",H0MN01045,C00550707,O,False,False,True,C,146200,0.5012668817565599,high_confidence_automatic,90.0,last_exact+first_match+scope_same_race,2.0,4,MIT Election Data and Science Lab,Federal Election Commission
HOUSE_2018_MN_2_D_ANGIE_CRAIG,2018,House,MN-2,MN,2,D,ANGIE CRAIG,ANGIE CRAIG,"CRAIG, ANGELA DAWN",H6MN02131,C00575209,C,False,True,False,C,177958,0.5265528097334659,probable_automatic,70.75,last_exact+first_initial+scope_same_race,2.0,2,MIT Election Data and Science Lab,Federal Election Commission
HOUSE_2018_MN_2_R_JASON_LEWIS,2018,House,MN-2,MN,2,R,JASON LEWIS,JASON LEWIS,"LEWIS, JASON MARK MR.",H6MN02149,C00589234,I,True,False,False,C,159344,0.4714765894995976,high_confidence_automatic,95.0,last_exact+first_match+token_overlap+scope_same_race,,1,MIT Election Data and Science Lab,Federal Election Commission
HOUSE_2018_MN_3_D_DEAN_PHILLIPS,2018,House,MN-3,MN,3,D,DEAN PHILLIPS,DEAN PHILLIPS,"PHILLIPS, DEAN",H8MN03143,C00640714,C,False,True,False,C,202404,0.5561328647695144,high_confidence_automatic,100.0,last_exact+first_match+token_overlap+scope_same_race,2.0,5,MIT Election Data and Science Lab,Federal Election Commission
HOUSE_2018_MN_3_R_ERIK_PAULSEN,2018,House,MN-3,MN,3,R,ERIK PAULSEN,ERIK PAULSEN,"PAULSEN, ERIK MR.",H8MN03077,C00439661,I,True,False,False,C,160839,0.44192730300124466,high_confidence_automatic,100.0,last_exact+first_match+token_overlap+scope_same_race,,1,MIT Election Data and Science Lab,Federal Election Commission
HOUSE_2018_MN_4_D_BETTY_MCCOLLUM,2018,House,MN-4,MN,4,D,BETTY MCCOLLUM,BETTY MCCOLLUM,"MCCOLLUM, BETTY",H0MN04049,C00354688,I,True,False,False,C,216865,0.6599384079801834,high_confidence_automatic,100.0,last_exact+first_match+token_overlap+scope_same_race,0.0,4,MIT Election Data and Science Lab,Federal Election Commission
HOUSE_2018_MN_4_R_GREG_RYAN,2018,House,MN-4,MN,4,R,GREG RYAN,GREG RYAN,"RYAN, GREGORY",H6MN04236,C00607846,C,False,True,False,C,97747,0.2974523300894058,high_confidence_automatic,90.0,last_exact+first_match+scope_same_race,,1,MIT Election Data and Science Lab,Federal Election Commission
HOUSE_2018_MN_5_D_ILHAN_OMAR,2018,House,MN-5,MN,5,D,ILHAN OMAR,ILHAN OMAR,"OMAR, ILHAN",H8MN05239,C00680934,O,False,False,True,C,267703,0.7796614612154078,high_confidence_automatic,100.0,last_exact+first_match+token_overlap+scope_same_race,2.0,9,MIT Election Data and Science Lab,Federal Election Commission
HOUSE_2018_MN_5_R_JENNIFER_ZIELINSKI,2018,House,MN-5,MN,5,R,JENNIFER ZIELINSKI,JENNIFER ZIELINSKI,"ZIELINSKI, JENNIFER L",H8MN05213,C00676734,O,False,False,True,C,74440,0.2167999580612655,high_confidence_automatic,95.0,last_exact+first_match+token_overlap+scope_same_race,0.0,4,MIT Election Data and Science Lab,Federal Election Commission
HOUSE_2018_MN_6_D_IAN_TODD,2018,House,MN-6,MN,6,D,IAN TODD,IAN TODD,"TODD, IAN ANDREW",H8MN06096,C00646372,C,False,True,False,C,122332,0.387462546638541,high_confidence_automatic,95.0,last_exact+first_match+token_overlap+scope_same_race,0.0,2,MIT Election Data and Science Lab,Federal Election Commission
HOUSE_2018_MN_6_R_TOM_EMMER,2018,House,MN-6,MN,6,R,TOM EMMER,TOM EMMER,"EMMER, THOMAS EARL JR.",H4MN06087,C00545749,I,True,False,False,C,192931,0.6110709919360459,high_confidence_automatic,88.75,last_exact+first_match+scope_same_race,2.0,3,MIT Election Data and Science Lab,Federal Election Commission
HOUSE_2018_MN_7_D_COLLIN_C_PETERSON,2018,House,MN-7,MN,7,D,COLLIN C PETERSON,COLLIN C PETERSON,"PETERSON, COLLIN CLARK",H2MN07014,C00253187,I,True,False,False,C,146672,0.5210206423240464,high_confidence_automatic,92.5,last_exact+first_match+token_overlap+scope_same_race,,1,MIT Election Data and Science Lab,Federal Election Commission
HOUSE_2018_MN_7_R_DAVE_HUGHES,2018,House,MN-7,MN,7,R,DAVE HUGHES,DAVE HUGHES,"HUGHES, DAVID",H6MN07304,C00610071,C,False,True,False,C,134668,0.47837902162985907,high_confidence_automatic,90.0,last_exact+first_match+scope_same_race,2.0,4,MIT Election Data and Science Lab,Federal Election Commission
HOUSE_2018_MN_8_D_JOE_RADINOVICH,2018,House,MN-8,MN,8,D,JOE RADINOVICH,JOE RADINOVICH,"RADINOVICH, JOSEPH",H8MN08068,C00671032,O,False,False,True,C,141950,0.45176648812422227,high_confidence_automatic,90.0,last_exact+first_match+scope_same_race,2.0,7,MIT Election Data and Science Lab,Federal Election Commission
HOUSE_2018_MN_8_R_PETE_STAUBER,2018,House,MN-8,MN,8,R,PETE STAUBER,PETE STAUBER,"STAUBER, PETE",H8MN08043,C00650697,O,False,False,True,C,159364,0.5071878451104512,high_confidence_automatic,100.0,last_exact+first_match+token_overlap+scope_same_race,0.0,2,MIT Election Data and Science Lab,Federal Election Commission
HOUSE_2018_MO_1_D_LACY_CLAY,2018,House,MO-1,MO,1,D,LACY CLAY,LACY CLAY,"CLAY, WILLIAM LACY JR",H0MO01066,C00346080,I,True,False,False,C,219781,0.801024145785877,high_confidence_automatic,92.0,last_exact+alternate_given_name_match+token_overlap+scope_same_race,2.0,5,MIT Election Data and Science Lab,Federal Election Commission
HOUSE_2018_MO_1_R_ROBERT_VROMAN,2018,House,MO-1,MO,1,R,ROBERT VROMAN,ROBERT VROMAN,"VROMAN, ROBERT",H8MO01184,C00684860,C,False,True,False,N,45867,0.16716902050113897,high_confidence_automatic,100.0,last_exact+first_match+token_overlap+scope_same_race,0.0,3,MIT Election Data and Science Lab,Federal Election Commission
HOUSE_2018_MO_2_D_CORT_VANOSTRAN,2018,House,MO-2,MO,2,D,CORT VANOSTRAN,CORT VANOSTRAN,"VANOSTRAN, CORT",H8MO02208,C00650440,C,False,True,False,C,177611,0.47228677944828834,high_confidence_automatic,100.0,last_exact+first_match+token_overlap+scope_same_race,2.0,6,MIT Election Data and Science Lab,Federal Election Commission
HOUSE_2018_MO_2_R_ANN_WAGNER,2018,House,MO-2,MO,2,R,ANN WAGNER,ANN WAGNER,"WAGNER, ANN L.",H2MO02102,C00495846,I,True,False,False,C,192477,0.5118170746624263,high_confidence_automatic,95.0,last_exact+first_match+token_overlap+scope_same_race,2.0,2,MIT Election Data and Science Lab,Federal Election Commission
HOUSE_2018_MO_3_D_KATY_GEPPERT,2018,House,MO-3,MO,3,D,KATY GEPPERT,KATY GEPPERT,"GEPPERT, KATY",H8MO03198,C00665216,C,False,True,False,P,106589,0.32836220918769715,high_confidence_automatic,100.0,last_exact+first_match+token_overlap+scope_same_race,0.0,2,MIT Election Data and Science Lab,Federal Election Commission
HOUSE_2018_MO_3_R_BLAINE_LUETKEMEYER,2018,House,MO-3,MO,3,R,BLAINE LUETKEMEYER,BLAINE LUETKEMEYER,"LUETKEMEYER, W BLAINE",H8MO09153,C00447748,I,True,False,False,C,211243,0.6507633822949527,high_confidence_automatic,92.0,last_exact+alternate_given_name_match+token_overlap+scope_same_race,0.0,2,MIT Election Data and Science Lab,Federal Election Commission
HOUSE_2018_MO_4_D_RENEE_HOAGENSON,2018,House,MO-4,MO,4,D,RENEE HOAGENSON,RENEE HOAGENSON,"HOAGENSON, SUZANNE RENEE",H8MO04071,C00636621,C,False,True,False,C,95968,0.32718296990276696,high_confidence_automatic,92.0,last_exact+alternate_given_name_match+token_overlap+scope_same_race,2.0,2,MIT Election Data and Science Lab,Federal Election Commission
HOUSE_2018_MO_4_R_VICKY_HARTZLER,2018,House,MO-4,MO,4,R,VICKY HARTZLER,VICKY HARTZLER,"HARTZLER, VICKY",H0MO04086,C00464602,I,True,False,False,C,190138,0.6482360321291712,high_confidence_automatic,100.0,last_exact+first_match+token_overlap+scope_same_race,2.0,3,MIT Election Data and Science Lab,Federal Election Commission
HOUSE_2018_MO_5_D_EMANUEL_CLEAVER,2018,House,MO-5,MO,5,D,EMANUEL CLEAVER II,EMANUEL CLEAVER II,"CLEAVER, EMANUEL II",H4MO05234,C00395848,I,True,False,False,C,175019,0.6167309759148651,high_confidence_automatic,100.0,last_exact+first_match+token_overlap+scope_same_race,,1,MIT Election Data and Science Lab,Federal Election Commission
HOUSE_2018_MO_5_R_JACOB_TURK,2018,House,MO-5,MO,5,R,JACOB TURK,JACOB TURK,"TURK, JACOB",H6MO05189,C00563668,C,False,True,False,C,101069,0.35614637842028296,high_confidence_automatic,100.0,last_exact+first_match+token_overlap+scope_same_race,2.0,4,MIT Election Data and Science Lab,Federal Election Commission
HOUSE_2018_MO_6_D_HENRY_ROBERT_MARTIN,2018,House,MO-6,MO,6,D,HENRY ROBERT MARTIN,HENRY ROBERT MARTIN,"MARTIN, HENRY ROBERT",H8MO06092,C00659367,C,False,True,False,C,97660,0.319767917775835,high_confidence_automatic,100.0,last_exact+first_match+token_overlap+scope_same_race,2.0,5,MIT Election Data and Science Lab,Federal Election Commission
HOUSE_2018_MO_6_R_SAM_GRAVES,2018,House,MO-6,MO,6,R,SAM GRAVES,SAM GRAVES,"GRAVES, SAMUEL B JR 'SAM'",H0MO06073,C00359034,I,True,False,False,C,199796,0.6541915922582504,high_confidence_automatic,89.5,last_exact+alternate_given_name_match+token_overlap+scope_same_race,,1,MIT Election Data and Science Lab,Federal Election Commission
HOUSE_2018_MO_7_D_JAMIE_DANIEL_SCHOOLCRAFT,2018,House,MO-7,MO,7,D,JAMIE DANIEL SCHOOLCRAFT,JAMIE DANIEL SCHOOLCRAFT,"SCHOOLCRAFT, JAMIE DANIEL",H8MO07223,C00673871,C,False,True,False,C,89190,0.3008551044846604,high_confidence_automatic,100.0,last_exact+first_match+token_overlap+scope_same_race,2.0,5,MIT Election Data and Science Lab,Federal Election Commission
HOUSE_2018_MO_7_R_BILLY_LONG,2018,House,MO-7,MO,7,R,BILLY LONG,BILLY LONG,"LONG, BILLY MR.",H0MO07113,C00460063,I,True,False,False,C,196343,0.6623028790204247,high_confidence_automatic,100.0,last_exact+first_match+token_overlap+scope_same_race,2.0,4,MIT Election Data and Science Lab,Federal Election Commission
HOUSE_2018_MO_8_D_KATHY_ELLIS,2018,House,MO-8,MO,8,D,KATHY ELLIS,KATHY ELLIS,"ELLIS, KATHRYN GAIL",H8MO08098,C00639450,C,False,True,False,C,66151,0.2501938358314517,high_confidence_automatic,88.75,last_exact+first_match+scope_same_race,,1,MIT Election Data and Science Lab,Federal Election Commission
HOUSE_2018_MO_8_R_JASON_SMITH,2018,House,MO-8,MO,8,R,JASON SMITH,JASON SMITH,"SMITH, JASON T",H4MO08162,C00541862,I,True,False,False,C,194042,0.7338983884205311,high_confidence_automatic,95.0,last_exact+first_match+token_overlap+scope_same_race,,1,MIT Election Data and Science Lab,Federal Election Commission
HOUSE_2018_MS_1_D_RANDY_MACK_WADKINS,2018,House,MS-1,MS,1,D,RANDY MACK WADKINS,RANDY MACK WADKINS,"WADKINS, RANDY MACK DR.",H8MS01145,C00637660,C,False,True,False,C,76601,0.32386553413861774,high_confidence_automatic,100.0,last_exact+first_match+token_overlap+scope_same_race,2.0,2,MIT Election Data and Science Lab,Federal Election Commission
HOUSE_2018_MS_1_R_TRENT_KELLY,2018,House,MS-1,MS,1,R,TRENT KELLY,TRENT KELLY,"KELLY, JOHN TRENT TRENT",H6MS01131,C00573980,I,True,False,False,C,158245,0.6690526422600953,high_confidence_automatic,92.0,last_exact+alternate_given_name_match+token_overlap+scope_same_race,,1,MIT Election Data and Science Lab,Federal Election Commission
HOUSE_2018_MS_2_D_BENNIE_G_THOMPSON,2018,House,MS-2,MS,2,D,BENNIE G THOMPSON,BENNIE G THOMPSON,"THOMPSON, BENNIE G.",H4MS02068,C00279851,I,True,False,False,C,158921,0.7178684518405088,high_confidence_automatic,100.0,last_exact+first_match+token_overlap+scope_same_race,,1,MIT Election Data and Science Lab,Federal Election Commission
HOUSE_2018_MS_3_D_MICHAEL_TED_EVANS,2018,House,MS-3,MS,3,D,MICHAEL TED EVANS,MICHAEL TED EVANS,"EVANS, MICHAEL TED",H8MS03216,,O,False,False,True,N,94461,0.36716536259430715,high_confidence_automatic,100.0,last_exact+first_match+token_overlap+scope_same_race,2.0,2,MIT Election Data and Science Lab,Federal Election Commission
HOUSE_2018_MS_3_R_MICHAEL_GUEST,2018,House,MS-3,MS,3,R,MICHAEL GUEST,MICHAEL GUEST,"GUEST, MICHAEL PATRICK",H8MS03125,C00665752,O,False,False,True,C,160284,0.6230161969285306,high_confidence_automatic,95.0,last_exact+first_match+token_overlap+scope_same_race,2.0,7,MIT Election Data and Science Lab,Federal Election Commission
HOUSE_2018_MS_4_D_JERAMEY_ANDERSON,2018,House,MS-4,MS,4,D,JERAMEY ANDERSON,JERAMEY ANDERSON,"ANDERSON, JERAMEY DEWAYNE",H8MS04438,C00653659,C,False,True,False,C,68787,0.3074526665832335,high_confidence_automatic,95.0,last_exact+first_match+token_overlap+scope_same_race,,1,MIT Election Data and Science Lab,Federal Election Commission
HOUSE_2018_MS_4_R_STEVEN_PALAZZO,2018,House,MS-4,MS,4,R,STEVEN PALAZZO,STEVEN PALAZZO,"PALAZZO, STEVEN MCCARTY",H0MS04120,C00477323,I,True,False,False,C,152633,0.6822135412010799,high_confidence_automatic,95.0,last_exact+first_match+token_overlap+scope_same_race,2.0,2,MIT Election Data and Science Lab,Federal Election Commission
HOUSE_2018_MT_AL_D_KATHLEEN_WILLIAMS,2018,House,MT-AL,MT,AL,D,KATHLEEN WILLIAMS,KATHLEEN WILLIAMS,"WILLIAMS, KATHLEEN",H8MT01232,C00659177,C,False,True,False,C,233284,0.4624787627795036,high_confidence_automatic,100.0,last_exact+first_match+token_overlap+scope_same_race,2.0,8,MIT Election Data and Science Lab,Federal Election Commission
HOUSE_2018_MT_AL_R_GREG_GIANFORTE,2018,House,MT-AL,MT,AL,R,GREG GIANFORTE,GREG GIANFORTE,"GIANFORTE, GREG",H8MT01182,C00631945,I,True,False,False,C,256661,0.5088229871476405,high_confidence_automatic,100.0,last_exact+first_match+token_overlap+scope_same_race,2.0,4,MIT Election Data and Science Lab,Federal Election Commission
HOUSE_2018_NC_1_D_G_K_BUTTERFIELD,2018,House,NC-1,NC,1,D,G K BUTTERFIELD,G K BUTTERFIELD,"BUTTERFIELD, G. K.",H4NC01046,C00401190,I,True,False,False,C,190457,0.6984762079398551,high_confidence_automatic,100.0,last_exact+first_match+token_overlap+scope_same_race,,1,MIT Election Data and Science Lab,Federal Election Commission
HOUSE_2018_NC_1_R_ROGER_W_ALLISON,2018,House,NC-1,NC,1,R,ROGER W ALLISON,ROGER W ALLISON,"ALLISON, ROGER",H8NC01104,C00670828,C,False,True,False,C,82218,0.30152379206014485,high_confidence_automatic,95.0,last_exact+first_match+token_overlap+scope_same_race,,1,MIT Election Data and Science Lab,Federal Election Commission
HOUSE_2018_NC_10_D_DAVID_WILSON_BROWN,2018,House,NC-10,NC,10,D,DAVID WILSON BROWN,DAVID WILSON BROWN,"BROWN, DAVID",H8NC10097,C00649806,C,False,True,False,C,113259,0.407072616702848,high_confidence_automatic,95.0,last_exact+first_match+token_overlap+scope_same_race,0.0,2,MIT Election Data and Science Lab,Federal Election Commission
HOUSE_2018_NC_10_R_PATRICK_MCHENRY,2018,House,NC-10,NC,10,R,PATRICK MCHENRY,PATRICK MCHENRY,"MCHENRY, PATRICK",H4NC10047,C00393629,I,True,False,False,C,164969,0.592927383297152,high_confidence_automatic,100.0,last_exact+first_match+token_overlap+scope_same_race,2.0,6,MIT Election Data and Science Lab,Federal Election Commission
HOUSE_2018_NC_11_D_PHILLIP_G_PRICE,2018,House,NC-11,NC,11,D,PHILLIP G PRICE,PHILLIP G PRICE,"PRICE, PHILLIP",H8NC11103,C00649277,C,False,True,False,C,116508,0.3874997505537706,high_confidence_automatic,95.0,last_exact+first_match+token_overlap+scope_same_race,2.0,5,MIT Election Data and Science Lab,Federal Election Commission
HOUSE_2018_NC_11_R_MARK_MEADOWS,2018,House,NC-11,NC,11,R,MARK MEADOWS,MARK MEADOWS,"MEADOWS, MARK R",H2NC11080,C00503094,I,True,False,False,C,178012,0.5920589624367238,high_confidence_automatic,95.0,last_exact+first_match+token_overlap+scope_same_race,0.0,3,MIT Election Data and Science Lab,Federal Election Commission
HOUSE_2018_NC_12_D_ALMA_ADAMS,2018,House,NC-12,NC,12,D,ALMA ADAMS,ALMA ADAMS,"ADAMS, ALMA SHEALEY",H4NC12100,C00546358,I,True,False,False,C,203974,0.730728170295696,high_confidence_automatic,95.0,last_exact+first_match+token_overlap+scope_same_race,0.0,4,MIT Election Data and Science Lab,Federal Election Commission
HOUSE_2018_NC_12_R_PAUL_WRIGHT,2018,House,NC-12,NC,12,R,PAUL WRIGHT,PAUL WRIGHT,"WRIGHT, PAUL",H6NC12089,,C,False,True,False,N,75164,0.26927182970430397,high_confidence_automatic,100.0,last_exact+first_match+token_overlap+scope_same_race,2.0,3,MIT Election Data and Science Lab,Federal Election Commission
HOUSE_2018_NC_13_D_KATHY_MANNING,2018,House,NC-13,NC,13,D,KATHY MANNING,KATHY MANNING,"MANNING, KATHY",H8NC13067,C00662577,C,False,True,False,C,130402,0.4554478268765979,high_confidence_automatic,100.0,last_exact+first_match+token_overlap+scope_same_race,2.0,2,MIT Election Data and Science Lab,Federal Election Commission
HOUSE_2018_NC_13_R_TED_BUDD,2018,House,NC-13,NC,13,R,TED BUDD,TED BUDD,"BUDD, THEODORE P.",H6NC13129,C00614776,I,True,False,False,C,147570,0.5154095474929797,probable_automatic,70.75,last_exact+first_initial+scope_same_race,,1,MIT Election Data and Science Lab,Federal Election Commission
HOUSE_2018_NC_2_D_LINDA_COLEMAN,2018,House,NC-2,NC,2,D,LINDA COLEMAN,LINDA COLEMAN,"COLEMAN, LINDA",H8NC02110,C00658286,C,False,True,False,C,151977,0.4581705375877288,high_confidence_automatic,100.0,last_exact+first_match+token_overlap+scope_same_race,2.0,5,MIT Election Data and Science Lab,Federal Election Commission
HOUSE_2018_NC_2_R_GEORGE_HOLDING,2018,House,NC-2,NC,2,R,GEORGE HOLDING,GEORGE HOLDING,"HOLDING, GEORGE E MR.",H2NC13110,C00499236,I,True,False,False,C,170072,0.5127221860453899,high_confidence_automatic,95.0,last_exact+first_match+token_overlap+scope_same_race,2.0,2,MIT Election Data and Science Lab,Federal Election Commission
HOUSE_2018_NC_3_R_WALTER_B_JONES,2018,House,NC-3,NC,3,R,WALTER B JONES,WALTER B JONES,"JONES, WALTER B",H2NC01081,C00305052,I,True,False,False,C,187901,1.0,high_confidence_automatic,100.0,last_exact+first_match+token_overlap+scope_same_race,2.0,3,MIT Election Data and Science Lab,Federal Election Commission
HOUSE_2018_NC_4_D_DAVID_PRICE,2018,House,NC-4,NC,4,D,DAVID PRICE,DAVID PRICE,"PRICE, DAVID E",H6NC04037,C00195628,I,True,False,False,C,247067,0.7236813970586081,high_confidence_automatic,95.0,last_exact+first_match+token_overlap+scope_same_race,2.0,3,MIT Election Data and Science Lab,Federal Election Commission
HOUSE_2018_NC_4_R_STEVE_A_VON_LOOR,2018,House,NC-4,NC,4,R,"STEVE A \""VON\"" LOOR","STEVE A \""VON\"" LOOR","LOOR, STEVE",H8NC04090,C00653535,C,False,True,False,N,82052,0.24033766545695262,high_confidence_automatic,92.5,last_exact+first_match+token_overlap+scope_same_race,0.0,2,MIT Election Data and Science Lab,Federal Election Commission
HOUSE_2018_NC_5_D_DD_ADAMS,2018,House,NC-5,NC,5,D,DD ADAMS,DD ADAMS,"ADAMS, DENISE DARCEL",H8NC05063,C00637785,C,False,True,False,C,120468,0.4296520855252599,probable_automatic,70.75,last_exact+first_initial+scope_same_race,2.0,2,MIT Election Data and Science Lab,Federal Election Commission
HOUSE_2018_NC_5_R_VIRGINIA_FOXX,2018,House,NC-5,NC,5,R,VIRGINIA FOXX,VIRGINIA FOXX,"FOXX, VIRGINIA ANN",H4NC05146,C00386748,I,True,False,False,C,159917,0.5703479144747401,high_confidence_automatic,95.0,last_exact+first_match+token_overlap+scope_same_race,0.0,4,MIT Election Data and Science Lab,Federal Election Commission
HOUSE_2018_NC_6_D_RYAN_WATTS,2018,House,NC-6,NC,6,D,RYAN WATTS,RYAN WATTS,"WATTS, RYAN",H8NC06079,C00649194,C,False,True,False,C,123651,0.43483963989309327,high_confidence_automatic,100.0,last_exact+first_match+token_overlap+scope_same_race,0.0,3,MIT Election Data and Science Lab,Federal Election Commission
HOUSE_2018_NC_6_R_B_MARK_WALKER,2018,House,NC-6,NC,6,R,B MARK WALKER,B MARK WALKER,"WALKER, BRADLEY MARK MR.",H4NC06052,C00543231,I,True,False,False,C,160709,0.5651603601069067,probable_automatic,74.5,last_exact+first_initial+token_overlap+scope_same_race,,1,MIT Election Data and Science Lab,Federal Election Commission
HOUSE_2018_NC_7_D_KYLE_HORTON,2018,House,NC-7,NC,7,D,KYLE HORTON,KYLE HORTON,"HORTON, LAUREN",H8NC07101,C00639773,C,False,True,False,C,120838,0.4280299810139137,review_required,50.0,last_exact+first_mismatch+scope_same_race,0.0,4,MIT Election Data and Science Lab,Federal Election Commission
HOUSE_2018_NC_7_R_DAVID_ROUZER,2018,House,NC-7,NC,7,R,DAVID ROUZER,DAVID ROUZER,"ROUZER, DAVID CHESTON",H2NC07096,C00501643,I,True,False,False,C,156809,0.5554457479667885,high_confidence_automatic,95.0,last_exact+first_match+token_overlap+scope_same_race,,1,MIT Election Data and Science Lab,Federal Election Commission
HOUSE_2018_NC_8_D_FRANK_MCNEILL,2018,House,NC-8,NC,8,D,FRANK MCNEILL,FRANK MCNEILL,"MCNEILL, FRANK",H8NC08083,C00663849,C,False,True,False,C,114119,0.4466129985402374,high_confidence_automatic,100.0,last_exact+first_match+token_overlap+scope_same_race,2.0,4,MIT Election Data and Science Lab,Federal Election Commission
HOUSE_2018_NC_8_R_RICHARD_HUDSON,2018,House,NC-8,NC,8,R,RICHARD HUDSON,RICHARD HUDSON,"HUDSON, RICHARD L. JR.",H2NC08185,C00504522,I,True,False,False,C,141402,0.5533870014597626,high_confidence_automatic,95.0,last_exact+first_match+token_overlap+scope_same_race,,1,MIT Election Data and Science Lab,Federal Election Commission
HOUSE_2018_NC_9_D_DAN_MCCREADY,2018,House,NC-9,NC,9,D,DAN MCCREADY,DAN MCCREADY,"MCCREADY, DANIEL",H8NC09123,C00641381,C,False,True,False,C,138341,0.4893267826130017,high_confidence_automatic,90.0,last_exact+first_match+scope_same_race,2.0,4,MIT Election Data and Science Lab,Federal Election Commission
HOUSE_2018_NC_9_R_MARK_HARRIS,2018,House,NC-9,NC,9,R,MARK HARRIS,MARK HARRIS,"HARRIS, MARK EVERETTE",H6NC09200,C00649236,,False,False,False,C,139246,0.49252786355259853,high_confidence_automatic,95.0,last_exact+first_match+token_overlap+scope_same_race,2.0,3,MIT Election Data and Science Lab,Federal Election Commission
HOUSE_2018_ND_AL_R_KELLY_ARMSTRONG,2018,House,ND-AL,ND,AL,R,KELLY ARMSTRONG,KELLY ARMSTRONG,"ARMSTRONG, KELLY",H8ND00096,C00670547,O,False,False,True,C,193568,0.6020178395929487,high_confidence_automatic,100.0,last_exact+first_match+token_overlap+scope_same_race,2.0,6,MIT Election Data and Science Lab,Federal Election Commission
HOUSE_2018_NE_1_D_JESSICA_MCCLURE,2018,House,NE-1,NE,1,D,JESSICA MCCLURE,JESSICA MCCLURE,"MCCLURE, JESSICA",H8NE01081,C00647461,C,False,True,False,C,93069,0.3964077161269438,high_confidence_automatic,100.0,last_exact+first_match+token_overlap+scope_same_race,2.0,3,MIT Election Data and Science Lab,Federal Election Commission
HOUSE_2018_NE_1_R_JEFF_FORTENBERRY,2018,House,NE-1,NE,1,R,JEFF FORTENBERRY,JEFF FORTENBERRY,"FORTENBERRY, JEFFREY L. HONORABLE",H4NE01064,C00395467,I,True,False,False,C,141712,0.6035922838730562,high_confidence_automatic,88.0,last_exact+first_match+scope_same_race,,1,MIT Election Data and Science Lab,Federal Election Commission
HOUSE_2018_NE_2_D_KARA_EASTMAN,2018,House,NE-2,NE,2,D,KARA EASTMAN,KARA EASTMAN,"EASTMAN, KARA",H8NE02220,C00639310,C,False,True,False,C,121770,0.4900497011892066,high_confidence_automatic,100.0,last_exact+first_match+token_overlap+scope_same_race,2.0,2,MIT Election Data and Science Lab,Federal Election Commission
HOUSE_2018_NE_2_R_DON_BACON,2018,House,NE-2,NE,2,R,DON BACON,DON BACON,"BACON, DONALD J",H6NE02125,C00575167,I,True,False,False,C,126715,0.5099502988107935,high_confidence_automatic,88.75,last_exact+first_match+scope_same_race,,1,MIT Election Data and Science Lab,Federal Election Commission
HOUSE_2018_NE_3_D_PAUL_THEOBALD,2018,House,NE-3,NE,3,D,PAUL THEOBALD,PAUL THEOBALD,"THEOBALD, PAUL GILBERT",H8NE03095,C00657718,C,False,True,False,C,49654,0.23278513295578143,high_confidence_automatic,95.0,last_exact+first_match+token_overlap+scope_same_race,,1,MIT Election Data and Science Lab,Federal Election Commission
HOUSE_2018_NE_3_R_ADRIAN_SMITH,2018,House,NE-3,NE,3,R,ADRIAN SMITH,ADRIAN SMITH,"SMITH, ADRIAN",H6NE03115,C00412890,I,True,False,False,C,163650,0.7672148670442186,high_confidence_automatic,100.0,last_exact+first_match+token_overlap+scope_same_race,2.0,4,MIT Election Data and Science Lab,Federal Election Commission
HOUSE_2018_NH_1_D_CHRIS_PAPPAS,2018,House,NH-1,NH,1,D,CHRIS PAPPAS,CHRIS PAPPAS,"PAPPAS, CHRIS",H8NH01210,C00660464,O,False,False,True,C,155884,0.5356120657368943,high_confidence_automatic,100.0,last_exact+first_match+token_overlap+scope_same_race,2.0,12,MIT Election Data and Science Lab,Federal Election Commission
HOUSE_2018_NH_1_R_EDDIE_EDWARDS,2018,House,NH-1,NH,1,R,EDDIE EDWARDS,EDDIE EDWARDS,"EDWARDS, EDDIE",H8NH01152,C00637397,O,False,False,True,C,130996,0.4500977532220768,high_confidence_automatic,100.0,last_exact+first_match+token_overlap+scope_same_race,2.0,6,MIT Election Data and Science Lab,Federal Election Commission
HOUSE_2018_NH_2_D_ANNE_MCLANE_KUSTER,2018,House,NH-2,NH,2,D,ANNE MCLANE KUSTER,ANNE MCLANE KUSTER,"KUSTER, ANN MCLANE",H0NH02181,C00462861,I,True,False,False,C,155358,0.5554351906472891,probable_automatic,74.5,last_exact+first_initial+token_overlap+scope_same_race,,1,MIT Election Data and Science Lab,Federal Election Commission
HOUSE_2018_NH_2_R_STEVEN_NEGRON,2018,House,NH-2,NH,2,R,STEVEN NEGRON,STEVEN NEGRON,"NEGRON, STEVE",H8NH02275,C00657981,C,False,True,False,C,117990,0.42183729286212257,high_confidence_automatic,90.0,last_exact+first_match+scope_same_race,2.0,8,MIT Election Data and Science Lab,Federal Election Commission
HOUSE_2018_NJ_1_D_DONALD_W_NORCROSS,2018,House,NJ-1,NJ,1,D,DONALD W NORCROSS,DONALD W NORCROSS,"NORCROSS, DONALD W",H4NJ01084,C00558320,I,True,False,False,C,169628,0.6439499198991716,high_confidence_automatic,100.0,last_exact+first_match+token_overlap+scope_same_race,2.0,4,MIT Election Data and Science Lab,Federal Election Commission
HOUSE_2018_NJ_1_R_PAUL_E_DILKS,2018,House,NJ-1,NJ,1,R,PAUL E DILKS,PAUL E DILKS,"DILKS, PAUL E",H8NJ01259,C00675017,C,False,True,False,C,87617,0.33261584250127174,high_confidence_automatic,100.0,last_exact+first_match+token_overlap+scope_same_race,,1,MIT Election Data and Science Lab,Federal Election Commission
HOUSE_2018_NJ_10_D_DONALD_M_PAYNE,2018,House,NJ-10,NJ,10,D,DONALD M PAYNE JR,DONALD M PAYNE JR,"PAYNE, DONALD M., JR.",H2NJ10154,C00519355,I,True,False,False,C,175253,0.8755689227064484,high_confidence_automatic,100.0,last_exact+first_match+token_overlap+scope_same_race,0.0,2,MIT Election Data and Science Lab,Federal Election Commission
HOUSE_2018_NJ_10_R_AGHA_KHAN,2018,House,NJ-10,NJ,10,R,AGHA KHAN,AGHA KHAN,"KHAN, AGHA",H6NJ08167,,C,False,True,False,N,20191,0.10087480453039833,high_confidence_automatic,100.0,last_exact+first_match+token_overlap+scope_same_race,,1,MIT Election Data and Science Lab,Federal Election Commission
HOUSE_2018_NJ_11_D_MIKIE_SHERRILL,2018,House,NJ-11,NJ,11,D,MIKIE SHERRILL,MIKIE SHERRILL,"SHERRILL, REBECCA MICHELLE",H8NJ11142,C00640003,O,False,False,True,C,183684,0.567672309888928,review_required,48.75,last_exact+first_mismatch+scope_same_race,2.0,7,MIT Election Data and Science Lab,Federal Election Commission
HOUSE_2018_NJ_11_R_JAY_WEBBER,2018,House,NJ-11,NJ,11,R,JAY WEBBER,JAY WEBBER,"WEBBER, JAY",H8NJ11217,C00669069,O,False,False,True,C,136322,0.42130084617429087,high_confidence_automatic,100.0,last_exact+first_match+token_overlap+scope_same_race,2.0,6,MIT Election Data and Science Lab,Federal Election Commission
HOUSE_2018_NJ_12_D_BONNIE_WATSON_COLEMAN,2018,House,NJ-12,NJ,12,D,BONNIE WATSON COLEMAN,BONNIE WATSON COLEMAN,"COLEMAN, BONNIE WATSON",H4NJ12149,C00558437,I,True,False,False,C,173334,0.6868112927191679,high_confidence_automatic,100.0,last_exact+first_match+token_overlap+scope_same_race,,1,MIT Election Data and Science Lab,Federal Election Commission
HOUSE_2018_NJ_12_R_DARYL_KIPNIS,2018,House,NJ-12,NJ,12,R,DARYL KIPNIS,DARYL KIPNIS,"KIPNIS, DARYL",H8NJ12108,C00684324,C,False,True,False,C,79041,0.3131887072808321,high_confidence_automatic,100.0,last_exact+first_match+token_overlap+scope_same_race,,1,MIT Election Data and Science Lab,Federal Election Commission
HOUSE_2018_NJ_2_D_JEFF_VAN_DREW,2018,House,NJ-2,NJ,2,D,JEFF VAN DREW,JEFF VAN DREW,"VAN DREW, JEFF",H8NJ02166,C00661868,O,False,False,True,C,136685,0.5290424712516885,high_confidence_automatic,100.0,last_exact+first_match+token_overlap+scope_same_race,2.0,5,MIT Election Data and Science Lab,Federal Election Commission
HOUSE_2018_NJ_2_R_SETH_GROSSMAN,2018,House,NJ-2,NJ,2,R,SETH GROSSMAN,SETH GROSSMAN,"GROSSMAN, SETH",H8NJ02232,C00676726,O,False,False,True,C,116866,0.4523325708402519,high_confidence_automatic,100.0,last_exact+first_match+token_overlap+scope_same_race,2.0,10,MIT Election Data and Science Lab,Federal Election Commission
HOUSE_2018_NJ_3_D_ANDY_KIM,2018,House,NJ-3,NJ,3,D,ANDY KIM,ANDY KIM,"KIM, ANDY",H8NJ03206,C00648220,C,False,True,False,C,153473,0.5001156822810591,high_confidence_automatic,100.0,last_exact+first_match+token_overlap+scope_same_race,2.0,2,MIT Election Data and Science Lab,Federal Election Commission
HOUSE_2018_NJ_3_R_TOM_MACARTHUR,2018,House,NJ-3,NJ,3,R,TOM MACARTHUR,TOM MACARTHUR,"MACARTHUR, THOMAS",H4NJ03130,C00557520,I,True,False,False,C,149500,0.48716904276985745,high_confidence_automatic,90.0,last_exact+first_match+scope_same_race,,1,MIT Election Data and Science Lab,Federal Election Commission
HOUSE_2018_NJ_4_D_JOSHUA_WELLE,2018,House,NJ-4,NJ,4,D,JOSHUA WELLE,JOSHUA WELLE,"WELLE, JOSH",H8NJ04188,C00658336,C,False,True,False,C,126766,0.4306671015260848,probable_automatic,72.0,last_exact+first_initial+scope_same_race,2.0,3,MIT Election Data and Science Lab,Federal Election Commission
HOUSE_2018_NJ_4_R_CHRISTOPHER_H_SMITH,2018,House,NJ-4,NJ,4,R,CHRISTOPHER H SMITH,CHRISTOPHER H SMITH,"SMITH, CHRISTOPHER H",H8NJ04014,C00096412,I,True,False,False,C,163065,0.5539871172897387,high_confidence_automatic,100.0,last_exact+first_match+token_overlap+scope_same_race,2.0,2,MIT Election Data and Science Lab,Federal Election Commission
HOUSE_2018_NJ_5_D_JOSH_GOTTHEIMER,2018,House,NJ-5,NJ,5,D,JOSH GOTTHEIMER,JOSH GOTTHEIMER,"GOTTHEIMER, JOSH",H6NJ05171,C00573949,I,True,False,False,C,169546,0.5617398276473298,high_confidence_automatic,100.0,last_exact+first_match+token_overlap+scope_same_race,,1,MIT Election Data and Science Lab,Federal Election Commission
HOUSE_2018_NJ_5_R_JOHN_J_MCCANN,2018,House,NJ-5,NJ,5,R,JOHN J MCCANN JR,JOHN J MCCANN JR,"MCCANN, JOHN JOSEPH MR. JR.",H8NJ05136,C00661637,C,False,True,False,C,128255,0.42493448146761514,high_confidence_automatic,92.5,last_exact+first_match+token_overlap+scope_same_race,2.0,3,MIT Election Data and Science Lab,Federal Election Commission
HOUSE_2018_NJ_6_D_FRANK_PALLONE,2018,House,NJ-6,NJ,6,D,FRANK PALLONE JR,FRANK PALLONE JR,"PALLONE, FRANK JR",H8NJ03073,C00226928,I,True,False,False,C,140752,0.6363254142272655,high_confidence_automatic,100.0,last_exact+first_match+token_overlap+scope_same_race,0.0,2,MIT Election Data and Science Lab,Federal Election Commission
HOUSE_2018_NJ_6_R_RICHARD_J_PEZZULLO,2018,House,NJ-6,NJ,6,R,RICHARD J PEZZULLO,RICHARD J PEZZULLO,"PEZZULLO, RICHARD J.",H8NJ10110,C00680249,C,False,True,False,C,80443,0.3636745857727345,high_confidence_automatic,100.0,last_exact+first_match+token_overlap+scope_same_race,0.0,2,MIT Election Data and Science Lab,Federal Election Commission
HOUSE_2018_NJ_7_D_TOM_MALINOWSKI,2018,House,NJ-7,NJ,7,D,TOM MALINOWSKI,TOM MALINOWSKI,"MALINOWSKI, TOM",H8NJ07223,C00656686,C,False,True,False,C,166985,0.5173946991714744,high_confidence_automatic,100.0,last_exact+first_match+token_overlap+scope_same_race,2.0,7,MIT Election Data and Science Lab,Federal Election Commission
HOUSE_2018_NJ_7_R_LEONARD_LANCE,2018,House,NJ-7,NJ,7,R,LEONARD LANCE,LEONARD LANCE,"LANCE, LEONARD",H6NJ12136,C00444224,I,True,False,False,C,150785,0.4671998066567103,high_confidence_automatic,100.0,last_exact+first_match+token_overlap+scope_same_race,2.0,3,MIT Election Data and Science Lab,Federal Election Commission
HOUSE_2018_NJ_8_D_ALBIO_SIRES,2018,House,NJ-8,NJ,8,D,ALBIO SIRES,ALBIO SIRES,"SIRES, ALBIO",H6NJ13191,C00410753,I,True,False,False,C,119881,0.781212733374605,high_confidence_automatic,100.0,last_exact+first_match+token_overlap+scope_same_race,,1,MIT Election Data and Science Lab,Federal Election Commission
HOUSE_2018_NJ_8_R_JOHN_R_MUNIZ,2018,House,NJ-8,NJ,8,R,JOHN R MUNIZ,JOHN R MUNIZ,"MUNIZ, JOHN R",H8NJ08080,C00680611,C,False,True,False,C,28725,0.18718842657456583,high_confidence_automatic,100.0,last_exact+first_match+token_overlap+scope_same_race,,1,MIT Election Data and Science Lab,Federal Election Commission
HOUSE_2018_NJ_9_D_BILL_PASCRELL,2018,House,NJ-9,NJ,9,D,BILL PASCRELL JR,BILL PASCRELL JR,"PASCRELL, WILLIAM J. JR.",H6NJ08118,C00313510,I,True,False,False,C,140832,0.702698387354303,high_confidence_automatic,88.75,last_exact+first_match+scope_same_race,2.0,3,MIT Election Data and Science Lab,Federal Election Commission
HOUSE_2018_NJ_9_R_ERIC_P_FISHER,2018,House,NJ-9,NJ,9,R,ERIC P FISHER,ERIC P FISHER,"FISHER, ERIC P",H8NJ09138,,C,False,True,False,N,57854,0.288669567300016,high_confidence_automatic,100.0,last_exact+first_match+token_overlap+scope_same_race,,1,MIT Election Data and Science Lab,Federal Election Commission
HOUSE_2018_NM_1_D_DEBRA_A_HAALAND,2018,House,NM-1,NM,1,D,DEBRA A HAALAND,DEBRA A HAALAND,"HAALAND, DEBRA",H8NM01331,C00639054,O,False,False,True,C,147336,0.5913261251715751,high_confidence_automatic,95.0,last_exact+first_match+token_overlap+scope_same_race,2.0,12,MIT Election Data and Science Lab,Federal Election Commission
HOUSE_2018_NM_1_R_JANICE_E_ARNOLD_JONES,2018,House,NM-1,NM,1,R,JANICE E ARNOLD-JONES,JANICE E ARNOLD-JONES,"ARNOLD-JONES, JANICE E",H8NM01372,C00649848,O,False,False,True,C,90507,0.3632455992486816,high_confidence_automatic,100.0,last_exact+first_match+token_overlap+scope_same_race,0.0,2,MIT Election Data and Science Lab,Federal Election Commission
HOUSE_2018_NM_2_D_XOCHITL_TORRES_SMALL,2018,House,NM-2,NM,2,D,XOCHITL TORRES SMALL,XOCHITL TORRES SMALL,"TORRES SMALL, XOCHITL",H8NM02248,C00666149,O,False,False,True,C,101489,0.5093397438471112,high_confidence_automatic,100.0,last_exact+first_match+token_overlap+scope_same_race,2.0,7,MIT Election Data and Science Lab,Federal Election Commission
HOUSE_2018_NM_2_R_YVETTE_HERRELL,2018,House,NM-2,NM,2,R,YVETTE HERRELL,YVETTE HERRELL,,,,,False,False,False,,97767,0.4906602561528887,unmatched,0.0,last_name_mismatch+scope_same_race,2.0,6,MIT Election Data and Science Lab,Federal Election Commission
HOUSE_2018_NM_3_D_BEN_R_LUJAN,2018,House,NM-3,NM,3,D,BEN R LUJAN,BEN R LUJAN,"LUJAN, BEN R MR.",H8NM03196,C00443689,I,True,False,False,C,155201,0.6337502501092314,high_confidence_automatic,100.0,last_exact+first_match+token_overlap+scope_same_race,,1,MIT Election Data and Science Lab,Federal Election Commission
HOUSE_2018_NM_3_R_JERALD_STEVE_MCFALL,2018,House,NM-3,NM,3,R,JERALD STEVE MCFALL,JERALD STEVE MCFALL,"MCFALL, JERALD STEVE",H6NM03059,C00575084,C,False,True,False,N,76427,0.3120832363522028,high_confidence_automatic,100.0,last_exact+first_match+token_overlap+scope_same_race,,1,MIT Election Data and Science Lab,Federal Election Commission
HOUSE_2018_NV_1_D_DINA_TITUS,2018,House,NV-1,NV,1,D,DINA TITUS,DINA TITUS,"TITUS, DINA",H8NV03036,C00499467,I,True,False,False,C,100707,0.6616710796906722,high_confidence_automatic,100.0,last_exact+first_match+token_overlap+scope_same_race,2.0,2,MIT Election Data and Science Lab,Federal Election Commission
HOUSE_2018_NV_1_R_JOYCE_BENTLEY,2018,House,NV-1,NV,1,R,JOYCE BENTLEY,JOYCE BENTLEY,"BENTLEY, JOYCE",H8NV01261,,C,False,True,False,N,46978,0.3086576303703655,high_confidence_automatic,100.0,last_exact+first_match+token_overlap+scope_same_race,0.0,2,MIT Election Data and Science Lab,Federal Election Commission
HOUSE_2018_NV_2_D_CLINT_KOBLE,2018,House,NV-2,NV,2,D,CLINT KOBLE,CLINT KOBLE,"KOBLE, CLINT MATTHEW MR.",H8NV02095,C00666420,C,False,True,False,C,120102,0.4176923317694766,high_confidence_automatic,95.0,last_exact+first_match+token_overlap+scope_same_race,2.0,6,MIT Election Data and Science Lab,Federal Election Commission
HOUSE_2018_NV_2_R_MARK_E_AMODEI,2018,House,NV-2,NV,2,R,MARK E AMODEI,MARK E AMODEI,"AMODEI, MARK EUGENE EUGENE",H2NV02395,C00496760,I,True,False,False,C,167435,0.5823076682305234,high_confidence_automatic,92.5,last_exact+first_match+token_overlap+scope_same_race,2.0,5,MIT Election Data and Science Lab,Federal Election Commission
HOUSE_2018_NV_3_D_SUSIE_LEE,2018,House,NV-3,NV,3,D,SUSIE LEE,SUSIE LEE,"LEE, SUSIE",H6NV04020,C00655613,O,False,False,True,C,148501,0.5189294400492018,high_confidence_automatic,100.0,last_exact+first_match+token_overlap+scope_same_race,2.0,9,MIT Election Data and Science Lab,Federal Election Commission
HOUSE_2018_NV_3_R_DANNY_TARKANIAN,2018,House,NV-3,NV,3,R,DANNY TARKANIAN,DANNY TARKANIAN,,,,,False,False,False,,122566,0.42830085823711944,unmatched,0.0,last_name_mismatch+scope_same_race,2.0,11,MIT Election Data and Science Lab,Federal Election Commission
HOUSE_2018_NV_4_D_STEVEN_A_HORSFORD,2018,House,NV-4,NV,4,D,STEVEN A HORSFORD,STEVEN A HORSFORD,"HORSFORD, STEVEN ALEXZANDER",H2NV04011,C00668228,O,False,False,True,C,121962,0.5192789141134595,high_confidence_automatic,92.5,last_exact+first_match+token_overlap+scope_same_race,2.0,7,MIT Election Data and Science Lab,Federal Election Commission
HOUSE_2018_NV_4_R_CRESENT_HARDY,2018,House,NV-4,NV,4,R,CRESENT HARDY,CRESENT HARDY,"HARDY, CRESENT",H8NV04059,C00666461,O,False,False,True,C,102748,0.4374712604526798,high_confidence_automatic,100.0,last_exact+first_match+token_overlap+scope_same_race,2.0,7,MIT Election Data and Science Lab,Federal Election Commission
HOUSE_2018_NY_1_D_PERRY_GERSHON,2018,House,NY-1,NY,1,D,PERRY GERSHON,PERRY GERSHON,"GERSHON, PERRY",H8NY01155,C00650457,C,False,True,False,C,124213,0.4599578601237535,high_confidence_automatic,100.0,last_exact+first_match+token_overlap+scope_same_race,2.0,7,MIT Election Data and Science Lab,Federal Election Commission
HOUSE_2018_NY_1_R_LEE_M_ZELDIN,2018,House,NY-1,NY,1,R,LEE M ZELDIN,LEE M ZELDIN,"ZELDIN, LEE M",H8NY01148,C00552547,I,True,False,False,C,121562,0.45014126856580006,high_confidence_automatic,100.0,last_exact+first_match+token_overlap+scope_same_race,0.0,2,MIT Election Data and Science Lab,Federal Election Commission
HOUSE_2018_NY_10_D_JERROLD_L_NADLER,2018,House,NY-10,NY,10,D,JERROLD L NADLER,JERROLD L NADLER,"NADLER, JERROLD L.",H2NY17071,C00290825,I,True,False,False,C,162131,0.768546345718105,high_confidence_automatic,100.0,last_exact+first_match+token_overlap+scope_same_race,2.0,2,MIT Election Data and Science Lab,Federal Election Commission
HOUSE_2018_NY_10_R_NAOMI_LEVIN,2018,House,NY-10,NY,10,R,NAOMI LEVIN,NAOMI LEVIN,"LEVIN, NAOMI",H8NY10099,C00672360,C,False,True,False,C,33692,0.1597095156381839,high_confidence_automatic,100.0,last_exact+first_match+token_overlap+scope_same_race,,1,MIT Election Data and Science Lab,Federal Election Commission
HOUSE_2018_NY_11_D_MAX_N_ROSE,2018,House,NY-11,NY,11,D,MAX N ROSE,MAX N ROSE,"ROSE, MAX",H8NY11113,C00652248,C,False,True,False,C,96850,0.503972982677067,high_confidence_automatic,95.0,last_exact+first_match+token_overlap+scope_same_race,2.0,8,MIT Election Data and Science Lab,Federal Election Commission
HOUSE_2018_NY_11_R_DAN_DONOVAN,2018,House,NY-11,NY,11,R,DAN DONOVAN,DAN DONOVAN,"DONOVAN, DAN",H6NY11174,C00571869,I,True,False,False,C,80440,0.4185811742544478,high_confidence_automatic,100.0,last_exact+first_match+token_overlap+scope_same_race,2.0,3,MIT Election Data and Science Lab,Federal Election Commission
HOUSE_2018_NY_12_D_CAROLYN_B_MALONEY,2018,House,NY-12,NY,12,D,CAROLYN B MALONEY,CAROLYN B MALONEY,"MALONEY, CAROLYN B.",H2NY14037,C00273169,I,True,False,False,C,205858,0.8172957435573712,high_confidence_automatic,100.0,last_exact+first_match+token_overlap+scope_same_race,2.0,3,MIT Election Data and Science Lab,Federal Election Commission
HOUSE_2018_NY_12_R_ELIOT_RABIN,2018,House,NY-12,NY,12,R,ELIOT RABIN,ELIOT RABIN,"RABIN, ELIOT MR.",H8NY12145,C00680900,C,False,True,False,C,30446,0.12087645954176046,high_confidence_automatic,100.0,last_exact+first_match+token_overlap+scope_same_race,,1,MIT Election Data and Science Lab,Federal Election Commission
HOUSE_2018_NY_13_D_ADRIANO_ESPAILLAT,2018,House,NY-13,NY,13,D,ADRIANO ESPAILLAT,ADRIANO ESPAILLAT,"ESPAILLAT, ADRIANO",H2NY13096,C00635722,I,True,False,False,C,171341,0.8985410723275717,high_confidence_automatic,100.0,last_exact+first_match+token_overlap+scope_same_race,0.0,2,MIT Election Data and Science Lab,Federal Election Commission
HOUSE_2018_NY_13_R_JINEEA_BUTLER,2018,House,NY-13,NY,13,R,JINEEA BUTLER,JINEEA BUTLER,"BUTLER, JINEEA THE NEW AM",H8NY13150,C00673996,C,False,True,False,C,9535,0.050003146501090785,high_confidence_automatic,91.0,last_exact+first_match+scope_same_race,,1,MIT Election Data and Science Lab,Federal Election Commission
HOUSE_2018_NY_14_D_ALEXANDRIA_OCASIO_CORTEZ,2018,House,NY-14,NY,14,D,ALEXANDRIA OCASIO-CORTEZ,ALEXANDRIA OCASIO-CORTEZ,"OCASIO-CORTEZ, ALEXANDRIA",H8NY15148,C00639591,C,False,True,False,C,110318,0.7812668196368375,high_confidence_automatic,100.0,last_exact+first_match+token_overlap+scope_same_race,1.0,2,MIT Election Data and Science Lab,Federal Election Commission
HOUSE_2018_NY_14_R_ANTHONY_PAPPAS,2018,House,NY-14,NY,14,R,ANTHONY PAPPAS,ANTHONY PAPPAS,"PAPPAS, ANTHONY",H8NY14133,C00686006,C,False,True,False,N,19202,0.13598764907509703,high_confidence_automatic,100.0,last_exact+first_match+token_overlap+scope_same_race,,1,MIT Election Data and Science Lab,Federal Election Commission
HOUSE_2018_NY_15_D_JOSE_E_SERRANO,2018,House,NY-15,NY,15,D,JOSE E SERRANO,JOSE E SERRANO,"SERRANO, JOSE E.",H0NY18065,C00240986,I,True,False,False,C,122007,0.9403164522816779,high_confidence_automatic,100.0,last_exact+first_match+token_overlap+scope_same_race,,1,MIT Election Data and Science Lab,Federal Election Commission
HOUSE_2018_NY_15_R_JASON_D_GONZALEZ,2018,House,NY-15,NY,15,R,JASON D GONZALEZ,JASON D GONZALEZ,"GONZALEZ, JASON D.",H8NY15155,,C,False,True,False,N,4566,0.0351904802275127,high_confidence_automatic,100.0,last_exact+first_match+token_overlap+scope_same_race,,1,MIT Election Data and Science Lab,Federal Election Commission
HOUSE_2018_NY_16_D_ELIOT_L_ENGEL,2018,House,NY-16,NY,16,D,ELIOT L ENGEL,ELIOT L ENGEL,"ENGEL, ELIOT L.",H8NY19058,C00236513,I,True,False,False,C,172815,0.9425107441261807,high_confidence_automatic,100.0,last_exact+first_match+token_overlap+scope_same_race,2.0,5,MIT Election Data and Science Lab,Federal Election Commission
HOUSE_2018_NY_17_D_NITA_M_LOWEY,2018,House,NY-17,NY,17,D,NITA M LOWEY,NITA M LOWEY,"LOWEY, NITA M",H8NY20056,C00219881,I,True,False,False,C,159923,0.8250215382710572,high_confidence_automatic,100.0,last_exact+first_match+token_overlap+scope_same_race,,1,MIT Election Data and Science Lab,Federal Election Commission
HOUSE_2018_NY_18_D_SEAN_PATRICK_MALONEY,2018,House,NY-18,NY,18,D,SEAN PATRICK MALONEY,SEAN PATRICK MALONEY,"MALONEY, SEAN PATRICK",H2NY22139,C00512426,I,True,False,False,C,126368,0.5020779530374667,high_confidence_automatic,100.0,last_exact+first_match+token_overlap+scope_same_race,,1,MIT Election Data and Science Lab,Federal Election Commission
HOUSE_2018_NY_18_R_JAMES_O_DONNELL,2018,House,NY-18,NY,18,R,JAMES O'DONNELL,JAMES O'DONNELL,"O'DONNELL, JAMES D",H8NY18274,C00668798,C,False,True,False,C,96345,0.3827923238905002,high_confidence_automatic,96.25,last_exact+first_match+token_overlap+scope_same_race,2.0,3,MIT Election Data and Science Lab,Federal Election Commission
HOUSE_2018_NY_19_D_ANTONIO_DELGADO,2018,House,NY-19,NY,19,D,ANTONIO DELGADO,ANTONIO DELGADO,"DELGADO, ANTONIO",H8NY19181,C00633859,C,False,True,False,C,135582,0.4707937191391248,high_confidence_automatic,100.0,last_exact+first_match+token_overlap+scope_same_race,2.0,9,MIT Election Data and Science Lab,Federal Election Commission
HOUSE_2018_NY_19_R_JOHN_J_FASO,2018,House,NY-19,NY,19,R,JOHN J FASO,JOHN J FASO,"FASO, JOHN J. MR.",H6NY19169,C00580415,I,True,False,False,C,112304,0.38996340099865967,high_confidence_automatic,100.0,last_exact+first_match+token_overlap+scope_same_race,,1,MIT Election Data and Science Lab,Federal Election Commission
HOUSE_2018_NY_2_D_LIUBA_GRECHEN_SHIRLEY,2018,House,NY-2,NY,2,D,LIUBA GRECHEN SHIRLEY,LIUBA GRECHEN SHIRLEY,"GRECHEN SHIRLEY, LIUBOV LIUBA",H8NY02104,C00657015,C,False,True,False,C,108803,0.4510585903978575,high_confidence_automatic,93.25,last_exact+alternate_given_name_match+token_overlap+scope_same_race,2.0,6,MIT Election Data and Science Lab,Federal Election Commission
HOUSE_2018_NY_2_R_PETER_T_KING,2018,House,NY-2,NY,2,R,PETER T KING,PETER T KING,"KING, PETE",H2NY03089,C00272211,I,True,False,False,C,112565,0.4666545061086076,probable_automatic,70.75,last_exact+first_initial+scope_same_race,,1,MIT Election Data and Science Lab,Federal Election Commission
HOUSE_2018_NY_20_D_PAUL_D_TONKO,2018,House,NY-20,NY,20,D,PAUL D TONKO,PAUL D TONKO,"TONKO, PAUL DAVID",H8NY21203,C00450049,I,True,False,False,C,161330,0.606471839827979,high_confidence_automatic,92.5,last_exact+first_match+token_overlap+scope_same_race,,1,MIT Election Data and Science Lab,Federal Election Commission
HOUSE_2018_NY_20_R_JOE_VITOLLO,2018,House,NY-20,NY,20,R,JOE VITOLLO,JOE VITOLLO,"VITOLLO, FRANCIS JOSEPH",H6NY20209,C00613174,C,False,True,False,N,89058,0.3347868909155157,high_confidence_automatic,85.75,last_exact+alternate_given_name_match+scope_same_race,,1,MIT Election Data and Science Lab,Federal Election Commission
HOUSE_2018_NY_21_D_TEDRA_L_COBB,2018,House,NY-21,NY,21,D,TEDRA L COBB,TEDRA L COBB,"COBB, TEDRA LYNNE MS.",H8NY21245,C00649061,C,False,True,False,C,93394,0.3969702508214072,high_confidence_automatic,92.5,last_exact+first_match+token_overlap+scope_same_race,2.0,11,MIT Election Data and Science Lab,Federal Election Commission
HOUSE_2018_NY_21_R_ELISE_M_STEFANIK,2018,House,NY-21,NY,21,R,ELISE M STEFANIK,ELISE M STEFANIK,"STEFANIK, ELISE M.",H4NY21079,C00547893,I,True,False,False,C,116433,0.49489728691231666,high_confidence_automatic,100.0,last_exact+first_match+token_overlap+scope_same_race,0.0,3,MIT Election Data and Science Lab,Federal Election Commission
HOUSE_2018_NY_22_D_ANTHONY_J_BRINDISI,2018,House,NY-22,NY,22,D,ANTHONY J BRINDISI,ANTHONY J BRINDISI,"BRINDISI, ANTHONY",H8NY22151,C00648725,C,False,True,False,C,116001,0.46176536152731557,high_confidence_automatic,95.0,last_exact+first_match+token_overlap+scope_same_race,0.0,3,MIT Election Data and Science Lab,Federal Election Commission
HOUSE_2018_NY_22_R_CLAUDIA_TENNEY,2018,House,NY-22,NY,22,R,CLAUDIA TENNEY,CLAUDIA TENNEY,"TENNEY, CLAUDIA",H4NY22051,C00632828,I,True,False,False,C,110125,0.4383747591675557,high_confidence_automatic,100.0,last_exact+first_match+token_overlap+scope_same_race,,1,MIT Election Data and Science Lab,Federal Election Commission
HOUSE_2018_NY_23_D_TRACY_MITRANO,2018,House,NY-23,NY,23,D,TRACY MITRANO,TRACY MITRANO,"MITRANO, TRACY",H8NY23183,C00654525,C,False,True,False,C,100914,0.41982077928561323,high_confidence_automatic,100.0,last_exact+first_match+token_overlap+scope_same_race,2.0,8,MIT Election Data and Science Lab,Federal Election Commission
HOUSE_2018_NY_23_R_THOMAS_W_REED,2018,House,NY-23,NY,23,R,THOMAS W REED II,THOMAS W REED II,"REED, THOMAS W",H0NY29054,C00464032,I,True,False,False,C,114722,0.47726459600455956,high_confidence_automatic,100.0,last_exact+first_match+token_overlap+scope_same_race,,1,MIT Election Data and Science Lab,Federal Election Commission
HOUSE_2018_NY_24_D_DANA_BALTER,2018,House,NY-24,NY,24,D,DANA BALTER,DANA BALTER,"BALTER, DANA",H8NY24090,C00655183,C,False,True,False,C,115902,0.44496059153015427,high_confidence_automatic,100.0,last_exact+first_match+token_overlap+scope_same_race,2.0,6,MIT Election Data and Science Lab,Federal Election Commission
HOUSE_2018_NY_24_R_JOHN_M_KATKO,2018,House,NY-24,NY,24,R,JOHN M KATKO,JOHN M KATKO,"KATKO, JOHN M",H4NY24073,C00556365,I,True,False,False,C,113538,0.43588493417844953,high_confidence_automatic,100.0,last_exact+first_match+token_overlap+scope_same_race,,1,MIT Election Data and Science Lab,Federal Election Commission
HOUSE_2018_NY_25_D_JOSEPH_D_MORELLE,2018,House,NY-25,NY,25,D,JOSEPH D MORELLE,JOSEPH D MORELLE,"MORELLE, JOSEPH D",H8NY25105,C00675108,O,False,False,True,C,147979,0.547826891751814,high_confidence_automatic,100.0,last_exact+first_match+token_overlap+scope_same_race,2.0,5,MIT Election Data and Science Lab,Federal Election Commission
HOUSE_2018_NY_25_R_JIM_MAXWELL,2018,House,NY-25,NY,25,R,JIM MAXWELL,JIM MAXWELL,"MAXWELL, JAMES T. DR",H8NY25097,C00666164,C,False,True,False,C,91342,0.3381534132977936,high_confidence_automatic,88.75,last_exact+first_match+scope_same_race,,1,MIT Election Data and Science Lab,Federal Election Commission
HOUSE_2018_NY_26_D_BRIAN_HIGGINS,2018,House,NY-26,NY,26,D,BRIAN HIGGINS,BRIAN HIGGINS,"HIGGINS, BRIAN",H4NY27076,C00401034,I,True,False,False,C,156968,0.680507927149131,high_confidence_automatic,100.0,last_exact+first_match+token_overlap+scope_same_race,,1,MIT Election Data and Science Lab,Federal Election Commission
HOUSE_2018_NY_26_R_RENEE_M_ZENO,2018,House,NY-26,NY,26,R,RENEE M ZENO,RENEE M ZENO,"ZENO, RENEE MARIE MISS",H8NY26137,C00679050,C,False,True,False,N,61488,0.2665707113841405,high_confidence_automatic,91.0,last_exact+first_match+scope_same_race,0.0,2,MIT Election Data and Science Lab,Federal Election Commission
HOUSE_2018_NY_27_D_NATHAN_D_MCMURRAY,2018,House,NY-27,NY,27,D,NATHAN D MCMURRAY,NATHAN D MCMURRAY,"MCMURRAY, NATHAN DOUGLAS",H8NY27176,C00666453,O,False,False,True,C,128167,0.44923589204346304,high_confidence_automatic,92.5,last_exact+first_match+token_overlap+scope_same_race,2.0,6,MIT Election Data and Science Lab,Federal Election Commission
HOUSE_2018_NY_27_R_CHRIS_COLLINS,2018,House,NY-27,NY,27,R,CHRIS COLLINS,CHRIS COLLINS,"COLLINS, CHRISTOPHER C",H8NY29032,C00520379,I,True,False,False,C,114506,0.40135296179460217,high_confidence_automatic,88.75,last_exact+first_match+scope_same_race,2.0,3,MIT Election Data and Science Lab,Federal Election Commission
HOUSE_2018_NY_3_D_THOMAS_R_SUOZZI,2018,House,NY-3,NY,3,D,THOMAS R SUOZZI,THOMAS R SUOZZI,"SUOZZI, THOMAS",H6NY03247,C00607200,I,True,False,False,C,149937,0.5614314279081262,high_confidence_automatic,95.0,last_exact+first_match+token_overlap+scope_same_race,2.0,2,MIT Election Data and Science Lab,Federal Election Commission
HOUSE_2018_NY_3_R_DAN_P_DEBONO,2018,House,NY-3,NY,3,R,DAN P DEBONO,DAN P DEBONO,"DEBONO, DAN",H8NY03151,C00651497,C,False,True,False,C,98716,0.3696370131280377,high_confidence_automatic,95.0,last_exact+first_match+token_overlap+scope_same_race,,1,MIT Election Data and Science Lab,Federal Election Commission
HOUSE_2018_NY_4_D_KATHLEEN_M_RICE,2018,House,NY-4,NY,4,D,KATHLEEN M RICE,KATHLEEN M RICE,"RICE, KATHLEEN",H4NY04075,C00555813,I,True,False,False,C,156728,0.60232277503209,high_confidence_automatic,95.0,last_exact+first_match+token_overlap+scope_same_race,0.0,2,MIT Election Data and Science Lab,Federal Election Commission
HOUSE_2018_NY_4_R_AMEER_N_BENNO,2018,House,NY-4,NY,4,R,AMEER N BENNO,AMEER N BENNO,"BENNO, AMEER",H8NY04084,C00675587,C,False,True,False,C,90306,0.3470557942553208,high_confidence_automatic,95.0,last_exact+first_match+token_overlap+scope_same_race,,1,MIT Election Data and Science Lab,Federal Election Commission
HOUSE_2018_NY_5_D_GREGORY_W_MEEKS,2018,House,NY-5,NY,5,D,GREGORY W MEEKS,GREGORY W MEEKS,"MEEKS, GREGORY W.",H8NY06048,C00430991,I,True,False,False,C,160500,0.9939865362820568,high_confidence_automatic,100.0,last_exact+first_match+token_overlap+scope_same_race,2.0,4,MIT Election Data and Science Lab,Federal Election Commission
HOUSE_2018_NY_6_D_GRACE_MENG,2018,House,NY-6,NY,6,D,GRACE MENG,GRACE MENG,"MENG, GRACE",H2NY06116,C00516666,I,True,False,False,C,104293,0.845018270796704,high_confidence_automatic,100.0,last_exact+first_match+token_overlap+scope_same_race,,1,MIT Election Data and Science Lab,Federal Election Commission
HOUSE_2018_NY_7_D_NYDIA_M_VELAZQUEZ,2018,House,NY-7,NY,7,D,NYDIA M VELAZQUEZ,NYDIA M VELAZQUEZ,"VELAZQUEZ, NYDIA M.",H2NY00010,C00271312,I,True,False,False,C,134125,0.8526592160303111,high_confidence_automatic,100.0,last_exact+first_match+token_overlap+scope_same_race,0.0,2,MIT Election Data and Science Lab,Federal Election Commission
HOUSE_2018_NY_8_D_HAKEEM_S_JEFFRIES,2018,House,NY-8,NY,8,D,HAKEEM S JEFFRIES,HAKEEM S JEFFRIES,"JEFFRIES, HAKEEM",H2NY10092,C00503052,I,True,False,False,C,170850,0.8918550689836976,high_confidence_automatic,95.0,last_exact+first_match+token_overlap+scope_same_race,,1,MIT Election Data and Science Lab,Federal Election Commission
HOUSE_2018_NY_9_D_YVETTE_D_CLARKE,2018,House,NY-9,NY,9,D,YVETTE D CLARKE,YVETTE D CLARKE,"CLARKE, YVETTE",H4NY11138,C00415331,I,True,False,False,C,167269,0.8222718178377076,high_confidence_automatic,95.0,last_exact+first_match+token_overlap+scope_same_race,2.0,2,MIT Election Data and Science Lab,Federal Election Commission
HOUSE_2018_NY_9_R_LUTCHI_GAYOT,2018,House,NY-9,NY,9,R,LUTCHI GAYOT,LUTCHI GAYOT,"GAYOT, LUTCHI",H8NY09174,C00673244,C,False,True,False,N,18702,0.0919365066880343,high_confidence_automatic,100.0,last_exact+first_match+token_overlap+scope_same_race,0.0,2,MIT Election Data and Science Lab,Federal Election Commission
HOUSE_2018_OH_1_D_AFTAB_PUREVAL,2018,House,OH-1,OH,1,D,AFTAB PUREVAL,AFTAB PUREVAL,"PUREVAL, AFTAB",H8OH01118,C00667519,C,False,True,False,C,141118,0.4690315783176178,high_confidence_automatic,100.0,last_exact+first_match+token_overlap+scope_same_race,2.0,3,MIT Election Data and Science Lab,Federal Election Commission
HOUSE_2018_OH_1_R_STEVE_CHABOT,2018,House,OH-1,OH,1,R,STEVE CHABOT,STEVE CHABOT,"CHABOT, STEVE",H8OH01043,C00301838,I,True,False,False,C,154409,0.5132066566734581,high_confidence_automatic,100.0,last_exact+first_match+token_overlap+scope_same_race,2.0,2,MIT Election Data and Science Lab,Federal Election Commission
HOUSE_2018_OH_10_D_THERESA_A_GASPER,2018,House,OH-10,OH,10,D,THERESA A GASPER,THERESA A GASPER,"GASPER, THERESA",H8OH10119,C00665471,C,False,True,False,C,118785,0.42163307610941125,high_confidence_automatic,95.0,last_exact+first_match+token_overlap+scope_same_race,2.0,3,MIT Election Data and Science Lab,Federal Election Commission
HOUSE_2018_OH_10_R_MIKE_TURNER,2018,House,OH-10,OH,10,R,MIKE TURNER,MIKE TURNER,"TURNER, MICHAEL R",H2OH03067,C00373001,I,True,False,False,C,157554,0.5592455080468256,high_confidence_automatic,88.75,last_exact+first_match+scope_same_race,0.0,3,MIT Election Data and Science Lab,Federal Election Commission
HOUSE_2018_OH_11_D_MARCIA_L_FUDGE,2018,House,OH-11,OH,11,D,MARCIA L FUDGE,MARCIA L FUDGE,"FUDGE, MARCIA L",H8OH11141,C00454694,I,True,False,False,C,206138,0.8223809143860209,high_confidence_automatic,100.0,last_exact+first_match+token_overlap+scope_same_race,0.0,4,MIT Election Data and Science Lab,Federal Election Commission
HOUSE_2018_OH_11_R_BEVERLY_A_GOLDSTEIN,2018,House,OH-11,OH,11,R,BEVERLY A GOLDSTEIN,BEVERLY A GOLDSTEIN,"GOLDSTEIN, BEVERLY A.",H6OH11160,C00612697,C,False,True,False,N,44486,0.17747546477299928,high_confidence_automatic,100.0,last_exact+first_match+token_overlap+scope_same_race,2.0,2,MIT Election Data and Science Lab,Federal Election Commission
HOUSE_2018_OH_12_D_DANNY_O_CONNOR,2018,House,OH-12,OH,12,D,DANNY O'CONNOR,DANNY O'CONNOR,"O'CONNOR, DANIEL JAY",H8OH12297,C00667964,O,False,False,True,C,161251,0.4719813140463695,high_confidence_automatic,91.0,last_exact+first_match+scope_same_race,2.0,8,MIT Election Data and Science Lab,Federal Election Commission
HOUSE_2018_OH_12_R_TROY_BALDERSON,2018,House,OH-12,OH,12,R,TROY BALDERSON,TROY BALDERSON,"BALDERSON, TROY",H8OH12180,C00662650,I,True,False,False,C,175677,0.5142061835754448,high_confidence_automatic,100.0,last_exact+first_match+token_overlap+scope_same_race,2.0,13,MIT Election Data and Science Lab,Federal Election Commission
HOUSE_2018_OH_13_D_TIM_RYAN,2018,House,OH-13,OH,13,D,TIM RYAN,TIM RYAN,"RYAN, TIMOTHY",H2OH17109,C00373464,I,True,False,False,C,153323,0.6099494768667701,high_confidence_automatic,90.0,last_exact+first_match+scope_same_race,0.0,3,MIT Election Data and Science Lab,Federal Election Commission
HOUSE_2018_OH_13_R_CHRIS_DEPIZZO,2018,House,OH-13,OH,13,R,CHRIS DEPIZZO,CHRIS DEPIZZO,"DEPIZZO, CHRIS",H8OH13147,C00659151,C,False,True,False,C,98047,0.3900505231332299,high_confidence_automatic,100.0,last_exact+first_match+token_overlap+scope_same_race,,1,MIT Election Data and Science Lab,Federal Election Commission
HOUSE_2018_OH_14_D_BETSY_RADER,2018,House,OH-14,OH,14,D,BETSY RADER,BETSY RADER,"RADER, ELIZABETH ANNE",H8OH14111,C00637967,C,False,True,False,C,137549,0.4475204810026093,review_required,48.75,last_exact+first_mismatch+scope_same_race,0.0,2,MIT Election Data and Science Lab,Federal Election Commission
HOUSE_2018_OH_14_R_DAVID_P_JOYCE,2018,House,OH-14,OH,14,R,DAVID P JOYCE,DAVID P JOYCE,"JOYCE, DAVID P",H2OH14064,C00527457,I,True,False,False,C,169809,0.5524795189973907,high_confidence_automatic,100.0,last_exact+first_match+token_overlap+scope_same_race,2.0,3,MIT Election Data and Science Lab,Federal Election Commission
HOUSE_2018_OH_15_D_RICK_NEAL,2018,House,OH-15,OH,15,D,RICK NEAL,RICK NEAL,"NEAL, RICK",H8OH15134,C00652651,C,False,True,False,C,116112,0.3970414747489254,high_confidence_automatic,100.0,last_exact+first_match+token_overlap+scope_same_race,0.0,3,MIT Election Data and Science Lab,Federal Election Commission
HOUSE_2018_OH_15_R_STEVE_STIVERS,2018,House,OH-15,OH,15,R,STEVE STIVERS,STEVE STIVERS,"STIVERS, STEVE MR.",H8OH15076,C00441352,I,True,False,False,C,170593,0.5833376076705546,high_confidence_automatic,100.0,last_exact+first_match+token_overlap+scope_same_race,,1,MIT Election Data and Science Lab,Federal Election Commission
HOUSE_2018_OH_16_D_SUSAN_MORAN_PALMER,2018,House,OH-16,OH,16,D,SUSAN MORAN PALMER,SUSAN MORAN PALMER,"PALMER, SUSAN MORAN",H8OH16157,C00667915,O,False,False,True,C,129681,0.4326882653231457,high_confidence_automatic,100.0,last_exact+first_match+token_overlap+scope_same_race,2.0,6,MIT Election Data and Science Lab,Federal Election Commission
HOUSE_2018_OH_16_R_ANTHONY_GONZALEZ,2018,House,OH-16,OH,16,R,ANTHONY GONZALEZ,ANTHONY GONZALEZ,"GONZALEZ, ANTHONY E",H8OH16124,C00654079,O,False,False,True,C,170029,0.5673117346768543,high_confidence_automatic,95.0,last_exact+first_match+token_overlap+scope_same_race,2.0,7,MIT Election Data and Science Lab,Federal Election Commission
HOUSE_2018_OH_2_D_JILL_SCHILLER,2018,House,OH-2,OH,2,D,JILL SCHILLER,JILL SCHILLER,"SCHILLER, JILL",H8OH02124,C00666743,C,False,True,False,C,119333,0.4119746876521175,high_confidence_automatic,100.0,last_exact+first_match+token_overlap+scope_same_race,2.0,4,MIT Election Data and Science Lab,Federal Election Commission
HOUSE_2018_OH_2_R_BRAD_WENSTRUP,2018,House,OH-2,OH,2,R,BRAD WENSTRUP,BRAD WENSTRUP,"WENSTRUP, BRAD",H2OH02085,C00497818,I,True,False,False,C,166714,0.5755486586043685,high_confidence_automatic,100.0,last_exact+first_match+token_overlap+scope_same_race,,1,MIT Election Data and Science Lab,Federal Election Commission
HOUSE_2018_OH_3_D_JOYCE_BEATTY,2018,House,OH-3,OH,3,D,JOYCE BEATTY,JOYCE BEATTY,"BEATTY, JOYCE",H2OH03125,C00507368,I,True,False,False,C,181575,0.7360840289123023,high_confidence_automatic,100.0,last_exact+first_match+token_overlap+scope_same_race,,1,MIT Election Data and Science Lab,Federal Election Commission
HOUSE_2018_OH_3_R_JIM_BURGESS,2018,House,OH-3,OH,3,R,JIM BURGESS,JIM BURGESS,"BURGESS, JAMES E",H8OH03106,,C,False,True,False,N,65040,0.26366463026548886,high_confidence_automatic,88.75,last_exact+first_match+scope_same_race,0.0,2,MIT Election Data and Science Lab,Federal Election Commission
HOUSE_2018_OH_4_D_JANET_GARRETT,2018,House,OH-4,OH,4,D,JANET GARRETT,JANET GARRETT,"GARRETT, JANET PATRICIA MRS.",H4OH04046,C00560847,C,False,True,False,C,89412,0.34735921990637325,high_confidence_automatic,95.0,last_exact+first_match+token_overlap+scope_same_race,2.0,5,MIT Election Data and Science Lab,Federal Election Commission
HOUSE_2018_OH_4_R_JIM_JORDAN,2018,House,OH-4,OH,4,R,JIM JORDAN,JIM JORDAN,"JORDAN, JAMES D.",H6OH04082,C00416594,I,True,False,False,C,167993,0.6526407800936268,high_confidence_automatic,88.75,last_exact+first_match+scope_same_race,0.0,2,MIT Election Data and Science Lab,Federal Election Commission
HOUSE_2018_OH_5_D_J_MICHAEL_GALBRAITH,2018,House,OH-5,OH,5,D,J MICHAEL GALBRAITH,J MICHAEL GALBRAITH,"GALBRAITH, JOHN MICHAEL",H8OH05150,C00638999,C,False,True,False,C,99655,0.35137174428895307,probable_automatic,74.5,last_exact+first_initial+token_overlap+scope_same_race,0.0,2,MIT Election Data and Science Lab,Federal Election Commission
HOUSE_2018_OH_5_R_BOB_LATTA,2018,House,OH-5,OH,5,R,BOB LATTA,BOB LATTA,"LATTA, ROBERT EDWARD",H8OH05036,C00438697,I,True,False,False,C,176569,0.6225614120451172,high_confidence_automatic,88.75,last_exact+first_match+scope_same_race,2.0,3,MIT Election Data and Science Lab,Federal Election Commission
HOUSE_2018_OH_6_D_SHAWNA_ROBERTS,2018,House,OH-6,OH,6,D,SHAWNA ROBERTS,SHAWNA ROBERTS,"ROBERTS, SHAWNA",H8OH06133,C00670232,C,False,True,False,C,76716,0.3074912822157201,high_confidence_automatic,100.0,last_exact+first_match+token_overlap+scope_same_race,0.0,3,MIT Election Data and Science Lab,Federal Election Commission
HOUSE_2018_OH_6_R_BILL_JOHNSON,2018,House,OH-6,OH,6,R,BILL JOHNSON,BILL JOHNSON,"JOHNSON, BILL",H0OH06189,C00476820,I,True,False,False,C,172774,0.6925087177842799,high_confidence_automatic,100.0,last_exact+first_match+token_overlap+scope_same_race,0.0,2,MIT Election Data and Science Lab,Federal Election Commission
HOUSE_2018_OH_7_D_KEN_HARBAUGH,2018,House,OH-7,OH,7,D,KEN HARBAUGH,KEN HARBAUGH,"HARBAUGH, KENNETH",H8OH07123,C00646752,C,False,True,False,C,107536,0.41256383007293224,probable_automatic,72.0,last_exact+first_initial+scope_same_race,2.0,2,MIT Election Data and Science Lab,Federal Election Commission
HOUSE_2018_OH_7_R_BOB_GIBBS,2018,House,OH-7,OH,7,R,BOB GIBBS,BOB GIBBS,"GIBBS, ROBERT",H0OH18077,C00466516,I,True,False,False,C,153117,0.5874361699270678,high_confidence_automatic,90.0,last_exact+first_match+scope_same_race,2.0,3,MIT Election Data and Science Lab,Federal Election Commission
HOUSE_2018_OH_8_D_VANESSA_ENOCH,2018,House,OH-8,OH,8,D,VANESSA ENOCH,VANESSA ENOCH,"ENOCH, VANESSA L. DR.",H8OH08097,C00667279,C,False,True,False,C,87281,0.3342396403365335,high_confidence_automatic,95.0,last_exact+first_match+token_overlap+scope_same_race,2.0,6,MIT Election Data and Science Lab,Federal Election Commission
HOUSE_2018_OH_8_R_WARREN_DAVIDSON,2018,House,OH-8,OH,8,R,WARREN DAVIDSON,WARREN DAVIDSON,"DAVIDSON, WARREN",H6OH08315,C00600718,I,True,False,False,C,173852,0.6657603596634665,high_confidence_automatic,100.0,last_exact+first_match+token_overlap+scope_same_race,0.0,2,MIT Election Data and Science Lab,Federal Election Commission
HOUSE_2018_OH_9_D_MARCY_KAPTUR,2018,House,OH-9,OH,9,D,MARCY KAPTUR,MARCY KAPTUR,"KAPTUR, MARCY HON. M.C.",H2OH09031,C00154625,I,True,False,False,C,157219,0.6778521753752097,high_confidence_automatic,92.5,last_exact+first_match+token_overlap+scope_same_race,0.0,2,MIT Election Data and Science Lab,Federal Election Commission
HOUSE_2018_OH_9_R_STEVEN_W_KRAUS,2018,House,OH-9,OH,9,R,STEVEN W KRAUS,STEVEN W KRAUS,"KRAUS, STEVEN WAYNE MR.",H8OH09111,C00674838,C,False,True,False,C,74670,0.3219408718746901,review_required,92.5,last_exact+first_match+token_overlap+scope_same_race,92.5,4,MIT Election Data and Science Lab,Federal Election Commission
HOUSE_2018_OK_1_D_TIM_GILPIN,2018,House,OK-1,OK,1,D,TIM GILPIN,TIM GILPIN,"GILPIN, TIM",H8OK01173,C00672931,O,False,False,True,C,103042,0.4070055417089635,high_confidence_automatic,100.0,last_exact+first_match+token_overlap+scope_same_race,2.0,5,MIT Election Data and Science Lab,Federal Election Commission
HOUSE_2018_OK_1_R_KEVIN_HERN,2018,House,OK-1,OK,1,R,KEVIN HERN,KEVIN HERN,"HERN, KEVIN R",H8OK01157,C00636092,O,False,False,True,C,150129,0.5929944582910365,high_confidence_automatic,95.0,last_exact+first_match+token_overlap+scope_same_race,2.0,6,MIT Election Data and Science Lab,Federal Election Commission
HOUSE_2018_OK_2_D_JASON_NICHOLS,2018,House,OK-2,OK,2,D,JASON NICHOLS,JASON NICHOLS,"NICHOLS, JASON",H8OK02148,C00660977,C,False,True,False,C,65021,0.30102036092258405,high_confidence_automatic,100.0,last_exact+first_match+token_overlap+scope_same_race,2.0,5,MIT Election Data and Science Lab,Federal Election Commission
HOUSE_2018_OK_2_R_MARKWAYNE_MULLIN,2018,House,OK-2,OK,2,R,MARKWAYNE MULLIN,MARKWAYNE MULLIN,"MULLIN, MARKWAYNE MR.",H2OK02083,C00498345,I,True,False,False,C,140451,0.6502300904621253,high_confidence_automatic,100.0,last_exact+first_match+token_overlap+scope_same_race,2.0,4,MIT Election Data and Science Lab,Federal Election Commission
HOUSE_2018_OK_3_D_FRANKIE_ROBBINS,2018,House,OK-3,OK,3,D,FRANKIE ROBBINS,FRANKIE ROBBINS,"ROBBINS, FRANKIE LEE",H8OK03047,C00682484,C,False,True,False,N,61152,0.2612607608997501,high_confidence_automatic,95.0,last_exact+first_match+token_overlap+scope_same_race,0.0,2,MIT Election Data and Science Lab,Federal Election Commission
HOUSE_2018_OK_3_R_FRANK_D_LUCAS,2018,House,OK-3,OK,3,R,FRANK D LUCAS,FRANK D LUCAS,"LUCAS, FRANK D.",H4OK06056,C00287912,I,True,False,False,C,172913,0.73873923910025,high_confidence_automatic,100.0,last_exact+first_match+token_overlap+scope_same_race,,1,MIT Election Data and Science Lab,Federal Election Commission
HOUSE_2018_OK_4_D_MARY_BRANNON,2018,House,OK-4,OK,4,D,MARY BRANNON,MARY BRANNON,"BRANNON, MARY",H8OK04094,C00678060,C,False,True,False,N,78088,0.32998926630549613,high_confidence_automatic,100.0,last_exact+first_match+token_overlap+scope_same_race,2.0,5,MIT Election Data and Science Lab,Federal Election Commission
HOUSE_2018_OK_4_R_TOM_COLE,2018,House,OK-4,OK,4,R,TOM COLE,TOM COLE,"COLE, TOM",H2OK04055,C00379735,I,True,False,False,C,149227,0.6306130038286327,high_confidence_automatic,100.0,last_exact+first_match+token_overlap+scope_same_race,2.0,2,MIT Election Data and Science Lab,Federal Election Commission
HOUSE_2018_OK_5_D_KENDRA_HORN,2018,House,OK-5,OK,5,D,KENDRA HORN,KENDRA HORN,"HORN, KENDRA",H8OK05109,C00648915,C,False,True,False,C,121149,0.506984432541011,high_confidence_automatic,100.0,last_exact+first_match+token_overlap+scope_same_race,2.0,7,MIT Election Data and Science Lab,Federal Election Commission
HOUSE_2018_OK_5_R_STEVE_RUSSELL,2018,House,OK-5,OK,5,R,STEVE RUSSELL,STEVE RUSSELL,"RUSSELL, STEVEN DANE",H4OK05132,C00558510,I,True,False,False,C,117811,0.49301556745898895,high_confidence_automatic,88.75,last_exact+first_match+scope_same_race,0.0,3,MIT Election Data and Science Lab,Federal Election Commission
HOUSE_2018_OR_1_D_SUZANNE_BONAMICI,2018,House,OR-1,OR,1,D,SUZANNE BONAMICI,SUZANNE BONAMICI,"BONAMICI, SUZANNE MS.",H2OR01133,C00500421,I,True,False,False,C,231198,0.6364725023331104,high_confidence_automatic,100.0,last_exact+first_match+token_overlap+scope_same_race,0.0,3,MIT Election Data and Science Lab,Federal Election Commission
HOUSE_2018_OR_1_R_JOHN_VERBEEK,2018,House,OR-1,OR,1,R,JOHN VERBEEK,JOHN VERBEEK,"VERBEEK, JOHN",H8OR01262,,C,False,True,False,N,116446,0.3205679850460703,high_confidence_automatic,100.0,last_exact+first_match+token_overlap+scope_same_race,0.0,3,MIT Election Data and Science Lab,Federal Election Commission
HOUSE_2018_OR_2_D_JAMIE_MCLEOD_SKINNER,2018,House,OR-2,OR,2,D,JAMIE MCLEOD-SKINNER,JAMIE MCLEOD-SKINNER,"MCLEOD-SKINNER, JAMIE",H8OR02161,C00649004,C,False,True,False,C,145298,0.39407229007157407,high_confidence_automatic,100.0,last_exact+first_match+token_overlap+scope_same_race,2.0,8,MIT Election Data and Science Lab,Federal Election Commission
HOUSE_2018_OR_2_R_GREG_WALDEN,2018,House,OR-2,OR,2,R,GREG WALDEN,GREG WALDEN,"WALDEN, GREGORY P. MR.",H6OR02116,C00333427,I,True,False,False,C,207597,0.5630375173917642,high_confidence_automatic,88.75,last_exact+first_match+scope_same_race,0.0,4,MIT Election Data and Science Lab,Federal Election Commission
HOUSE_2018_OR_3_D_EARL_BLUMENAUER,2018,House,OR-3,OR,3,D,EARL BLUMENAUER,EARL BLUMENAUER,"BLUMENAUER, EARL",H6OR03064,C00307314,I,True,False,False,C,279019,0.725995639118873,high_confidence_automatic,100.0,last_exact+first_match+token_overlap+scope_same_race,2.0,4,MIT Election Data and Science Lab,Federal Election Commission
HOUSE_2018_OR_3_R_TOM_HARRISON,2018,House,OR-3,OR,3,R,TOM HARRISON,TOM HARRISON,"HARRISON, THOMAS S IV",H8OR03102,C00681387,C,False,True,False,N,76187,0.19823535227905476,high_confidence_automatic,88.75,last_exact+first_match+scope_same_race,,1,MIT Election Data and Science Lab,Federal Election Commission
HOUSE_2018_OR_4_D_PETER_DEFAZIO,2018,House,OR-4,OR,4,D,PETER DEFAZIO,PETER DEFAZIO,"DEFAZIO, PETER A",H6OR04047,C00215905,I,True,False,False,C,208710,0.5597047946730027,high_confidence_automatic,95.0,last_exact+first_match+token_overlap+scope_same_race,0.0,2,MIT Election Data and Science Lab,Federal Election Commission
HOUSE_2018_OR_4_R_ART_ROBINSON,2018,House,OR-4,OR,4,R,ART ROBINSON,ART ROBINSON,"ROBINSON, ART DR.",H0OR04081,C00481341,C,False,True,False,C,152414,0.40873387271952005,high_confidence_automatic,100.0,last_exact+first_match+token_overlap+scope_same_race,2.0,5,MIT Election Data and Science Lab,Federal Election Commission
HOUSE_2018_OR_5_D_KURT_SCHRADER,2018,House,OR-5,OR,5,D,KURT SCHRADER,KURT SCHRADER,"SCHRADER, KURT",H8OR05107,C00446906,I,True,False,False,C,197187,0.5500810390856671,high_confidence_automatic,100.0,last_exact+first_match+token_overlap+scope_same_race,0.0,2,MIT Election Data and Science Lab,Federal Election Commission
HOUSE_2018_OR_5_R_MARK_CALLAHAN,2018,House,OR-5,OR,5,R,MARK CALLAHAN,MARK CALLAHAN,"CALLAHAN, MARK ALLEN",H8OR05198,C00651562,C,False,True,False,C,149887,0.41813099598570586,high_confidence_automatic,95.0,last_exact+first_match+token_overlap+scope_same_race,0.0,3,MIT Election Data and Science Lab,Federal Election Commission
HOUSE_2018_PA_1_D_HENRY_SCOTT_WALLACE,2018,House,PA-1,PA,1,D,HENRY SCOTT WALLACE,HENRY SCOTT WALLACE,"WALLACE, HENRY SCOTT",H8PA08174,C00667097,O,False,False,True,C,160745,0.4874044111850284,high_confidence_automatic,100.0,last_exact+first_match+token_overlap+scope_same_race,2.0,5,MIT Election Data and Science Lab,Federal Election Commission
HOUSE_2018_PA_1_R_BRIAN_K_FITZPATRICK,2018,House,PA-1,PA,1,R,BRIAN K FITZPATRICK,BRIAN K FITZPATRICK,"FITZPATRICK, BRIAN",H6PA08277,C00607416,I,True,False,False,C,169053,0.5125955888149716,high_confidence_automatic,95.0,last_exact+first_match+token_overlap+scope_same_race,2.0,3,MIT Election Data and Science Lab,Federal Election Commission
HOUSE_2018_PA_10_D_GEORGE_B_SCOTT,2018,House,PA-10,PA,10,D,GEORGE B SCOTT,GEORGE B SCOTT,"SCOTT, GEORGE",H8PA04090,C00640961,C,False,True,False,C,141668,0.48677641367130187,high_confidence_automatic,95.0,last_exact+first_match+token_overlap+scope_same_race,2.0,7,MIT Election Data and Science Lab,Federal Election Commission
HOUSE_2018_PA_10_R_SCOTT_G_PERRY,2018,House,PA-10,PA,10,R,SCOTT G PERRY,SCOTT G PERRY,"PERRY, SCOTT",H2PA04135,C00510164,I,True,False,False,C,149365,0.5132235863286981,high_confidence_automatic,95.0,last_exact+first_match+token_overlap+scope_same_race,,1,MIT Election Data and Science Lab,Federal Election Commission
HOUSE_2018_PA_11_D_JESSICA_KING,2018,House,PA-11,PA,11,D,JESSICA KING,JESSICA KING,"KING, JESSICA",H8PA16078,C00648774,O,False,False,True,C,113876,0.41023978327281113,high_confidence_automatic,100.0,last_exact+first_match+token_overlap+scope_same_race,,1,MIT Election Data and Science Lab,Federal Election Commission
HOUSE_2018_PA_11_R_LLOYD_K_SMUCKER,2018,House,PA-11,PA,11,R,LLOYD K SMUCKER,LLOYD K SMUCKER,"SMUCKER, LLOYD K.",H6PA16320,C00599464,I,True,False,False,C,163708,0.5897602167271889,high_confidence_automatic,100.0,last_exact+first_match+token_overlap+scope_same_race,2.0,5,MIT Election Data and Science Lab,Federal Election Commission
HOUSE_2018_PA_12_D_MARC_FRIEDENBERG,2018,House,PA-12,PA,12,D,MARC FRIEDENBERG,MARC FRIEDENBERG,"FRIEDENBERG, MARC",H8PA05204,C00655084,C,False,True,False,C,82825,0.3396248851856712,high_confidence_automatic,100.0,last_exact+first_match+token_overlap+scope_same_race,2.0,3,MIT Election Data and Science Lab,Federal Election Commission
HOUSE_2018_PA_12_R_THOMAS_A_MARINO,2018,House,PA-12,PA,12,R,THOMAS A MARINO,THOMAS A MARINO,"MARINO, THOMAS ANTHONY",H0PA10078,C00475145,I,True,False,False,C,161047,0.6603751148143289,high_confidence_automatic,92.5,last_exact+first_match+token_overlap+scope_same_race,2.0,2,MIT Election Data and Science Lab,Federal Election Commission
HOUSE_2018_PA_13_D_BRENT_M_OTTAWAY,2018,House,PA-13,PA,13,D,BRENT M OTTAWAY,BRENT M OTTAWAY,"OTTAWAY, BRENT M",H8PA13133,C00674887,C,False,True,False,C,74733,0.2950771126009808,high_confidence_automatic,100.0,last_exact+first_match+token_overlap+scope_same_race,,1,MIT Election Data and Science Lab,Federal Election Commission
HOUSE_2018_PA_13_R_JOHN_JOYCE,2018,House,PA-13,PA,13,R,JOHN JOYCE,JOHN JOYCE,"JOYCE, JOHN",H8PA13125,C00674259,C,False,True,False,C,178533,0.7049228873990192,high_confidence_automatic,100.0,last_exact+first_match+token_overlap+scope_same_race,2.0,8,MIT Election Data and Science Lab,Federal Election Commission
HOUSE_2018_PA_14_D_BIBIANA_BOERIO,2018,House,PA-14,PA,14,D,BIBIANA BOERIO,BIBIANA BOERIO,"BOERIO, BIBIANA",H8PA14065,C00675041,C,False,True,False,C,110051,0.4209465377892188,high_confidence_automatic,100.0,last_exact+first_match+token_overlap+scope_same_race,2.0,4,MIT Election Data and Science Lab,Federal Election Commission
HOUSE_2018_PA_14_R_GUY_L_RESCHENTHALER,2018,House,PA-14,PA,14,R,GUY L RESCHENTHALER,GUY L RESCHENTHALER,"RESCHENTHALER, GUY MR.",H8PA18199,C00657833,O,False,False,True,C,151386,0.5790534622107811,high_confidence_automatic,95.0,last_exact+first_match+token_overlap+scope_same_race,2.0,2,MIT Election Data and Science Lab,Federal Election Commission
HOUSE_2018_PA_15_D_SUSAN_BOSER,2018,House,PA-15,PA,15,D,SUSAN BOSER,SUSAN BOSER,"BOSER, SUSAN",H8PA09065,C00670364,O,False,False,True,C,78327,0.32157637166833625,high_confidence_automatic,100.0,last_exact+first_match+token_overlap+scope_same_race,2.0,4,MIT Election Data and Science Lab,Federal Election Commission
HOUSE_2018_PA_15_R_GLENN_WILLIAM_THOMPSON,2018,House,PA-15,PA,15,R,GLENN WILLIAM THOMPSON JR,GLENN WILLIAM THOMPSON JR,"THOMPSON, GLENN",H8PA05071,C00444620,I,True,False,False,C,165245,0.6784236283316637,high_confidence_automatic,95.0,last_exact+first_match+token_overlap+scope_same_race,2.0,5,MIT Election Data and Science Lab,Federal Election Commission
HOUSE_2018_PA_16_D_RONALD_A_DINICOLA,2018,House,PA-16,PA,16,D,RONALD A DINICOLA,RONALD A DINICOLA,"DINICOLA, RONALD A. MR.",H4PA21069,C00673350,C,False,True,False,C,124109,0.4729835820667998,high_confidence_automatic,100.0,last_exact+first_match+token_overlap+scope_same_race,2.0,4,MIT Election Data and Science Lab,Federal Election Commission
HOUSE_2018_PA_16_R_GEORGE_J_KELLY,2018,House,PA-16,PA,16,R,GEORGE J KELLY JR,GEORGE J KELLY JR,"KELLY, GEORGE J JR",H0PA03271,C00474189,I,True,False,False,C,135348,0.5158157898748457,high_confidence_automatic,100.0,last_exact+first_match+token_overlap+scope_same_race,48.75,2,MIT Election Data and Science Lab,Federal Election Commission
HOUSE_2018_PA_17_D_CONOR_JAMES_LAMB,2018,House,PA-17,PA,17,D,CONOR JAMES LAMB,CONOR JAMES LAMB,"LAMB, CONOR",H8PA18181,C00657411,I,True,False,False,C,183162,0.5625731389309507,high_confidence_automatic,95.0,last_exact+first_match+token_overlap+scope_same_race,2.0,3,MIT Election Data and Science Lab,Federal Election Commission
HOUSE_2018_PA_17_R_KEITH_ROTHFUS,2018,House,PA-17,PA,17,R,KEITH ROTHFUS,KEITH ROTHFUS,"ROTHFUS, KEITH MR.",H0PA04220,C00497115,I,True,False,False,C,142417,0.43742686106904927,high_confidence_automatic,100.0,last_exact+first_match+token_overlap+scope_same_race,,1,MIT Election Data and Science Lab,Federal Election Commission
HOUSE_2018_PA_18_D_MICHAEL_F_DOYLE,2018,House,PA-18,PA,18,D,MICHAEL F DOYLE JR,MICHAEL F DOYLE JR,"DOYLE, MICHAEL",H4PA18131,C00290064,I,True,False,False,C,231472,1.0,high_confidence_automatic,95.0,last_exact+first_match+token_overlap+scope_same_race,2.0,5,MIT Election Data and Science Lab,Federal Election Commission
HOUSE_2018_PA_2_D_BRENDAN_F_BOYLE,2018,House,PA-2,PA,2,D,BRENDAN F BOYLE,BRENDAN F BOYLE,"BOYLE, BRENDAN F",H4PA13199,C00543363,I,True,False,False,C,159600,0.7901694210375182,high_confidence_automatic,100.0,last_exact+first_match+token_overlap+scope_same_race,2.0,3,MIT Election Data and Science Lab,Federal Election Commission
HOUSE_2018_PA_2_R_DAVID_TORRES,2018,House,PA-2,PA,2,R,DAVID TORRES,DAVID TORRES,"TORRES, DAVID",H8PA02110,C00677344,C,False,True,False,N,42382,0.2098305789624818,high_confidence_automatic,100.0,last_exact+first_match+token_overlap+scope_same_race,,1,MIT Election Data and Science Lab,Federal Election Commission
HOUSE_2018_PA_3_D_DWIGHT_EVANS,2018,House,PA-3,PA,3,D,DWIGHT EVANS,DWIGHT EVANS,"EVANS, DWIGHT",H6PA02171,C00591065,I,True,False,False,C,287610,0.9338077968291899,high_confidence_automatic,100.0,last_exact+first_match+token_overlap+scope_same_race,2.0,5,MIT Election Data and Science Lab,Federal Election Commission
HOUSE_2018_PA_3_R_BRYAN_E_LEIB,2018,House,PA-3,PA,3,R,BRYAN E LEIB,BRYAN E LEIB,,,,,False,False,False,,20387,0.06619220317081011,unmatched,0.0,no_candidate_pool,,0,MIT Election Data and Science Lab,Federal Election Commission
HOUSE_2018_PA_4_D_MADELEINE_DEAN_CUNNANE,2018,House,PA-4,PA,4,D,MADELEINE DEAN CUNNANE,MADELEINE DEAN CUNNANE,,,,,False,False,False,,211524,0.6352243754335702,unmatched,0.0,last_name_mismatch+scope_same_race,2.0,6,MIT Election Data and Science Lab,Federal Election Commission
HOUSE_2018_PA_4_R_DANIEL_DAVID,2018,House,PA-4,PA,4,R,DANIEL DAVID,DANIEL DAVID,"DAVID, DAN",H8PA15286,C00665331,O,False,False,True,C,121467,0.3647756245664297,high_confidence_automatic,90.0,last_exact+first_match+scope_same_race,,1,MIT Election Data and Science Lab,Federal Election Commission
HOUSE_2018_PA_5_D_MARY_GAY_SCANLON,2018,House,PA-5,PA,5,D,MARY GAY SCANLON,MARY GAY SCANLON,"SCANLON, MARY GAY",H8PA07200,C00669358,O,False,False,True,C,198639,0.6518866871886425,high_confidence_automatic,100.0,last_exact+first_match+token_overlap+scope_same_race,2.0,16,MIT Election Data and Science Lab,Federal Election Commission
HOUSE_2018_PA_5_R_PEARL_KIM,2018,House,PA-5,PA,5,R,PEARL KIM,PEARL KIM,"KIM, PEARL",H8PA05295,C00673681,C,False,True,False,C,106075,0.34811331281135754,high_confidence_automatic,100.0,last_exact+first_match+token_overlap+scope_same_race,2.0,3,MIT Election Data and Science Lab,Federal Election Commission
HOUSE_2018_PA_6_D_CHRISTINA_JAMPOLER_HOULAHAN,2018,House,PA-6,PA,6,D,CHRISTINA JAMPOLER HOULAHAN,CHRISTINA JAMPOLER HOULAHAN,"HOULAHAN, CHRISSY",H8PA06087,C00637371,O,False,False,True,C,177704,0.5887591608465749,probable_automatic,70.75,last_exact+first_initial+scope_same_race,2.0,2,MIT Election Data and Science Lab,Federal Election Commission
HOUSE_2018_PA_6_R_GREGORY_MICHAEL_MCCAULEY,2018,House,PA-6,PA,6,R,GREGORY MICHAEL MCCAULEY SR,GREGORY MICHAEL MCCAULEY SR,"MCCAULEY, GREGORY MICHAEL",H8PA07192,C00668400,O,False,False,True,C,124124,0.41124083915342513,high_confidence_automatic,100.0,last_exact+first_match+token_overlap+scope_same_race,2.0,3,MIT Election Data and Science Lab,Federal Election Commission
HOUSE_2018_PA_7_D_SUSAN_ELLIS_WILD,2018,House,PA-7,PA,7,D,SUSAN ELLIS WILD,SUSAN ELLIS WILD,"WILD, SUSAN",H8PA15229,C00658567,O,False,False,True,C,140813,0.534879834081007,high_confidence_state_fallback,95.0,last_exact+first_match+token_overlap+scope_same_state_party,2.0,86,MIT Election Data and Science Lab,Federal Election Commission
HOUSE_2018_PA_7_R_MARTIN_W_NOTHSTEIN,2018,House,PA-7,PA,7,R,MARTIN W NOTHSTEIN,MARTIN W NOTHSTEIN,"NOTHSTEIN, MARTY MR.",H8PA15245,C00658583,O,False,False,True,C,114437,0.43469028834502643,probable_automatic,70.75,last_exact+first_initial+scope_same_race,2.0,4,MIT Election Data and Science Lab,Federal Election Commission
HOUSE_2018_PA_8_D_MATTHEW_ALTON_CARTWRIGHT,2018,House,PA-8,PA,8,D,MATTHEW ALTON CARTWRIGHT,MATTHEW ALTON CARTWRIGHT,"CARTWRIGHT, MATT",H2PA17079,C00509968,I,True,False,False,C,135603,0.546420541089432,high_confidence_automatic,88.75,last_exact+first_match+scope_same_race,,1,MIT Election Data and Science Lab,Federal Election Commission
HOUSE_2018_PA_8_R_JOHN_ROBERT_CHRIN,2018,House,PA-8,PA,8,R,JOHN ROBERT CHRIN,JOHN ROBERT CHRIN,"CHRIN, JOHN R",H8PA17050,C00640839,C,False,True,False,C,112563,0.45357945891056795,high_confidence_automatic,92.5,last_exact+first_match+token_overlap+scope_same_race,2.0,4,MIT Election Data and Science Lab,Federal Election Commission
HOUSE_2018_PA_9_D_DENNIS_WOLFF,2018,House,PA-9,PA,9,D,DENNIS WOLFF,DENNIS WOLFF,"WOLFF, DENNY",H8PA11095,C00658328,O,False,False,True,C,100204,0.4025437176360941,probable_automatic,72.0,last_exact+first_initial+scope_same_race,2.0,3,MIT Election Data and Science Lab,Federal Election Commission
HOUSE_2018_PA_9_R_DANIEL_MEUSER,2018,House,PA-9,PA,9,R,DANIEL MEUSER,DANIEL MEUSER,"MEUSER, DANIEL",H8PA10147,C00654723,O,False,False,True,C,148723,0.5974562823639059,high_confidence_automatic,100.0,last_exact+first_match+token_overlap+scope_same_race,2.0,7,MIT Election Data and Science Lab,Federal Election Commission
HOUSE_2018_RI_1_D_DAVID_N_CICILLINE,2018,House,RI-1,RI,1,D,DAVID N CICILLINE,DAVID N CICILLINE,"CICILLINE, DAVID N",H0RI01073,C00476564,I,True,False,False,C,116099,0.6669175048683674,high_confidence_automatic,100.0,last_exact+first_match+token_overlap+scope_same_race,0.0,2,MIT Election Data and Science Lab,Federal Election Commission
HOUSE_2018_RI_1_R_PATRICK_J_DONOVAN,2018,House,RI-1,RI,1,R,PATRICK J DONOVAN,PATRICK J DONOVAN,"DONOVAN, PATRICK J",H8RI01100,C00689018,C,False,True,False,N,57567,0.3306870860451624,high_confidence_automatic,100.0,last_exact+first_match+token_overlap+scope_same_race,0.0,2,MIT Election Data and Science Lab,Federal Election Commission
HOUSE_2018_RI_2_D_JAMES_R_LANGEVIN,2018,House,RI-2,RI,2,D,JAMES R LANGEVIN,JAMES R LANGEVIN,"LANGEVIN, JAMES R. HONORABLE",H0RI02139,C00344697,I,True,False,False,C,126476,0.6349292409022225,high_confidence_automatic,96.25,last_exact+first_match+token_overlap+scope_same_race,,1,MIT Election Data and Science Lab,Federal Election Commission
HOUSE_2018_RI_2_R_SALVATORE_G_CAIOZZO,2018,House,RI-2,RI,2,R,SALVATORE G CAIOZZO,SALVATORE G CAIOZZO,"CAIOZZO, SALVATORE",H6RI02284,C00665349,C,False,True,False,N,72271,0.3628116889310582,high_confidence_automatic,95.0,last_exact+first_match+token_overlap+scope_same_race,,1,MIT Election Data and Science Lab,Federal Election Commission
HOUSE_2018_SC_1_D_JOE_CUNNINGHAM,2018,House,SC-1,SC,1,D,JOE CUNNINGHAM,JOE CUNNINGHAM,"CUNNINGHAM, JOE",H8SC01116,C00650507,C,False,True,False,C,145455,0.5060483660540022,high_confidence_automatic,100.0,last_exact+first_match+token_overlap+scope_same_race,2.0,3,MIT Election Data and Science Lab,Federal Election Commission
HOUSE_2018_SC_1_R_KATIE_ARRINGTON,2018,House,SC-1,SC,1,R,KATIE ARRINGTON,KATIE ARRINGTON,"ARRINGTON, KATHERINE ELIZABETH",H8SC01124,C00653204,C,False,True,False,C,141473,0.492194702765514,high_confidence_automatic,88.75,last_exact+first_match+scope_same_race,2.0,5,MIT Election Data and Science Lab,Federal Election Commission
HOUSE_2018_SC_2_D_SEAN_CARRIGAN,2018,House,SC-2,SC,2,D,SEAN CARRIGAN,SEAN CARRIGAN,"CARRIGAN, SEAN J MR.",H8SC02106,C00652321,C,False,True,False,C,109199,0.424669147814995,high_confidence_automatic,95.0,last_exact+first_match+token_overlap+scope_same_race,2.0,3,MIT Election Data and Science Lab,Federal Election Commission
HOUSE_2018_SC_2_R_JOE_WILSON,2018,House,SC-2,SC,2,R,JOE WILSON,JOE WILSON,"WILSON, JOE THE HON.",H2SC02059,C00368522,I,True,False,False,C,144642,0.5625051042432303,high_confidence_automatic,95.0,last_exact+first_match+token_overlap+scope_same_race,,1,MIT Election Data and Science Lab,Federal Election Commission
HOUSE_2018_SC_3_D_MARY_GEREN,2018,House,SC-3,SC,3,D,MARY GEREN,MARY GEREN,"GEREN, MARY SMITH",H8SC03070,C00636696,C,False,True,False,C,70046,0.3096585383105515,high_confidence_automatic,95.0,last_exact+first_match+token_overlap+scope_same_race,2.0,2,MIT Election Data and Science Lab,Federal Election Commission
HOUSE_2018_SC_3_R_JEFF_DUNCAN,2018,House,SC-3,SC,3,R,JEFF DUNCAN,JEFF DUNCAN,"DUNCAN, JEFFREY D MR.",H0SC03077,C00460550,I,True,False,False,C,153338,0.6778748386412266,high_confidence_automatic,88.75,last_exact+first_match+scope_same_race,,1,MIT Election Data and Science Lab,Federal Election Commission
HOUSE_2018_SC_4_D_BRANDON_P_BROWN,2018,House,SC-4,SC,4,D,BRANDON P BROWN,BRANDON P BROWN,"BROWN, BRANDON PENDARVIS",H8SC04300,C00672162,O,False,False,True,C,89182,0.36557491289198607,high_confidence_automatic,92.5,last_exact+first_match+token_overlap+scope_same_race,2.0,6,MIT Election Data and Science Lab,Federal Election Commission
HOUSE_2018_SC_4_R_WILLIAM_TIMMONS,2018,House,SC-4,SC,4,R,WILLIAM TIMMONS,WILLIAM TIMMONS,"TIMMONS, WILLIAM R. IV",H8SC04250,C00668491,O,False,False,True,C,145321,0.5956999385119902,high_confidence_automatic,95.0,last_exact+first_match+token_overlap+scope_same_race,2.0,17,MIT Election Data and Science Lab,Federal Election Commission
HOUSE_2018_SC_5_D_ARCHIE_PARNELL,2018,House,SC-5,SC,5,D,ARCHIE PARNELL,ARCHIE PARNELL,"PARNELL, ARCHIE",H8SC05174,C00634709,C,False,True,False,C,103129,0.4148741446381231,high_confidence_automatic,100.0,last_exact+first_match+token_overlap+scope_same_race,2.0,4,MIT Election Data and Science Lab,Federal Election Commission
HOUSE_2018_SC_5_R_RALPH_W_NORMAN,2018,House,SC-5,SC,5,R,RALPH W NORMAN,RALPH W NORMAN,"NORMAN, RALPH W. JR.",H8SC05158,C00633610,I,True,False,False,C,141757,0.5702694113340225,high_confidence_automatic,100.0,last_exact+first_match+token_overlap+scope_same_race,0.0,3,MIT Election Data and Science Lab,Federal Election Commission
HOUSE_2018_SC_6_D_JAMES_E_JIM_CLYBURN,2018,House,SC-6,SC,6,D,JAMES E JIM CLYBURN,JAMES E JIM CLYBURN,"CLYBURN, JAMES E.",H2SC02042,C00255562,I,True,False,False,C,144765,0.7012686925055587,high_confidence_automatic,96.25,last_exact+first_match+token_overlap+scope_same_race,,1,MIT Election Data and Science Lab,Federal Election Commission
HOUSE_2018_SC_6_R_GERHARD_R_GRESSMANN,2018,House,SC-6,SC,6,R,GERHARD R GRESSMANN,GERHARD R GRESSMANN,"GRESSMANN, GERHARD RALF REV",H8SC06107,C00671990,C,False,True,False,C,58282,0.28232889121409854,high_confidence_automatic,92.5,last_exact+first_match+token_overlap+scope_same_race,,1,MIT Election Data and Science Lab,Federal Election Commission
HOUSE_2018_SC_7_D_ROBERT_WILLIAMS,2018,House,SC-7,SC,7,D,ROBERT WILLIAMS,ROBERT WILLIAMS,"WILLIAMS, ROBERT",H8SC07063,C00677062,C,False,True,False,C,96564,0.4030990924801924,high_confidence_automatic,100.0,last_exact+first_match+token_overlap+scope_same_race,2.0,4,MIT Election Data and Science Lab,Federal Election Commission
HOUSE_2018_SC_7_R_TOM_RICE,2018,House,SC-7,SC,7,R,TOM RICE,TOM RICE,"RICE, TOM",H2SC07066,C00506048,I,True,False,False,C,142681,0.5956110104611069,high_confidence_automatic,100.0,last_exact+first_match+token_overlap+scope_same_race,2.0,5,MIT Election Data and Science Lab,Federal Election Commission
HOUSE_2018_SD_AL_D_TIM_BJORKMAN,2018,House,SD-AL,SD,AL,D,TIM BJORKMAN,TIM BJORKMAN,"BJORKMAN, TIMOTHY W MR.",H8SD01097,C00650226,O,False,False,True,C,120816,0.3601384322340828,high_confidence_automatic,88.75,last_exact+first_match+scope_same_race,0.0,2,MIT Election Data and Science Lab,Federal Election Commission
HOUSE_2018_SD_AL_R_DUSTIN_DUSTY_JOHNSON,2018,House,SD-AL,SD,AL,R,"DUSTIN \""DUSTY\"" JOHNSON","DUSTIN \""DUSTY\"" JOHNSON","JOHNSON, DUSTY",H8SD01055,C00628917,O,False,False,True,C,202446,0.6034679599726951,high_confidence_automatic,92.0,last_exact+alternate_given_name_match+token_overlap+scope_same_race,2.0,5,MIT Election Data and Science Lab,Federal Election Commission
HOUSE_2018_TN_1_D_MARTY_OLSEN,2018,House,TN-1,TN,1,D,MARTY OLSEN,MARTY OLSEN,"OLSEN, MARTIN",H8TN01079,C00653253,C,False,True,False,C,47138,0.2101729073220321,probable_automatic,72.0,last_exact+first_initial+scope_same_race,,1,MIT Election Data and Science Lab,Federal Election Commission
HOUSE_2018_TN_1_R_PHIL_ROE,2018,House,TN-1,TN,1,R,PHIL ROE,PHIL ROE,"ROE, DAVID PHILLIP DR.",H6TN01388,C00444471,I,True,False,False,C,172835,0.7706146725996736,review_required,48.75,last_exact+first_mismatch+scope_same_race,2.0,4,MIT Election Data and Science Lab,Federal Election Commission
HOUSE_2018_TN_2_D_RENEE_HOYOS,2018,House,TN-2,TN,2,D,RENEE HOYOS,RENEE HOYOS,"HOYOS, RENEE",H8TN02176,C00654988,O,False,False,True,C,86668,0.33062479495220004,high_confidence_automatic,100.0,last_exact+first_match+token_overlap+scope_same_race,2.0,4,MIT Election Data and Science Lab,Federal Election Commission
HOUSE_2018_TN_2_R_TIM_BURCHETT,2018,House,TN-2,TN,2,R,TIM BURCHETT,TIM BURCHETT,"BURCHETT, TIM",H8TN02119,C00652149,O,False,False,True,C,172856,0.6594184653650423,high_confidence_automatic,100.0,last_exact+first_match+token_overlap+scope_same_race,2.0,11,MIT Election Data and Science Lab,Federal Election Commission
HOUSE_2018_TN_3_D_DANIELLE_MITCHELL,2018,House,TN-3,TN,3,D,DANIELLE MITCHELL,DANIELLE MITCHELL,"MITCHELL, DANIELLE DR.",H8TN03208,C00641001,C,False,True,False,C,84731,0.3447643073667935,high_confidence_automatic,100.0,last_exact+first_match+token_overlap+scope_same_race,0.0,2,MIT Election Data and Science Lab,Federal Election Commission
HOUSE_2018_TN_3_R_CHUCK_FLEISCHMANN,2018,House,TN-3,TN,3,R,CHUCK FLEISCHMANN,CHUCK FLEISCHMANN,"FLEISCHMANN, CHARLES J",H0TN03254,C00461822,I,True,False,False,C,156512,0.6368360018717067,high_confidence_automatic,88.75,last_exact+first_match+scope_same_race,0.0,3,MIT Election Data and Science Lab,Federal Election Commission
HOUSE_2018_TN_4_D_MARIAH_PHILLIPS,2018,House,TN-4,TN,4,D,MARIAH PHILLIPS,MARIAH PHILLIPS,"PHILLIPS, MARIAH NICOLE",H8TN04099,C00639641,C,False,True,False,C,78065,0.3358342188246125,high_confidence_automatic,95.0,last_exact+first_match+token_overlap+scope_same_race,2.0,3,MIT Election Data and Science Lab,Federal Election Commission
HOUSE_2018_TN_4_R_SCOTT_DESJARLAIS,2018,House,TN-4,TN,4,R,SCOTT DESJARLAIS,SCOTT DESJARLAIS,"DESJARLAIS, SCOTT HON.",H0TN04195,C00464073,I,True,False,False,C,147323,0.6337808828527303,high_confidence_automatic,100.0,last_exact+first_match+token_overlap+scope_same_race,2.0,2,MIT Election Data and Science Lab,Federal Election Commission
HOUSE_2018_TN_5_D_JIM_COOPER,2018,House,TN-5,TN,5,D,JIM COOPER,JIM COOPER,"COOPER, JAMES H.S.",H2TN05131,C00376665,I,True,False,False,C,177923,0.6784532198529636,high_confidence_automatic,88.0,last_exact+first_match+scope_same_race,,1,MIT Election Data and Science Lab,Federal Election Commission
HOUSE_2018_TN_5_R_JODY_M_BALL,2018,House,TN-5,TN,5,R,JODY M BALL,JODY M BALL,"BALL, JODY",H6TN05314,C00676130,C,False,True,False,N,84317,0.3215162746713035,high_confidence_automatic,95.0,last_exact+first_match+token_overlap+scope_same_race,0.0,3,MIT Election Data and Science Lab,Federal Election Commission
HOUSE_2018_TN_6_D_DAWN_BARLOW,2018,House,TN-6,TN,6,D,DAWN BARLOW,DAWN BARLOW,"BARLOW, DAWN",H8TN06128,C00671263,O,False,False,True,C,70370,0.2829058454611241,high_confidence_automatic,100.0,last_exact+first_match+token_overlap+scope_same_race,2.0,5,MIT Election Data and Science Lab,Federal Election Commission
HOUSE_2018_TN_6_R_JOHN_ROSE,2018,House,TN-6,TN,6,R,JOHN ROSE,JOHN ROSE,"ROSE, JOHN W.",H8TN06094,C00652743,O,False,False,True,C,172810,0.6947414971456138,high_confidence_automatic,95.0,last_exact+first_match+token_overlap+scope_same_race,2.0,6,MIT Election Data and Science Lab,Federal Election Commission
HOUSE_2018_TN_7_D_JUSTIN_KANEW,2018,House,TN-7,TN,7,D,JUSTIN KANEW,JUSTIN KANEW,"KANEW, JUSTIN",H8TN07068,C00638403,O,False,False,True,C,81661,0.3210146864582678,high_confidence_automatic,100.0,last_exact+first_match+token_overlap+scope_same_race,2.0,3,MIT Election Data and Science Lab,Federal Election Commission
HOUSE_2018_TN_7_R_MARK_E_GREEN,2018,House,TN-7,TN,7,R,MARK E GREEN,MARK E GREEN,"GREEN, MARK DR.",H8TN07076,C00658385,O,False,False,True,C,170071,0.6685601295678973,high_confidence_automatic,95.0,last_exact+first_match+token_overlap+scope_same_race,2.0,3,MIT Election Data and Science Lab,Federal Election Commission
HOUSE_2018_TN_8_D_ERIKA_STOTTS_PEARSON,2018,House,TN-8,TN,8,D,ERIKA STOTTS PEARSON,ERIKA STOTTS PEARSON,"STOTTS-PEARSON, ERIKA",H6TN08250,C00684977,C,False,True,False,N,74755,0.3010127041011496,high_confidence_automatic,100.0,last_exact+first_match+token_overlap+scope_same_race,2.0,2,MIT Election Data and Science Lab,Federal Election Commission
HOUSE_2018_TN_8_R_DAVID_KUSTOFF,2018,House,TN-8,TN,8,R,DAVID KUSTOFF,DAVID KUSTOFF,"KUSTOFF, DAVID",H2TN07103,C00614826,I,True,False,False,C,168030,0.6765990859489822,high_confidence_automatic,100.0,last_exact+first_match+token_overlap+scope_same_race,2.0,2,MIT Election Data and Science Lab,Federal Election Commission
HOUSE_2018_TN_9_D_STEVE_COHEN,2018,House,TN-9,TN,9,D,STEVE COHEN,STEVE COHEN,"COHEN, STEPHEN IRA",H6TN09068,C00422980,I,True,False,False,C,145139,0.7997696665123762,high_confidence_automatic,88.75,last_exact+first_match+scope_same_race,2.0,3,MIT Election Data and Science Lab,Federal Election Commission
HOUSE_2018_TN_9_R_CHARLOTTE_BERGMANN,2018,House,TN-9,TN,9,R,CHARLOTTE BERGMANN,CHARLOTTE BERGMANN,,,,,False,False,False,,34901,0.1923174414247614,unmatched,0.0,no_candidate_pool,,0,MIT Election Data and Science Lab,Federal Election Commission
HOUSE_2018_TX_1_D_SHIRLEY_J_MCKELLAR,2018,House,TX-1,TX,1,D,SHIRLEY J MCKELLAR,SHIRLEY J MCKELLAR,"MCKELLAR, SHIRLEY JONETTA  DR",H2TX01062,C00506287,C,False,True,False,C,61263,0.26324767961498796,high_confidence_automatic,92.5,last_exact+first_match+token_overlap+scope_same_race,2.0,2,MIT Election Data and Science Lab,Federal Election Commission
HOUSE_2018_TX_1_R_LOUIE_GOHMERT,2018,House,TX-1,TX,1,R,LOUIE GOHMERT,LOUIE GOHMERT,"GOHMERT, LOUIS B. MR. JR.",H4TX04039,C00386532,I,True,False,False,C,168165,0.7226065658301822,probable_automatic,70.75,last_exact+first_initial+scope_same_race,0.0,3,MIT Election Data and Science Lab,Federal Election Commission
HOUSE_2018_TX_10_D_MIKE_SIEGEL,2018,House,TX-10,TX,10,D,MIKE SIEGEL,MIKE SIEGEL,"SIEGEL, MICHAEL",H8TX10110,C00662668,C,False,True,False,C,144034,0.4679056742910791,high_confidence_automatic,90.0,last_exact+first_match+scope_same_race,2.0,9,MIT Election Data and Science Lab,Federal Election Commission
HOUSE_2018_TX_10_R_MICHAEL_T_MCCAUL,2018,House,TX-10,TX,10,R,MICHAEL T MCCAUL,MICHAEL T MCCAUL,"MCCAUL, MICHAEL",H4TX10093,C00392688,I,True,False,False,C,157166,0.5105659997336166,high_confidence_automatic,95.0,last_exact+first_match+token_overlap+scope_same_race,0.0,2,MIT Election Data and Science Lab,Federal Election Commission
HOUSE_2018_TX_11_D_JENNIE_LOU_LEEDER,2018,House,TX-11,TX,11,D,JENNIE LOU LEEDER,JENNIE LOU LEEDER,"LEEDER, VIRGINIA LOUISE",H8TX11100,C00649210,C,False,True,False,C,40631,0.1843704197806486,review_required,48.0,last_exact+first_mismatch+scope_same_race,0.0,3,MIT Election Data and Science Lab,Federal Election Commission
HOUSE_2018_TX_11_R_MIKE_CONAWAY,2018,House,TX-11,TX,11,R,MIKE CONAWAY,MIKE CONAWAY,"CONAWAY, MICHAEL HONORABLE",H4TX19136,C00383828,I,True,False,False,C,176603,0.8013676563343725,high_confidence_automatic,88.75,last_exact+first_match+scope_same_race,2.0,3,MIT Election Data and Science Lab,Federal Election Commission
HOUSE_2018_TX_12_D_VANESSA_ADIA,2018,House,TX-12,TX,12,D,VANESSA ADIA,VANESSA ADIA,"ADIA, VANESSA MICHELLE",H8TX12074,C00635797,C,False,True,False,C,90994,0.33890893921956416,high_confidence_automatic,95.0,last_exact+first_match+token_overlap+scope_same_race,0.0,2,MIT Election Data and Science Lab,Federal Election Commission
HOUSE_2018_TX_12_R_KAY_GRANGER,2018,House,TX-12,TX,12,R,KAY GRANGER,KAY GRANGER,"GRANGER, KAY",H6TX12060,C00310532,I,True,False,False,C,172557,0.6426919338078372,high_confidence_automatic,100.0,last_exact+first_match+token_overlap+scope_same_race,,1,MIT Election Data and Science Lab,Federal Election Commission
HOUSE_2018_TX_13_D_GREG_SAGAN,2018,House,TX-13,TX,13,D,GREG SAGAN,GREG SAGAN,"SAGAN, GREGORY T. MR.",H8TX13163,C00649392,C,False,True,False,C,35083,0.16925006633379164,high_confidence_automatic,88.75,last_exact+first_match+scope_same_race,,1,MIT Election Data and Science Lab,Federal Election Commission
HOUSE_2018_TX_13_R_MAC_THORNBERRY,2018,House,TX-13,TX,13,R,MAC THORNBERRY,MAC THORNBERRY,"THORNBERRY, MAC",H4TX13014,C00286187,I,True,False,False,C,169027,0.8154328581421714,high_confidence_automatic,100.0,last_exact+first_match+token_overlap+scope_same_race,,1,MIT Election Data and Science Lab,Federal Election Commission
HOUSE_2018_TX_14_D_ADRIENNE_BELL,2018,House,TX-14,TX,14,D,ADRIENNE BELL,ADRIENNE BELL,"BELL, ADRIENNE",H8TX14120,C00639872,C,False,True,False,C,92212,0.3931811979806249,high_confidence_automatic,100.0,last_exact+first_match+token_overlap+scope_same_race,0.0,3,MIT Election Data and Science Lab,Federal Election Commission
HOUSE_2018_TX_14_R_RANDY_WEBER,2018,House,TX-14,TX,14,R,RANDY WEBER,RANDY WEBER,"WEBER, RANDY",H2TX14149,C00502229,I,True,False,False,C,138942,0.5924324600900532,high_confidence_automatic,100.0,last_exact+first_match+token_overlap+scope_same_race,2.0,3,MIT Election Data and Science Lab,Federal Election Commission
HOUSE_2018_TX_15_D_VICENTE_GONZALEZ,2018,House,TX-15,TX,15,D,VICENTE GONZALEZ,VICENTE GONZALEZ,"GONZALEZ, VICENTE",H6TX15162,C00592659,I,True,False,False,C,98333,0.5966735840584458,high_confidence_automatic,100.0,last_exact+first_match+token_overlap+scope_same_race,,1,MIT Election Data and Science Lab,Federal Election Commission
HOUSE_2018_TX_15_R_TIM_WESTLEY,2018,House,TX-15,TX,15,R,TIM WESTLEY,TIM WESTLEY,"WESTLEY, TIMMY LEE",H6TX15204,C00597716,C,False,True,False,C,63862,0.3875074331622189,probable_automatic,70.75,last_exact+first_initial+scope_same_race,0.0,2,MIT Election Data and Science Lab,Federal Election Commission
HOUSE_2018_TX_16_D_VERONICA_ESCOBAR,2018,House,TX-16,TX,16,D,VERONICA ESCOBAR,VERONICA ESCOBAR,"ESCOBAR, VERONICA",H8TX16109,C00653923,O,False,False,True,C,124437,0.6846451797484512,high_confidence_automatic,100.0,last_exact+first_match+token_overlap+scope_same_race,2.0,8,MIT Election Data and Science Lab,Federal Election Commission
HOUSE_2018_TX_16_R_RICK_SEEBERGER,2018,House,TX-16,TX,16,R,RICK SEEBERGER,RICK SEEBERGER,,,,,False,False,False,,49127,0.2702939137515543,unmatched,0.0,last_name_mismatch+scope_same_race,,1,MIT Election Data and Science Lab,Federal Election Commission
HOUSE_2018_TX_17_D_RICK_KENNEDY,2018,House,TX-17,TX,17,D,RICK KENNEDY,RICK KENNEDY,"KENNEDY, RICHARD",H8TX17149,C00654640,C,False,True,False,C,98070,0.41318553534638575,high_confidence_automatic,90.0,last_exact+first_match+scope_same_race,2.0,3,MIT Election Data and Science Lab,Federal Election Commission
HOUSE_2018_TX_17_R_BILL_FLORES,2018,House,TX-17,TX,17,R,BILL FLORES,BILL FLORES,"FLORES, BILL",H0TX17104,C00472241,I,True,False,False,C,134841,0.5681079919612726,high_confidence_automatic,100.0,last_exact+first_match+token_overlap+scope_same_race,,1,MIT Election Data and Science Lab,Federal Election Commission
HOUSE_2018_TX_18_D_SHEILA_JACKSON_LEE,2018,House,TX-18,TX,18,D,SHEILA JACKSON LEE,SHEILA JACKSON LEE,"LEE, SHEILA JACKSON",H4TX18054,C00287904,I,True,False,False,C,138704,0.7524683722847905,high_confidence_automatic,100.0,last_exact+first_match+token_overlap+scope_same_race,0.0,3,MIT Election Data and Science Lab,Federal Election Commission
HOUSE_2018_TX_18_R_AVA_REYNERO_PATE,2018,House,TX-18,TX,18,R,AVA REYNERO PATE,AVA REYNERO PATE,"PATE, AVA",H6TX18158,C00598375,C,False,True,False,C,38368,0.20814617103921185,high_confidence_automatic,95.0,last_exact+first_match+token_overlap+scope_same_race,,1,MIT Election Data and Science Lab,Federal Election Commission
HOUSE_2018_TX_19_D_MIGUEL_LEVARIO,2018,House,TX-19,TX,19,D,MIGUEL LEVARIO,MIGUEL LEVARIO,"LEVARIO, MIGUEL ANTONIO MR. PHD",H8TX19111,C00638353,C,False,True,False,C,50039,0.24773621803599277,high_confidence_automatic,92.5,last_exact+first_match+token_overlap+scope_same_race,2.0,2,MIT Election Data and Science Lab,Federal Election Commission
HOUSE_2018_TX_19_R_JODEY_ARRINGTON,2018,House,TX-19,TX,19,R,JODEY ARRINGTON,JODEY ARRINGTON,"ARRINGTON, JODEY COOK",H6TX19099,C00588657,I,True,False,False,C,151946,0.7522637819640072,high_confidence_automatic,95.0,last_exact+first_match+token_overlap+scope_same_race,,1,MIT Election Data and Science Lab,Federal Election Commission
HOUSE_2018_TX_2_D_TODD_LITTON,2018,House,TX-2,TX,2,D,TODD LITTON,TODD LITTON,"LITTON, TODD CATLETT",H8TX02067,C00639526,O,False,False,True,C,119992,0.45556432997205687,high_confidence_automatic,95.0,last_exact+first_match+token_overlap+scope_same_race,2.0,8,MIT Election Data and Science Lab,Federal Election Commission
HOUSE_2018_TX_2_R_DAN_CRENSHAW,2018,House,TX-2,TX,2,R,DAN CRENSHAW,DAN CRENSHAW,,,,,False,False,False,,139188,0.5284442959543191,unmatched,0.0,last_name_mismatch+scope_same_race,2.0,10,MIT Election Data and Science Lab,Federal Election Commission
HOUSE_2018_TX_20_D_JOAQUIN_CASTRO,2018,House,TX-20,TX,20,D,JOAQUIN CASTRO,JOAQUIN CASTRO,"CASTRO, JOAQUIN",H2TX35011,C00497933,I,True,False,False,C,139038,0.808534394026622,high_confidence_automatic,100.0,last_exact+first_match+token_overlap+scope_same_race,,1,MIT Election Data and Science Lab,Federal Election Commission
HOUSE_2018_TX_21_D_JOSEPH_KOPSER,2018,House,TX-21,TX,21,D,JOSEPH KOPSER,JOSEPH KOPSER,"KOPSER, JOSEPH",H8TX21190,C00641191,O,False,False,True,C,168421,0.476280834914611,high_confidence_automatic,100.0,last_exact+first_match+token_overlap+scope_same_race,2.0,6,MIT Election Data and Science Lab,Federal Election Commission
HOUSE_2018_TX_21_R_CHIP_ROY,2018,House,TX-21,TX,21,R,CHIP ROY,CHIP ROY,"ROY, CHIP",H8TX21307,C00662767,O,False,False,True,C,177654,0.5023910049573409,high_confidence_automatic,100.0,last_exact+first_match+token_overlap+scope_same_race,2.0,19,MIT Election Data and Science Lab,Federal Election Commission
HOUSE_2018_TX_22_D_SRI_PRESTON_KULKARNI,2018,House,TX-22,TX,22,D,SRI PRESTON KULKARNI,SRI PRESTON KULKARNI,"KULKARNI, SRI PRESTON",H8TX22313,C00662874,C,False,True,False,P,138153,0.46452816865889945,high_confidence_automatic,100.0,last_exact+first_match+token_overlap+scope_same_race,2.0,5,MIT Election Data and Science Lab,Federal Election Commission
HOUSE_2018_TX_22_R_PETE_OLSON,2018,House,TX-22,TX,22,R,PETE OLSON,PETE OLSON,"OLSON, PETER G.",H8TX22107,C00437913,I,True,False,False,C,152750,0.5136093878717574,probable_automatic,70.75,last_exact+first_initial+scope_same_race,2.0,4,MIT Election Data and Science Lab,Federal Election Commission
HOUSE_2018_TX_23_D_GINA_ORTIZ_JONES,2018,House,TX-23,TX,23,D,GINA ORTIZ JONES,GINA ORTIZ JONES,"JONES, GINA ORTIZ",H8TX23121,C00652297,C,False,True,False,C,102359,0.4872637085909868,high_confidence_automatic,100.0,last_exact+first_match+token_overlap+scope_same_race,2.0,5,MIT Election Data and Science Lab,Federal Election Commission
HOUSE_2018_TX_23_R_WILL_HURD,2018,House,TX-23,TX,23,R,WILL HURD,WILL HURD,"HURD, WILLIAM",H0TX23086,C00545467,I,True,False,False,C,103285,0.4916717840328654,high_confidence_automatic,90.0,last_exact+first_match+scope_same_race,2.0,2,MIT Election Data and Science Lab,Federal Election Commission
HOUSE_2018_TX_24_D_JAN_MCDOWELL,2018,House,TX-24,TX,24,D,JAN MCDOWELL,JAN MCDOWELL,"MCDOWELL, JAN",H6TX24149,C00588558,C,False,True,False,C,125231,0.47540790682489426,high_confidence_automatic,100.0,last_exact+first_match+token_overlap+scope_same_race,2.0,4,MIT Election Data and Science Lab,Federal Election Commission
HOUSE_2018_TX_24_R_KENNY_E_MARCHANT,2018,House,TX-24,TX,24,R,KENNY E MARCHANT,KENNY E MARCHANT,"MARCHANT, KENNY E MR.",H4TX24094,C00393348,I,True,False,False,C,133317,0.5061043664442065,high_confidence_automatic,100.0,last_exact+first_match+token_overlap+scope_same_race,0.0,2,MIT Election Data and Science Lab,Federal Election Commission
HOUSE_2018_TX_25_D_JULIE_OLIVER,2018,House,TX-25,TX,25,D,JULIE OLIVER,JULIE OLIVER,"OLIVER, JULIE LYNN",H8TX25159,C00661769,C,False,True,False,C,136385,0.4478202480356457,high_confidence_automatic,95.0,last_exact+first_match+token_overlap+scope_same_race,2.0,7,MIT Election Data and Science Lab,Federal Election Commission
HOUSE_2018_TX_25_R_ROGER_WILLIAMS,2018,House,TX-25,TX,25,R,ROGER WILLIAMS,ROGER WILLIAMS,"WILLIAMS, ROGER",H2TX33040,C00498121,I,True,False,False,C,163023,0.5352861406717386,high_confidence_automatic,100.0,last_exact+first_match+token_overlap+scope_same_race,,1,MIT Election Data and Science Lab,Federal Election Commission
HOUSE_2018_TX_26_D_LINSEY_FAGAN,2018,House,TX-26,TX,26,D,LINSEY FAGAN,LINSEY FAGAN,"FAGAN, LINSEY",H8TX26124,C00635870,C,False,True,False,C,121938,0.39019535687429,high_confidence_automatic,100.0,last_exact+first_match+token_overlap+scope_same_race,2.0,4,MIT Election Data and Science Lab,Federal Election Commission
HOUSE_2018_TX_26_R_MICHAEL_C_BURGESS,2018,House,TX-26,TX,26,R,MICHAEL C BURGESS,MICHAEL C BURGESS,"BURGESS, MICHAEL C. DR.",H2TX26093,C00372532,I,True,False,False,C,185551,0.593753699940801,high_confidence_automatic,100.0,last_exact+first_match+token_overlap+scope_same_race,2.0,2,MIT Election Data and Science Lab,Federal Election Commission
HOUSE_2018_TX_27_D_ERIC_HOLGUIN,2018,House,TX-27,TX,27,D,ERIC HOLGUIN,ERIC HOLGUIN,"HOLGUIN, ERIC",H8TX27056,C00641340,O,False,False,True,C,75929,0.3660622598483278,high_confidence_automatic,100.0,last_exact+first_match+token_overlap+scope_same_race,2.0,6,MIT Election Data and Science Lab,Federal Election Commission
HOUSE_2018_TX_27_R_MICHAEL_CLOUD,2018,House,TX-27,TX,27,R,MICHAEL CLOUD,MICHAEL CLOUD,"CLOUD, MICHAEL",H8TX27049,C00655332,I,True,False,False,C,125118,0.6032079683349323,high_confidence_automatic,100.0,last_exact+first_match+token_overlap+scope_same_race,2.0,9,MIT Election Data and Science Lab,Federal Election Commission
HOUSE_2018_TX_28_D_HENRY_CUELLAR,2018,House,TX-28,TX,28,D,HENRY CUELLAR,HENRY CUELLAR,"CUELLAR, HENRY R.",H2TX23082,C00371302,I,True,False,False,C,117494,0.843908465372847,high_confidence_automatic,95.0,last_exact+first_match+token_overlap+scope_same_race,,1,MIT Election Data and Science Lab,Federal Election Commission
HOUSE_2018_TX_29_D_SYLVIA_R_GARCIA,2018,House,TX-29,TX,29,D,SYLVIA R GARCIA,SYLVIA R GARCIA,"GARCIA, SYLVIA R",H8TX29052,C00660555,O,False,False,True,C,88188,0.7505744974211449,high_confidence_automatic,100.0,last_exact+first_match+token_overlap+scope_same_race,50.75,8,MIT Election Data and Science Lab,Federal Election Commission
HOUSE_2018_TX_29_R_PHILLIP_ARONOFF,2018,House,TX-29,TX,29,R,PHILLIP ARONOFF,PHILLIP ARONOFF,"ARONOFF, PHILLIP ARNOLD",H8TX29094,C00662973,O,False,False,True,C,28098,0.23914412650858768,high_confidence_automatic,95.0,last_exact+first_match+token_overlap+scope_same_race,2.0,5,MIT Election Data and Science Lab,Federal Election Commission
HOUSE_2018_TX_3_D_LORIE_BURCH,2018,House,TX-3,TX,3,D,LORIE BURCH,LORIE BURCH,"BURCH, LORIE LOUISE",H8TX03099,C00647057,O,False,False,True,C,138234,0.44233322987030854,high_confidence_automatic,95.0,last_exact+first_match+token_overlap+scope_same_race,2.0,4,MIT Election Data and Science Lab,Federal Election Commission
HOUSE_2018_TX_3_R_VAN_TAYLOR,2018,House,TX-3,TX,3,R,VAN TAYLOR,VAN TAYLOR,"TAYLOR, NICHOLAS V.",H8TX03123,C00653634,O,False,False,True,P,169520,0.5424449059393109,review_required,50.0,last_exact+first_mismatch+scope_same_race,2.0,4,MIT Election Data and Science Lab,Federal Election Commission
HOUSE_2018_TX_30_D_EDDIE_BERNICE_JOHNSON,2018,House,TX-30,TX,30,D,EDDIE BERNICE JOHNSON,EDDIE BERNICE JOHNSON,"JOHNSON, EDDIE BERNICE",H2TX00015,C00254573,I,True,False,False,C,166784,0.9105222356884711,high_confidence_automatic,100.0,last_exact+first_match+token_overlap+scope_same_race,2.0,3,MIT Election Data and Science Lab,Federal Election Commission
HOUSE_2018_TX_31_D_MARY_JENNINGS_MJ_HEGAR,2018,House,TX-31,TX,31,D,"MARY JENNINGS \""MJ\"" HEGAR","MARY JENNINGS \""MJ\"" HEGAR","HEGAR, MARY JENNINGS MJ",H8TX31058,C00649350,C,False,True,False,C,136362,0.4767785403853752,high_confidence_automatic,100.0,last_exact+first_match+token_overlap+scope_same_race,2.0,4,MIT Election Data and Science Lab,Federal Election Commission
HOUSE_2018_TX_31_R_JOHN_CARTER,2018,House,TX-31,TX,31,R,JOHN CARTER,JOHN CARTER,"CARTER, JOHN R. REP.",H2TX31044,C00371203,I,True,False,False,C,144680,0.5058617446426137,high_confidence_automatic,92.5,last_exact+first_match+token_overlap+scope_same_race,2.0,2,MIT Election Data and Science Lab,Federal Election Commission
HOUSE_2018_TX_32_D_COLIN_ALLRED,2018,House,TX-32,TX,32,D,COLIN ALLRED,COLIN ALLRED,"ALLRED, COLIN",H8TX32098,C00637868,C,False,True,False,C,144067,0.5227015456062695,high_confidence_automatic,100.0,last_exact+first_match+token_overlap+scope_same_race,2.0,11,MIT Election Data and Science Lab,Federal Election Commission
HOUSE_2018_TX_32_R_PETE_SESSIONS,2018,House,TX-32,TX,32,R,PETE SESSIONS,PETE SESSIONS,"SESSIONS, PETE MR.",H2TX03126,C00303305,I,True,False,False,C,126101,0.45751759669109643,high_confidence_automatic,100.0,last_exact+first_match+token_overlap+scope_same_race,0.0,2,MIT Election Data and Science Lab,Federal Election Commission
HOUSE_2018_TX_33_D_MARC_VEASEY,2018,House,TX-33,TX,33,D,MARC VEASEY,MARC VEASEY,"VEASEY, MARC ALLISON MR.",H2TX33073,C00506832,I,True,False,False,C,90805,0.7616335637120043,high_confidence_automatic,95.0,last_exact+first_match+token_overlap+scope_same_race,0.0,2,MIT Election Data and Science Lab,Federal Election Commission
HOUSE_2018_TX_33_R_WILLIE_BILLUPS,2018,House,TX-33,TX,33,R,WILLIE BILLUPS,WILLIE BILLUPS,"BILLUPS, WILLIE KAILAWN",H8TX33021,C00663179,C,False,True,False,C,26120,0.21908340602563242,high_confidence_automatic,95.0,last_exact+first_match+token_overlap+scope_same_race,0.0,2,MIT Election Data and Science Lab,Federal Election Commission
HOUSE_2018_TX_34_D_FILEMON_B_VELA,2018,House,TX-34,TX,34,D,FILEMON B VELA,FILEMON B VELA,"VELA, FILEMON",H2TX27190,C00513531,I,True,False,False,C,85825,0.5998895630050046,high_confidence_automatic,95.0,last_exact+first_match+token_overlap+scope_same_race,,1,MIT Election Data and Science Lab,Federal Election Commission
HOUSE_2018_TX_34_R_REY_GONZALEZ,2018,House,TX-34,TX,34,R,REY GONZALEZ,REY GONZALEZ,"GONZALEZ, REY DR.",H6TX34031,C00607333,C,False,True,False,C,57243,0.4001104369949954,high_confidence_automatic,100.0,last_exact+first_match+token_overlap+scope_same_race,,1,MIT Election Data and Science Lab,Federal Election Commission
HOUSE_2018_TX_35_D_LLOYD_DOGGETT,2018,House,TX-35,TX,35,D,LLOYD DOGGETT,LLOYD DOGGETT,"DOGGETT, LLOYD",H4TX10028,C00286500,I,True,False,False,C,138278,0.7125271169235368,high_confidence_automatic,100.0,last_exact+first_match+token_overlap+scope_same_race,,1,MIT Election Data and Science Lab,Federal Election Commission
HOUSE_2018_TX_35_R_DAVID_SMALLING,2018,House,TX-35,TX,35,R,DAVID SMALLING,DAVID SMALLING,"SMALLING, DAVID",H8TX35026,C00658849,C,False,True,False,C,50553,0.2604925103186013,high_confidence_automatic,100.0,last_exact+first_match+token_overlap+scope_same_race,2.0,2,MIT Election Data and Science Lab,Federal Election Commission
HOUSE_2018_TX_36_D_DAYNA_STEELE,2018,House,TX-36,TX,36,D,DAYNA STEELE,DAYNA STEELE,"STEELE, DAYNA MS.",H8TX36024,C00639419,C,False,True,False,C,60908,0.27441474886914524,high_confidence_automatic,100.0,last_exact+first_match+token_overlap+scope_same_race,2.0,2,MIT Election Data and Science Lab,Federal Election Commission
HOUSE_2018_TX_36_R_BRIAN_BABIN,2018,House,TX-36,TX,36,R,BRIAN BABIN,BRIAN BABIN,"BABIN, BRIAN",H6TX02079,C00553859,I,True,False,False,C,161048,0.7255852511308548,high_confidence_automatic,100.0,last_exact+first_match+token_overlap+scope_same_race,,1,MIT Election Data and Science Lab,Federal Election Commission
HOUSE_2018_TX_4_D_CATHERINE_KRANTZ,2018,House,TX-4,TX,4,D,CATHERINE KRANTZ,CATHERINE KRANTZ,"KRANTZ, CATHERINE",H8TX04162,C00659813,C,False,True,False,C,57400,0.23029549238700878,high_confidence_automatic,100.0,last_exact+first_match+token_overlap+scope_same_race,2.0,3,MIT Election Data and Science Lab,Federal Election Commission
HOUSE_2018_TX_4_R_JOHN_RATCLIFFE,2018,House,TX-4,TX,4,R,JOHN RATCLIFFE,JOHN RATCLIFFE,"RATCLIFFE, JOHN L",H4TX04153,C00554113,I,True,False,False,C,188667,0.7569540010832715,high_confidence_automatic,95.0,last_exact+first_match+token_overlap+scope_same_race,0.0,3,MIT Election Data and Science Lab,Federal Election Commission
HOUSE_2018_TX_5_D_DAN_WOOD,2018,House,TX-5,TX,5,D,DAN WOOD,DAN WOOD,"WOOD, DANNY EUGENE JR",H8TX05086,C00636860,O,False,False,True,C,78666,0.3754814874920647,high_confidence_automatic,88.75,last_exact+first_match+scope_same_race,,1,MIT Election Data and Science Lab,Federal Election Commission
HOUSE_2018_TX_5_R_LANCE_GOODEN,2018,House,TX-5,TX,5,R,LANCE GOODEN,LANCE GOODEN,"GOODEN, LANCE",H8TX05144,C00662601,O,False,False,True,C,130617,0.6234493358217148,high_confidence_automatic,100.0,last_exact+first_match+token_overlap+scope_same_race,2.0,10,MIT Election Data and Science Lab,Federal Election Commission
HOUSE_2018_TX_6_D_JANA_LYNNE_SANCHEZ,2018,House,TX-6,TX,6,D,JANA LYNNE SANCHEZ,JANA LYNNE SANCHEZ,"SANCHEZ, JANA LYNNE MS",H8TX06183,C00631978,O,False,False,True,C,116350,0.45441763460682233,high_confidence_automatic,100.0,last_exact+first_match+token_overlap+scope_same_race,2.0,5,MIT Election Data and Science Lab,Federal Election Commission
HOUSE_2018_TX_6_R_RON_WRIGHT,2018,House,TX-6,TX,6,R,RON WRIGHT,RON WRIGHT,"WRIGHT, RON",H8TX06233,C00662171,O,False,False,True,C,135961,0.5310105373337187,high_confidence_automatic,100.0,last_exact+first_match+token_overlap+scope_same_race,2.0,15,MIT Election Data and Science Lab,Federal Election Commission
HOUSE_2018_TX_7_D_LIZZIE_PANNILL_FLETCHER,2018,House,TX-7,TX,7,D,LIZZIE PANNILL FLETCHER,LIZZIE PANNILL FLETCHER,"FLETCHER, ELIZABETH",H8TX07140,C00640045,C,False,True,False,C,127959,0.5252810949051934,review_required,48.75,last_exact+first_mismatch+scope_same_race,2.0,8,MIT Election Data and Science Lab,Federal Election Commission
HOUSE_2018_TX_7_R_JOHN_CULBERSON,2018,House,TX-7,TX,7,R,JOHN CULBERSON,JOHN CULBERSON,"CULBERSON, JOHN",H0TX07055,C00343236,I,True,False,False,C,115642,0.4747189050948067,high_confidence_automatic,100.0,last_exact+first_match+token_overlap+scope_same_race,2.0,2,MIT Election Data and Science Lab,Federal Election Commission
HOUSE_2018_TX_8_D_STEVEN_DAVID,2018,House,TX-8,TX,8,D,STEVEN DAVID,STEVEN DAVID,"DAVID, STEVEN",H8TX08080,C00648964,C,False,True,False,C,67930,0.24867298751693084,high_confidence_automatic,100.0,last_exact+first_match+token_overlap+scope_same_race,,1,MIT Election Data and Science Lab,Federal Election Commission
HOUSE_2018_TX_8_R_KEVIN_BRADY,2018,House,TX-8,TX,8,R,KEVIN BRADY,KEVIN BRADY,"BRADY, KEVIN",H6TX08100,C00311043,I,True,False,False,C,200619,0.7344108064575173,high_confidence_automatic,100.0,last_exact+first_match+token_overlap+scope_same_race,2.0,3,MIT Election Data and Science Lab,Federal Election Commission
HOUSE_2018_TX_9_D_AL_GREEN,2018,House,TX-9,TX,9,D,AL GREEN,AL GREEN,"GREEN, ALEXANDER",H4TX09095,C00578567,I,True,False,False,C,136256,0.8905562708740465,probable_automatic,72.0,last_exact+first_initial+scope_same_race,0.0,2,MIT Election Data and Science Lab,Federal Election Commission
HOUSE_2018_UT_1_D_LEE_CASTILLO,2018,House,UT-1,UT,1,D,LEE CASTILLO,LEE CASTILLO,"CASTILLO, LEE MR",H8UT01158,C00671982,C,False,True,False,C,63308,0.2489177574282535,high_confidence_automatic,100.0,last_exact+first_match+token_overlap+scope_same_race,2.0,2,MIT Election Data and Science Lab,Federal Election Commission
HOUSE_2018_UT_1_R_ROB_BISHOP,2018,House,UT-1,UT,1,R,ROB BISHOP,ROB BISHOP,"BISHOP, ROBERT",H2UT01094,C00374231,I,True,False,False,C,156692,0.6160899293445994,high_confidence_automatic,90.0,last_exact+first_match+scope_same_race,0.0,3,MIT Election Data and Science Lab,Federal Election Commission
HOUSE_2018_UT_2_D_SHIREEN_GHORBANI,2018,House,UT-2,UT,2,D,SHIREEN GHORBANI,SHIREEN GHORBANI,"GHORBANI, SHIREEN SARAH",H8UT02255,C00656280,C,False,True,False,C,105051,0.38901438284131473,high_confidence_automatic,95.0,last_exact+first_match+token_overlap+scope_same_race,2.0,4,MIT Election Data and Science Lab,Federal Election Commission
HOUSE_2018_UT_2_R_CHRIS_STEWART,2018,House,UT-2,UT,2,R,CHRIS STEWART,CHRIS STEWART,"STEWART, CHRIS",H2UT02324,C00506931,I,True,False,False,C,151489,0.5609789515782613,high_confidence_automatic,100.0,last_exact+first_match+token_overlap+scope_same_race,2.0,3,MIT Election Data and Science Lab,Federal Election Commission
HOUSE_2018_UT_3_D_JAMES_COURAGE_SINGER,2018,House,UT-3,UT,3,D,JAMES COURAGE SINGER,JAMES COURAGE SINGER,"SINGER, JAMES COURAGE",H8UT03402,C00673749,C,False,True,False,C,70686,0.2730686322230721,high_confidence_automatic,100.0,last_exact+first_match+token_overlap+scope_same_race,0.0,6,MIT Election Data and Science Lab,Federal Election Commission
HOUSE_2018_UT_3_R_JOHN_CURTIS,2018,House,UT-3,UT,3,R,JOHN CURTIS,JOHN CURTIS,"CURTIS, JOHN",H8UT03238,C00647339,I,True,False,False,C,174856,0.6754900370087075,high_confidence_automatic,100.0,last_exact+first_match+token_overlap+scope_same_race,2.0,10,MIT Election Data and Science Lab,Federal Election Commission
HOUSE_2018_UT_4_D_BEN_MCADAMS,2018,House,UT-4,UT,4,D,BEN MCADAMS,BEN MCADAMS,"MCADAMS, BEN",H8UT04053,C00658633,C,False,True,False,C,134964,0.5012199605601791,high_confidence_automatic,100.0,last_exact+first_match+token_overlap+scope_same_race,2.0,8,MIT Election Data and Science Lab,Federal Election Commission
HOUSE_2018_UT_4_R_MIA_B_LOVE,2018,House,UT-4,UT,4,R,MIA B LOVE,MIA B LOVE,"LOVE, MIA",H2UT04023,C00505776,I,True,False,False,C,134270,0.49864263140107923,high_confidence_automatic,95.0,last_exact+first_match+token_overlap+scope_same_race,,1,MIT Election Data and Science Lab,Federal Election Commission
HOUSE_2018_VA_1_D_VANGIE_A_WILLIAMS,2018,House,VA-1,VA,1,D,VANGIE A WILLIAMS,VANGIE A WILLIAMS,"WILLIAMS, VANGIE",H8VA01303,C00632059,C,False,True,False,C,148464,0.4470447243459068,high_confidence_automatic,95.0,last_exact+first_match+token_overlap+scope_same_race,2.0,5,MIT Election Data and Science Lab,Federal Election Commission
HOUSE_2018_VA_1_R_ROBERT_J_ROB_WITTMAN,2018,House,VA-1,VA,1,R,"ROBERT J \""ROB\"" WITTMAN","ROBERT J \""ROB\"" WITTMAN","WITTMAN, ROBERT J MR.",H8VA01147,C00441014,I,True,False,False,C,183250,0.5517899675098841,high_confidence_automatic,96.25,last_exact+first_match+token_overlap+scope_same_race,,1,MIT Election Data and Science Lab,Federal Election Commission
HOUSE_2018_VA_10_D_JENNIFER_T_WEXTON,2018,House,VA-10,VA,10,D,JENNIFER T WEXTON,JENNIFER T WEXTON,"WEXTON, JENNIFER",H8VA10106,C00638023,C,False,True,False,C,206356,0.5610625484305115,high_confidence_automatic,95.0,last_exact+first_match+token_overlap+scope_same_race,2.0,11,MIT Election Data and Science Lab,Federal Election Commission
HOUSE_2018_VA_10_R_BARBARA_J_COMSTOCK,2018,House,VA-10,VA,10,R,BARBARA J COMSTOCK,BARBARA J COMSTOCK,"COMSTOCK, BARBARA",H4VA10089,C00554261,I,True,False,False,C,160841,0.4373115458339564,high_confidence_automatic,95.0,last_exact+first_match+token_overlap+scope_same_race,2.0,2,MIT Election Data and Science Lab,Federal Election Commission
HOUSE_2018_VA_11_D_GERALD_EDWARD_CONNOLLY,2018,House,VA-11,VA,11,D,GERALD EDWARD CONNOLLY,GERALD EDWARD CONNOLLY,"CONNOLLY, GERALD EDWARD",H8VA11062,C00445452,I,True,False,False,C,219191,0.7110819140308191,high_confidence_automatic,100.0,last_exact+first_match+token_overlap+scope_same_race,2.0,2,MIT Election Data and Science Lab,Federal Election Commission
HOUSE_2018_VA_11_R_JEFF_A_DOVE,2018,House,VA-11,VA,11,R,JEFF A DOVE JR,JEFF A DOVE JR,"DOVE, JEFFERY ANTHONY MR. JR.",H8VA11070,C00630384,C,False,True,False,C,83023,0.26933657745336576,probable_automatic,70.0,last_exact+first_initial+scope_same_race,,1,MIT Election Data and Science Lab,Federal Election Commission
HOUSE_2018_VA_2_D_ELAINE_G_LURIA,2018,House,VA-2,VA,2,D,ELAINE G LURIA,ELAINE G LURIA,"LURIA, ELAINE",H8VA02111,C00664375,C,False,True,False,C,139571,0.5105010972933431,high_confidence_automatic,95.0,last_exact+first_match+token_overlap+scope_same_race,2.0,7,MIT Election Data and Science Lab,Federal Election Commission
HOUSE_2018_VA_2_R_SCOTT_W_TAYLOR,2018,House,VA-2,VA,2,R,SCOTT W TAYLOR,SCOTT W TAYLOR,"TAYLOR, SCOTT W. MR.",H0VA02118,C00608703,I,True,False,False,C,133458,0.48814191660570594,high_confidence_automatic,100.0,last_exact+first_match+token_overlap+scope_same_race,2.0,2,MIT Election Data and Science Lab,Federal Election Commission
HOUSE_2018_VA_3_D_ROBERT_C_BOBBY_SCOTT,2018,House,VA-3,VA,3,D,"ROBERT C \""BOBBY\"" SCOTT","ROBERT C \""BOBBY\"" SCOTT","SCOTT, ROBERT C MR",H6VA01117,C00256925,I,True,False,False,C,198615,0.912241298536666,high_confidence_automatic,96.25,last_exact+first_match+token_overlap+scope_same_race,,1,MIT Election Data and Science Lab,Federal Election Commission
HOUSE_2018_VA_4_D_A_DONALD_MCEACHIN,2018,House,VA-4,VA,4,D,A DONALD MCEACHIN,A DONALD MCEACHIN,"MCEACHIN, ASTON DONALD",H6VA04061,C00610964,I,True,False,False,C,187642,0.6257778785675695,probable_automatic,74.5,last_exact+first_initial+token_overlap+scope_same_race,,1,MIT Election Data and Science Lab,Federal Election Commission
HOUSE_2018_VA_4_R_RYAN_A_MCADAMS,2018,House,VA-4,VA,4,R,RYAN A MCADAMS,RYAN A MCADAMS,"MCADAMS, RYAN A. MR.",H8VA04026,C00663070,C,False,True,False,C,107706,0.35919480813996146,high_confidence_automatic,100.0,last_exact+first_match+token_overlap+scope_same_race,2.0,2,MIT Election Data and Science Lab,Federal Election Commission
HOUSE_2018_VA_5_D_LESLIE_C_COCKBURN,2018,House,VA-5,VA,5,D,LESLIE C COCKBURN,LESLIE C COCKBURN,"COCKBURN, LESLIE",H8VA05155,C00650366,O,False,False,True,C,145040,0.4664775541447161,high_confidence_automatic,95.0,last_exact+first_match+token_overlap+scope_same_race,2.0,6,MIT Election Data and Science Lab,Federal Election Commission
HOUSE_2018_VA_5_R_DENVER_L_RIGGLEMAN,2018,House,VA-5,VA,5,R,DENVER L RIGGLEMAN III,DENVER L RIGGLEMAN III,"RIGGLEMAN, DENVER LEE MR. III",H8VA05171,C00680488,O,False,False,True,C,165339,0.5317631848092472,high_confidence_automatic,92.5,last_exact+first_match+token_overlap+scope_same_race,2.0,2,MIT Election Data and Science Lab,Federal Election Commission
HOUSE_2018_VA_6_D_JENNIFER_LYNN_LEWIS,2018,House,VA-6,VA,6,D,JENNIFER LYNN LEWIS,JENNIFER LYNN LEWIS,"LEWIS, JENNIFER LYNN",H8VA06138,C00669531,O,False,False,True,C,113133,0.4020691101262719,high_confidence_automatic,100.0,last_exact+first_match+token_overlap+scope_same_race,2.0,4,MIT Election Data and Science Lab,Federal Election Commission
HOUSE_2018_VA_6_R_BEN_L_CLINE,2018,House,VA-6,VA,6,R,BEN L CLINE,BEN L CLINE,"CLINE, BENJAMIN LEE",H8VA06104,C00661561,O,False,False,True,C,167957,0.5969109060086645,high_confidence_automatic,88.0,last_exact+first_match+scope_same_race,2.0,10,MIT Election Data and Science Lab,Federal Election Commission
HOUSE_2018_VA_7_D_ABIGAIL_A_SPANBERGER,2018,House,VA-7,VA,7,D,ABIGAIL A SPANBERGER,ABIGAIL A SPANBERGER,"SPANBERGER, ABIGAIL",H8VA07094,C00649913,C,False,True,False,C,176079,0.503366180392964,high_confidence_automatic,95.0,last_exact+first_match+token_overlap+scope_same_race,2.0,6,MIT Election Data and Science Lab,Federal Election Commission
HOUSE_2018_VA_7_R_DAVE_A_BRAT,2018,House,VA-7,VA,7,R,DAVE A BRAT,DAVE A BRAT,"BRAT, DAVID ALAN MR.",H4VA07143,C00554949,I,True,False,False,C,169295,0.48397240732640945,high_confidence_automatic,88.0,last_exact+first_match+scope_same_race,,1,MIT Election Data and Science Lab,Federal Election Commission
HOUSE_2018_VA_8_D_DONALD_S_BEYER,2018,House,VA-8,VA,8,D,DONALD S BEYER JR,DONALD S BEYER JR,"BEYER, DONALD STERNOFF HONORABLE JR.",H4VA08224,C00555888,I,True,False,False,C,247137,0.7610116151600625,high_confidence_automatic,91.0,last_exact+first_match+scope_same_race,2.0,2,MIT Election Data and Science Lab,Federal Election Commission
HOUSE_2018_VA_8_R_THOMAS_S_OH,2018,House,VA-8,VA,8,R,THOMAS S OH,THOMAS S OH,"OH, THOMAS",H8VA08159,C00669507,C,False,True,False,C,76899,0.2367959156022516,high_confidence_automatic,95.0,last_exact+first_match+token_overlap+scope_same_race,,1,MIT Election Data and Science Lab,Federal Election Commission
HOUSE_2018_VA_9_D_ANTHONY_J_FLACCAVENTO,2018,House,VA-9,VA,9,D,ANTHONY J FLACCAVENTO,ANTHONY J FLACCAVENTO,"FLACCAVENTO, ANTHONY JUDE MR",H8VA09066,C00657619,C,False,True,False,C,85833,0.3475301643857802,high_confidence_automatic,92.5,last_exact+first_match+token_overlap+scope_same_race,2.0,2,MIT Election Data and Science Lab,Federal Election Commission
HOUSE_2018_VA_9_R_H_MORGAN_GRIFFITH,2018,House,VA-9,VA,9,R,H MORGAN GRIFFITH,H MORGAN GRIFFITH,"GRIFFITH, H MORGAN",H0VA09055,C00477240,I,True,False,False,C,160933,0.6516033686938214,high_confidence_automatic,100.0,last_exact+first_match+token_overlap+scope_same_race,,1,MIT Election Data and Science Lab,Federal Election Commission
HOUSE_2018_VT_AL_D_PETER_WELCH,2018,House,VT-AL,VT,AL,D,PETER WELCH,PETER WELCH,"WELCH, PETER",H6VT00160,C00413179,I,True,False,False,C,188547,0.6920400365570323,high_confidence_automatic,100.0,last_exact+first_match+token_overlap+scope_same_race,2.0,3,MIT Election Data and Science Lab,Federal Election Commission
HOUSE_2018_VT_AL_R_ANYA_TYNIO,2018,House,VT-AL,VT,AL,R,ANYA TYNIO,ANYA TYNIO,"TYNIO, NATASHA ANYA",H8VT01065,C00684696,C,False,True,False,C,70705,0.2595145549107913,high_confidence_automatic,92.0,last_exact+alternate_given_name_match+token_overlap+scope_same_race,0.0,2,MIT Election Data and Science Lab,Federal Election Commission
HOUSE_2018_WA_1_D_SUZAN_DELBENE,2018,House,WA-1,WA,1,D,SUZAN DELBENE,SUZAN DELBENE,"DELBENE, SUZAN K",H0WA08046,C00459099,I,True,False,False,C,197209,0.592676630312283,high_confidence_automatic,95.0,last_exact+first_match+token_overlap+scope_same_race,,1,MIT Election Data and Science Lab,Federal Election Commission
HOUSE_2018_WA_1_R_JEFFREY_BEELER,2018,House,WA-1,WA,1,R,JEFFREY BEELER,JEFFREY BEELER,"BEELER, JEFFREY ALLEN SR",H8WA01077,C00680264,C,False,True,False,C,135534,0.40732336968771693,high_confidence_automatic,95.0,last_exact+first_match+token_overlap+scope_same_race,0.0,2,MIT Election Data and Science Lab,Federal Election Commission
HOUSE_2018_WA_10_D_DENNY_HECK,2018,House,WA-10,WA,10,D,DENNY HECK,DENNY HECK,"HECK, DENNIS",H0WA03161,C00472159,I,True,False,False,C,166215,0.6154401555123576,probable_automatic,72.0,last_exact+first_initial+scope_same_race,,1,MIT Election Data and Science Lab,Federal Election Commission
HOUSE_2018_WA_10_R_JOSEPH_BRUMBLES,2018,House,WA-10,WA,10,R,JOSEPH BRUMBLES,JOSEPH BRUMBLES,"BRUMBLES, JOSEPH",H8WA10045,C00686170,C,False,True,False,C,103860,0.3845598444876423,high_confidence_automatic,100.0,last_exact+first_match+token_overlap+scope_same_race,,1,MIT Election Data and Science Lab,Federal Election Commission
HOUSE_2018_WA_2_D_RICK_LARSEN,2018,House,WA-2,WA,2,D,RICK LARSEN,RICK LARSEN,"LARSEN, RICK",H0WA02080,C00345546,I,True,False,False,C,210187,0.7129018800473489,high_confidence_automatic,100.0,last_exact+first_match+token_overlap+scope_same_race,0.0,2,MIT Election Data and Science Lab,Federal Election Commission
HOUSE_2018_WA_3_D_CAROLYN_LONG,2018,House,WA-3,WA,3,D,CAROLYN LONG,CAROLYN LONG,"LONG, CAROLYN N.",H8WA03198,C00660472,C,False,True,False,C,145407,0.47329002102686624,high_confidence_automatic,95.0,last_exact+first_match+token_overlap+scope_same_race,2.0,5,MIT Election Data and Science Lab,Federal Election Commission
HOUSE_2018_WA_3_R_JAIME_HERRERA_BEUTLER,2018,House,WA-3,WA,3,R,JAIME HERRERA BEUTLER,JAIME HERRERA BEUTLER,"HERRERA BEUTLER, JAIME",H0WA03187,C00472704,I,True,False,False,C,161819,0.5267099789731338,high_confidence_automatic,100.0,last_exact+first_match+token_overlap+scope_same_race,2.0,3,MIT Election Data and Science Lab,Federal Election Commission
HOUSE_2018_WA_4_D_CHRISTINE_BROWN,2018,House,WA-4,WA,4,D,CHRISTINE BROWN,CHRISTINE BROWN,"BROWN, CHRISTINE CAROL",H8WA04089,C00647008,C,False,True,False,C,83785,0.3718225228103809,high_confidence_automatic,95.0,last_exact+first_match+token_overlap+scope_same_race,,1,MIT Election Data and Science Lab,Federal Election Commission
HOUSE_2018_WA_4_R_DAN_NEWHOUSE,2018,House,WA-4,WA,4,R,DAN NEWHOUSE,DAN NEWHOUSE,"NEWHOUSE, DAN",H4WA04104,C00559393,I,True,False,False,C,141551,0.628177477189619,high_confidence_automatic,100.0,last_exact+first_match+token_overlap+scope_same_race,,1,MIT Election Data and Science Lab,Federal Election Commission
HOUSE_2018_WA_5_D_LISA_BROWN,2018,House,WA-5,WA,5,D,LISA BROWN,LISA BROWN,"BROWN, LISA",H8WA05193,C00654400,C,False,True,False,C,144925,0.452400053691778,high_confidence_automatic,100.0,last_exact+first_match+token_overlap+scope_same_race,2.0,3,MIT Election Data and Science Lab,Federal Election Commission
HOUSE_2018_WA_5_R_CATHY_MCMORRIS_RODGERS,2018,House,WA-5,WA,5,R,CATHY MCMORRIS RODGERS,CATHY MCMORRIS RODGERS,"MCMORRIS RODGERS, CATHY",H4WA05077,C00390476,I,True,False,False,C,175422,0.5475999463082221,high_confidence_automatic,100.0,last_exact+first_match+token_overlap+scope_same_race,0.0,3,MIT Election Data and Science Lab,Federal Election Commission
HOUSE_2018_WA_6_D_DEREK_KILMER,2018,House,WA-6,WA,6,D,DEREK KILMER,DEREK KILMER,"KILMER, DEREK",H2WA06129,C00514893,I,True,False,False,C,206409,0.6388670508780944,high_confidence_automatic,100.0,last_exact+first_match+token_overlap+scope_same_race,,1,MIT Election Data and Science Lab,Federal Election Commission
HOUSE_2018_WA_6_R_DOUGLAS_DIGHTMAN,2018,House,WA-6,WA,6,R,DOUGLAS DIGHTMAN,DOUGLAS DIGHTMAN,"DIGHTMAN, DOUGLAS",H8WA06100,C00679571,C,False,True,False,C,116677,0.36113294912190563,high_confidence_automatic,100.0,last_exact+first_match+token_overlap+scope_same_race,,1,MIT Election Data and Science Lab,Federal Election Commission
HOUSE_2018_WA_7_D_PRAMILA_JAYAPAL,2018,House,WA-7,WA,7,D,PRAMILA JAYAPAL,PRAMILA JAYAPAL,"JAYAPAL, PRAMILA",H6WA07458,C00605592,I,True,False,False,C,329800,0.8356115445131638,high_confidence_automatic,100.0,last_exact+first_match+token_overlap+scope_same_race,,1,MIT Election Data and Science Lab,Federal Election Commission
HOUSE_2018_WA_7_R_CRAIG_KELLER,2018,House,WA-7,WA,7,R,CRAIG KELLER,CRAIG KELLER,"KELLER, CRAIG",H4WA07073,C00569707,C,False,True,False,C,64881,0.1643884554868362,high_confidence_automatic,100.0,last_exact+first_match+token_overlap+scope_same_race,,1,MIT Election Data and Science Lab,Federal Election Commission
HOUSE_2018_WA_8_D_KIM_SCHRIER,2018,House,WA-8,WA,8,D,KIM SCHRIER,KIM SCHRIER,"SCHRIER, KIM DR.",H8WA08189,C00652628,O,False,False,True,C,164089,0.5241505540524569,high_confidence_automatic,100.0,last_exact+first_match+token_overlap+scope_same_race,2.0,13,MIT Election Data and Science Lab,Federal Election Commission
HOUSE_2018_WA_8_R_DINO_ROSSI,2018,House,WA-8,WA,8,R,DINO ROSSI,DINO ROSSI,"ROSSI, DINO",H8WA08205,C00656371,O,False,False,True,C,148968,0.4758494459475431,high_confidence_automatic,100.0,last_exact+first_match+token_overlap+scope_same_race,2.0,4,MIT Election Data and Science Lab,Federal Election Commission
HOUSE_2018_WA_9_D_ADAM_SMITH,2018,House,WA-9,WA,9,D,ADAM SMITH,ADAM SMITH,"SMITH, D. ADAM",H6WA09025,C00304709,I,True,False,False,C,163345,0.6790000290979228,high_confidence_automatic,92.0,last_exact+alternate_given_name_match+token_overlap+scope_same_race,52.0,2,MIT Election Data and Science Lab,Federal Election Commission
HOUSE_2018_WA_9_D_SARAH_SMITH,2018,House,WA-9,WA,9,D,SARAH SMITH,SARAH SMITH,"SMITH, SARAH",H8WA09054,C00640151,C,False,True,False,C,77222,0.32099997090207716,high_confidence_automatic,100.0,last_exact+first_match+token_overlap+scope_same_race,50.75,2,MIT Election Data and Science Lab,Federal Election Commission
HOUSE_2018_WI_1_D_RANDY_BRYCE,2018,House,WI-1,WI,1,D,RANDY BRYCE,RANDY BRYCE,"BRYCE, RANDY",H8WI01123,C00647537,O,False,False,True,C,137508,0.42268925386622896,high_confidence_automatic,100.0,last_exact+first_match+token_overlap+scope_same_race,2.0,3,MIT Election Data and Science Lab,Federal Election Commission
HOUSE_2018_WI_1_R_BRYAN_STEIL,2018,House,WI-1,WI,1,R,BRYAN STEIL,BRYAN STEIL,"STEIL, BRYAN GEORGE",H8WI01156,C00677286,O,False,False,True,C,177492,0.5455970637870139,high_confidence_automatic,95.0,last_exact+first_match+token_overlap+scope_same_race,2.0,7,MIT Election Data and Science Lab,Federal Election Commission
HOUSE_2018_WI_2_D_MARK_POCAN,2018,House,WI-2,WI,2,D,MARK POCAN,MARK POCAN,"POCAN, MARK",H2WI02124,C00502179,I,True,False,False,C,309116,0.974222726484817,high_confidence_automatic,100.0,last_exact+first_match+token_overlap+scope_same_race,,1,MIT Election Data and Science Lab,Federal Election Commission
HOUSE_2018_WI_3_D_RON_KIND,2018,House,WI-3,WI,3,D,RON KIND,RON KIND,"KIND, RONALD JAMES",H6WI03099,C00312017,I,True,False,False,C,187888,0.5964906711028004,high_confidence_automatic,88.75,last_exact+first_match+scope_same_race,0.0,2,MIT Election Data and Science Lab,Federal Election Commission
HOUSE_2018_WI_3_R_STEVE_TOFT,2018,House,WI-3,WI,3,R,STEVE TOFT,STEVE TOFT,"TOFT, STEVE",H8WI03103,C00658807,C,False,True,False,C,126980,0.403125188498646,high_confidence_automatic,100.0,last_exact+first_match+token_overlap+scope_same_race,0.0,2,MIT Election Data and Science Lab,Federal Election Commission
HOUSE_2018_WI_4_D_GWEN_S_MOORE,2018,House,WI-4,WI,4,D,GWEN S MOORE,GWEN S MOORE,"MOORE, GWEN S",H4WI04183,C00397505,I,True,False,False,C,206487,0.7561216755100023,high_confidence_automatic,100.0,last_exact+first_match+token_overlap+scope_same_race,2.0,2,MIT Election Data and Science Lab,Federal Election Commission
HOUSE_2018_WI_4_R_TIM_ROGERS,2018,House,WI-4,WI,4,R,TIM ROGERS,TIM ROGERS,"ROGERS, TIM",H8WI04069,,C,False,True,False,N,59091,0.21638159267925605,high_confidence_automatic,100.0,last_exact+first_match+token_overlap+scope_same_race,0.0,3,MIT Election Data and Science Lab,Federal Election Commission
HOUSE_2018_WI_5_D_TOM_PALZEWICZ,2018,House,WI-5,WI,5,D,TOM PALZEWICZ,TOM PALZEWICZ,"PALZEWICZ, TOM",H8WI05165,C00653733,C,False,True,False,C,138385,0.37987800860857346,high_confidence_automatic,100.0,last_exact+first_match+token_overlap+scope_same_race,0.0,3,MIT Election Data and Science Lab,Federal Election Commission
HOUSE_2018_WI_5_R_F_JAMES_SENSENBRENNER,2018,House,WI-5,WI,5,R,F JAMES SENSENBRENNER JR,F JAMES SENSENBRENNER JR,"SENSENBRENNER, F. JAMES JR.",H8WI09050,C00083428,I,True,False,False,C,225619,0.6193423884399156,high_confidence_automatic,100.0,last_exact+first_match+token_overlap+scope_same_race,2.0,2,MIT Election Data and Science Lab,Federal Election Commission
HOUSE_2018_WI_6_D_DAN_KOHL,2018,House,WI-6,WI,6,D,DAN KOHL,DAN KOHL,"KOHL, DAN",H8WI06098,C00647164,C,False,True,False,C,144536,0.44463722640087366,high_confidence_automatic,100.0,last_exact+first_match+token_overlap+scope_same_race,0.0,2,MIT Election Data and Science Lab,Federal Election Commission
HOUSE_2018_WI_6_R_GLENN_GROTHMAN,2018,House,WI-6,WI,6,R,GLENN GROTHMAN,GLENN GROTHMAN,"GROTHMAN, GLENN S.",H4WI06048,C00561597,I,True,False,False,C,180311,0.5546921384953778,high_confidence_automatic,95.0,last_exact+first_match+token_overlap+scope_same_race,2.0,2,MIT Election Data and Science Lab,Federal Election Commission
HOUSE_2018_WI_7_D_MARGARET_ENGEBRETSON,2018,House,WI-7,WI,7,D,MARGARET ENGEBRETSON,MARGARET ENGEBRETSON,"ENGEBRETSON, MARGARET RUTH",H8WI07096,C00669143,C,False,True,False,C,124307,0.385042126130591,high_confidence_automatic,95.0,last_exact+first_match+token_overlap+scope_same_race,2.0,6,MIT Election Data and Science Lab,Federal Election Commission
HOUSE_2018_WI_7_R_SEAN_P_DUFFY,2018,House,WI-7,WI,7,R,SEAN P DUFFY,SEAN P DUFFY,"DUFFY, SEAN",H0WI07051,C00464339,I,True,False,False,C,194061,0.6011058109280139,high_confidence_automatic,95.0,last_exact+first_match+token_overlap+scope_same_race,,1,MIT Election Data and Science Lab,Federal Election Commission
HOUSE_2018_WI_8_D_BEAU_LIEGEOIS,2018,House,WI-8,WI,8,D,BEAU LIEGEOIS,BEAU LIEGEOIS,"LIEGEOIS, BEAU",H8WI08045,C00655233,C,False,True,False,C,119265,0.3627567873371982,high_confidence_automatic,100.0,last_exact+first_match+token_overlap+scope_same_race,,1,MIT Election Data and Science Lab,Federal Election Commission
HOUSE_2018_WI_8_R_MIKE_GALLAGHER,2018,House,WI-8,WI,8,R,MIKE GALLAGHER,MIKE GALLAGHER,"GALLAGHER, MICHAEL JOHN",H6WI08155,C00610212,I,True,False,False,C,209410,0.6369420939612013,high_confidence_automatic,88.75,last_exact+first_match+scope_same_race,,1,MIT Election Data and Science Lab,Federal Election Commission
HOUSE_2018_WV_1_D_KENDRA_FERSHEE,2018,House,WV-1,WV,1,D,KENDRA FERSHEE,KENDRA FERSHEE,"FERSHEE, KENDRA JEAN HUARD",H8WV01075,C00655860,C,False,True,False,C,70217,0.35424843855630783,high_confidence_automatic,92.5,last_exact+first_match+token_overlap+scope_same_race,2.0,3,MIT Election Data and Science Lab,Federal Election Commission
HOUSE_2018_WV_1_R_DAVID_B_MCKINLEY,2018,House,WV-1,WV,1,R,DAVID B MCKINLEY,DAVID B MCKINLEY,"MCKINLEY, DAVID B. MR.",H0WV01072,C00473132,I,True,False,False,C,127997,0.6457515614436922,high_confidence_automatic,100.0,last_exact+first_match+token_overlap+scope_same_race,,1,MIT Election Data and Science Lab,Federal Election Commission
HOUSE_2018_WV_2_D_TALLEY_SERGENT,2018,House,WV-2,WV,2,D,TALLEY SERGENT,TALLEY SERGENT,"SERGENT, TALLEY",H8WV02115,C00650176,C,False,True,False,C,88011,0.4297579983593109,high_confidence_automatic,100.0,last_exact+first_match+token_overlap+scope_same_race,2.0,2,MIT Election Data and Science Lab,Federal Election Commission
HOUSE_2018_WV_2_R_ALEX_X_MOONEY,2018,House,WV-2,WV,2,R,ALEX X MOONEY,ALEX X MOONEY,"MOONEY, ALEXANDER XAVIER",H4WV02080,C00629949,I,True,False,False,C,110504,0.5395913902886832,high_confidence_automatic,88.0,last_exact+first_match+scope_same_race,,1,MIT Election Data and Science Lab,Federal Election Commission
HOUSE_2018_WV_3_D_RICHARD_OJEDA,2018,House,WV-3,WV,3,D,RICHARD OJEDA II,RICHARD OJEDA II,"OJEDA, RICHARD NEECE SENATOR II",H8WV03048,C00639989,O,False,False,True,C,76340,0.43626596565419895,high_confidence_automatic,92.5,last_exact+first_match+token_overlap+scope_same_race,2.0,5,MIT Election Data and Science Lab,Federal Election Commission
HOUSE_2018_WV_3_R_CAROL_MILLER,2018,House,WV-3,WV,3,R,CAROL MILLER,CAROL MILLER,"MILLER, CAROL DEVINE",H8WV03097,C00653220,O,False,False,True,C,98645,0.563734034345801,high_confidence_automatic,95.0,last_exact+first_match+token_overlap+scope_same_race,2.0,8,MIT Election Data and Science Lab,Federal Election Commission
HOUSE_2018_WY_AL_D_GREG_HUNTER,2018,House,WY-AL,WY,AL,D,GREG HUNTER,GREG HUNTER,"HUNTER, GREG",H8WY01062,C00679852,C,False,True,False,C,59903,0.29766205371562027,high_confidence_automatic,100.0,last_exact+first_match+token_overlap+scope_same_race,0.0,2,MIT Election Data and Science Lab,Federal Election Commission
HOUSE_2018_WY_AL_R_LIZ_CHENEY,2018,House,WY-AL,WY,AL,R,LIZ CHENEY,LIZ CHENEY,"CHENEY, ELIZABETH MRS.",H6WY00159,C00607556,I,True,False,False,C,127963,0.63585679147308,high_confidence_automatic,90.0,last_exact+first_match+scope_same_race,2.0,3,MIT Election Data and Science Lab,Federal Election Commission
