cycle,chamber,race_id,district_id,state,district,election_date,election_type,dem_candidate,gop_candidate,other_candidates,dem_vote_total,gop_vote_total,other_vote_total,total_vote,dem_vote_share,gop_vote_share,actual_dem_margin,actual_winner,has_dem_candidate,has_gop_candidate,major_party_contested,named_candidate_count,named_dem_count,named_gop_count,named_other_count,general_election_party_structure,uncontested,uncontested_dem,uncontested_gop,include_in_major_party_margin_scoring,special_handling_notes,source_name,source_url,retrieved_date
2012,House,AK-AL,AK-AL,AK,AL,2012-11-08,General,SHARON M CISSNA,DON YOUNG,JIM C MCDERMOTT | TED GIANOUTSOS,82927,185296,21581,289804,28.61485693779244,63.938385943603265,-35.323529005810826,R,True,True,True,4,1,1,2,D_vs_R,False,False,False,True,,"MIT Election Data and Science Lab, U.S. House 1976-2024",doi:10.7910/DVN/IG0UN2,2026-07-15
2012,House,AL-1,AL-1,AL,1,2012-11-08,General,,JO BONNER,,0,196374,4302,200676,0.0,97.85624588889553,-97.85624588889553,R,False,True,False,1,0,1,0,R_unopposed,True,False,True,False,Nonstandard general-election party structure: R_unopposed,"MIT Election Data and Science Lab, U.S. House 1976-2024",doi:10.7910/DVN/IG0UN2,2026-07-15
2012,House,AL-2,AL-2,AL,2,2012-11-08,General,THERESE FORD,MARTHA ROBY,,103092,180591,270,283953,36.306008388712215,63.59890545266294,-27.292897063950726,R,True,True,True,2,1,1,0,D_vs_R,False,False,False,True,,"MIT Election Data and Science Lab, U.S. House 1976-2024",doi:10.7910/DVN/IG0UN2,2026-07-15
2012,House,AL-3,AL-3,AL,3,2012-11-08,General,JOHN ANDREW HARRIS,MIKE ROGERS,,98141,175306,483,273930,35.82703610411419,63.99664147774979,-28.1696053736356,R,True,True,True,2,1,1,0,D_vs_R,False,False,False,True,,"MIT Election Data and Science Lab, U.S. House 1976-2024",doi:10.7910/DVN/IG0UN2,2026-07-15
2012,House,AL-4,AL-4,AL,4,2012-11-08,General,DANIEL H BOMAN,ROBERT B ADERHOLT,,69706,199071,341,269118,25.901649090733432,73.97164069293024,-48.06999160219681,R,True,True,True,2,1,1,0,D_vs_R,False,False,False,True,,"MIT Election Data and Science Lab, U.S. House 1976-2024",doi:10.7910/DVN/IG0UN2,2026-07-15
2012,House,AL-5,AL-5,AL,5,2012-11-08,General,CHARLIE L HOLLEY,MO BROOKS,,101772,189185,336,291293,34.93801773472071,64.94663448829873,-30.008616753578014,R,True,True,True,2,1,1,0,D_vs_R,False,False,False,True,,"MIT Election Data and Science Lab, U.S. House 1976-2024",doi:10.7910/DVN/IG0UN2,2026-07-15
2012,House,AL-6,AL-6,AL,6,2012-11-08,General,PENNY H BAILEY,SPENCER BACHUS,,88267,219262,573,308102,28.648629350020446,71.16539327884921,-42.516763928828766,R,True,True,True,2,1,1,0,D_vs_R,False,False,False,True,,"MIT Election Data and Science Lab, U.S. House 1976-2024",doi:10.7910/DVN/IG0UN2,2026-07-15
2012,House,AL-7,AL-7,AL,7,2012-11-08,General,TERRI A SEWELL,DON CHAMBERLAIN,,232520,73835,203,306558,75.84861592259865,24.085164960627353,51.76345096197131,D,True,True,True,2,1,1,0,D_vs_R,False,False,False,True,,"MIT Election Data and Science Lab, U.S. House 1976-2024",doi:10.7910/DVN/IG0UN2,2026-07-15
2012,House,AR-1,AR-1,AR,1,2012-11-08,General,SCOTT ELLINGTON,"ERIC A \""RICK\"" CRAWFORD",JACOB HOLLOWAY | JESSICA PAXTON,96601,138800,11442,246843,39.13459162301544,56.23007336647181,-17.095481743456368,R,True,True,True,4,1,1,2,D_vs_R,False,False,False,True,,"MIT Election Data and Science Lab, U.S. House 1976-2024",doi:10.7910/DVN/IG0UN2,2026-07-15
2012,House,AR-2,AR-2,AR,2,2012-11-08,General,HERB RULE,TIM GRIFFIN,BARBARA WARD | CHRIS HAYES,113156,158175,15267,286598,39.482480687234386,55.19054564232828,-15.708064955093894,R,True,True,True,4,1,1,2,D_vs_R,False,False,False,True,,"MIT Election Data and Science Lab, U.S. House 1976-2024",doi:10.7910/DVN/IG0UN2,2026-07-15
2012,House,AR-3,AR-3,AR,3,2012-11-08,General,,STEVE WOMACK,DAVID PANGRAC | REBEKAH J KENNEDY,0,186467,59193,245660,0.0,75.9045021574534,-75.9045021574534,R,False,True,False,3,0,1,2,R_vs_Other,False,False,False,False,Nonstandard general-election party structure: R_vs_Other,"MIT Election Data and Science Lab, U.S. House 1976-2024",doi:10.7910/DVN/IG0UN2,2026-07-15
2012,House,AR-4,AR-4,AR,4,2012-11-08,General,GENE JEFFRESS,TOM COTTON,BOBBY TULLIS | J JOSHUA DRAKE,95013,154149,9791,258953,36.69121423578796,59.52779075739613,-22.83657652160817,R,True,True,True,4,1,1,2,D_vs_R,False,False,False,True,,"MIT Election Data and Science Lab, U.S. House 1976-2024",doi:10.7910/DVN/IG0UN2,2026-07-15
2012,House,AZ-1,AZ-1,AZ,1,2012-11-08,General,ANN KIRKPATRICK,JONATHAN PATON,KIM ALLEN,122774,113594,15227,251595,48.79826705618156,45.14954589717602,3.648721159005545,D,True,True,True,3,1,1,1,D_vs_R,False,False,False,True,,"MIT Election Data and Science Lab, U.S. House 1976-2024",doi:10.7910/DVN/IG0UN2,2026-07-15
2012,House,AZ-2,AZ-2,AZ,2,2012-11-08,General,RON BARBER,MARTHA MCSALLY,,147338,144884,57,292279,50.41005340787398,49.57044467785917,0.8396087300148146,D,True,True,True,2,1,1,0,D_vs_R,False,False,False,True,,"MIT Election Data and Science Lab, U.S. House 1976-2024",doi:10.7910/DVN/IG0UN2,2026-07-15
2012,House,AZ-3,AZ-3,AZ,3,2012-11-08,General,RAUL M GRIJALVA,GABRIELA SAUCEDO MERCER,BLANCA GUERRA,98468,62663,7567,168698,58.369393828024045,37.14507581595514,21.224318012068903,D,True,True,True,3,1,1,1,D_vs_R,False,False,False,True,,"MIT Election Data and Science Lab, U.S. House 1976-2024",doi:10.7910/DVN/IG0UN2,2026-07-15
2012,House,AZ-4,AZ-4,AZ,4,2012-11-08,General,JOHNNIE ROBINSON,PAUL A GOSAR,JOE PAMELIA | RICHARD GRAYSON,69154,162907,11699,243760,28.369707909419102,66.83089924515917,-38.461191335740075,R,True,True,True,4,1,1,2,D_vs_R,False,False,False,True,,"MIT Election Data and Science Lab, U.S. House 1976-2024",doi:10.7910/DVN/IG0UN2,2026-07-15
2012,House,AZ-5,AZ-5,AZ,5,2012-11-08,General,SPENCER MORGAN,MATT SALMON,,89589,183470,0,273059,32.809392841840044,67.19060715815996,-34.38121431631992,R,True,True,True,2,1,1,0,D_vs_R,False,False,False,True,,"MIT Election Data and Science Lab, U.S. House 1976-2024",doi:10.7910/DVN/IG0UN2,2026-07-15
2012,House,AZ-6,AZ-6,AZ,6,2012-11-08,General,MATT JETTE,DAVID SCHWEIKERT,JACK ANDERSON | MARK SALAZAR,97666,179706,15805,293177,33.31298157768174,61.29607711382543,-27.983095536143693,R,True,True,True,4,1,1,2,D_vs_R,False,False,False,True,,"MIT Election Data and Science Lab, U.S. House 1976-2024",doi:10.7910/DVN/IG0UN2,2026-07-15
2012,House,AZ-7,AZ-7,AZ,7,2012-11-08,General,ED PASTOR,,JOE COBB,104489,0,23338,127827,81.74251136301407,0.0,81.74251136301407,D,True,False,False,2,1,0,1,D_vs_Other,False,False,False,False,Nonstandard general-election party structure: D_vs_Other,"MIT Election Data and Science Lab, U.S. House 1976-2024",doi:10.7910/DVN/IG0UN2,2026-07-15
2012,House,AZ-8,AZ-8,AZ,8,2012-11-08,General,GENE SCHARER,TRENT FRANKS,STEPHEN DOLGOS,95635,172809,4347,272791,35.057974786558205,63.34849756773501,-28.290522781176797,R,True,True,True,3,1,1,1,D_vs_R,False,False,False,True,,"MIT Election Data and Science Lab, U.S. House 1976-2024",doi:10.7910/DVN/IG0UN2,2026-07-15
2012,House,AZ-9,AZ-9,AZ,9,2012-11-08,General,KYRSTEN SINEMA,VERNON B PARKER,POWELL GAMMILL,121881,111630,16620,250131,48.72686712162827,44.62861460594648,4.098252515681783,D,True,True,True,3,1,1,1,D_vs_R,False,False,False,True,,"MIT Election Data and Science Lab, U.S. House 1976-2024",doi:10.7910/DVN/IG0UN2,2026-07-15
2012,House,CA-1,CA-1,CA,1,2012-11-08,General,JIM REED,DOUG LA MALFA,,125386,168827,0,294213,42.617423431323566,57.382576568676434,-14.76515313735287,R,True,True,True,2,1,1,0,D_vs_R,False,False,False,True,,"MIT Election Data and Science Lab, U.S. House 1976-2024",doi:10.7910/DVN/IG0UN2,2026-07-15
2012,House,CA-2,CA-2,CA,2,2012-11-08,General,JARED HUFFMAN,DANIEL W ROBERTS,,226216,91310,0,317526,71.24329976127939,28.756700238720608,42.486599522558784,D,True,True,True,2,1,1,0,D_vs_R,False,False,False,True,,"MIT Election Data and Science Lab, U.S. House 1976-2024",doi:10.7910/DVN/IG0UN2,2026-07-15
2012,House,CA-3,CA-3,CA,3,2012-11-08,General,JOHN GARAMENDI,KIM VANN,,126882,107086,0,233968,54.230493058879844,45.769506941120156,8.460986117759694,D,True,True,True,2,1,1,0,D_vs_R,False,False,False,True,,"MIT Election Data and Science Lab, U.S. House 1976-2024",doi:10.7910/DVN/IG0UN2,2026-07-15
2012,House,CA-4,CA-4,CA,4,2012-11-08,General,JACK UPPAL,TOM MCCLINTOCK,,125885,197803,0,323688,38.890845505548555,61.109154494451445,-22.218308988902894,R,True,True,True,2,1,1,0,D_vs_R,False,False,False,True,,"MIT Election Data and Science Lab, U.S. House 1976-2024",doi:10.7910/DVN/IG0UN2,2026-07-15
2012,House,CA-5,CA-5,CA,5,2012-11-08,General,MIKE THOMPSON,RANDY LOFTIN,,202872,69545,0,272417,74.47112331462426,25.528876685375728,48.942246629248544,D,True,True,True,2,1,1,0,D_vs_R,False,False,False,True,,"MIT Election Data and Science Lab, U.S. House 1976-2024",doi:10.7910/DVN/IG0UN2,2026-07-15
2012,House,CA-6,CA-6,CA,6,2012-11-08,General,DORIS O MATSUI,JOSEPH MCCRAY SR,,160667,53406,0,214073,75.05243538419137,24.947564615808627,50.104870768382746,D,True,True,True,2,1,1,0,D_vs_R,False,False,False,True,,"MIT Election Data and Science Lab, U.S. House 1976-2024",doi:10.7910/DVN/IG0UN2,2026-07-15
2012,House,CA-7,CA-7,CA,7,2012-11-08,General,AMI BERA,DANIEL E LUNGREN,,141241,132050,0,273291,51.68154092158176,48.31845907841824,3.3630818431635143,D,True,True,True,2,1,1,0,D_vs_R,False,False,False,True,,"MIT Election Data and Science Lab, U.S. House 1976-2024",doi:10.7910/DVN/IG0UN2,2026-07-15
2012,House,CA-8,CA-8,CA,8,2012-11-08,General,,PAUL COOK,,0,103093,0,179644,0.0,57.38738839037207,-57.38738839037207,R,False,True,False,2,0,2,0,R_vs_R,False,False,False,False,Nonstandard general-election party structure: R_vs_R,"MIT Election Data and Science Lab, U.S. House 1976-2024",doi:10.7910/DVN/IG0UN2,2026-07-15
2012,House,CA-9,CA-9,CA,9,2012-11-08,General,JERRY MCNERNEY,RICKY GILL,,118373,94704,0,213077,55.55409546783557,44.44590453216443,11.108190935671143,D,True,True,True,2,1,1,0,D_vs_R,False,False,False,True,,"MIT Election Data and Science Lab, U.S. House 1976-2024",doi:10.7910/DVN/IG0UN2,2026-07-15
2012,House,CA-10,CA-10,CA,10,2012-11-08,General,JOSE HERNANDEZ,JEFF DENHAM,,98934,110265,0,209199,47.29181305837982,52.70818694162018,-5.41637388324036,R,True,True,True,2,1,1,0,D_vs_R,False,False,False,True,,"MIT Election Data and Science Lab, U.S. House 1976-2024",doi:10.7910/DVN/IG0UN2,2026-07-15
2012,House,CA-11,CA-11,CA,11,2012-11-08,General,GEORGE MILLER,VIRGINIA FULLER,,200743,87136,0,287879,69.73172756609547,30.26827243390452,39.46345513219096,D,True,True,True,2,1,1,0,D_vs_R,False,False,False,True,,"MIT Election Data and Science Lab, U.S. House 1976-2024",doi:10.7910/DVN/IG0UN2,2026-07-15
2012,House,CA-12,CA-12,CA,12,2012-11-08,General,NANCY PELOSI,JOHN DENNIS,,253709,44478,0,298187,85.0838567744402,14.9161432255598,70.1677135488804,D,True,True,True,2,1,1,0,D_vs_R,False,False,False,True,,"MIT Election Data and Science Lab, U.S. House 1976-2024",doi:10.7910/DVN/IG0UN2,2026-07-15
2012,House,CA-13,CA-13,CA,13,2012-11-08,General,BARBARA LEE,,MARILYN M SINGLETON,250436,0,38146,288582,86.78157334830308,0.0,86.78157334830308,D,True,False,False,2,1,0,1,D_vs_Other,False,False,False,False,Nonstandard general-election party structure: D_vs_Other,"MIT Election Data and Science Lab, U.S. House 1976-2024",doi:10.7910/DVN/IG0UN2,2026-07-15
2012,House,CA-14,CA-14,CA,14,2012-11-08,General,JACKIE SPEIER,"DEBORAH \""DEBBIE\"" BACIGALUPI",,203828,54455,0,258283,78.91653728661971,21.083462713380285,57.83307457323943,D,True,True,True,2,1,1,0,D_vs_R,False,False,False,True,,"MIT Election Data and Science Lab, U.S. House 1976-2024",doi:10.7910/DVN/IG0UN2,2026-07-15
2012,House,CA-15,CA-15,CA,15,2012-11-08,General,ERIC SWALWELL,,,120388,0,0,231034,52.108347689084724,0.0,52.108347689084724,D,True,False,False,2,2,0,0,D_vs_D,False,False,False,False,Nonstandard general-election party structure: D_vs_D,"MIT Election Data and Science Lab, U.S. House 1976-2024",doi:10.7910/DVN/IG0UN2,2026-07-15
2012,House,CA-16,CA-16,CA,16,2012-11-08,General,JIM COSTA,BRIAN DANIEL WHELAN,,84649,62801,0,147450,57.40861308918277,42.59138691081723,14.817226178365548,D,True,True,True,2,1,1,0,D_vs_R,False,False,False,True,,"MIT Election Data and Science Lab, U.S. House 1976-2024",doi:10.7910/DVN/IG0UN2,2026-07-15
2012,House,CA-17,CA-17,CA,17,2012-11-08,General,MICHAEL M HONDA,EVELYN LI,,159392,57336,0,216728,73.54471964859178,26.455280351408216,47.08943929718357,D,True,True,True,2,1,1,0,D_vs_R,False,False,False,True,,"MIT Election Data and Science Lab, U.S. House 1976-2024",doi:10.7910/DVN/IG0UN2,2026-07-15
2012,House,CA-18,CA-18,CA,18,2012-11-08,General,ANNA G ESHOO,DAVE CHAPMAN,,212831,89103,0,301934,70.48924599415767,29.510754005842337,40.97849198831533,D,True,True,True,2,1,1,0,D_vs_R,False,False,False,True,,"MIT Election Data and Science Lab, U.S. House 1976-2024",doi:10.7910/DVN/IG0UN2,2026-07-15
2012,House,CA-19,CA-19,CA,19,2012-11-08,General,ZOE LOFGREN,ROBERT MURRAY,,162300,59313,0,221613,73.23577587957385,26.76422412042615,46.4715517591477,D,True,True,True,2,1,1,0,D_vs_R,False,False,False,True,,"MIT Election Data and Science Lab, U.S. House 1976-2024",doi:10.7910/DVN/IG0UN2,2026-07-15
2012,House,CA-20,CA-20,CA,20,2012-11-08,General,SAM FARR,JEFF TAYLOR,,172996,60566,0,233562,74.06855567258373,25.931444327416276,48.13711134516745,D,True,True,True,2,1,1,0,D_vs_R,False,False,False,True,,"MIT Election Data and Science Lab, U.S. House 1976-2024",doi:10.7910/DVN/IG0UN2,2026-07-15
2012,House,CA-21,CA-21,CA,21,2012-11-08,General,JOHN HERNANDEZ,DAVID G VALADAO,,49119,67164,0,116283,42.24091225716571,57.75908774283429,-15.518175485668584,R,True,True,True,2,1,1,0,D_vs_R,False,False,False,True,,"MIT Election Data and Science Lab, U.S. House 1976-2024",doi:10.7910/DVN/IG0UN2,2026-07-15
2012,House,CA-22,CA-22,CA,22,2012-11-08,General,OTTO LEE,DEVIN NUNES,,81555,132386,0,213941,38.12032289276015,61.87967710723985,-23.759354214479693,R,True,True,True,2,1,1,0,D_vs_R,False,False,False,True,,"MIT Election Data and Science Lab, U.S. House 1976-2024",doi:10.7910/DVN/IG0UN2,2026-07-15
2012,House,CA-23,CA-23,CA,23,2012-11-08,General,,KEVIN MCCARTHY,TERRY PHILLIPS,0,158161,57842,216003,0.0,73.22166821757105,-73.22166821757105,R,False,True,False,2,0,1,1,R_vs_Other,False,False,False,False,Nonstandard general-election party structure: R_vs_Other,"MIT Election Data and Science Lab, U.S. House 1976-2024",doi:10.7910/DVN/IG0UN2,2026-07-15
2012,House,CA-24,CA-24,CA,24,2012-11-08,General,LOIS CAPPS,ABEL MALDONADO,,156749,127746,0,284495,55.09727763229582,44.90272236770418,10.194555264591644,D,True,True,True,2,1,1,0,D_vs_R,False,False,False,True,,"MIT Election Data and Science Lab, U.S. House 1976-2024",doi:10.7910/DVN/IG0UN2,2026-07-15
2012,House,CA-25,CA-25,CA,25,2012-11-08,General,LEE C ROGERS,"HOWARD P \""BUCK\"" MCKEON",,106982,129593,0,236575,45.22117721652753,54.77882278347247,-9.557645566944943,R,True,True,True,2,1,1,0,D_vs_R,False,False,False,True,,"MIT Election Data and Science Lab, U.S. House 1976-2024",doi:10.7910/DVN/IG0UN2,2026-07-15
2012,House,CA-26,CA-26,CA,26,2012-11-08,General,JULIA BROWNLEY,TONY STRICKLAND,,139072,124863,0,263935,52.691761229090496,47.308238770909504,5.383522458180992,D,True,True,True,2,1,1,0,D_vs_R,False,False,False,True,,"MIT Election Data and Science Lab, U.S. House 1976-2024",doi:10.7910/DVN/IG0UN2,2026-07-15
2012,House,CA-27,CA-27,CA,27,2012-11-08,General,JUDY CHU,JACK ORSWELL,,154191,86817,0,241008,63.977544313881694,36.022455686118306,27.955088627763395,D,True,True,True,2,1,1,0,D_vs_R,False,False,False,True,,"MIT Election Data and Science Lab, U.S. House 1976-2024",doi:10.7910/DVN/IG0UN2,2026-07-15
2012,House,CA-28,CA-28,CA,28,2012-11-08,General,ADAM B SCHIFF,PHIL JENNERJAHN,,188703,58008,0,246711,76.48746914405925,23.512530855940756,52.97493828811849,D,True,True,True,2,1,1,0,D_vs_R,False,False,False,True,,"MIT Election Data and Science Lab, U.S. House 1976-2024",doi:10.7910/DVN/IG0UN2,2026-07-15
2012,House,CA-29,CA-29,CA,29,2012-11-08,General,TONY CARDENAS,,DAVID R HERNANDEZ,111287,0,38994,150281,74.05260811413285,0.0,74.05260811413285,D,True,False,False,2,1,0,1,D_vs_Other,False,False,False,False,Nonstandard general-election party structure: D_vs_Other,"MIT Election Data and Science Lab, U.S. House 1976-2024",doi:10.7910/DVN/IG0UN2,2026-07-15
2012,House,CA-30,CA-30,CA,30,2012-11-08,General,BRAD SHERMAN,,,149456,0,0,247851,60.300745205788964,0.0,60.300745205788964,D,True,False,False,2,2,0,0,D_vs_D,False,False,False,False,Nonstandard general-election party structure: D_vs_D,"MIT Election Data and Science Lab, U.S. House 1976-2024",doi:10.7910/DVN/IG0UN2,2026-07-15
2012,House,CA-31,CA-31,CA,31,2012-11-08,General,,GARY G MILLER,,0,88964,0,161219,0.0,55.18208151644657,-55.18208151644657,R,False,True,False,2,0,2,0,R_vs_R,False,False,False,False,Nonstandard general-election party structure: R_vs_R,"MIT Election Data and Science Lab, U.S. House 1976-2024",doi:10.7910/DVN/IG0UN2,2026-07-15
2012,House,CA-32,CA-32,CA,32,2012-11-08,General,GRACE F NAPOLITANO,DAVID L MILLER,,124903,65208,0,190111,65.70003839861975,34.29996160138025,31.400076797239507,D,True,True,True,2,1,1,0,D_vs_R,False,False,False,True,,"MIT Election Data and Science Lab, U.S. House 1976-2024",doi:10.7910/DVN/IG0UN2,2026-07-15
2012,House,CA-33,CA-33,CA,33,2012-11-08,General,HENRY A WAXMAN,,BILL BLOOMFIELD,171860,0,146660,318520,53.955795554439284,0.0,53.955795554439284,D,True,False,False,2,1,0,1,D_vs_Other,False,False,False,False,Nonstandard general-election party structure: D_vs_Other,"MIT Election Data and Science Lab, U.S. House 1976-2024",doi:10.7910/DVN/IG0UN2,2026-07-15
2012,House,CA-34,CA-34,CA,34,2012-11-08,General,XAVIER BECERRA,STEPHEN C SMITH,,120367,20223,0,140590,85.61561988761648,14.384380112383527,71.23123977523295,D,True,True,True,2,1,1,0,D_vs_R,False,False,False,True,,"MIT Election Data and Science Lab, U.S. House 1976-2024",doi:10.7910/DVN/IG0UN2,2026-07-15
2012,House,CA-35,CA-35,CA,35,2012-11-08,General,GLORIA NEGRETE MCLEOD,,,79698,0,0,142680,55.857863751051305,0.0,55.857863751051305,D,True,False,False,2,2,0,0,D_vs_D,False,False,False,False,Nonstandard general-election party structure: D_vs_D,"MIT Election Data and Science Lab, U.S. House 1976-2024",doi:10.7910/DVN/IG0UN2,2026-07-15
2012,House,CA-36,CA-36,CA,36,2012-11-08,General,RAUL RUIZ,MARY BONO MACK,,110189,97953,0,208142,52.93933948938705,47.06066051061295,5.878678978774106,D,True,True,True,2,1,1,0,D_vs_R,False,False,False,True,,"MIT Election Data and Science Lab, U.S. House 1976-2024",doi:10.7910/DVN/IG0UN2,2026-07-15
2012,House,CA-37,CA-37,CA,37,2012-11-08,General,KAREN BASS,MORGAN OSBORNE,,207039,32541,0,239580,86.4174805910343,13.58251940896569,72.83496118206862,D,True,True,True,2,1,1,0,D_vs_R,False,False,False,True,,"MIT Election Data and Science Lab, U.S. House 1976-2024",doi:10.7910/DVN/IG0UN2,2026-07-15
2012,House,CA-38,CA-38,CA,38,2012-11-08,General,LINDA T SANCHEZ,BENJAMIN CAMPOS,,145280,69807,0,215087,67.54476095719407,32.455239042805935,35.08952191438813,D,True,True,True,2,1,1,0,D_vs_R,False,False,False,True,,"MIT Election Data and Science Lab, U.S. House 1976-2024",doi:10.7910/DVN/IG0UN2,2026-07-15
2012,House,CA-39,CA-39,CA,39,2012-11-08,General,JAY CHEN,EDWARD R ROYCE,,106360,145607,0,251967,42.21187695214056,57.78812304785944,-15.576246095718885,R,True,True,True,2,1,1,0,D_vs_R,False,False,False,True,,"MIT Election Data and Science Lab, U.S. House 1976-2024",doi:10.7910/DVN/IG0UN2,2026-07-15
2012,House,CA-40,CA-40,CA,40,2012-11-08,General,LUCILLE ROYBAL-ALLARD,,,73940,0,0,125553,58.8914641625449,0.0,58.8914641625449,D,True,False,False,2,2,0,0,D_vs_D,False,False,False,False,Nonstandard general-election party structure: D_vs_D,"MIT Election Data and Science Lab, U.S. House 1976-2024",doi:10.7910/DVN/IG0UN2,2026-07-15
2012,House,CA-41,CA-41,CA,41,2012-11-08,General,MARK TAKANO,JOHN TAVAGLIONE,,103578,72074,0,175652,58.96773165121946,41.03226834878054,17.93546330243891,D,True,True,True,2,1,1,0,D_vs_R,False,False,False,True,,"MIT Election Data and Science Lab, U.S. House 1976-2024",doi:10.7910/DVN/IG0UN2,2026-07-15
2012,House,CA-42,CA-42,CA,42,2012-11-08,General,MICHAEL WILLIAMSON,KEN CALVERT,,84702,130245,0,214947,39.40599310527711,60.59400689472289,-21.18801378944577,R,True,True,True,2,1,1,0,D_vs_R,False,False,False,True,,"MIT Election Data and Science Lab, U.S. House 1976-2024",doi:10.7910/DVN/IG0UN2,2026-07-15
2012,House,CA-43,CA-43,CA,43,2012-11-08,General,MAXINE WATERS,,,143123,0,0,200894,71.24304359512978,0.0,71.24304359512978,D,True,False,False,2,2,0,0,D_vs_D,False,False,False,False,Nonstandard general-election party structure: D_vs_D,"MIT Election Data and Science Lab, U.S. House 1976-2024",doi:10.7910/DVN/IG0UN2,2026-07-15
2012,House,CA-44,CA-44,CA,44,2012-11-08,General,JANICE HAHN,,,99909,0,0,165898,60.22314916394411,0.0,60.22314916394411,D,True,False,False,2,2,0,0,D_vs_D,False,False,False,False,Nonstandard general-election party structure: D_vs_D,"MIT Election Data and Science Lab, U.S. House 1976-2024",doi:10.7910/DVN/IG0UN2,2026-07-15
2012,House,CA-45,CA-45,CA,45,2012-11-08,General,SUKHEE KANG,JOHN CAMPBELL,,121814,171417,0,293231,41.54199249056205,58.45800750943795,-16.916015018875903,R,True,True,True,2,1,1,0,D_vs_R,False,False,False,True,,"MIT Election Data and Science Lab, U.S. House 1976-2024",doi:10.7910/DVN/IG0UN2,2026-07-15
2012,House,CA-46,CA-46,CA,46,2012-11-08,General,LORETTA SANCHEZ,JERRY HAYDEN,,95694,54121,0,149815,63.87477889396923,36.12522110603077,27.749557787938457,D,True,True,True,2,1,1,0,D_vs_R,False,False,False,True,,"MIT Election Data and Science Lab, U.S. House 1976-2024",doi:10.7910/DVN/IG0UN2,2026-07-15
2012,House,CA-47,CA-47,CA,47,2012-11-08,General,ALAN LOWENTHAL,GARY DELONG,,130093,99919,0,230012,56.55922299706102,43.44077700293898,13.118445994122046,D,True,True,True,2,1,1,0,D_vs_R,False,False,False,True,,"MIT Election Data and Science Lab, U.S. House 1976-2024",doi:10.7910/DVN/IG0UN2,2026-07-15
2012,House,CA-48,CA-48,CA,48,2012-11-08,General,RON VARASTEH,DANA ROHRABACHER,,113358,177144,0,290502,39.02141809694942,60.97858190305058,-21.957163806101164,R,True,True,True,2,1,1,0,D_vs_R,False,False,False,True,,"MIT Election Data and Science Lab, U.S. House 1976-2024",doi:10.7910/DVN/IG0UN2,2026-07-15
2012,House,CA-49,CA-49,CA,49,2012-11-08,General,JERRY TETALMAN,DARRELL E ISSA,,114893,159725,0,274618,41.83738866352533,58.16261133647467,-16.325222672949334,R,True,True,True,2,1,1,0,D_vs_R,False,False,False,True,,"MIT Election Data and Science Lab, U.S. House 1976-2024",doi:10.7910/DVN/IG0UN2,2026-07-15
2012,House,CA-50,CA-50,CA,50,2012-11-08,General,DAVID B SECOR,DUNCAN HUNTER,,83455,174838,0,258293,32.31020585149423,67.68979414850577,-35.37958829701153,R,True,True,True,2,1,1,0,D_vs_R,False,False,False,True,,"MIT Election Data and Science Lab, U.S. House 1976-2024",doi:10.7910/DVN/IG0UN2,2026-07-15
2012,House,CA-51,CA-51,CA,51,2012-11-08,General,JUAN VARGAS,MICHAEL CRIMMINS,,113934,45464,0,159398,71.47768478901868,28.52231521098132,42.95536957803736,D,True,True,True,2,1,1,0,D_vs_R,False,False,False,True,,"MIT Election Data and Science Lab, U.S. House 1976-2024",doi:10.7910/DVN/IG0UN2,2026-07-15
2012,House,CA-52,CA-52,CA,52,2012-11-08,General,SCOTT PETERS,BRIAN P BILBRAY,,151451,144459,0,295910,51.18144030279477,48.81855969720523,2.3628806055895373,D,True,True,True,2,1,1,0,D_vs_R,False,False,False,True,,"MIT Election Data and Science Lab, U.S. House 1976-2024",doi:10.7910/DVN/IG0UN2,2026-07-15
2012,House,CA-53,CA-53,CA,53,2012-11-08,General,SUSAN A DAVIS,NICK POPADITCH,,164825,103482,0,268307,61.431494519337924,38.568505480662076,22.862989038675845,D,True,True,True,2,1,1,0,D_vs_R,False,False,False,True,,"MIT Election Data and Science Lab, U.S. House 1976-2024",doi:10.7910/DVN/IG0UN2,2026-07-15
2012,House,CO-1,CO-1,CO,1,2012-11-08,General,DIANA DEGETTE,DANNY STROUD,FRANK ATWOOD | GARY SWING,237579,93217,17414,348210,68.2286551219092,26.770339737514718,41.458315384394474,D,True,True,True,4,1,1,2,D_vs_R,False,False,False,True,,"MIT Election Data and Science Lab, U.S. House 1976-2024",doi:10.7910/DVN/IG0UN2,2026-07-15
2012,House,CO-2,CO-2,CO,2,2012-11-08,General,JARED POLIS,KEVIN LUNDBERG,RANDY LUALLIN | SUSAN P HALL,234758,162639,24183,421580,55.68527918781726,38.57844300014232,17.106836187674936,D,True,True,True,4,1,1,2,D_vs_R,False,False,False,True,,"MIT Election Data and Science Lab, U.S. House 1976-2024",doi:10.7910/DVN/IG0UN2,2026-07-15
2012,House,CO-3,CO-3,CO,3,2012-11-08,General,SAL PACE,SCOTT R TIPTON,GREGORY GILMAN | TISHA T CASIDA,142619,185291,19337,347247,41.0713411490956,53.36000023038356,-12.288659081287959,R,True,True,True,4,1,1,2,D_vs_R,False,False,False,True,,"MIT Election Data and Science Lab, U.S. House 1976-2024",doi:10.7910/DVN/IG0UN2,2026-07-15
2012,House,CO-4,CO-4,CO,4,2012-11-08,General,BRANDON SHAFFER,CORY GARDNER,DOUG ADEN | JOSH GILLILAND,125800,200006,16530,342336,36.74752290147691,58.42388764255001,-21.676364741073098,R,True,True,True,4,1,1,2,D_vs_R,False,False,False,True,,"MIT Election Data and Science Lab, U.S. House 1976-2024",doi:10.7910/DVN/IG0UN2,2026-07-15
2012,House,CO-5,CO-5,CO,5,2012-11-08,General,,DOUG LAMBORN,DAVE ANDERSON | JIM PIRTLE | KENNETH R HARVELL | MISHA LUZOV,0,199639,107592,307231,0.0,64.980096409542,-64.980096409542,R,False,True,False,5,0,1,4,R_vs_Other,False,False,False,False,Nonstandard general-election party structure: R_vs_Other,"MIT Election Data and Science Lab, U.S. House 1976-2024",doi:10.7910/DVN/IG0UN2,2026-07-15
2012,House,CO-6,CO-6,CO,6,2012-11-08,General,JOE MIKLOSI,MIKE COFFMAN,KATHY POLHEMUS | PATRICK E PROVOST,156937,163938,22039,342914,45.765702187720535,47.807321952442884,-2.04161976472235,R,True,True,True,4,1,1,2,D_vs_R,False,False,False,True,,"MIT Election Data and Science Lab, U.S. House 1976-2024",doi:10.7910/DVN/IG0UN2,2026-07-15
2012,House,CO-7,CO-7,CO,7,2012-11-08,General,ED PERLMUTTER,JOE COORS,"BUCK BAILEY | DOUGLAS \""DAYHORSE\"" CAMPBELL",182460,139066,19444,340970,53.51203918233276,40.785406340733786,12.726632841598967,D,True,True,True,4,1,1,2,D_vs_R,False,False,False,True,,"MIT Election Data and Science Lab, U.S. House 1976-2024",doi:10.7910/DVN/IG0UN2,2026-07-15
2012,House,CT-1,CT-1,CT,1,2012-11-08,General,JOHN B LARSON,JOHN HENRY DECKER,JOHN B LARSON | MATTHEW M COREY | S MICHAEL DEROSA,192840,82321,21900,297061,64.91596002167906,27.71181676490687,37.20414325677218,D,True,True,True,5,1,1,3,D_vs_R,False,False,False,True,,"MIT Election Data and Science Lab, U.S. House 1976-2024",doi:10.7910/DVN/IG0UN2,2026-07-15
2012,House,CT-2,CT-2,CT,2,2012-11-08,General,JOE COURTNEY,PAUL M FORMICA,COLIN D BENNETT | DANIEL J REALE | JOE COURTNEY,189444,88103,21413,298960,63.36767460529837,29.46982873963072,33.89784586566765,D,True,True,True,5,1,1,3,D_vs_R,False,False,False,True,,"MIT Election Data and Science Lab, U.S. House 1976-2024",doi:10.7910/DVN/IG0UN2,2026-07-15
2012,House,CT-3,CT-3,CT,3,2012-11-08,General,ROSA L DELAURO,WAYNE WINSLEY,ROSA L DELAURO,197163,73726,20411,291301,67.68359875180656,25.309216240246343,42.374382511560206,D,True,True,True,3,1,1,1,D_vs_R,False,False,False,True,,"MIT Election Data and Science Lab, U.S. House 1976-2024",doi:10.7910/DVN/IG0UN2,2026-07-15
2012,House,CT-4,CT-4,CT,4,2012-11-08,General,JAMES A HIMES,STEVE OBSITNIK,JAMES A HIMES,167320,117503,8609,293432,57.021729054772486,40.044371438697894,16.977357616074592,D,True,True,True,3,1,1,1,D_vs_R,False,False,False,True,,"MIT Election Data and Science Lab, U.S. House 1976-2024",doi:10.7910/DVN/IG0UN2,2026-07-15
2012,House,CT-5,CT-5,CT,5,2012-11-08,General,ELIZABETH ESTY,ANDREW RORABACK,ANDREW RORABACK | ELIZABETH ESTY,137631,128927,18199,284757,48.33278900957659,45.27614773297935,3.056641276597239,D,True,True,True,4,1,1,2,D_vs_R,False,False,False,True,,"MIT Election Data and Science Lab, U.S. House 1976-2024",doi:10.7910/DVN/IG0UN2,2026-07-15
2012,House,DE-AL,DE-AL,DE,AL,2012-11-08,General,JOHN C CARNEY,THOMAS H KOVACH,BERNARD AUGUST | SCOTT GESTY,249933,129757,8369,388059,64.4059279645621,33.43744121383604,30.96848675072605,D,True,True,True,4,1,1,2,D_vs_R,False,False,False,True,,"MIT Election Data and Science Lab, U.S. House 1976-2024",doi:10.7910/DVN/IG0UN2,2026-07-15
2012,House,FL-1,FL-1,FL,1,2012-11-08,General,JIM BRYAN,JEFF MILLER,CALEN FRETTS,92961,238440,11193,342594,27.13445069090527,69.5984167848824,-42.46396609397713,R,True,True,True,3,1,1,1,D_vs_R,False,False,False,True,,"MIT Election Data and Science Lab, U.S. House 1976-2024",doi:10.7910/DVN/IG0UN2,2026-07-15
2012,House,FL-2,FL-2,FL,2,2012-11-08,General,AL LAWSON,STEVE SOUTHERLAND II,,157634,175856,228,333718,47.23569001372416,52.69598882889146,-5.460298815167297,R,True,True,True,2,1,1,0,D_vs_R,False,False,False,True,,"MIT Election Data and Science Lab, U.S. House 1976-2024",doi:10.7910/DVN/IG0UN2,2026-07-15
2012,House,FL-3,FL-3,FL,3,2012-11-08,General,J R GAILLOT,TED YOHO,PHILIP DODDS,102468,204331,8870,315669,32.46058371268639,64.72951097510366,-32.26892726241728,R,True,True,True,3,1,1,1,D_vs_R,False,False,False,True,,"MIT Election Data and Science Lab, U.S. House 1976-2024",doi:10.7910/DVN/IG0UN2,2026-07-15
2012,House,FL-4,FL-4,FL,4,2012-11-08,General,,ANDER CRENSHAW,JIM KLAUDER,0,239988,75482,315470,0.0,76.07316068088883,-76.07316068088883,R,False,True,False,2,0,1,1,R_vs_Other,False,False,False,False,Nonstandard general-election party structure: R_vs_Other,"MIT Election Data and Science Lab, U.S. House 1976-2024",doi:10.7910/DVN/IG0UN2,2026-07-15
2012,House,FL-5,FL-5,FL,5,2012-11-08,General,CORRINE BROWN,LEANNE KOLB,EILEEN FLEMING,190472,70700,7981,269153,70.76718446385513,26.267587580298194,44.49959688355693,D,True,True,True,3,1,1,1,D_vs_R,False,False,False,True,,"MIT Election Data and Science Lab, U.S. House 1976-2024",doi:10.7910/DVN/IG0UN2,2026-07-15
2012,House,FL-6,FL-6,FL,6,2012-11-08,General,HEATHER BEAVEN,RON DESANTIS,,146489,195962,0,342451,42.77663081725561,57.22336918274439,-14.446738365488786,R,True,True,True,2,1,1,0,D_vs_R,False,False,False,True,,"MIT Election Data and Science Lab, U.S. House 1976-2024",doi:10.7910/DVN/IG0UN2,2026-07-15
2012,House,FL-7,FL-7,FL,7,2012-11-08,General,JASON H KENDALL,JOHN L MICA,,130479,185518,13,316010,41.28951615455207,58.70637005158065,-17.416853897028574,R,True,True,True,2,1,1,0,D_vs_R,False,False,False,True,,"MIT Election Data and Science Lab, U.S. House 1976-2024",doi:10.7910/DVN/IG0UN2,2026-07-15
2012,House,FL-8,FL-8,FL,8,2012-11-08,General,SHANNON ROBERTS,BILL POSEY,RICHARD H GILLMOR,130870,205432,12607,348909,37.50834744876171,58.87838949410878,-21.370042045347066,R,True,True,True,3,1,1,1,D_vs_R,False,False,False,True,,"MIT Election Data and Science Lab, U.S. House 1976-2024",doi:10.7910/DVN/IG0UN2,2026-07-15
2012,House,FL-9,FL-9,FL,9,2012-11-08,General,ALAN GRAYSON,TODD LONG,,164891,98856,0,263747,62.51862580427455,37.48137419572545,25.037251608549102,D,True,True,True,2,1,1,0,D_vs_R,False,False,False,True,,"MIT Election Data and Science Lab, U.S. House 1976-2024",doi:10.7910/DVN/IG0UN2,2026-07-15
2012,House,FL-10,FL-10,FL,10,2012-11-08,General,VAL B DEMINGS,DANIEL WEBSTER,,153574,164649,46,318269,48.252892993034195,51.73265382428072,-3.4797608312465242,R,True,True,True,2,1,1,0,D_vs_R,False,False,False,True,,"MIT Election Data and Science Lab, U.S. House 1976-2024",doi:10.7910/DVN/IG0UN2,2026-07-15
2012,House,FL-11,FL-11,FL,11,2012-11-08,General,H DAVID WERDER,RICHARD B NUGENT,,120303,218360,0,338663,35.52292396866501,64.47707603133499,-28.95415206266997,R,True,True,True,2,1,1,0,D_vs_R,False,False,False,True,,"MIT Election Data and Science Lab, U.S. House 1976-2024",doi:10.7910/DVN/IG0UN2,2026-07-15
2012,House,FL-12,FL-12,FL,12,2012-11-08,General,JONATHAN MICHAEL SNOW,GUS M BILIRAKIS,JOHN RUSSELL | PAUL SIDNEY ELLIOTT,108770,209604,11793,330167,32.943934433180786,63.48423676503103,-30.540302331850246,R,True,True,True,4,1,1,2,D_vs_R,False,False,False,True,,"MIT Election Data and Science Lab, U.S. House 1976-2024",doi:10.7910/DVN/IG0UN2,2026-07-15
2012,House,FL-13,FL-13,FL,13,2012-11-08,General,JESSICA EHRLICH,C W BILL YOUNG,,139742,189605,0,329347,42.430020616553364,57.569979383446636,-15.139958766893276,R,True,True,True,2,1,1,0,D_vs_R,False,False,False,True,,"MIT Election Data and Science Lab, U.S. House 1976-2024",doi:10.7910/DVN/IG0UN2,2026-07-15
2012,House,FL-14,FL-14,FL,14,2012-11-08,General,KATHY CASTOR,"EVELIO \""E J\"" OTERO",,197121,83480,0,280601,70.24957145555433,29.750428544445672,40.499142911108656,D,True,True,True,2,1,1,0,D_vs_R,False,False,False,True,,"MIT Election Data and Science Lab, U.S. House 1976-2024",doi:10.7910/DVN/IG0UN2,2026-07-15
2012,House,FL-15,FL-15,FL,15,2012-11-08,General,,DENNIS A ROSS,,0,1,0,1,0.0,100.0,-100.0,R,False,True,False,1,0,1,0,R_unopposed,True,False,True,False,Nonstandard general-election party structure: R_unopposed,"MIT Election Data and Science Lab, U.S. House 1976-2024",doi:10.7910/DVN/IG0UN2,2026-07-15
2012,House,FL-16,FL-16,FL,16,2012-11-08,General,KEITH FITZGERALD,VERN BUCHANAN,,161929,187147,0,349076,46.387892607913464,53.612107392086536,-7.224214784173074,R,True,True,True,2,1,1,0,D_vs_R,False,False,False,True,,"MIT Election Data and Science Lab, U.S. House 1976-2024",doi:10.7910/DVN/IG0UN2,2026-07-15
2012,House,FL-17,FL-17,FL,17,2012-11-08,General,WILLIAM BRONSON,THOMAS J ROONEY,,116766,165488,12,282266,41.36736270043151,58.62838599051958,-17.261023290088072,R,True,True,True,2,1,1,0,D_vs_R,False,False,False,True,,"MIT Election Data and Science Lab, U.S. House 1976-2024",doi:10.7910/DVN/IG0UN2,2026-07-15
2012,House,FL-18,FL-18,FL,18,2012-11-08,General,PATRICK MURPHY,ALLEN B WEST,,166257,164353,55,330665,50.27958810276262,49.70377874888482,0.5758093538777918,D,True,True,True,2,1,1,0,D_vs_R,False,False,False,True,,"MIT Election Data and Science Lab, U.S. House 1976-2024",doi:10.7910/DVN/IG0UN2,2026-07-15
2012,House,FL-19,FL-19,FL,19,2012-11-08,General,JIM ROACH,TREY RADEL,BRANDON M SMITH,109746,189833,6637,306216,35.83940747707501,61.99316822112496,-26.15376074404995,R,True,True,True,3,1,1,1,D_vs_R,False,False,False,True,,"MIT Election Data and Science Lab, U.S. House 1976-2024",doi:10.7910/DVN/IG0UN2,2026-07-15
2012,House,FL-20,FL-20,FL,20,2012-11-08,General,ALCEE L HASTINGS,,RANDALL TERRY,214727,0,29558,244285,87.90019853859222,0.0,87.90019853859222,D,True,False,False,2,1,0,1,D_vs_Other,False,False,False,False,Nonstandard general-election party structure: D_vs_Other,"MIT Election Data and Science Lab, U.S. House 1976-2024",doi:10.7910/DVN/IG0UN2,2026-07-15
2012,House,FL-21,FL-21,FL,21,2012-11-08,General,THEODORE E DEUTCH,,"CESAR HENAO | W MICHAEL \""MIKE\"" TROUT",221263,0,63137,284400,77.79992967651195,0.0,77.79992967651195,D,True,False,False,3,1,0,2,D_vs_Other,False,False,False,False,Nonstandard general-election party structure: D_vs_Other,"MIT Election Data and Science Lab, U.S. House 1976-2024",doi:10.7910/DVN/IG0UN2,2026-07-15
2012,House,FL-22,FL-22,FL,22,2012-11-08,General,LOIS FRANKEL,ADAM HASNER,,171021,142050,0,313071,54.626905717872305,45.373094282127695,9.253811435744607,D,True,True,True,2,1,1,0,D_vs_R,False,False,False,True,,"MIT Election Data and Science Lab, U.S. House 1976-2024",doi:10.7910/DVN/IG0UN2,2026-07-15
2012,House,FL-23,FL-23,FL,23,2012-11-08,General,DEBBIE WASSERMAN SCHULTZ,KAREN HARRINGTON,ILYA KATZ,174205,98096,3129,275430,63.24837526776314,35.61558290672766,27.63279236103547,D,True,True,True,3,1,1,1,D_vs_R,False,False,False,True,,"MIT Election Data and Science Lab, U.S. House 1976-2024",doi:10.7910/DVN/IG0UN2,2026-07-15
2012,House,FL-24,FL-24,FL,24,2012-11-08,General,FREDERICA S WILSON,,,1,0,0,1,100.0,0.0,100.0,D,True,False,False,1,1,0,0,D_unopposed,True,True,False,False,Nonstandard general-election party structure: D_unopposed,"MIT Election Data and Science Lab, U.S. House 1976-2024",doi:10.7910/DVN/IG0UN2,2026-07-15
2012,House,FL-25,FL-25,FL,25,2012-11-08,General,,MARIO DIAZ-BALART,STANLEY BLUMENTHAL | VOTEFOREDDIECOM,0,151466,48763,200229,0.0,75.64638488930174,-75.64638488930174,R,False,True,False,3,0,1,2,R_vs_Other,False,False,False,False,Nonstandard general-election party structure: R_vs_Other,"MIT Election Data and Science Lab, U.S. House 1976-2024",doi:10.7910/DVN/IG0UN2,2026-07-15
2012,House,FL-26,FL-26,FL,26,2012-11-08,General,JOE GARCIA,DAVID RIVERA,ANGEL FERNANDEZ | JOSE PEIXOTO,135694,108820,8443,252957,53.6431093031622,43.01916926592266,10.623940037239532,D,True,True,True,4,1,1,2,D_vs_R,False,False,False,True,,"MIT Election Data and Science Lab, U.S. House 1976-2024",doi:10.7910/DVN/IG0UN2,2026-07-15
2012,House,FL-27,FL-27,FL,27,2012-11-08,General,MANNY YEVANCEY,ILEANA ROS-LEHTINEN,THOMAS JOE CRUZ-WIGGINS,85020,138488,6663,230171,36.93775497347624,60.16744072884942,-23.22968575537318,R,True,True,True,3,1,1,1,D_vs_R,False,False,False,True,,"MIT Election Data and Science Lab, U.S. House 1976-2024",doi:10.7910/DVN/IG0UN2,2026-07-15
2012,House,GA-1,GA-1,GA,1,2012-11-08,General,LESLI RAE MESSINGER,JACK KINGSTON,,92399,157181,0,249580,37.021796618318774,62.978203381681226,-25.95640676336245,R,True,True,True,2,1,1,0,D_vs_R,False,False,False,True,,"MIT Election Data and Science Lab, U.S. House 1976-2024",doi:10.7910/DVN/IG0UN2,2026-07-15
2012,House,GA-2,GA-2,GA,2,2012-11-08,General,SANFORD D BISHOP JR,JOHN HOUSE,,162751,92410,0,255161,63.78365032273741,36.21634967726259,27.567300645474816,D,True,True,True,2,1,1,0,D_vs_R,False,False,False,True,,"MIT Election Data and Science Lab, U.S. House 1976-2024",doi:10.7910/DVN/IG0UN2,2026-07-15
2012,House,GA-3,GA-3,GA,3,2012-11-08,General,,LYNN A WESTMORELAND,,0,232380,0,232380,0.0,100.0,-100.0,R,False,True,False,1,0,1,0,R_unopposed,True,False,True,False,Nonstandard general-election party structure: R_unopposed,"MIT Election Data and Science Lab, U.S. House 1976-2024",doi:10.7910/DVN/IG0UN2,2026-07-15
2012,House,GA-4,GA-4,GA,4,2012-11-08,General,"HENRY C \""HANK\"" JOHNSON JR",J CHRIS VAUGHN,,208861,75041,0,283902,73.56799177180858,26.432008228191417,47.135983543617165,D,True,True,True,2,1,1,0,D_vs_R,False,False,False,True,,"MIT Election Data and Science Lab, U.S. House 1976-2024",doi:10.7910/DVN/IG0UN2,2026-07-15
2012,House,GA-5,GA-5,GA,5,2012-11-08,General,JOHN LEWIS,HOWARD STOPECK,,234330,43335,0,277665,84.39306358381504,15.606936416184972,68.78612716763006,D,True,True,True,2,1,1,0,D_vs_R,False,False,False,True,,"MIT Election Data and Science Lab, U.S. House 1976-2024",doi:10.7910/DVN/IG0UN2,2026-07-15
2012,House,GA-6,GA-6,GA,6,2012-11-08,General,JEFF KAZANOW,TOM PRICE,,104365,189669,0,294034,35.49419454892971,64.50580545107029,-29.011610902140568,R,True,True,True,2,1,1,0,D_vs_R,False,False,False,True,,"MIT Election Data and Science Lab, U.S. House 1976-2024",doi:10.7910/DVN/IG0UN2,2026-07-15
2012,House,GA-7,GA-7,GA,7,2012-11-08,General,STEVE REILLY,ROB WOODALL,,95377,156689,0,252066,37.83810589290106,62.16189410709894,-24.32378821419787,R,True,True,True,2,1,1,0,D_vs_R,False,False,False,True,,"MIT Election Data and Science Lab, U.S. House 1976-2024",doi:10.7910/DVN/IG0UN2,2026-07-15
2012,House,GA-8,GA-8,GA,8,2012-11-08,General,,AUSTIN SCOTT,,0,197789,0,197789,0.0,100.0,-100.0,R,False,True,False,1,0,1,0,R_unopposed,True,False,True,False,Nonstandard general-election party structure: R_unopposed,"MIT Election Data and Science Lab, U.S. House 1976-2024",doi:10.7910/DVN/IG0UN2,2026-07-15
2012,House,GA-9,GA-9,GA,9,2012-11-08,General,JODY COOLEY,DOUG COLLINS,,60052,192101,0,252153,23.815699198502497,76.1843008014975,-52.36860160299501,R,True,True,True,2,1,1,0,D_vs_R,False,False,False,True,,"MIT Election Data and Science Lab, U.S. House 1976-2024",doi:10.7910/DVN/IG0UN2,2026-07-15
2012,House,GA-10,GA-10,GA,10,2012-11-08,General,,PAUL C BROUN,,0,211065,0,211065,0.0,100.0,-100.0,R,False,True,False,1,0,1,0,R_unopposed,True,False,True,False,Nonstandard general-election party structure: R_unopposed,"MIT Election Data and Science Lab, U.S. House 1976-2024",doi:10.7910/DVN/IG0UN2,2026-07-15
2012,House,GA-11,GA-11,GA,11,2012-11-08,General,PATRICK THOMPSON,PHIL GINGREY,,90353,196968,0,287321,31.44670942952308,68.55329057047692,-37.10658114095384,R,True,True,True,2,1,1,0,D_vs_R,False,False,False,True,,"MIT Election Data and Science Lab, U.S. House 1976-2024",doi:10.7910/DVN/IG0UN2,2026-07-15
2012,House,GA-12,GA-12,GA,12,2012-11-08,General,JOHN BARROW,LEE ANDERSON,,139148,119973,0,259121,53.7000088761621,46.2999911238379,7.400017752324204,D,True,True,True,2,1,1,0,D_vs_R,False,False,False,True,,"MIT Election Data and Science Lab, U.S. House 1976-2024",doi:10.7910/DVN/IG0UN2,2026-07-15
2012,House,GA-13,GA-13,GA,13,2012-11-08,General,DAVID SCOTT,S MALIK,,201988,79550,0,281538,71.74448919861618,28.255510801383828,43.488978397232344,D,True,True,True,2,1,1,0,D_vs_R,False,False,False,True,,"MIT Election Data and Science Lab, U.S. House 1976-2024",doi:10.7910/DVN/IG0UN2,2026-07-15
2012,House,GA-14,GA-14,GA,14,2012-11-08,General,"DANIEL \""DANNY\"" GRANT",TOM GRAVES,,59245,159947,0,219192,27.028814920252564,72.97118507974744,-45.94237015949487,R,True,True,True,2,1,1,0,D_vs_R,False,False,False,True,,"MIT Election Data and Science Lab, U.S. House 1976-2024",doi:10.7910/DVN/IG0UN2,2026-07-15
2012,House,HI-1,HI-1,HI,1,2012-11-08,General,COLLEEN W HANABUSA,CHARLES K DJOU,BLANK VOTE | OVER VOTE,116505,96824,4547,217876,53.47307642879436,44.43995667260276,9.033119756191596,D,True,True,True,4,1,1,2,D_vs_R,False,False,False,True,,"MIT Election Data and Science Lab, U.S. House 1976-2024",doi:10.7910/DVN/IG0UN2,2026-07-15
2012,House,HI-2,HI-2,HI,2,2012-11-08,General,TULSI GABBARD,KAWIKA CROWLEY,BLANK VOTE | OVER VOTE,168503,40707,10073,219283,76.8427101052065,18.563682547210682,58.27902755799583,D,True,True,True,4,1,1,2,D_vs_R,False,False,False,True,,"MIT Election Data and Science Lab, U.S. House 1976-2024",doi:10.7910/DVN/IG0UN2,2026-07-15
2012,House,IA-1,IA-1,IA,1,2012-11-08,General,BRUCE L BRALEY,BEN LANGE,GEORGE TODD KRAIL II | GREGORY HUGHES,222422,162465,5962,390849,56.907399021105334,41.56720370270872,15.340195318396619,D,True,True,True,4,1,1,2,D_vs_R,False,False,False,True,,"MIT Election Data and Science Lab, U.S. House 1976-2024",doi:10.7910/DVN/IG0UN2,2026-07-15
2012,House,IA-2,IA-2,IA,2,2012-11-08,General,DAVID LOEBSACK,JOHN ARCHER,ALAN AVERSA,211863,161977,7435,381275,55.56697921447774,42.48298472231329,13.083994492164448,D,True,True,True,3,1,1,1,D_vs_R,False,False,False,True,,"MIT Election Data and Science Lab, U.S. House 1976-2024",doi:10.7910/DVN/IG0UN2,2026-07-15
2012,House,IA-3,IA-3,IA,3,2012-11-08,General,LEONARD L BOSWELL,TOM LATHAM,DAVID ROSENFELD | SCOTT G BATCHER,168632,202000,16210,386842,43.59195743998842,52.21770128372824,-8.625743843739821,R,True,True,True,4,1,1,2,D_vs_R,False,False,False,True,,"MIT Election Data and Science Lab, U.S. House 1976-2024",doi:10.7910/DVN/IG0UN2,2026-07-15
2012,House,IA-4,IA-4,IA,4,2012-11-08,General,CHRISTIE VILSACK,STEVE KING,MARTIN JAMES MONROE,169470,200063,8350,377883,44.8472146140472,52.9431067288023,-8.095892114755095,R,True,True,True,3,1,1,1,D_vs_R,False,False,False,True,,"MIT Election Data and Science Lab, U.S. House 1976-2024",doi:10.7910/DVN/IG0UN2,2026-07-15
2012,House,ID-1,ID-1,ID,1,2012-11-08,General,JIMMY FARRIS,RAUL R LABRADOR,PRO-LIFE | ROB OATES,97450,199402,19872,316724,30.768113562597087,62.95765398264735,-32.189540420050264,R,True,True,True,4,1,1,2,D_vs_R,False,False,False,True,,"MIT Election Data and Science Lab, U.S. House 1976-2024",doi:10.7910/DVN/IG0UN2,2026-07-15
2012,House,ID-2,ID-2,ID,2,2012-11-08,General,NICOLE LEFAVOUR,MICHAEL K SIMPSON,,110847,207412,235,318494,34.80348138426469,65.12273386625807,-30.31925248199338,R,True,True,True,2,1,1,0,D_vs_R,False,False,False,True,,"MIT Election Data and Science Lab, U.S. House 1976-2024",doi:10.7910/DVN/IG0UN2,2026-07-15
2012,House,IL-1,IL-1,IL,1,2012-11-08,General,BOBBY L RUSH,DONALD E PELOQUIN,,236854,83989,1,320844,73.82216902918552,26.177519292865068,47.64464973632045,D,True,True,True,2,1,1,0,D_vs_R,False,False,False,True,,"MIT Election Data and Science Lab, U.S. House 1976-2024",doi:10.7910/DVN/IG0UN2,2026-07-15
2012,House,IL-2,IL-2,IL,2,2012-11-08,General,JESSE L JACKSON JR,BRIAN WOODWORTH,MARCUS LEWIS,188303,69115,40294,297712,63.25005374321492,23.21538936959209,40.03466437362283,D,True,True,True,3,1,1,1,D_vs_R,False,False,False,True,,"MIT Election Data and Science Lab, U.S. House 1976-2024",doi:10.7910/DVN/IG0UN2,2026-07-15
2012,House,IL-3,IL-3,IL,3,2012-11-08,General,DANIEL LIPINSKI,RICHARD L GRABOWSKI,,168738,77653,7,246398,68.4818870283038,31.515272039545774,36.966614988758025,D,True,True,True,2,1,1,0,D_vs_R,False,False,False,True,,"MIT Election Data and Science Lab, U.S. House 1976-2024",doi:10.7910/DVN/IG0UN2,2026-07-15
2012,House,IL-4,IL-4,IL,4,2012-11-08,General,LUIS V GUTIERREZ,HECTOR CONCEPCION,,133226,27279,4,160509,83.00219925362441,16.995308674279947,66.00689057934446,D,True,True,True,2,1,1,0,D_vs_R,False,False,False,True,,"MIT Election Data and Science Lab, U.S. House 1976-2024",doi:10.7910/DVN/IG0UN2,2026-07-15
2012,House,IL-5,IL-5,IL,5,2012-11-08,General,MIKE QUIGLEY,DAN SCHMITT,NANCY WADE,177729,77289,15359,270377,65.73377173354243,28.58564153015974,37.148130203382685,D,True,True,True,3,1,1,1,D_vs_R,False,False,False,True,,"MIT Election Data and Science Lab, U.S. House 1976-2024",doi:10.7910/DVN/IG0UN2,2026-07-15
2012,House,IL-6,IL-6,IL,6,2012-11-08,General,LESLIE COOLIDGE,PETER J ROSKAM,,132991,193138,0,326129,40.778648939530065,59.221351060469935,-18.442702120939874,R,True,True,True,2,1,1,0,D_vs_R,False,False,False,True,,"MIT Election Data and Science Lab, U.S. House 1976-2024",doi:10.7910/DVN/IG0UN2,2026-07-15
2012,House,IL-7,IL-7,IL,7,2012-11-08,General,DANNY K DAVIS,RITA ZAK,JOHN H MONAGHAN,242439,31466,12530,286435,84.64014523364813,10.985389355351126,73.654755878297,D,True,True,True,3,1,1,1,D_vs_R,False,False,False,True,,"MIT Election Data and Science Lab, U.S. House 1976-2024",doi:10.7910/DVN/IG0UN2,2026-07-15
2012,House,IL-8,IL-8,IL,8,2012-11-08,General,TAMMY DUCKWORTH,JOE WALSH,,123206,101860,0,225066,54.7421645206295,45.2578354793705,9.48432904125901,D,True,True,True,2,1,1,0,D_vs_R,False,False,False,True,,"MIT Election Data and Science Lab, U.S. House 1976-2024",doi:10.7910/DVN/IG0UN2,2026-07-15
2012,House,IL-9,IL-9,IL,9,2012-11-08,General,JANICE D SCHAKOWSKY,TIMOTHY C WOLFE,,194869,98924,14,293807,66.32551300683782,33.669721960334506,32.65579104650332,D,True,True,True,2,1,1,0,D_vs_R,False,False,False,True,,"MIT Election Data and Science Lab, U.S. House 1976-2024",doi:10.7910/DVN/IG0UN2,2026-07-15
2012,House,IL-10,IL-10,IL,10,2012-11-08,General,BRAD SCHNEIDER,ROBERT J DOLD,,133890,130564,0,264454,50.62884282332655,49.37115717667345,1.2576856466531041,D,True,True,True,2,1,1,0,D_vs_R,False,False,False,True,,"MIT Election Data and Science Lab, U.S. House 1976-2024",doi:10.7910/DVN/IG0UN2,2026-07-15
2012,House,IL-11,IL-11,IL,11,2012-11-08,General,BILL FOSTER,JUDY BIGGERT,,148928,105348,19,254295,58.56505239977192,41.42747596295641,17.13757643681551,D,True,True,True,2,1,1,0,D_vs_R,False,False,False,True,,"MIT Election Data and Science Lab, U.S. House 1976-2024",doi:10.7910/DVN/IG0UN2,2026-07-15
2012,House,IL-12,IL-12,IL,12,2012-11-08,General,WILLIAM L ENYART,JASON PLUMMER,PAULA BRADSHAW,157000,129902,17047,303949,51.65340238000454,42.738090929728344,8.915311450276198,D,True,True,True,3,1,1,1,D_vs_R,False,False,False,True,,"MIT Election Data and Science Lab, U.S. House 1976-2024",doi:10.7910/DVN/IG0UN2,2026-07-15
2012,House,IL-13,IL-13,IL,13,2012-11-08,General,DAVID M GILL,RODNEY DAVIS,JOHN HARTMAN,136032,137034,21319,294385,46.20887613159638,46.54924673471814,-0.3403706031217623,R,True,True,True,3,1,1,1,D_vs_R,False,False,False,True,,"MIT Election Data and Science Lab, U.S. House 1976-2024",doi:10.7910/DVN/IG0UN2,2026-07-15
2012,House,IL-14,IL-14,IL,14,2012-11-08,General,DENNIS ANDERSON,RANDY HULTGREN,,124351,177603,0,301954,41.182100584857295,58.817899415142705,-17.635798830285406,R,True,True,True,2,1,1,0,D_vs_R,False,False,False,True,,"MIT Election Data and Science Lab, U.S. House 1976-2024",doi:10.7910/DVN/IG0UN2,2026-07-15
2012,House,IL-15,IL-15,IL,15,2012-11-08,General,ANGELA MICHAEL,JOHN SHIMKUS,,94162,205775,0,299937,31.393926057805473,68.60607394219453,-37.212147884389054,R,True,True,True,2,1,1,0,D_vs_R,False,False,False,True,,"MIT Election Data and Science Lab, U.S. House 1976-2024",doi:10.7910/DVN/IG0UN2,2026-07-15
2012,House,IL-16,IL-16,IL,16,2012-11-08,General,WANDA ROHL,ADAM KINZINGER,,112301,181789,0,294090,38.18592947737087,61.81407052262913,-23.628141045258253,R,True,True,True,2,1,1,0,D_vs_R,False,False,False,True,,"MIT Election Data and Science Lab, U.S. House 1976-2024",doi:10.7910/DVN/IG0UN2,2026-07-15
2012,House,IL-17,IL-17,IL,17,2012-11-08,General,CHERI BUSTOS,ROBERT T SCHILLING,,153519,134623,19,288161,53.275425890387666,46.71798057336003,6.557445317027634,D,True,True,True,2,1,1,0,D_vs_R,False,False,False,True,,"MIT Election Data and Science Lab, U.S. House 1976-2024",doi:10.7910/DVN/IG0UN2,2026-07-15
2012,House,IL-18,IL-18,IL,18,2012-11-08,General,STEVE WATERWORTH,AARON SCHOCK,,85164,244467,0,329631,25.83616225415692,74.16383774584308,-48.32767549168616,R,True,True,True,2,1,1,0,D_vs_R,False,False,False,True,,"MIT Election Data and Science Lab, U.S. House 1976-2024",doi:10.7910/DVN/IG0UN2,2026-07-15
2012,House,IN-1,IN-1,IN,1,2012-11-08,General,PETER J VISCLOSKY,JOEL PHELPS,,187743,91291,0,279034,67.28319846326971,32.716801536730294,34.56639692653942,D,True,True,True,2,1,1,0,D_vs_R,False,False,False,True,,"MIT Election Data and Science Lab, U.S. House 1976-2024",doi:10.7910/DVN/IG0UN2,2026-07-15
2012,House,IN-2,IN-2,IN,2,2012-11-08,General,BRENDAN MULLEN,JACKIE WALORSKI,JOSEPH WAYNE RUIZ,130113,134033,9329,273475,47.577657921199375,49.01106134015907,-1.4334034189596856,R,True,True,True,3,1,1,1,D_vs_R,False,False,False,True,,"MIT Election Data and Science Lab, U.S. House 1976-2024",doi:10.7910/DVN/IG0UN2,2026-07-15
2012,House,IN-3,IN-3,IN,3,2012-11-08,General,KEVIN R BOYD,MARLIN A STUTZMAN,,92363,187872,0,280235,32.95912359269899,67.04087640730101,-34.081752814602034,R,True,True,True,2,1,1,0,D_vs_R,False,False,False,True,,"MIT Election Data and Science Lab, U.S. House 1976-2024",doi:10.7910/DVN/IG0UN2,2026-07-15
2012,House,IN-4,IN-4,IN,4,2012-11-08,General,TARA E NELSON,TODD ROKITA,BENJAMIN J GEHLHAUSEN,93015,168688,10565,272268,34.16303054343514,61.95660158373367,-27.79357104029853,R,True,True,True,3,1,1,1,D_vs_R,False,False,False,True,,"MIT Election Data and Science Lab, U.S. House 1976-2024",doi:10.7910/DVN/IG0UN2,2026-07-15
2012,House,IN-5,IN-5,IN,5,2012-11-08,General,SCOTT RESKE,SUSAN BROOKS,CHARD REID,125347,194570,13442,333359,37.60120470723754,58.36650577905501,-20.76530107181747,R,True,True,True,3,1,1,1,D_vs_R,False,False,False,True,,"MIT Election Data and Science Lab, U.S. House 1976-2024",doi:10.7910/DVN/IG0UN2,2026-07-15
2012,House,IN-6,IN-6,IN,6,2012-11-08,General,BRADLEY T BOOKOUT,LUKE MESSER,REX BELL,96678,162613,15962,275253,35.12332290656233,59.077648563321745,-23.95432565675942,R,True,True,True,3,1,1,1,D_vs_R,False,False,False,True,,"MIT Election Data and Science Lab, U.S. House 1976-2024",doi:10.7910/DVN/IG0UN2,2026-07-15
2012,House,IN-7,IN-7,IN,7,2012-11-08,General,ANDRE CARSON,CARLOS A MAY,,162122,95828,0,257950,62.85016476061252,37.14983523938748,25.700329521225044,D,True,True,True,2,1,1,0,D_vs_R,False,False,False,True,,"MIT Election Data and Science Lab, U.S. House 1976-2024",doi:10.7910/DVN/IG0UN2,2026-07-15
2012,House,IN-8,IN-8,IN,8,2012-11-08,General,DAVE CROOKS,LARRY BUCSHON,BART GADAU,122325,151533,10134,283992,43.07339643370236,53.358193188540525,-10.284796754838164,R,True,True,True,3,1,1,1,D_vs_R,False,False,False,True,,"MIT Election Data and Science Lab, U.S. House 1976-2024",doi:10.7910/DVN/IG0UN2,2026-07-15
2012,House,IN-9,IN-9,IN,9,2012-11-08,General,SHELLI YODER,TODD C YOUNG,,132848,165332,0,298180,44.552954591186534,55.447045408813466,-10.894090817626937,R,True,True,True,2,1,1,0,D_vs_R,False,False,False,True,,"MIT Election Data and Science Lab, U.S. House 1976-2024",doi:10.7910/DVN/IG0UN2,2026-07-15
2012,House,KS-1,KS-1,KS,1,2012-11-08,General,,TIM HUELSKAMP,,0,211337,0,211337,0.0,100.0,-100.0,R,False,True,False,1,0,1,0,R_unopposed,True,False,True,False,Nonstandard general-election party structure: R_unopposed,"MIT Election Data and Science Lab, U.S. House 1976-2024",doi:10.7910/DVN/IG0UN2,2026-07-15
2012,House,KS-2,KS-2,KS,2,2012-11-08,General,TOBIAS SCHLINGENSIEPEN,LYNN JENKINS,DENNIS HAWVER,113735,167463,12520,293718,38.72251615495135,57.01489183502543,-18.292375680074084,R,True,True,True,3,1,1,1,D_vs_R,False,False,False,True,,"MIT Election Data and Science Lab, U.S. House 1976-2024",doi:10.7910/DVN/IG0UN2,2026-07-15
2012,House,KS-3,KS-3,KS,3,2012-11-08,General,,KEVIN YODER,JOEL BALAM,0,201087,92675,293762,0.0,68.45235258474547,-68.45235258474547,R,False,True,False,2,0,1,1,R_vs_Other,False,False,False,False,Nonstandard general-election party structure: R_vs_Other,"MIT Election Data and Science Lab, U.S. House 1976-2024",doi:10.7910/DVN/IG0UN2,2026-07-15
2012,House,KS-4,KS-4,KS,4,2012-11-08,General,ROBERT LEON TILLMAN,MIKE POMPEO,THOMAS JEFFERSON,81770,161094,16058,258922,31.580939433497345,62.217192822548874,-30.63625338905153,R,True,True,True,3,1,1,1,D_vs_R,False,False,False,True,,"MIT Election Data and Science Lab, U.S. House 1976-2024",doi:10.7910/DVN/IG0UN2,2026-07-15
2012,House,KY-1,KY-1,KY,1,2012-11-08,General,CHARLES KENDALL HATCHETT,ED WHITFIELD,,87199,199956,0,287155,30.36652678866814,69.63347321133186,-39.26694642266372,R,True,True,True,2,1,1,0,D_vs_R,False,False,False,True,,"MIT Election Data and Science Lab, U.S. House 1976-2024",doi:10.7910/DVN/IG0UN2,2026-07-15
2012,House,KY-2,KY-2,KY,2,2012-11-08,General,DAVID LYNN WILLIAMS,BRETT GUTHRIE,ANDREW R BEACHAM | CRAIG R ASTOR,89541,181508,11218,282267,31.7220929120301,64.30365575855484,-32.58156284652475,R,True,True,True,4,1,1,2,D_vs_R,False,False,False,True,,"MIT Election Data and Science Lab, U.S. House 1976-2024",doi:10.7910/DVN/IG0UN2,2026-07-15
2012,House,KY-3,KY-3,KY,3,2012-11-08,General,JOHN A YARMUTH,BROOKS WICKER,ROBERT L DEVORE JR,206385,111452,4819,322656,63.96440791431122,34.5420509768918,29.42235693741942,D,True,True,True,3,1,1,1,D_vs_R,False,False,False,True,,"MIT Election Data and Science Lab, U.S. House 1976-2024",doi:10.7910/DVN/IG0UN2,2026-07-15
2012,House,KY-4,KY-4,KY,4,2012-11-08,General,"WILLIAM R \""BILL\"" ADKINS",THOMAS MASSIE,DAVID LEWIS,104734,186036,8674,299444,34.976155808765576,62.12714230373626,-27.150986494970677,R,True,True,True,3,1,1,1,D_vs_R,False,False,False,True,,"MIT Election Data and Science Lab, U.S. House 1976-2024",doi:10.7910/DVN/IG0UN2,2026-07-15
2012,House,KY-5,KY-5,KY,5,2012-11-08,General,KENNETH S STEPP,HAROLD ROGERS,,55447,195408,0,250855,22.103207031950728,77.89679296804927,-55.793585936098545,R,True,True,True,2,1,1,0,D_vs_R,False,False,False,True,,"MIT Election Data and Science Lab, U.S. House 1976-2024",doi:10.7910/DVN/IG0UN2,2026-07-15
2012,House,KY-6,KY-6,KY,6,2012-11-08,General,BEN CHANDLER,"GARLAND \""ANDY\"" BARR",,141438,153222,8340,303000,46.67920792079208,50.56831683168317,-3.889108910891089,R,True,True,True,2,1,1,0,D_vs_R,False,False,False,True,,"MIT Election Data and Science Lab, U.S. House 1976-2024",doi:10.7910/DVN/IG0UN2,2026-07-15
2012,House,LA-1,LA-1,LA,1,2012-11-08,General,"M V \""VINNY\"" MENDOZA",STEVE SCALISE,"ARDEN WELLS | DAVID \""TURK\"" TURKNETT",61703,193496,10367,290410,21.246857890568506,66.62855962260252,-45.381701732034024,R,True,True,True,5,1,2,2,D_vs_R,False,False,False,True,,"MIT Election Data and Science Lab, U.S. House 1976-2024",doi:10.7910/DVN/IG0UN2,2026-07-15
2012,House,LA-2,LA-2,LA,2,2012-11-08,General,CEDRIC L RICHMOND,DWAYNE BAILEY,CALEB TROTTER,158501,38801,6791,287354,55.158793683052956,13.502857103085393,41.655936579967566,D,True,True,True,5,2,2,1,D_vs_R,False,False,False,True,,"MIT Election Data and Science Lab, U.S. House 1976-2024",doi:10.7910/DVN/IG0UN2,2026-07-15
2012,House,LA-3,LA-3,LA,3,2012-11-08,General,"\""RON\"" RICHARD",CHARLES W BOUSTANY JR,"\""JIM\"" STARK",67070,139123,3765,311393,21.538698686226088,44.677626022421826,-23.13892733619574,R,True,True,True,5,1,3,1,D_vs_R,False,False,False,True,,"MIT Election Data and Science Lab, U.S. House 1976-2024",doi:10.7910/DVN/IG0UN2,2026-07-15
2012,House,LA-4,LA-4,LA,4,2012-11-08,General,,JOHN FLEMING,RANDALL LORD,0,187894,61637,249531,0.0,75.29886066260305,-75.29886066260305,R,False,True,False,2,0,1,1,R_vs_Other,False,False,False,False,Nonstandard general-election party structure: R_vs_Other,"MIT Election Data and Science Lab, U.S. House 1976-2024",doi:10.7910/DVN/IG0UN2,2026-07-15
2012,House,LA-5,LA-5,LA,5,2012-11-08,General,,RODNEY ALEXANDER,"\""RON\"" CEASAR | CLAY STEVEN GRANT",0,202536,57680,260216,0.0,77.8337996126295,-77.8337996126295,R,False,True,False,3,0,1,2,R_vs_Other,False,False,False,False,Nonstandard general-election party structure: R_vs_Other,"MIT Election Data and Science Lab, U.S. House 1976-2024",doi:10.7910/DVN/IG0UN2,2026-07-15
2012,House,LA-6,LA-6,LA,6,2012-11-08,General,,BILL CASSIDY,"RICHARD \""RPT\"" TORREGANO | RUFUS HOLT CRAIG JR",0,243553,63160,306713,0.0,79.40745909042003,-79.40745909042003,R,False,True,False,3,0,1,2,R_vs_Other,False,False,False,False,Nonstandard general-election party structure: R_vs_Other,"MIT Election Data and Science Lab, U.S. House 1976-2024",doi:10.7910/DVN/IG0UN2,2026-07-15
2012,House,MA-1,MA-1,MA,1,2012-11-08,General,RICHARD E NEAL,,BLANK VOTE/SCATTERING | OTHER,261936,0,74619,336555,77.82858670945313,0.0,77.82858670945313,D,True,False,False,3,1,0,2,D_vs_Other,False,False,False,False,Nonstandard general-election party structure: D_vs_Other,"MIT Election Data and Science Lab, U.S. House 1976-2024",doi:10.7910/DVN/IG0UN2,2026-07-15
2012,House,MA-2,MA-2,MA,2,2012-11-08,General,JAMES P MCGOVERN,,BLANK VOTE/SCATTERING | OTHER,259257,0,83479,342736,75.64335231781897,0.0,75.64335231781897,D,True,False,False,3,1,0,2,D_vs_Other,False,False,False,False,Nonstandard general-election party structure: D_vs_Other,"MIT Election Data and Science Lab, U.S. House 1976-2024",doi:10.7910/DVN/IG0UN2,2026-07-15
2012,House,MA-3,MA-3,MA,3,2012-11-08,General,NIKI TSONGAS,JONATHAN A GOLNIK,BLANK VOTE/SCATTERING | OTHER,212119,109372,13620,335111,63.29813106701958,32.63754397796551,30.660587089054076,D,True,True,True,4,1,1,2,D_vs_R,False,False,False,True,,"MIT Election Data and Science Lab, U.S. House 1976-2024",doi:10.7910/DVN/IG0UN2,2026-07-15
2012,House,MA-4,MA-4,MA,4,2012-11-08,General,JOSEPH P KENNEDY III,SEAN BIELAT,BLANK VOTE/SCATTERING | DAVID A ROSA | OTHER,221303,129936,21875,373114,59.3124353414774,34.82474525212134,24.487690089356068,D,True,True,True,5,1,1,3,D_vs_R,False,False,False,True,,"MIT Election Data and Science Lab, U.S. House 1976-2024",doi:10.7910/DVN/IG0UN2,2026-07-15
2012,House,MA-5,MA-5,MA,5,2012-11-08,General,EDWARD J MARKEY,TOM TIERNEY,BLANK VOTE/SCATTERING | OTHER,257490,82944,23767,364201,70.69997062061883,22.774237303027725,47.92573331759111,D,True,True,True,4,1,1,2,D_vs_R,False,False,False,True,,"MIT Election Data and Science Lab, U.S. House 1976-2024",doi:10.7910/DVN/IG0UN2,2026-07-15
2012,House,MA-6,MA-6,MA,6,2012-11-08,General,JOHN F TIERNEY,RICHARD R TISEI,BLANK VOTE/SCATTERING | DANIEL FISHMAN | OTHER,180942,176612,32298,389852,46.41299775299344,45.3023198547141,1.110677898279347,D,True,True,True,5,1,1,3,D_vs_R,False,False,False,True,,"MIT Election Data and Science Lab, U.S. House 1976-2024",doi:10.7910/DVN/IG0UN2,2026-07-15
2012,House,MA-7,MA-7,MA,7,2012-11-08,General,MICHAEL E CAPUANO,,BLANK VOTE/SCATTERING | KARLA ROMERO | OTHER,210794,0,74340,285134,73.92804786521425,0.0,73.92804786521425,D,True,False,False,4,1,0,3,D_vs_Other,False,False,False,False,Nonstandard general-election party structure: D_vs_Other,"MIT Election Data and Science Lab, U.S. House 1976-2024",doi:10.7910/DVN/IG0UN2,2026-07-15
2012,House,MA-8,MA-8,MA,8,2012-11-08,General,STEPHEN F LYNCH,JOE SELVAGGI,BLANK VOTE/SCATTERING | OTHER,263999,82242,25453,371694,71.0258976469892,22.126265153594087,48.8996324933951,D,True,True,True,4,1,1,2,D_vs_R,False,False,False,True,,"MIT Election Data and Science Lab, U.S. House 1976-2024",doi:10.7910/DVN/IG0UN2,2026-07-15
2012,House,MA-9,MA-9,MA,9,2012-11-08,General,WILLIAM R KEATING,CHRISTOPHER SHELDON,BLANK VOTE/SCATTERING | DANIEL S BOTELHO | OTHER,212754,116531,56514,385799,55.14633267582342,30.205106804320383,24.941225871503036,D,True,True,True,5,1,1,3,D_vs_R,False,False,False,True,,"MIT Election Data and Science Lab, U.S. House 1976-2024",doi:10.7910/DVN/IG0UN2,2026-07-15
2012,House,MD-1,MD-1,MD,1,2012-11-08,General,WENDY ROSEN,ANDY HARRIS,MUIR WAYNE BODA,92812,214204,15886,337760,27.478683088583608,63.41899573661772,-35.94031264803411,R,True,True,True,3,1,1,1,D_vs_R,False,False,False,True,,"MIT Election Data and Science Lab, U.S. House 1976-2024",doi:10.7910/DVN/IG0UN2,2026-07-15
2012,House,MD-2,MD-2,MD,2,2012-11-08,General,C A DUTCH RUPPERSBERGER,NANCY C JACOBS,LEO WAYNE DYMOWSKI,194088,92071,9781,295940,65.58356423599378,31.111373927147394,34.472190308846386,D,True,True,True,3,1,1,1,D_vs_R,False,False,False,True,,"MIT Election Data and Science Lab, U.S. House 1976-2024",doi:10.7910/DVN/IG0UN2,2026-07-15
2012,House,MD-3,MD-3,MD,3,2012-11-08,General,JOHN P SARBANES,ERIC DELANO KNOWLES,PAUL W DRGOS JR,213747,94549,11563,319859,66.82538243413504,29.559587193106964,37.26579524102808,D,True,True,True,3,1,1,1,D_vs_R,False,False,False,True,,"MIT Election Data and Science Lab, U.S. House 1976-2024",doi:10.7910/DVN/IG0UN2,2026-07-15
2012,House,MD-4,MD-4,MD,4,2012-11-08,General,DONNA F EDWARDS,FAITH M LOUDON,SCOTT SOFFEN,240385,64560,6567,311512,77.16717173014202,20.724723285138293,56.44244844500373,D,True,True,True,3,1,1,1,D_vs_R,False,False,False,True,,"MIT Election Data and Science Lab, U.S. House 1976-2024",doi:10.7910/DVN/IG0UN2,2026-07-15
2012,House,MD-5,MD-5,MD,5,2012-11-08,General,STENY H HOYER,TONY O'DONNELL,ARVIN VOHRA | BOB AUERBACH,238618,95271,9931,343820,69.40201268105405,27.709557326508058,41.692455354545984,D,True,True,True,4,1,1,2,D_vs_R,False,False,False,True,,"MIT Election Data and Science Lab, U.S. House 1976-2024",doi:10.7910/DVN/IG0UN2,2026-07-15
2012,House,MD-6,MD-6,MD,6,2012-11-08,General,JOHN DELANEY,ROSCOE G BARTLETT,NICKOLAUS MUELLER,181921,117313,10315,309549,58.769693974136565,37.89803875961479,20.871655214521773,D,True,True,True,3,1,1,1,D_vs_R,False,False,False,True,,"MIT Election Data and Science Lab, U.S. House 1976-2024",doi:10.7910/DVN/IG0UN2,2026-07-15
2012,House,MD-7,MD-7,MD,7,2012-11-08,General,ELIJAH E CUMMINGS,FRANK C MIRABILE,RONALD M OWENS-BEY,247770,67405,8643,323818,76.51520298439247,20.815705118307196,55.69949786608527,D,True,True,True,3,1,1,1,D_vs_R,False,False,False,True,,"MIT Election Data and Science Lab, U.S. House 1976-2024",doi:10.7910/DVN/IG0UN2,2026-07-15
2012,House,MD-8,MD-8,MD,8,2012-11-08,General,CHRIS VAN HOLLEN,KEN TIMMERMAN,GEORGE GLUCK | MARK GRANNIS,217531,113033,12692,343256,63.37281795511222,32.929650173631345,30.443167781480877,D,True,True,True,4,1,1,2,D_vs_R,False,False,False,True,,"MIT Election Data and Science Lab, U.S. House 1976-2024",doi:10.7910/DVN/IG0UN2,2026-07-15
2012,House,ME-1,ME-1,ME,1,2012-11-08,General,CHELLIE PINGREE,JONATHAN T E COURTNEY,BLANK VOTE,236363,128440,15912,380715,62.083973576034566,33.73652207031507,28.3474515057195,D,True,True,True,3,1,1,1,D_vs_R,False,False,False,True,,"MIT Election Data and Science Lab, U.S. House 1976-2024",doi:10.7910/DVN/IG0UN2,2026-07-15
2012,House,ME-2,ME-2,ME,2,2012-11-08,General,MICHAEL H MICHAUD,KEVIN L RAYE,BLANK VOTE,191456,137542,14910,343908,55.67070262977308,39.993835560673205,15.676867069099876,D,True,True,True,3,1,1,1,D_vs_R,False,False,False,True,,"MIT Election Data and Science Lab, U.S. House 1976-2024",doi:10.7910/DVN/IG0UN2,2026-07-15
2012,House,MI-1,MI-1,MI,1,2012-11-08,General,GARY MCDOWELL,DAN BENISHEK,ELLIS BOAL | EMILY SALVETTE,165179,167060,14798,347037,47.596942112800654,48.13895924642041,-0.5420171336197581,R,True,True,True,4,1,1,2,D_vs_R,False,False,False,True,,"MIT Election Data and Science Lab, U.S. House 1976-2024",doi:10.7910/DVN/IG0UN2,2026-07-15
2012,House,MI-2,MI-2,MI,2,2012-11-08,General,WILLIE GERMAN JR,BILL HUIZENGA,MARY BUZUMA | RONALD E GRAESER | WILLIAM J OPALICKY,108973,194653,14641,318267,34.23949074204992,61.1602836612027,-26.920792919152788,R,True,True,True,5,1,1,3,D_vs_R,False,False,False,True,,"MIT Election Data and Science Lab, U.S. House 1976-2024",doi:10.7910/DVN/IG0UN2,2026-07-15
2012,House,MI-3,MI-3,MI,3,2012-11-08,General,STEVE PESTKA,JUSTIN AMASH,BILL GELINEAU,144108,171675,10500,326283,44.1665670598836,52.61536764097425,-8.448800581090648,R,True,True,True,3,1,1,1,D_vs_R,False,False,False,True,,"MIT Election Data and Science Lab, U.S. House 1976-2024",doi:10.7910/DVN/IG0UN2,2026-07-15
2012,House,MI-4,MI-4,MI,4,2012-11-08,General,DEBRA FREIDELL WIRTH,DAVE CAMP,GEORGE M ZIMMER | JOHN GELINEAU | PAT TIMMONS,104996,197386,10567,312949,33.550514620593134,63.07289686178898,-29.52238224119585,R,True,True,True,5,1,1,3,D_vs_R,False,False,False,True,,"MIT Election Data and Science Lab, U.S. House 1976-2024",doi:10.7910/DVN/IG0UN2,2026-07-15
2012,House,MI-5,MI-5,MI,5,2012-11-08,General,DANIEL T KILDEE,JIM SLEZAK,DAVID DAVENPORT | GREGORY CRESWELL,214531,103931,11684,330146,64.98064492678996,31.480314769829107,33.50033015696086,D,True,True,True,4,1,1,2,D_vs_R,False,False,False,True,,"MIT Election Data and Science Lab, U.S. House 1976-2024",doi:10.7910/DVN/IG0UN2,2026-07-15
2012,House,MI-6,MI-6,MI,6,2012-11-08,General,MIKE O'BRIEN,FRED UPTON,CHRISTIE GELINEAU | JASON GATTIES,136563,174955,8957,320475,42.61268429674702,54.5924019034246,-11.979717606677587,R,True,True,True,4,1,1,2,D_vs_R,False,False,False,True,,"MIT Election Data and Science Lab, U.S. House 1976-2024",doi:10.7910/DVN/IG0UN2,2026-07-15
2012,House,MI-7,MI-7,MI,7,2012-11-08,General,KURT RICHARD HASKELL,TIM WALBERG,KEN PROCTOR | RICHARD E WUNSCH,136849,169668,11552,318069,43.02494112912607,53.34314252567839,-10.31820139655232,R,True,True,True,4,1,1,2,D_vs_R,False,False,False,True,,"MIT Election Data and Science Lab, U.S. House 1976-2024",doi:10.7910/DVN/IG0UN2,2026-07-15
2012,House,MI-8,MI-8,MI,8,2012-11-08,General,LANCE ENDERLE,MIKE ROGERS,DANIEL GOEBEL | PRESTON BROOKS,128657,202217,14180,345054,37.286047980895745,58.604450317921255,-21.31840233702551,R,True,True,True,4,1,1,2,D_vs_R,False,False,False,True,,"MIT Election Data and Science Lab, U.S. House 1976-2024",doi:10.7910/DVN/IG0UN2,2026-07-15
2012,House,MI-9,MI-9,MI,9,2012-11-08,General,SANDER M LEVIN,DON VOLARIC,JIM FULNER | JULIA WILLIAMS | LES TOWNSEND,208846,114760,13710,337316,61.91405091961247,34.02151098673054,27.892539932881927,D,True,True,True,5,1,1,3,D_vs_R,False,False,False,True,,"MIT Election Data and Science Lab, U.S. House 1976-2024",doi:10.7910/DVN/IG0UN2,2026-07-15
2012,House,MI-10,MI-10,MI,10,2012-11-08,General,CHUCK STADLER,CANDICE S MILLER,BHAGWAN DASHAIRYA,97734,226075,4803,328612,29.74145801127165,68.79693985612211,-39.05548184485046,R,True,True,True,3,1,1,1,D_vs_R,False,False,False,True,,"MIT Election Data and Science Lab, U.S. House 1976-2024",doi:10.7910/DVN/IG0UN2,2026-07-15
2012,House,MI-11,MI-11,MI,11,2012-11-08,General,SYED TAJ,KERRY BENTIVOLIO,DANIEL JOHNSON | JOHN J TATAR | STEVEN PAUL DUKE,158879,181788,17472,358139,44.36238443732741,50.75906282197694,-6.396678384649536,R,True,True,True,5,1,1,3,D_vs_R,False,False,False,True,,"MIT Election Data and Science Lab, U.S. House 1976-2024",doi:10.7910/DVN/IG0UN2,2026-07-15
2012,House,MI-12,MI-12,MI,12,2012-11-08,General,JOHN D DINGELL,CYNTHIA KALLGREN,RICHARD J SECULA,216884,92472,9867,319223,67.94121977426438,28.967837530503754,38.97338224376063,D,True,True,True,3,1,1,1,D_vs_R,False,False,False,True,,"MIT Election Data and Science Lab, U.S. House 1976-2024",doi:10.7910/DVN/IG0UN2,2026-07-15
2012,House,MI-13,MI-13,MI,13,2012-11-08,General,JOHN CONYERS JR,HARRY T SAWICKI,CHRIS SHARER | MARTIN GRAY,235336,38769,10165,284270,82.78608365286523,13.638090547718718,69.14799310514651,D,True,True,True,4,1,1,2,D_vs_R,False,False,False,True,,"MIT Election Data and Science Lab, U.S. House 1976-2024",doi:10.7910/DVN/IG0UN2,2026-07-15
2012,House,MI-14,MI-14,MI,14,2012-11-08,General,GARY C PETERS,JOHN HAULER,DOUGLAS CAMPBELL | LEONARD SCHWARTZ,270450,51395,6947,328792,82.25565098907516,15.631463052629018,66.62418793644615,D,True,True,True,4,1,1,2,D_vs_R,False,False,False,True,,"MIT Election Data and Science Lab, U.S. House 1976-2024",doi:10.7910/DVN/IG0UN2,2026-07-15
2012,House,MN-1,MN-1,MN,1,2012-11-08,General,TIMOTHY J WALZ,ALLEN QUIST,,193211,142164,505,335880,57.5238180302489,42.32583065380493,15.197987376443969,D,True,True,True,2,1,1,0,D_vs_R,False,False,False,True,,"MIT Election Data and Science Lab, U.S. House 1976-2024",doi:10.7910/DVN/IG0UN2,2026-07-15
2012,House,MN-2,MN-2,MN,2,2012-11-08,General,MIKE OBERMUELLER,JOHN KLINE,,164338,193587,521,358446,45.84735218136065,54.00729817043572,-8.159945989075062,R,True,True,True,2,1,1,0,D_vs_R,False,False,False,True,,"MIT Election Data and Science Lab, U.S. House 1976-2024",doi:10.7910/DVN/IG0UN2,2026-07-15
2012,House,MN-3,MN-3,MN,3,2012-11-08,General,BRIAN BARNES,ERIK PAULSEN,,159937,222335,433,382705,41.791196874877514,58.095661148926716,-16.304464274049202,R,True,True,True,2,1,1,0,D_vs_R,False,False,False,True,,"MIT Election Data and Science Lab, U.S. House 1976-2024",doi:10.7910/DVN/IG0UN2,2026-07-15
2012,House,MN-4,MN-4,MN,4,2012-11-08,General,BETTY MCCOLLUM,TONY HERNANDEZ,STEVE CARLSON,216685,109659,21647,347991,62.2674149618812,31.512021862634377,30.75539309924682,D,True,True,True,3,1,1,1,D_vs_R,False,False,False,True,,"MIT Election Data and Science Lab, U.S. House 1976-2024",doi:10.7910/DVN/IG0UN2,2026-07-15
2012,House,MN-5,MN-5,MN,5,2012-11-08,General,KEITH ELLISON,CHRIS FIELDS,,262102,88753,1114,351969,74.46735365898701,25.216141194252902,49.25121246473411,D,True,True,True,2,1,1,0,D_vs_R,False,False,False,True,,"MIT Election Data and Science Lab, U.S. House 1976-2024",doi:10.7910/DVN/IG0UN2,2026-07-15
2012,House,MN-6,MN-6,MN,6,2012-11-08,General,JIM GRAVES,MICHELE BACHMANN,,174944,179240,969,355153,49.25877016384488,50.468389679940756,-1.2096195160958798,R,True,True,True,2,1,1,0,D_vs_R,False,False,False,True,,"MIT Election Data and Science Lab, U.S. House 1976-2024",doi:10.7910/DVN/IG0UN2,2026-07-15
2012,House,MN-7,MN-7,MN,7,2012-11-08,General,COLLIN C PETERSON,LEE BYBERG,ADAM STEELE,197791,114151,15634,327576,60.380186582655625,34.84718050162405,25.533006081031576,D,True,True,True,3,1,1,1,D_vs_R,False,False,False,True,,"MIT Election Data and Science Lab, U.S. House 1976-2024",doi:10.7910/DVN/IG0UN2,2026-07-15
2012,House,MN-8,MN-8,MN,8,2012-11-08,General,RICHARD NOLAN,CHIP CRAVAACK,,191976,160520,1167,353663,54.2821838869206,45.38784096724848,8.894342919672118,D,True,True,True,2,1,1,0,D_vs_R,False,False,False,True,,"MIT Election Data and Science Lab, U.S. House 1976-2024",doi:10.7910/DVN/IG0UN2,2026-07-15
2012,House,MO-1,MO-1,MO,1,2012-11-08,General,WM LACY CLAY,ROBYN HAMLIN,ROBB E CUNNINGHAM,267927,60832,11824,340583,78.66716776820921,17.86113810730424,60.806029660904976,D,True,True,True,3,1,1,1,D_vs_R,False,False,False,True,,"MIT Election Data and Science Lab, U.S. House 1976-2024",doi:10.7910/DVN/IG0UN2,2026-07-15
2012,House,MO-2,MO-2,MO,2,2012-11-08,General,GLENN KOENEN,ANN WAGNER,ANATOL ZORIKOVA | BILL SLANTZ,146272,236971,11205,394448,37.082707986857585,60.07661339390744,-22.99390540704985,R,True,True,True,4,1,1,2,D_vs_R,False,False,False,True,,"MIT Election Data and Science Lab, U.S. House 1976-2024",doi:10.7910/DVN/IG0UN2,2026-07-15
2012,House,MO-3,MO-3,MO,3,2012-11-08,General,ERIC C MAYER,BLAINE LUETKEMEYER,STEVEN WILSON,111189,214843,12353,338385,32.858726007358484,63.49069846476647,-30.631972457407983,R,True,True,True,3,1,1,1,D_vs_R,False,False,False,True,,"MIT Election Data and Science Lab, U.S. House 1976-2024",doi:10.7910/DVN/IG0UN2,2026-07-15
2012,House,MO-4,MO-4,MO,4,2012-11-08,General,TERESA HENSLEY,VICKY HARTZLER,GREG COWAN | THOMAS HOLBROOK,113120,192237,13366,318723,35.49163380113767,60.314756073455634,-24.82312227231797,R,True,True,True,4,1,1,2,D_vs_R,False,False,False,True,,"MIT Election Data and Science Lab, U.S. House 1976-2024",doi:10.7910/DVN/IG0UN2,2026-07-15
2012,House,MO-5,MO-5,MO,5,2012-11-08,General,EMANUEL CLEAVER,JACOB TURK,"RANDALL \""RANDY\"" LANGKRAEHR",200290,122149,8503,330942,60.521178937699055,36.909488671731,23.611690265968054,D,True,True,True,3,1,1,1,D_vs_R,False,False,False,True,,"MIT Election Data and Science Lab, U.S. House 1976-2024",doi:10.7910/DVN/IG0UN2,2026-07-15
2012,House,MO-6,MO-6,MO,6,2012-11-08,General,KYLE YARBER,SAM GRAVES,RUSS LEE MONCHIL,108503,216906,8279,333688,32.51630265397617,65.00263719402555,-32.486334540049384,R,True,True,True,3,1,1,1,D_vs_R,False,False,False,True,,"MIT Election Data and Science Lab, U.S. House 1976-2024",doi:10.7910/DVN/IG0UN2,2026-07-15
2012,House,MO-7,MO-7,MO,7,2012-11-08,General,JIM EVANS,BILLY LONG,KEVIN CRAIG,98498,203565,16677,318740,30.90230281734329,63.865533036330554,-32.96323021898726,R,True,True,True,3,1,1,1,D_vs_R,False,False,False,True,,"MIT Election Data and Science Lab, U.S. House 1976-2024",doi:10.7910/DVN/IG0UN2,2026-07-15
2012,House,MO-8,MO-8,MO,8,2012-11-08,General,JACK RUSHIN,JO ANN EMERSON,RICK VANDEVEN,73755,216083,10553,300391,24.552999257634216,71.93391280031692,-47.380913542682705,R,True,True,True,3,1,1,1,D_vs_R,False,False,False,True,,"MIT Election Data and Science Lab, U.S. House 1976-2024",doi:10.7910/DVN/IG0UN2,2026-07-15
2012,House,MS-1,MS-1,MS,1,2012-11-08,General,BRAD MORRIS,ALAN NUNNELEE,CHRIS POTTS | DANNY BEDWELL | JIM R BOURLAND,114076,186760,8341,309177,36.896664370247464,60.405528224932645,-23.50886385468518,R,True,True,True,5,1,1,3,D_vs_R,False,False,False,True,,"MIT Election Data and Science Lab, U.S. House 1976-2024",doi:10.7910/DVN/IG0UN2,2026-07-15
2012,House,MS-2,MS-2,MS,2,2012-11-08,General,BENNIE G THOMPSON,BILL MARCY,COBBY MONDALE WILLIAMS | LAJENA WILLIAMS,214978,99160,6106,320244,67.12943880291277,30.96389003384919,36.16554876906359,D,True,True,True,4,1,1,2,D_vs_R,False,False,False,True,,"MIT Election Data and Science Lab, U.S. House 1976-2024",doi:10.7910/DVN/IG0UN2,2026-07-15
2012,House,MS-3,MS-3,MS,3,2012-11-08,General,,GREGG HARPER,"JOHN \""LUKE\"" PANNELL",0,234717,58605,293322,0.0,80.0202507824166,-80.0202507824166,R,False,True,False,2,0,1,1,R_vs_Other,False,False,False,False,Nonstandard general-election party structure: R_vs_Other,"MIT Election Data and Science Lab, U.S. House 1976-2024",doi:10.7910/DVN/IG0UN2,2026-07-15
2012,House,MS-4,MS-4,MS,4,2012-11-08,General,MATT MOORE,STEVEN M PALAZZO,ROBERT W CLAUNCH | RON WILLIAMS,82344,182998,20090,285432,28.84890271588329,64.11264329157207,-35.26374057568878,R,True,True,True,4,1,1,2,D_vs_R,False,False,False,True,,"MIT Election Data and Science Lab, U.S. House 1976-2024",doi:10.7910/DVN/IG0UN2,2026-07-15
2012,House,MT-AL,MT-AL,MT,AL,2012-11-08,General,KIM GILLAN,STEVE DAINES,DAVID KAISER,204939,255468,19333,479740,42.718764330679114,53.25134447825906,-10.532580147579939,R,True,True,True,3,1,1,1,D_vs_R,False,False,False,True,,"MIT Election Data and Science Lab, U.S. House 1976-2024",doi:10.7910/DVN/IG0UN2,2026-07-15
2012,House,NC-1,NC-1,NC,1,2012-11-08,General,G K BUTTERFIELD,PETE DILAURO,DARRYL HOLLOMAN,254644,77288,6134,338066,75.32375334993759,22.861808049315815,52.46194530062177,D,True,True,True,3,1,1,1,D_vs_R,False,False,False,True,,"MIT Election Data and Science Lab, U.S. House 1976-2024",doi:10.7910/DVN/IG0UN2,2026-07-15
2012,House,NC-2,NC-2,NC,2,2012-11-08,General,STEVE WILKINS,RENEE L ELLMERS,BRIAN IRVING,128973,174066,8358,311397,41.41754737521556,55.89841905991387,-14.480871684698311,R,True,True,True,3,1,1,1,D_vs_R,False,False,False,True,,"MIT Election Data and Science Lab, U.S. House 1976-2024",doi:10.7910/DVN/IG0UN2,2026-07-15
2012,House,NC-3,NC-3,NC,3,2012-11-08,General,ERIK ANDERSON,WALTER B JONES,,114314,195571,0,309885,36.88916856253126,63.11083143746874,-26.221662874937476,R,True,True,True,2,1,1,0,D_vs_R,False,False,False,True,,"MIT Election Data and Science Lab, U.S. House 1976-2024",doi:10.7910/DVN/IG0UN2,2026-07-15
2012,House,NC-4,NC-4,NC,4,2012-11-08,General,DAVID E PRICE,TIM D'ANNUNZIO,,259534,88951,0,348485,74.47494153263412,25.525058467365884,48.94988306526823,D,True,True,True,2,1,1,0,D_vs_R,False,False,False,True,,"MIT Election Data and Science Lab, U.S. House 1976-2024",doi:10.7910/DVN/IG0UN2,2026-07-15
2012,House,NC-5,NC-5,NC,5,2012-11-08,General,ELISABETH MOTSINGER,VIRGINIA FOXX,,148252,200945,0,349197,42.45511845748961,57.54488154251039,-15.089763085020776,R,True,True,True,2,1,1,0,D_vs_R,False,False,False,True,,"MIT Election Data and Science Lab, U.S. House 1976-2024",doi:10.7910/DVN/IG0UN2,2026-07-15
2012,House,NC-6,NC-6,NC,6,2012-11-08,General,TONY FORIEST,HOWARD COBLE,,142467,222116,0,364583,39.07669858441013,60.92330141558987,-21.84660283117973,R,True,True,True,2,1,1,0,D_vs_R,False,False,False,True,,"MIT Election Data and Science Lab, U.S. House 1976-2024",doi:10.7910/DVN/IG0UN2,2026-07-15
2012,House,NC-7,NC-7,NC,7,2012-11-08,General,MIKE MCINTYRE,DAVID ROUZER,,168695,168041,0,336736,50.09710871424499,49.90289128575501,0.19421742848997434,D,True,True,True,2,1,1,0,D_vs_R,False,False,False,True,,"MIT Election Data and Science Lab, U.S. House 1976-2024",doi:10.7910/DVN/IG0UN2,2026-07-15
2012,House,NC-8,NC-8,NC,8,2012-11-08,General,LARRY KISSELL,RICHARD HUDSON,,137139,160695,4446,302280,45.36820166732831,53.160976578007144,-7.79277491067884,R,True,True,True,2,1,1,0,D_vs_R,False,False,False,True,,"MIT Election Data and Science Lab, U.S. House 1976-2024",doi:10.7910/DVN/IG0UN2,2026-07-15
2012,House,NC-9,NC-9,NC,9,2012-11-08,General,JENNIFER ROBERTS,ROBERT PITTENGER,CURTIS CAMPBELL,171503,194537,9650,375690,45.6501370811041,51.78125582261971,-6.131118741515611,R,True,True,True,3,1,1,1,D_vs_R,False,False,False,True,,"MIT Election Data and Science Lab, U.S. House 1976-2024",doi:10.7910/DVN/IG0UN2,2026-07-15
2012,House,NC-10,NC-10,NC,10,2012-11-08,General,PATSY KEEVER,PATRICK T MCHENRY,,144023,190826,0,334849,43.011327493885304,56.988672506114696,-13.977345012229392,R,True,True,True,2,1,1,0,D_vs_R,False,False,False,True,,"MIT Election Data and Science Lab, U.S. House 1976-2024",doi:10.7910/DVN/IG0UN2,2026-07-15
2012,House,NC-11,NC-11,NC,11,2012-11-08,General,HAYDEN ROGERS,MARK MEADOWS,,141107,190319,0,331426,42.575718259883054,57.424281740116946,-14.848563480233897,R,True,True,True,2,1,1,0,D_vs_R,False,False,False,True,,"MIT Election Data and Science Lab, U.S. House 1976-2024",doi:10.7910/DVN/IG0UN2,2026-07-15
2012,House,NC-12,NC-12,NC,12,2012-11-08,General,MELVIN L WATT,JACK BROSCH,,247591,63317,0,310908,79.63481158413421,20.365188415865788,59.269623168268424,D,True,True,True,2,1,1,0,D_vs_R,False,False,False,True,,"MIT Election Data and Science Lab, U.S. House 1976-2024",doi:10.7910/DVN/IG0UN2,2026-07-15
2012,House,NC-13,NC-13,NC,13,2012-11-08,General,CHARLES MALONE,GEORGE HOLDING,,160115,210495,0,370610,43.20309759585548,56.79690240414452,-13.593804808289036,R,True,True,True,2,1,1,0,D_vs_R,False,False,False,True,,"MIT Election Data and Science Lab, U.S. House 1976-2024",doi:10.7910/DVN/IG0UN2,2026-07-15
2012,House,ND-AL,ND-AL,ND,AL,2012-11-08,General,,KEVIN CRAMER,ERIC OLSON | PAM GULLESON,0,173585,142639,316224,0.0,54.89305049585104,-54.89305049585104,R,False,True,False,3,0,1,2,R_vs_Other,False,False,False,False,Nonstandard general-election party structure: R_vs_Other,"MIT Election Data and Science Lab, U.S. House 1976-2024",doi:10.7910/DVN/IG0UN2,2026-07-15
2012,House,NE-1,NE-1,NE,1,2012-11-08,General,KOREY L REIMAN,JEFF FORTENBERRY,,81206,174889,0,256095,31.709326617075696,68.29067338292431,-36.58134676584861,R,True,True,True,2,1,1,0,D_vs_R,False,False,False,True,,"MIT Election Data and Science Lab, U.S. House 1976-2024",doi:10.7910/DVN/IG0UN2,2026-07-15
2012,House,NE-2,NE-2,NE,2,2012-11-08,General,JOHN W EWING JR,LEE TERRY,,129767,133964,0,263731,49.20430286921143,50.79569713078857,-1.5913942615771373,R,True,True,True,2,1,1,0,D_vs_R,False,False,False,True,,"MIT Election Data and Science Lab, U.S. House 1976-2024",doi:10.7910/DVN/IG0UN2,2026-07-15
2012,House,NE-3,NE-3,NE,3,2012-11-08,General,MARK SULLIVAN,ADRIAN SMITH,,65266,187423,0,252689,25.828587710584948,74.17141228941504,-48.342824578830104,R,True,True,True,2,1,1,0,D_vs_R,False,False,False,True,,"MIT Election Data and Science Lab, U.S. House 1976-2024",doi:10.7910/DVN/IG0UN2,2026-07-15
2012,House,NH-1,NH-1,NH,1,2012-11-08,General,CAROL SHEA-PORTER,FRANK C GUINTA,BRENDAN KELLY,171650,158659,14713,345022,49.750450695897655,45.98518355351253,3.7652671423851234,D,True,True,True,3,1,1,1,D_vs_R,False,False,False,True,,"MIT Election Data and Science Lab, U.S. House 1976-2024",doi:10.7910/DVN/IG0UN2,2026-07-15
2012,House,NH-2,NH-2,NH,2,2012-11-08,General,ANN MCLANE KUSTER,CHARLES F BASS,HARDY MACIA,169275,152977,15142,337394,50.171313064251294,45.34075887538012,4.830554188871171,D,True,True,True,3,1,1,1,D_vs_R,False,False,False,True,,"MIT Election Data and Science Lab, U.S. House 1976-2024",doi:10.7910/DVN/IG0UN2,2026-07-15
2012,House,NJ-1,NJ-1,NJ,1,2012-11-08,General,ROBERT E ANDREWS,GREGORY W HORTON,JOHN WILLIAM REITTER | MARGARET CHAPMAN,210470,92459,5590,308519,68.21946136218514,29.968656711580163,38.250804650604984,D,True,True,True,4,1,1,2,D_vs_R,False,False,False,True,,"MIT Election Data and Science Lab, U.S. House 1976-2024",doi:10.7910/DVN/IG0UN2,2026-07-15
2012,House,NJ-2,NJ-2,NJ,2,2012-11-08,General,CASSANDRA SHOBER,FRANK A LOBIONDO,CHARLES LUKENS | DAVID W BOWEN SR | FRANK FARALLI JR | JOHN ORDILLE,116462,166677,5930,289069,40.288650806554834,57.659935863063836,-17.371285056509,R,True,True,True,6,1,1,4,D_vs_R,False,False,False,True,,"MIT Election Data and Science Lab, U.S. House 1976-2024",doi:10.7910/DVN/IG0UN2,2026-07-15
2012,House,NJ-3,NJ-3,NJ,3,2012-11-08,General,SHELLEY ADLER,JON RUNYAN,CHRISTOPHER G DENNICK JR | FREDERICK JOHN LAVERGNE | ROBERT EDWARD FORCHION | ROBERT SHAPIRO | ROBERT WITTERSCHEIN,145506,174253,4640,324399,44.8540223613513,53.71564030715261,-8.861617945801312,R,True,True,True,7,1,1,5,D_vs_R,False,False,False,True,,"MIT Election Data and Science Lab, U.S. House 1976-2024",doi:10.7910/DVN/IG0UN2,2026-07-15
2012,House,NJ-4,NJ-4,NJ,4,2012-11-08,General,BRIAN P FROELICH,CHRISTOPHER H SMITH,LEONARD P MARSHALL,107991,195145,3111,306247,35.26271277759456,63.72144053656036,-28.458727758965804,R,True,True,True,3,1,1,1,D_vs_R,False,False,False,True,,"MIT Election Data and Science Lab, U.S. House 1976-2024",doi:10.7910/DVN/IG0UN2,2026-07-15
2012,House,NJ-5,NJ-5,NJ,5,2012-11-08,General,ADAM GUSSEN,SCOTT GARRETT,PATRICIA ALESSANDRINI,130100,167501,6770,304371,42.74388821536874,55.03185257465396,-12.287964359285214,R,True,True,True,3,1,1,1,D_vs_R,False,False,False,True,,"MIT Election Data and Science Lab, U.S. House 1976-2024",doi:10.7910/DVN/IG0UN2,2026-07-15
2012,House,NJ-6,NJ-6,NJ,6,2012-11-08,General,FRANK PALLONE JR,ANNA LITTLE,HERBERT L TARBOUS | KAREN ZALETEL | LEN FLYNN | MAC DARA LYDEN,151782,84360,3496,239638,63.338034869261136,35.20309800615929,28.134936863101846,D,True,True,True,6,1,1,4,D_vs_R,False,False,False,True,,"MIT Election Data and Science Lab, U.S. House 1976-2024",doi:10.7910/DVN/IG0UN2,2026-07-15
2012,House,NJ-7,NJ-7,NJ,7,2012-11-08,General,UPENDRA J CHIVUKULA,LEONARD LANCE,DENNIS A BREEN | PATRICK MCKNIGHT,123057,175662,8596,307315,40.04262727169191,57.16024274766933,-17.117615475977416,R,True,True,True,4,1,1,2,D_vs_R,False,False,False,True,,"MIT Election Data and Science Lab, U.S. House 1976-2024",doi:10.7910/DVN/IG0UN2,2026-07-15
2012,House,NJ-8,NJ-8,NJ,8,2012-11-08,General,ALBIO SIRES,MARIA KARCZEWSKI,HERBERT H SHAW | PABLO OLIVERA | STEPHEN DELUCA,130853,31763,5174,167790,77.98617319268133,18.93021038202515,59.055962810656176,D,True,True,True,5,1,1,3,D_vs_R,False,False,False,True,,"MIT Election Data and Science Lab, U.S. House 1976-2024",doi:10.7910/DVN/IG0UN2,2026-07-15
2012,House,NJ-9,NJ-9,NJ,9,2012-11-08,General,BILL PASCRELL JR,SHMULEY BOTEACH,E DAVID SMITH | JEANETTE WOOLSEY,162822,55091,2220,220133,73.96528462338676,25.026234140269747,48.93905048311702,D,True,True,True,4,1,1,2,D_vs_R,False,False,False,True,,"MIT Election Data and Science Lab, U.S. House 1976-2024",doi:10.7910/DVN/IG0UN2,2026-07-15
2012,House,NJ-10,NJ-10,NJ,10,2012-11-08,General,DONALD M PAYNE JR,BRIAN C KELEMEN,JOANNE MILLER | MICK ERICKSON,201435,24271,4354,230060,87.55759367121621,10.54985655915848,77.00773711205773,D,True,True,True,4,1,1,2,D_vs_R,False,False,False,True,,"MIT Election Data and Science Lab, U.S. House 1976-2024",doi:10.7910/DVN/IG0UN2,2026-07-15
2012,House,NJ-11,NJ-11,NJ,11,2012-11-08,General,JOHN ARVANITES,RODNEY P FRELINGHUYSEN,BARRY BERLIN,123897,182237,3725,309859,39.98496090157136,58.812879406439706,-18.827918504868343,R,True,True,True,3,1,1,1,D_vs_R,False,False,False,True,,"MIT Election Data and Science Lab, U.S. House 1976-2024",doi:10.7910/DVN/IG0UN2,2026-07-15
2012,House,NJ-12,NJ-12,NJ,12,2012-11-08,General,RUSH D HOLT,ERIC A BECK,JACK FREUDENHEIM | KENNETH J CODY,189926,80906,3546,274378,69.22056433095948,29.48705800027699,39.73350633068249,D,True,True,True,4,1,1,2,D_vs_R,False,False,False,True,,"MIT Election Data and Science Lab, U.S. House 1976-2024",doi:10.7910/DVN/IG0UN2,2026-07-15
2012,House,NM-1,NM-1,NM,1,2012-11-08,General,MICHELLE LUJAN GRISHAM,JANICE E ARNOLD-JONES,,162924,112473,459,275856,59.06124934748564,40.77235949190882,18.288889855576823,D,True,True,True,2,1,1,0,D_vs_R,False,False,False,True,,"MIT Election Data and Science Lab, U.S. House 1976-2024",doi:10.7910/DVN/IG0UN2,2026-07-15
2012,House,NM-2,NM-2,NM,2,2012-11-08,General,EVELYN MADRID ERHARD,STEVEN PEARCE,,92162,133180,173,225515,40.867348069973175,59.05593862935947,-18.188590559386295,R,True,True,True,2,1,1,0,D_vs_R,False,False,False,True,,"MIT Election Data and Science Lab, U.S. House 1976-2024",doi:10.7910/DVN/IG0UN2,2026-07-15
2012,House,NM-3,NM-3,NM,3,2012-11-08,General,BEN RAY LUJAN,JEFFERSON L BYRD,,167103,97616,0,264719,63.12467182181861,36.87532817818139,26.249343643637214,D,True,True,True,2,1,1,0,D_vs_R,False,False,False,True,,"MIT Election Data and Science Lab, U.S. House 1976-2024",doi:10.7910/DVN/IG0UN2,2026-07-15
2012,House,NV-1,NV-1,NV,1,2012-11-08,General,DINA TITUS,CHRIS EDWARDS,"STAN VAUGHAN | WILLIAM \""BILL\"" POJUNIS",113967,56521,8790,179278,63.569986278294046,31.52701391135555,32.0429723669385,D,True,True,True,4,1,1,2,D_vs_R,False,False,False,True,,"MIT Election Data and Science Lab, U.S. House 1976-2024",doi:10.7910/DVN/IG0UN2,2026-07-15
2012,House,NV-2,NV-2,NV,2,2012-11-08,General,SAMUEL KOEPNICK,MARK E AMODEI,MICHAEL L HAINES | RUSSELL BEST,102019,162213,17217,281449,36.24777490770975,57.63495340185966,-21.387178494149918,R,True,True,True,4,1,1,2,D_vs_R,False,False,False,True,,"MIT Election Data and Science Lab, U.S. House 1976-2024",doi:10.7910/DVN/IG0UN2,2026-07-15
2012,House,NV-3,NV-3,NV,3,2012-11-08,General,JOHN OCEGUERA,JOSEPH J HECK,JIM MURPHY | TOM JONES,116823,137244,18456,272523,42.867207538446294,50.3605200295021,-7.493312491055801,R,True,True,True,4,1,1,2,D_vs_R,False,False,False,True,,"MIT Election Data and Science Lab, U.S. House 1976-2024",doi:10.7910/DVN/IG0UN2,2026-07-15
2012,House,NV-4,NV-4,NV,4,2012-11-08,General,STEVEN A HORSFORD,DANNY TARKANIAN,FLOYD FITZGIBBONS | JOSEPH P SILVESTRI,120501,101261,18730,240492,50.10603263310214,42.10576651198377,8.000266121118374,D,True,True,True,4,1,1,2,D_vs_R,False,False,False,True,,"MIT Election Data and Science Lab, U.S. House 1976-2024",doi:10.7910/DVN/IG0UN2,2026-07-15
2012,House,NY-1,NY-1,NY,1,2012-11-08,General,TIMOTHY H BISHOP,RANDY ALTSCHULER,BLANK VOTE/VOID VOTE/SCATTERING | RANDY ALTSCHULER | RANDY ALTSCHULER | TIMOTHY H BISHOP,134205,106678,53695,294578,45.55839200483403,36.21383810060493,9.3445539042291,D,True,True,True,6,1,1,4,D_vs_R,False,False,False,True,,"MIT Election Data and Science Lab, U.S. House 1976-2024",doi:10.7910/DVN/IG0UN2,2026-07-15
2012,House,NY-2,NY-2,NY,2,2012-11-08,General,VIVIANNE C FALCONE,PETER T KING,BLANK VOTE/VOID VOTE/SCATTERING | PETER T KING | PETER T KING | VIVIANNE C FALCONE,93375,116083,62374,271832,34.3502604549869,42.70394949821949,-8.353689043232585,R,True,True,True,6,1,1,4,D_vs_R,False,False,False,True,,"MIT Election Data and Science Lab, U.S. House 1976-2024",doi:10.7910/DVN/IG0UN2,2026-07-15
2012,House,NY-3,NY-3,NY,3,2012-11-08,General,STEVE ISRAEL,STEPHEN A LABATE,ANTHONY TOLDA | BLANK VOTE/VOID VOTE/SCATTERING | MICHAEL MCDERMOTT | STEPHEN A LABATE | STEVE ISRAEL | STEVE ISRAEL,146016,98455,61803,306274,47.67495771759928,32.14605222774379,15.52890548985549,D,True,True,True,8,1,1,6,D_vs_R,False,False,False,True,,"MIT Election Data and Science Lab, U.S. House 1976-2024",doi:10.7910/DVN/IG0UN2,2026-07-15
2012,House,NY-4,NY-4,NY,4,2012-11-08,General,CAROLYN MCCARTHY,FRANCIS X BECKER,BLANK VOTE/VOID VOTE/SCATTERING | CAROLYN MCCARTHY | CAROLYN MCCARTHY | FRANCIS X BECKER | FRANK J SCATURRO,152590,84982,61912,299484,50.95096900001336,28.376140294640113,22.574828705373243,D,True,True,True,7,1,1,5,D_vs_R,False,False,False,True,,"MIT Election Data and Science Lab, U.S. House 1976-2024",doi:10.7910/DVN/IG0UN2,2026-07-15
2012,House,NY-5,NY-5,NY,5,2012-11-08,General,GREGORY W MEEKS,ALLAN W JENNINGS,BLANK VOTE/VOID VOTE/SCATTERING | CATHERINE WARK,167835,17875,38798,224508,74.75680153936608,7.961854365991412,66.79494717337467,D,True,True,True,4,1,1,2,D_vs_R,False,False,False,True,,"MIT Election Data and Science Lab, U.S. House 1976-2024",doi:10.7910/DVN/IG0UN2,2026-07-15
2012,House,NY-6,NY-6,NY,6,2012-11-08,General,GRACE MENG,DANIEL J HALLORAN,BLANK VOTE/VOID VOTE/SCATTERING | DANIEL J HALLORAN | EVERGREEN C CHOU | GRACE MENG,107505,45992,33435,186932,57.510217619241224,24.60359916975157,32.906618449489656,D,True,True,True,6,1,1,4,D_vs_R,False,False,False,True,,"MIT Election Data and Science Lab, U.S. House 1976-2024",doi:10.7910/DVN/IG0UN2,2026-07-15
2012,House,NY-7,NY-7,NY,7,2012-11-08,General,NYDIA M VELAZQUEZ,,BLANK VOTE/VOID VOTE/SCATTERING | JAMES MURRAY | NYDIA M VELAZQUEZ,132456,0,46369,178825,74.07018034391164,0.0,74.07018034391164,D,True,False,False,4,1,0,3,D_vs_Other,False,False,False,False,Nonstandard general-election party structure: D_vs_Other,"MIT Election Data and Science Lab, U.S. House 1976-2024",doi:10.7910/DVN/IG0UN2,2026-07-15
2012,House,NY-8,NY-8,NY,8,2012-11-08,General,HAKEEM S JEFFRIES,ALAN S BELLONE,ALAN S BELLONE | BLANK VOTE/VOID VOTE/SCATTERING | COLIN M BEAVAN | HAKEEM S JEFFRIES,178687,15841,41764,236292,75.62126521422647,6.703993364142671,68.9172718500838,D,True,True,True,6,1,1,4,D_vs_R,False,False,False,True,,"MIT Election Data and Science Lab, U.S. House 1976-2024",doi:10.7910/DVN/IG0UN2,2026-07-15
2012,House,NY-9,NY-9,NY,9,2012-11-08,General,YVETTE D CLARKE,DANIEL J CAVANAGH,BLANK VOTE/VOID VOTE/SCATTERING | DANIEL J CAVANAGH | VIVIA M MORGAN | YVETTE D CLARKE,178168,20899,39890,238957,74.560695020443,8.745924999058408,65.8147700213846,D,True,True,True,6,1,1,4,D_vs_R,False,False,False,True,,"MIT Election Data and Science Lab, U.S. House 1976-2024",doi:10.7910/DVN/IG0UN2,2026-07-15
2012,House,NY-10,NY-10,NY,10,2012-11-08,General,JERROLD NADLER,MICHAEL W CHAN,BLANK VOTE/VOID VOTE/SCATTERING | JERROLD NADLER | MICHAEL W CHAN,155908,35440,44975,236323,65.9724191043614,14.996424385269314,50.97599471909209,D,True,True,True,5,1,1,3,D_vs_R,False,False,False,True,,"MIT Election Data and Science Lab, U.S. House 1976-2024",doi:10.7910/DVN/IG0UN2,2026-07-15
2012,House,NY-11,NY-11,NY,11,2012-11-08,General,MARK S MURPHY,MICHAEL G GRIMM,BLANK VOTE/VOID VOTE/SCATTERING | HENRY J BARDEL | MARK S MURPHY | MICHAEL G GRIMM,87718,91030,36007,214755,40.84561477031966,42.38783730297315,-1.5422225326534889,R,True,True,True,6,1,1,4,D_vs_R,False,False,False,True,,"MIT Election Data and Science Lab, U.S. House 1976-2024",doi:10.7910/DVN/IG0UN2,2026-07-15
2012,House,NY-12,NY-12,NY,12,2012-11-08,General,CAROLYN B MALONEY,CHRISTOPHER R WIGHT,BLANK VOTE/VOID VOTE/SCATTERING | CAROLYN B MALONEY | CHRISTOPHER R WIGHT | CHRISTOPHER R WIGHT,184864,41969,41454,268287,68.90531408528926,15.643322263098845,53.26199182219042,D,True,True,True,6,1,1,4,D_vs_R,False,False,False,True,,"MIT Election Data and Science Lab, U.S. House 1976-2024",doi:10.7910/DVN/IG0UN2,2026-07-15
2012,House,NY-13,NY-13,NY,13,2012-11-08,General,CHARLES B RANGEL,CRAIG SCHLEY,BLANK VOTE/VOID VOTE/SCATTERING | CHARLES B RANGEL | DEBORAH O LIATOS,170470,12132,50570,233172,73.1091211637761,5.203026092326694,67.9060950714494,D,True,True,True,5,1,1,3,D_vs_R,False,False,False,True,,"MIT Election Data and Science Lab, U.S. House 1976-2024",doi:10.7910/DVN/IG0UN2,2026-07-15
2012,House,NY-14,NY-14,NY,14,2012-11-08,General,JOSEPH CROWLEY,WILLIAM F GIBBONS,ANTHONY GRONOWICZ | BLANK VOTE/VOID VOTE/SCATTERING | JOSEPH CROWLEY | WILLIAM F GIBBONS,116117,19191,35687,170995,67.90666393754204,11.22313517939121,56.68352875815082,D,True,True,True,6,1,1,4,D_vs_R,False,False,False,True,,"MIT Election Data and Science Lab, U.S. House 1976-2024",doi:10.7910/DVN/IG0UN2,2026-07-15
2012,House,NY-15,NY-15,NY,15,2012-11-08,General,JOSE E SERRANO,FRANK L DELLA VALLE,BLANK VOTE/VOID VOTE/SCATTERING | FRANK L DELLA VALLE | JOSE E SERRANO,150243,3487,24915,178645,84.10143021075316,1.9519158106859973,82.14951440006718,D,True,True,True,5,1,1,3,D_vs_R,False,False,False,True,,"MIT Election Data and Science Lab, U.S. House 1976-2024",doi:10.7910/DVN/IG0UN2,2026-07-15
2012,House,NY-16,NY-16,NY,16,2012-11-08,General,ELIOT L ENGEL,JOSEPH MCLAUGHLIN,BLANK VOTE/VOID VOTE/SCATTERING | ELIOT L ENGEL | JOSEPH DIAFERIA,173885,53935,42500,270320,64.32561408700799,19.95227878070435,44.37333530630364,D,True,True,True,5,1,1,3,D_vs_R,False,False,False,True,,"MIT Election Data and Science Lab, U.S. House 1976-2024",doi:10.7910/DVN/IG0UN2,2026-07-15
2012,House,NY-17,NY-17,NY,17,2012-11-08,General,NITA M LOWEY,JOE E CARVIN,BLANK VOTE/VOID VOTE/SCATTERING | FRANCIS E MORGANTHALER | NITA M LOWEY,161624,91899,43856,297379,54.34950013282713,30.902989114900514,23.446511017926618,D,True,True,True,5,1,1,3,D_vs_R,False,False,False,True,,"MIT Election Data and Science Lab, U.S. House 1976-2024",doi:10.7910/DVN/IG0UN2,2026-07-15
2012,House,NY-18,NY-18,NY,18,2012-11-08,General,SEAN PATRICK MALONEY,NAN A S HAYWORTH,BLANK VOTE/VOID VOTE/SCATTERING | NAN A S HAYWORTH | SEAN PATRICK MALONEY,132456,113386,49594,295436,44.83407573890792,38.37920903342856,6.454866705479359,D,True,True,True,5,1,1,3,D_vs_R,False,False,False,True,,"MIT Election Data and Science Lab, U.S. House 1976-2024",doi:10.7910/DVN/IG0UN2,2026-07-15
2012,House,NY-19,NY-19,NY,19,2012-11-08,General,JULIAN SCHREIBMAN,CHRISTOPHER P GIBSON,BLANK VOTE/VOID VOTE/SCATTERING | CHRISTOPHER P GIBSON | CHRISTOPHER P GIBSON | JULIAN SCHREIBMAN,120302,122654,62926,305882,39.32954538024467,40.0984693443877,-0.7689239641430355,R,True,True,True,6,1,1,4,D_vs_R,False,False,False,True,,"MIT Election Data and Science Lab, U.S. House 1976-2024",doi:10.7910/DVN/IG0UN2,2026-07-15
2012,House,NY-20,NY-20,NY,20,2012-11-08,General,PAUL TONKO,ROBERT J DIETERICH,BLANK VOTE/VOID VOTE/SCATTERING | PAUL TONKO | PAUL TONKO | ROBERT J DIETERICH,181092,79102,57484,317678,57.00489174572995,24.900056031579147,32.10483571415081,D,True,True,True,6,1,1,4,D_vs_R,False,False,False,True,,"MIT Election Data and Science Lab, U.S. House 1976-2024",doi:10.7910/DVN/IG0UN2,2026-07-15
2012,House,NY-21,NY-21,NY,21,2012-11-08,General,WILLIAM L OWENS,MATTHEW A DOHENY,BLANK VOTE/VOID VOTE/SCATTERING | DONALD L HASSIG | MATTHEW A DOHENY | MATTHEW A DOHENY | WILLIAM L OWENS,117856,104368,46517,268741,43.85486397684016,38.83590520240678,5.018958774433377,D,True,True,True,7,1,1,5,D_vs_R,False,False,False,True,,"MIT Election Data and Science Lab, U.S. House 1976-2024",doi:10.7910/DVN/IG0UN2,2026-07-15
2012,House,NY-22,NY-22,NY,22,2012-11-08,General,DAN LAMB,RICHARD L HANNA,BLANK VOTE/VOID VOTE/SCATTERING | RICHARD L HANNA,102080,145042,33067,280189,36.432550885295285,51.765772389351476,-15.33322150405619,R,True,True,True,4,1,1,2,D_vs_R,False,False,False,True,,"MIT Election Data and Science Lab, U.S. House 1976-2024",doi:10.7910/DVN/IG0UN2,2026-07-15
2012,House,NY-23,NY-23,NY,23,2012-11-08,General,NATE SHINAGAWA,TOM REED,BLANK VOTE/VOID VOTE/SCATTERING | NATE SHINAGAWA | TOM REED | TOM REED,114590,117641,47565,279796,40.95483852521122,42.045275843829074,-1.0904373186178502,R,True,True,True,6,1,1,4,D_vs_R,False,False,False,True,,"MIT Election Data and Science Lab, U.S. House 1976-2024",doi:10.7910/DVN/IG0UN2,2026-07-15
2012,House,NY-24,NY-24,NY,24,2012-11-08,General,DANIEL B MAFFEI,ANN MARIE BUERKLE,ANN MARIE BUERKLE | ANN MARIE BUERKLE | BLANK VOTE/VOID VOTE/SCATTERING | DANIEL B MAFFEI | URSULA E ROZUM,133908,105584,64075,303567,44.11151409738213,34.781119159855976,9.330394937526147,D,True,True,True,7,1,1,5,D_vs_R,False,False,False,True,,"MIT Election Data and Science Lab, U.S. House 1976-2024",doi:10.7910/DVN/IG0UN2,2026-07-15
2012,House,NY-25,NY-25,NY,25,2012-11-08,General,LOUISE MCINTOSH SLAUGHTER,MAGGIE BROOKS,BLANK VOTE/VOID VOTE/SCATTERING | LOUISE MCINTOSH SLAUGHTER | MAGGIE BROOKS | MAGGIE BROOKS,168761,109292,44707,322760,52.28683851778411,33.861692898748295,18.425145619035817,D,True,True,True,6,1,1,4,D_vs_R,False,False,False,True,,"MIT Election Data and Science Lab, U.S. House 1976-2024",doi:10.7910/DVN/IG0UN2,2026-07-15
2012,House,NY-26,NY-26,NY,26,2012-11-08,General,BRIAN HIGGINS,MICHAEL H MADIGAN,BLANK VOTE/VOID VOTE/SCATTERING | BRIAN HIGGINS | MICHAEL H MADIGAN | MICHAEL H MADIGAN,195234,57368,52359,304961,64.01933361970875,18.81158574375084,45.20774787595791,D,True,True,True,6,1,1,4,D_vs_R,False,False,False,True,,"MIT Election Data and Science Lab, U.S. House 1976-2024",doi:10.7910/DVN/IG0UN2,2026-07-15
2012,House,NY-27,NY-27,NY,27,2012-11-08,General,KATHLEEN C HOCHUL,CHRIS COLLINS,BLANK VOTE/VOID VOTE/SCATTERING | CHRIS COLLINS | KATHLEEN C HOCHUL,140008,137250,52510,329768,42.45651488319061,41.62016933116615,0.8363455520244536,D,True,True,True,5,1,1,3,D_vs_R,False,False,False,True,,"MIT Election Data and Science Lab, U.S. House 1976-2024",doi:10.7910/DVN/IG0UN2,2026-07-15
2012,House,OH-1,OH-1,OH,1,2012-11-08,General,JEFF SINNARD,STEVE CHABOT,JIM BERNS | RICH STEVENSON,131490,201907,16319,349716,37.599080396664725,57.73456175868419,-20.135481362019465,R,True,True,True,4,1,1,2,D_vs_R,False,False,False,True,,"MIT Election Data and Science Lab, U.S. House 1976-2024",doi:10.7910/DVN/IG0UN2,2026-07-15
2012,House,OH-2,OH-2,OH,2,2012-11-08,General,WILLIAM R SMITH,BRAD WENSTRUP,,137077,194296,0,331373,41.366375655228396,58.633624344771604,-17.267248689543205,R,True,True,True,2,1,1,0,D_vs_R,False,False,False,True,,"MIT Election Data and Science Lab, U.S. House 1976-2024",doi:10.7910/DVN/IG0UN2,2026-07-15
2012,House,OH-3,OH-3,OH,3,2012-11-08,General,JOYCE BEATTY,CHRIS LONG,BOB FITRAKIS | RICHARD EHRBAR,201897,77901,15854,295652,68.28873134631256,26.34888314640185,41.939848199910706,D,True,True,True,4,1,1,2,D_vs_R,False,False,False,True,,"MIT Election Data and Science Lab, U.S. House 1976-2024",doi:10.7910/DVN/IG0UN2,2026-07-15
2012,House,OH-4,OH-4,OH,4,2012-11-08,General,JIM SLONE,JIM JORDAN,CHRIS KALLA,114214,182643,16141,312998,36.490329011686974,58.35276902727813,-21.862440015591154,R,True,True,True,3,1,1,1,D_vs_R,False,False,False,True,,"MIT Election Data and Science Lab, U.S. House 1976-2024",doi:10.7910/DVN/IG0UN2,2026-07-15
2012,House,OH-5,OH-5,OH,5,2012-11-08,General,ANGELA ZIMMANN,ROBERT E LATTA,ERIC EBERLY,137806,201514,12558,351878,39.16300535981221,57.26814407266155,-18.10513871284934,R,True,True,True,3,1,1,1,D_vs_R,False,False,False,True,,"MIT Election Data and Science Lab, U.S. House 1976-2024",doi:10.7910/DVN/IG0UN2,2026-07-15
2012,House,OH-6,OH-6,OH,6,2012-11-08,General,CHARLIE WILSON,BILL JOHNSON,,144444,164536,0,308980,46.748656870994886,53.251343129005114,-6.502686258010227,R,True,True,True,2,1,1,0,D_vs_R,False,False,False,True,,"MIT Election Data and Science Lab, U.S. House 1976-2024",doi:10.7910/DVN/IG0UN2,2026-07-15
2012,House,OH-7,OH-7,OH,7,2012-11-08,General,JOYCE R HEALY-ABRAMS,BOB GIBBS,,137708,178104,0,315812,43.604422884500906,56.395577115499094,-12.791154230998188,R,True,True,True,2,1,1,0,D_vs_R,False,False,False,True,,"MIT Election Data and Science Lab, U.S. House 1976-2024",doi:10.7910/DVN/IG0UN2,2026-07-15
2012,House,OH-8,OH-8,OH,8,2012-11-08,General,,JOHN A BOEHNER,,0,246378,1938,248316,0.0,99.2195428405741,-99.2195428405741,R,False,True,False,1,0,1,0,R_unopposed,True,False,True,False,Nonstandard general-election party structure: R_unopposed,"MIT Election Data and Science Lab, U.S. House 1976-2024",doi:10.7910/DVN/IG0UN2,2026-07-15
2012,House,OH-9,OH-9,OH,9,2012-11-08,General,MARCY KAPTUR,SAMUEL J WURZELBACHER,SEAN P STIPE,217771,68668,11725,298164,73.0373217423968,23.030278638601576,50.007043103795226,D,True,True,True,3,1,1,1,D_vs_R,False,False,False,True,,"MIT Election Data and Science Lab, U.S. House 1976-2024",doi:10.7910/DVN/IG0UN2,2026-07-15
2012,House,OH-10,OH-10,OH,10,2012-11-08,General,SHAREN SWARTZ NEUHARDT,MICHAEL R TURNER,DAVID A HARLOW,131097,208201,10373,349671,37.49152775037106,59.54196945128421,-22.050441700913144,R,True,True,True,3,1,1,1,D_vs_R,False,False,False,True,,"MIT Election Data and Science Lab, U.S. House 1976-2024",doi:10.7910/DVN/IG0UN2,2026-07-15
2012,House,OH-11,OH-11,OH,11,2012-11-08,General,MARCIA L FUDGE,,,258359,0,0,258359,100.0,0.0,100.0,D,True,False,False,1,1,0,0,D_unopposed,True,True,False,False,Nonstandard general-election party structure: D_unopposed,"MIT Election Data and Science Lab, U.S. House 1976-2024",doi:10.7910/DVN/IG0UN2,2026-07-15
2012,House,OH-12,OH-12,OH,12,2012-11-08,General,JIM REESE,PATRICK J TIBERI,,134605,233869,0,368474,36.530392917817814,63.469607082182186,-26.93921416436438,R,True,True,True,2,1,1,0,D_vs_R,False,False,False,True,,"MIT Election Data and Science Lab, U.S. House 1976-2024",doi:10.7910/DVN/IG0UN2,2026-07-15
2012,House,OH-13,OH-13,OH,13,2012-11-08,General,TIM RYAN,MARISHA G AGANA,,235492,88120,0,323612,72.7698602029591,27.230139797040902,45.539720405918196,D,True,True,True,2,1,1,0,D_vs_R,False,False,False,True,,"MIT Election Data and Science Lab, U.S. House 1976-2024",doi:10.7910/DVN/IG0UN2,2026-07-15
2012,House,OH-14,OH-14,OH,14,2012-11-08,General,DALE VIRGIL BLANCHARD,DAVID P JOYCE,DAVID MACKO | ELAINE R MASTROMATTEO,131637,183657,24600,339894,38.72883899097954,54.033610478560966,-15.304771487581423,R,True,True,True,4,1,1,2,D_vs_R,False,False,False,True,,"MIT Election Data and Science Lab, U.S. House 1976-2024",doi:10.7910/DVN/IG0UN2,2026-07-15
2012,House,OH-15,OH-15,OH,15,2012-11-08,General,PAT LANG,STEVE STIVERS,,128188,205274,0,333462,38.441561557238906,61.558438442761094,-23.11687688552219,R,True,True,True,2,1,1,0,D_vs_R,False,False,False,True,,"MIT Election Data and Science Lab, U.S. House 1976-2024",doi:10.7910/DVN/IG0UN2,2026-07-15
2012,House,OH-16,OH-16,OH,16,2012-11-08,General,BETTY SUTTON,JAMES B RENACCI,,170600,185165,0,355765,47.95300268435625,52.04699731564375,-4.093994631287507,R,True,True,True,2,1,1,0,D_vs_R,False,False,False,True,,"MIT Election Data and Science Lab, U.S. House 1976-2024",doi:10.7910/DVN/IG0UN2,2026-07-15
2012,House,OK-1,OK-1,OK,1,2012-11-08,General,JOHN OLSON,JIM BRIDENSTINE,CRAIG ALLEN,91421,181084,12807,285312,32.04246579183491,63.468764019739794,-31.42629822790489,R,True,True,True,3,1,1,1,D_vs_R,False,False,False,True,,"MIT Election Data and Science Lab, U.S. House 1976-2024",doi:10.7910/DVN/IG0UN2,2026-07-15
2012,House,OK-2,OK-2,OK,2,2012-11-08,General,ROB WALLACE,MARKWAYNE MULLIN,MICHAEL G FULKS,96081,143701,10830,250612,38.33854723636538,57.34003160263674,-19.001484366271367,R,True,True,True,3,1,1,1,D_vs_R,False,False,False,True,,"MIT Election Data and Science Lab, U.S. House 1976-2024",doi:10.7910/DVN/IG0UN2,2026-07-15
2012,House,OK-3,OK-3,OK,3,2012-11-08,General,TIMOTHY RAY MURRAY,FRANK D LUCAS,WILLIAM M SANDERS,53472,201744,12787,268003,19.95201546251348,75.27676928989601,-55.32475382738253,R,True,True,True,3,1,1,1,D_vs_R,False,False,False,True,,"MIT Election Data and Science Lab, U.S. House 1976-2024",doi:10.7910/DVN/IG0UN2,2026-07-15
2012,House,OK-4,OK-4,OK,4,2012-11-08,General,DONNA MARIE BEBO,TOM COLE,R J HARRIS,71846,176740,11745,260331,27.597942619204012,67.89049325666171,-40.2925506374577,R,True,True,True,3,1,1,1,D_vs_R,False,False,False,True,,"MIT Election Data and Science Lab, U.S. House 1976-2024",doi:10.7910/DVN/IG0UN2,2026-07-15
2012,House,OK-5,OK-5,OK,5,2012-11-08,General,TOM GUILD,JAMES LANKFORD,PAT MARTIN | ROBERT T MURPHY,97504,153603,10570,261677,37.26120369768837,58.699465371431195,-21.43826167374282,R,True,True,True,4,1,1,2,D_vs_R,False,False,False,True,,"MIT Election Data and Science Lab, U.S. House 1976-2024",doi:10.7910/DVN/IG0UN2,2026-07-15
2012,House,OR-1,OR-1,OR,1,2012-11-08,General,SUZANNE BONAMICI,DELINDA MORGAN,BOB EKSTROM | OTHER | STEVEN REYNOLDS,197845,109699,24436,331980,59.5954575576842,33.04385806373878,26.551599493945417,D,True,True,True,5,1,1,3,D_vs_R,False,False,False,True,,"MIT Election Data and Science Lab, U.S. House 1976-2024",doi:10.7910/DVN/IG0UN2,2026-07-15
2012,House,OR-2,OR-2,OR,2,2012-11-08,General,JOYCE B SEGERS,GREG WALDEN,JOE TABOR | OTHER,96741,228043,7471,332255,29.116491851138434,68.63493401152729,-39.51844216038886,R,True,True,True,4,1,1,2,D_vs_R,False,False,False,True,,"MIT Election Data and Science Lab, U.S. House 1976-2024",doi:10.7910/DVN/IG0UN2,2026-07-15
2012,House,OR-3,OR-3,OR,3,2012-11-08,General,EARL BLUMENAUER,RONALD GREEN,MICHAEL CLINE | OTHER | WOODROW BROADNAX,264979,70325,20571,355875,74.45844748858447,19.761152089919214,54.69729539866526,D,True,True,True,5,1,1,3,D_vs_R,False,False,False,True,,"MIT Election Data and Science Lab, U.S. House 1976-2024",doi:10.7910/DVN/IG0UN2,2026-07-15
2012,House,OR-4,OR-4,OR,4,2012-11-08,General,PETER A DEFAZIO,ART ROBINSON,CHUCK HUNTTING | OTHER,212866,140549,6673,360088,59.114994112550264,39.03184777054498,20.08314634200529,D,True,True,True,4,1,1,2,D_vs_R,False,False,False,True,,"MIT Election Data and Science Lab, U.S. House 1976-2024",doi:10.7910/DVN/IG0UN2,2026-07-15
2012,House,OR-5,OR-5,OR,5,2012-11-08,General,KURT SCHRADER,FRED THOMPSON,CHRISTINA JEAN LUGO | OTHER | RAYMOND BALDWIN,177229,139223,11518,327970,54.03817422325213,42.449919199926825,11.588255023325305,D,True,True,True,5,1,1,3,D_vs_R,False,False,False,True,,"MIT Election Data and Science Lab, U.S. House 1976-2024",doi:10.7910/DVN/IG0UN2,2026-07-15
2012,House,PA-1,PA-1,PA,1,2012-11-08,General,ROBERT A BRADY,JOHN FEATHERMAN,,235394,41708,0,277102,84.94850271741092,15.051497282589082,69.89700543482184,D,True,True,True,2,1,1,0,D_vs_R,False,False,False,True,,"MIT Election Data and Science Lab, U.S. House 1976-2024",doi:10.7910/DVN/IG0UN2,2026-07-15
2012,House,PA-2,PA-2,PA,2,2012-11-08,General,CHAKA FATTAH,ROBERT ALLEN MANSFIELD JR,JAMES FOSTER,318176,33381,4829,356386,89.27847895259634,9.366529549421132,79.91194940317521,D,True,True,True,3,1,1,1,D_vs_R,False,False,False,True,,"MIT Election Data and Science Lab, U.S. House 1976-2024",doi:10.7910/DVN/IG0UN2,2026-07-15
2012,House,PA-3,PA-3,PA,3,2012-11-08,General,MISSA EATON,MIKE KELLY,STEVEN PORTER,123933,165826,12755,302514,40.96769075150241,54.81597545898702,-13.848284707484613,R,True,True,True,3,1,1,1,D_vs_R,False,False,False,True,,"MIT Election Data and Science Lab, U.S. House 1976-2024",doi:10.7910/DVN/IG0UN2,2026-07-15
2012,House,PA-4,PA-4,PA,4,2012-11-08,General,HARRY PERKINSON,SCOTT PERRY,MICHAEL BRYANT KOFFENBERGER | WAYNE W WOLFF,104643,181603,17734,303980,34.42430423054148,59.74175932627146,-25.317455095729983,R,True,True,True,4,1,1,2,D_vs_R,False,False,False,True,,"MIT Election Data and Science Lab, U.S. House 1976-2024",doi:10.7910/DVN/IG0UN2,2026-07-15
2012,House,PA-5,PA-5,PA,5,2012-11-08,General,CHARLES DUMAS,GLENN THOMPSON,,104725,177740,0,282465,37.075389871311486,62.924610128688514,-25.84922025737702,R,True,True,True,2,1,1,0,D_vs_R,False,False,False,True,,"MIT Election Data and Science Lab, U.S. House 1976-2024",doi:10.7910/DVN/IG0UN2,2026-07-15
2012,House,PA-6,PA-6,PA,6,2012-11-08,General,MANAN M TRIVEDI,JIM GERLACH,,143803,191725,0,335528,42.85871819937531,57.14128180062469,-14.282563601249374,R,True,True,True,2,1,1,0,D_vs_R,False,False,False,True,,"MIT Election Data and Science Lab, U.S. House 1976-2024",doi:10.7910/DVN/IG0UN2,2026-07-15
2012,House,PA-7,PA-7,PA,7,2012-11-08,General,GEORGE BADEY,PATRICK MEEHAN,,143509,209942,0,353451,40.60223340717667,59.39776659282333,-18.795533185646665,R,True,True,True,2,1,1,0,D_vs_R,False,False,False,True,,"MIT Election Data and Science Lab, U.S. House 1976-2024",doi:10.7910/DVN/IG0UN2,2026-07-15
2012,House,PA-8,PA-8,PA,8,2012-11-08,General,KATHY BOOCKVAR,MICHAEL G FITZPATRICK,,152859,199379,0,352238,43.396510314049024,56.603489685950976,-13.206979371901953,R,True,True,True,2,1,1,0,D_vs_R,False,False,False,True,,"MIT Election Data and Science Lab, U.S. House 1976-2024",doi:10.7910/DVN/IG0UN2,2026-07-15
2012,House,PA-9,PA-9,PA,9,2012-11-08,General,KAREN RAMSBURG,BILL SHUSTER,,105128,169177,0,274305,38.3252219245001,61.6747780754999,-23.3495561509998,R,True,True,True,2,1,1,0,D_vs_R,False,False,False,True,,"MIT Election Data and Science Lab, U.S. House 1976-2024",doi:10.7910/DVN/IG0UN2,2026-07-15
2012,House,PA-10,PA-10,PA,10,2012-11-08,General,PHILIP SCOLLO,TOM MARINO,,94227,179563,0,273790,34.41579312611856,65.58420687388144,-31.168413747762884,R,True,True,True,2,1,1,0,D_vs_R,False,False,False,True,,"MIT Election Data and Science Lab, U.S. House 1976-2024",doi:10.7910/DVN/IG0UN2,2026-07-15
2012,House,PA-11,PA-11,PA,11,2012-11-08,General,GENE STILP,LOU BARLETTA,,118231,166967,0,285198,41.45576055933071,58.54423944066929,-17.088478881338578,R,True,True,True,2,1,1,0,D_vs_R,False,False,False,True,,"MIT Election Data and Science Lab, U.S. House 1976-2024",doi:10.7910/DVN/IG0UN2,2026-07-15
2012,House,PA-12,PA-12,PA,12,2012-11-08,General,MARK S CRITZ,KEITH J ROTHFUS,,163589,175352,0,338941,48.26474224127503,51.73525775872497,-3.4705155174499396,R,True,True,True,2,1,1,0,D_vs_R,False,False,False,True,,"MIT Election Data and Science Lab, U.S. House 1976-2024",doi:10.7910/DVN/IG0UN2,2026-07-15
2012,House,PA-13,PA-13,PA,13,2012-11-08,General,ALLYSON Y SCHWARTZ,JOSEPH JAMES ROONEY,,209901,93918,0,303819,69.08751592230901,30.912484077690994,38.17503184461801,D,True,True,True,2,1,1,0,D_vs_R,False,False,False,True,,"MIT Election Data and Science Lab, U.S. House 1976-2024",doi:10.7910/DVN/IG0UN2,2026-07-15
2012,House,PA-14,PA-14,PA,14,2012-11-08,General,MICHAEL F DOYLE,HANS LESSMANN,,251932,75702,0,327634,76.8943394153232,23.105660584676805,53.78867883064639,D,True,True,True,2,1,1,0,D_vs_R,False,False,False,True,,"MIT Election Data and Science Lab, U.S. House 1976-2024",doi:10.7910/DVN/IG0UN2,2026-07-15
2012,House,PA-15,PA-15,PA,15,2012-11-08,General,RICK DAUGHERTY,CHARLES W DENT,,128764,168960,0,297724,43.24945251306579,56.75054748693421,-13.501094973868415,R,True,True,True,2,1,1,0,D_vs_R,False,False,False,True,,"MIT Election Data and Science Lab, U.S. House 1976-2024",doi:10.7910/DVN/IG0UN2,2026-07-15
2012,House,PA-16,PA-16,PA,16,2012-11-08,General,ARYANNA C STRADER,JOSEPH R PITTS,JAMES F BEDNARSKI | JOHN A MURPHY,111185,156192,17404,284781,39.0422816128885,54.8463556206348,-15.804074007746303,R,True,True,True,4,1,1,2,D_vs_R,False,False,False,True,,"MIT Election Data and Science Lab, U.S. House 1976-2024",doi:10.7910/DVN/IG0UN2,2026-07-15
2012,House,PA-17,PA-17,PA,17,2012-11-08,General,MATTHEW A CARTWRIGHT,LAUREEN A CUMMINGS,,161393,106208,0,267601,60.31106012309371,39.68893987690629,20.62212024618742,D,True,True,True,2,1,1,0,D_vs_R,False,False,False,True,,"MIT Election Data and Science Lab, U.S. House 1976-2024",doi:10.7910/DVN/IG0UN2,2026-07-15
2012,House,PA-18,PA-18,PA,18,2012-11-08,General,LARRY MAGGI,TIM MURPHY,,122146,216727,0,338873,36.044771935208765,63.955228064791235,-27.910456129582467,R,True,True,True,2,1,1,0,D_vs_R,False,False,False,True,,"MIT Election Data and Science Lab, U.S. House 1976-2024",doi:10.7910/DVN/IG0UN2,2026-07-15
2012,House,RI-1,RI-1,RI,1,2012-11-08,General,DAVID N CICILLINE,BRENDAN P DOHERTY,DAVID S VOGEL,108612,83737,12766,205115,52.951758769470786,40.82441557175243,12.127343197718353,D,True,True,True,3,1,1,1,D_vs_R,False,False,False,True,,"MIT Election Data and Science Lab, U.S. House 1976-2024",doi:10.7910/DVN/IG0UN2,2026-07-15
2012,House,RI-2,RI-2,RI,2,2012-11-08,General,JAMES R LANGEVIN,MICHAEL G RILEY,ABEL G COLLINS,124067,78189,20404,222660,55.72038084972604,35.11587173268661,20.60450911703943,D,True,True,True,3,1,1,1,D_vs_R,False,False,False,True,,"MIT Election Data and Science Lab, U.S. House 1976-2024",doi:10.7910/DVN/IG0UN2,2026-07-15
2012,House,SC-1,SC-1,SC,1,2012-11-08,General,BOBBIE G ROSE,TIM SCOTT,BOBBIE G ROSE | KEITH BLANDFORD,98154,179908,11951,290013,33.84468972080562,62.0344605241834,-28.18977080337778,R,True,True,True,4,1,1,2,D_vs_R,False,False,False,True,,"MIT Election Data and Science Lab, U.S. House 1976-2024",doi:10.7910/DVN/IG0UN2,2026-07-15
2012,House,SC-2,SC-2,SC,2,2012-11-08,General,,JOE WILSON,,0,196116,7602,203718,0.0,96.26837098341825,-96.26837098341825,R,False,True,False,1,0,1,0,R_unopposed,True,False,True,False,Nonstandard general-election party structure: R_unopposed,"MIT Election Data and Science Lab, U.S. House 1976-2024",doi:10.7910/DVN/IG0UN2,2026-07-15
2012,House,SC-3,SC-3,SC,3,2012-11-08,General,BRIAN RYAN B DOYLE,JEFF DUNCAN,,84735,169512,516,254763,33.26032430140955,66.53713451325349,-33.27681021184395,R,True,True,True,2,1,1,0,D_vs_R,False,False,False,True,,"MIT Election Data and Science Lab, U.S. House 1976-2024",doi:10.7910/DVN/IG0UN2,2026-07-15
2012,House,SC-4,SC-4,SC,4,2012-11-08,General,DEB MORROW,TREY GOWDY,DEB MORROW | JEFF SUMEREL,84087,173201,9596,266884,31.506946838326765,64.89748355090602,-33.39053671257925,R,True,True,True,4,1,1,2,D_vs_R,False,False,False,True,,"MIT Election Data and Science Lab, U.S. House 1976-2024",doi:10.7910/DVN/IG0UN2,2026-07-15
2012,House,SC-5,SC-5,SC,5,2012-11-08,General,JOYCE KNOTT,MICK MULVANEY,JOYCE KNOTT,113904,154324,9775,278003,40.97221972424758,55.51163116944781,-14.539411445200232,R,True,True,True,3,1,1,1,D_vs_R,False,False,False,True,,"MIT Election Data and Science Lab, U.S. House 1976-2024",doi:10.7910/DVN/IG0UN2,2026-07-15
2012,House,SC-6,SC-6,SC,6,2012-11-08,General,JAMES E CLYBURN,,NAMMU Y MUHAMMAD,218717,0,14898,233615,93.62284099907968,0.0,93.62284099907968,D,True,False,False,2,1,0,1,D_vs_Other,False,False,False,False,Nonstandard general-election party structure: D_vs_Other,"MIT Election Data and Science Lab, U.S. House 1976-2024",doi:10.7910/DVN/IG0UN2,2026-07-15
2012,House,SC-7,SC-7,SC,7,2012-11-08,General,GLORIA BROMELL TINUBU,TOM RICE,GLORIA BROMELL TINUBU,114594,153068,8076,275738,41.55901616752134,55.51211657442935,-13.953100406908007,R,True,True,True,3,1,1,1,D_vs_R,False,False,False,True,,"MIT Election Data and Science Lab, U.S. House 1976-2024",doi:10.7910/DVN/IG0UN2,2026-07-15
2012,House,SD-AL,SD-AL,SD,AL,2012-11-08,General,MATT VARILEK,KRISTI L NOEM,,153789,207640,0,361429,42.55026575067302,57.44973424932698,-14.899468498653954,R,True,True,True,2,1,1,0,D_vs_R,False,False,False,True,,"MIT Election Data and Science Lab, U.S. House 1976-2024",doi:10.7910/DVN/IG0UN2,2026-07-15
2012,House,TN-1,TN-1,TN,1,2012-11-08,General,ALAN WOODRUFF,DAVID P ROE,KAREN SHERRY BRACKETT | MICHAEL D SALYER | ROBERT N SMITH,47663,182252,9757,239672,19.88676190794085,76.04225775226142,-56.15549584432057,R,True,True,True,5,1,1,3,D_vs_R,False,False,False,True,,"MIT Election Data and Science Lab, U.S. House 1976-2024",doi:10.7910/DVN/IG0UN2,2026-07-15
2012,House,TN-2,TN-2,TN,2,2012-11-08,General,TROY CHRISTOPHER GOODALE,JOHN J DUNCAN JR,BRANDON STEWART | GREG SAMPLES | NORRIS DRYER,54522,196894,13089,264505,20.612842857412904,74.43866845617285,-53.82582559875995,R,True,True,True,5,1,1,3,D_vs_R,False,False,False,True,,"MIT Election Data and Science Lab, U.S. House 1976-2024",doi:10.7910/DVN/IG0UN2,2026-07-15
2012,House,TN-3,TN-3,TN,3,2012-11-08,General,MARY M HEADRICK,"CHARLES J \""CHUCK\"" FLEISCHMANN",MATTHEW DENISTON,91094,157830,7985,256909,35.457691244759815,61.43420432915935,-25.976513084399535,R,True,True,True,3,1,1,1,D_vs_R,False,False,False,True,,"MIT Election Data and Science Lab, U.S. House 1976-2024",doi:10.7910/DVN/IG0UN2,2026-07-15
2012,House,TN-4,TN-4,TN,4,2012-11-08,General,ERIC STEWART,SCOTT DESJARLAIS,,102022,128568,0,230590,44.24389609263194,55.75610390736806,-11.512207814736112,R,True,True,True,2,1,1,0,D_vs_R,False,False,False,True,,"MIT Election Data and Science Lab, U.S. House 1976-2024",doi:10.7910/DVN/IG0UN2,2026-07-15
2012,House,TN-5,TN-5,TN,5,2012-11-08,General,JIM COOPER,BRAD STAATS,JOHN MIGLIETTA,171621,86240,5234,263095,65.23157034531253,32.77903418917121,32.45253615614132,D,True,True,True,3,1,1,1,D_vs_R,False,False,False,True,,"MIT Election Data and Science Lab, U.S. House 1976-2024",doi:10.7910/DVN/IG0UN2,2026-07-15
2012,House,TN-6,TN-6,TN,6,2012-11-08,General,,DIANE BLACK,PAT RILEY | SCOTT BEASLEY,0,184383,56858,241241,0.0,76.43103784182622,-76.43103784182622,R,False,True,False,3,0,1,2,R_vs_Other,False,False,False,False,Nonstandard general-election party structure: R_vs_Other,"MIT Election Data and Science Lab, U.S. House 1976-2024",doi:10.7910/DVN/IG0UN2,2026-07-15
2012,House,TN-7,TN-7,TN,7,2012-11-08,General,CREDO AMOUZOUVIK,MARSHA BLACKBURN,"HOWARD SWITZER | JACK ARNOLD | LEONARD D \""LENNY\"" LADNER | WM RYAN AKIN",61679,182730,12897,257306,23.971069465927727,71.0166105726256,-47.04554110669786,R,True,True,True,6,1,1,4,D_vs_R,False,False,False,True,,"MIT Election Data and Science Lab, U.S. House 1976-2024",doi:10.7910/DVN/IG0UN2,2026-07-15
2012,House,TN-8,TN-8,TN,8,2012-11-08,General,TIMOTHY D DIXON,STEPHEN LEE FINCHER,JAMES HART | MARK J RAWLES,79490,190923,9009,279422,28.448010536035103,68.32783388566398,-39.87982334962888,R,True,True,True,4,1,1,2,D_vs_R,False,False,False,True,,"MIT Election Data and Science Lab, U.S. House 1976-2024",doi:10.7910/DVN/IG0UN2,2026-07-15
2012,House,TN-9,TN-9,TN,9,2012-11-08,General,STEVE COHEN,GEORGE S FLINN JR,BRIAN L SAULSBERRY | GREGORY M JOINER,188422,59742,2823,250987,75.07241410909728,23.8028264412101,51.26958766788718,D,True,True,True,4,1,1,2,D_vs_R,False,False,False,True,,"MIT Election Data and Science Lab, U.S. House 1976-2024",doi:10.7910/DVN/IG0UN2,2026-07-15
2012,House,TX-1,TX-1,TX,1,2012-11-08,General,SHIRLEY J MCKELLAR,LOUIE GOHMERT,CLARK PATTERSON,67222,178322,4114,249658,26.925634267678184,71.4265114676878,-44.50087720000961,R,True,True,True,3,1,1,1,D_vs_R,False,False,False,True,,"MIT Election Data and Science Lab, U.S. House 1976-2024",doi:10.7910/DVN/IG0UN2,2026-07-15
2012,House,TX-2,TX-2,TX,2,2012-11-08,General,JIM DOUGHERTY,TED POE,KENNETH DUNCAN | MARK A ROBERTS,80512,159664,6152,246328,32.68487545061869,64.81764151862558,-32.13276606800689,R,True,True,True,4,1,1,2,D_vs_R,False,False,False,True,,"MIT Election Data and Science Lab, U.S. House 1976-2024",doi:10.7910/DVN/IG0UN2,2026-07-15
2012,House,TX-3,TX-3,TX,3,2012-11-08,General,,SAM JOHNSON,,0,187180,0,187180,0.0,100.0,-100.0,R,False,True,False,1,0,1,0,R_unopposed,True,False,True,False,Nonstandard general-election party structure: R_unopposed,"MIT Election Data and Science Lab, U.S. House 1976-2024",doi:10.7910/DVN/IG0UN2,2026-07-15
2012,House,TX-4,TX-4,TX,4,2012-11-08,General,VALINDA HATHCOX,RALPH M HALL,THOMAS GRIFFING,60214,182679,7450,250343,24.052599833029085,72.97148312515229,-48.918883292123205,R,True,True,True,3,1,1,1,D_vs_R,False,False,False,True,,"MIT Election Data and Science Lab, U.S. House 1976-2024",doi:10.7910/DVN/IG0UN2,2026-07-15
2012,House,TX-5,TX-5,TX,5,2012-11-08,General,LINDA S MROSKO,JEB HENSARLING,KEN ASHBY,69178,134091,4961,208230,33.2219180713634,64.3956202276329,-31.17370215626951,R,True,True,True,3,1,1,1,D_vs_R,False,False,False,True,,"MIT Election Data and Science Lab, U.S. House 1976-2024",doi:10.7910/DVN/IG0UN2,2026-07-15
2012,House,TX-6,TX-6,TX,6,2012-11-08,General,KENNETH SANDERS,JOE BARTON,BRANDON PARMER | HUGH CHAUVIN,98053,145019,6864,249936,39.23124319825875,58.02245374815953,-18.791210549900775,R,True,True,True,4,1,1,2,D_vs_R,False,False,False,True,,"MIT Election Data and Science Lab, U.S. House 1976-2024",doi:10.7910/DVN/IG0UN2,2026-07-15
2012,House,TX-7,TX-7,TX,7,2012-11-08,General,JAMES CARGAS,JOHN ABNEY CULBERSON,DREW PARKS | LANCE FINDLEY,85553,142793,6491,234837,36.43080093852332,60.80515421334798,-24.374353274824667,R,True,True,True,4,1,1,2,D_vs_R,False,False,False,True,,"MIT Election Data and Science Lab, U.S. House 1976-2024",doi:10.7910/DVN/IG0UN2,2026-07-15
2012,House,TX-8,TX-8,TX,8,2012-11-08,General,NEIL BURNS,KEVIN BRADY,ROY HALL,51051,194043,5958,251052,20.334831031021462,77.29195545146025,-56.957124420438795,R,True,True,True,3,1,1,1,D_vs_R,False,False,False,True,,"MIT Election Data and Science Lab, U.S. House 1976-2024",doi:10.7910/DVN/IG0UN2,2026-07-15
2012,House,TX-9,TX-9,TX,9,2012-11-08,General,AL GREEN,STEVE MUELLER,JOHN WIEDER | VANESSA FOSTER,144075,36139,3352,183566,78.48675680681608,19.687196975474762,58.79955983134131,D,True,True,True,4,1,1,2,D_vs_R,False,False,False,True,,"MIT Election Data and Science Lab, U.S. House 1976-2024",doi:10.7910/DVN/IG0UN2,2026-07-15
2012,House,TX-10,TX-10,TX,10,2012-11-08,General,TAWANA W CADIEN,MICHAEL T MCCAUL,RICHARD PRIEST,95710,159783,8526,264019,36.25117889242819,60.51950806570739,-24.268329173279195,R,True,True,True,3,1,1,1,D_vs_R,False,False,False,True,,"MIT Election Data and Science Lab, U.S. House 1976-2024",doi:10.7910/DVN/IG0UN2,2026-07-15
2012,House,TX-11,TX-11,TX,11,2012-11-08,General,JIM RILEY,K MICHAEL CONAWAY,SCOTT J BALLARD,41970,177742,6311,226023,18.568906704184972,78.63889958101609,-60.06999287683112,R,True,True,True,3,1,1,1,D_vs_R,False,False,False,True,,"MIT Election Data and Science Lab, U.S. House 1976-2024",doi:10.7910/DVN/IG0UN2,2026-07-15
2012,House,TX-12,TX-12,TX,12,2012-11-08,General,DAVE ROBINSON,KAY GRANGER,MATTHEW SOLODOW,66080,175649,5983,247712,26.67614003358739,70.90855509624079,-44.2324150626534,R,True,True,True,3,1,1,1,D_vs_R,False,False,False,True,,"MIT Election Data and Science Lab, U.S. House 1976-2024",doi:10.7910/DVN/IG0UN2,2026-07-15
2012,House,TX-13,TX-13,TX,13,2012-11-08,General,,MAC THORNBERRY,JOHN ROBERT DEEK | KEITH F HOUSTON,0,187775,18613,206388,0.0,90.98154931488264,-90.98154931488264,R,False,True,False,3,0,1,2,R_vs_Other,False,False,False,False,Nonstandard general-election party structure: R_vs_Other,"MIT Election Data and Science Lab, U.S. House 1976-2024",doi:10.7910/DVN/IG0UN2,2026-07-15
2012,House,TX-14,TX-14,TX,14,2012-11-08,General,NICK LAMPSON,RANDY WEBER,RHETT ROSENQUEST SMITH | ZACH GRADY,109697,131460,4682,245839,44.621479911649494,53.47402161577293,-8.85254170412343,R,True,True,True,4,1,1,2,D_vs_R,False,False,False,True,,"MIT Election Data and Science Lab, U.S. House 1976-2024",doi:10.7910/DVN/IG0UN2,2026-07-15
2012,House,TX-15,TX-15,TX,15,2012-11-08,General,RUBEN HINOJOSA,DALE A BRUEGGEMANN,RON FINCH,89296,54056,3309,146661,60.885988776839106,36.85778768725155,24.02820108958755,D,True,True,True,3,1,1,1,D_vs_R,False,False,False,True,,"MIT Election Data and Science Lab, U.S. House 1976-2024",doi:10.7910/DVN/IG0UN2,2026-07-15
2012,House,TX-16,TX-16,TX,16,2012-11-08,General,BETO O'ROURKE,BARBARA CARRASCO,JUNART SODOY,101403,51043,2559,155005,65.41918002645076,32.92990548691978,32.48927453953098,D,True,True,True,3,1,1,1,D_vs_R,False,False,False,True,,"MIT Election Data and Science Lab, U.S. House 1976-2024",doi:10.7910/DVN/IG0UN2,2026-07-15
2012,House,TX-17,TX-17,TX,17,2012-11-08,General,,BILL FLORES,BEN EASTON,0,143284,35978,179262,0.0,79.92993495553993,-79.92993495553993,R,False,True,False,2,0,1,1,R_vs_Other,False,False,False,False,Nonstandard general-election party structure: R_vs_Other,"MIT Election Data and Science Lab, U.S. House 1976-2024",doi:10.7910/DVN/IG0UN2,2026-07-15
2012,House,TX-18,TX-18,TX,18,2012-11-08,General,SHEILA JACKSON LEE,SEAN SEIBERT,CHRISTOPHER BARBER,146223,44015,4694,194932,75.0123119857181,22.579668807584184,52.432643178133915,D,True,True,True,3,1,1,1,D_vs_R,False,False,False,True,,"MIT Election Data and Science Lab, U.S. House 1976-2024",doi:10.7910/DVN/IG0UN2,2026-07-15
2012,House,TX-19,TX-19,TX,19,2012-11-08,General,,RANDY NEUGEBAUER,"RICHARD \""CHIP\"" PETERSON",0,163239,28824,192063,0.0,84.99242436075663,-84.99242436075663,R,False,True,False,2,0,1,1,R_vs_Other,False,False,False,False,Nonstandard general-election party structure: R_vs_Other,"MIT Election Data and Science Lab, U.S. House 1976-2024",doi:10.7910/DVN/IG0UN2,2026-07-15
2012,House,TX-20,TX-20,TX,20,2012-11-08,General,JOAQUIN CASTRO,DAVID ROSA,"A E \""TRACY\"" POTTS | ANTONIO DIAZ",119032,62376,4769,186177,63.93485768918825,33.50360141155997,30.43125627762828,D,True,True,True,4,1,1,2,D_vs_R,False,False,False,True,,"MIT Election Data and Science Lab, U.S. House 1976-2024",doi:10.7910/DVN/IG0UN2,2026-07-15
2012,House,TX-21,TX-21,TX,21,2012-11-08,General,CANDACE E DUVAL,LAMAR SMITH,JOHN-HENRY LIBERTY,109326,187015,12524,308865,35.39604681657035,60.54910721512635,-25.153060398556004,R,True,True,True,3,1,1,1,D_vs_R,False,False,False,True,,"MIT Election Data and Science Lab, U.S. House 1976-2024",doi:10.7910/DVN/IG0UN2,2026-07-15
2012,House,TX-22,TX-22,TX,22,2012-11-08,General,KESHA ROGERS,PETE OLSON,DON COOK | STEVEN SUSMAN,80203,160668,10040,250911,31.964720558285606,64.03386061193012,-32.06914005364452,R,True,True,True,4,1,1,2,D_vs_R,False,False,False,True,,"MIT Election Data and Science Lab, U.S. House 1976-2024",doi:10.7910/DVN/IG0UN2,2026-07-15
2012,House,TX-23,TX-23,TX,23,2012-11-08,General,PETE P GALLEGO,"FRANCISCO \""QUICO\"" CANSECO",ED SCHARF | JEFFREY C BLUNT,96676,87547,7946,192169,50.307801986792875,45.55729592181881,4.75050606497406,D,True,True,True,4,1,1,2,D_vs_R,False,False,False,True,,"MIT Election Data and Science Lab, U.S. House 1976-2024",doi:10.7910/DVN/IG0UN2,2026-07-15
2012,House,TX-24,TX-24,TX,24,2012-11-08,General,TIM RUSK,KENNY MARCHANT,JOHN STATHAS,87645,148586,7258,243489,35.99546591427128,61.023701276033,-25.028235361761723,R,True,True,True,3,1,1,1,D_vs_R,False,False,False,True,,"MIT Election Data and Science Lab, U.S. House 1976-2024",doi:10.7910/DVN/IG0UN2,2026-07-15
2012,House,TX-25,TX-25,TX,25,2012-11-08,General,ELAINE M HENDERSON,ROGER WILLIAMS,BETSY DEWEY,98827,154245,10860,263932,37.44411439310125,58.44118939726899,-20.99707500416774,R,True,True,True,3,1,1,1,D_vs_R,False,False,False,True,,"MIT Election Data and Science Lab, U.S. House 1976-2024",doi:10.7910/DVN/IG0UN2,2026-07-15
2012,House,TX-26,TX-26,TX,26,2012-11-08,General,DAVID SANCHEZ,MICHAEL C BURGESS,MARK BOLER,74237,176642,7844,258723,28.693622136416167,68.27456391584822,-39.58094177943206,R,True,True,True,3,1,1,1,D_vs_R,False,False,False,True,,"MIT Election Data and Science Lab, U.S. House 1976-2024",doi:10.7910/DVN/IG0UN2,2026-07-15
2012,House,TX-27,TX-27,TX,27,2012-11-08,General,ROSE MEZA HARRISON,BLAKE FARENTHOLD,BRET BALDWIN | CORRIE BYRD,83395,120684,8572,212651,39.216838858035,56.75214318296175,-17.53530432492676,R,True,True,True,4,1,1,2,D_vs_R,False,False,False,True,,"MIT Election Data and Science Lab, U.S. House 1976-2024",doi:10.7910/DVN/IG0UN2,2026-07-15
2012,House,TX-28,TX-28,TX,28,2012-11-08,General,HENRY CUELLAR,WILLIAM R HAYWARD,MICHAEL D CARY | PATRICK HISEL,112456,49309,3880,165645,67.88976425488242,29.767877086540494,38.121887168341935,D,True,True,True,4,1,1,2,D_vs_R,False,False,False,True,,"MIT Election Data and Science Lab, U.S. House 1976-2024",doi:10.7910/DVN/IG0UN2,2026-07-15
2012,House,TX-29,TX-29,TX,29,2012-11-08,General,GENE GREEN,,JAMES STANCZAK | MARIA SELVA,86053,0,9558,95611,90.00324230475573,0.0,90.00324230475573,D,True,False,False,3,1,0,2,D_vs_Other,False,False,False,False,Nonstandard general-election party structure: D_vs_Other,"MIT Election Data and Science Lab, U.S. House 1976-2024",doi:10.7910/DVN/IG0UN2,2026-07-15
2012,House,TX-30,TX-30,TX,30,2012-11-08,General,EDDIE BERNICE JOHNSON,TRAVIS WASHINGTON JR,ED RANKIN,171059,41222,4733,217014,78.82394684213922,18.995087874515008,59.82885896762421,D,True,True,True,3,1,1,1,D_vs_R,False,False,False,True,,"MIT Election Data and Science Lab, U.S. House 1976-2024",doi:10.7910/DVN/IG0UN2,2026-07-15
2012,House,TX-31,TX-31,TX,31,2012-11-08,General,STEPHEN M WYMAN,JOHN R CARTER,ETHAN GAROFOLO,82977,145348,8862,237187,34.98378916213789,61.27991837663953,-26.296129214501637,R,True,True,True,3,1,1,1,D_vs_R,False,False,False,True,,"MIT Election Data and Science Lab, U.S. House 1976-2024",doi:10.7910/DVN/IG0UN2,2026-07-15
2012,House,TX-32,TX-32,TX,32,2012-11-08,General,KATHERINE SAVERS MCGOVERN,PETE SESSIONS,SETH HOLLIST,99288,146653,5695,251636,39.45699343496161,58.27981687834809,-18.82282344338648,R,True,True,True,3,1,1,1,D_vs_R,False,False,False,True,,"MIT Election Data and Science Lab, U.S. House 1976-2024",doi:10.7910/DVN/IG0UN2,2026-07-15
2012,House,TX-33,TX-33,TX,33,2012-11-08,General,MARC VEASEY,CHUCK BRADLEY,ED LINDSAY,85114,30252,2009,117375,72.51458998935037,25.773801916932907,46.740788072417466,D,True,True,True,3,1,1,1,D_vs_R,False,False,False,True,,"MIT Election Data and Science Lab, U.S. House 1976-2024",doi:10.7910/DVN/IG0UN2,2026-07-15
2012,House,TX-34,TX-34,TX,34,2012-11-08,General,FILEMON VELA,JESSICA PUENTE BRADSHAW,"STEVEN \""ZIGGY\"" SHANKLIN",89606,52448,2724,144778,61.892000165771044,36.22649850115349,25.66550166461755,D,True,True,True,3,1,1,1,D_vs_R,False,False,False,True,,"MIT Election Data and Science Lab, U.S. House 1976-2024",doi:10.7910/DVN/IG0UN2,2026-07-15
2012,House,TX-35,TX-35,TX,35,2012-11-08,General,LLOYD DOGGETT,SUSAN NARVAIZ,MEGHAN OWEN | ROSS LYNN LEONE,105626,52894,6659,165179,63.94638543640536,32.02223042880754,31.924155007597818,D,True,True,True,4,1,1,2,D_vs_R,False,False,False,True,,"MIT Election Data and Science Lab, U.S. House 1976-2024",doi:10.7910/DVN/IG0UN2,2026-07-15
2012,House,TX-36,TX-36,TX,36,2012-11-08,General,MAX MARTIN,STEVE STOCKMAN,MICHAEL K COLE,62143,165405,6284,233832,26.575917752916624,70.73668274658729,-44.16076499367067,R,True,True,True,3,1,1,1,D_vs_R,False,False,False,True,,"MIT Election Data and Science Lab, U.S. House 1976-2024",doi:10.7910/DVN/IG0UN2,2026-07-15
2012,House,UT-1,UT-1,UT,1,2012-11-08,General,DONNA M MCALEER,ROB BISHOP,SHERRY PHIPPS,60611,175487,9430,245528,24.685982861425174,71.47331465250399,-46.78733179107882,R,True,True,True,3,1,1,1,D_vs_R,False,False,False,True,,"MIT Election Data and Science Lab, U.S. House 1976-2024",doi:10.7910/DVN/IG0UN2,2026-07-15
2012,House,UT-2,UT-2,UT,2,2012-11-08,General,JAY SEEGMILLER,CHRIS STEWART,CHARLES E KIMBALL | JONATHAN D GARRARD | JOSEPH ANDRADE,83176,154523,10846,248545,33.465167273531954,62.17103542618037,-28.705868152648414,R,True,True,True,5,1,1,3,D_vs_R,False,False,False,True,,"MIT Election Data and Science Lab, U.S. House 1976-2024",doi:10.7910/DVN/IG0UN2,2026-07-15
2012,House,UT-3,UT-3,UT,3,2012-11-08,General,SOREN D SIMONSEN,JASON CHAFFETZ,,60719,198828,0,259547,23.394221470485114,76.60577852951488,-53.21155705902977,R,True,True,True,2,1,1,0,D_vs_R,False,False,False,True,,"MIT Election Data and Science Lab, U.S. House 1976-2024",doi:10.7910/DVN/IG0UN2,2026-07-15
2012,House,UT-4,UT-4,UT,4,2012-11-08,General,JIM MATHESON,MIA B LOVE,JIM L VEIN,119803,119035,6439,245277,48.843960094097696,48.5308447184204,0.31311537567729547,D,True,True,True,3,1,1,1,D_vs_R,False,False,False,True,,"MIT Election Data and Science Lab, U.S. House 1976-2024",doi:10.7910/DVN/IG0UN2,2026-07-15
2012,House,VA-1,VA-1,VA,1,2012-11-08,General,ADAM M COOK,ROBERT J WITTMAN,G GAIL PARKER,147036,200845,8925,356806,41.208948280017715,56.28969243790743,-15.080744157889722,R,True,True,True,3,1,1,1,D_vs_R,False,False,False,True,,"MIT Election Data and Science Lab, U.S. House 1976-2024",doi:10.7910/DVN/IG0UN2,2026-07-15
2012,House,VA-2,VA-2,VA,2,2012-11-08,General,PAUL O HIRSCHBIEL JR,E SCOTT RIGELL,,142548,166231,443,309222,46.09891922308245,53.75781800777435,-7.658898784691904,R,True,True,True,2,1,1,0,D_vs_R,False,False,False,True,,"MIT Election Data and Science Lab, U.S. House 1976-2024",doi:10.7910/DVN/IG0UN2,2026-07-15
2012,House,VA-3,VA-3,VA,3,2012-11-08,General,"ROBERT C \""BOBBY\"" SCOTT",DEAN J LONGO,,259199,58931,806,318936,81.2699099505857,18.477374771113954,62.79253517947174,D,True,True,True,2,1,1,0,D_vs_R,False,False,False,True,,"MIT Election Data and Science Lab, U.S. House 1976-2024",doi:10.7910/DVN/IG0UN2,2026-07-15
2012,House,VA-4,VA-4,VA,4,2012-11-08,General,ELLA P WARD,J RANDY FORBES,,150190,199292,564,350046,42.905789524805314,56.93308879404421,-14.0272992692389,R,True,True,True,2,1,1,0,D_vs_R,False,False,False,True,,"MIT Election Data and Science Lab, U.S. House 1976-2024",doi:10.7910/DVN/IG0UN2,2026-07-15
2012,House,VA-5,VA-5,VA,5,2012-11-08,General,JOHN WADE DOUGLASS,ROBERT HURT,KENNETH J HILDEBRANDT,149214,193009,5888,348111,42.86391409636582,55.444671383552944,-12.580757287187133,R,True,True,True,3,1,1,1,D_vs_R,False,False,False,True,,"MIT Election Data and Science Lab, U.S. House 1976-2024",doi:10.7910/DVN/IG0UN2,2026-07-15
2012,House,VA-6,VA-6,VA,6,2012-11-08,General,ANDY B SCHMOOKLER,BOB GOODLATTE,,111949,211278,666,323893,34.563575007795784,65.23080153013495,-30.667226522339167,R,True,True,True,2,1,1,0,D_vs_R,False,False,False,True,,"MIT Election Data and Science Lab, U.S. House 1976-2024",doi:10.7910/DVN/IG0UN2,2026-07-15
2012,House,VA-7,VA-7,VA,7,2012-11-08,General,E WAYNE POWELL,ERIC CANTOR,,158012,222983,914,381909,41.37425407623282,58.38642189631562,-17.012167820082794,R,True,True,True,2,1,1,0,D_vs_R,False,False,False,True,,"MIT Election Data and Science Lab, U.S. House 1976-2024",doi:10.7910/DVN/IG0UN2,2026-07-15
2012,House,VA-8,VA-8,VA,8,2012-11-08,General,JAMES P MORAN,J PATRICK MURRAY,JANET MURPHY | JASON J HOWELL,226847,107370,16970,351187,64.59436140859428,30.573455167759626,34.020906240834655,D,True,True,True,4,1,1,2,D_vs_R,False,False,False,True,,"MIT Election Data and Science Lab, U.S. House 1976-2024",doi:10.7910/DVN/IG0UN2,2026-07-15
2012,House,VA-9,VA-9,VA,9,2012-11-08,General,ANTHONY J FLACCAVENTO,H MORGAN GRIFFITH,,116400,184882,376,301658,38.58674392855485,61.28861160652129,-22.70186767796644,R,True,True,True,2,1,1,0,D_vs_R,False,False,False,True,,"MIT Election Data and Science Lab, U.S. House 1976-2024",doi:10.7910/DVN/IG0UN2,2026-07-15
2012,House,VA-10,VA-10,VA,10,2012-11-08,General,KRISTIN A CABRAL,FRANK R WOLF,J KEVIN CHISHOLM,142024,214038,10382,366444,38.757354466166724,58.409470478436,-19.652116012269268,R,True,True,True,3,1,1,1,D_vs_R,False,False,False,True,,"MIT Election Data and Science Lab, U.S. House 1976-2024",doi:10.7910/DVN/IG0UN2,2026-07-15
2012,House,VA-11,VA-11,VA,11,2012-11-08,General,GERALD E CONNOLLY,CHRIS S PERKINS,CHRISTOPHER F DECARLO | JOE F GALDO JR | MARK T GIBSON | PETER M MARCHETTI,202606,117902,11735,332243,60.981269733297616,35.486676920205994,25.49459281309162,D,True,True,True,6,1,1,4,D_vs_R,False,False,False,True,,"MIT Election Data and Science Lab, U.S. House 1976-2024",doi:10.7910/DVN/IG0UN2,2026-07-15
2012,House,VT-AL,VT-AL,VT,AL,2012-11-08,General,PETER WELCH,MARK DONKA,"ANDRE LAFRAMBOISE | JAMES \""SAM\"" DESROCHERS | JANE NEWTON",208600,67543,13788,289931,71.94815318127417,23.296232551883033,48.65192062939113,D,True,True,True,5,1,1,3,D_vs_R,False,False,False,True,,"MIT Election Data and Science Lab, U.S. House 1976-2024",doi:10.7910/DVN/IG0UN2,2026-07-15
2012,House,WA-1,WA-1,WA,1,2012-11-08,General,SUZAN DELBENE,JOHN KOSTER,,177025,151187,0,328212,53.93617539882759,46.06382460117241,7.872350797655174,D,True,True,True,2,1,1,0,D_vs_R,False,False,False,True,,"MIT Election Data and Science Lab, U.S. House 1976-2024",doi:10.7910/DVN/IG0UN2,2026-07-15
2012,House,WA-2,WA-2,WA,2,2012-11-08,General,RICK LARSEN,DAN MATTHEWS,,184826,117465,0,302291,61.14174752142803,38.85825247857197,22.283495042856057,D,True,True,True,2,1,1,0,D_vs_R,False,False,False,True,,"MIT Election Data and Science Lab, U.S. House 1976-2024",doi:10.7910/DVN/IG0UN2,2026-07-15
2012,House,WA-3,WA-3,WA,3,2012-11-08,General,JON T HAUGEN,JAIME HERRERA BEUTLER,,116438,177446,0,293884,39.6203944413442,60.3796055586558,-20.759211117311594,R,True,True,True,2,1,1,0,D_vs_R,False,False,False,True,,"MIT Election Data and Science Lab, U.S. House 1976-2024",doi:10.7910/DVN/IG0UN2,2026-07-15
2012,House,WA-4,WA-4,WA,4,2012-11-08,General,MARY BAECHLER,DOC HASTINGS,,78940,154749,0,233689,33.77993829405749,66.22006170594251,-32.440123411885025,R,True,True,True,2,1,1,0,D_vs_R,False,False,False,True,,"MIT Election Data and Science Lab, U.S. House 1976-2024",doi:10.7910/DVN/IG0UN2,2026-07-15
2012,House,WA-5,WA-5,WA,5,2012-11-08,General,RICH COWAN,CATHY MCMORRIS RODGERS,,117512,191066,0,308578,38.081781591688326,61.918218408311674,-23.83643681662335,R,True,True,True,2,1,1,0,D_vs_R,False,False,False,True,,"MIT Election Data and Science Lab, U.S. House 1976-2024",doi:10.7910/DVN/IG0UN2,2026-07-15
2012,House,WA-6,WA-6,WA,6,2012-11-08,General,DEREK KILMER,BILL DRISCOLL,,186661,129725,0,316386,58.99786969082071,41.00213030917929,17.995739381641414,D,True,True,True,2,1,1,0,D_vs_R,False,False,False,True,,"MIT Election Data and Science Lab, U.S. House 1976-2024",doi:10.7910/DVN/IG0UN2,2026-07-15
2012,House,WA-7,WA-7,WA,7,2012-11-08,General,JIM MCDERMOTT,RON BEMIS,,298368,76212,0,374580,79.65401249399328,20.34598750600673,59.30802498798654,D,True,True,True,2,1,1,0,D_vs_R,False,False,False,True,,"MIT Election Data and Science Lab, U.S. House 1976-2024",doi:10.7910/DVN/IG0UN2,2026-07-15
2012,House,WA-8,WA-8,WA,8,2012-11-08,General,KAREN PORTERFIELD,DAVID G REICHERT,,121886,180204,0,302090,40.34757853619782,59.65242146380218,-19.304842927604355,R,True,True,True,2,1,1,0,D_vs_R,False,False,False,True,,"MIT Election Data and Science Lab, U.S. House 1976-2024",doi:10.7910/DVN/IG0UN2,2026-07-15
2012,House,WA-9,WA-9,WA,9,2012-11-08,General,ADAM SMITH,JIM POSTMA,,192034,76105,0,268139,71.61733280127098,28.382667198729017,43.234665602541966,D,True,True,True,2,1,1,0,D_vs_R,False,False,False,True,,"MIT Election Data and Science Lab, U.S. House 1976-2024",doi:10.7910/DVN/IG0UN2,2026-07-15
2012,House,WA-10,WA-10,WA,10,2012-11-08,General,DENNY HECK,"RICHARD \""DICK\"" MURI",,163036,115381,0,278417,58.558205856682605,41.441794143317395,17.116411713365203,D,True,True,True,2,1,1,0,D_vs_R,False,False,False,True,,"MIT Election Data and Science Lab, U.S. House 1976-2024",doi:10.7910/DVN/IG0UN2,2026-07-15
2012,House,WI-1,WI-1,WI,1,2012-11-08,General,ROB ZERBAN,PAUL RYAN,KEITH DESCHLER,158414,200423,6221,365058,43.39420037363926,54.90168685523944,-11.507486481600184,R,True,True,True,3,1,1,1,D_vs_R,False,False,False,True,,"MIT Election Data and Science Lab, U.S. House 1976-2024",doi:10.7910/DVN/IG0UN2,2026-07-15
2012,House,WI-2,WI-2,WI,2,2012-11-08,General,MARK POCAN,CHAD LEE,,265422,124683,793,390898,67.90057764429595,31.896556134848478,36.004021509447476,D,True,True,True,2,1,1,0,D_vs_R,False,False,False,True,,"MIT Election Data and Science Lab, U.S. House 1976-2024",doi:10.7910/DVN/IG0UN2,2026-07-15
2012,House,WI-3,WI-3,WI,3,2012-11-08,General,RON KIND,RAY BOLAND,,217712,121713,339,339764,64.07741844339012,35.82280641857289,28.254612024817227,D,True,True,True,2,1,1,0,D_vs_R,False,False,False,True,,"MIT Election Data and Science Lab, U.S. House 1976-2024",doi:10.7910/DVN/IG0UN2,2026-07-15
2012,House,WI-4,WI-4,WI,4,2012-11-08,General,GWEN MOORE,DAN SEBRING,ROBERT R RAYMOND,235257,80787,9744,325788,72.21168367159011,24.79741426940219,47.41426940218793,D,True,True,True,3,1,1,1,D_vs_R,False,False,False,True,,"MIT Election Data and Science Lab, U.S. House 1976-2024",doi:10.7910/DVN/IG0UN2,2026-07-15
2012,House,WI-5,WI-5,WI,5,2012-11-08,General,DAVE HEASTER,F JAMES SENSENBRENNER JR,,118478,250335,851,369664,32.05018611495845,67.71960483033241,-35.66941871537396,R,True,True,True,2,1,1,0,D_vs_R,False,False,False,True,,"MIT Election Data and Science Lab, U.S. House 1976-2024",doi:10.7910/DVN/IG0UN2,2026-07-15
2012,House,WI-6,WI-6,WI,6,2012-11-08,General,JOE KALLAS,THOMAS E PETRI,,135921,223460,364,359745,37.7825960055039,62.11622121224757,-24.333625206743665,R,True,True,True,2,1,1,0,D_vs_R,False,False,False,True,,"MIT Election Data and Science Lab, U.S. House 1976-2024",doi:10.7910/DVN/IG0UN2,2026-07-15
2012,House,WI-7,WI-7,WI,7,2012-11-08,General,PAT KREITLOW,SEAN P DUFFY,,157524,201720,425,359669,43.79693551571028,56.084900283316045,-12.287964767605771,R,True,True,True,2,1,1,0,D_vs_R,False,False,False,True,,"MIT Election Data and Science Lab, U.S. House 1976-2024",doi:10.7910/DVN/IG0UN2,2026-07-15
2012,House,WI-8,WI-8,WI,8,2012-11-08,General,JAMIE WALL,REID J RIBBLE,,156287,198874,303,355464,43.96704026286769,55.9477190376522,-11.980678774784508,R,True,True,True,2,1,1,0,D_vs_R,False,False,False,True,,"MIT Election Data and Science Lab, U.S. House 1976-2024",doi:10.7910/DVN/IG0UN2,2026-07-15
2012,House,WV-1,WV-1,WV,1,2012-11-08,General,SUE THORN,DAVID B MCKINLEY,,80342,133809,0,214151,37.51651871810078,62.48348128189922,-24.96696256379844,R,True,True,True,2,1,1,0,D_vs_R,False,False,False,True,,"MIT Election Data and Science Lab, U.S. House 1976-2024",doi:10.7910/DVN/IG0UN2,2026-07-15
2012,House,WV-2,WV-2,WV,2,2012-11-08,General,HOWARD SWINT,SHELLEY MOORE CAPITO,,68560,158206,0,226766,30.233809301217995,69.766190698782,-39.53238139756401,R,True,True,True,2,1,1,0,D_vs_R,False,False,False,True,,"MIT Election Data and Science Lab, U.S. House 1976-2024",doi:10.7910/DVN/IG0UN2,2026-07-15
2012,House,WV-3,WV-3,WV,3,2012-11-08,General,NICK J RAHALL II,RICK SNUFFER,,108199,92238,0,200437,53.98155031256704,46.01844968743296,7.963100625134082,D,True,True,True,2,1,1,0,D_vs_R,False,False,False,True,,"MIT Election Data and Science Lab, U.S. House 1976-2024",doi:10.7910/DVN/IG0UN2,2026-07-15
2012,House,WY-AL,WY-AL,WY,AL,2012-11-08,General,CHRIS HENRICHSEN,CYNTHIA M LUMMIS,BLANK VOTE | DANIEL CLYDE CUMMINGS | DON WILLS | OVER VOTE | RICHARD P BRUBAKER,57573,166452,26675,250700,22.96489828480255,66.39489429597128,-43.429996011168726,R,True,True,True,7,1,1,5,D_vs_R,False,False,False,True,,"MIT Election Data and Science Lab, U.S. House 1976-2024",doi:10.7910/DVN/IG0UN2,2026-07-15
