candidate_uid,cycle,chamber,race_id,state,district,party_code,candidate_name_canonical,candidate_name_mit,candidate_name_fec,fec_candidate_id,principal_campaign_committee_id,incumbent_challenger_status,is_incumbent,is_challenger,is_open_seat_candidate,fec_candidate_status,candidate_vote_total,candidate_vote_share,match_method,match_score,match_reason,second_best_score,candidate_count_considered,source_results,source_candidate_identity
HOUSE_2020_AK_AL_D_ALYSE_S_GALVIN,2020,House,AK-AL,AK,AL,D,ALYSE S GALVIN,ALYSE S GALVIN,,,,,False,False,False,,159856,0.45263828522078914,unmatched,0.0,last_name_mismatch+scope_same_race,0.0,2,MIT Election Data and Science Lab,Federal Election Commission
HOUSE_2020_AK_AL_R_DON_YOUNG,2020,House,AK-AL,AK,AL,R,DON YOUNG,DON YOUNG,"YOUNG, DONALD E",H6AK00045,C00012229,I,True,False,False,C,192126,0.5440120057197061,high_confidence_automatic,88.75,last_exact+first_match+scope_same_race,0.0,2,MIT Election Data and Science Lab,Federal Election Commission
HOUSE_2020_AL_1_D_JAMES_AVERHART,2020,House,AL-1,AL,1,D,JAMES AVERHART,JAMES AVERHART,"AVERHART, JAMES",H0AL01097,C00708867,O,False,False,True,C,116949,0.35538706981691104,high_confidence_automatic,100.0,last_exact+first_match+token_overlap+scope_same_race,2.0,3,MIT Election Data and Science Lab,Federal Election Commission
HOUSE_2020_AL_1_R_JERRY_CARL,2020,House,AL-1,AL,1,R,JERRY CARL,JERRY CARL,"CARL, JERRY LEE, JR",H0AL01055,C00697789,O,False,False,True,C,211825,0.6436982450809086,high_confidence_automatic,95.0,last_exact+first_match+token_overlap+scope_same_race,2.0,7,MIT Election Data and Science Lab,Federal Election Commission
HOUSE_2020_AL_2_D_PHYLLIS_HARVEY_HALL,2020,House,AL-2,AL,2,D,PHYLLIS HARVEY-HALL,PHYLLIS HARVEY-HALL,"HARVEY-HALL, PHYLLIS",H0AL02202,C00728873,O,False,False,True,C,105286,0.34682724520619695,high_confidence_automatic,100.0,last_exact+first_match+token_overlap+scope_same_race,2.0,2,MIT Election Data and Science Lab,Federal Election Commission
HOUSE_2020_AL_2_R_BARRY_MOORE,2020,House,AL-2,AL,2,R,BARRY MOORE,BARRY MOORE,"MOORE, FELIX BARRY",H8AL02171,C00720375,O,False,False,True,C,197996,0.6522273354657425,high_confidence_automatic,92.0,last_exact+alternate_given_name_match+token_overlap+scope_same_race,2.0,9,MIT Election Data and Science Lab,Federal Election Commission
HOUSE_2020_AL_3_D_ADIA_WINFREY,2020,House,AL-3,AL,3,D,ADIA WINFREY,ADIA WINFREY,"WINFREY, ADIA",H8AL03062,C00669010,C,False,True,False,C,104595,0.3245933079687432,high_confidence_automatic,100.0,last_exact+first_match+token_overlap+scope_same_race,0.0,2,MIT Election Data and Science Lab,Federal Election Commission
HOUSE_2020_AL_3_R_MIKE_ROGERS,2020,House,AL-3,AL,3,R,MIKE ROGERS,MIKE ROGERS,"ROGERS, MICHAEL",H2AL03032,C00367862,I,True,False,False,C,217384,0.6746153416461329,high_confidence_automatic,90.0,last_exact+first_match+scope_same_race,,1,MIT Election Data and Science Lab,Federal Election Commission
HOUSE_2020_AL_4_D_RICK_NEIGHBORS,2020,House,AL-4,AL,4,D,RICK NEIGHBORS,RICK NEIGHBORS,"NEIGHBORS, RICKY",H8AL04086,C00729764,C,False,True,False,C,56237,0.17682978596291532,probable_automatic,72.0,last_exact+first_initial+scope_same_race,,1,MIT Election Data and Science Lab,Federal Election Commission
HOUSE_2020_AL_4_R_ROBERT_B_ADERHOLT,2020,House,AL-4,AL,4,R,ROBERT B ADERHOLT,ROBERT B ADERHOLT,"ADERHOLT, ROBERT B. REP.",H6AL04098,C00313247,I,True,False,False,C,261553,0.8224187102434055,high_confidence_automatic,96.25,last_exact+first_match+token_overlap+scope_same_race,,1,MIT Election Data and Science Lab,Federal Election Commission
HOUSE_2020_AL_5_R_MO_BROOKS,2020,House,AL-5,AL,5,R,MO BROOKS,MO BROOKS,"BROOKS, MO",H0AL05163,C00464149,I,True,False,False,C,253094,0.9581087219866747,high_confidence_automatic,100.0,last_exact+first_match+token_overlap+scope_same_race,2.0,2,MIT Election Data and Science Lab,Federal Election Commission
HOUSE_2020_AL_6_R_GARY_J_PALMER,2020,House,AL-6,AL,6,R,GARY J PALMER,GARY J PALMER,"PALMER, GARY",H4AL06098,C00551374,I,True,False,False,C,274160,0.9712996127697415,high_confidence_automatic,95.0,last_exact+first_match+token_overlap+scope_same_race,0.0,2,MIT Election Data and Science Lab,Federal Election Commission
HOUSE_2020_AL_7_D_TERRI_A_SEWELL,2020,House,AL-7,AL,7,D,TERRI A SEWELL,TERRI A SEWELL,"SEWELL, TERRI A.",H0AL07086,C00458976,I,True,False,False,C,225742,0.9716396003977085,high_confidence_automatic,100.0,last_exact+first_match+token_overlap+scope_same_race,0.0,2,MIT Election Data and Science Lab,Federal Election Commission
HOUSE_2020_AR_1_R_ERIC_A_RICK_CRAWFORD,2020,House,AR-1,AR,1,R,"ERIC A \""RICK\"" CRAWFORD","ERIC A \""RICK\"" CRAWFORD","CRAWFORD, ERIC ALAN RICK",H0AR01083,C00462374,I,True,False,False,C,237596,1.0,high_confidence_automatic,94.0,last_exact+first_match+token_overlap+scope_same_race,,1,MIT Election Data and Science Lab,Federal Election Commission
HOUSE_2020_AR_2_D_JOYCE_ELLIOTT,2020,House,AR-2,AR,2,D,JOYCE ELLIOTT,JOYCE ELLIOTT,"ELLIOTT, JOYCE ANN SENATOR",H0AR02206,C00726943,C,False,True,False,C,148410,0.4463418375172555,high_confidence_automatic,92.5,last_exact+first_match+token_overlap+scope_same_race,,1,MIT Election Data and Science Lab,Federal Election Commission
HOUSE_2020_AR_2_R_J_FRENCH_HILL,2020,House,AR-2,AR,2,R,J FRENCH HILL,J FRENCH HILL,"HILL, JAMES FRENCH",H4AR02141,C00551275,I,True,False,False,C,184093,0.5536581624827445,probable_automatic,74.5,last_exact+first_initial+token_overlap+scope_same_race,,1,MIT Election Data and Science Lab,Federal Election Commission
HOUSE_2020_AR_3_D_CELESTE_WILLIAMS,2020,House,AR-3,AR,3,D,CELESTE WILLIAMS,CELESTE WILLIAMS,"WILLIAMS, CELESTE SARENE",H0AR03105,C00709667,C,False,True,False,C,106325,0.3180888045904111,high_confidence_automatic,95.0,last_exact+first_match+token_overlap+scope_same_race,,1,MIT Election Data and Science Lab,Federal Election Commission
HOUSE_2020_AR_3_R_STEVE_WOMACK,2020,House,AR-3,AR,3,R,STEVE WOMACK,STEVE WOMACK,"WOMACK, STEVE",H0AR03055,C00477745,I,True,False,False,C,214960,0.643088355840628,high_confidence_automatic,100.0,last_exact+first_match+token_overlap+scope_same_race,,1,MIT Election Data and Science Lab,Federal Election Commission
HOUSE_2020_AR_4_D_WILLIAM_H_HANSON,2020,House,AR-4,AR,4,D,WILLIAM H HANSON,WILLIAM H HANSON,"HANSON, WILLIAM MR.",H0AR04087,C00717439,C,False,True,False,C,75750,0.27541949206464633,high_confidence_automatic,95.0,last_exact+first_match+token_overlap+scope_same_race,0.0,2,MIT Election Data and Science Lab,Federal Election Commission
HOUSE_2020_AR_4_R_BRUCE_WESTERMAN,2020,House,AR-4,AR,4,R,BRUCE WESTERMAN,BRUCE WESTERMAN,"WESTERMAN, BRUCE",H4AR04048,C00548180,I,True,False,False,C,191617,0.6967004199465523,high_confidence_automatic,100.0,last_exact+first_match+token_overlap+scope_same_race,,1,MIT Election Data and Science Lab,Federal Election Commission
HOUSE_2020_AZ_1_D_TOM_O_HALLERAN,2020,House,AZ-1,AZ,1,D,TOM O'HALLERAN,TOM O'HALLERAN,"O'HALLERAN, TOM",H6AZ01199,C00582890,I,True,False,False,C,188469,0.5161017366873142,high_confidence_automatic,100.0,last_exact+first_match+token_overlap+scope_same_race,2.0,5,MIT Election Data and Science Lab,Federal Election Commission
HOUSE_2020_AZ_1_R_TIFFANY_SHEDD,2020,House,AZ-1,AZ,1,R,TIFFANY SHEDD,TIFFANY SHEDD,"SHEDD, TIFFANY",H8AZ01237,C00657155,C,False,True,False,C,176709,0.4838982633126859,high_confidence_automatic,100.0,last_exact+first_match+token_overlap+scope_same_race,2.0,6,MIT Election Data and Science Lab,Federal Election Commission
HOUSE_2020_AZ_2_D_ANN_KIRKPATRICK,2020,House,AZ-2,AZ,2,D,ANN KIRKPATRICK,ANN KIRKPATRICK,"KIRKPATRICK, ANN",H8AZ01104,C00651042,I,True,False,False,C,209945,0.5509586567783044,high_confidence_automatic,100.0,last_exact+first_match+token_overlap+scope_same_race,2.0,4,MIT Election Data and Science Lab,Federal Election Commission
HOUSE_2020_AZ_2_R_BRANDON_MARTIN,2020,House,AZ-2,AZ,2,R,BRANDON MARTIN,BRANDON MARTIN,,,,,False,False,False,,170975,0.44868968702598583,unmatched,0.0,last_name_mismatch+scope_same_race,2.0,9,MIT Election Data and Science Lab,Federal Election Commission
HOUSE_2020_AZ_3_D_RAUL_M_GRIJALVA,2020,House,AZ-3,AZ,3,D,RAUL M GRIJALVA,RAUL M GRIJALVA,"GRIJALVA, RAUL M",H2AZ07070,C00374058,I,True,False,False,C,174243,0.6457342766188476,high_confidence_automatic,100.0,last_exact+first_match+token_overlap+scope_same_race,,1,MIT Election Data and Science Lab,Federal Election Commission
HOUSE_2020_AZ_3_R_DANIEL_WOOD,2020,House,AZ-3,AZ,3,R,DANIEL WOOD,DANIEL WOOD,"WOOD, DANIEL",H0AZ03461,C00725697,C,False,True,False,C,95594,0.3542657233811523,high_confidence_automatic,100.0,last_exact+first_match+token_overlap+scope_same_race,0.0,3,MIT Election Data and Science Lab,Federal Election Commission
HOUSE_2020_AZ_4_D_DELINA_DISANTO,2020,House,AZ-4,AZ,4,D,DELINA DISANTO,DELINA DISANTO,"DISANTO, DELINA",H8AZ04165,C00672154,C,False,True,False,C,120484,0.3022504973370829,high_confidence_automatic,100.0,last_exact+first_match+token_overlap+scope_same_race,2.0,3,MIT Election Data and Science Lab,Federal Election Commission
HOUSE_2020_AZ_4_R_PAUL_A_GOSAR,2020,House,AZ-4,AZ,4,R,PAUL A GOSAR,PAUL A GOSAR,"GOSAR, PAUL DR.",H0AZ01259,C00461806,I,True,False,False,C,278002,0.6974058195337449,high_confidence_automatic,95.0,last_exact+first_match+token_overlap+scope_same_race,2.0,2,MIT Election Data and Science Lab,Federal Election Commission
HOUSE_2020_AZ_5_D_JOAN_GREENE,2020,House,AZ-5,AZ,5,D,JOAN GREENE,JOAN GREENE,"GREENE, JOAN",H8AZ05154,C00640938,C,False,True,False,C,183171,0.411013402684127,high_confidence_automatic,100.0,last_exact+first_match+token_overlap+scope_same_race,2.0,4,MIT Election Data and Science Lab,Federal Election Commission
HOUSE_2020_AZ_5_R_ANDY_BIGGS,2020,House,AZ-5,AZ,5,R,ANDY BIGGS,ANDY BIGGS,"BIGGS, ANDY MR.",H6AZ05083,C00610451,I,True,False,False,C,262414,0.5888250380898314,high_confidence_automatic,100.0,last_exact+first_match+token_overlap+scope_same_race,0.0,3,MIT Election Data and Science Lab,Federal Election Commission
HOUSE_2020_AZ_6_D_HIRAL_TIPIRNENI,2020,House,AZ-6,AZ,6,D,HIRAL TIPIRNENI,HIRAL TIPIRNENI,"TIPIRNENI, HIRAL VYAS",H8AZ08083,C00649897,C,False,True,False,C,199644,0.47827284770750333,high_confidence_automatic,95.0,last_exact+first_match+token_overlap+scope_same_race,2.0,4,MIT Election Data and Science Lab,Federal Election Commission
HOUSE_2020_AZ_6_R_DAVID_SCHWEIKERT,2020,House,AZ-6,AZ,6,R,DAVID SCHWEIKERT,DAVID SCHWEIKERT,"SCHWEIKERT, DAVID S.",H4AZ06045,C00540617,I,True,False,False,C,217783,0.5217271522924967,high_confidence_automatic,95.0,last_exact+first_match+token_overlap+scope_same_race,,1,MIT Election Data and Science Lab,Federal Election Commission
HOUSE_2020_AZ_7_D_RUBEN_GALLEGO,2020,House,AZ-7,AZ,7,D,RUBEN GALLEGO,RUBEN GALLEGO,"GALLEGO, RUBEN",H4AZ07043,C00558627,I,True,False,False,C,165452,0.7669330465577661,high_confidence_automatic,100.0,last_exact+first_match+token_overlap+scope_same_race,0.0,2,MIT Election Data and Science Lab,Federal Election Commission
HOUSE_2020_AZ_7_R_JOSHUA_BARNETT,2020,House,AZ-7,AZ,7,R,JOSHUA BARNETT,JOSHUA BARNETT,"BARNETT, JOSH",H0AZ07082,C00702332,C,False,True,False,C,50226,0.2328166428717112,probable_automatic,72.0,last_exact+first_initial+scope_same_race,0.0,2,MIT Election Data and Science Lab,Federal Election Commission
HOUSE_2020_AZ_8_D_MICHAEL_MUSCATO,2020,House,AZ-8,AZ,8,D,MICHAEL MUSCATO,MICHAEL MUSCATO,"MUSCATO, MICHAEL ARCHANGEL",H0AZ08072,C00703124,C,False,True,False,C,170816,0.4043298056416241,high_confidence_automatic,95.0,last_exact+first_match+token_overlap+scope_same_race,2.0,5,MIT Election Data and Science Lab,Federal Election Commission
HOUSE_2020_AZ_8_R_DEBBIE_LESKO,2020,House,AZ-8,AZ,8,R,DEBBIE LESKO,DEBBIE LESKO,"LESKO, DEBBIE",H8AZ08158,C00663914,I,True,False,False,C,251633,0.5956275874802055,high_confidence_automatic,100.0,last_exact+first_match+token_overlap+scope_same_race,2.0,2,MIT Election Data and Science Lab,Federal Election Commission
HOUSE_2020_AZ_9_D_GREG_STANTON,2020,House,AZ-9,AZ,9,D,GREG STANTON,GREG STANTON,"STANTON, GREG",H8AZ09040,C00657304,I,True,False,False,C,217094,0.6162646122052721,high_confidence_automatic,100.0,last_exact+first_match+token_overlap+scope_same_race,2.0,2,MIT Election Data and Science Lab,Federal Election Commission
HOUSE_2020_AZ_9_R_DAVE_GILES,2020,House,AZ-9,AZ,9,R,DAVE GILES,DAVE GILES,"GILES, DAVID VICTOR",H6AZ09010,C00572602,C,False,True,False,C,135180,0.383735387794728,high_confidence_automatic,88.75,last_exact+first_match+scope_same_race,2.0,7,MIT Election Data and Science Lab,Federal Election Commission
HOUSE_2020_CA_1_D_AUDREY_DENNEY,2020,House,CA-1,CA,1,D,AUDREY DENNEY,AUDREY DENNEY,"DENNEY, AUDREY L",H8CA01257,C00664409,C,False,True,False,C,154073,0.43005557369865155,high_confidence_automatic,95.0,last_exact+first_match+token_overlap+scope_same_race,0.0,4,MIT Election Data and Science Lab,Federal Election Commission
HOUSE_2020_CA_1_R_DOUG_LAMALFA,2020,House,CA-1,CA,1,R,DOUG LAMALFA,DOUG LAMALFA,"LAMALFA, DOUG",H2CA02142,C00509422,I,True,False,False,C,204190,0.5699444263013485,high_confidence_automatic,100.0,last_exact+first_match+token_overlap+scope_same_race,0.0,2,MIT Election Data and Science Lab,Federal Election Commission
HOUSE_2020_CA_10_D_JOSH_HARDER,2020,House,CA-10,CA,10,D,JOSH HARDER,JOSH HARDER,"HARDER, JOSH",H8CA10126,C00639146,I,True,False,False,C,166865,0.5516307761476261,high_confidence_automatic,100.0,last_exact+first_match+token_overlap+scope_same_race,2.0,3,MIT Election Data and Science Lab,Federal Election Commission
HOUSE_2020_CA_10_R_TED_HOWZE,2020,House,CA-10,CA,10,R,TED HOWZE,TED HOWZE,"HOWZE, TED D II",H8CA10209,C00681544,C,False,True,False,C,135629,0.44836922385237393,high_confidence_automatic,95.0,last_exact+first_match+token_overlap+scope_same_race,2.0,6,MIT Election Data and Science Lab,Federal Election Commission
HOUSE_2020_CA_11_D_MARK_DESAULNIER,2020,House,CA-11,CA,11,D,MARK DESAULNIER,MARK DESAULNIER,"DESAULNIER, MARK",H0CA10073,C00554709,I,True,False,False,C,271063,0.7299276166266332,high_confidence_automatic,100.0,last_exact+first_match+token_overlap+scope_same_race,,1,MIT Election Data and Science Lab,Federal Election Commission
HOUSE_2020_CA_11_R_NISHA_SHARMA,2020,House,CA-11,CA,11,R,NISHA SHARMA,NISHA SHARMA,"SHARMA, NISHA",H0CA15262,C00723031,O,False,False,True,C,100293,0.2700723833733668,high_confidence_automatic,100.0,last_exact+first_match+token_overlap+scope_same_race,,1,MIT Election Data and Science Lab,Federal Election Commission
HOUSE_2020_CA_12_D_NANCY_PELOSI,2020,House,CA-12,CA,12,D,NANCY PELOSI,NANCY PELOSI,"PELOSI, NANCY",H8CA05035,C00213512,I,True,False,False,C,281776,0.7763493594158976,high_confidence_automatic,100.0,last_exact+first_match+token_overlap+scope_same_race,2.0,4,MIT Election Data and Science Lab,Federal Election Commission
HOUSE_2020_CA_12_D_SHAHID_BUTTAR,2020,House,CA-12,CA,12,D,SHAHID BUTTAR,SHAHID BUTTAR,"BUTTAR, SHAHID",H8CA12262,C00670463,C,False,True,False,C,81174,0.2236506405841025,high_confidence_automatic,100.0,last_exact+first_match+token_overlap+scope_same_race,2.0,4,MIT Election Data and Science Lab,Federal Election Commission
HOUSE_2020_CA_13_D_BARBARA_LEE,2020,House,CA-13,CA,13,D,BARBARA LEE,BARBARA LEE,"LEE, BARBARA",H8CA09060,C00331769,I,True,False,False,C,327863,0.9036569299207867,high_confidence_automatic,100.0,last_exact+first_match+token_overlap+scope_same_race,,1,MIT Election Data and Science Lab,Federal Election Commission
HOUSE_2020_CA_13_R_NIKKA_PITERMAN,2020,House,CA-13,CA,13,R,NIKKA PITERMAN,NIKKA PITERMAN,"PITERMAN, KONSTANTINE NIKKA-SHER",H0CA13127,C00708214,C,False,True,False,C,34955,0.09634307007921326,high_confidence_automatic,89.5,last_exact+alternate_given_name_match+token_overlap+scope_same_race,,1,MIT Election Data and Science Lab,Federal Election Commission
HOUSE_2020_CA_14_D_JACKIE_SPEIER,2020,House,CA-14,CA,14,D,JACKIE SPEIER,JACKIE SPEIER,"SPEIER, JACKIE",H8CA12171,C00443705,I,True,False,False,C,278300,0.7928661984872011,high_confidence_automatic,100.0,last_exact+first_match+token_overlap+scope_same_race,2.0,2,MIT Election Data and Science Lab,Federal Election Commission
HOUSE_2020_CA_14_R_RAN_S_PETEL,2020,House,CA-14,CA,14,R,RAN S PETEL,RAN S PETEL,"PETEL, RAN S",H0CA14125,,C,False,True,False,N,72705,0.20713380151279898,high_confidence_automatic,100.0,last_exact+first_match+token_overlap+scope_same_race,,1,MIT Election Data and Science Lab,Federal Election Commission
HOUSE_2020_CA_15_D_ERIC_SWALWELL,2020,House,CA-15,CA,15,D,ERIC SWALWELL,ERIC SWALWELL,"SWALWELL, ERIC MICHAEL",H2CA15094,C00502294,I,True,False,False,C,242991,0.7090466616671676,high_confidence_automatic,95.0,last_exact+first_match+token_overlap+scope_same_race,2.0,6,MIT Election Data and Science Lab,Federal Election Commission
HOUSE_2020_CA_15_R_ALISON_HAYDEN,2020,House,CA-15,CA,15,R,ALISON HAYDEN,ALISON HAYDEN,"HAYDEN, ALISON",H0CA15247,C00714568,O,False,False,True,N,99710,0.29095333833283243,high_confidence_automatic,100.0,last_exact+first_match+token_overlap+scope_same_race,0.0,2,MIT Election Data and Science Lab,Federal Election Commission
HOUSE_2020_CA_16_D_JIM_COSTA,2020,House,CA-16,CA,16,D,JIM COSTA,JIM COSTA,"COSTA, JIM MR.",H4CA20082,C00391029,I,True,False,False,C,128690,0.5937830193467418,high_confidence_automatic,100.0,last_exact+first_match+token_overlap+scope_same_race,2.0,3,MIT Election Data and Science Lab,Federal Election Commission
HOUSE_2020_CA_16_R_KEVIN_COOKINGHAM,2020,House,CA-16,CA,16,R,KEVIN COOKINGHAM,KEVIN COOKINGHAM,"COOKINGHAM, KEVIN",H0CA16120,C00710699,C,False,True,False,C,88039,0.40621698065325823,high_confidence_automatic,100.0,last_exact+first_match+token_overlap+scope_same_race,,1,MIT Election Data and Science Lab,Federal Election Commission
HOUSE_2020_CA_17_D_RO_KHANNA,2020,House,CA-17,CA,17,D,RO KHANNA,RO KHANNA,"KHANNA, ROHIT",H4CA12055,C00503185,I,True,False,False,C,212137,0.7134588479027094,probable_automatic,72.0,last_exact+first_initial+scope_same_race,0.0,2,MIT Election Data and Science Lab,Federal Election Commission
HOUSE_2020_CA_17_R_RITESH_TANDON,2020,House,CA-17,CA,17,R,RITESH TANDON,RITESH TANDON,"TANDON, RITESH",H0CA17193,C00721878,C,False,True,False,C,85199,0.2865411520972906,high_confidence_automatic,100.0,last_exact+first_match+token_overlap+scope_same_race,,1,MIT Election Data and Science Lab,Federal Election Commission
HOUSE_2020_CA_18_D_ANNA_G_ESHOO,2020,House,CA-18,CA,18,D,ANNA G ESHOO,ANNA G ESHOO,"ESHOO, ANNA G",H8CA12098,C00258475,I,True,False,False,C,217388,0.6316866150014965,high_confidence_automatic,100.0,last_exact+first_match+token_overlap+scope_same_race,2.0,2,MIT Election Data and Science Lab,Federal Election Commission
HOUSE_2020_CA_18_D_RISHI_KUMAR,2020,House,CA-18,CA,18,D,RISHI KUMAR,RISHI KUMAR,"KUMAR, RISHI",H0CA18068,C00695858,C,False,True,False,C,126751,0.3683133849985035,high_confidence_automatic,100.0,last_exact+first_match+token_overlap+scope_same_race,2.0,2,MIT Election Data and Science Lab,Federal Election Commission
HOUSE_2020_CA_19_D_ZOE_LOFGREN,2020,House,CA-19,CA,19,D,ZOE LOFGREN,ZOE LOFGREN,"LOFGREN, ZOE",H4CA16049,C00289603,I,True,False,False,C,224385,0.7168231494407831,high_confidence_automatic,100.0,last_exact+first_match+token_overlap+scope_same_race,0.0,4,MIT Election Data and Science Lab,Federal Election Commission
HOUSE_2020_CA_19_R_JUSTIN_JAMES_AGUILERA,2020,House,CA-19,CA,19,R,JUSTIN JAMES AGUILERA,JUSTIN JAMES AGUILERA,"AGUILERA, JUSTIN",H8CA19051,C00683532,C,False,True,False,N,88642,0.28317685055921693,high_confidence_automatic,95.0,last_exact+first_match+token_overlap+scope_same_race,2.0,2,MIT Election Data and Science Lab,Federal Election Commission
HOUSE_2020_CA_2_D_JARED_HUFFMAN,2020,House,CA-2,CA,2,D,JARED HUFFMAN,JARED HUFFMAN,"HUFFMAN, JARED",H2CA06259,C00536680,I,True,False,False,C,294435,0.7573793263109156,high_confidence_automatic,100.0,last_exact+first_match+token_overlap+scope_same_race,2.0,3,MIT Election Data and Science Lab,Federal Election Commission
HOUSE_2020_CA_2_R_DALE_K_MENSING,2020,House,CA-2,CA,2,R,DALE K MENSING,DALE K MENSING,"MENSING, DALE KENNETH",H4CA02098,C00543553,C,False,True,False,N,94320,0.24262067368908438,high_confidence_automatic,92.5,last_exact+first_match+token_overlap+scope_same_race,,1,MIT Election Data and Science Lab,Federal Election Commission
HOUSE_2020_CA_20_D_JIMMY_PANETTA,2020,House,CA-20,CA,20,D,JIMMY PANETTA,JIMMY PANETTA,"PANETTA, JIMMY",H6CA20152,C00592154,I,True,False,False,C,236896,0.7677618828470867,high_confidence_automatic,100.0,last_exact+first_match+token_overlap+scope_same_race,2.0,2,MIT Election Data and Science Lab,Federal Election Commission
HOUSE_2020_CA_20_R_JEFF_GORMAN,2020,House,CA-20,CA,20,R,JEFF GORMAN,JEFF GORMAN,"GORMAN, JEFF",H0CA20122,C00722363,C,False,True,False,C,71658,0.23223811715291326,high_confidence_automatic,100.0,last_exact+first_match+token_overlap+scope_same_race,,1,MIT Election Data and Science Lab,Federal Election Commission
HOUSE_2020_CA_21_D_TJ_COX,2020,House,CA-21,CA,21,D,TJ COX,TJ COX,"COX, TERRENCE JOHN (TJ)",H8CA10167,C00648956,I,True,False,False,C,84406,0.4955323071142579,probable_automatic,70.75,last_exact+first_initial+scope_same_race,0.0,2,MIT Election Data and Science Lab,Federal Election Commission
HOUSE_2020_CA_21_R_DAVID_G_VALADAO,2020,House,CA-21,CA,21,R,DAVID G VALADAO,DAVID G VALADAO,"VALADAO, DAVID",H2CA20094,C00499392,C,False,True,False,C,85928,0.5044676928857421,high_confidence_automatic,95.0,last_exact+first_match+token_overlap+scope_same_race,0.0,2,MIT Election Data and Science Lab,Federal Election Commission
HOUSE_2020_CA_22_D_PHIL_ARBALLO,2020,House,CA-22,CA,22,D,PHIL ARBALLO,PHIL ARBALLO,"ARBALLO, PHIL",H0CA22102,C00708479,C,False,True,False,C,144251,0.457737696698917,high_confidence_automatic,100.0,last_exact+first_match+token_overlap+scope_same_race,2.0,3,MIT Election Data and Science Lab,Federal Election Commission
HOUSE_2020_CA_22_R_DEVIN_NUNES,2020,House,CA-22,CA,22,R,DEVIN NUNES,DEVIN NUNES,"NUNES, DEVIN G.",H8CA20059,C00370056,I,True,False,False,C,170888,0.542262303301083,high_confidence_automatic,95.0,last_exact+first_match+token_overlap+scope_same_race,,1,MIT Election Data and Science Lab,Federal Election Commission
HOUSE_2020_CA_23_D_KIM_MANGONE,2020,House,CA-23,CA,23,D,KIM MANGONE,KIM MANGONE,"MANGONE, KIM",H0CA23167,C00709550,C,False,True,False,C,115896,0.37859910230695354,high_confidence_automatic,100.0,last_exact+first_match+token_overlap+scope_same_race,,1,MIT Election Data and Science Lab,Federal Election Commission
HOUSE_2020_CA_23_R_KEVIN_MCCARTHY,2020,House,CA-23,CA,23,R,KEVIN MCCARTHY,KEVIN MCCARTHY,"MCCARTHY, KEVIN",H6CA22125,C00420935,I,True,False,False,C,190222,0.6214008976930465,high_confidence_automatic,100.0,last_exact+first_match+token_overlap+scope_same_race,,1,MIT Election Data and Science Lab,Federal Election Commission
HOUSE_2020_CA_24_D_SALUD_O_CARBAJAL,2020,House,CA-24,CA,24,D,SALUD O CARBAJAL,SALUD O CARBAJAL,"CARBAJAL, SALUD O.",H6CA24303,C00576041,I,True,False,False,C,212564,0.5866342850046227,high_confidence_automatic,100.0,last_exact+first_match+token_overlap+scope_same_race,0.0,2,MIT Election Data and Science Lab,Federal Election Commission
HOUSE_2020_CA_24_R_ANDY_CALDWELL,2020,House,CA-24,CA,24,R,ANDY CALDWELL,ANDY CALDWELL,"CALDWELL, JAMES ANDREW",H0CA24157,C00715060,C,False,True,False,C,149781,0.41336571499537733,review_required,48.75,last_exact+first_mismatch+scope_same_race,2.0,2,MIT Election Data and Science Lab,Federal Election Commission
HOUSE_2020_CA_25_D_CHRISTY_SMITH,2020,House,CA-25,CA,25,D,CHRISTY SMITH,CHRISTY SMITH,"SMITH, CHRISTY",H0CA25154,C00725101,C,False,True,False,C,169305,0.4995087669608164,high_confidence_automatic,100.0,last_exact+first_match+token_overlap+scope_same_race,70.75,8,MIT Election Data and Science Lab,Federal Election Commission
HOUSE_2020_CA_25_R_MIKE_GARCIA,2020,House,CA-25,CA,25,R,MIKE GARCIA,MIKE GARCIA,"GARCIA, MICHAEL",H0CA25105,C00701102,I,True,False,False,C,169638,0.5004912330391835,high_confidence_automatic,90.0,last_exact+first_match+scope_same_race,2.0,11,MIT Election Data and Science Lab,Federal Election Commission
HOUSE_2020_CA_26_D_JULIA_BROWNLEY,2020,House,CA-26,CA,26,D,JULIA BROWNLEY,JULIA BROWNLEY,"BROWNLEY, JULIA",H2CA00120,C00513077,I,True,False,False,C,208856,0.6058485842666643,high_confidence_automatic,100.0,last_exact+first_match+token_overlap+scope_same_race,2.0,3,MIT Election Data and Science Lab,Federal Election Commission
HOUSE_2020_CA_26_R_RONDA_BALDWIN_KENNEDY,2020,House,CA-26,CA,26,R,RONDA BALDWIN-KENNEDY,RONDA BALDWIN-KENNEDY,"KENNEDY, RONDA",H0CA26145,C00708073,C,False,True,False,C,135877,0.3941514157333357,high_confidence_automatic,95.0,last_exact+first_match+token_overlap+scope_same_race,0.0,2,MIT Election Data and Science Lab,Federal Election Commission
HOUSE_2020_CA_27_D_JUDY_CHU,2020,House,CA-27,CA,27,D,JUDY CHU,JUDY CHU,"CHU, JUDY",H0CA32101,C00458125,I,True,False,False,C,221411,0.6977574546669272,high_confidence_automatic,100.0,last_exact+first_match+token_overlap+scope_same_race,,1,MIT Election Data and Science Lab,Federal Election Commission
HOUSE_2020_CA_27_R_JOHNNY_J_NALBANDIAN,2020,House,CA-27,CA,27,R,JOHNNY J NALBANDIAN,JOHNNY J NALBANDIAN,"NALBANDIAN, JOHNNY",H0CA27127,C00651547,C,False,True,False,C,95907,0.3022425453330728,high_confidence_automatic,95.0,last_exact+first_match+token_overlap+scope_same_race,0.0,2,MIT Election Data and Science Lab,Federal Election Commission
HOUSE_2020_CA_28_D_ADAM_B_SCHIFF,2020,House,CA-28,CA,28,D,ADAM B SCHIFF,ADAM B SCHIFF,"SCHIFF, ADAM",H0CA27085,C00343871,I,True,False,False,C,244271,0.7265667060282749,high_confidence_automatic,95.0,last_exact+first_match+token_overlap+scope_same_race,2.0,7,MIT Election Data and Science Lab,Federal Election Commission
HOUSE_2020_CA_28_R_ERIC_EARLY,2020,House,CA-28,CA,28,R,ERIC EARLY,ERIC EARLY,"EARLY, ERIC",H0CA28182,C00711432,C,False,True,False,C,91928,0.27343329397172506,high_confidence_automatic,100.0,last_exact+first_match+token_overlap+scope_same_race,2.0,3,MIT Election Data and Science Lab,Federal Election Commission
HOUSE_2020_CA_29_D_ANGELICA_MARIA_DUENAS,2020,House,CA-29,CA,29,D,ANGELICA MARIA DUENAS,ANGELICA MARIA DUENAS,"DUENAS, ANGELICA MARIA",H8CA29100,C00697391,C,False,True,False,C,91524,0.43387818567961167,high_confidence_automatic,100.0,last_exact+first_match+token_overlap+scope_same_race,2.0,4,MIT Election Data and Science Lab,Federal Election Commission
HOUSE_2020_CA_29_D_TONY_CARDENAS,2020,House,CA-29,CA,29,D,TONY CARDENAS,TONY CARDENAS,"CARDENAS, TONY",H2CA28113,C00498873,I,True,False,False,C,119420,0.5661218143203883,high_confidence_automatic,100.0,last_exact+first_match+token_overlap+scope_same_race,2.0,4,MIT Election Data and Science Lab,Federal Election Commission
HOUSE_2020_CA_3_D_JOHN_GARAMENDI,2020,House,CA-3,CA,3,D,JOHN GARAMENDI,JOHN GARAMENDI,"GARAMENDI, JOHN",H0CA10149,C00462697,I,True,False,False,C,176043,0.5467377666248432,high_confidence_automatic,100.0,last_exact+first_match+token_overlap+scope_same_race,,1,MIT Election Data and Science Lab,Federal Election Commission
HOUSE_2020_CA_3_R_TAMIKA_HAMILTON,2020,House,CA-3,CA,3,R,TAMIKA HAMILTON,TAMIKA HAMILTON,"HAMILTON, TAMIKA",H0CA03128,C00706374,C,False,True,False,C,145945,0.45326223337515686,high_confidence_automatic,100.0,last_exact+first_match+token_overlap+scope_same_race,2.0,3,MIT Election Data and Science Lab,Federal Election Commission
HOUSE_2020_CA_30_D_BRAD_SHERMAN,2020,House,CA-30,CA,30,D,BRAD SHERMAN,BRAD SHERMAN,"SHERMAN, BRAD",H6CA24113,C00308742,I,True,False,False,C,240038,0.6948278257647685,high_confidence_automatic,100.0,last_exact+first_match+token_overlap+scope_same_race,2.0,5,MIT Election Data and Science Lab,Federal Election Commission
HOUSE_2020_CA_30_R_MARK_S_REED,2020,House,CA-30,CA,30,R,MARK S REED,MARK S REED,"REED, MARK",H6CA30185,,C,False,True,False,N,105426,0.30517217423523146,high_confidence_automatic,95.0,last_exact+first_match+token_overlap+scope_same_race,0.0,3,MIT Election Data and Science Lab,Federal Election Commission
HOUSE_2020_CA_31_D_PETE_AGUILAR,2020,House,CA-31,CA,31,D,PETE AGUILAR,PETE AGUILAR,"AGUILAR, PETE",H2CA31125,C00510461,I,True,False,False,C,175315,0.6128823632232128,high_confidence_automatic,100.0,last_exact+first_match+token_overlap+scope_same_race,,1,MIT Election Data and Science Lab,Federal Election Commission
HOUSE_2020_CA_31_R_AGNES_GIBBONEY,2020,House,CA-31,CA,31,R,AGNES GIBBONEY,AGNES GIBBONEY,"GIBBONEY, AGNES",H0CA31129,C00730358,C,False,True,False,C,110735,0.3871176367767873,high_confidence_automatic,100.0,last_exact+first_match+token_overlap+scope_same_race,,1,MIT Election Data and Science Lab,Federal Election Commission
HOUSE_2020_CA_32_D_GRACE_F_NAPOLITANO,2020,House,CA-32,CA,32,D,GRACE F NAPOLITANO,GRACE F NAPOLITANO,"NAPOLITANO, GRACE",H8CA34068,C00334706,I,True,False,False,C,172942,0.6657761010163228,high_confidence_automatic,95.0,last_exact+first_match+token_overlap+scope_same_race,2.0,6,MIT Election Data and Science Lab,Federal Election Commission
HOUSE_2020_CA_32_R_JOSHUA_M_SCOTT,2020,House,CA-32,CA,32,R,JOSHUA M SCOTT,JOSHUA M SCOTT,"SCOTT, JOSHUA",H8CA32088,C00682179,C,False,True,False,C,86818,0.3342238989836772,high_confidence_automatic,95.0,last_exact+first_match+token_overlap+scope_same_race,,1,MIT Election Data and Science Lab,Federal Election Commission
HOUSE_2020_CA_33_D_TED_LIEU,2020,House,CA-33,CA,33,D,TED LIEU,TED LIEU,"LIEU, TED",H4CA33119,C00556506,I,True,False,False,C,257094,0.6758019914412189,high_confidence_automatic,100.0,last_exact+first_match+token_overlap+scope_same_race,0.0,3,MIT Election Data and Science Lab,Federal Election Commission
HOUSE_2020_CA_33_R_JAMES_P_BRADLEY,2020,House,CA-33,CA,33,R,JAMES P BRADLEY,JAMES P BRADLEY,"BRADLEY, JAMES P.",H0CA48156,C00695791,C,False,True,False,C,123334,0.32419800855878117,high_confidence_automatic,100.0,last_exact+first_match+token_overlap+scope_same_race,2.0,3,MIT Election Data and Science Lab,Federal Election Commission
HOUSE_2020_CA_34_D_DAVID_KIM,2020,House,CA-34,CA,34,D,DAVID KIM,DAVID KIM,"KIM, DAVID",H0CA34131,C00713115,C,False,True,False,C,96554,0.4702015135429957,high_confidence_automatic,100.0,last_exact+first_match+token_overlap+scope_same_race,2.0,5,MIT Election Data and Science Lab,Federal Election Commission
HOUSE_2020_CA_34_D_JIMMY_GOMEZ,2020,House,CA-34,CA,34,D,JIMMY GOMEZ,JIMMY GOMEZ,"GOMEZ, JIMMY",H8CA34266,C00629659,I,True,False,False,C,108792,0.5297984864570042,high_confidence_automatic,100.0,last_exact+first_match+token_overlap+scope_same_race,2.0,5,MIT Election Data and Science Lab,Federal Election Commission
HOUSE_2020_CA_35_D_NORMA_J_TORRES,2020,House,CA-35,CA,35,D,NORMA J TORRES,NORMA J TORRES,"TORRES, NORMA",H4CA35031,C00557652,I,True,False,False,C,169405,0.6932996652288149,high_confidence_automatic,95.0,last_exact+first_match+token_overlap+scope_same_race,0.0,2,MIT Election Data and Science Lab,Federal Election Commission
HOUSE_2020_CA_35_R_MIKE_CARGILE,2020,House,CA-35,CA,35,R,MIKE CARGILE,MIKE CARGILE,"CARGILE, MIKE",H0CA35146,C00730812,C,False,True,False,C,74941,0.30670033477118513,high_confidence_automatic,100.0,last_exact+first_match+token_overlap+scope_same_race,,1,MIT Election Data and Science Lab,Federal Election Commission
HOUSE_2020_CA_36_D_RAUL_RUIZ,2020,House,CA-36,CA,36,D,RAUL RUIZ,RAUL RUIZ,"RUIZ, RAUL DR.",H2CA36439,C00502575,I,True,False,False,C,185151,0.6033945034854277,high_confidence_automatic,100.0,last_exact+first_match+token_overlap+scope_same_race,,1,MIT Election Data and Science Lab,Federal Election Commission
HOUSE_2020_CA_36_R_ERIN_CRUZ,2020,House,CA-36,CA,36,R,ERIN CRUZ,ERIN CRUZ,"CRUZ, ERIN",H0CA36193,C00714048,C,False,True,False,C,121698,0.39660549651457233,high_confidence_automatic,100.0,last_exact+first_match+token_overlap+scope_same_race,2.0,5,MIT Election Data and Science Lab,Federal Election Commission
HOUSE_2020_CA_37_D_KAREN_BASS,2020,House,CA-37,CA,37,D,KAREN BASS,KAREN BASS,"BASS, KAREN",H0CA33117,C00476523,I,True,False,False,C,254916,0.8593997053479019,high_confidence_automatic,100.0,last_exact+first_match+token_overlap+scope_same_race,,1,MIT Election Data and Science Lab,Federal Election Commission
HOUSE_2020_CA_37_R_ERROL_WEBBER,2020,House,CA-37,CA,37,R,ERROL WEBBER,ERROL WEBBER,"WEBBER, ERROL MR.",H0CA37167,C00719864,C,False,True,False,C,41705,0.14060029465209814,high_confidence_automatic,100.0,last_exact+first_match+token_overlap+scope_same_race,,1,MIT Election Data and Science Lab,Federal Election Commission
HOUSE_2020_CA_38_D_LINDA_T_SANCHEZ,2020,House,CA-38,CA,38,D,LINDA T SANCHEZ,LINDA T SANCHEZ,"SANCHEZ, LINDA",H2CA39078,C00384057,I,True,False,False,C,190467,0.7434135031966465,high_confidence_automatic,95.0,last_exact+first_match+token_overlap+scope_same_race,0.0,3,MIT Election Data and Science Lab,Federal Election Commission
HOUSE_2020_CA_38_D_MICHAEL_TOLAR,2020,House,CA-38,CA,38,D,MICHAEL TOLAR,MICHAEL TOLAR,"TOLAR, MICHAEL",H0CA38157,C00731927,C,False,True,False,N,65739,0.25658649680335355,high_confidence_automatic,100.0,last_exact+first_match+token_overlap+scope_same_race,2.0,3,MIT Election Data and Science Lab,Federal Election Commission
HOUSE_2020_CA_39_D_GILBERT_RAY_CISNEROS,2020,House,CA-39,CA,39,D,GILBERT RAY CISNEROS JR,GILBERT RAY CISNEROS JR,"CISNEROS, GILBERT",H8CA39174,C00650648,I,True,False,False,C,169837,0.49402384643801467,high_confidence_automatic,95.0,last_exact+first_match+token_overlap+scope_same_race,0.0,2,MIT Election Data and Science Lab,Federal Election Commission
HOUSE_2020_CA_39_R_YOUNG_KIM,2020,House,CA-39,CA,39,R,YOUNG KIM,YOUNG KIM,"KIM, YOUNG",H8CA39240,C00665638,C,False,True,False,C,173946,0.5059761535619853,high_confidence_automatic,100.0,last_exact+first_match+token_overlap+scope_same_race,,1,MIT Election Data and Science Lab,Federal Election Commission
HOUSE_2020_CA_4_D_BRYNNE_S_KENNEDY,2020,House,CA-4,CA,4,D,BRYNNE S KENNEDY,BRYNNE S KENNEDY,"KENNEDY, BRYNNE",H0CA04175,C00704650,C,False,True,False,C,194731,0.440545945676912,high_confidence_automatic,95.0,last_exact+first_match+token_overlap+scope_same_race,2.0,2,MIT Election Data and Science Lab,Federal Election Commission
HOUSE_2020_CA_4_R_TOM_MCCLINTOCK,2020,House,CA-4,CA,4,R,TOM MCCLINTOCK,TOM MCCLINTOCK,"MCCLINTOCK, THOMAS",H8CA04152,C00446815,I,True,False,False,C,247291,0.559454054323088,high_confidence_automatic,90.0,last_exact+first_match+scope_same_race,2.0,6,MIT Election Data and Science Lab,Federal Election Commission
HOUSE_2020_CA_40_D_LUCILLE_ROYBAL_ALLARD,2020,House,CA-40,CA,40,D,LUCILLE ROYBAL-ALLARD,LUCILLE ROYBAL-ALLARD,"ROYBAL-ALLARD, LUCILLE",H2CA33048,C00259143,I,True,False,False,C,135572,0.7273917405744148,high_confidence_automatic,100.0,last_exact+first_match+token_overlap+scope_same_race,2.0,4,MIT Election Data and Science Lab,Federal Election Commission
HOUSE_2020_CA_40_R_C_ANTONIO_DELGADO,2020,House,CA-40,CA,40,R,C ANTONIO DELGADO,C ANTONIO DELGADO,"DELGADO, ANTONIO",H0CA40138,C00736579,C,False,True,False,C,50809,0.27260825942558525,high_confidence_automatic,92.0,last_exact+alternate_given_name_match+token_overlap+scope_same_race,,1,MIT Election Data and Science Lab,Federal Election Commission
HOUSE_2020_CA_41_D_MARK_TAKANO,2020,House,CA-41,CA,41,D,MARK TAKANO,MARK TAKANO,"TAKANO, MARK",H2CA43245,C00498667,I,True,False,False,C,168126,0.6403019350809108,high_confidence_automatic,100.0,last_exact+first_match+token_overlap+scope_same_race,2.0,2,MIT Election Data and Science Lab,Federal Election Commission
HOUSE_2020_CA_41_R_AJA_SMITH,2020,House,CA-41,CA,41,R,AJA SMITH,AJA SMITH,"SMITH, AJA",H8CA41170,C00719070,C,False,True,False,C,94447,0.3596980649190892,high_confidence_automatic,100.0,last_exact+first_match+token_overlap+scope_same_race,,1,MIT Election Data and Science Lab,Federal Election Commission
HOUSE_2020_CA_42_D_WILLIAM_LIAM_O_MARA,2020,House,CA-42,CA,42,D,"WILLIAM \""LIAM\"" O'MARA","WILLIAM \""LIAM\"" O'MARA","O'MARA, WILLIAM EDWARD DR IV",H0CA42217,C00697524,C,False,True,False,C,157773,0.4286762288512065,high_confidence_automatic,94.0,last_exact+first_match+token_overlap+scope_same_race,2.0,3,MIT Election Data and Science Lab,Federal Election Commission
HOUSE_2020_CA_42_R_KEN_CALVERT,2020,House,CA-42,CA,42,R,KEN CALVERT,KEN CALVERT,"CALVERT, KEN",H2CA37023,C00257337,I,True,False,False,C,210274,0.5713237711487935,high_confidence_automatic,100.0,last_exact+first_match+token_overlap+scope_same_race,0.0,3,MIT Election Data and Science Lab,Federal Election Commission
HOUSE_2020_CA_43_D_MAXINE_WATERS,2020,House,CA-43,CA,43,D,MAXINE WATERS,MAXINE WATERS,"WATERS, MAXINE",H4CA23011,C00167585,I,True,False,False,C,199210,0.7168457491597636,high_confidence_automatic,100.0,last_exact+first_match+token_overlap+scope_same_race,,1,MIT Election Data and Science Lab,Federal Election Commission
HOUSE_2020_CA_43_R_JOE_E_COLLINS,2020,House,CA-43,CA,43,R,JOE E COLLINS III,JOE E COLLINS III,"COLLINS, JOE",H0CA43108,C00705236,C,False,True,False,C,78688,0.2831542508402363,high_confidence_automatic,95.0,last_exact+first_match+token_overlap+scope_same_race,2.0,2,MIT Election Data and Science Lab,Federal Election Commission
HOUSE_2020_CA_44_D_ANALILIA_JOYA,2020,House,CA-44,CA,44,D,ANALILIA JOYA,ANALILIA JOYA,"JOYA, ANALILIA",H4CA44157,C00735050,C,False,True,False,N,66375,0.3221524393795259,high_confidence_automatic,100.0,last_exact+first_match+token_overlap+scope_same_race,2.0,6,MIT Election Data and Science Lab,Federal Election Commission
HOUSE_2020_CA_44_D_NANETTE_DIAZ_BARRAGAN,2020,House,CA-44,CA,44,D,NANETTE DIAZ BARRAGAN,NANETTE DIAZ BARRAGAN,"BARRAGAN, NANETTE",H6CA44103,C00577353,I,True,False,False,C,139661,0.6778475606204741,high_confidence_automatic,95.0,last_exact+first_match+token_overlap+scope_same_race,0.0,6,MIT Election Data and Science Lab,Federal Election Commission
HOUSE_2020_CA_45_D_KATIE_PORTER,2020,House,CA-45,CA,45,D,KATIE PORTER,KATIE PORTER,"PORTER, KATHERINE",H8CA45130,C00636571,I,True,False,False,C,221843,0.534640031426306,high_confidence_automatic,90.0,last_exact+first_match+scope_same_race,2.0,3,MIT Election Data and Science Lab,Federal Election Commission
HOUSE_2020_CA_45_R_GREG_RATHS,2020,House,CA-45,CA,45,R,GREG RATHS,GREG RATHS,"RATHS, GREGORY GERARD",H4CA45089,C00700559,C,False,True,False,C,193096,0.46535996857369394,high_confidence_automatic,88.75,last_exact+first_match+scope_same_race,2.0,10,MIT Election Data and Science Lab,Federal Election Commission
HOUSE_2020_CA_46_D_J_LUIS_CORREA,2020,House,CA-46,CA,46,D,J LUIS CORREA,J LUIS CORREA,"CORREA, LOU",H6CA46116,C00578302,I,True,False,False,C,157803,0.6875378508968757,review_required,48.75,last_exact+first_mismatch+scope_same_race,0.0,2,MIT Election Data and Science Lab,Federal Election Commission
HOUSE_2020_CA_46_R_JAMES_S_WATERS,2020,House,CA-46,CA,46,R,JAMES S WATERS,JAMES S WATERS,"WATERS, JAMES STEVENS",H0CA46077,C00708669,C,False,True,False,C,71716,0.31246214910312436,high_confidence_automatic,92.5,last_exact+first_match+token_overlap+scope_same_race,,1,MIT Election Data and Science Lab,Federal Election Commission
HOUSE_2020_CA_47_D_ALAN_S_LOWENTHAL,2020,House,CA-47,CA,47,D,ALAN S LOWENTHAL,ALAN S LOWENTHAL,"LOWENTHAL, ALAN",H2CA00104,C00498212,I,True,False,False,C,197028,0.6327187948580438,high_confidence_automatic,95.0,last_exact+first_match+token_overlap+scope_same_race,0.0,4,MIT Election Data and Science Lab,Federal Election Commission
HOUSE_2020_CA_47_R_JOHN_BRISCOE,2020,House,CA-47,CA,47,R,JOHN BRISCOE,JOHN BRISCOE,"BRISCOE, JOHN",H8CA47078,C00734871,C,False,True,False,C,114371,0.3672812051419561,high_confidence_automatic,100.0,last_exact+first_match+token_overlap+scope_same_race,2.0,3,MIT Election Data and Science Lab,Federal Election Commission
HOUSE_2020_CA_48_D_HARLEY_ROUDA,2020,House,CA-48,CA,48,D,HARLEY ROUDA,HARLEY ROUDA,"ROUDA, HARLEY E JR",H8CA48035,C00633982,I,True,False,False,C,193362,0.4894001518602885,high_confidence_automatic,95.0,last_exact+first_match+token_overlap+scope_same_race,2.0,2,MIT Election Data and Science Lab,Federal Election Commission
HOUSE_2020_CA_48_R_MICHELLE_STEEL,2020,House,CA-48,CA,48,R,MICHELLE STEEL,MICHELLE STEEL,"STEEL, MICHELLE",H0CA48198,C00704981,C,False,True,False,C,201738,0.5105998481397115,high_confidence_automatic,100.0,last_exact+first_match+token_overlap+scope_same_race,2.0,8,MIT Election Data and Science Lab,Federal Election Commission
HOUSE_2020_CA_49_D_MIKE_LEVIN,2020,House,CA-49,CA,49,D,MIKE LEVIN,MIKE LEVIN,"LEVIN, MIKE",H8CA49058,C00634253,I,True,False,False,C,205349,0.5312957625496111,high_confidence_automatic,100.0,last_exact+first_match+token_overlap+scope_same_race,,1,MIT Election Data and Science Lab,Federal Election Commission
HOUSE_2020_CA_49_R_BRIAN_MARYOTT,2020,House,CA-49,CA,49,R,BRIAN MARYOTT,BRIAN MARYOTT,"MARYOTT, BRIAN L MR",H8CA49108,C00666859,C,False,True,False,C,181157,0.46870423745038886,high_confidence_automatic,95.0,last_exact+first_match+token_overlap+scope_same_race,2.0,3,MIT Election Data and Science Lab,Federal Election Commission
HOUSE_2020_CA_5_D_MIKE_THOMPSON,2020,House,CA-5,CA,5,D,MIKE THOMPSON,MIKE THOMPSON,"THOMPSON, MIKE MR.",H8CA01109,C00326363,I,True,False,False,C,271233,0.7609072546709308,high_confidence_automatic,100.0,last_exact+first_match+token_overlap+scope_same_race,0.0,2,MIT Election Data and Science Lab,Federal Election Commission
HOUSE_2020_CA_5_R_SCOTT_GIBLIN,2020,House,CA-5,CA,5,R,SCOTT GIBLIN,SCOTT GIBLIN,"GIBLIN, SCOTT",H0CA05107,C00714592,C,False,True,False,N,85227,0.23909274532906918,high_confidence_automatic,100.0,last_exact+first_match+token_overlap+scope_same_race,,1,MIT Election Data and Science Lab,Federal Election Commission
HOUSE_2020_CA_50_D_AMMAR_CAMPA_NAJJAR,2020,House,CA-50,CA,50,D,AMMAR CAMPA-NAJJAR,AMMAR CAMPA-NAJJAR,"CAMPA-NAJJAR, AMMAR",H8CA50098,C00635888,O,False,False,True,C,166869,0.4604680040839979,high_confidence_automatic,100.0,last_exact+first_match+token_overlap+scope_same_race,2.0,3,MIT Election Data and Science Lab,Federal Election Commission
HOUSE_2020_CA_50_R_DARRELL_ISSA,2020,House,CA-50,CA,50,R,DARRELL ISSA,DARRELL ISSA,,,,,False,False,False,,195521,0.5395319959160021,unmatched,0.0,last_name_mismatch+scope_same_race,2.0,10,MIT Election Data and Science Lab,Federal Election Commission
HOUSE_2020_CA_51_D_JUAN_VARGAS,2020,House,CA-51,CA,51,D,JUAN VARGAS,JUAN VARGAS,"VARGAS, JUAN CARLOS",H2CA50026,C00497321,I,True,False,False,C,165596,0.683047554622438,high_confidence_automatic,95.0,last_exact+first_match+token_overlap+scope_same_race,,1,MIT Election Data and Science Lab,Federal Election Commission
HOUSE_2020_CA_51_R_JUAN_M_HIDALGO,2020,House,CA-51,CA,51,R,JUAN M HIDALGO JR,JUAN M HIDALGO JR,"HIDALGO, JUAN M JR",H6CA51066,C00592311,C,False,True,False,N,76841,0.316952445377562,review_required,100.0,last_exact+first_match+token_overlap+scope_same_race,98.25,3,MIT Election Data and Science Lab,Federal Election Commission
HOUSE_2020_CA_52_D_SCOTT_H_PETERS,2020,House,CA-52,CA,52,D,SCOTT H PETERS,SCOTT H PETERS,"PETERS, SCOTT",H2CA52089,C00503110,I,True,False,False,C,244145,0.6157580801775558,high_confidence_automatic,95.0,last_exact+first_match+token_overlap+scope_same_race,2.0,3,MIT Election Data and Science Lab,Federal Election Commission
HOUSE_2020_CA_52_R_JIM_DEBELLO,2020,House,CA-52,CA,52,R,JIM DEBELLO,JIM DEBELLO,"DEBELLO, JAMES",H0CA52083,C00724849,C,False,True,False,C,152350,0.38424191982244416,high_confidence_automatic,90.0,last_exact+first_match+scope_same_race,,1,MIT Election Data and Science Lab,Federal Election Commission
HOUSE_2020_CA_53_D_GEORGETTE_GOMEZ,2020,House,CA-53,CA,53,D,GEORGETTE GOMEZ,GEORGETTE GOMEZ,"GOMEZ, GEORGETTE",H0CA53107,C00719112,O,False,False,True,C,135614,0.4049895776717295,high_confidence_automatic,100.0,last_exact+first_match+token_overlap+scope_same_race,2.0,17,MIT Election Data and Science Lab,Federal Election Commission
HOUSE_2020_CA_53_D_SARA_JACOBS,2020,House,CA-53,CA,53,D,SARA JACOBS,SARA JACOBS,,,,,False,False,False,,199244,0.5950104223282705,unmatched,0.0,last_name_mismatch+scope_same_race,2.0,17,MIT Election Data and Science Lab,Federal Election Commission
HOUSE_2020_CA_6_D_DORIS_O_MATSUI,2020,House,CA-6,CA,6,D,DORIS O MATSUI,DORIS O MATSUI,"MATSUI, DORIS",H6CA05195,C00409219,I,True,False,False,C,229648,0.7334325517223759,high_confidence_automatic,95.0,last_exact+first_match+token_overlap+scope_same_race,2.0,2,MIT Election Data and Science Lab,Federal Election Commission
HOUSE_2020_CA_6_R_CHRIS_BISH,2020,House,CA-6,CA,6,R,CHRIS BISH,CHRIS BISH,"BISH, CHRISTINE",H0CA06170,C00721548,C,False,True,False,C,83466,0.26656744827762413,probable_automatic,72.0,last_exact+first_initial+scope_same_race,0.0,3,MIT Election Data and Science Lab,Federal Election Commission
HOUSE_2020_CA_7_D_AMI_BERA,2020,House,CA-7,CA,7,D,AMI BERA,AMI BERA,"BERA, AMERISH",H0CA03078,C00461061,I,True,False,False,C,217416,0.5662391103355775,probable_automatic,72.0,last_exact+first_initial+scope_same_race,2.0,2,MIT Election Data and Science Lab,Federal Election Commission
HOUSE_2020_CA_7_R_BUZZ_PATTERSON,2020,House,CA-7,CA,7,R,BUZZ PATTERSON,BUZZ PATTERSON,"PATTERSON, ROBERT BUZZ",H0CA07137,C00710624,C,False,True,False,C,166549,0.43376088966442256,high_confidence_automatic,92.0,last_exact+alternate_given_name_match+token_overlap+scope_same_race,2.0,2,MIT Election Data and Science Lab,Federal Election Commission
HOUSE_2020_CA_8_D_CHRISTINE_BUBSER,2020,House,CA-8,CA,8,D,CHRISTINE BUBSER,CHRISTINE BUBSER,"BUBSER, CHRISTINE",H0CA08101,C00701284,O,False,False,True,C,124400,0.4394036261395707,high_confidence_automatic,100.0,last_exact+first_match+token_overlap+scope_same_race,2.0,5,MIT Election Data and Science Lab,Federal Election Commission
HOUSE_2020_CA_8_R_JAY_OBERNOLTE,2020,House,CA-8,CA,8,R,JAY OBERNOLTE,JAY OBERNOLTE,"OBERNOLTE, JAY",H0CA08135,C00720078,O,False,False,True,C,158711,0.5605963738604293,high_confidence_automatic,100.0,last_exact+first_match+token_overlap+scope_same_race,2.0,8,MIT Election Data and Science Lab,Federal Election Commission
HOUSE_2020_CA_9_D_JERRY_MCNERNEY,2020,House,CA-9,CA,9,D,JERRY MCNERNEY,JERRY MCNERNEY,"MCNERNEY, GERALD MARK",H4CA11081,C00398644,I,True,False,False,C,174252,0.5758302765936354,review_required,48.75,last_exact+first_mismatch+scope_same_race,0.0,2,MIT Election Data and Science Lab,Federal Election Commission
HOUSE_2020_CA_9_R_ANTONIO_C_TONY_AMADOR,2020,House,CA-9,CA,9,R,"ANTONIO C \""TONY\"" AMADOR","ANTONIO C \""TONY\"" AMADOR","AMADOR, ANTONIO",H0CA09125,C00728618,C,False,True,False,C,128358,0.4241697234063646,high_confidence_automatic,92.5,last_exact+first_match+token_overlap+scope_same_race,2.0,2,MIT Election Data and Science Lab,Federal Election Commission
HOUSE_2020_CO_1_D_DIANA_DEGETTE,2020,House,CO-1,CO,1,D,DIANA DEGETTE,DIANA DEGETTE,"DEGETTE, DIANA L",H6CO01141,C00311639,I,True,False,False,C,331621,0.7364609473894601,high_confidence_automatic,95.0,last_exact+first_match+token_overlap+scope_same_race,2.0,4,MIT Election Data and Science Lab,Federal Election Commission
HOUSE_2020_CO_1_R_SHANE_BOLLING,2020,House,CO-1,CO,1,R,SHANE BOLLING,SHANE BOLLING,"BOLLING, SHANE",H0CO02233,C00748848,C,False,True,False,N,105955,0.2353039152546137,high_confidence_automatic,100.0,last_exact+first_match+token_overlap+scope_same_race,,1,MIT Election Data and Science Lab,Federal Election Commission
HOUSE_2020_CO_2_D_JOE_NEGUSE,2020,House,CO-2,CO,2,D,JOE NEGUSE,JOE NEGUSE,"NEGUSE, JOSEPH",H8CO02160,C00648253,I,True,False,False,C,316925,0.614597130296337,high_confidence_automatic,90.0,last_exact+first_match+scope_same_race,,1,MIT Election Data and Science Lab,Federal Election Commission
HOUSE_2020_CO_2_R_CHARLIE_WINN,2020,House,CO-2,CO,2,R,CHARLIE WINN,CHARLIE WINN,"WINN, CHARLES E. DR",H0CO02225,C00735373,C,False,True,False,C,182547,0.35400445639884964,high_confidence_automatic,88.75,last_exact+first_match+scope_same_race,0.0,2,MIT Election Data and Science Lab,Federal Election Commission
HOUSE_2020_CO_3_D_DIANE_E_MITSCH_BUSH,2020,House,CO-3,CO,3,D,DIANE E MITSCH BUSH,DIANE E MITSCH BUSH,"BUSH, DIANE MITSCH MS.",H8CO03192,C00649459,C,False,True,False,C,194122,0.45216261101884614,high_confidence_automatic,96.25,last_exact+first_match+token_overlap+scope_same_race,2.0,4,MIT Election Data and Science Lab,Federal Election Commission
HOUSE_2020_CO_3_R_LAUREN_BOEBERT,2020,House,CO-3,CO,3,R,LAUREN BOEBERT,LAUREN BOEBERT,"BOEBERT, LAUREN",H0CO03165,C00728238,C,False,True,False,C,220634,0.5139162254640489,high_confidence_automatic,100.0,last_exact+first_match+token_overlap+scope_same_race,2.0,2,MIT Election Data and Science Lab,Federal Election Commission
HOUSE_2020_CO_4_D_IKE_MCCORKLE,2020,House,CO-4,CO,4,D,IKE MCCORKLE,IKE MCCORKLE,"MCCORKLE, ISAAC IAN",H0CO04197,C00697334,C,False,True,False,C,173945,0.3661175272096601,probable_automatic,70.75,last_exact+first_initial+scope_same_race,0.0,3,MIT Election Data and Science Lab,Federal Election Commission
HOUSE_2020_CO_4_R_KEN_BUCK,2020,House,CO-4,CO,4,R,KEN BUCK,KEN BUCK,"BUCK, KENNETH R",H4CO04090,C00573378,I,True,False,False,C,285606,0.6011403746945425,probable_automatic,70.75,last_exact+first_initial+scope_same_race,,1,MIT Election Data and Science Lab,Federal Election Commission
HOUSE_2020_CO_5_D_JILLIAN_FREELAND,2020,House,CO-5,CO,5,D,JILLIAN FREELAND,JILLIAN FREELAND,"FREELAND, JILLIAN",H0CO05129,C00700997,C,False,True,False,C,161600,0.3737219795239208,high_confidence_automatic,100.0,last_exact+first_match+token_overlap+scope_same_race,2.0,4,MIT Election Data and Science Lab,Federal Election Commission
HOUSE_2020_CO_5_R_DOUG_LAMBORN,2020,House,CO-5,CO,5,R,DOUG LAMBORN,DOUG LAMBORN,"LAMBORN, DOUGLAS",H6CO05159,C00420745,I,True,False,False,C,249013,0.5758764312326119,probable_automatic,72.0,last_exact+first_initial+scope_same_race,,1,MIT Election Data and Science Lab,Federal Election Commission
HOUSE_2020_CO_6_D_JASON_CROW,2020,House,CO-6,CO,6,D,JASON CROW,JASON CROW,"CROW, JASON",H8CO06229,C00637363,I,True,False,False,C,250314,0.5708766560312721,high_confidence_automatic,100.0,last_exact+first_match+token_overlap+scope_same_race,2.0,2,MIT Election Data and Science Lab,Federal Election Commission
HOUSE_2020_CO_6_R_STEVE_HOUSE,2020,House,CO-6,CO,6,R,STEVE HOUSE,STEVE HOUSE,"HOUSE, STEVEN",H0CO06119,C00717868,C,False,True,False,C,175192,0.39955025737046523,high_confidence_automatic,90.0,last_exact+first_match+scope_same_race,0.0,3,MIT Election Data and Science Lab,Federal Election Commission
HOUSE_2020_CO_7_D_ED_PERLMUTTER,2020,House,CO-7,CO,7,D,ED PERLMUTTER,ED PERLMUTTER,"PERLMUTTER, EDWIN G",H6CO07023,C00410639,I,True,False,False,C,250525,0.5912917668772761,probable_automatic,70.75,last_exact+first_initial+scope_same_race,0.0,3,MIT Election Data and Science Lab,Federal Election Commission
HOUSE_2020_CO_7_R_CHARLES_CASPER_STOCKHAM,2020,House,CO-7,CO,7,R,"CHARLES \""CASPER\"" STOCKHAM","CHARLES \""CASPER\"" STOCKHAM","STOCKHAM, CASPER WESLEY",H0CO06101,C00710855,C,False,True,False,C,159301,0.37598391280437865,high_confidence_automatic,89.5,last_exact+alternate_given_name_match+token_overlap+scope_same_race,,1,MIT Election Data and Science Lab,Federal Election Commission
HOUSE_2020_CT_1_D_JOHN_B_LARSON,2020,House,CT-1,CT,1,D,JOHN B LARSON,JOHN B LARSON,"LARSON, JOHN B",H8CT01046,C00330142,I,True,False,False,C,213001,0.609903876164324,high_confidence_automatic,100.0,last_exact+first_match+token_overlap+scope_same_race,,1,MIT Election Data and Science Lab,Federal Election Commission
HOUSE_2020_CT_1_R_MARY_FAY,2020,House,CT-1,CT,1,R,MARY FAY,MARY FAY,"FAY, MARY",H0CT01126,C00746404,C,False,True,False,C,122111,0.3496508101947961,high_confidence_automatic,100.0,last_exact+first_match+token_overlap+scope_same_race,2.0,3,MIT Election Data and Science Lab,Federal Election Commission
HOUSE_2020_CT_2_D_JOE_COURTNEY,2020,House,CT-2,CT,2,D,JOE COURTNEY,JOE COURTNEY,"COURTNEY, JOSEPH D",H2CT02112,C00410233,I,True,False,False,C,207303,0.5643247392792101,high_confidence_automatic,88.75,last_exact+first_match+scope_same_race,,1,MIT Election Data and Science Lab,Federal Election Commission
HOUSE_2020_CT_2_R_JUSTIN_ANDERSON,2020,House,CT-2,CT,2,R,JUSTIN ANDERSON,JUSTIN ANDERSON,"ANDERSON, JUSTIN",H0CT02207,C00713826,C,False,True,False,C,140356,0.3820801585421958,high_confidence_automatic,100.0,last_exact+first_match+token_overlap+scope_same_race,2.0,2,MIT Election Data and Science Lab,Federal Election Commission
HOUSE_2020_CT_3_D_ROSA_L_DELAURO,2020,House,CT-3,CT,3,D,ROSA L DELAURO,ROSA L DELAURO,"DELAURO, ROSA L",H0CT03072,C00238865,I,True,False,False,C,194259,0.5612751117441918,high_confidence_automatic,100.0,last_exact+first_match+token_overlap+scope_same_race,,1,MIT Election Data and Science Lab,Federal Election Commission
HOUSE_2020_CT_3_R_MARGARET_STREICKER,2020,House,CT-3,CT,3,R,MARGARET STREICKER,MARGARET STREICKER,"STREICKER, MARGARET",H0CT03155,C00734251,C,False,True,False,C,131568,0.380141171847687,high_confidence_automatic,100.0,last_exact+first_match+token_overlap+scope_same_race,,1,MIT Election Data and Science Lab,Federal Election Commission
HOUSE_2020_CT_4_D_JAMES_A_HIMES,2020,House,CT-4,CT,4,D,JAMES A HIMES,JAMES A HIMES,"HIMES, JIM",H8CT04172,C00434191,I,True,False,False,C,224432,0.6221847658545782,high_confidence_automatic,88.75,last_exact+first_match+scope_same_race,0.0,2,MIT Election Data and Science Lab,Federal Election Commission
HOUSE_2020_CT_4_R_JONATHAN_RIDDLE,2020,House,CT-4,CT,4,R,JONATHAN RIDDLE,JONATHAN RIDDLE,"RIDDLE, JONATHAN",H0CT04195,C00715508,C,False,True,False,C,130627,0.362132536399827,high_confidence_automatic,100.0,last_exact+first_match+token_overlap+scope_same_race,2.0,3,MIT Election Data and Science Lab,Federal Election Commission
HOUSE_2020_CT_5_D_JAHANA_HAYES,2020,House,CT-5,CT,5,D,JAHANA HAYES,JAHANA HAYES,"HAYES, JAHANA",H8CT05245,C00677898,I,True,False,False,C,183797,0.5258494409539831,high_confidence_automatic,100.0,last_exact+first_match+token_overlap+scope_same_race,,1,MIT Election Data and Science Lab,Federal Election Commission
HOUSE_2020_CT_5_R_DAVID_X_SULLIVAN,2020,House,CT-5,CT,5,R,DAVID X SULLIVAN,DAVID X SULLIVAN,"SULLIVAN, DAVID XAVIER",H0CT05200,C00710681,C,False,True,False,C,151988,0.43484281479955594,high_confidence_automatic,92.5,last_exact+first_match+token_overlap+scope_same_race,2.0,5,MIT Election Data and Science Lab,Federal Election Commission
HOUSE_2020_DC_AL_D_ELEANOR_HOLMES_NORTON,2020,House,DC-AL,DC,AL,D,ELEANOR HOLMES NORTON,ELEANOR HOLMES NORTON,"NORTON, ELEANOR HOLMES",H0DC00058,C00244335,I,True,False,False,C,281831,0.8188548334142026,high_confidence_automatic,100.0,last_exact+first_match+token_overlap+scope_same_race,0.0,2,MIT Election Data and Science Lab,Federal Election Commission
HOUSE_2020_DC_AL_D_MICHAEL_F_Q_SAN_NICOLAS,2020,House,DC-AL,DC,AL,D,MICHAEL F Q SAN NICOLAS,MICHAEL F Q SAN NICOLAS,,,,,False,False,False,,10467,0.030411677712339873,unmatched,0.0,last_name_mismatch+scope_same_race,0.0,2,MIT Election Data and Science Lab,Federal Election Commission
HOUSE_2020_DC_AL_D_ROBERT_A_UNDERWOOD,2020,House,DC-AL,DC,AL,D,ROBERT A UNDERWOOD,ROBERT A UNDERWOOD,,,,,False,False,False,,7090,0.020599865766742113,unmatched,0.0,last_name_mismatch+scope_same_race,0.0,2,MIT Election Data and Science Lab,Federal Election Commission
HOUSE_2020_DE_AL_D_LISA_BLUNT_ROCHESTER,2020,House,DE-AL,DE,AL,D,LISA BLUNT ROCHESTER,LISA BLUNT ROCHESTER,"BLUNT ROCHESTER, LISA",H6DE00206,C00590778,I,True,False,False,C,281382,0.5762836135744568,high_confidence_automatic,100.0,last_exact+first_match+token_overlap+scope_same_race,0.0,2,MIT Election Data and Science Lab,Federal Election Commission
HOUSE_2020_DE_AL_R_LEE_MURPHY,2020,House,DE-AL,DE,AL,R,LEE MURPHY,LEE MURPHY,"MURPHY, LEE",H8DE01044,C00709584,C,False,True,False,C,196392,0.4022200831507158,high_confidence_automatic,100.0,last_exact+first_match+token_overlap+scope_same_race,2.0,2,MIT Election Data and Science Lab,Federal Election Commission
HOUSE_2020_FL_1_D_PHIL_EHR,2020,House,FL-1,FL,1,D,PHIL EHR,PHIL EHR,"EHR, PHILLIP CHARLES",H8FL01107,C00698993,C,False,True,False,C,149172,0.3401389085237663,probable_automatic,70.75,last_exact+first_initial+scope_same_race,0.0,2,MIT Election Data and Science Lab,Federal Election Commission
HOUSE_2020_FL_1_R_MATT_GAETZ,2020,House,FL-1,FL,1,R,MATT GAETZ,MATT GAETZ,"GAETZ, MATT",H6FL01119,C00612432,I,True,False,False,C,283352,0.6460933687825211,high_confidence_automatic,100.0,last_exact+first_match+token_overlap+scope_same_race,2.0,5,MIT Election Data and Science Lab,Federal Election Commission
HOUSE_2020_FL_10_D_VAL_BUTLER_DEMINGS,2020,House,FL-10,FL,10,D,VAL BUTLER DEMINGS,VAL BUTLER DEMINGS,"DEMINGS, VALDEZ 'VAL'",H2FL08063,C00590489,I,True,False,False,C,239434,0.6361209042580042,high_confidence_automatic,89.5,last_exact+alternate_given_name_match+token_overlap+scope_same_race,,1,MIT Election Data and Science Lab,Federal Election Commission
HOUSE_2020_FL_10_R_VENNIA_FRANCOIS,2020,House,FL-10,FL,10,R,VENNIA FRANCOIS,VENNIA FRANCOIS,"FRANCOIS, VENNIA V.",H8FL07088,C00665653,C,False,True,False,C,136889,0.3636824948126579,high_confidence_automatic,100.0,last_exact+first_match+token_overlap+scope_same_race,2.0,3,MIT Election Data and Science Lab,Federal Election Commission
HOUSE_2020_FL_11_D_DANA_MARIE_COTTRELL,2020,House,FL-11,FL,11,D,DANA MARIE COTTRELL,DANA MARIE COTTRELL,"COTTRELL, DANA",H8FL11130,C00673145,C,False,True,False,C,158094,0.3327783309091445,high_confidence_automatic,95.0,last_exact+first_match+token_overlap+scope_same_race,0.0,2,MIT Election Data and Science Lab,Federal Election Commission
HOUSE_2020_FL_11_R_DANIEL_WEBSTER,2020,House,FL-11,FL,11,R,DANIEL WEBSTER,DANIEL WEBSTER,"WEBSTER, DANIEL",H0FL08208,C00481911,I,True,False,False,C,316979,0.6672216690908556,high_confidence_automatic,100.0,last_exact+first_match+token_overlap+scope_same_race,0.0,2,MIT Election Data and Science Lab,Federal Election Commission
HOUSE_2020_FL_12_D_KIMBERLY_WALKER,2020,House,FL-12,FL,12,D,KIMBERLY WALKER,KIMBERLY WALKER,"WALKER, KIMBERLY H MS",H6FL13197,C00591388,C,False,True,False,C,168194,0.37117856709369174,high_confidence_automatic,95.0,last_exact+first_match+token_overlap+scope_same_race,0.0,2,MIT Election Data and Science Lab,Federal Election Commission
HOUSE_2020_FL_12_R_GUS_M_BILIRAKIS,2020,House,FL-12,FL,12,R,GUS M BILIRAKIS,GUS M BILIRAKIS,"BILIRAKIS, GUS M",H6FL09070,C00408534,I,True,False,False,C,284941,0.6288214329063083,high_confidence_automatic,100.0,last_exact+first_match+token_overlap+scope_same_race,0.0,2,MIT Election Data and Science Lab,Federal Election Commission
HOUSE_2020_FL_13_D_CHARLIE_CRIST,2020,House,FL-13,FL,13,D,CHARLIE CRIST,CHARLIE CRIST,"CRIST, CHARLIE JOSEPH",H6FL13205,C00590067,I,True,False,False,C,215405,0.5303908895044629,high_confidence_automatic,95.0,last_exact+first_match+token_overlap+scope_same_race,,1,MIT Election Data and Science Lab,Federal Election Commission
HOUSE_2020_FL_13_R_ANNA_PAULINA_LUNA,2020,House,FL-13,FL,13,R,ANNA PAULINA LUNA,ANNA PAULINA LUNA,"PAULINA LUNA, ANNA",H0FL13158,C00718239,C,False,True,False,C,190713,0.46959187442289935,high_confidence_automatic,100.0,last_exact+first_match+token_overlap+scope_same_race,2.0,7,MIT Election Data and Science Lab,Federal Election Commission
HOUSE_2020_FL_14_D_KATHY_CASTOR,2020,House,FL-14,FL,14,D,KATHY CASTOR,KATHY CASTOR,"CASTOR, KATHY",H6FL11126,C00410761,I,True,False,False,C,224240,0.6025754025410065,high_confidence_automatic,100.0,last_exact+first_match+token_overlap+scope_same_race,0.0,2,MIT Election Data and Science Lab,Federal Election Commission
HOUSE_2020_FL_14_R_CHRISTINE_Y_QUINN,2020,House,FL-14,FL,14,R,CHRISTINE Y QUINN,CHRISTINE Y QUINN,"QUINN, CHRISTINE YVONNE",H6FL14112,C00744698,C,False,True,False,C,147896,0.3974245974589935,high_confidence_automatic,92.5,last_exact+first_match+token_overlap+scope_same_race,2.0,6,MIT Election Data and Science Lab,Federal Election Commission
HOUSE_2020_FL_15_D_ALAN_COHN,2020,House,FL-15,FL,15,D,ALAN COHN,ALAN COHN,"COHN, ALAN",H4FL15155,C00718650,O,False,False,True,C,174297,0.4461477816372344,high_confidence_automatic,100.0,last_exact+first_match+token_overlap+scope_same_race,2.0,6,MIT Election Data and Science Lab,Federal Election Commission
HOUSE_2020_FL_15_R_SCOTT_FRANKLIN,2020,House,FL-15,FL,15,R,SCOTT FRANKLIN,SCOTT FRANKLIN,"FRANKLIN, SCOTT MR.",H0FL15104,C00742247,O,False,False,True,C,216374,0.5538522183627655,high_confidence_automatic,100.0,last_exact+first_match+token_overlap+scope_same_race,2.0,2,MIT Election Data and Science Lab,Federal Election Commission
HOUSE_2020_FL_16_D_MARGARET_GOOD,2020,House,FL-16,FL,16,D,MARGARET GOOD,MARGARET GOOD,"GOOD, MARGARET ELIZABETH ROWELL",H0FL16094,C00713222,C,False,True,False,C,215683,0.444997152784082,high_confidence_automatic,92.5,last_exact+first_match+token_overlap+scope_same_race,2.0,2,MIT Election Data and Science Lab,Federal Election Commission
HOUSE_2020_FL_16_R_VERN_BUCHANAN,2020,House,FL-16,FL,16,R,VERN BUCHANAN,VERN BUCHANAN,"BUCHANAN, VERNON",H6FL13148,C00412759,I,True,False,False,C,269001,0.555002847215918,probable_automatic,72.0,last_exact+first_initial+scope_same_race,0.0,2,MIT Election Data and Science Lab,Federal Election Commission
HOUSE_2020_FL_17_D_ALLEN_ELLISON,2020,House,FL-17,FL,17,D,ALLEN ELLISON,ALLEN ELLISON,"ELLISON, ALLEN",H0FL17159,C00574236,C,False,True,False,C,140487,0.340659607126143,high_confidence_automatic,100.0,last_exact+first_match+token_overlap+scope_same_race,0.0,2,MIT Election Data and Science Lab,Federal Election Commission
HOUSE_2020_FL_17_R_W_GREGORY_STEUBE,2020,House,FL-17,FL,17,R,W GREGORY STEUBE,W GREGORY STEUBE,"STEUBE, GREG",H8FL17053,C00671891,I,True,False,False,C,266514,0.6462559135978195,high_confidence_automatic,85.75,last_exact+alternate_given_name_match+scope_same_race,0.0,2,MIT Election Data and Science Lab,Federal Election Commission
HOUSE_2020_FL_18_D_PAM_KEITH,2020,House,FL-18,FL,18,D,PAM KEITH,PAM KEITH,"KEITH, PAMELA M.",H0FL18207,C00743286,C,False,True,False,C,186674,0.4150893889531264,probable_automatic,70.75,last_exact+first_initial+scope_same_race,2.0,2,MIT Election Data and Science Lab,Federal Election Commission
HOUSE_2020_FL_18_R_BRIAN_J_MAST,2020,House,FL-18,FL,18,R,BRIAN J MAST,BRIAN J MAST,"MAST, BRIAN",H6FL18097,C00632257,I,True,False,False,C,253286,0.5632082184470337,high_confidence_automatic,95.0,last_exact+first_match+token_overlap+scope_same_race,2.0,3,MIT Election Data and Science Lab,Federal Election Commission
HOUSE_2020_FL_19_D_CINDY_LYN_BANYAI,2020,House,FL-19,FL,19,D,CINDY LYN BANYAI,CINDY LYN BANYAI,"BANYAI, CINDY LYN",H0FL19106,C00718155,O,False,False,True,C,172146,0.3872025623665903,high_confidence_automatic,100.0,last_exact+first_match+token_overlap+scope_same_race,2.0,2,MIT Election Data and Science Lab,Federal Election Commission
HOUSE_2020_FL_19_R_BYRON_DONALDS,2020,House,FL-19,FL,19,R,BYRON DONALDS,BYRON DONALDS,,,,,False,False,False,,272440,0.6127906898281335,unmatched,0.0,last_name_mismatch+scope_same_race,2.0,12,MIT Election Data and Science Lab,Federal Election Commission
HOUSE_2020_FL_2_R_NEAL_P_DUNN,2020,House,FL-2,FL,2,R,NEAL P DUNN,NEAL P DUNN,"DUNN, NEAL PATRICK MD, FACS",H6FL02208,C00582304,I,True,False,False,C,305337,0.9786473674595111,high_confidence_automatic,90.0,last_exact+first_match+scope_same_race,,1,MIT Election Data and Science Lab,Federal Election Commission
HOUSE_2020_FL_20_D_ALCEE_L_HASTINGS,2020,House,FL-20,FL,20,D,ALCEE L HASTINGS,ALCEE L HASTINGS,"HASTINGS, ALCEE L",H2FL23021,C00269837,I,True,False,False,C,253661,0.7867677391139826,high_confidence_automatic,100.0,last_exact+first_match+token_overlap+scope_same_race,2.0,3,MIT Election Data and Science Lab,Federal Election Commission
HOUSE_2020_FL_20_R_GREG_MUSSELWHITE,2020,House,FL-20,FL,20,R,GREG MUSSELWHITE,GREG MUSSELWHITE,"MUSSELWHITE, GREGORY WAYNE SR.",H0FL20120,C00700195,C,False,True,False,C,68748,0.21323226088601746,high_confidence_automatic,88.75,last_exact+first_match+scope_same_race,2.0,4,MIT Election Data and Science Lab,Federal Election Commission
HOUSE_2020_FL_21_D_LOIS_FRANKEL,2020,House,FL-21,FL,21,D,LOIS FRANKEL,LOIS FRANKEL,"FRANKEL, LOIS J.",H2FL14053,C00494856,I,True,False,False,C,237925,0.590248404214412,high_confidence_automatic,95.0,last_exact+first_match+token_overlap+scope_same_race,2.0,4,MIT Election Data and Science Lab,Federal Election Commission
HOUSE_2020_FL_21_R_LAURA_LOOMER,2020,House,FL-21,FL,21,R,LAURA LOOMER,LAURA LOOMER,"LOOMER, LAURA",H0FL21078,C00714543,C,False,True,False,C,157612,0.391006541914645,high_confidence_automatic,100.0,last_exact+first_match+token_overlap+scope_same_race,2.0,10,MIT Election Data and Science Lab,Federal Election Commission
HOUSE_2020_FL_22_D_THEODORE_E_DEUTCH,2020,House,FL-22,FL,22,D,THEODORE E DEUTCH,THEODORE E DEUTCH,"DEUTCH, THEODORE ELIOT",H0FL19080,C00469163,I,True,False,False,C,235764,0.5860155051862089,high_confidence_automatic,92.5,last_exact+first_match+token_overlap+scope_same_race,0.0,2,MIT Election Data and Science Lab,Federal Election Commission
HOUSE_2020_FL_22_R_JAMES_JIM_PRUDEN,2020,House,FL-22,FL,22,R,"JAMES \""JIM\"" PRUDEN","JAMES \""JIM\"" PRUDEN","PRUDEN, JAMES L.",H0FL22118,C00721340,C,False,True,False,C,166553,0.4139844948137911,high_confidence_automatic,92.5,last_exact+first_match+token_overlap+scope_same_race,2.0,7,MIT Election Data and Science Lab,Federal Election Commission
HOUSE_2020_FL_23_D_DEBBIE_WASSERMAN_SCHULTZ,2020,House,FL-23,FL,23,D,DEBBIE WASSERMAN SCHULTZ,DEBBIE WASSERMAN SCHULTZ,"WASSERMAN SCHULTZ, DEBBIE",H4FL20023,C00385773,I,True,False,False,C,221239,0.5819077528432703,high_confidence_automatic,100.0,last_exact+first_match+token_overlap+scope_same_race,2.0,2,MIT Election Data and Science Lab,Federal Election Commission
HOUSE_2020_FL_23_R_CARLA_SPALDING,2020,House,FL-23,FL,23,R,CARLA SPALDING,CARLA SPALDING,"SPALDING, CARLA A",H0FL23090,C00727164,C,False,True,False,C,158874,0.4178739387052994,high_confidence_automatic,95.0,last_exact+first_match+token_overlap+scope_same_race,2.0,9,MIT Election Data and Science Lab,Federal Election Commission
HOUSE_2020_FL_24_D_FREDERICA_S_WILSON,2020,House,FL-24,FL,24,D,FREDERICA S WILSON,FREDERICA S WILSON,"WILSON, FREDERICA S",H0FL17068,C00460055,I,True,False,False,C,218825,0.7555120529764741,high_confidence_automatic,100.0,last_exact+first_match+token_overlap+scope_same_race,2.0,3,MIT Election Data and Science Lab,Federal Election Commission
HOUSE_2020_FL_24_R_LAVERN_SPICER,2020,House,FL-24,FL,24,R,LAVERN SPICER,LAVERN SPICER,"SPICER, LAVERN",H0FL24205,C00736264,C,False,True,False,C,59084,0.20399257003569973,high_confidence_automatic,100.0,last_exact+first_match+token_overlap+scope_same_race,0.0,3,MIT Election Data and Science Lab,Federal Election Commission
HOUSE_2020_FL_25_R_MARIO_DIAZ_BALART,2020,House,FL-25,FL,25,R,MARIO DIAZ-BALART,MARIO DIAZ-BALART,"DIAZ-BALART, MARIO",H2FL25018,C00376087,I,True,False,False,C,-1,,high_confidence_automatic,100.0,last_exact+first_match+token_overlap+scope_same_race,0.0,3,MIT Election Data and Science Lab,Federal Election Commission
HOUSE_2020_FL_26_D_DEBBIE_MUCARSEL_POWELL,2020,House,FL-26,FL,26,D,DEBBIE MUCARSEL-POWELL,DEBBIE MUCARSEL-POWELL,"MUCARSEL-POWELL, DEBBIE",H8FL26039,C00652065,I,True,False,False,C,165407,0.4827569097860666,high_confidence_automatic,100.0,last_exact+first_match+token_overlap+scope_same_race,,1,MIT Election Data and Science Lab,Federal Election Commission
HOUSE_2020_FL_26_R_CARLOS_GIMENEZ,2020,House,FL-26,FL,26,R,CARLOS GIMENEZ,CARLOS GIMENEZ,"GIMENEZ, CARLOS",H0FL26036,C00735985,C,False,True,False,C,177223,0.5172430902139334,high_confidence_automatic,100.0,last_exact+first_match+token_overlap+scope_same_race,2.0,3,MIT Election Data and Science Lab,Federal Election Commission
HOUSE_2020_FL_27_D_DONNA_E_SHALALA,2020,House,FL-27,FL,27,D,DONNA E SHALALA,DONNA E SHALALA,"SHALALA, DONNA",H8FL27193,C00672311,I,True,False,False,C,166758,0.486210365186967,high_confidence_automatic,95.0,last_exact+first_match+token_overlap+scope_same_race,2.0,3,MIT Election Data and Science Lab,Federal Election Commission
HOUSE_2020_FL_27_R_MARIA_ELVIRA_SALAZAR,2020,House,FL-27,FL,27,R,MARIA ELVIRA SALAZAR,MARIA ELVIRA SALAZAR,"SALAZAR, MARIA ELVIRA",H8FL27185,C00714261,C,False,True,False,C,176141,0.513568044318099,high_confidence_automatic,100.0,last_exact+first_match+token_overlap+scope_same_race,2.0,7,MIT Election Data and Science Lab,Federal Election Commission
HOUSE_2020_FL_3_D_ADAM_CHRISTENSEN,2020,House,FL-3,FL,3,D,ADAM CHRISTENSEN,ADAM CHRISTENSEN,"CHRISTENSEN, ADAM J",H0FL03183,C00732719,O,False,False,True,C,167326,0.42860033657700675,high_confidence_automatic,95.0,last_exact+first_match+token_overlap+scope_same_race,2.0,5,MIT Election Data and Science Lab,Federal Election Commission
HOUSE_2020_FL_3_R_KAT_CAMMACK,2020,House,FL-3,FL,3,R,KAT CAMMACK,KAT CAMMACK,"CAMMACK, KAT",H0FL03175,C00730895,O,False,False,True,C,223075,0.5713996634229933,high_confidence_automatic,100.0,last_exact+first_match+token_overlap+scope_same_race,2.0,14,MIT Election Data and Science Lab,Federal Election Commission
HOUSE_2020_FL_4_D_DONNA_DEEGAN,2020,House,FL-4,FL,4,D,DONNA DEEGAN,DONNA DEEGAN,"DEEGAN, DONNA",H0FL04157,C00726968,C,False,True,False,C,196423,0.3890026537806472,high_confidence_automatic,100.0,last_exact+first_match+token_overlap+scope_same_race,0.0,2,MIT Election Data and Science Lab,Federal Election Commission
HOUSE_2020_FL_4_R_JOHN_H_RUTHERFORD,2020,House,FL-4,FL,4,R,JOHN H RUTHERFORD,JOHN H RUTHERFORD,"RUTHERFORD, JOHN",H6FL04105,C00615294,I,True,False,False,C,308497,0.6109577375529766,high_confidence_automatic,95.0,last_exact+first_match+token_overlap+scope_same_race,2.0,4,MIT Election Data and Science Lab,Federal Election Commission
HOUSE_2020_FL_5_D_AL_LAWSON,2020,House,FL-5,FL,5,D,AL LAWSON JR,AL LAWSON JR,"LAWSON, ALFRED JR",H0FL02086,C00460261,I,True,False,False,C,219463,0.6512776988067294,probable_automatic,72.0,last_exact+first_initial+scope_same_race,2.0,4,MIT Election Data and Science Lab,Federal Election Commission
HOUSE_2020_FL_5_R_GARY_ADLER,2020,House,FL-5,FL,5,R,GARY ADLER,GARY ADLER,"ADLER, GARY",H0FL05170,C00739839,C,False,True,False,C,117510,0.3487223011932707,high_confidence_automatic,100.0,last_exact+first_match+token_overlap+scope_same_race,2.0,4,MIT Election Data and Science Lab,Federal Election Commission
HOUSE_2020_FL_6_D_CLINT_CURTIS,2020,House,FL-6,FL,6,D,CLINT CURTIS,CLINT CURTIS,"CURTIS, CLINT",H0FL06103,C00709535,C,False,True,False,C,172305,0.3935197873273405,high_confidence_automatic,100.0,last_exact+first_match+token_overlap+scope_same_race,2.0,4,MIT Election Data and Science Lab,Federal Election Commission
HOUSE_2020_FL_6_R_MICHAEL_WALTZ,2020,House,FL-6,FL,6,R,MICHAEL WALTZ,MICHAEL WALTZ,"WALTZ, MICHAEL",H8FL06148,C00666396,I,True,False,False,C,265393,0.6061193634436892,high_confidence_automatic,100.0,last_exact+first_match+token_overlap+scope_same_race,0.0,2,MIT Election Data and Science Lab,Federal Election Commission
HOUSE_2020_FL_7_D_STEPHANIE_N_MURPHY,2020,House,FL-7,FL,7,D,STEPHANIE N MURPHY,STEPHANIE N MURPHY,"MURPHY, STEPHANIE",H6FL07140,C00620443,I,True,False,False,C,224946,0.553442129270831,high_confidence_automatic,95.0,last_exact+first_match+token_overlap+scope_same_race,0.0,2,MIT Election Data and Science Lab,Federal Election Commission
HOUSE_2020_FL_7_R_LEO_VALENTIN,2020,House,FL-7,FL,7,R,LEO VALENTIN,LEO VALENTIN,"VALENTIN, LEO",H0FL07143,C00726000,C,False,True,False,C,175750,0.43240357338805113,high_confidence_automatic,100.0,last_exact+first_match+token_overlap+scope_same_race,2.0,10,MIT Election Data and Science Lab,Federal Election Commission
HOUSE_2020_FL_8_D_JIM_KENNEDY,2020,House,FL-8,FL,8,D,JIM KENNEDY,JIM KENNEDY,"KENNEDY, JAMES",H0FL08224,C00707257,C,False,True,False,C,177695,0.38647159125510017,high_confidence_automatic,90.0,last_exact+first_match+scope_same_race,2.0,4,MIT Election Data and Science Lab,Federal Election Commission
HOUSE_2020_FL_8_R_BILL_POSEY,2020,House,FL-8,FL,8,R,BILL POSEY,BILL POSEY,"POSEY, BILL",H8FL15107,C00444968,I,True,False,False,C,282093,0.6135284087448998,high_confidence_automatic,100.0,last_exact+first_match+token_overlap+scope_same_race,2.0,4,MIT Election Data and Science Lab,Federal Election Commission
HOUSE_2020_FL_9_D_DARREN_SOTO,2020,House,FL-9,FL,9,D,DARREN SOTO,DARREN SOTO,"SOTO, DARREN",H6FL09179,C00581074,I,True,False,False,C,240724,0.5602949459777766,high_confidence_automatic,100.0,last_exact+first_match+token_overlap+scope_same_race,0.0,2,MIT Election Data and Science Lab,Federal Election Commission
HOUSE_2020_FL_9_R_WILLIAM_P_BILL_OLSON,2020,House,FL-9,FL,9,R,"WILLIAM P \""BILL\"" OLSON","WILLIAM P \""BILL\"" OLSON","OLSON, WILLIAM",H0FL09081,C00699694,C,False,True,False,C,188889,0.43964686550072385,high_confidence_automatic,92.5,last_exact+first_match+token_overlap+scope_same_race,2.0,4,MIT Election Data and Science Lab,Federal Election Commission
HOUSE_2020_GA_1_D_JOYCE_MARIE_GRIGGS,2020,House,GA-1,GA,1,D,JOYCE MARIE GRIGGS,JOYCE MARIE GRIGGS,"GRIGGS, JOYCE MARIE",H0GA01029,C00741397,,False,False,False,P,135238,0.4165077996273426,high_confidence_automatic,100.0,last_exact+first_match+token_overlap+scope_same_race,2.0,3,MIT Election Data and Science Lab,Federal Election Commission
HOUSE_2020_GA_1_R_EARL_L_BUDDY_CARTER,2020,House,GA-1,GA,1,R,"EARL L \""BUDDY\"" CARTER","EARL L \""BUDDY\"" CARTER","CARTER, EARL LEROY",H4GA01039,C00543967,I,True,False,False,C,189457,0.5834922003726574,high_confidence_automatic,91.0,last_exact+first_match+scope_same_race,2.0,3,MIT Election Data and Science Lab,Federal Election Commission
HOUSE_2020_GA_10_D_TABITHA_JOHNSON_GREEN,2020,House,GA-10,GA,10,D,TABITHA JOHNSON-GREEN,TABITHA JOHNSON-GREEN,"JOHNSON-GREEN, TABITHA",H8GA10197,C00731166,C,False,True,False,C,142636,0.3768992141547275,high_confidence_automatic,100.0,last_exact+first_match+token_overlap+scope_same_race,2.0,4,MIT Election Data and Science Lab,Federal Election Commission
HOUSE_2020_GA_10_R_JODY_B_HICE,2020,House,GA-10,GA,10,R,JODY B HICE,JODY B HICE,"HICE, JODY",H0GA07125,C00544445,I,True,False,False,C,235810,0.6231007858452725,high_confidence_automatic,95.0,last_exact+first_match+token_overlap+scope_same_race,,1,MIT Election Data and Science Lab,Federal Election Commission
HOUSE_2020_GA_11_D_DANA_BARRETT,2020,House,GA-11,GA,11,D,DANA BARRETT,DANA BARRETT,"BARRETT, DANA",H0GA11036,C00721183,C,False,True,False,C,160623,0.3957381702071045,high_confidence_automatic,100.0,last_exact+first_match+token_overlap+scope_same_race,0.0,4,MIT Election Data and Science Lab,Federal Election Commission
HOUSE_2020_GA_11_R_BARRY_LOUDERMILK,2020,House,GA-11,GA,11,R,BARRY LOUDERMILK,BARRY LOUDERMILK,"LOUDERMILK, BARRY",H4GA11061,C00543892,I,True,False,False,C,245259,0.6042618297928954,high_confidence_automatic,100.0,last_exact+first_match+token_overlap+scope_same_race,,1,MIT Election Data and Science Lab,Federal Election Commission
HOUSE_2020_GA_12_D_LIZ_JOHNSON,2020,House,GA-12,GA,12,D,LIZ JOHNSON,LIZ JOHNSON,"JOHNSON, ELIZABETH (LIZ)",H0GA12059,C00722991,C,False,True,False,C,129061,0.416192893237321,high_confidence_automatic,90.0,last_exact+first_match+scope_same_race,2.0,2,MIT Election Data and Science Lab,Federal Election Commission
HOUSE_2020_GA_12_R_RICK_W_ALLEN,2020,House,GA-12,GA,12,R,RICK W ALLEN,RICK W ALLEN,"ALLEN, RICHARD W",H2GA12121,C00504019,I,True,False,False,C,181038,0.583807106762679,high_confidence_automatic,92.5,last_exact+first_match+token_overlap+scope_same_race,,1,MIT Election Data and Science Lab,Federal Election Commission
HOUSE_2020_GA_13_D_DAVID_SCOTT,2020,House,GA-13,GA,13,D,DAVID SCOTT,DAVID SCOTT,"SCOTT, DAVID ALBERT",H2GA13012,C00369801,I,True,False,False,C,279045,0.7738739038554338,high_confidence_automatic,95.0,last_exact+first_match+token_overlap+scope_same_race,2.0,5,MIT Election Data and Science Lab,Federal Election Commission
HOUSE_2020_GA_13_R_BECKY_E_HITES,2020,House,GA-13,GA,13,R,BECKY E HITES,BECKY E HITES,"HITES, BECKY E",H0GA13131,C00736074,C,False,True,False,C,81476,0.22595692519315994,high_confidence_automatic,100.0,last_exact+first_match+token_overlap+scope_same_race,2.0,2,MIT Election Data and Science Lab,Federal Election Commission
HOUSE_2020_GA_14_D_KEVIN_VAN_AUSDAL,2020,House,GA-14,GA,14,D,KEVIN VAN AUSDAL,KEVIN VAN AUSDAL,"VAN AUSDAL, KEVIN",H0GA14097,C00732669,O,False,False,True,C,77798,0.25289882161722876,high_confidence_automatic,100.0,last_exact+first_match+token_overlap+scope_same_race,0.0,2,MIT Election Data and Science Lab,Federal Election Commission
HOUSE_2020_GA_14_R_MARJORIE_TAYLOR_GREENE,2020,House,GA-14,GA,14,R,MARJORIE TAYLOR GREENE,MARJORIE TAYLOR GREENE,"GREENE, MARJORIE TAYLOR MRS.",H0GA06192,C00708289,O,False,False,True,C,229827,0.7471011783827712,high_confidence_automatic,100.0,last_exact+first_match+token_overlap+scope_same_race,2.0,11,MIT Election Data and Science Lab,Federal Election Commission
HOUSE_2020_GA_2_D_SANFORD_D_BISHOP,2020,House,GA-2,GA,2,D,SANFORD D BISHOP JR,SANFORD D BISHOP JR,"BISHOP, SANFORD",H2GA02031,C00266940,I,True,False,False,C,161397,0.5911241823362658,high_confidence_automatic,95.0,last_exact+first_match+token_overlap+scope_same_race,,1,MIT Election Data and Science Lab,Federal Election Commission
HOUSE_2020_GA_2_R_DON_COLE,2020,House,GA-2,GA,2,R,DON COLE,DON COLE,"COLE, DONALD EUGENE",H0GA02258,C00737692,C,False,True,False,C,111620,0.40881355435586775,high_confidence_automatic,88.75,last_exact+first_match+scope_same_race,2.0,2,MIT Election Data and Science Lab,Federal Election Commission
HOUSE_2020_GA_3_D_VAL_ALMONORD,2020,House,GA-3,GA,3,D,VAL ALMONORD,VAL ALMONORD,"ALMONORD, VALBRUN",H0GA03074,C00743724,C,False,True,False,C,129792,0.3495440565768425,probable_automatic,72.0,last_exact+first_initial+scope_same_race,,1,MIT Election Data and Science Lab,Federal Election Commission
HOUSE_2020_GA_3_R_A_DREW_FERGUSON,2020,House,GA-3,GA,3,R,A DREW FERGUSON IV,A DREW FERGUSON IV,"FERGUSON, ANDERSON DREW IV",H6GA03113,C00607838,I,True,False,False,C,241526,0.6504559434231575,probable_automatic,74.5,last_exact+first_initial+token_overlap+scope_same_race,,1,MIT Election Data and Science Lab,Federal Election Commission
HOUSE_2020_GA_4_D_HENRY_C_HANK_JOHNSON,2020,House,GA-4,GA,4,D,"HENRY C \""HANK\"" JOHNSON JR","HENRY C \""HANK\"" JOHNSON JR","JOHNSON, HENRY C. 'HANK",H6GA04129,C00418293,I,True,False,False,C,278906,0.8007660085156719,high_confidence_automatic,100.0,last_exact+first_match+token_overlap+scope_same_race,2.0,4,MIT Election Data and Science Lab,Federal Election Commission
HOUSE_2020_GA_4_R_JOHSIE_CRUZ_EZAMMUDEEN,2020,House,GA-4,GA,4,R,JOHSIE CRUZ EZAMMUDEEN,JOHSIE CRUZ EZAMMUDEEN,,,,,False,False,False,,69393,0.19923399148432813,unmatched,0.0,last_name_mismatch+scope_same_race,,1,MIT Election Data and Science Lab,Federal Election Commission
HOUSE_2020_GA_5_D_NIKEMA_WILLIAMS,2020,House,GA-5,GA,5,D,NIKEMA WILLIAMS,NIKEMA WILLIAMS,"WILLIAMS, NIKEMA NATASSHA",H0GA05301,C00752584,C,False,True,False,C,301857,0.8514934993497939,high_confidence_automatic,95.0,last_exact+first_match+token_overlap+scope_same_race,2.0,8,MIT Election Data and Science Lab,Federal Election Commission
HOUSE_2020_GA_5_R_ANGELA_STANTON_KING,2020,House,GA-5,GA,5,R,ANGELA STANTON-KING,ANGELA STANTON-KING,"STANTON KING, ANGELA",H0GA05277,C00741538,C,False,True,False,C,52646,0.14850650065020607,high_confidence_automatic,100.0,last_exact+first_match+token_overlap+scope_same_race,0.0,2,MIT Election Data and Science Lab,Federal Election Commission
HOUSE_2020_GA_6_D_LUCY_MCBATH,2020,House,GA-6,GA,6,D,LUCY MCBATH,LUCY MCBATH,"MCBATH, LUCIA KAY MS.",H8GA06393,C00672295,I,True,False,False,C,216775,0.5458897417301262,probable_automatic,70.75,last_exact+first_initial+scope_same_race,,1,MIT Election Data and Science Lab,Federal Election Commission
HOUSE_2020_GA_6_R_KAREN_HANDEL,2020,House,GA-6,GA,6,R,KAREN HANDEL,KAREN HANDEL,"HANDEL, KAREN CHRISTINE",H8GA06286,C00633362,C,False,True,False,C,180329,0.4541102582698739,high_confidence_automatic,95.0,last_exact+first_match+token_overlap+scope_same_race,2.0,8,MIT Election Data and Science Lab,Federal Election Commission
HOUSE_2020_GA_7_D_CAROLYN_BOURDEAUX,2020,House,GA-7,GA,7,D,CAROLYN BOURDEAUX,CAROLYN BOURDEAUX,"BOURDEAUX, CAROLYN",H8GA07201,C00649376,O,False,False,True,C,190900,0.5139125191135615,high_confidence_automatic,100.0,last_exact+first_match+token_overlap+scope_same_race,2.0,8,MIT Election Data and Science Lab,Federal Election Commission
HOUSE_2020_GA_7_R_RICH_MCCORMICK,2020,House,GA-7,GA,7,R,RICH MCCORMICK,RICH MCCORMICK,"MCCORMICK, RICHARD DEAN DR.",H0GA07273,C00706747,O,False,False,True,C,180564,0.48608748088643855,high_confidence_automatic,88.75,last_exact+first_match+scope_same_race,2.0,11,MIT Election Data and Science Lab,Federal Election Commission
HOUSE_2020_GA_8_D_LINDSAY_HOLLIDAY,2020,House,GA-8,GA,8,D,LINDSAY HOLLIDAY,LINDSAY HOLLIDAY,"HOLLIDAY, LINDSAY DOZIER DR",H0GA08115,C00743096,C,False,True,False,C,109264,0.3547382740338882,high_confidence_automatic,95.0,last_exact+first_match+token_overlap+scope_same_race,,1,MIT Election Data and Science Lab,Federal Election Commission
HOUSE_2020_GA_8_R_AUSTIN_SCOTT,2020,House,GA-8,GA,8,R,AUSTIN SCOTT,AUSTIN SCOTT,"SCOTT, JAMES AUSTIN",H0GA08099,C00482737,I,True,False,False,C,198701,0.6451058883878278,high_confidence_automatic,92.0,last_exact+alternate_given_name_match+token_overlap+scope_same_race,2.0,3,MIT Election Data and Science Lab,Federal Election Commission
HOUSE_2020_GA_9_D_DEVIN_PANDY,2020,House,GA-9,GA,9,D,DEVIN PANDY,DEVIN PANDY,"PANDY, DEVIN D MR SR",H0GA09170,C00730853,O,False,False,True,C,79797,0.21419310852053566,high_confidence_automatic,95.0,last_exact+first_match+token_overlap+scope_same_race,2.0,4,MIT Election Data and Science Lab,Federal Election Commission
HOUSE_2020_GA_9_R_ANDREW_CLYDE,2020,House,GA-9,GA,9,R,ANDREW CLYDE,ANDREW CLYDE,"CLYDE, ANDREW",H0GA09246,C00740100,O,False,False,True,C,292750,0.7858068914794644,high_confidence_automatic,100.0,last_exact+first_match+token_overlap+scope_same_race,2.0,11,MIT Election Data and Science Lab,Federal Election Commission
HOUSE_2020_HI_1_D_ED_CASE,2020,House,HI-1,HI,1,D,ED CASE,ED CASE,"CASE, EDWARD",H2HI02128,C00680918,I,True,False,False,C,183245,0.6465766668548524,high_confidence_automatic,90.0,last_exact+first_match+scope_same_race,,1,MIT Election Data and Science Lab,Federal Election Commission
HOUSE_2020_HI_1_R_RON_CURTIS,2020,House,HI-1,HI,1,R,RON CURTIS,RON CURTIS,"CURTIS, RON",H0HI01298,C00755421,C,False,True,False,N,71188,0.2511855699203974,high_confidence_automatic,100.0,last_exact+first_match+token_overlap+scope_same_race,0.0,5,MIT Election Data and Science Lab,Federal Election Commission
HOUSE_2020_HI_2_D_KAIALII_KAI_KAHELE,2020,House,HI-2,HI,2,D,"KAIALII \""KAI\"" KAHELE","KAIALII \""KAI\"" KAHELE","KAHELE, KAIALI'I",H0HI02155,C00694604,O,False,False,True,C,171517,0.5787142008799633,probable_automatic,70.0,last_exact+first_initial+scope_same_race,2.0,8,MIT Election Data and Science Lab,Federal Election Commission
HOUSE_2020_HI_2_R_JOE_AKANA,2020,House,HI-2,HI,2,R,JOE AKANA,JOE AKANA,"AKANA, JOSEPH S",H0HI02213,C00742221,O,False,False,True,C,84027,0.28351485950279376,high_confidence_automatic,88.75,last_exact+first_match+scope_same_race,2.0,9,MIT Election Data and Science Lab,Federal Election Commission
HOUSE_2020_IA_1_D_ABBY_FINKENAUER,2020,House,IA-1,IA,1,D,ABBY FINKENAUER,ABBY FINKENAUER,"FINKENAUER, ABBY",H8IA01094,C00637074,I,True,False,False,C,201347,0.47490748187965687,high_confidence_automatic,100.0,last_exact+first_match+token_overlap+scope_same_race,,1,MIT Election Data and Science Lab,Federal Election Commission
HOUSE_2020_IA_1_R_ASHLEY_HINSON,2020,House,IA-1,IA,1,R,ASHLEY HINSON,ASHLEY HINSON,,,,,False,False,False,,212088,0.5002417618186149,unmatched,0.0,last_name_mismatch+scope_same_race,2.0,3,MIT Election Data and Science Lab,Federal Election Commission
HOUSE_2020_IA_2_D_RITA_R_HART,2020,House,IA-2,IA,2,D,RITA R HART,RITA R HART,"HART, RITA",H0IA02156,C00706457,O,False,False,True,C,196958,0.47575660222856164,high_confidence_automatic,95.0,last_exact+first_match+token_overlap+scope_same_race,2.0,4,MIT Election Data and Science Lab,Federal Election Commission
HOUSE_2020_IA_2_R_MARIANNETTE_MILLER_MEEKS,2020,House,IA-2,IA,2,R,MARIANNETTE MILLER-MEEKS,MARIANNETTE MILLER-MEEKS,"MILLER-MEEKS, MARIANNETTE JANE",H8IA02043,C00558825,C,False,True,False,C,196964,0.4757710953672682,high_confidence_automatic,96.25,last_exact+first_match+token_overlap+scope_same_race,2.0,7,MIT Election Data and Science Lab,Federal Election Commission
HOUSE_2020_IA_3_D_CYNTHIA_AXNE,2020,House,IA-3,IA,3,D,CYNTHIA AXNE,CYNTHIA AXNE,"AXNE, CINDY",H8IA03124,C00646844,I,True,False,False,C,219205,0.47569187501220667,probable_automatic,72.0,last_exact+first_initial+scope_same_race,,1,MIT Election Data and Science Lab,Federal Election Commission
HOUSE_2020_IA_3_R_DAVID_YOUNG,2020,House,IA-3,IA,3,R,DAVID YOUNG,DAVID YOUNG,"YOUNG, DAVID",H4IA03115,C00545616,C,False,True,False,C,212997,0.46222003285497587,high_confidence_automatic,100.0,last_exact+first_match+token_overlap+scope_same_race,2.0,4,MIT Election Data and Science Lab,Federal Election Commission
HOUSE_2020_IA_4_D_J_D_SCHOLTEN,2020,House,IA-4,IA,4,D,J D SCHOLTEN,J D SCHOLTEN,"SCHOLTEN, JAMES D.",H8IA04106,C00650622,C,False,True,False,C,144761,0.3605549259642088,probable_automatic,74.5,last_exact+first_initial+token_overlap+scope_same_race,,1,MIT Election Data and Science Lab,Federal Election Commission
HOUSE_2020_IA_4_R_RANDY_FEENSTRA,2020,House,IA-4,IA,4,R,RANDY FEENSTRA,RANDY FEENSTRA,"FEENSTRA, RANDALL",H0IA04145,C00693663,C,False,True,False,C,237369,0.5912128420030137,probable_automatic,72.0,last_exact+first_initial+scope_same_race,2.0,6,MIT Election Data and Science Lab,Federal Election Commission
HOUSE_2020_ID_1_D_RUDY_SOTO,2020,House,ID-1,ID,1,D,RUDY SOTO,RUDY SOTO,"SOTO, RUDY",H0ID01311,C00727586,C,False,True,False,C,131380,0.28649558633683403,high_confidence_automatic,100.0,last_exact+first_match+token_overlap+scope_same_race,0.0,2,MIT Election Data and Science Lab,Federal Election Commission
HOUSE_2020_ID_1_R_RUSS_FULCHER,2020,House,ID-1,ID,1,R,RUSS FULCHER,RUSS FULCHER,"FULCHER, RUSSELL",H8ID01124,C00648295,I,True,False,False,C,310736,0.6776106904853285,probable_automatic,72.0,last_exact+first_initial+scope_same_race,2.0,2,MIT Election Data and Science Lab,Federal Election Commission
HOUSE_2020_ID_2_D_C_AARON_SWISHER,2020,House,ID-2,ID,2,D,C AARON SWISHER,C AARON SWISHER,"SWISHER, CARLTON AARON",H8ID02148,C00663542,C,False,True,False,C,124151,0.31725154791443605,probable_automatic,74.5,last_exact+first_initial+token_overlap+scope_same_race,,1,MIT Election Data and Science Lab,Federal Election Commission
HOUSE_2020_ID_2_R_MICHAEL_K_SIMPSON,2020,House,ID-2,ID,2,R,MICHAEL K SIMPSON,MICHAEL K SIMPSON,"SIMPSON, MICHAEL",H8ID02064,C00331397,I,True,False,False,C,250669,0.6405516529400792,high_confidence_automatic,95.0,last_exact+first_match+token_overlap+scope_same_race,0.0,2,MIT Election Data and Science Lab,Federal Election Commission
HOUSE_2020_IL_1_D_BOBBY_L_RUSH,2020,House,IL-1,IL,1,D,BOBBY L RUSH,BOBBY L RUSH,"RUSH, BOBBY LEE",H2IL01042,C00257121,I,True,False,False,C,239943,0.7380068466395795,high_confidence_automatic,92.5,last_exact+first_match+token_overlap+scope_same_race,2.0,5,MIT Election Data and Science Lab,Federal Election Commission
HOUSE_2020_IL_1_R_PHILANISE_WHITE,2020,House,IL-1,IL,1,R,PHILANISE WHITE,PHILANISE WHITE,"WHITE, PHILANISE",H0IL01194,C00762807,C,False,True,False,C,85027,0.2615225622302944,high_confidence_automatic,100.0,last_exact+first_match+token_overlap+scope_same_race,0.0,2,MIT Election Data and Science Lab,Federal Election Commission
HOUSE_2020_IL_10_D_BRADLEY_SCOTT_SCHNEIDER,2020,House,IL-10,IL,10,D,BRADLEY SCOTT SCHNEIDER,BRADLEY SCOTT SCHNEIDER,"SCHNEIDER, BRADLEY SCOTT",H2IL10068,C00495952,I,True,False,False,C,202402,0.6387459999873767,high_confidence_automatic,100.0,last_exact+first_match+token_overlap+scope_same_race,2.0,3,MIT Election Data and Science Lab,Federal Election Commission
HOUSE_2020_IL_10_R_VALERIE_RAMIREZ_MUKHERJEE,2020,House,IL-10,IL,10,R,VALERIE RAMIREZ MUKHERJEE,VALERIE RAMIREZ MUKHERJEE,"MUKHERJEE, VALERIE RAMIREZ",H0IL10351,C00707539,C,False,True,False,C,114442,0.36115932515763366,high_confidence_automatic,100.0,last_exact+first_match+token_overlap+scope_same_race,,1,MIT Election Data and Science Lab,Federal Election Commission
HOUSE_2020_IL_11_D_BILL_FOSTER,2020,House,IL-11,IL,11,D,BILL FOSTER,BILL FOSTER,"FOSTER, G. WILLIAM (BILL)",H8IL14067,C00435099,I,True,False,False,C,194557,0.6329588746067533,high_confidence_automatic,85.75,last_exact+alternate_given_name_match+scope_same_race,2.0,2,MIT Election Data and Science Lab,Federal Election Commission
HOUSE_2020_IL_11_R_RICK_LAIB,2020,House,IL-11,IL,11,R,RICK LAIB,RICK LAIB,"LAIB, RICK",H0IL11110,C00715334,C,False,True,False,C,112807,0.3669988320531465,high_confidence_automatic,100.0,last_exact+first_match+token_overlap+scope_same_race,2.0,2,MIT Election Data and Science Lab,Federal Election Commission
HOUSE_2020_IL_12_D_RAYMOND_C_LENZI,2020,House,IL-12,IL,12,D,RAYMOND C LENZI,RAYMOND C LENZI,"LENZI, RAYMOND CARL DR.",H0IL12100,C00725564,C,False,True,False,C,127577,0.3956906605131259,high_confidence_automatic,92.5,last_exact+first_match+token_overlap+scope_same_race,2.0,2,MIT Election Data and Science Lab,Federal Election Commission
HOUSE_2020_IL_12_R_MIKE_BOST,2020,House,IL-12,IL,12,R,MIKE BOST,MIKE BOST,"BOST, MICHAEL",H4IL12060,C00546499,I,True,False,False,C,194839,0.6043093394868742,high_confidence_automatic,90.0,last_exact+first_match+scope_same_race,,1,MIT Election Data and Science Lab,Federal Election Commission
HOUSE_2020_IL_13_D_BETSY_DIRKSEN_LONDRIGAN,2020,House,IL-13,IL,13,D,BETSY DIRKSEN LONDRIGAN,BETSY DIRKSEN LONDRIGAN,"LONDRIGAN, BETSY DIRKSEN",H8IL13150,C00649483,C,False,True,False,C,151648,0.4553706823293426,high_confidence_automatic,100.0,last_exact+first_match+token_overlap+scope_same_race,2.0,2,MIT Election Data and Science Lab,Federal Election Commission
HOUSE_2020_IL_13_R_RODNEY_DAVIS,2020,House,IL-13,IL,13,R,RODNEY DAVIS,RODNEY DAVIS,"DAVIS, RODNEY L",H2IL13120,C00521948,I,True,False,False,C,181373,0.5446293176706574,high_confidence_automatic,95.0,last_exact+first_match+token_overlap+scope_same_race,,1,MIT Election Data and Science Lab,Federal Election Commission
HOUSE_2020_IL_14_D_LAUREN_UNDERWOOD,2020,House,IL-14,IL,14,D,LAUREN UNDERWOOD,LAUREN UNDERWOOD,"UNDERWOOD, LAUREN",H8IL14174,C00652719,I,True,False,False,C,203209,0.5066899055484076,high_confidence_automatic,100.0,last_exact+first_match+token_overlap+scope_same_race,,1,MIT Election Data and Science Lab,Federal Election Commission
HOUSE_2020_IL_14_R_JIM_OBERWEIS,2020,House,IL-14,IL,14,R,JIM OBERWEIS,JIM OBERWEIS,"OBERWEIS, JIM",H8IL14083,C00696872,C,False,True,False,C,197835,0.49329014691361717,high_confidence_automatic,100.0,last_exact+first_match+token_overlap+scope_same_race,2.0,9,MIT Election Data and Science Lab,Federal Election Commission
HOUSE_2020_IL_15_D_ERIKA_C_WEAVER,2020,House,IL-15,IL,15,D,ERIKA C WEAVER,ERIKA C WEAVER,"WEAVER, ERIKA C",H0IL15194,C00729426,O,False,False,True,C,88559,0.26553945056460754,high_confidence_automatic,100.0,last_exact+first_match+token_overlap+scope_same_race,2.0,4,MIT Election Data and Science Lab,Federal Election Commission
HOUSE_2020_IL_15_R_MARY_MILLER,2020,House,IL-15,IL,15,R,MARY MILLER,MARY MILLER,"MILLER, MARY",H0IL15129,C00723916,O,False,False,True,C,244947,0.7344605494353925,high_confidence_automatic,100.0,last_exact+first_match+token_overlap+scope_same_race,2.0,11,MIT Election Data and Science Lab,Federal Election Commission
HOUSE_2020_IL_16_D_DANI_BRZOZOWSKI,2020,House,IL-16,IL,16,D,DANI BRZOZOWSKI,DANI BRZOZOWSKI,"BRZOZOWSKI, DANI",H0IL16184,C00718742,C,False,True,False,C,119313,0.35283106467667574,high_confidence_automatic,100.0,last_exact+first_match+token_overlap+scope_same_race,0.0,2,MIT Election Data and Science Lab,Federal Election Commission
HOUSE_2020_IL_16_R_ADAM_KINZINGER,2020,House,IL-16,IL,16,R,ADAM KINZINGER,ADAM KINZINGER,"KINZINGER, ADAM",H0IL11052,C00458877,I,True,False,False,C,218839,0.6471482350018778,high_confidence_automatic,100.0,last_exact+first_match+token_overlap+scope_same_race,,1,MIT Election Data and Science Lab,Federal Election Commission
HOUSE_2020_IL_17_D_CHERI_BUSTOS,2020,House,IL-17,IL,17,D,CHERI BUSTOS,CHERI BUSTOS,"BUSTOS, CHERI",H2IL17071,C00498568,I,True,False,False,C,156011,0.5202187432267961,high_confidence_automatic,100.0,last_exact+first_match+token_overlap+scope_same_race,0.0,3,MIT Election Data and Science Lab,Federal Election Commission
HOUSE_2020_IL_17_R_ESTHER_JOY_KING,2020,House,IL-17,IL,17,R,ESTHER JOY KING,ESTHER JOY KING,"KING, ESTHER JOY",H0IL17083,C00716498,C,False,True,False,C,143863,0.479711232264626,high_confidence_automatic,100.0,last_exact+first_match+token_overlap+scope_same_race,2.0,5,MIT Election Data and Science Lab,Federal Election Commission
HOUSE_2020_IL_18_D_GEORGE_PETRILLI,2020,House,IL-18,IL,18,D,GEORGE PETRILLI,GEORGE PETRILLI,"PETRILLI, GEORGE",H0IL18073,C00760231,C,False,True,False,N,110039,0.29590001048728215,high_confidence_automatic,100.0,last_exact+first_match+token_overlap+scope_same_race,0.0,2,MIT Election Data and Science Lab,Federal Election Commission
HOUSE_2020_IL_18_R_DARIN_LAHOOD,2020,House,IL-18,IL,18,R,DARIN LAHOOD,DARIN LAHOOD,"LAHOOD, DARIN MCKAY",H6IL18088,C00575050,I,True,False,False,C,261840,0.7040999895127178,high_confidence_automatic,95.0,last_exact+first_match+token_overlap+scope_same_race,,1,MIT Election Data and Science Lab,Federal Election Commission
HOUSE_2020_IL_2_D_ROBIN_L_KELLY,2020,House,IL-2,IL,2,D,ROBIN L KELLY,ROBIN L KELLY,"KELLY, ROBIN",H2IL02172,C00539866,I,True,False,False,C,234896,0.7881411095229467,high_confidence_automatic,95.0,last_exact+first_match+token_overlap+scope_same_race,0.0,2,MIT Election Data and Science Lab,Federal Election Commission
HOUSE_2020_IL_2_R_THERESA_J_RABORN,2020,House,IL-2,IL,2,R,THERESA J RABORN,THERESA J RABORN,"RABORN, THERESA",H0IL02127,C00705335,C,False,True,False,N,63142,0.21185889047705325,high_confidence_automatic,95.0,last_exact+first_match+token_overlap+scope_same_race,,1,MIT Election Data and Science Lab,Federal Election Commission
HOUSE_2020_IL_3_D_MARIE_NEWMAN,2020,House,IL-3,IL,3,D,MARIE NEWMAN,MARIE NEWMAN,"NEWMAN, MARIE",H8IL03102,C00636670,C,False,True,False,C,172997,0.5637872823026384,high_confidence_automatic,100.0,last_exact+first_match+token_overlap+scope_same_race,2.0,5,MIT Election Data and Science Lab,Federal Election Commission
HOUSE_2020_IL_3_R_MIKE_FRICILONE,2020,House,IL-3,IL,3,R,MIKE FRICILONE,MIKE FRICILONE,"FRICILONE, MIKE",H0IL03117,C00707679,C,False,True,False,C,133851,0.4362127176973616,high_confidence_automatic,100.0,last_exact+first_match+token_overlap+scope_same_race,0.0,3,MIT Election Data and Science Lab,Federal Election Commission
HOUSE_2020_IL_4_D_JESUS_G_CHUY_GARCIA,2020,House,IL-4,IL,4,D,"JESUS G \""CHUY\"" GARCIA","JESUS G \""CHUY\"" GARCIA","GARCIA, JESUS",H8IL04134,C00661777,I,True,False,False,C,187219,0.8405383928130485,high_confidence_automatic,92.5,last_exact+first_match+token_overlap+scope_same_race,,1,MIT Election Data and Science Lab,Federal Election Commission
HOUSE_2020_IL_4_R_JESUS_SOLORIO,2020,House,IL-4,IL,4,R,JESUS SOLORIO,JESUS SOLORIO,"SOLORIO, JESUS EDUARDO JR",H0IL04081,C00747535,C,False,True,False,N,35518,0.15946160718695143,high_confidence_automatic,95.0,last_exact+first_match+token_overlap+scope_same_race,0.0,2,MIT Election Data and Science Lab,Federal Election Commission
HOUSE_2020_IL_5_D_MIKE_QUIGLEY,2020,House,IL-5,IL,5,D,MIKE QUIGLEY,MIKE QUIGLEY,"QUIGLEY, MIKE",H0IL05096,C00457556,I,True,False,False,C,255661,0.707670972760061,high_confidence_automatic,100.0,last_exact+first_match+token_overlap+scope_same_race,2.0,2,MIT Election Data and Science Lab,Federal Election Commission
HOUSE_2020_IL_5_R_TOMMY_HANSON,2020,House,IL-5,IL,5,R,TOMMY HANSON,TOMMY HANSON,"HANSON, TOM",H8IL05073,C00451252,C,False,True,False,N,96200,0.2662820984800884,high_confidence_automatic,90.0,last_exact+first_match+scope_same_race,0.0,2,MIT Election Data and Science Lab,Federal Election Commission
HOUSE_2020_IL_6_D_SEAN_CASTEN,2020,House,IL-6,IL,6,D,SEAN CASTEN,SEAN CASTEN,"CASTEN, SEAN",H8IL06139,C00648493,I,True,False,False,C,213777,0.5281743904216708,high_confidence_automatic,100.0,last_exact+first_match+token_overlap+scope_same_race,2.0,2,MIT Election Data and Science Lab,Federal Election Commission
HOUSE_2020_IL_6_R_JEANNE_IVES,2020,House,IL-6,IL,6,R,JEANNE IVES,JEANNE IVES,"IVES, JEANNE",H0IL06060,C00712794,C,False,True,False,C,183891,0.45433567141942993,high_confidence_automatic,100.0,last_exact+first_match+token_overlap+scope_same_race,2.0,3,MIT Election Data and Science Lab,Federal Election Commission
HOUSE_2020_IL_7_D_DANNY_K_DAVIS,2020,House,IL-7,IL,7,D,DANNY K DAVIS,DANNY K DAVIS,"DAVIS, DANNY K",H4IL07037,C00172619,I,True,False,False,C,249383,0.8041292627560234,high_confidence_automatic,100.0,last_exact+first_match+token_overlap+scope_same_race,2.0,4,MIT Election Data and Science Lab,Federal Election Commission
HOUSE_2020_IL_7_R_CRAIG_CAMERON,2020,House,IL-7,IL,7,R,CRAIG CAMERON,CRAIG CAMERON,"CAMERON, CRAIG",H8IL17045,C00649426,C,False,True,False,N,41390,0.13346102254552958,high_confidence_automatic,100.0,last_exact+first_match+token_overlap+scope_same_race,,1,MIT Election Data and Science Lab,Federal Election Commission
HOUSE_2020_IL_8_D_RAJA_KRISHNAMOORTHI,2020,House,IL-8,IL,8,D,RAJA KRISHNAMOORTHI,RAJA KRISHNAMOORTHI,"KRISHNAMOORTHI, S. RAJA",H6IL08147,C00575092,I,True,False,False,C,186251,0.7316068159856705,high_confidence_automatic,92.0,last_exact+alternate_given_name_match+token_overlap+scope_same_race,2.0,3,MIT Election Data and Science Lab,Federal Election Commission
HOUSE_2020_IL_9_D_JANICE_D_SCHAKOWSKY,2020,House,IL-9,IL,9,D,JANICE D SCHAKOWSKY,JANICE D SCHAKOWSKY,"SCHAKOWSKY, JANICE D",H8IL09067,C00327023,I,True,False,False,C,262045,0.7098220332096324,high_confidence_automatic,100.0,last_exact+first_match+token_overlap+scope_same_race,2.0,2,MIT Election Data and Science Lab,Federal Election Commission
HOUSE_2020_IL_9_R_SARGIS_SANGARI,2020,House,IL-9,IL,9,R,SARGIS SANGARI,SARGIS SANGARI,"SANGARI, SARGIS",H8IL09190,C00658450,C,False,True,False,C,107125,0.29017796679036756,high_confidence_automatic,100.0,last_exact+first_match+token_overlap+scope_same_race,0.0,2,MIT Election Data and Science Lab,Federal Election Commission
HOUSE_2020_IN_1_D_FRANK_J_MRVAN,2020,House,IN-1,IN,1,D,FRANK J MRVAN,FRANK J MRVAN,"MRVAN, FRANK J.",H0IN01150,C00727529,O,False,False,True,C,185180,0.5663897622863575,high_confidence_automatic,100.0,last_exact+first_match+token_overlap+scope_same_race,2.0,16,MIT Election Data and Science Lab,Federal Election Commission
HOUSE_2020_IN_1_R_MARK_LEYVA,2020,House,IN-1,IN,1,R,MARK LEYVA,MARK LEYVA,"LEYVA, MARK J",H8IN01096,C00357434,O,False,False,True,N,132247,0.4044893989258231,high_confidence_automatic,95.0,last_exact+first_match+token_overlap+scope_same_race,2.0,6,MIT Election Data and Science Lab,Federal Election Commission
HOUSE_2020_IN_2_D_PATRICIA_PAT_HACKETT,2020,House,IN-2,IN,2,D,"PATRICIA \""PAT\"" HACKETT","PATRICIA \""PAT\"" HACKETT","HACKETT, MARY PATRICIA",H8IN02177,C00659078,C,False,True,False,C,114967,0.385061359556282,high_confidence_automatic,89.5,last_exact+alternate_given_name_match+token_overlap+scope_same_race,2.0,2,MIT Election Data and Science Lab,Federal Election Commission
HOUSE_2020_IN_2_R_JACKIE_WALORSKI,2020,House,IN-2,IN,2,R,JACKIE WALORSKI,JACKIE WALORSKI,,,,,False,False,False,,183601,0.614938640443718,unmatched,0.0,last_name_mismatch+scope_same_race,0.0,2,MIT Election Data and Science Lab,Federal Election Commission
HOUSE_2020_IN_3_D_CHIP_COLDIRON,2020,House,IN-3,IN,3,D,CHIP COLDIRON,CHIP COLDIRON,"COLDIRON, CHIP WINTER MR.",H0IN03230,C00724666,C,False,True,False,C,104762,0.32160146860638955,high_confidence_automatic,95.0,last_exact+first_match+token_overlap+scope_same_race,0.0,4,MIT Election Data and Science Lab,Federal Election Commission
HOUSE_2020_IN_3_R_JIM_BANKS,2020,House,IN-3,IN,3,R,JIM BANKS,JIM BANKS,"BANKS, JAMES E HON.",H6IN03229,C00577999,I,True,False,False,C,220989,0.6783985313936105,high_confidence_automatic,88.75,last_exact+first_match+scope_same_race,2.0,2,MIT Election Data and Science Lab,Federal Election Commission
HOUSE_2020_IN_4_D_JOE_MACKEY,2020,House,IN-4,IN,4,D,JOE MACKEY,JOE MACKEY,"MACKEY, JOSEPH",H8IN04140,C00652255,C,False,True,False,C,112984,0.33376364415166243,high_confidence_automatic,90.0,last_exact+first_match+scope_same_race,0.0,4,MIT Election Data and Science Lab,Federal Election Commission
HOUSE_2020_IN_4_R_JAMES_R_BAIRD,2020,House,IN-4,IN,4,R,JAMES R BAIRD,JAMES R BAIRD,"BAIRD, JAMES R DR.",H8IN04199,C00662940,I,True,False,False,C,225531,0.6662363558483376,high_confidence_automatic,100.0,last_exact+first_match+token_overlap+scope_same_race,,1,MIT Election Data and Science Lab,Federal Election Commission
HOUSE_2020_IN_5_D_CHRISTINA_HALE,2020,House,IN-5,IN,5,D,CHRISTINA HALE,CHRISTINA HALE,"HALE, CHRISTINA",H0IN05219,C00711887,O,False,False,True,C,191226,0.4594282913609433,high_confidence_automatic,100.0,last_exact+first_match+token_overlap+scope_same_race,2.0,5,MIT Election Data and Science Lab,Federal Election Commission
HOUSE_2020_IN_5_R_VICTORIA_SPARTZ,2020,House,IN-5,IN,5,R,VICTORIA SPARTZ,VICTORIA SPARTZ,"SPARTZ, VICTORIA",H0IN05326,C00737767,O,False,False,True,C,208212,0.5002378515518012,high_confidence_automatic,100.0,last_exact+first_match+token_overlap+scope_same_race,2.0,17,MIT Election Data and Science Lab,Federal Election Commission
HOUSE_2020_IN_6_D_JEANNINE_LEE_LAKE,2020,House,IN-6,IN,6,D,JEANNINE LEE LAKE,JEANNINE LEE LAKE,,,,,False,False,False,,91103,0.2775727957149778,unmatched,0.0,last_name_mismatch+scope_same_race,0.0,3,MIT Election Data and Science Lab,Federal Election Commission
HOUSE_2020_IN_6_R_GREG_PENCE,2020,House,IN-6,IN,6,R,GREG PENCE,GREG PENCE,"PENCE, GREGORY J.",H8IN06129,C00658401,I,True,False,False,C,225319,0.6865023627948923,high_confidence_automatic,88.75,last_exact+first_match+scope_same_race,0.0,2,MIT Election Data and Science Lab,Federal Election Commission
HOUSE_2020_IN_7_D_ANDRE_CARSON,2020,House,IN-7,IN,7,D,ANDRE CARSON,ANDRE CARSON,"CARSON, ANDRE",H8IN07184,C00442921,I,True,False,False,C,176422,0.6243523682794938,high_confidence_automatic,100.0,last_exact+first_match+token_overlap+scope_same_race,0.0,2,MIT Election Data and Science Lab,Federal Election Commission
HOUSE_2020_IN_7_R_SUSAN_MARIE_SMITH,2020,House,IN-7,IN,7,R,SUSAN MARIE SMITH,SUSAN MARIE SMITH,"SMITH, SUSAN MARIE",H0IN07256,C00735449,C,False,True,False,C,106146,0.3756476317205062,high_confidence_automatic,100.0,last_exact+first_match+token_overlap+scope_same_race,0.0,7,MIT Election Data and Science Lab,Federal Election Commission
HOUSE_2020_IN_8_D_E_THOMASINA_MARSILI,2020,House,IN-8,IN,8,D,E THOMASINA MARSILI,E THOMASINA MARSILI,"MARSILI, THOMASINA",H0IN08213,C00724310,C,False,True,False,C,95691,0.2984589089162459,high_confidence_automatic,92.0,last_exact+alternate_given_name_match+token_overlap+scope_same_race,2.0,3,MIT Election Data and Science Lab,Federal Election Commission
HOUSE_2020_IN_8_R_LARRY_BUCSHON,2020,House,IN-8,IN,8,R,LARRY BUCSHON,LARRY BUCSHON,"BUCSHON, LARRY D.",H0IN08114,C00468256,I,True,False,False,C,214643,0.6694685559405771,high_confidence_automatic,95.0,last_exact+first_match+token_overlap+scope_same_race,,1,MIT Election Data and Science Lab,Federal Election Commission
HOUSE_2020_IN_9_D_ANDY_RUFF,2020,House,IN-9,IN,9,D,ANDY RUFF,ANDY RUFF,"RUFF, ANDY",H0IN09179,C00734004,C,False,True,False,C,122566,0.3413733365270529,high_confidence_automatic,100.0,last_exact+first_match+token_overlap+scope_same_race,2.0,6,MIT Election Data and Science Lab,Federal Election Commission
HOUSE_2020_IN_9_R_TREY_HOLLINGSWORTH,2020,House,IN-9,IN,9,R,TREY HOLLINGSWORTH,TREY HOLLINGSWORTH,"HOLLINGSWORTH, TREY",H6IN09176,C00590463,I,True,False,False,C,222057,0.6184777098802913,high_confidence_automatic,100.0,last_exact+first_match+token_overlap+scope_same_race,,1,MIT Election Data and Science Lab,Federal Election Commission
HOUSE_2020_KS_1_D_KALI_BARNETT,2020,House,KS-1,KS,1,D,KALI BARNETT,KALI BARNETT,"BARNETT, KALI",H0KS01172,C00714535,O,False,False,True,C,84393,0.2884027858465871,high_confidence_automatic,100.0,last_exact+first_match+token_overlap+scope_same_race,2.0,3,MIT Election Data and Science Lab,Federal Election Commission
HOUSE_2020_KS_1_R_TRACEY_MANN,2020,House,KS-1,KS,1,R,TRACEY MANN,TRACEY MANN,"MANN, TRACEY ROBERT",H0KS01123,C00460659,O,False,False,True,C,208229,0.7115972141534129,high_confidence_automatic,95.0,last_exact+first_match+token_overlap+scope_same_race,2.0,5,MIT Election Data and Science Lab,Federal Election Commission
HOUSE_2020_KS_2_D_MICHELLE_DE_LA_ISLA,2020,House,KS-2,KS,2,D,MICHELLE DE LA ISLA,MICHELLE DE LA ISLA,"DE LA ISLA, MICHELLE",H0KS02196,C00732792,C,False,True,False,C,136650,0.4063155077828821,high_confidence_automatic,100.0,last_exact+first_match+token_overlap+scope_same_race,2.0,3,MIT Election Data and Science Lab,Federal Election Commission
HOUSE_2020_KS_2_R_JAKE_LATURNER,2020,House,KS-2,KS,2,R,JAKE LATURNER,JAKE LATURNER,"LATURNER, JAKE",H0KS02188,C00718346,C,False,True,False,C,185464,0.5514591974785543,high_confidence_automatic,100.0,last_exact+first_match+token_overlap+scope_same_race,2.0,3,MIT Election Data and Science Lab,Federal Election Commission
HOUSE_2020_KS_3_D_SHARICE_DAVIDS,2020,House,KS-3,KS,3,D,SHARICE DAVIDS,SHARICE DAVIDS,"DAVIDS, SHARICE",H8KS03155,C00670034,I,True,False,False,C,220049,0.5361582581660649,high_confidence_automatic,100.0,last_exact+first_match+token_overlap+scope_same_race,,1,MIT Election Data and Science Lab,Federal Election Commission
HOUSE_2020_KS_3_R_AMANDA_L_ADKINS,2020,House,KS-3,KS,3,R,AMANDA L ADKINS,AMANDA L ADKINS,"ADKINS, AMANDA",H0KS03236,C00717876,C,False,True,False,C,178773,0.4355876204260047,high_confidence_automatic,95.0,last_exact+first_match+token_overlap+scope_same_race,2.0,6,MIT Election Data and Science Lab,Federal Election Commission
HOUSE_2020_KS_4_D_LAURA_LOMBARD,2020,House,KS-4,KS,4,D,LAURA LOMBARD,LAURA LOMBARD,"LOMBARD, LAURA",H8KS04088,C00631002,C,False,True,False,C,116166,0.3634753659284476,high_confidence_automatic,100.0,last_exact+first_match+token_overlap+scope_same_race,,1,MIT Election Data and Science Lab,Federal Election Commission
HOUSE_2020_KS_4_R_RON_ESTES,2020,House,KS-4,KS,4,R,RON ESTES,RON ESTES,"ESTES, RON",H8KS04112,C00632067,I,True,False,False,C,203432,0.6365246340715524,high_confidence_automatic,100.0,last_exact+first_match+token_overlap+scope_same_race,,1,MIT Election Data and Science Lab,Federal Election Commission
HOUSE_2020_KY_1_D_JAMES_RHODES,2020,House,KY-1,KY,1,D,JAMES RHODES,JAMES RHODES,"RHODES, JAMES",H0KY01071,C00735241,C,False,True,False,N,82141,0.25007154382439795,high_confidence_automatic,100.0,last_exact+first_match+token_overlap+scope_same_race,,1,MIT Election Data and Science Lab,Federal Election Commission
HOUSE_2020_KY_1_R_JAMES_COMER,2020,House,KY-1,KY,1,R,JAMES COMER,JAMES COMER,"COMER, JAMES",H6KY01110,C00588764,I,True,False,False,C,246329,0.749928456175602,high_confidence_automatic,100.0,last_exact+first_match+token_overlap+scope_same_race,,1,MIT Election Data and Science Lab,Federal Election Commission
HOUSE_2020_KY_2_D_HANK_LINDERMAN,2020,House,KY-2,KY,2,D,HANK LINDERMAN,HANK LINDERMAN,"LINDERMAN, HANK",H8KY02080,C00668194,C,False,True,False,C,94643,0.2626061670537377,high_confidence_automatic,100.0,last_exact+first_match+token_overlap+scope_same_race,,1,MIT Election Data and Science Lab,Federal Election Commission
HOUSE_2020_KY_2_R_BRETT_GUTHRIE,2020,House,KY-2,KY,2,R,BRETT GUTHRIE,BRETT GUTHRIE,"GUTHRIE, S. BRETT HON.",H8KY02031,C00445023,I,True,False,False,C,255735,0.7095885393688661,high_confidence_automatic,92.0,last_exact+alternate_given_name_match+token_overlap+scope_same_race,0.0,2,MIT Election Data and Science Lab,Federal Election Commission
HOUSE_2020_KY_3_D_JOHN_A_YARMUTH,2020,House,KY-3,KY,3,D,JOHN A YARMUTH,JOHN A YARMUTH,"YARMUTH, JOHN",H6KY03124,C00419630,I,True,False,False,C,230672,0.6266609073151914,high_confidence_automatic,95.0,last_exact+first_match+token_overlap+scope_same_race,,1,MIT Election Data and Science Lab,Federal Election Commission
HOUSE_2020_KY_3_R_RHONDA_PALAZZO,2020,House,KY-3,KY,3,R,RHONDA PALAZZO,RHONDA PALAZZO,"PALAZZO, RHONDA RAYE",H0KY03259,C00737635,C,False,True,False,C,137425,0.37333909268480864,high_confidence_automatic,95.0,last_exact+first_match+token_overlap+scope_same_race,2.0,4,MIT Election Data and Science Lab,Federal Election Commission
HOUSE_2020_KY_4_D_ALEXANDRA_OWENSBY,2020,House,KY-4,KY,4,D,ALEXANDRA OWENSBY,ALEXANDRA OWENSBY,"OWENSBY, ALEXANDRA DR.",H0KY04117,C00709204,C,False,True,False,C,125896,0.32913212499575173,high_confidence_automatic,100.0,last_exact+first_match+token_overlap+scope_same_race,2.0,2,MIT Election Data and Science Lab,Federal Election Commission
HOUSE_2020_KY_4_R_THOMAS_MASSIE,2020,House,KY-4,KY,4,R,THOMAS MASSIE,THOMAS MASSIE,"MASSIE, THOMAS H.",H2KY04121,C00509729,I,True,False,False,C,256613,0.6708678750042483,high_confidence_automatic,95.0,last_exact+first_match+token_overlap+scope_same_race,2.0,2,MIT Election Data and Science Lab,Federal Election Commission
HOUSE_2020_KY_5_D_MATTHEW_RYAN_BEST,2020,House,KY-5,KY,5,D,MATTHEW RYAN BEST,MATTHEW RYAN BEST,"BEST, MATTHEW",H0KY05155,C00734392,C,False,True,False,N,47056,0.15792193845017954,high_confidence_automatic,95.0,last_exact+first_match+token_overlap+scope_same_race,,1,MIT Election Data and Science Lab,Federal Election Commission
HOUSE_2020_KY_5_R_HAROLD_ROGERS,2020,House,KY-5,KY,5,R,HAROLD ROGERS,HAROLD ROGERS,"ROGERS, HAROLD DALLAS",H0KY05015,C00116632,I,True,False,False,C,250914,0.8420780615498205,high_confidence_automatic,95.0,last_exact+first_match+token_overlap+scope_same_race,,1,MIT Election Data and Science Lab,Federal Election Commission
HOUSE_2020_KY_6_D_JOSH_HICKS,2020,House,KY-6,KY,6,D,JOSH HICKS,JOSH HICKS,"HICKS, JOSH",H0KY06179,C00714279,C,False,True,False,C,155011,0.40959439820319726,high_confidence_automatic,100.0,last_exact+first_match+token_overlap+scope_same_race,2.0,2,MIT Election Data and Science Lab,Federal Election Commission
HOUSE_2020_KY_6_R_ANDY_BARR,2020,House,KY-6,KY,6,R,ANDY BARR,ANDY BARR,"BARR, GARLAND ANDY",H0KY06104,C00467571,I,True,False,False,C,216948,0.5732540626238605,high_confidence_automatic,92.0,last_exact+alternate_given_name_match+token_overlap+scope_same_race,2.0,3,MIT Election Data and Science Lab,Federal Election Commission
HOUSE_2020_LA_1_D_LEE_ANN_DUGAS,2020,House,LA-1,LA,1,D,LEE ANN DUGAS,LEE ANN DUGAS,,,,,False,False,False,,94730,0.2530391138155136,unmatched,0.0,no_candidate_pool,,0,MIT Election Data and Science Lab,Federal Election Commission
HOUSE_2020_LA_1_R_STEVE_SCALISE,2020,House,LA-1,LA,1,R,STEVE SCALISE,STEVE SCALISE,"SCALISE, STEVE MR",H0LA01087,C00394957,I,True,False,False,C,270330,0.722095045262829,high_confidence_automatic,100.0,last_exact+first_match+token_overlap+scope_same_race,,1,MIT Election Data and Science Lab,Federal Election Commission
HOUSE_2020_LA_2_D_CEDRIC_L_RICHMOND,2020,House,LA-2,LA,2,D,CEDRIC L RICHMOND,CEDRIC L RICHMOND,"RICHMOND, CEDRIC L",H8LA02054,C00451336,I,True,False,False,C,201636,0.6361118296937996,high_confidence_automatic,100.0,last_exact+first_match+token_overlap+scope_same_race,0.0,3,MIT Election Data and Science Lab,Federal Election Commission
HOUSE_2020_LA_2_D_GLENN_ADRAIN_HARRIS,2020,House,LA-2,LA,2,D,GLENN ADRAIN HARRIS,GLENN ADRAIN HARRIS,"HARRIS, GLENN ADRIAN",H0LA02242,,C,False,True,False,N,33684,0.1062647090371062,high_confidence_automatic,92.5,last_exact+first_match+token_overlap+scope_same_race,2.0,3,MIT Election Data and Science Lab,Federal Election Commission
HOUSE_2020_LA_2_R_DAVID_M_SCHILLING,2020,House,LA-2,LA,2,R,DAVID M SCHILLING,DAVID M SCHILLING,"SCHILLING, DAVID M",H0LA02259,,C,False,True,False,N,47575,0.1500873866654889,high_confidence_automatic,100.0,last_exact+first_match+token_overlap+scope_same_race,0.0,2,MIT Election Data and Science Lab,Federal Election Commission
HOUSE_2020_LA_2_R_SHELDON_C_VINCENT,2020,House,LA-2,LA,2,R,SHELDON C VINCENT SR,SHELDON C VINCENT SR,"VINCENT, SHELDON C. SR",H0LA02267,,C,False,True,False,N,15565,0.04910373459691718,high_confidence_automatic,100.0,last_exact+first_match+token_overlap+scope_same_race,0.0,2,MIT Election Data and Science Lab,Federal Election Commission
HOUSE_2020_LA_3_D_BRAYLON_HARRIS,2020,House,LA-3,LA,3,D,BRAYLON HARRIS,BRAYLON HARRIS,"HARRIS, BRAYLON",H0LA03190,C00752329,C,False,True,False,C,60852,0.17891332470892626,high_confidence_automatic,100.0,last_exact+first_match+token_overlap+scope_same_race,2.0,3,MIT Election Data and Science Lab,Federal Election Commission
HOUSE_2020_LA_3_D_ROB_ANDERSON,2020,House,LA-3,LA,3,D,"\""ROB\"" ANDERSON","\""ROB\"" ANDERSON","ANDERSON, ROBERT JON",H8LA03060,C00731380,C,False,True,False,C,39423,0.1159090909090909,high_confidence_automatic,88.75,last_exact+first_match+scope_same_race,2.0,3,MIT Election Data and Science Lab,Federal Election Commission
HOUSE_2020_LA_3_R_CLAY_HIGGINS,2020,House,LA-3,LA,3,R,CLAY HIGGINS,CLAY HIGGINS,"HIGGINS, CLAY CAPTAIN",H6LA03148,C00617662,I,True,False,False,C,230480,0.6776431847583206,high_confidence_automatic,95.0,last_exact+first_match+token_overlap+scope_same_race,,1,MIT Election Data and Science Lab,Federal Election Commission
HOUSE_2020_LA_4_D_KENNY_HOUSTON,2020,House,LA-4,LA,4,D,KENNY HOUSTON,KENNY HOUSTON,"HOUSTON, KENNY",H0LA04099,C00748624,C,False,True,False,C,78157,0.25493349163997414,high_confidence_automatic,100.0,last_exact+first_match+token_overlap+scope_same_race,2.0,2,MIT Election Data and Science Lab,Federal Election Commission
HOUSE_2020_LA_4_D_RYAN_TRUNDLE,2020,House,LA-4,LA,4,D,RYAN TRUNDLE,RYAN TRUNDLE,"TRUNDLE, RYAN",H8LA04282,C00749093,C,False,True,False,C,23813,0.07767354474228418,high_confidence_automatic,100.0,last_exact+first_match+token_overlap+scope_same_race,2.0,2,MIT Election Data and Science Lab,Federal Election Commission
HOUSE_2020_LA_4_R_BEN_GIBSON,2020,House,LA-4,LA,4,R,BEN GIBSON,BEN GIBSON,"GIBSON, BEN",H0LA04107,C00753905,C,False,True,False,N,19343,0.06309324217654234,high_confidence_automatic,100.0,last_exact+first_match+token_overlap+scope_same_race,2.0,2,MIT Election Data and Science Lab,Federal Election Commission
HOUSE_2020_LA_4_R_MIKE_JOHNSON,2020,House,LA-4,LA,4,R,MIKE JOHNSON,MIKE JOHNSON,"JOHNSON, JAMES MICHAEL",H6LA04138,C00608695,I,True,False,False,C,185265,0.6042997214411993,high_confidence_automatic,85.75,last_exact+alternate_given_name_match+scope_same_race,0.0,2,MIT Election Data and Science Lab,Federal Election Commission
HOUSE_2020_LA_5_D_JESSE_P_LAGARDE,2020,House,LA-5,LA,5,D,JESSE P LAGARDE,JESSE P LAGARDE,"LAGARDE, JESSE P.",H0LA05161,C00756296,C,False,True,False,N,7136,0.016401204348525593,high_confidence_automatic,100.0,last_exact+first_match+token_overlap+scope_same_race,2.0,5,MIT Election Data and Science Lab,Federal Election Commission
HOUSE_2020_LA_5_D_MARTIN_LEMELLE,2020,House,LA-5,LA,5,D,MARTIN LEMELLE JR,MARTIN LEMELLE JR,"LEMELLE, MARTIN",H0LA05138,C00750000,O,False,False,True,C,32186,0.07397549932197936,high_confidence_automatic,100.0,last_exact+first_match+token_overlap+scope_same_race,2.0,5,MIT Election Data and Science Lab,Federal Election Commission
HOUSE_2020_LA_5_D_PHILLIP_SNOWDEN,2020,House,LA-5,LA,5,D,PHILLIP SNOWDEN,PHILLIP SNOWDEN,"SNOWDEN, PHILLIP",H0LA05153,C00755546,O,False,False,True,C,9432,0.02167827346066331,high_confidence_automatic,100.0,last_exact+first_match+token_overlap+scope_same_race,2.0,5,MIT Election Data and Science Lab,Federal Election Commission
HOUSE_2020_LA_5_D_SANDRA_CANDY_CHRISTOPHE,2020,House,LA-5,LA,5,D,"SANDRA \""CANDY\"" CHRISTOPHE","SANDRA \""CANDY\"" CHRISTOPHE","CHRISTOPHE, SANDRA M.S. MRS.",H0LA05070,C00696534,O,False,False,True,C,50812,0.11678503298168195,high_confidence_automatic,91.0,last_exact+first_match+scope_same_race,2.0,5,MIT Election Data and Science Lab,Federal Election Commission
HOUSE_2020_LA_5_R_ALLEN_GUILLORY,2020,House,LA-5,LA,5,R,ALLEN GUILLORY SR,ALLEN GUILLORY SR,"GUILLORY, ALLEN SR.",H0LA05179,,C,False,True,False,N,22496,0.051704245098715206,high_confidence_automatic,100.0,last_exact+first_match+token_overlap+scope_same_race,2.0,6,MIT Election Data and Science Lab,Federal Election Commission
HOUSE_2020_LA_5_R_LANCE_HARRIS,2020,House,LA-5,LA,5,R,LANCE HARRIS,LANCE HARRIS,"HARRIS, JOHN LANCE",H0LA05112,C00741934,O,False,False,True,C,130124,0.2990737548553173,high_confidence_automatic,92.0,last_exact+alternate_given_name_match+token_overlap+scope_same_race,2.0,6,MIT Election Data and Science Lab,Federal Election Commission
HOUSE_2020_LA_5_R_LUKE_J_LETLOW,2020,House,LA-5,LA,5,R,LUKE J LETLOW,LUKE J LETLOW,"LETLOW, LUKE JOSHUA",H0LA05120,C00742106,O,False,False,True,C,149183,0.3428784849111678,high_confidence_automatic,92.5,last_exact+first_match+token_overlap+scope_same_race,2.0,6,MIT Election Data and Science Lab,Federal Election Commission
HOUSE_2020_LA_5_R_MATT_HASTY,2020,House,LA-5,LA,5,R,"\""MATT\"" HASTY","\""MATT\"" HASTY","HASTY, MATTHEW",H0LA05146,C00762005,O,False,False,True,N,9834,0.02260222023029718,high_confidence_automatic,90.0,last_exact+first_match+scope_same_race,2.0,6,MIT Election Data and Science Lab,Federal Election Commission
HOUSE_2020_LA_5_R_SCOTTY_ROBINSON,2020,House,LA-5,LA,5,R,"\""SCOTTY\"" ROBINSON","\""SCOTTY\"" ROBINSON","ROBINSON, RANDALL SCOTT",H0LA05104,C00725366,O,False,False,True,C,23887,0.0549012847916523,review_required,48.75,last_exact+first_mismatch+scope_same_race,2.0,6,MIT Election Data and Science Lab,Federal Election Commission
HOUSE_2020_LA_6_D_DARTANYON_DAW_WILLIAMS,2020,House,LA-6,LA,6,D,"DARTANYON \""DAW\"" WILLIAMS","DARTANYON \""DAW\"" WILLIAMS","WILLIAMS, DARTANYON A",H0LA06052,C00742841,C,False,True,False,C,95541,0.25545995144333095,high_confidence_automatic,92.5,last_exact+first_match+token_overlap+scope_same_race,,1,MIT Election Data and Science Lab,Federal Election Commission
HOUSE_2020_LA_6_R_GARRET_GRAVES,2020,House,LA-6,LA,6,R,GARRET GRAVES,GARRET GRAVES,"GRAVES, GARRET",H4LA06153,C00558486,I,True,False,False,C,265706,0.7104514486785954,high_confidence_automatic,100.0,last_exact+first_match+token_overlap+scope_same_race,,1,MIT Election Data and Science Lab,Federal Election Commission
HOUSE_2020_MA_1_D_RICHARD_E_NEAL,2020,House,MA-1,MA,1,D,RICHARD E NEAL,RICHARD E NEAL,"NEAL, RICHARD E MR.",H8MA02041,C00226522,I,True,False,False,C,275376,0.7388360038206033,high_confidence_automatic,100.0,last_exact+first_match+token_overlap+scope_same_race,2.0,2,MIT Election Data and Science Lab,Federal Election Commission
HOUSE_2020_MA_2_D_JAMES_P_MCGOVERN,2020,House,MA-2,MA,2,D,JAMES P MCGOVERN,JAMES P MCGOVERN,"MCGOVERN, JAMES P. MR.",H4MA03022,C00285171,I,True,False,False,C,249854,0.6340120380426508,high_confidence_automatic,100.0,last_exact+first_match+token_overlap+scope_same_race,0.0,2,MIT Election Data and Science Lab,Federal Election Commission
HOUSE_2020_MA_2_R_TRACY_LYN_LOVVORN,2020,House,MA-2,MA,2,R,TRACY LYN LOVVORN,TRACY LYN LOVVORN,"LOVVORN, TRACY LYN",H8MA02116,C00669614,C,False,True,False,C,132220,0.33551222581987594,high_confidence_automatic,100.0,last_exact+first_match+token_overlap+scope_same_race,,1,MIT Election Data and Science Lab,Federal Election Commission
HOUSE_2020_MA_3_D_LORI_TRAHAN,2020,House,MA-3,MA,3,D,LORI TRAHAN,LORI TRAHAN,"TRAHAN, LORI",H8MA03106,C00655647,I,True,False,False,C,286896,0.7390226939027845,high_confidence_automatic,100.0,last_exact+first_match+token_overlap+scope_same_race,,1,MIT Election Data and Science Lab,Federal Election Commission
HOUSE_2020_MA_4_D_JAKE_AUCHINCLOSS,2020,House,MA-4,MA,4,D,JAKE AUCHINCLOSS,JAKE AUCHINCLOSS,"AUCHINCLOSS, JAKE",H0MA04192,C00721449,C,False,True,False,C,251102,0.5778663530732994,high_confidence_automatic,100.0,last_exact+first_match+token_overlap+scope_same_race,2.0,13,MIT Election Data and Science Lab,Federal Election Commission
HOUSE_2020_MA_4_R_JULIE_A_HALL,2020,House,MA-4,MA,4,R,JULIE A HALL,JULIE A HALL,"HALL, JULIE",H0MA04259,C00744888,C,False,True,False,C,160474,0.36930221640243666,high_confidence_automatic,95.0,last_exact+first_match+token_overlap+scope_same_race,0.0,2,MIT Election Data and Science Lab,Federal Election Commission
HOUSE_2020_MA_5_D_KATHERINE_M_CLARK,2020,House,MA-5,MA,5,D,KATHERINE M CLARK,KATHERINE M CLARK,"CLARK, KATHERINE",H4MA05084,C00541888,I,True,False,False,C,294427,0.7122584796708042,high_confidence_automatic,95.0,last_exact+first_match+token_overlap+scope_same_race,0.0,2,MIT Election Data and Science Lab,Federal Election Commission
HOUSE_2020_MA_5_R_CAROLINE_COLARUSSO,2020,House,MA-5,MA,5,R,CAROLINE COLARUSSO,CAROLINE COLARUSSO,"COLARUSSO, CAROLINE",H0MA05132,C00746966,C,False,True,False,C,101351,0.24518168908801052,high_confidence_automatic,100.0,last_exact+first_match+token_overlap+scope_same_race,0.0,2,MIT Election Data and Science Lab,Federal Election Commission
HOUSE_2020_MA_6_D_SETH_MOULTON,2020,House,MA-6,MA,6,D,SETH MOULTON,SETH MOULTON,"MOULTON, SETH",H4MA06090,C00547240,I,True,False,False,C,286377,0.6327738668151507,high_confidence_automatic,100.0,last_exact+first_match+token_overlap+scope_same_race,2.0,5,MIT Election Data and Science Lab,Federal Election Commission
HOUSE_2020_MA_6_R_JOHN_PAUL_MORAN,2020,House,MA-6,MA,6,R,JOHN PAUL MORAN,JOHN PAUL MORAN,"MORAN, JOHN PAUL",H0MA06148,C00738609,C,False,True,False,C,150695,0.33297317123829473,high_confidence_automatic,100.0,last_exact+first_match+token_overlap+scope_same_race,,1,MIT Election Data and Science Lab,Federal Election Commission
HOUSE_2020_MA_7_D_AYANNA_PRESSLEY,2020,House,MA-7,MA,7,D,AYANNA PRESSLEY,AYANNA PRESSLEY,"PRESSLEY, AYANNA",H8MA07032,C00667741,I,True,False,False,C,267362,0.8180285585781292,high_confidence_automatic,100.0,last_exact+first_match+token_overlap+scope_same_race,,1,MIT Election Data and Science Lab,Federal Election Commission
HOUSE_2020_MA_8_D_STEPHEN_F_LYNCH,2020,House,MA-8,MA,8,D,STEPHEN F LYNCH,STEPHEN F LYNCH,"LYNCH, STEPHEN",H2MA09072,C00366948,I,True,False,False,C,310940,0.7172035198191653,high_confidence_automatic,95.0,last_exact+first_match+token_overlap+scope_same_race,2.0,4,MIT Election Data and Science Lab,Federal Election Commission
HOUSE_2020_MA_9_D_WILLIAM_R_KEATING,2020,House,MA-9,MA,9,D,WILLIAM R KEATING,WILLIAM R KEATING,"KEATING, WILLIAM RICHARD",H0MA10082,C00479063,I,True,False,False,C,260262,0.5886482635394167,high_confidence_automatic,92.5,last_exact+first_match+token_overlap+scope_same_race,2.0,2,MIT Election Data and Science Lab,Federal Election Commission
HOUSE_2020_MA_9_R_HELEN_BRADY,2020,House,MA-9,MA,9,R,HELEN BRADY,HELEN BRADY,"BRADY, HELEN",H0MA09076,C00750125,C,False,True,False,C,154261,0.3489002227826343,high_confidence_automatic,100.0,last_exact+first_match+token_overlap+scope_same_race,,1,MIT Election Data and Science Lab,Federal Election Commission
HOUSE_2020_MD_1_D_MIA_MASON,2020,House,MD-1,MD,1,D,MIA MASON,MIA MASON,"MASON, MIA",H0MD01232,C00715177,C,False,True,False,N,143877,0.36376300806019357,high_confidence_automatic,100.0,last_exact+first_match+token_overlap+scope_same_race,2.0,3,MIT Election Data and Science Lab,Federal Election Commission
HOUSE_2020_MD_1_R_ANDY_HARRIS,2020,House,MD-1,MD,1,R,ANDY HARRIS,ANDY HARRIS,"HARRIS, ANDREW P",H8MD01094,C00435974,I,True,False,False,C,250901,0.6343508864190289,probable_automatic,70.75,last_exact+first_initial+scope_same_race,2.0,2,MIT Election Data and Science Lab,Federal Election Commission
HOUSE_2020_MD_2_D_C_A_DUTCH_RUPPERSBERGER,2020,House,MD-2,MD,2,D,C A DUTCH RUPPERSBERGER,C A DUTCH RUPPERSBERGER,"RUPPERSBERGER, C. A. DUTCH",H2MD02160,C00376673,I,True,False,False,C,224836,0.6771638365670158,high_confidence_automatic,100.0,last_exact+first_match+token_overlap+scope_same_race,0.0,3,MIT Election Data and Science Lab,Federal Election Commission
HOUSE_2020_MD_2_R_JOHNNY_RAY_SALLING,2020,House,MD-2,MD,2,R,JOHNNY RAY SALLING,JOHNNY RAY SALLING,"SALLING, JOHNNY RAY MR.",H0MD02230,C00722082,C,False,True,False,C,106355,0.3203213001391457,high_confidence_automatic,100.0,last_exact+first_match+token_overlap+scope_same_race,2.0,7,MIT Election Data and Science Lab,Federal Election Commission
HOUSE_2020_MD_3_D_JOHN_P_SARBANES,2020,House,MD-3,MD,3,D,JOHN P SARBANES,JOHN P SARBANES,"SARBANES, JOHN P. MR.",H6MD03292,C00415182,I,True,False,False,C,260358,0.6976254401054646,high_confidence_automatic,100.0,last_exact+first_match+token_overlap+scope_same_race,2.0,4,MIT Election Data and Science Lab,Federal Election Commission
HOUSE_2020_MD_3_R_CHARLES_ANTHONY,2020,House,MD-3,MD,3,R,CHARLES ANTHONY,CHARLES ANTHONY,"ANTHONY, CHARLES",H8MD03165,C00684878,C,False,True,False,C,112117,0.300415856122356,high_confidence_automatic,100.0,last_exact+first_match+token_overlap+scope_same_race,0.0,4,MIT Election Data and Science Lab,Federal Election Commission
HOUSE_2020_MD_4_D_ANTHONY_G_BROWN,2020,House,MD-4,MD,4,D,ANTHONY G BROWN,ANTHONY G BROWN,"BROWN, ANTHONY",H6MD04209,C00574640,I,True,False,False,C,282119,0.7957571877053781,high_confidence_automatic,95.0,last_exact+first_match+token_overlap+scope_same_race,2.0,3,MIT Election Data and Science Lab,Federal Election Commission
HOUSE_2020_MD_4_R_GEORGE_E_MCDERMOTT,2020,House,MD-4,MD,4,R,GEORGE E MCDERMOTT,GEORGE E MCDERMOTT,,,,,False,False,False,,71671,0.20215835658013873,unmatched,0.0,last_name_mismatch+scope_same_race,,1,MIT Election Data and Science Lab,Federal Election Commission
HOUSE_2020_MD_5_D_STENY_H_HOYER,2020,House,MD-5,MD,5,D,STENY H HOYER,STENY H HOYER,"HOYER, STENY",H2MD05155,C00140715,I,True,False,False,C,274210,0.687520528333488,high_confidence_automatic,95.0,last_exact+first_match+token_overlap+scope_same_race,2.0,6,MIT Election Data and Science Lab,Federal Election Commission
HOUSE_2020_MD_5_R_CHRIS_PALOMBI,2020,House,MD-5,MD,5,R,CHRIS PALOMBI,CHRIS PALOMBI,"PALOMBI, CHRISTOPHER",H0MD05225,C00729319,C,False,True,False,C,123525,0.3097114374471905,high_confidence_automatic,90.0,last_exact+first_match+scope_same_race,2.0,5,MIT Election Data and Science Lab,Federal Election Commission
HOUSE_2020_MD_6_D_DAVID_J_TRONE,2020,House,MD-6,MD,6,D,DAVID J TRONE,DAVID J TRONE,"TRONE, DAVID",H6MD08549,C00653196,I,True,False,False,C,215540,0.5882096093703095,high_confidence_automatic,95.0,last_exact+first_match+token_overlap+scope_same_race,2.0,3,MIT Election Data and Science Lab,Federal Election Commission
HOUSE_2020_MD_6_R_NEIL_C_PARROTT,2020,House,MD-6,MD,6,R,NEIL C PARROTT,NEIL C PARROTT,"PARROTT, NEIL CONRAD MR.",H0MD06231,C00691931,C,False,True,False,C,143599,0.3918823034980378,high_confidence_automatic,92.5,last_exact+first_match+token_overlap+scope_same_race,0.0,3,MIT Election Data and Science Lab,Federal Election Commission
HOUSE_2020_MD_7_D_KWEISI_MFUME,2020,House,MD-7,MD,7,D,KWEISI MFUME,KWEISI MFUME,"MFUME, KWEISI",H6MD07020,C00726372,I,True,False,False,C,237084,0.7162701889437398,high_confidence_automatic,100.0,last_exact+first_match+token_overlap+scope_same_race,2.0,28,MIT Election Data and Science Lab,Federal Election Commission
HOUSE_2020_MD_7_R_KIMBERLY_KLACIK,2020,House,MD-7,MD,7,R,KIMBERLY KLACIK,KIMBERLY KLACIK,"KLACIK, KIMBERLY",H0MD07197,C00726117,C,False,True,False,C,92825,0.280439760965323,high_confidence_automatic,100.0,last_exact+first_match+token_overlap+scope_same_race,2.0,10,MIT Election Data and Science Lab,Federal Election Commission
HOUSE_2020_MD_8_D_JAMIE_RASKIN,2020,House,MD-8,MD,8,D,JAMIE RASKIN,JAMIE RASKIN,"RASKIN, JAMIE",H6MD08457,C00575126,I,True,False,False,C,274716,0.6823309671298067,high_confidence_automatic,100.0,last_exact+first_match+token_overlap+scope_same_race,0.0,4,MIT Election Data and Science Lab,Federal Election Commission
HOUSE_2020_MD_8_R_GREGORY_THOMAS_COLL,2020,House,MD-8,MD,8,R,GREGORY THOMAS COLL,GREGORY THOMAS COLL,"COLL, GREGORY THOMAS",H0MD08203,C00734426,C,False,True,False,C,127157,0.31582856035806006,high_confidence_automatic,100.0,last_exact+first_match+token_overlap+scope_same_race,0.0,6,MIT Election Data and Science Lab,Federal Election Commission
HOUSE_2020_ME_1_D_CHELLIE_PINGREE,2020,House,ME-1,ME,1,D,CHELLIE PINGREE,CHELLIE PINGREE,"PINGREE, CHELLIE M",H8ME01120,C00433391,I,True,False,False,C,271004,0.6049452990193781,high_confidence_automatic,95.0,last_exact+first_match+token_overlap+scope_same_race,,1,MIT Election Data and Science Lab,Federal Election Commission
HOUSE_2020_ME_1_R_JAY_T_ALLEN,2020,House,ME-1,ME,1,R,JAY T ALLEN,JAY T ALLEN,"ALLEN, JAY THOMAS",H0ME01119,C00715532,C,False,True,False,C,165008,0.36833705000881733,high_confidence_automatic,92.5,last_exact+first_match+token_overlap+scope_same_race,,1,MIT Election Data and Science Lab,Federal Election Commission
HOUSE_2020_ME_2_D_JARED_F_GOLDEN,2020,House,ME-2,ME,2,D,JARED F GOLDEN,JARED F GOLDEN,"GOLDEN, JARED",H8ME02185,C00653816,I,True,False,False,C,197974,0.5205403813590518,high_confidence_automatic,95.0,last_exact+first_match+token_overlap+scope_same_race,,1,MIT Election Data and Science Lab,Federal Election Commission
HOUSE_2020_ME_2_R_DALE_JOHN_CRAFTS,2020,House,ME-2,ME,2,R,DALE JOHN CRAFTS,DALE JOHN CRAFTS,"CRAFTS, DALE",H0ME02083,C00722454,C,False,True,False,C,175228,0.4607334798750539,high_confidence_automatic,95.0,last_exact+first_match+token_overlap+scope_same_race,2.0,4,MIT Election Data and Science Lab,Federal Election Commission
HOUSE_2020_MI_1_D_DANA_FERGUSON,2020,House,MI-1,MI,1,D,DANA FERGUSON,DANA FERGUSON,"FERGUSON, DANA",H0MI01211,C00707604,C,False,True,False,C,153328,0.36838299068519215,high_confidence_automatic,100.0,last_exact+first_match+token_overlap+scope_same_race,2.0,3,MIT Election Data and Science Lab,Federal Election Commission
HOUSE_2020_MI_1_R_JACK_BERGMAN,2020,House,MI-1,MI,1,R,JACK BERGMAN,JACK BERGMAN,"BERGMAN, JOHN",H6MI01226,C00614214,I,True,False,False,C,256581,0.6164567211011511,high_confidence_automatic,90.0,last_exact+first_match+scope_same_race,,1,MIT Election Data and Science Lab,Federal Election Commission
HOUSE_2020_MI_10_D_KIMBERLY_BIZON,2020,House,MI-10,MI,10,D,KIMBERLY BIZON,KIMBERLY BIZON,"BIZON, KIMBERLY ANN",H8MI10108,C00666594,O,False,False,True,C,138179,0.33719795210182874,high_confidence_automatic,95.0,last_exact+first_match+token_overlap+scope_same_race,0.0,3,MIT Election Data and Science Lab,Federal Election Commission
HOUSE_2020_MI_10_R_LISA_MCCLAIN,2020,House,MI-10,MI,10,R,LISA MCCLAIN,LISA MCCLAIN,"MCCLAIN, LISA",H0MI10287,C00726042,O,False,False,True,C,271607,0.6628020478981712,high_confidence_automatic,100.0,last_exact+first_match+token_overlap+scope_same_race,2.0,8,MIT Election Data and Science Lab,Federal Election Commission
HOUSE_2020_MI_11_D_HALEY_M_STEVENS,2020,House,MI-11,MI,11,D,HALEY M STEVENS,HALEY M STEVENS,"STEVENS, HALEY",H8MI11254,C00638650,I,True,False,False,C,226128,0.5019790309297116,high_confidence_automatic,95.0,last_exact+first_match+token_overlap+scope_same_race,,1,MIT Election Data and Science Lab,Federal Election Commission
HOUSE_2020_MI_11_R_ERIC_S_ESSHAKI,2020,House,MI-11,MI,11,R,ERIC S ESSHAKI,ERIC S ESSHAKI,"ESSHAKI, ERIC",H0MI11129,C00725259,C,False,True,False,C,215405,0.47817516255136266,high_confidence_automatic,95.0,last_exact+first_match+token_overlap+scope_same_race,2.0,7,MIT Election Data and Science Lab,Federal Election Commission
HOUSE_2020_MI_12_D_DEBBIE_DINGELL,2020,House,MI-12,MI,12,D,DEBBIE DINGELL,DEBBIE DINGELL,"DINGELL, DEBBIE",H4MI12079,C00558213,I,True,False,False,C,254957,0.6642567016567532,high_confidence_automatic,100.0,last_exact+first_match+token_overlap+scope_same_race,2.0,3,MIT Election Data and Science Lab,Federal Election Commission
HOUSE_2020_MI_12_R_JEFF_JONES,2020,House,MI-12,MI,12,R,JEFF JONES,JEFF JONES,"JONES, JEFF",H6MI12264,C00756171,C,False,True,False,C,117719,0.30670126594810626,high_confidence_automatic,100.0,last_exact+first_match+token_overlap+scope_same_race,,1,MIT Election Data and Science Lab,Federal Election Commission
HOUSE_2020_MI_13_D_RASHIDA_TLAIB,2020,House,MI-13,MI,13,D,RASHIDA TLAIB,RASHIDA TLAIB,"TLAIB, RASHIDA",H8MI13250,C00668608,I,True,False,False,C,223205,0.7807510012767371,high_confidence_automatic,100.0,last_exact+first_match+token_overlap+scope_same_race,2.0,3,MIT Election Data and Science Lab,Federal Election Commission
HOUSE_2020_MI_13_R_DAVID_DUDENHOEFER,2020,House,MI-13,MI,13,R,DAVID DUDENHOEFER,DAVID DUDENHOEFER,"DUDENHOEFER, DAVID ANTHONY",H0MI13471,,C,False,True,False,C,53311,0.18647707994473303,high_confidence_automatic,95.0,last_exact+first_match+token_overlap+scope_same_race,2.0,4,MIT Election Data and Science Lab,Federal Election Commission
HOUSE_2020_MI_14_D_BRENDA_L_LAWRENCE,2020,House,MI-14,MI,14,D,BRENDA L LAWRENCE,BRENDA L LAWRENCE,"LAWRENCE, BRENDA LULENAR",H2MI14111,C00552588,I,True,False,False,C,271370,0.7927771594172415,high_confidence_automatic,92.5,last_exact+first_match+token_overlap+scope_same_race,0.0,2,MIT Election Data and Science Lab,Federal Election Commission
HOUSE_2020_MI_14_R_ROBERT_VANCE_PATRICK,2020,House,MI-14,MI,14,R,ROBERT VANCE PATRICK,ROBERT VANCE PATRICK,"PATRICK, ROBERT VANCE",H0MI14255,C00738120,C,False,True,False,C,62664,0.18306588022891998,high_confidence_automatic,100.0,last_exact+first_match+token_overlap+scope_same_race,0.0,2,MIT Election Data and Science Lab,Federal Election Commission
HOUSE_2020_MI_2_D_BRYAN_BERGHOEF,2020,House,MI-2,MI,2,D,BRYAN BERGHOEF,BRYAN BERGHOEF,"BERGHOEF, BRYAN",H0MI02201,C00712950,C,False,True,False,C,154122,0.3822024714381012,high_confidence_automatic,100.0,last_exact+first_match+token_overlap+scope_same_race,,1,MIT Election Data and Science Lab,Federal Election Commission
HOUSE_2020_MI_2_R_BILL_HUIZENGA,2020,House,MI-2,MI,2,R,BILL HUIZENGA,BILL HUIZENGA,"HUIZENGA, WILLIAM P",H0MI02094,C00459297,I,True,False,False,C,238711,0.591972165942958,high_confidence_automatic,88.75,last_exact+first_match+scope_same_race,,1,MIT Election Data and Science Lab,Federal Election Commission
HOUSE_2020_MI_3_D_HILLARY_SCHOLTEN,2020,House,MI-3,MI,3,D,HILLARY SCHOLTEN,HILLARY SCHOLTEN,"SCHOLTEN, HILLARY",H0MI03316,C00711317,C,False,True,False,C,189769,0.47040174111779565,high_confidence_automatic,100.0,last_exact+first_match+token_overlap+scope_same_race,2.0,5,MIT Election Data and Science Lab,Federal Election Commission
HOUSE_2020_MI_3_R_PETER_MEIJER,2020,House,MI-3,MI,3,R,PETER MEIJER,PETER MEIJER,"MEIJER, PETER MR.",H0MI03308,C00710962,C,False,True,False,C,213649,0.529595780069853,high_confidence_automatic,100.0,last_exact+first_match+token_overlap+scope_same_race,2.0,8,MIT Election Data and Science Lab,Federal Election Commission
HOUSE_2020_MI_4_D_JERRY_HILLIARD,2020,House,MI-4,MI,4,D,JERRY HILLIARD,JERRY HILLIARD,"HILLIARD, JEROME C",H8MI04101,C00649582,C,False,True,False,C,120802,0.32365336441211534,probable_automatic,70.75,last_exact+first_initial+scope_same_race,2.0,3,MIT Election Data and Science Lab,Federal Election Commission
HOUSE_2020_MI_4_R_JOHN_R_MOOLENAAR,2020,House,MI-4,MI,4,R,JOHN R MOOLENAAR,JOHN R MOOLENAAR,"MOOLENAAR, JOHN MR.",H4MI04126,C00561530,I,True,False,False,C,242621,0.6500314806628354,high_confidence_automatic,95.0,last_exact+first_match+token_overlap+scope_same_race,,1,MIT Election Data and Science Lab,Federal Election Commission
HOUSE_2020_MI_5_D_DANIEL_T_KILDEE,2020,House,MI-5,MI,5,D,DANIEL T KILDEE,DANIEL T KILDEE,"KILDEE, DANIEL T.",H2MI05119,C00499947,I,True,False,False,C,196599,0.5445472977464602,high_confidence_automatic,100.0,last_exact+first_match+token_overlap+scope_same_race,0.0,2,MIT Election Data and Science Lab,Federal Election Commission
HOUSE_2020_MI_5_R_TIM_KELLY,2020,House,MI-5,MI,5,R,TIM KELLY,TIM KELLY,"KELLY, TIMOTHY P",H0MI05162,C00733568,C,False,True,False,C,150772,0.41761395111790645,high_confidence_automatic,88.75,last_exact+first_match+scope_same_race,2.0,3,MIT Election Data and Science Lab,Federal Election Commission
HOUSE_2020_MI_6_D_JON_HOADLEY,2020,House,MI-6,MI,6,D,JON HOADLEY,JON HOADLEY,"HOADLEY, JON",H0MI06152,C00701599,C,False,True,False,C,152085,0.4013008602037047,high_confidence_automatic,100.0,last_exact+first_match+token_overlap+scope_same_race,2.0,3,MIT Election Data and Science Lab,Federal Election Commission
HOUSE_2020_MI_6_R_FRED_UPTON,2020,House,MI-6,MI,6,R,FRED UPTON,FRED UPTON,"UPTON, FREDERICK STEPHEN",H6MI04113,C00200584,I,True,False,False,C,211496,0.5580663887276374,probable_automatic,70.75,last_exact+first_initial+scope_same_race,0.0,2,MIT Election Data and Science Lab,Federal Election Commission
HOUSE_2020_MI_7_D_GRETCHEN_D_DRISKELL,2020,House,MI-7,MI,7,D,GRETCHEN D DRISKELL,GRETCHEN D DRISKELL,"DRISKELL, GRETCHEN",H0MI07150,C00729947,C,False,True,False,C,159743,0.4124880250576476,high_confidence_automatic,95.0,last_exact+first_match+token_overlap+scope_same_race,2.0,5,MIT Election Data and Science Lab,Federal Election Commission
HOUSE_2020_MI_7_R_TIM_WALBERG,2020,House,MI-7,MI,7,R,TIM WALBERG,TIM WALBERG,"WALBERG, TIMOTHY L REP",H4MI07103,C00390724,I,True,False,False,C,227524,0.5875119749423524,high_confidence_automatic,88.0,last_exact+first_match+scope_same_race,0.0,2,MIT Election Data and Science Lab,Federal Election Commission
HOUSE_2020_MI_8_D_ELISSA_SLOTKIN,2020,House,MI-8,MI,8,D,ELISSA SLOTKIN,ELISSA SLOTKIN,"SLOTKIN, ELISSA",H8MI08102,C00650150,I,True,False,False,C,217922,0.5087546457987039,high_confidence_automatic,100.0,last_exact+first_match+token_overlap+scope_same_race,,1,MIT Election Data and Science Lab,Federal Election Commission
HOUSE_2020_MI_8_R_PAUL_JUNGE,2020,House,MI-8,MI,8,R,PAUL JUNGE,PAUL JUNGE,"JUNGE, PAUL",H0MI08141,C00726687,C,False,True,False,C,202525,0.4728092374353324,high_confidence_automatic,100.0,last_exact+first_match+token_overlap+scope_same_race,2.0,5,MIT Election Data and Science Lab,Federal Election Commission
HOUSE_2020_MI_9_D_ANDY_LEVIN,2020,House,MI-9,MI,9,D,ANDY LEVIN,ANDY LEVIN,"LEVIN, ANDY",H8MI09118,C00662619,I,True,False,False,C,230318,0.5770688795516101,high_confidence_automatic,100.0,last_exact+first_match+token_overlap+scope_same_race,,1,MIT Election Data and Science Lab,Federal Election Commission
HOUSE_2020_MI_9_R_CHARLES_J_LANGWORTHY,2020,House,MI-9,MI,9,R,CHARLES J LANGWORTHY,CHARLES J LANGWORTHY,"LANGWORTHY, CHARLES JOHN",H0MI09180,,C,False,True,False,N,153296,0.3840878739818149,high_confidence_automatic,92.5,last_exact+first_match+token_overlap+scope_same_race,2.0,3,MIT Election Data and Science Lab,Federal Election Commission
HOUSE_2020_MN_1_D_DAN_FEEHAN,2020,House,MN-1,MN,1,D,DAN FEEHAN,DAN FEEHAN,"FEEHAN, DANIEL",H8MN01279,C00649327,C,False,True,False,C,167890,0.4551640748693257,high_confidence_automatic,90.0,last_exact+first_match+scope_same_race,2.0,4,MIT Election Data and Science Lab,Federal Election Commission
HOUSE_2020_MN_1_R_JIM_HAGEDORN,2020,House,MN-1,MN,1,R,JIM HAGEDORN,JIM HAGEDORN,"HAGEDORN, JAMES",H0MN01045,C00550707,I,True,False,False,C,179234,0.48591862407009784,high_confidence_automatic,90.0,last_exact+first_match+scope_same_race,,1,MIT Election Data and Science Lab,Federal Election Commission
HOUSE_2020_MN_2_D_ANGIE_CRAIG,2020,House,MN-2,MN,2,D,ANGIE CRAIG,ANGIE CRAIG,"CRAIG, ANGELA DAWN",H6MN02131,C00575209,I,True,False,False,C,204534,0.4818097014925373,probable_automatic,70.75,last_exact+first_initial+scope_same_race,,1,MIT Election Data and Science Lab,Federal Election Commission
HOUSE_2020_MN_2_R_TYLER_KISTNER,2020,House,MN-2,MN,2,R,TYLER KISTNER,TYLER KISTNER,"KISTNER, TYLER",H0MN02134,C00732925,C,False,True,False,C,194954,0.4592426126941052,high_confidence_automatic,100.0,last_exact+first_match+token_overlap+scope_same_race,2.0,4,MIT Election Data and Science Lab,Federal Election Commission
HOUSE_2020_MN_3_D_DEAN_PHILLIPS,2020,House,MN-3,MN,3,D,DEAN PHILLIPS,DEAN PHILLIPS,"PHILLIPS, DEAN",H8MN03143,C00640714,I,True,False,False,C,246666,0.5560512440177365,high_confidence_automatic,100.0,last_exact+first_match+token_overlap+scope_same_race,0.0,2,MIT Election Data and Science Lab,Federal Election Commission
HOUSE_2020_MN_3_R_KENDALL_QUALLS,2020,House,MN-3,MN,3,R,KENDALL QUALLS,KENDALL QUALLS,"QUALLS, KENDALL",H0MN03124,C00713461,C,False,True,False,C,196625,0.4432454243997448,high_confidence_automatic,100.0,last_exact+first_match+token_overlap+scope_same_race,0.0,2,MIT Election Data and Science Lab,Federal Election Commission
HOUSE_2020_MN_4_D_BETTY_MCCOLLUM,2020,House,MN-4,MN,4,D,BETTY MCCOLLUM,BETTY MCCOLLUM,"MCCOLLUM, BETTY",H0MN04049,C00354688,I,True,False,False,C,245813,0.6317248929619598,high_confidence_automatic,100.0,last_exact+first_match+token_overlap+scope_same_race,2.0,5,MIT Election Data and Science Lab,Federal Election Commission
HOUSE_2020_MN_4_R_GENE_RECHTZIGEL,2020,House,MN-4,MN,4,R,GENE RECHTZIGEL,GENE RECHTZIGEL,"RECHTZIGEL, GENE",H6MN04244,C00752105,C,False,True,False,N,112730,0.28970944247701186,high_confidence_automatic,100.0,last_exact+first_match+token_overlap+scope_same_race,2.0,3,MIT Election Data and Science Lab,Federal Election Commission
HOUSE_2020_MN_5_D_ILHAN_OMAR,2020,House,MN-5,MN,5,D,ILHAN OMAR,ILHAN OMAR,"OMAR, ILHAN",H8MN05239,C00680934,I,True,False,False,C,255924,0.642655356591308,high_confidence_automatic,100.0,last_exact+first_match+token_overlap+scope_same_race,2.0,7,MIT Election Data and Science Lab,Federal Election Commission
HOUSE_2020_MN_5_R_LACY_JOHNSON,2020,House,MN-5,MN,5,R,LACY JOHNSON,LACY JOHNSON,"JOHNSON, LACY",H0MN05178,C00711689,C,False,True,False,C,102878,0.2583387950149286,high_confidence_automatic,100.0,last_exact+first_match+token_overlap+scope_same_race,2.0,7,MIT Election Data and Science Lab,Federal Election Commission
HOUSE_2020_MN_6_D_TAWNJA_ZAHRADKA,2020,House,MN-6,MN,6,D,TAWNJA ZAHRADKA,TAWNJA ZAHRADKA,"ZAHRADKA, TAWNJA",H0MN06150,C00721001,C,False,True,False,C,140853,0.341621655708004,high_confidence_automatic,100.0,last_exact+first_match+token_overlap+scope_same_race,2.0,3,MIT Election Data and Science Lab,Federal Election Commission
HOUSE_2020_MN_6_R_TOM_EMMER,2020,House,MN-6,MN,6,R,TOM EMMER,TOM EMMER,"EMMER, THOMAS EARL JR.",H4MN06087,C00545749,I,True,False,False,C,270901,0.6570371106966411,high_confidence_automatic,88.75,last_exact+first_match+scope_same_race,0.0,2,MIT Election Data and Science Lab,Federal Election Commission
HOUSE_2020_MN_7_D_COLLIN_C_PETERSON,2020,House,MN-7,MN,7,D,COLLIN C PETERSON,COLLIN C PETERSON,"PETERSON, COLLIN CLARK",H2MN07014,C00253187,I,True,False,False,C,144840,0.39848463589167954,high_confidence_automatic,92.5,last_exact+first_match+token_overlap+scope_same_race,0.0,4,MIT Election Data and Science Lab,Federal Election Commission
HOUSE_2020_MN_7_R_MICHELLE_FISCHBACH,2020,House,MN-7,MN,7,R,MICHELLE FISCHBACH,MICHELLE FISCHBACH,"FISCHBACH, MICHELLE",H0MN07091,C00717959,C,False,True,False,C,194066,0.5339154884628188,high_confidence_automatic,100.0,last_exact+first_match+token_overlap+scope_same_race,2.0,6,MIT Election Data and Science Lab,Federal Election Commission
HOUSE_2020_MN_8_D_QUINN_NYSTROM,2020,House,MN-8,MN,8,D,QUINN NYSTROM,QUINN NYSTROM,"NYSTROM, QUINN REABE",H0MN08156,C00721498,C,False,True,False,C,147853,0.3755368785733698,high_confidence_automatic,95.0,last_exact+first_match+token_overlap+scope_same_race,0.0,3,MIT Election Data and Science Lab,Federal Election Commission
HOUSE_2020_MN_8_R_PETE_STAUBER,2020,House,MN-8,MN,8,R,PETE STAUBER,PETE STAUBER,"STAUBER, PETER ALLEN",H8MN08043,C00650697,I,True,False,False,C,223432,0.56750255898362,probable_automatic,70.75,last_exact+first_initial+scope_same_race,0.0,2,MIT Election Data and Science Lab,Federal Election Commission
HOUSE_2020_MO_1_D_CORI_BUSH,2020,House,MO-1,MO,1,D,CORI BUSH,CORI BUSH,"BUSH, CORI",H8MO01143,C00638767,C,False,True,False,C,249087,0.7878236776934001,high_confidence_automatic,100.0,last_exact+first_match+token_overlap+scope_same_race,2.0,3,MIT Election Data and Science Lab,Federal Election Commission
HOUSE_2020_MO_1_R_ANTHONY_ROGERS,2020,House,MO-1,MO,1,R,ANTHONY ROGERS,ANTHONY ROGERS,"ROGERS, ANTHONY",H0MO01207,C00742650,C,False,True,False,N,59940,0.18958095461000535,high_confidence_automatic,100.0,last_exact+first_match+token_overlap+scope_same_race,0.0,2,MIT Election Data and Science Lab,Federal Election Commission
HOUSE_2020_MO_2_D_JILL_SCHUPP,2020,House,MO-2,MO,2,D,JILL SCHUPP,JILL SCHUPP,"SCHUPP, JILL DARLYNE",H0MO02254,C00729558,C,False,True,False,C,204540,0.4551928572064413,high_confidence_automatic,95.0,last_exact+first_match+token_overlap+scope_same_race,,1,MIT Election Data and Science Lab,Federal Election Commission
HOUSE_2020_MO_2_R_ANN_WAGNER,2020,House,MO-2,MO,2,R,ANN WAGNER,ANN WAGNER,"WAGNER, ANN L.",H2MO02102,C00495846,I,True,False,False,C,233157,0.5188784639077063,high_confidence_automatic,95.0,last_exact+first_match+token_overlap+scope_same_race,,1,MIT Election Data and Science Lab,Federal Election Commission
HOUSE_2020_MO_3_D_MEGAN_REZABEK,2020,House,MO-3,MO,3,D,MEGAN REZABEK,MEGAN REZABEK,"REZABEK, MEGAN",H0MO03245,,C,False,True,False,N,116095,0.28500201302080774,high_confidence_automatic,100.0,last_exact+first_match+token_overlap+scope_same_race,2.0,3,MIT Election Data and Science Lab,Federal Election Commission
HOUSE_2020_MO_3_R_BLAINE_LUETKEMEYER,2020,House,MO-3,MO,3,R,BLAINE LUETKEMEYER,BLAINE LUETKEMEYER,"LUETKEMEYER, W BLAINE",H8MO09153,C00458679,I,True,False,False,C,282866,0.6944087119612714,high_confidence_automatic,92.0,last_exact+alternate_given_name_match+token_overlap+scope_same_race,2.0,5,MIT Election Data and Science Lab,Federal Election Commission
HOUSE_2020_MO_4_D_LINDSEY_SIMMONS,2020,House,MO-4,MO,4,D,LINDSEY SIMMONS,LINDSEY SIMMONS,"SIMMONS, LINDSEY NICOLE",H0MO04235,C00721530,C,False,True,False,C,107635,0.2966491748338092,high_confidence_automatic,95.0,last_exact+first_match+token_overlap+scope_same_race,2.0,2,MIT Election Data and Science Lab,Federal Election Commission
HOUSE_2020_MO_4_R_VICKY_HARTZLER,2020,House,MO-4,MO,4,R,VICKY HARTZLER,VICKY HARTZLER,"HARTZLER, VICKY",H0MO04086,C00464602,I,True,False,False,C,245247,0.6759169431919655,high_confidence_automatic,100.0,last_exact+first_match+token_overlap+scope_same_race,2.0,2,MIT Election Data and Science Lab,Federal Election Commission
HOUSE_2020_MO_5_D_EMANUEL_CLEAVER,2020,House,MO-5,MO,5,D,EMANUEL CLEAVER,EMANUEL CLEAVER,"CLEAVER, EMANUEL II",H4MO05234,C00395848,I,True,False,False,C,207180,0.5878614192889368,high_confidence_automatic,100.0,last_exact+first_match+token_overlap+scope_same_race,2.0,2,MIT Election Data and Science Lab,Federal Election Commission
HOUSE_2020_MO_5_R_RYAN_DERKS,2020,House,MO-5,MO,5,R,RYAN DERKS,RYAN DERKS,"DERKS, RYAN",H0MO05208,C00737502,C,False,True,False,C,135934,0.3857049626876259,high_confidence_automatic,100.0,last_exact+first_match+token_overlap+scope_same_race,2.0,7,MIT Election Data and Science Lab,Federal Election Commission
HOUSE_2020_MO_6_D_GENA_L_ROSS,2020,House,MO-6,MO,6,D,GENA L ROSS,GENA L ROSS,"ROSS, GENA L DR",H0MO06222,C00737056,C,False,True,False,C,118926,0.30827494498145314,high_confidence_automatic,100.0,last_exact+first_match+token_overlap+scope_same_race,2.0,6,MIT Election Data and Science Lab,Federal Election Commission
HOUSE_2020_MO_6_R_SAM_GRAVES,2020,House,MO-6,MO,6,R,SAM GRAVES,SAM GRAVES,"GRAVES, SAMUEL B. JR.",H0MO06073,C00359034,I,True,False,False,C,258709,0.6706145228226523,probable_automatic,70.75,last_exact+first_initial+scope_same_race,0.0,2,MIT Election Data and Science Lab,Federal Election Commission
HOUSE_2020_MO_7_D_TERESA_MONTSENY,2020,House,MO-7,MO,7,D,TERESA MONTSENY,TERESA MONTSENY,"MONTSENY, TERESA MS.",H0MO07246,C00744490,C,False,True,False,N,98111,0.26567970905782284,high_confidence_automatic,100.0,last_exact+first_match+token_overlap+scope_same_race,0.0,2,MIT Election Data and Science Lab,Federal Election Commission
HOUSE_2020_MO_7_R_BILLY_LONG,2020,House,MO-7,MO,7,R,BILLY LONG,BILLY LONG,"LONG, BILLY MR.",H0MO07113,C00460063,I,True,False,False,C,254318,0.6886804970713518,high_confidence_automatic,100.0,last_exact+first_match+token_overlap+scope_same_race,0.0,6,MIT Election Data and Science Lab,Federal Election Commission
HOUSE_2020_MO_8_D_KATHY_ELLIS,2020,House,MO-8,MO,8,D,KATHY ELLIS,KATHY ELLIS,"ELLIS, KATHRYN GAIL",H8MO08098,C00639450,C,False,True,False,C,70561,0.21367487720530787,high_confidence_automatic,88.75,last_exact+first_match+scope_same_race,,1,MIT Election Data and Science Lab,Federal Election Commission
HOUSE_2020_MO_8_R_JASON_SMITH,2020,House,MO-8,MO,8,R,JASON SMITH,JASON SMITH,"SMITH, JASON T",H4MO08162,C00541862,I,True,False,False,C,253811,0.7685978693379686,high_confidence_automatic,95.0,last_exact+first_match+token_overlap+scope_same_race,,1,MIT Election Data and Science Lab,Federal Election Commission
HOUSE_2020_MS_1_D_ANTONIA_ELIASON,2020,House,MS-1,MS,1,D,ANTONIA ELIASON,ANTONIA ELIASON,"ELIASON, ANTONIA",H0MS01118,C00728444,C,False,True,False,C,104008,0.312528733905257,high_confidence_automatic,100.0,last_exact+first_match+token_overlap+scope_same_race,,1,MIT Election Data and Science Lab,Federal Election Commission
HOUSE_2020_MS_1_R_TRENT_KELLY,2020,House,MS-1,MS,1,R,TRENT KELLY,TRENT KELLY,"KELLY, JOHN TRENT",H6MS01131,C00573980,I,True,False,False,C,228787,0.687471266094743,high_confidence_automatic,92.0,last_exact+alternate_given_name_match+token_overlap+scope_same_race,,1,MIT Election Data and Science Lab,Federal Election Commission
HOUSE_2020_MS_2_D_BENNIE_G_THOMPSON,2020,House,MS-2,MS,2,D,BENNIE G THOMPSON,BENNIE G THOMPSON,"THOMPSON, BENNIE G.",H4MS02068,C00279851,I,True,False,False,C,196224,0.6601667373180726,high_confidence_automatic,100.0,last_exact+first_match+token_overlap+scope_same_race,0.0,2,MIT Election Data and Science Lab,Federal Election Commission
HOUSE_2020_MS_2_R_BRIAN_FLOWERS,2020,House,MS-2,MS,2,R,BRIAN FLOWERS,BRIAN FLOWERS,"FLOWERS, BRIAN WESLEY",H0MS02082,C00736223,C,False,True,False,N,101010,0.3398332626819274,high_confidence_automatic,95.0,last_exact+first_match+token_overlap+scope_same_race,0.0,3,MIT Election Data and Science Lab,Federal Election Commission
HOUSE_2020_MS_3_D_DOROTHY_DOT_BENFORD,2020,House,MS-3,MS,3,D,"DOROTHY \""DOT\"" BENFORD","DOROTHY \""DOT\"" BENFORD","BENFORD, DOROTHY",H8MS02044,C00749820,C,False,True,False,N,120782,0.3533228412794065,high_confidence_automatic,95.0,last_exact+first_match+token_overlap+scope_same_race,0.0,2,MIT Election Data and Science Lab,Federal Election Commission
HOUSE_2020_MS_3_R_MICHAEL_GUEST,2020,House,MS-3,MS,3,R,MICHAEL GUEST,MICHAEL GUEST,"GUEST, MICHAEL PATRICK",H8MS03125,C00665752,I,True,False,False,C,221064,0.6466771587205935,high_confidence_automatic,95.0,last_exact+first_match+token_overlap+scope_same_race,2.0,2,MIT Election Data and Science Lab,Federal Election Commission
HOUSE_2020_MS_4_R_STEVEN_M_PALAZZO,2020,House,MS-4,MS,4,R,STEVEN M PALAZZO,STEVEN M PALAZZO,"PALAZZO, STEVEN MCCARTY",H0MS04120,C00477323,I,True,False,False,C,255971,1.0,high_confidence_automatic,92.5,last_exact+first_match+token_overlap+scope_same_race,2.0,4,MIT Election Data and Science Lab,Federal Election Commission
HOUSE_2020_MT_AL_D_KATHLEEN_WILLIAMS,2020,House,MT-AL,MT,AL,D,KATHLEEN WILLIAMS,KATHLEEN WILLIAMS,"WILLIAMS, KATHLEEN",H8MT01232,C00701748,O,False,False,True,C,262340,0.43613645016117797,high_confidence_automatic,100.0,last_exact+first_match+token_overlap+scope_same_race,2.0,3,MIT Election Data and Science Lab,Federal Election Commission
HOUSE_2020_MT_AL_R_MATT_ROSENDALE,2020,House,MT-AL,MT,AL,R,MATT ROSENDALE,MATT ROSENDALE,"ROSENDALE, MATT MR.",H4MT00050,C00548289,O,False,False,True,C,339169,0.563863549838822,high_confidence_automatic,100.0,last_exact+first_match+token_overlap+scope_same_race,2.0,8,MIT Election Data and Science Lab,Federal Election Commission
HOUSE_2020_NC_1_D_G_K_BUTTERFIELD,2020,House,NC-1,NC,1,D,G K BUTTERFIELD,G K BUTTERFIELD,"BUTTERFIELD, G. K.",H4NC01046,C00401190,I,True,False,False,C,188870,0.541767780206415,high_confidence_automatic,100.0,last_exact+first_match+token_overlap+scope_same_race,0.0,2,MIT Election Data and Science Lab,Federal Election Commission
HOUSE_2020_NC_1_R_SANDY_SMITH,2020,House,NC-1,NC,1,R,SANDY SMITH,SANDY SMITH,"SMITH, SANDY",H0NC03149,C00697250,C,False,True,False,C,159748,0.45823221979358497,high_confidence_automatic,100.0,last_exact+first_match+token_overlap+scope_same_race,0.0,5,MIT Election Data and Science Lab,Federal Election Commission
HOUSE_2020_NC_10_D_DAVID_PARKER,2020,House,NC-10,NC,10,D,DAVID PARKER,DAVID PARKER,"PARKER, DAVID PAYNE",H0NC10193,C00735092,C,False,True,False,C,128189,0.3109240232461119,high_confidence_automatic,95.0,last_exact+first_match+token_overlap+scope_same_race,,1,MIT Election Data and Science Lab,Federal Election Commission
HOUSE_2020_NC_10_R_PATRICK_T_MCHENRY,2020,House,NC-10,NC,10,R,PATRICK T MCHENRY,PATRICK T MCHENRY,"MCHENRY, PATRICK TIMOTHY",H4NC10047,C00393629,I,True,False,False,C,284095,0.6890759767538881,high_confidence_automatic,92.5,last_exact+first_match+token_overlap+scope_same_race,0.0,3,MIT Election Data and Science Lab,Federal Election Commission
HOUSE_2020_NC_11_D_MOE_DAVIS,2020,House,NC-11,NC,11,D,MOE DAVIS,MOE DAVIS,"DAVIS, MORRIS D. COL.",H0NC11175,C00727800,O,False,False,True,C,190609,0.4234391140632463,probable_automatic,70.0,last_exact+first_initial+scope_same_race,2.0,6,MIT Election Data and Science Lab,Federal Election Commission
HOUSE_2020_NC_11_R_MADISON_CAWTHORN,2020,House,NC-11,NC,11,R,MADISON CAWTHORN,MADISON CAWTHORN,"CAWTHORN, DAVID MADISON",H0NC11233,C00732958,O,False,False,True,C,245351,0.5450488176032168,high_confidence_automatic,92.0,last_exact+alternate_given_name_match+token_overlap+scope_same_race,2.0,14,MIT Election Data and Science Lab,Federal Election Commission
HOUSE_2020_NC_12_D_ALMA_S_ADAMS,2020,House,NC-12,NC,12,D,ALMA S ADAMS,ALMA S ADAMS,"ADAMS, ALMA SHEALEY",H4NC12100,C00546358,I,True,False,False,C,341457,1.0,high_confidence_automatic,92.5,last_exact+first_match+token_overlap+scope_same_race,0.0,3,MIT Election Data and Science Lab,Federal Election Commission
HOUSE_2020_NC_13_D_SCOTT_HUFFMAN,2020,House,NC-13,NC,13,D,SCOTT HUFFMAN,SCOTT HUFFMAN,"HUFFMAN, SCOTT",H8NC08109,C00696492,C,False,True,False,C,124684,0.3181810062138747,high_confidence_automatic,100.0,last_exact+first_match+token_overlap+scope_same_race,,1,MIT Election Data and Science Lab,Federal Election Commission
HOUSE_2020_NC_13_R_TED_BUDD,2020,House,NC-13,NC,13,R,TED BUDD,TED BUDD,"BUDD, THEODORE P.",H6NC13129,C00614776,I,True,False,False,C,267181,0.6818189937861253,probable_automatic,70.75,last_exact+first_initial+scope_same_race,,1,MIT Election Data and Science Lab,Federal Election Commission
HOUSE_2020_NC_2_D_DEBORAH_K_ROSS,2020,House,NC-2,NC,2,D,DEBORAH K ROSS,DEBORAH K ROSS,"ROSS, DEBORAH",H0NC02125,C00729277,O,False,False,True,C,311887,0.6296359103251269,high_confidence_automatic,95.0,last_exact+first_match+token_overlap+scope_same_race,2.0,6,MIT Election Data and Science Lab,Federal Election Commission
HOUSE_2020_NC_2_R_ALAN_D_SWAIN,2020,House,NC-2,NC,2,R,ALAN D SWAIN,ALAN D SWAIN,"SWAIN, ALAN D",H0NC02158,C00731885,O,False,False,True,C,172544,0.34833096124923035,high_confidence_automatic,100.0,last_exact+first_match+token_overlap+scope_same_race,2.0,3,MIT Election Data and Science Lab,Federal Election Commission
HOUSE_2020_NC_3_D_DARYL_FARROW,2020,House,NC-3,NC,3,D,DARYL FARROW,DARYL FARROW,"FARROW, DARYL MR",H0NC03123,C00752345,C,False,True,False,N,132752,0.3661598887883669,high_confidence_automatic,100.0,last_exact+first_match+token_overlap+scope_same_race,2.0,4,MIT Election Data and Science Lab,Federal Election Commission
HOUSE_2020_NC_3_R_GREGORY_F_MURPHY,2020,House,NC-3,NC,3,R,GREGORY F MURPHY,GREGORY F MURPHY,"MURPHY, GREGORY FRANCIS DR",H0NC03172,C00697649,I,True,False,False,C,229800,0.6338401112116331,high_confidence_automatic,92.5,last_exact+first_match+token_overlap+scope_same_race,0.0,9,MIT Election Data and Science Lab,Federal Election Commission
HOUSE_2020_NC_4_D_DAVID_E_PRICE,2020,House,NC-4,NC,4,D,DAVID E PRICE,DAVID E PRICE,"PRICE, DAVID E.",H6NC04037,C00195628,I,True,False,False,C,332421,0.6732999945313022,high_confidence_automatic,100.0,last_exact+first_match+token_overlap+scope_same_race,2.0,4,MIT Election Data and Science Lab,Federal Election Commission
HOUSE_2020_NC_4_R_ROBERT_THOMAS,2020,House,NC-4,NC,4,R,ROBERT THOMAS,ROBERT THOMAS,"THOMAS, ROBERT",H0NC04220,,C,False,True,False,N,161298,0.32670000546869776,high_confidence_automatic,100.0,last_exact+first_match+token_overlap+scope_same_race,2.0,4,MIT Election Data and Science Lab,Federal Election Commission
HOUSE_2020_NC_5_D_DAVID_WILSON_BROWN,2020,House,NC-5,NC,5,D,DAVID WILSON BROWN,DAVID WILSON BROWN,"BROWN, DAVID WILSON",H8NC10097,C00649806,C,False,True,False,C,119846,0.31109115262015763,high_confidence_automatic,100.0,last_exact+first_match+token_overlap+scope_same_race,2.0,3,MIT Election Data and Science Lab,Federal Election Commission
HOUSE_2020_NC_5_R_VIRGINIA_FOXX,2020,House,NC-5,NC,5,R,VIRGINIA FOXX,VIRGINIA FOXX,"FOXX, VIRGINIA ANN",H4NC05146,C00386748,I,True,False,False,C,257843,0.6692978995130359,high_confidence_automatic,95.0,last_exact+first_match+token_overlap+scope_same_race,,1,MIT Election Data and Science Lab,Federal Election Commission
HOUSE_2020_NC_6_D_KATHY_MANNING,2020,House,NC-6,NC,6,D,KATHY MANNING,KATHY MANNING,"MANNING, KATHY",H8NC13067,C00662577,O,False,False,True,C,253531,0.6227289139314566,high_confidence_automatic,100.0,last_exact+first_match+token_overlap+scope_same_race,2.0,6,MIT Election Data and Science Lab,Federal Election Commission
HOUSE_2020_NC_6_R_LEE_HAYWOOD,2020,House,NC-6,NC,6,R,LEE HAYWOOD,LEE HAYWOOD,"HAYWOOD, JOSEPH LEE",H0NC06241,C00732651,O,False,False,True,C,153598,0.37727108606854337,high_confidence_automatic,92.0,last_exact+alternate_given_name_match+token_overlap+scope_same_race,2.0,4,MIT Election Data and Science Lab,Federal Election Commission
HOUSE_2020_NC_7_D_CHRISTOPHER_M_WARD,2020,House,NC-7,NC,7,D,CHRISTOPHER M WARD,CHRISTOPHER M WARD,"WARD, CHRISTOPHER M",H0NC07140,C00732040,C,False,True,False,N,179045,0.3959350564342073,high_confidence_automatic,100.0,last_exact+first_match+token_overlap+scope_same_race,0.0,4,MIT Election Data and Science Lab,Federal Election Commission
HOUSE_2020_NC_7_R_DAVID_ROUZER,2020,House,NC-7,NC,7,R,DAVID ROUZER,DAVID ROUZER,"ROUZER, DAVID CHESTON",H2NC07096,C00501643,I,True,False,False,C,272443,0.6024727558999399,high_confidence_automatic,95.0,last_exact+first_match+token_overlap+scope_same_race,2.0,2,MIT Election Data and Science Lab,Federal Election Commission
HOUSE_2020_NC_8_D_PATRICIA_TIMMONS_GOODSON,2020,House,NC-8,NC,8,D,PATRICIA TIMMONS-GOODSON,PATRICIA TIMMONS-GOODSON,"TIMMONS-GOODSON, PATRICIA",H0NC08254,C00732800,C,False,True,False,C,177781,0.467162433813772,high_confidence_automatic,100.0,last_exact+first_match+token_overlap+scope_same_race,0.0,2,MIT Election Data and Science Lab,Federal Election Commission
HOUSE_2020_NC_8_R_RICHARD_HUDSON,2020,House,NC-8,NC,8,R,RICHARD HUDSON,RICHARD HUDSON,"HUDSON, RICHARD L. JR.",H2NC08185,C00504522,I,True,False,False,C,202774,0.532837566186228,high_confidence_automatic,95.0,last_exact+first_match+token_overlap+scope_same_race,,1,MIT Election Data and Science Lab,Federal Election Commission
HOUSE_2020_NC_9_D_CYNTHIA_L_WALLACE,2020,House,NC-9,NC,9,D,CYNTHIA L WALLACE,CYNTHIA L WALLACE,"WALLACE, CYNTHIA",H0NC09286,C00731919,C,False,True,False,C,179463,0.44407904504558005,high_confidence_automatic,95.0,last_exact+first_match+token_overlap+scope_same_race,2.0,6,MIT Election Data and Science Lab,Federal Election Commission
HOUSE_2020_NC_9_R_DAN_BISHOP,2020,House,NC-9,NC,9,R,DAN BISHOP,DAN BISHOP,"BISHOP, JAMES DANIEL",H0NC09187,C00699660,I,True,False,False,C,224661,0.55592095495442,high_confidence_automatic,85.75,last_exact+alternate_given_name_match+scope_same_race,0.0,3,MIT Election Data and Science Lab,Federal Election Commission
HOUSE_2020_ND_AL_R_KELLY_ARMSTRONG,2020,House,ND-AL,ND,AL,R,KELLY ARMSTRONG,KELLY ARMSTRONG,"ARMSTRONG, KELLY",H8ND00096,C00670547,I,True,False,False,C,245229,0.6896242386065163,high_confidence_automatic,100.0,last_exact+first_match+token_overlap+scope_same_race,,1,MIT Election Data and Science Lab,Federal Election Commission
HOUSE_2020_NE_1_D_KATE_BOLZ,2020,House,NE-1,NE,1,D,KATE BOLZ,KATE BOLZ,"BOLZ, KATE",H0NE01120,C00721472,C,False,True,False,C,119622,0.3766839019290478,high_confidence_automatic,100.0,last_exact+first_match+token_overlap+scope_same_race,2.0,2,MIT Election Data and Science Lab,Federal Election Commission
HOUSE_2020_NE_1_R_JEFF_FORTENBERRY,2020,House,NE-1,NE,1,R,JEFF FORTENBERRY,JEFF FORTENBERRY,"FORTENBERRY, JEFFREY L. HONORABLE",H4NE01064,C00395467,I,True,False,False,C,189006,0.5951707676514488,high_confidence_automatic,88.0,last_exact+first_match+scope_same_race,0.0,2,MIT Election Data and Science Lab,Federal Election Commission
HOUSE_2020_NE_2_D_KARA_EASTMAN,2020,House,NE-2,NE,2,D,KARA EASTMAN,KARA EASTMAN,"EASTMAN, KARA",H8NE02220,C00639310,C,False,True,False,C,155706,0.462087713154599,high_confidence_automatic,100.0,last_exact+first_match+token_overlap+scope_same_race,2.0,4,MIT Election Data and Science Lab,Federal Election Commission
HOUSE_2020_NE_2_R_DON_BACON,2020,House,NE-2,NE,2,R,DON BACON,DON BACON,"BACON, DONALD J",H6NE02125,C00575167,I,True,False,False,C,171071,0.5076863266481086,high_confidence_automatic,88.75,last_exact+first_match+scope_same_race,0.0,2,MIT Election Data and Science Lab,Federal Election Commission
HOUSE_2020_NE_3_D_MARK_ELWORTH,2020,House,NE-3,NE,3,D,MARK ELWORTH JR,MARK ELWORTH JR,"ELWORTH, MARK",H0NE03225,C00741868,C,False,True,False,N,50690,0.17676186490916065,high_confidence_automatic,100.0,last_exact+first_match+token_overlap+scope_same_race,0.0,2,MIT Election Data and Science Lab,Federal Election Commission
HOUSE_2020_NE_3_R_ADRIAN_SMITH,2020,House,NE-3,NE,3,R,ADRIAN SMITH,ADRIAN SMITH,"SMITH, ADRIAN",H6NE03115,C00412890,I,True,False,False,C,225157,0.7851483767479165,high_confidence_automatic,100.0,last_exact+first_match+token_overlap+scope_same_race,0.0,5,MIT Election Data and Science Lab,Federal Election Commission
HOUSE_2020_NH_1_D_CHRIS_PAPPAS,2020,House,NH-1,NH,1,D,CHRIS PAPPAS,CHRIS PAPPAS,"PAPPAS, CHRIS",H8NH01210,C00660464,I,True,False,False,C,205606,0.5131669915464695,high_confidence_automatic,100.0,last_exact+first_match+token_overlap+scope_same_race,0.0,2,MIT Election Data and Science Lab,Federal Election Commission
HOUSE_2020_NH_1_R_MATT_MOWERS,2020,House,NH-1,NH,1,R,MATT MOWERS,MATT MOWERS,"MOWERS, MATT",H0NH01282,C00734491,C,False,True,False,C,185159,0.4621338238560778,high_confidence_automatic,100.0,last_exact+first_match+token_overlap+scope_same_race,2.0,6,MIT Election Data and Science Lab,Federal Election Commission
HOUSE_2020_NH_2_D_ANN_M_KUSTER,2020,House,NH-2,NH,2,D,ANN M KUSTER,ANN M KUSTER,"KUSTER, ANN MCLANE",H0NH02181,C00462861,I,True,False,False,C,208289,0.5389930157514342,high_confidence_automatic,92.5,last_exact+first_match+token_overlap+scope_same_race,0.0,2,MIT Election Data and Science Lab,Federal Election Commission
HOUSE_2020_NH_2_R_STEVEN_NEGRON,2020,House,NH-2,NH,2,R,STEVEN NEGRON,STEVEN NEGRON,"NEGRON, STEVE",H8NH02275,C00657981,C,False,True,False,C,168886,0.4370291972125111,high_confidence_automatic,90.0,last_exact+first_match+scope_same_race,2.0,5,MIT Election Data and Science Lab,Federal Election Commission
HOUSE_2020_NJ_1_D_DONALD_NORCROSS,2020,House,NJ-1,NJ,1,D,DONALD NORCROSS,DONALD NORCROSS,"NORCROSS, DONALD W",H4NJ01084,C00558320,I,True,False,False,C,240567,0.6248006648832558,high_confidence_automatic,95.0,last_exact+first_match+token_overlap+scope_same_race,,1,MIT Election Data and Science Lab,Federal Election Commission
HOUSE_2020_NJ_1_R_CLAIRE_H_GUSTAFSON,2020,House,NJ-1,NJ,1,R,CLAIRE H GUSTAFSON,CLAIRE H GUSTAFSON,"GUSTAFSON, CLAIRE H.",H4NJ01118,C00728790,C,False,True,False,C,144463,0.37519933511674414,high_confidence_automatic,100.0,last_exact+first_match+token_overlap+scope_same_race,0.0,2,MIT Election Data and Science Lab,Federal Election Commission
HOUSE_2020_NJ_10_D_DONALD_M_PAYNE,2020,House,NJ-10,NJ,10,D,DONALD M PAYNE JR,DONALD M PAYNE JR,"PAYNE, DONALD M. JR",H2NJ10154,C00519355,I,True,False,False,C,241522,0.8328086369733353,high_confidence_automatic,100.0,last_exact+first_match+token_overlap+scope_same_race,2.0,4,MIT Election Data and Science Lab,Federal Election Commission
HOUSE_2020_NJ_10_R_JENNIFER_ZINONE,2020,House,NJ-10,NJ,10,R,JENNIFER ZINONE,JENNIFER ZINONE,"ZINONE, JENNIFER",H0NJ10232,C00740720,C,False,True,False,N,40298,0.13895430831456954,high_confidence_automatic,100.0,last_exact+first_match+token_overlap+scope_same_race,0.0,2,MIT Election Data and Science Lab,Federal Election Commission
HOUSE_2020_NJ_11_D_MIKIE_SHERRILL,2020,House,NJ-11,NJ,11,D,MIKIE SHERRILL,MIKIE SHERRILL,"SHERRILL, MIKIE",H8NJ11142,C00640003,I,True,False,False,C,235163,0.5330367019058153,high_confidence_automatic,100.0,last_exact+first_match+token_overlap+scope_same_race,0.0,2,MIT Election Data and Science Lab,Federal Election Commission
HOUSE_2020_NJ_11_R_ROSEMARY_BECCHI,2020,House,NJ-11,NJ,11,R,ROSEMARY BECCHI,ROSEMARY BECCHI,"BECCHI, ROSEMARY",H0NJ07279,C00711572,C,False,True,False,C,206013,0.46696329809418463,high_confidence_automatic,100.0,last_exact+first_match+token_overlap+scope_same_race,0.0,3,MIT Election Data and Science Lab,Federal Election Commission
HOUSE_2020_NJ_12_D_BONNIE_WATSON_COLEMAN,2020,House,NJ-12,NJ,12,D,BONNIE WATSON COLEMAN,BONNIE WATSON COLEMAN,"COLEMAN, BONNIE WATSON",H4NJ12149,C00558437,I,True,False,False,C,230883,0.6564304499253678,high_confidence_automatic,100.0,last_exact+first_match+token_overlap+scope_same_race,0.0,2,MIT Election Data and Science Lab,Federal Election Commission
HOUSE_2020_NJ_12_R_MARK_RAZZOLI,2020,House,NJ-12,NJ,12,R,MARK RAZZOLI,MARK RAZZOLI,"RAZZOLI, MARK",H0NJ12204,C00716829,C,False,True,False,C,114591,0.3257971426540621,high_confidence_automatic,100.0,last_exact+first_match+token_overlap+scope_same_race,,1,MIT Election Data and Science Lab,Federal Election Commission
HOUSE_2020_NJ_2_D_AMY_KENNEDY,2020,House,NJ-2,NJ,2,D,AMY KENNEDY,AMY KENNEDY,"KENNEDY, AMY",H0NJ02171,C00732545,C,False,True,False,C,173849,0.4616926970603935,high_confidence_automatic,100.0,last_exact+first_match+token_overlap+scope_same_race,2.0,6,MIT Election Data and Science Lab,Federal Election Commission
HOUSE_2020_NJ_2_R_JEFFERSON_VAN_DREW,2020,House,NJ-2,NJ,2,R,JEFFERSON VAN DREW,JEFFERSON VAN DREW,"VAN DREW, JEFF MR",H8NJ02166,C00661868,I,True,False,False,C,195526,0.5192605438364932,probable_automatic,74.5,last_exact+first_initial+token_overlap+scope_same_race,2.0,3,MIT Election Data and Science Lab,Federal Election Commission
HOUSE_2020_NJ_3_D_ANDY_KIM,2020,House,NJ-3,NJ,3,D,ANDY KIM,ANDY KIM,"KIM, ANDY",H8NJ03206,C00648220,I,True,False,False,C,229840,0.5323303116068575,high_confidence_automatic,100.0,last_exact+first_match+token_overlap+scope_same_race,,1,MIT Election Data and Science Lab,Federal Election Commission
HOUSE_2020_NJ_3_R_DAVID_RICHTER,2020,House,NJ-3,NJ,3,R,DAVID RICHTER,DAVID RICHTER,"RICHTER, DAVID",H0NJ02155,C00715466,C,False,True,False,C,196327,0.4547111603151736,high_confidence_automatic,100.0,last_exact+first_match+token_overlap+scope_same_race,2.0,3,MIT Election Data and Science Lab,Federal Election Commission
HOUSE_2020_NJ_4_D_STEPHANIE_SCHMID,2020,House,NJ-4,NJ,4,D,STEPHANIE SCHMID,STEPHANIE SCHMID,"SCHMID, STEPHANIE",H0NJ04151,C00717611,C,False,True,False,C,162420,0.38273385363646645,high_confidence_automatic,100.0,last_exact+first_match+token_overlap+scope_same_race,2.0,6,MIT Election Data and Science Lab,Federal Election Commission
HOUSE_2020_NJ_4_R_CHRISTOPHER_H_SMITH,2020,House,NJ-4,NJ,4,R,CHRISTOPHER H SMITH,CHRISTOPHER H SMITH,"SMITH, CHRISTOPHER H",H8NJ04014,C00096412,I,True,False,False,C,254103,0.5987798325981224,high_confidence_automatic,100.0,last_exact+first_match+token_overlap+scope_same_race,0.0,2,MIT Election Data and Science Lab,Federal Election Commission
HOUSE_2020_NJ_5_D_JOSH_GOTTHEIMER,2020,House,NJ-5,NJ,5,D,JOSH GOTTHEIMER,JOSH GOTTHEIMER,"GOTTHEIMER, JOSH",H6NJ05171,C00573949,I,True,False,False,C,225175,0.531529426205516,high_confidence_automatic,100.0,last_exact+first_match+token_overlap+scope_same_race,2.0,3,MIT Election Data and Science Lab,Federal Election Commission
HOUSE_2020_NJ_5_R_FRANK_T_PALLOTTA,2020,House,NJ-5,NJ,5,R,FRANK T PALLOTTA,FRANK T PALLOTTA,"PALLOTTA, FRANK",H0NJ05174,C00706275,C,False,True,False,C,193333,0.45636584237411365,high_confidence_automatic,95.0,last_exact+first_match+token_overlap+scope_same_race,2.0,7,MIT Election Data and Science Lab,Federal Election Commission
HOUSE_2020_NJ_6_D_FRANK_PALLONE,2020,House,NJ-6,NJ,6,D,FRANK PALLONE JR,FRANK PALLONE JR,"PALLONE, FRANK JR",H8NJ03073,C00226928,I,True,False,False,C,199648,0.6116516752040391,high_confidence_automatic,100.0,last_exact+first_match+token_overlap+scope_same_race,2.0,5,MIT Election Data and Science Lab,Federal Election Commission
HOUSE_2020_NJ_6_R_CHRISTIAN_ONUOHA,2020,House,NJ-6,NJ,6,R,CHRISTIAN ONUOHA,CHRISTIAN ONUOHA,"ONUOHA, CHRISTIAN",H0NJ06255,,C,False,True,False,N,126760,0.3883483247959609,high_confidence_automatic,100.0,last_exact+first_match+token_overlap+scope_same_race,0.0,2,MIT Election Data and Science Lab,Federal Election Commission
HOUSE_2020_NJ_7_D_TOM_MALINOWSKI,2020,House,NJ-7,NJ,7,D,TOM MALINOWSKI,TOM MALINOWSKI,"MALINOWSKI, TOM",H8NJ07223,C00656686,I,True,False,False,C,219629,0.5061194108958006,high_confidence_automatic,100.0,last_exact+first_match+token_overlap+scope_same_race,,1,MIT Election Data and Science Lab,Federal Election Commission
HOUSE_2020_NJ_7_R_THOMAS_H_KEAN,2020,House,NJ-7,NJ,7,R,THOMAS H KEAN JR,THOMAS H KEAN JR,"KEAN, THOMAS H. JR.",H0NJ07261,C00703058,C,False,True,False,C,214318,0.49388058910419935,high_confidence_automatic,100.0,last_exact+first_match+token_overlap+scope_same_race,2.0,5,MIT Election Data and Science Lab,Federal Election Commission
HOUSE_2020_NJ_8_D_ALBIO_SIRES,2020,House,NJ-8,NJ,8,D,ALBIO SIRES,ALBIO SIRES,"SIRES, ALBIO",H6NJ13191,C00410753,I,True,False,False,C,176758,0.7402763294007279,high_confidence_automatic,100.0,last_exact+first_match+token_overlap+scope_same_race,2.0,3,MIT Election Data and Science Lab,Federal Election Commission
HOUSE_2020_NJ_8_R_JASON_TODD_MUSHNICK,2020,House,NJ-8,NJ,8,R,JASON TODD MUSHNICK,JASON TODD MUSHNICK,"MUSHNICK, JASON TODD",H0NJ08152,,C,False,True,False,N,58686,0.24578155821638126,high_confidence_automatic,100.0,last_exact+first_match+token_overlap+scope_same_race,0.0,2,MIT Election Data and Science Lab,Federal Election Commission
HOUSE_2020_NJ_9_D_BILL_PASCRELL,2020,House,NJ-9,NJ,9,D,BILL PASCRELL JR,BILL PASCRELL JR,"PASCRELL, WILLIAM J. HON. JR.",H6NJ08118,C00313510,I,True,False,False,C,203674,0.657985023034031,high_confidence_automatic,88.75,last_exact+first_match+scope_same_race,2.0,5,MIT Election Data and Science Lab,Federal Election Commission
HOUSE_2020_NJ_9_R_BILLY_PREMPEH,2020,House,NJ-9,NJ,9,R,BILLY PREMPEH,BILLY PREMPEH,"PREMPEH, WILLIAM SREBOE",H0NJ09200,C00739581,C,False,True,False,C,98629,0.3186288128913039,high_confidence_automatic,88.75,last_exact+first_match+scope_same_race,2.0,2,MIT Election Data and Science Lab,Federal Election Commission
HOUSE_2020_NM_1_D_DEBRA_A_HAALAND,2020,House,NM-1,NM,1,D,DEBRA A HAALAND,DEBRA A HAALAND,"HAALAND, DEBRA",H8NM01331,C00639054,I,True,False,False,C,186953,0.5818824115285256,high_confidence_automatic,95.0,last_exact+first_match+token_overlap+scope_same_race,,1,MIT Election Data and Science Lab,Federal Election Commission
HOUSE_2020_NM_1_R_MICHELLE_GARCIA_HOLMES,2020,House,NM-1,NM,1,R,MICHELLE GARCIA HOLMES,MICHELLE GARCIA HOLMES,"GARCIA HOLMES, MICHELLE",H0NM01189,C00724245,C,False,True,False,C,134337,0.41811758847147434,high_confidence_automatic,100.0,last_exact+first_match+token_overlap+scope_same_race,2.0,3,MIT Election Data and Science Lab,Federal Election Commission
HOUSE_2020_NM_2_D_XOCHITL_TORRES_SMALL,2020,House,NM-2,NM,2,D,XOCHITL TORRES SMALL,XOCHITL TORRES SMALL,"TORRES SMALL, XOCHITL",H8NM02248,C00666149,I,True,False,False,C,122546,0.46253198765031367,high_confidence_automatic,100.0,last_exact+first_match+token_overlap+scope_same_race,,1,MIT Election Data and Science Lab,Federal Election Commission
HOUSE_2020_NM_2_R_YVETTE_HERRELL,2020,House,NM-2,NM,2,R,YVETTE HERRELL,YVETTE HERRELL,"HERRELL, STELLA YVETTE",H8NM02156,C00655571,C,False,True,False,C,142283,0.5370264129294271,high_confidence_automatic,92.0,last_exact+alternate_given_name_match+token_overlap+scope_same_race,2.0,3,MIT Election Data and Science Lab,Federal Election Commission
HOUSE_2020_NM_3_D_TERESA_LEGER_FERNANDEZ,2020,House,NM-3,NM,3,D,TERESA LEGER FERNANDEZ,TERESA LEGER FERNANDEZ,,,,,False,False,False,,186282,0.5868110682694488,unmatched,0.0,last_name_mismatch+scope_same_race,2.0,13,MIT Election Data and Science Lab,Federal Election Commission
HOUSE_2020_NM_3_R_ALEXIS_M_JOHNSON,2020,House,NM-3,NM,3,R,ALEXIS M JOHNSON,ALEXIS M JOHNSON,"JOHNSON, ALEXIS M",H0NM03201,C00716480,O,False,False,True,C,131166,0.41318893173055116,high_confidence_automatic,100.0,last_exact+first_match+token_overlap+scope_same_race,2.0,7,MIT Election Data and Science Lab,Federal Election Commission
HOUSE_2020_NV_1_D_DINA_TITUS,2020,House,NV-1,NV,1,D,DINA TITUS,DINA TITUS,"TITUS, DINA",H8NV03036,C00499467,I,True,False,False,C,137868,0.6176521976766586,high_confidence_automatic,100.0,last_exact+first_match+token_overlap+scope_same_race,0.0,3,MIT Election Data and Science Lab,Federal Election Commission
HOUSE_2020_NV_1_R_JOYCE_BENTLEY,2020,House,NV-1,NV,1,R,JOYCE BENTLEY,JOYCE BENTLEY,"BENTLEY, JOYCE",H8NV01261,,C,False,True,False,N,74490,0.33371712221062394,high_confidence_automatic,100.0,last_exact+first_match+token_overlap+scope_same_race,2.0,5,MIT Election Data and Science Lab,Federal Election Commission
HOUSE_2020_NV_2_D_PATRICIA_ACKERMAN,2020,House,NV-2,NV,2,D,PATRICIA ACKERMAN,PATRICIA ACKERMAN,"ACKERMAN, PATRICIA GERALDENE MS.",H0NV02209,C00726810,C,False,True,False,C,155780,0.40708385488393484,high_confidence_automatic,95.0,last_exact+first_match+token_overlap+scope_same_race,2.0,7,MIT Election Data and Science Lab,Federal Election Commission
HOUSE_2020_NV_2_R_MARK_E_AMODEI,2020,House,NV-2,NV,2,R,MARK E AMODEI,MARK E AMODEI,"AMODEI, MARK EUGENE",H2NV02395,C00496760,I,True,False,False,C,216078,0.564654417740473,high_confidence_automatic,92.5,last_exact+first_match+token_overlap+scope_same_race,0.0,3,MIT Election Data and Science Lab,Federal Election Commission
HOUSE_2020_NV_3_D_SUSIE_LEE,2020,House,NV-3,NV,3,D,SUSIE LEE,SUSIE LEE,"LEE, SUSIE",H6NV04020,C00655613,I,True,False,False,C,203421,0.48752552414368294,high_confidence_automatic,100.0,last_exact+first_match+token_overlap+scope_same_race,0.0,4,MIT Election Data and Science Lab,Federal Election Commission
HOUSE_2020_NV_3_R_DAN_BIG_DAN_RODIMER,2020,House,NV-3,NV,3,R,"DAN \""BIG DAN\"" RODIMER","DAN \""BIG DAN\"" RODIMER","RODIMER, DAN",H0NV03132,C00717322,C,False,True,False,C,190975,0.45769702721616673,high_confidence_automatic,95.0,last_exact+first_match+token_overlap+scope_same_race,2.0,7,MIT Election Data and Science Lab,Federal Election Commission
HOUSE_2020_NV_4_D_STEVEN_HORSFORD,2020,House,NV-4,NV,4,D,STEVEN HORSFORD,STEVEN HORSFORD,"HORSFORD, STEVEN ALEXZANDER",H2NV04011,C00668228,I,True,False,False,C,168457,0.5066848337739759,high_confidence_automatic,95.0,last_exact+first_match+token_overlap+scope_same_race,0.0,6,MIT Election Data and Science Lab,Federal Election Commission
HOUSE_2020_NV_4_R_JIM_MARCHANT,2020,House,NV-4,NV,4,R,JIM MARCHANT,JIM MARCHANT,"MARCHANT, JIM",H0NV04015,C00694711,C,False,True,False,C,152284,0.45803969693415025,high_confidence_automatic,100.0,last_exact+first_match+token_overlap+scope_same_race,2.0,10,MIT Election Data and Science Lab,Federal Election Commission
HOUSE_2020_NY_1_D_NANCY_S_GOROFF,2020,House,NY-1,NY,1,D,NANCY S GOROFF,NANCY S GOROFF,"GOROFF, NANCY",H0NY01186,C00711564,C,False,True,False,C,160978,0.4138102998863794,high_confidence_automatic,95.0,last_exact+first_match+token_overlap+scope_same_race,2.0,4,MIT Election Data and Science Lab,Federal Election Commission
HOUSE_2020_NY_1_R_LEE_M_ZELDIN,2020,House,NY-1,NY,1,R,LEE M ZELDIN,LEE M ZELDIN,"ZELDIN, LEE MICHAEL",H8NY01148,C00552547,I,True,False,False,C,180855,0.4649061473365997,high_confidence_automatic,92.5,last_exact+first_match+token_overlap+scope_same_race,0.0,2,MIT Election Data and Science Lab,Federal Election Commission
HOUSE_2020_NY_10_D_JERROLD_L_NADLER,2020,House,NY-10,NY,10,D,JERROLD L NADLER,JERROLD L NADLER,"NADLER, JERROLD L.",H2NY17071,C00290825,I,True,False,False,C,181215,0.6267595891121641,high_confidence_automatic,100.0,last_exact+first_match+token_overlap+scope_same_race,2.0,7,MIT Election Data and Science Lab,Federal Election Commission
HOUSE_2020_NY_10_R_CATHY_A_BERNSTEIN,2020,House,NY-10,NY,10,R,CATHY A BERNSTEIN,CATHY A BERNSTEIN,"BERNSTEIN, CATHY",H0NY10112,C00733170,C,False,True,False,C,61045,0.2111334002006018,high_confidence_automatic,95.0,last_exact+first_match+token_overlap+scope_same_race,0.0,2,MIT Election Data and Science Lab,Federal Election Commission
HOUSE_2020_NY_11_D_MAX_N_ROSE,2020,House,NY-11,NY,11,D,MAX N ROSE,MAX N ROSE,"ROSE, MAX",H8NY11113,C00652248,I,True,False,False,C,134625,0.44673818902210377,high_confidence_automatic,95.0,last_exact+first_match+token_overlap+scope_same_race,,1,MIT Election Data and Science Lab,Federal Election Commission
HOUSE_2020_NY_11_R_NICOLE_MALLIOTAKIS,2020,House,NY-11,NY,11,R,NICOLE MALLIOTAKIS,NICOLE MALLIOTAKIS,"MALLIOTAKIS, NICOLE",H0NY11078,C00694778,C,False,True,False,C,143420,0.47592342484345496,high_confidence_automatic,100.0,last_exact+first_match+token_overlap+scope_same_race,2.0,3,MIT Election Data and Science Lab,Federal Election Commission
HOUSE_2020_NY_12_D_CAROLYN_B_MALONEY,2020,House,NY-12,NY,12,D,CAROLYN B MALONEY,CAROLYN B MALONEY,"MALONEY, CAROLYN B.",H2NY14037,C00273169,I,True,False,False,C,265172,0.7890168680578078,high_confidence_automatic,100.0,last_exact+first_match+token_overlap+scope_same_race,2.0,5,MIT Election Data and Science Lab,Federal Election Commission
HOUSE_2020_NY_12_R_CARLOS_SANTIAGO_CANO,2020,House,NY-12,NY,12,R,CARLOS SANTIAGO-CANO,CARLOS SANTIAGO-CANO,"SANTIAGO-CANO, CARLOS",H0NY12209,C00759050,C,False,True,False,N,49157,0.14626620526721396,high_confidence_automatic,100.0,last_exact+first_match+token_overlap+scope_same_race,,1,MIT Election Data and Science Lab,Federal Election Commission
HOUSE_2020_NY_13_D_ADRIANO_ESPAILLAT,2020,House,NY-13,NY,13,D,ADRIANO ESPAILLAT,ADRIANO ESPAILLAT,"ESPAILLAT, ADRIANO",H2NY13096,C00701953,I,True,False,False,C,202916,0.7593138648984419,high_confidence_automatic,100.0,last_exact+first_match+token_overlap+scope_same_race,2.0,6,MIT Election Data and Science Lab,Federal Election Commission
HOUSE_2020_NY_13_R_LOVELYNN_GWINN,2020,House,NY-13,NY,13,R,LOVELYNN GWINN,LOVELYNN GWINN,"GWINN, LOVELYNN",H0NY13165,C00740696,C,False,True,False,C,19829,0.07420033229055965,high_confidence_automatic,100.0,last_exact+first_match+token_overlap+scope_same_race,,1,MIT Election Data and Science Lab,Federal Election Commission
HOUSE_2020_NY_14_D_ALEXANDRIA_OCASIO_CORTEZ,2020,House,NY-14,NY,14,D,ALEXANDRIA OCASIO-CORTEZ,ALEXANDRIA OCASIO-CORTEZ,"OCASIO-CORTEZ, ALEXANDRIA",H8NY15148,C00639591,I,True,False,False,C,152661,0.6827079168734991,high_confidence_automatic,100.0,last_exact+first_match+token_overlap+scope_same_race,2.0,7,MIT Election Data and Science Lab,Federal Election Commission
HOUSE_2020_NY_14_R_JOHN_C_CUMMINGS,2020,House,NY-14,NY,14,R,JOHN C CUMMINGS,JOHN C CUMMINGS,"CUMMINGS, JOHN C.",H0NY14296,C00712257,C,False,True,False,C,52477,0.23467986816390965,high_confidence_automatic,100.0,last_exact+first_match+token_overlap+scope_same_race,2.0,8,MIT Election Data and Science Lab,Federal Election Commission
HOUSE_2020_NY_15_D_RITCHIE_TORRES,2020,House,NY-15,NY,15,D,RITCHIE TORRES,RITCHIE TORRES,"TORRES, RITCHIE JOHN",H0NY15160,C00699744,O,False,False,True,C,169533,0.8467970330411329,high_confidence_automatic,95.0,last_exact+first_match+token_overlap+scope_same_race,2.0,17,MIT Election Data and Science Lab,Federal Election Commission
HOUSE_2020_NY_15_R_PATRICK_DELICES,2020,House,NY-15,NY,15,R,PATRICK DELICES,PATRICK DELICES,"DELICES, PATRICK",H0NY15202,C00707075,O,False,False,True,N,18984,0.09482280662321121,high_confidence_automatic,100.0,last_exact+first_match+token_overlap+scope_same_race,0.0,2,MIT Election Data and Science Lab,Federal Election Commission
HOUSE_2020_NY_16_D_JAMAAL_BOWMAN,2020,House,NY-16,NY,16,D,JAMAAL BOWMAN,JAMAAL BOWMAN,"BOWMAN, JAMAAL",H0NY16143,C00709196,C,False,True,False,C,218514,0.6933518638388607,high_confidence_automatic,100.0,last_exact+first_match+token_overlap+scope_same_race,2.0,6,MIT Election Data and Science Lab,Federal Election Commission
HOUSE_2020_NY_17_D_MONDAIRE_JONES,2020,House,NY-17,NY,17,D,MONDAIRE JONES,MONDAIRE JONES,"JONES, MONDAIRE",H0NY17174,C00711150,O,False,False,True,C,183976,0.5111040732529907,high_confidence_automatic,100.0,last_exact+first_match+token_overlap+scope_same_race,2.0,16,MIT Election Data and Science Lab,Federal Election Commission
HOUSE_2020_NY_17_R_MAUREEN_MCARDLE_SCHULMAN,2020,House,NY-17,NY,17,R,MAUREEN MCARDLE SCHULMAN,MAUREEN MCARDLE SCHULMAN,"MCARDLE SCHULMAN, MAUREEN B MRS",H0NY17315,C00737254,O,False,False,True,C,117309,0.3258963545747004,high_confidence_automatic,96.25,last_exact+first_match+token_overlap+scope_same_race,2.0,3,MIT Election Data and Science Lab,Federal Election Commission
HOUSE_2020_NY_18_D_SEAN_PATRICK_MALONEY,2020,House,NY-18,NY,18,D,SEAN PATRICK MALONEY,SEAN PATRICK MALONEY,"MALONEY, SEAN PATRICK",H2NY22139,C00512426,I,True,False,False,C,171161,0.47711979216029526,high_confidence_automatic,100.0,last_exact+first_match+token_overlap+scope_same_race,,1,MIT Election Data and Science Lab,Federal Election Commission
HOUSE_2020_NY_18_R_CHELE_C_FARLEY,2020,House,NY-18,NY,18,R,CHELE C FARLEY,CHELE C FARLEY,"FARLEY, CHELE CHIAVACCI",H0NY18172,C00701433,C,False,True,False,C,128611,0.35850955293278103,high_confidence_automatic,92.5,last_exact+first_match+token_overlap+scope_same_race,,1,MIT Election Data and Science Lab,Federal Election Commission
HOUSE_2020_NY_19_D_ANTONIO_DELGADO,2020,House,NY-19,NY,19,D,ANTONIO DELGADO,ANTONIO DELGADO,"DELGADO, ANTONIO",H8NY19181,C00633859,I,True,False,False,C,168281,0.45428188093393407,high_confidence_automatic,100.0,last_exact+first_match+token_overlap+scope_same_race,,1,MIT Election Data and Science Lab,Federal Election Commission
HOUSE_2020_NY_19_R_KYLE_VAN_DE_WATER,2020,House,NY-19,NY,19,R,KYLE VAN DE WATER,KYLE VAN DE WATER,"VAN DE WATER, KYLE",H0NY19204,C00737650,C,False,True,False,C,151475,0.40891335275204965,high_confidence_automatic,100.0,last_exact+first_match+token_overlap+scope_same_race,2.0,4,MIT Election Data and Science Lab,Federal Election Commission
HOUSE_2020_NY_2_D_JACKIE_GORDON,2020,House,NY-2,NY,2,D,JACKIE GORDON,JACKIE GORDON,"GORDON, JACQUELINE",H0NY02192,C00706549,O,False,False,True,C,144849,0.4039100209973314,probable_automatic,72.0,last_exact+first_initial+scope_same_race,0.0,5,MIT Election Data and Science Lab,Federal Election Commission
HOUSE_2020_NY_2_R_ANDREW_R_GARBARINO,2020,House,NY-2,NY,2,R,ANDREW R GARBARINO,ANDREW R GARBARINO,"GARBARINO, ANDREW",H0NY02234,C00729954,O,False,False,True,C,158151,0.44100251800667567,high_confidence_automatic,95.0,last_exact+first_match+token_overlap+scope_same_race,2.0,7,MIT Election Data and Science Lab,Federal Election Commission
HOUSE_2020_NY_20_D_PAUL_D_TONKO,2020,House,NY-20,NY,20,D,PAUL D TONKO,PAUL D TONKO,"TONKO, PAUL DAVID",H8NY21203,C00450049,I,True,False,False,C,194071,0.5254079897772436,high_confidence_automatic,92.5,last_exact+first_match+token_overlap+scope_same_race,0.0,2,MIT Election Data and Science Lab,Federal Election Commission
HOUSE_2020_NY_20_R_ELIZABETH_L_JOY,2020,House,NY-20,NY,20,R,ELIZABETH L JOY,ELIZABETH L JOY,"JOY, ELIZABETH L",H0NY20111,C00701755,C,False,True,False,C,120839,0.327147157878778,high_confidence_automatic,100.0,last_exact+first_match+token_overlap+scope_same_race,2.0,2,MIT Election Data and Science Lab,Federal Election Commission
HOUSE_2020_NY_21_D_TEDRA_L_COBB,2020,House,NY-21,NY,21,D,TEDRA L COBB,TEDRA L COBB,"COBB, TEDRA",H8NY21245,C00649061,C,False,True,False,C,122422,0.375760440518358,high_confidence_automatic,95.0,last_exact+first_match+token_overlap+scope_same_race,,1,MIT Election Data and Science Lab,Federal Election Commission
HOUSE_2020_NY_21_R_ELISE_M_STEFANIK,2020,House,NY-21,NY,21,R,ELISE M STEFANIK,ELISE M STEFANIK,"STEFANIK, ELISE M.",H4NY21079,C00547893,I,True,False,False,C,169684,0.5208257877580587,high_confidence_automatic,100.0,last_exact+first_match+token_overlap+scope_same_race,,1,MIT Election Data and Science Lab,Federal Election Commission
HOUSE_2020_NY_22_D_ANTHONY_J_BRINDISI,2020,House,NY-22,NY,22,D,ANTHONY J BRINDISI,ANTHONY J BRINDISI,"BRINDISI, ANTHONY",H8NY22151,C00648725,I,True,False,False,C,138898,0.4253264251243233,high_confidence_automatic,95.0,last_exact+first_match+token_overlap+scope_same_race,,1,MIT Election Data and Science Lab,Federal Election Commission
HOUSE_2020_NY_22_R_CLAUDIA_TENNEY,2020,House,NY-22,NY,22,R,CLAUDIA TENNEY,CLAUDIA TENNEY,"TENNEY, CLAUDIA",H4NY22051,C00632828,C,False,True,False,C,143291,0.4387784473677764,high_confidence_automatic,100.0,last_exact+first_match+token_overlap+scope_same_race,2.0,4,MIT Election Data and Science Lab,Federal Election Commission
HOUSE_2020_NY_23_D_TRACY_MITRANO,2020,House,NY-23,NY,23,D,TRACY MITRANO,TRACY MITRANO,"MITRANO, TRACY",H8NY23183,C00654525,C,False,True,False,C,116025,0.35825112315316565,high_confidence_automatic,100.0,last_exact+first_match+token_overlap+scope_same_race,2.0,2,MIT Election Data and Science Lab,Federal Election Commission
HOUSE_2020_NY_23_R_TOM_REED,2020,House,NY-23,NY,23,R,TOM REED,TOM REED,"REED, THOMAS W",H0NY29054,C00464032,I,True,False,False,C,161800,0.49959087891559756,high_confidence_automatic,88.75,last_exact+first_match+scope_same_race,,1,MIT Election Data and Science Lab,Federal Election Commission
HOUSE_2020_NY_24_D_DANA_BALTER,2020,House,NY-24,NY,24,D,DANA BALTER,DANA BALTER,"BALTER, DANA",H8NY24090,C00655183,C,False,True,False,C,147877,0.4192915450985729,high_confidence_automatic,100.0,last_exact+first_match+token_overlap+scope_same_race,2.0,3,MIT Election Data and Science Lab,Federal Election Commission
HOUSE_2020_NY_24_R_JOHN_M_KATKO,2020,House,NY-24,NY,24,R,JOHN M KATKO,JOHN M KATKO,"KATKO, JOHN M",H4NY24073,C00556365,I,True,False,False,C,156236,0.4429927158383024,high_confidence_automatic,100.0,last_exact+first_match+token_overlap+scope_same_race,,1,MIT Election Data and Science Lab,Federal Election Commission
HOUSE_2020_NY_25_D_JOSEPH_D_MORELLE,2020,House,NY-25,NY,25,D,JOSEPH D MORELLE,JOSEPH D MORELLE,"MORELLE, JOSEPH D",H8NY25105,C00675108,I,True,False,False,C,187503,0.510383066985685,high_confidence_automatic,100.0,last_exact+first_match+token_overlap+scope_same_race,2.0,2,MIT Election Data and Science Lab,Federal Election Commission
HOUSE_2020_NY_25_R_GEORGE_MITRIS,2020,House,NY-25,NY,25,R,GEORGE MITRIS,GEORGE MITRIS,"MITRIS, GEORGE MR.",H0NY25094,C00736736,C,False,True,False,C,115940,0.31558861877580796,high_confidence_automatic,100.0,last_exact+first_match+token_overlap+scope_same_race,,1,MIT Election Data and Science Lab,Federal Election Commission
HOUSE_2020_NY_26_D_BRIAN_HIGGINS,2020,House,NY-26,NY,26,D,BRIAN HIGGINS,BRIAN HIGGINS,"HIGGINS, BRIAN",H4NY27076,C00401034,I,True,False,False,C,202400,0.599052289806344,high_confidence_automatic,100.0,last_exact+first_match+token_overlap+scope_same_race,2.0,2,MIT Election Data and Science Lab,Federal Election Commission
HOUSE_2020_NY_26_R_RICKY_T_DONOVAN,2020,House,NY-26,NY,26,R,RICKY T DONOVAN SR,RICKY T DONOVAN SR,"DONOVAN, RICKY THOMAS SR",H0NY26084,C00740969,C,False,True,False,N,91706,0.27142633047915304,high_confidence_automatic,92.5,last_exact+first_match+token_overlap+scope_same_race,0.0,2,MIT Election Data and Science Lab,Federal Election Commission
HOUSE_2020_NY_27_D_NATHAN_D_MCMURRAY,2020,House,NY-27,NY,27,D,NATHAN D MCMURRAY,NATHAN D MCMURRAY,"MCMURRAY, NATHAN",H8NY27176,C00666453,C,False,True,False,C,136686,0.34360309902916525,high_confidence_automatic,95.0,last_exact+first_match+token_overlap+scope_same_race,70.75,2,MIT Election Data and Science Lab,Federal Election Commission
HOUSE_2020_NY_27_R_CHRIS_JACOBS,2020,House,NY-27,NY,27,R,CHRIS JACOBS,CHRIS JACOBS,"JACOBS, CHRISTOPHER L.",H0NY27090,C00706788,I,True,False,False,C,192619,0.48420822419193466,high_confidence_automatic,88.75,last_exact+first_match+scope_same_race,2.0,5,MIT Election Data and Science Lab,Federal Election Commission
HOUSE_2020_NY_3_D_THOMAS_R_SUOZZI,2020,House,NY-3,NY,3,D,THOMAS R SUOZZI,THOMAS R SUOZZI,"SUOZZI, THOMAS",H6NY03247,C00607200,I,True,False,False,C,196056,0.4915076199525179,high_confidence_automatic,95.0,last_exact+first_match+token_overlap+scope_same_race,2.0,3,MIT Election Data and Science Lab,Federal Election Commission
HOUSE_2020_NY_3_R_GEORGE_AD_SANTOS,2020,House,NY-3,NY,3,R,GEORGE AD SANTOS,GEORGE AD SANTOS,"DEVOLDER-SANTOS, GEORGE ANTHONY",H0NY03083,C00721365,C,False,True,False,C,147461,0.36968113776583345,high_confidence_automatic,91.0,last_exact+first_match+scope_same_race,,1,MIT Election Data and Science Lab,Federal Election Commission
HOUSE_2020_NY_4_D_KATHLEEN_M_RICE,2020,House,NY-4,NY,4,D,KATHLEEN M RICE,KATHLEEN M RICE,"RICE, KATHLEEN",H4NY04075,C00555813,I,True,False,False,C,199762,0.5188421230341675,high_confidence_automatic,95.0,last_exact+first_match+token_overlap+scope_same_race,0.0,3,MIT Election Data and Science Lab,Federal Election Commission
HOUSE_2020_NY_4_R_DOUGLAS_L_TUMAN,2020,House,NY-4,NY,4,R,DOUGLAS L TUMAN,DOUGLAS L TUMAN,"TUMAN, DOUGLAS",H0NY04156,C00743955,C,False,True,False,C,139559,0.3624767866187032,high_confidence_automatic,95.0,last_exact+first_match+token_overlap+scope_same_race,2.0,3,MIT Election Data and Science Lab,Federal Election Commission
HOUSE_2020_NY_5_D_GREGORY_W_MEEKS,2020,House,NY-5,NY,5,D,GREGORY W MEEKS,GREGORY W MEEKS,"MEEKS, GREGORY W.",H8NY06048,C00430991,I,True,False,False,C,229125,0.8244605248480618,high_confidence_automatic,100.0,last_exact+first_match+token_overlap+scope_same_race,2.0,2,MIT Election Data and Science Lab,Federal Election Commission
HOUSE_2020_NY_6_D_GRACE_MENG,2020,House,NY-6,NY,6,D,GRACE MENG,GRACE MENG,"MENG, GRACE",H2NY06116,C00516666,I,True,False,False,C,144149,0.5777677129218054,high_confidence_automatic,100.0,last_exact+first_match+token_overlap+scope_same_race,2.0,4,MIT Election Data and Science Lab,Federal Election Commission
HOUSE_2020_NY_6_R_THOMAS_J_ZMICH,2020,House,NY-6,NY,6,R,THOMAS J ZMICH,THOMAS J ZMICH,"ZMICH, THOMAS",H0NY06086,C00731802,C,False,True,False,C,67735,0.2714905829021255,high_confidence_automatic,95.0,last_exact+first_match+token_overlap+scope_same_race,,1,MIT Election Data and Science Lab,Federal Election Commission
HOUSE_2020_NY_7_D_NYDIA_M_VELAZQUEZ,2020,House,NY-7,NY,7,D,NYDIA M VELAZQUEZ,NYDIA M VELAZQUEZ,"VELAZQUEZ, NYDIA M.",H2NY00010,C00271312,I,True,False,False,C,156889,0.6671329979716715,high_confidence_automatic,100.0,last_exact+first_match+token_overlap+scope_same_race,2.0,2,MIT Election Data and Science Lab,Federal Election Commission
HOUSE_2020_NY_7_R_BRIAN_W_KELLY,2020,House,NY-7,NY,7,R,BRIAN W KELLY,BRIAN W KELLY,"KELLY, BRIAN W",H0NY07118,,C,False,True,False,N,29404,0.12503348655647642,high_confidence_automatic,100.0,last_exact+first_match+token_overlap+scope_same_race,0.0,2,MIT Election Data and Science Lab,Federal Election Commission
HOUSE_2020_NY_8_D_HAKEEM_S_JEFFRIES,2020,House,NY-8,NY,8,D,HAKEEM S JEFFRIES,HAKEEM S JEFFRIES,"JEFFRIES, HAKEEM",H2NY10092,C00503052,I,True,False,False,C,207111,0.7248359493936689,high_confidence_automatic,95.0,last_exact+first_match+token_overlap+scope_same_race,0.0,2,MIT Election Data and Science Lab,Federal Election Commission
HOUSE_2020_NY_8_R_GARFIELD_H_WALLACE,2020,House,NY-8,NY,8,R,GARFIELD H WALLACE,GARFIELD H WALLACE,"WALLACE, GARFIELD H",H0NY08108,,C,False,True,False,N,39124,0.13692407300470716,high_confidence_automatic,100.0,last_exact+first_match+token_overlap+scope_same_race,,1,MIT Election Data and Science Lab,Federal Election Commission
HOUSE_2020_NY_9_D_YVETTE_D_CLARKE,2020,House,NY-9,NY,9,D,YVETTE D CLARKE,YVETTE D CLARKE,"CLARKE, YVETTE  D.",H4NY11138,C00415331,I,True,False,False,C,195758,0.6811058689268368,high_confidence_automatic,100.0,last_exact+first_match+token_overlap+scope_same_race,2.0,7,MIT Election Data and Science Lab,Federal Election Commission
HOUSE_2020_NY_9_R_CONSTANTINE_JEAN_PIERRE,2020,House,NY-9,NY,9,R,CONSTANTINE JEAN-PIERRE,CONSTANTINE JEAN-PIERRE,"JEAN-PIERRE, CONSTANTINE",H0NY09122,C00743005,C,False,True,False,N,40110,0.13955575967600517,high_confidence_automatic,100.0,last_exact+first_match+token_overlap+scope_same_race,,1,MIT Election Data and Science Lab,Federal Election Commission
HOUSE_2020_OH_1_D_KATE_SCHRODER,2020,House,OH-1,OH,1,D,KATE SCHRODER,KATE SCHRODER,"SCHRODER, KATE",H0OH01099,C00711630,C,False,True,False,C,172022,0.4464798785314767,high_confidence_automatic,100.0,last_exact+first_match+token_overlap+scope_same_race,2.0,5,MIT Election Data and Science Lab,Federal Election Commission
HOUSE_2020_OH_1_R_STEVE_CHABOT,2020,House,OH-1,OH,1,R,STEVE CHABOT,STEVE CHABOT,"CHABOT, STEVE",H8OH01043,C00301838,I,True,False,False,C,199560,0.5179542416652608,high_confidence_automatic,100.0,last_exact+first_match+token_overlap+scope_same_race,,1,MIT Election Data and Science Lab,Federal Election Commission
HOUSE_2020_OH_10_D_DESIREE_TIMS,2020,House,OH-10,OH,10,D,DESIREE TIMS,DESIREE TIMS,"TIMS, DESIREE",H0OH10116,C00713743,C,False,True,False,C,151976,0.41643193002838763,high_confidence_automatic,100.0,last_exact+first_match+token_overlap+scope_same_race,2.0,2,MIT Election Data and Science Lab,Federal Election Commission
HOUSE_2020_OH_10_R_MICHAEL_R_TURNER,2020,House,OH-10,OH,10,R,MICHAEL R TURNER,MICHAEL R TURNER,"TURNER, MICHAEL R",H2OH03067,C00373001,I,True,False,False,C,212972,0.5835680699716124,high_confidence_automatic,100.0,last_exact+first_match+token_overlap+scope_same_race,2.0,3,MIT Election Data and Science Lab,Federal Election Commission
HOUSE_2020_OH_11_D_MARCIA_L_FUDGE,2020,House,OH-11,OH,11,D,MARCIA L FUDGE,MARCIA L FUDGE,"FUDGE, MARCIA L.",H8OH11141,C00454694,I,True,False,False,C,242098,0.8005330317669739,high_confidence_automatic,100.0,last_exact+first_match+token_overlap+scope_same_race,0.0,3,MIT Election Data and Science Lab,Federal Election Commission
HOUSE_2020_OH_11_R_LAVERNE_GORE,2020,House,OH-11,OH,11,R,LAVERNE GORE,LAVERNE GORE,"GORE, LAVERNE",H0OH11098,C00724609,C,False,True,False,C,60323,0.19946696823302615,high_confidence_automatic,100.0,last_exact+first_match+token_overlap+scope_same_race,2.0,4,MIT Election Data and Science Lab,Federal Election Commission
HOUSE_2020_OH_12_D_ALAINA_SHEARER,2020,House,OH-12,OH,12,D,ALAINA SHEARER,ALAINA SHEARER,"SHEARER, ALAINA",H0OH12179,C00724047,C,False,True,False,C,182847,0.41777175601820543,high_confidence_automatic,100.0,last_exact+first_match+token_overlap+scope_same_race,2.0,3,MIT Election Data and Science Lab,Federal Election Commission
HOUSE_2020_OH_12_R_TROY_BALDERSON,2020,House,OH-12,OH,12,R,TROY BALDERSON,TROY BALDERSON,"BALDERSON, WILLIAM TROY",H8OH12180,C00662650,I,True,False,False,C,241790,0.5524456670748872,high_confidence_automatic,92.0,last_exact+alternate_given_name_match+token_overlap+scope_same_race,0.0,3,MIT Election Data and Science Lab,Federal Election Commission
HOUSE_2020_OH_13_D_TIM_RYAN,2020,House,OH-13,OH,13,D,TIM RYAN,TIM RYAN,"RYAN, TIMOTHY",H2OH17109,C00373464,I,True,False,False,C,173631,0.524880517289851,high_confidence_automatic,90.0,last_exact+first_match+scope_same_race,,1,MIT Election Data and Science Lab,Federal Election Commission
HOUSE_2020_OH_13_R_CHRISTINA_M_HAGAN,2020,House,OH-13,OH,13,R,CHRISTINA M HAGAN,CHRISTINA M HAGAN,"HAGAN, CHRISTINA",H8OH16108,C00638411,C,False,True,False,C,148648,0.449357770986182,high_confidence_automatic,95.0,last_exact+first_match+token_overlap+scope_same_race,2.0,8,MIT Election Data and Science Lab,Federal Election Commission
HOUSE_2020_OH_14_D_HILLARY_O_CONNOR_MUERI,2020,House,OH-14,OH,14,D,HILLARY O'CONNOR MUERI,HILLARY O'CONNOR MUERI,"MUERI, HILLARY O'CONNOR",H0OH14084,C00722637,C,False,True,False,C,158586,0.3990086803371493,high_confidence_automatic,100.0,last_exact+first_match+token_overlap+scope_same_race,,1,MIT Election Data and Science Lab,Federal Election Commission
HOUSE_2020_OH_14_R_DAVID_P_JOYCE,2020,House,OH-14,OH,14,R,DAVID P JOYCE,DAVID P JOYCE,"JOYCE, DAVID P",H2OH14064,C00527457,I,True,False,False,C,238864,0.6009913196628507,high_confidence_automatic,100.0,last_exact+first_match+token_overlap+scope_same_race,0.0,2,MIT Election Data and Science Lab,Federal Election Commission
HOUSE_2020_OH_15_D_JOEL_NEWBY,2020,House,OH-15,OH,15,D,JOEL NEWBY,JOEL NEWBY,"NEWBY, JOEL III",H0OH15149,C00725754,C,False,True,False,C,140183,0.3656683908900488,high_confidence_automatic,100.0,last_exact+first_match+token_overlap+scope_same_race,0.0,2,MIT Election Data and Science Lab,Federal Election Commission
HOUSE_2020_OH_15_R_STEVE_STIVERS,2020,House,OH-15,OH,15,R,STEVE STIVERS,STEVE STIVERS,"STIVERS, STEVE MR.",H8OH15076,C00441352,I,True,False,False,C,243103,0.6341359710560021,high_confidence_automatic,100.0,last_exact+first_match+token_overlap+scope_same_race,0.0,2,MIT Election Data and Science Lab,Federal Election Commission
HOUSE_2020_OH_16_D_AARON_PAUL_GODFREY,2020,House,OH-16,OH,16,D,AARON PAUL GODFREY,AARON PAUL GODFREY,"GODFREY, AARON PAUL",H8OH16090,C00639567,C,False,True,False,C,144071,0.3680858239270732,high_confidence_automatic,100.0,last_exact+first_match+token_overlap+scope_same_race,0.0,2,MIT Election Data and Science Lab,Federal Election Commission
HOUSE_2020_OH_16_R_ANTHONY_GONZALEZ,2020,House,OH-16,OH,16,R,ANTHONY GONZALEZ,ANTHONY GONZALEZ,"GONZALEZ, ANTHONY E",H8OH16124,C00654079,I,True,False,False,C,247335,0.6319141760729269,high_confidence_automatic,95.0,last_exact+first_match+token_overlap+scope_same_race,,1,MIT Election Data and Science Lab,Federal Election Commission
HOUSE_2020_OH_2_D_JAIME_M_CASTLE,2020,House,OH-2,OH,2,D,JAIME M CASTLE,JAIME M CASTLE,"CASTLE, JAIME",H0OH02139,C00728584,C,False,True,False,C,146781,0.38908357367037066,high_confidence_automatic,95.0,last_exact+first_match+token_overlap+scope_same_race,,1,MIT Election Data and Science Lab,Federal Election Commission
HOUSE_2020_OH_2_R_BRAD_R_WENSTRUP,2020,House,OH-2,OH,2,R,BRAD R WENSTRUP,BRAD R WENSTRUP,"WENSTRUP, BRAD DR.",H2OH02085,C00497818,I,True,False,False,C,230430,0.6108183476121809,high_confidence_automatic,95.0,last_exact+first_match+token_overlap+scope_same_race,0.0,2,MIT Election Data and Science Lab,Federal Election Commission
HOUSE_2020_OH_3_D_JOYCE_BEATTY,2020,House,OH-3,OH,3,D,JOYCE BEATTY,JOYCE BEATTY,"BEATTY, JOYCE",H2OH03125,C00507368,I,True,False,False,C,227420,0.7082705268272022,high_confidence_automatic,100.0,last_exact+first_match+token_overlap+scope_same_race,2.0,2,MIT Election Data and Science Lab,Federal Election Commission
HOUSE_2020_OH_3_R_MARK_F_RICHARDSON,2020,House,OH-3,OH,3,R,MARK F RICHARDSON,MARK F RICHARDSON,"RICHARDSON, MARK FRANCIS",H0OH03111,C00736462,C,False,True,False,N,93569,0.2914086928356982,high_confidence_automatic,92.5,last_exact+first_match+token_overlap+scope_same_race,0.0,3,MIT Election Data and Science Lab,Federal Election Commission
HOUSE_2020_OH_4_D_SHANNON_M_FRESHOUR,2020,House,OH-4,OH,4,D,SHANNON M FRESHOUR,SHANNON M FRESHOUR,"FRESHOUR, SHANNON",H0OH04093,,C,False,True,False,C,101897,0.29312249371450927,high_confidence_automatic,95.0,last_exact+first_match+token_overlap+scope_same_race,2.0,3,MIT Election Data and Science Lab,Federal Election Commission
HOUSE_2020_OH_4_R_JIM_JORDAN,2020,House,OH-4,OH,4,R,JIM JORDAN,JIM JORDAN,"JORDAN, JAMES D.",H6OH04082,C00416594,I,True,False,False,C,235875,0.6785309499289466,high_confidence_automatic,88.75,last_exact+first_match+scope_same_race,,1,MIT Election Data and Science Lab,Federal Election Commission
HOUSE_2020_OH_5_D_NICK_RUBANDO,2020,House,OH-5,OH,5,D,NICK RUBANDO,NICK RUBANDO,"RUBANDO, NICK",H0OH05074,C00707943,C,False,True,False,C,120962,0.32002137673586767,high_confidence_automatic,100.0,last_exact+first_match+token_overlap+scope_same_race,2.0,3,MIT Election Data and Science Lab,Federal Election Commission
HOUSE_2020_OH_5_R_ROBERT_E_LATTA,2020,House,OH-5,OH,5,R,ROBERT E LATTA,ROBERT E LATTA,"LATTA, ROBERT EDWARD",H8OH05036,C00438697,I,True,False,False,C,257019,0.6799786232641323,high_confidence_automatic,92.5,last_exact+first_match+token_overlap+scope_same_race,,1,MIT Election Data and Science Lab,Federal Election Commission
HOUSE_2020_OH_6_D_SHAWNA_ROBERTS,2020,House,OH-6,OH,6,D,SHAWNA ROBERTS,SHAWNA ROBERTS,"ROBERTS, SHAWNA",H8OH06133,C00670232,C,False,True,False,N,85661,0.2558641062633105,high_confidence_automatic,100.0,last_exact+first_match+token_overlap+scope_same_race,,1,MIT Election Data and Science Lab,Federal Election Commission
HOUSE_2020_OH_6_R_BILL_JOHNSON,2020,House,OH-6,OH,6,R,BILL JOHNSON,BILL JOHNSON,"JOHNSON, BILL",H0OH06189,C00476820,I,True,False,False,C,249130,0.7441358937366894,high_confidence_automatic,100.0,last_exact+first_match+token_overlap+scope_same_race,0.0,2,MIT Election Data and Science Lab,Federal Election Commission
HOUSE_2020_OH_7_D_QUENTIN_POTTER,2020,House,OH-7,OH,7,D,QUENTIN POTTER,QUENTIN POTTER,"POTTER, QUENTIN",H0OH07153,C00737288,C,False,True,False,C,102271,0.2917452339045326,high_confidence_automatic,100.0,last_exact+first_match+token_overlap+scope_same_race,,1,MIT Election Data and Science Lab,Federal Election Commission
HOUSE_2020_OH_7_R_BOB_GIBBS,2020,House,OH-7,OH,7,R,BOB GIBBS,BOB GIBBS,"GIBBS, ROBERT",H0OH18077,C00466516,I,True,False,False,C,236607,0.674961275028598,high_confidence_automatic,90.0,last_exact+first_match+scope_same_race,,1,MIT Election Data and Science Lab,Federal Election Commission
HOUSE_2020_OH_8_D_VANESSA_ENOCH,2020,House,OH-8,OH,8,D,VANESSA ENOCH,VANESSA ENOCH,"ENOCH, VANESSA L. DR.",H8OH08097,C00667279,C,False,True,False,C,110766,0.3101325187522574,high_confidence_automatic,95.0,last_exact+first_match+token_overlap+scope_same_race,0.0,2,MIT Election Data and Science Lab,Federal Election Commission
HOUSE_2020_OH_8_R_WARREN_DAVIDSON,2020,House,OH-8,OH,8,R,WARREN DAVIDSON,WARREN DAVIDSON,"DAVIDSON, WARREN",H6OH08315,C00600718,I,True,False,False,C,246277,0.689548293887562,high_confidence_automatic,100.0,last_exact+first_match+token_overlap+scope_same_race,0.0,2,MIT Election Data and Science Lab,Federal Election Commission
HOUSE_2020_OH_9_D_MARCY_KAPTUR,2020,House,OH-9,OH,9,D,MARCY KAPTUR,MARCY KAPTUR,"KAPTUR, MARCY HON.",H2OH09031,C00154625,I,True,False,False,C,190328,0.6307431268061189,high_confidence_automatic,100.0,last_exact+first_match+token_overlap+scope_same_race,0.0,2,MIT Election Data and Science Lab,Federal Election Commission
HOUSE_2020_OH_9_R_ROB_WEBER,2020,House,OH-9,OH,9,R,ROB WEBER,ROB WEBER,"WEBER, ROBERT MARION",H0OH09167,C00734327,C,False,True,False,C,111385,0.3691276279858957,high_confidence_automatic,88.75,last_exact+first_match+scope_same_race,0.0,5,MIT Election Data and Science Lab,Federal Election Commission
HOUSE_2020_OK_1_D_KOJO_ASAMOA_CAESAR,2020,House,OK-1,OK,1,D,KOJO ASAMOA-CAESAR,KOJO ASAMOA-CAESAR,"ASAMOA-CAESAR, KOJO",H0OK01147,C00724336,C,False,True,False,C,109641,0.32682705807655504,high_confidence_automatic,100.0,last_exact+first_match+token_overlap+scope_same_race,0.0,2,MIT Election Data and Science Lab,Federal Election Commission
HOUSE_2020_OK_1_R_KEVIN_HERN,2020,House,OK-1,OK,1,R,KEVIN HERN,KEVIN HERN,"HERN, KEVIN",H8OK01157,C00636092,I,True,False,False,C,213700,0.6370148239341106,high_confidence_automatic,100.0,last_exact+first_match+token_overlap+scope_same_race,,1,MIT Election Data and Science Lab,Federal Election Commission
HOUSE_2020_OK_2_D_DANYELL_LANIER,2020,House,OK-2,OK,2,D,DANYELL LANIER,DANYELL LANIER,"LANIER, DANYELL",H0OK02210,C00719831,C,False,True,False,C,63472,0.21998634443223686,high_confidence_automatic,100.0,last_exact+first_match+token_overlap+scope_same_race,,1,MIT Election Data and Science Lab,Federal Election Commission
HOUSE_2020_OK_2_R_MARKWAYNE_MULLIN,2020,House,OK-2,OK,2,R,MARKWAYNE MULLIN,MARKWAYNE MULLIN,"MULLIN, MARKWAYNE MR.",H2OK02083,C00498345,I,True,False,False,C,216511,0.7504011756265445,high_confidence_automatic,100.0,last_exact+first_match+token_overlap+scope_same_race,2.0,3,MIT Election Data and Science Lab,Federal Election Commission
HOUSE_2020_OK_3_D_ZOE_MIDYETT,2020,House,OK-3,OK,3,D,ZOE MIDYETT,ZOE MIDYETT,"MIDYETT, ZOE ANN MRS",H0OK03093,C00749770,C,False,True,False,N,66501,0.2150896894345652,high_confidence_automatic,95.0,last_exact+first_match+token_overlap+scope_same_race,,1,MIT Election Data and Science Lab,Federal Election Commission
HOUSE_2020_OK_3_R_FRANK_D_LUCAS,2020,House,OK-3,OK,3,R,FRANK D LUCAS,FRANK D LUCAS,"LUCAS, FRANK D.",H4OK06056,C00287912,I,True,False,False,C,242677,0.7849103105654348,high_confidence_automatic,100.0,last_exact+first_match+token_overlap+scope_same_race,0.0,2,MIT Election Data and Science Lab,Federal Election Commission
HOUSE_2020_OK_4_D_MARY_BRANNON,2020,House,OK-4,OK,4,D,MARY BRANNON,MARY BRANNON,"BRANNON, MARY",H8OK04094,C00678060,C,False,True,False,N,90459,0.2877579065905751,high_confidence_automatic,100.0,last_exact+first_match+token_overlap+scope_same_race,0.0,6,MIT Election Data and Science Lab,Federal Election Commission
HOUSE_2020_OK_4_R_TOM_COLE,2020,House,OK-4,OK,4,R,TOM COLE,TOM COLE,"COLE, TOM",H2OK04055,C00379735,I,True,False,False,C,213096,0.6778768156051381,high_confidence_automatic,100.0,last_exact+first_match+token_overlap+scope_same_race,2.0,4,MIT Election Data and Science Lab,Federal Election Commission
HOUSE_2020_OK_5_D_KENDRA_S_HORN,2020,House,OK-5,OK,5,D,KENDRA S HORN,KENDRA S HORN,"HORN, KENDRA",H8OK05109,C00648915,I,True,False,False,C,145658,0.47937626913368153,high_confidence_automatic,95.0,last_exact+first_match+token_overlap+scope_same_race,2.0,3,MIT Election Data and Science Lab,Federal Election Commission
HOUSE_2020_OK_5_R_STEPHANIE_BICE,2020,House,OK-5,OK,5,R,STEPHANIE BICE,STEPHANIE BICE,"BICE, STEPHANIE",H0OK05205,C00703843,C,False,True,False,C,158191,0.5206237308663184,high_confidence_automatic,100.0,last_exact+first_match+token_overlap+scope_same_race,2.0,12,MIT Election Data and Science Lab,Federal Election Commission
HOUSE_2020_OR_1_D_SUZANNE_BONAMICI,2020,House,OR-1,OR,1,D,SUZANNE BONAMICI,SUZANNE BONAMICI,"BONAMICI, SUZANNE",H2OR01133,C00500421,I,True,False,False,C,297071,0.6459483495289183,high_confidence_automatic,100.0,last_exact+first_match+token_overlap+scope_same_race,2.0,4,MIT Election Data and Science Lab,Federal Election Commission
HOUSE_2020_OR_1_R_CHRISTOPHER_C_CHRISTENSEN,2020,House,OR-1,OR,1,R,CHRISTOPHER C CHRISTENSEN,CHRISTOPHER C CHRISTENSEN,"CHRISTENSEN, CHRIS C MR.",H0OR01194,C00742031,C,False,True,False,N,161928,0.35209469905348784,high_confidence_automatic,92.5,last_exact+first_match+token_overlap+scope_same_race,0.0,3,MIT Election Data and Science Lab,Federal Election Commission
HOUSE_2020_OR_2_D_ALEX_SPENSER,2020,House,OR-2,OR,2,D,ALEX SPENSER,ALEX SPENSER,"SPENSER, ALEX",H0OR02267,C00732586,O,False,False,True,C,168881,0.36919286540323937,high_confidence_automatic,100.0,last_exact+first_match+token_overlap+scope_same_race,2.0,7,MIT Election Data and Science Lab,Federal Election Commission
HOUSE_2020_OR_2_R_CLIFF_BENTZ,2020,House,OR-2,OR,2,R,CLIFF BENTZ,CLIFF BENTZ,"BENTZ, CLIFF",H0OR02127,C00725465,O,False,False,True,C,273835,0.5986341169089243,high_confidence_automatic,100.0,last_exact+first_match+token_overlap+scope_same_race,2.0,13,MIT Election Data and Science Lab,Federal Election Commission
HOUSE_2020_OR_3_D_EARL_BLUMENAUER,2020,House,OR-3,OR,3,D,EARL BLUMENAUER,EARL BLUMENAUER,"BLUMENAUER, EARL",H6OR03064,C00307314,I,True,False,False,C,343574,0.7302223563567733,high_confidence_automatic,100.0,last_exact+first_match+token_overlap+scope_same_race,2.0,6,MIT Election Data and Science Lab,Federal Election Commission
HOUSE_2020_OR_3_R_JOANNA_HARBOUR,2020,House,OR-3,OR,3,R,JOANNA HARBOUR,JOANNA HARBOUR,"HARBOUR, JOANNA",H0OR03174,C00743203,C,False,True,False,C,110570,0.23500231665483542,high_confidence_automatic,100.0,last_exact+first_match+token_overlap+scope_same_race,2.0,3,MIT Election Data and Science Lab,Federal Election Commission
HOUSE_2020_OR_4_D_PETER_A_DEFAZIO,2020,House,OR-4,OR,4,D,PETER A DEFAZIO,PETER A DEFAZIO,"DEFAZIO, PETER A",H6OR04047,C00215905,I,True,False,False,C,240950,0.5151751638319025,high_confidence_automatic,100.0,last_exact+first_match+token_overlap+scope_same_race,2.0,3,MIT Election Data and Science Lab,Federal Election Commission
HOUSE_2020_OR_4_R_ALEK_SKARLATOS,2020,House,OR-4,OR,4,R,ALEK SKARLATOS,ALEK SKARLATOS,"SKARLATOS, ALEK",H0OR04107,C00715854,C,False,True,False,C,216081,0.4620027581488331,high_confidence_automatic,100.0,last_exact+first_match+token_overlap+scope_same_race,2.0,4,MIT Election Data and Science Lab,Federal Election Commission
HOUSE_2020_OR_5_D_KURT_SCHRADER,2020,House,OR-5,OR,5,D,KURT SCHRADER,KURT SCHRADER,"SCHRADER, KURT",H8OR05107,C00446906,I,True,False,False,C,234863,0.5188668407541435,high_confidence_automatic,100.0,last_exact+first_match+token_overlap+scope_same_race,2.0,3,MIT Election Data and Science Lab,Federal Election Commission
HOUSE_2020_OR_5_R_AMY_RYAN_COURSER,2020,House,OR-5,OR,5,R,AMY RYAN COURSER,AMY RYAN COURSER,"COURSER, AMY RYAN",H0OR05104,C00717587,C,False,True,False,C,204372,0.45150514971964845,high_confidence_automatic,100.0,last_exact+first_match+token_overlap+scope_same_race,2.0,5,MIT Election Data and Science Lab,Federal Election Commission
HOUSE_2020_PA_1_D_CHRISTINA_FINELLO,2020,House,PA-1,PA,1,D,CHRISTINA FINELLO,CHRISTINA FINELLO,"FINELLO, CHRISTINA",H0PA01325,C00713693,C,False,True,False,C,191875,0.43442183123942957,high_confidence_automatic,100.0,last_exact+first_match+token_overlap+scope_same_race,2.0,4,MIT Election Data and Science Lab,Federal Election Commission
HOUSE_2020_PA_1_R_BRIAN_K_FITZPATRICK,2020,House,PA-1,PA,1,R,BRIAN K FITZPATRICK,BRIAN K FITZPATRICK,"FITZPATRICK, BRIAN",H6PA08277,C00607416,I,True,False,False,C,249804,0.5655781687605704,high_confidence_automatic,95.0,last_exact+first_match+token_overlap+scope_same_race,2.0,3,MIT Election Data and Science Lab,Federal Election Commission
HOUSE_2020_PA_10_D_EUGENE_A_DEPASQUALE,2020,House,PA-10,PA,10,D,EUGENE A DEPASQUALE,EUGENE A DEPASQUALE,"DEPASQUALE, EUGENE",H0PA10110,C00710533,C,False,True,False,C,182938,0.46687627924069885,high_confidence_automatic,95.0,last_exact+first_match+token_overlap+scope_same_race,2.0,3,MIT Election Data and Science Lab,Federal Election Commission
HOUSE_2020_PA_10_R_SCOTT_G_PERRY,2020,House,PA-10,PA,10,R,SCOTT G PERRY,SCOTT G PERRY,"PERRY, SCOTT",H2PA04135,C00510164,I,True,False,False,C,208896,0.5331237207593011,high_confidence_automatic,95.0,last_exact+first_match+token_overlap+scope_same_race,2.0,2,MIT Election Data and Science Lab,Federal Election Commission
HOUSE_2020_PA_11_D_SARAH_E_HAMMOND,2020,House,PA-11,PA,11,D,SARAH E HAMMOND,SARAH E HAMMOND,"HAMMOND, SARAH",H0PA11183,C00721837,C,False,True,False,C,141325,0.3687636989875796,high_confidence_automatic,95.0,last_exact+first_match+token_overlap+scope_same_race,2.0,3,MIT Election Data and Science Lab,Federal Election Commission
HOUSE_2020_PA_11_R_LLOYD_K_SMUCKER,2020,House,PA-11,PA,11,R,LLOYD K SMUCKER,LLOYD K SMUCKER,"SMUCKER, LLOYD K.",H6PA16320,C00599464,I,True,False,False,C,241915,0.6312363010124205,high_confidence_automatic,100.0,last_exact+first_match+token_overlap+scope_same_race,,1,MIT Election Data and Science Lab,Federal Election Commission
HOUSE_2020_PA_12_D_LEE_GRIFFIN,2020,House,PA-12,PA,12,D,LEE GRIFFIN,LEE GRIFFIN,"GRIFFIN, LEE",H0PA12199,C00742270,C,False,True,False,C,99199,0.29156110206504937,high_confidence_automatic,100.0,last_exact+first_match+token_overlap+scope_same_race,,1,MIT Election Data and Science Lab,Federal Election Commission
HOUSE_2020_PA_12_R_FREDERICK_B_KELLER,2020,House,PA-12,PA,12,R,FREDERICK B KELLER,FREDERICK B KELLER,"KELLER, FRED",H0PA12181,C00697052,I,True,False,False,C,241035,0.7084388979349506,probable_automatic,70.75,last_exact+first_initial+scope_same_race,2.0,2,MIT Election Data and Science Lab,Federal Election Commission
HOUSE_2020_PA_13_D_RAYMOND_TODD_ROWLEY,2020,House,PA-13,PA,13,D,RAYMOND TODD ROWLEY,RAYMOND TODD ROWLEY,"ROWLEY, TODD",H0PA13114,C00723858,C,False,True,False,C,96612,0.265125507339442,high_confidence_automatic,92.0,last_exact+alternate_given_name_match+token_overlap+scope_same_race,,1,MIT Election Data and Science Lab,Federal Election Commission
HOUSE_2020_PA_13_R_JOHN_JOYCE,2020,House,PA-13,PA,13,R,JOHN JOYCE,JOHN JOYCE,"JOYCE, JOHN",H8PA13125,C00674259,I,True,False,False,C,267789,0.734874492660558,high_confidence_automatic,100.0,last_exact+first_match+token_overlap+scope_same_race,,1,MIT Election Data and Science Lab,Federal Election Commission
HOUSE_2020_PA_14_D_WILLIAM_A_MARX,2020,House,PA-14,PA,14,D,WILLIAM A MARX,WILLIAM A MARX,"MARX, WILLIAM A MR. III",H0PA14138,C00736504,C,False,True,False,C,131895,0.3530540736596687,high_confidence_automatic,100.0,last_exact+first_match+token_overlap+scope_same_race,0.0,2,MIT Election Data and Science Lab,Federal Election Commission
HOUSE_2020_PA_14_R_GUY_RESCHENTHALER,2020,House,PA-14,PA,14,R,GUY RESCHENTHALER,GUY RESCHENTHALER,"RESCHENTHALER, GUY MR.",H8PA18199,C00657833,I,True,False,False,C,241688,0.6469459263403313,high_confidence_automatic,100.0,last_exact+first_match+token_overlap+scope_same_race,,1,MIT Election Data and Science Lab,Federal Election Commission
HOUSE_2020_PA_15_D_ROBERT_M_WILLIAMS,2020,House,PA-15,PA,15,D,ROBERT M WILLIAMS,ROBERT M WILLIAMS,"WILLIAMS, ROBERT",H0PA15127,,C,False,True,False,N,92156,0.26541556504058017,high_confidence_automatic,95.0,last_exact+first_match+token_overlap+scope_same_race,,1,MIT Election Data and Science Lab,Federal Election Commission
HOUSE_2020_PA_15_R_GLENN_W_THOMPSON,2020,House,PA-15,PA,15,R,GLENN W THOMPSON JR,GLENN W THOMPSON JR,"THOMPSON, GLENN MR.",H8PA05071,C00444620,I,True,False,False,C,255058,0.7345844349594198,high_confidence_automatic,95.0,last_exact+first_match+token_overlap+scope_same_race,,1,MIT Election Data and Science Lab,Federal Election Commission
HOUSE_2020_PA_16_D_KRISTY_MARIE_GNIBUS,2020,House,PA-16,PA,16,D,KRISTY MARIE GNIBUS,KRISTY MARIE GNIBUS,"GNIBUS, KRISTY",H0PA16034,C00722314,C,False,True,False,C,143962,0.40661488490326225,high_confidence_automatic,95.0,last_exact+first_match+token_overlap+scope_same_race,2.0,5,MIT Election Data and Science Lab,Federal Election Commission
HOUSE_2020_PA_16_R_GEORGE_J_KELLY,2020,House,PA-16,PA,16,R,GEORGE J KELLY JR,GEORGE J KELLY JR,"KELLY, GEORGE J JR",H0PA03271,C00474189,I,True,False,False,C,210088,0.5933851150967377,high_confidence_automatic,100.0,last_exact+first_match+token_overlap+scope_same_race,,1,MIT Election Data and Science Lab,Federal Election Commission
HOUSE_2020_PA_17_D_CONOR_J_LAMB,2020,House,PA-17,PA,17,D,CONOR J LAMB,CONOR J LAMB,"LAMB, CONOR",H8PA18181,C00657411,I,True,False,False,C,222253,0.5114708298717946,high_confidence_automatic,95.0,last_exact+first_match+token_overlap+scope_same_race,0.0,2,MIT Election Data and Science Lab,Federal Election Commission
HOUSE_2020_PA_17_R_RICHARD_SEAN_PARNELL,2020,House,PA-17,PA,17,R,RICHARD SEAN PARNELL,RICHARD SEAN PARNELL,"PARNELL, RICHARD SEAN",H0PA17115,C00724914,C,False,True,False,C,212284,0.4885291701282054,high_confidence_automatic,100.0,last_exact+first_match+token_overlap+scope_same_race,2.0,4,MIT Election Data and Science Lab,Federal Election Commission
HOUSE_2020_PA_18_D_MICHAEL_F_DOYLE,2020,House,PA-18,PA,18,D,MICHAEL F DOYLE JR,MICHAEL F DOYLE JR,"DOYLE, MICHAEL",H4PA18131,C00290064,I,True,False,False,C,266084,0.6924816589329259,high_confidence_automatic,95.0,last_exact+first_match+token_overlap+scope_same_race,2.0,2,MIT Election Data and Science Lab,Federal Election Commission
HOUSE_2020_PA_18_R_LUKE_EDISON_NEGRON,2020,House,PA-18,PA,18,R,LUKE EDISON NEGRON,LUKE EDISON NEGRON,"NEGRON, LUKE",H0PA18113,C00735852,C,False,True,False,C,118163,0.30751834106707404,high_confidence_automatic,95.0,last_exact+first_match+token_overlap+scope_same_race,0.0,4,MIT Election Data and Science Lab,Federal Election Commission
HOUSE_2020_PA_2_D_BRENDAN_F_BOYLE,2020,House,PA-2,PA,2,D,BRENDAN F BOYLE,BRENDAN F BOYLE,"BOYLE, BRENDAN F",H4PA13199,C00543363,I,True,False,False,C,198140,0.7253571140934684,high_confidence_automatic,100.0,last_exact+first_match+token_overlap+scope_same_race,0.0,3,MIT Election Data and Science Lab,Federal Election Commission
HOUSE_2020_PA_2_R_DAVID_TORRES,2020,House,PA-2,PA,2,R,DAVID TORRES,DAVID TORRES,"TORRES, DAVID",H8PA02110,C00742015,C,False,True,False,N,75022,0.27464288590653163,high_confidence_automatic,100.0,last_exact+first_match+token_overlap+scope_same_race,,1,MIT Election Data and Science Lab,Federal Election Commission
HOUSE_2020_PA_3_D_DWIGHT_EVANS,2020,House,PA-3,PA,3,D,DWIGHT EVANS,DWIGHT EVANS,"EVANS, DWIGHT",H6PA02171,C00591065,I,True,False,False,C,341708,0.9103013221304335,high_confidence_automatic,100.0,last_exact+first_match+token_overlap+scope_same_race,0.0,3,MIT Election Data and Science Lab,Federal Election Commission
HOUSE_2020_PA_3_R_MICHAEL_HARVEY,2020,House,PA-3,PA,3,R,MICHAEL HARVEY,MICHAEL HARVEY,"HARVEY, MICHAEL",H0PA03347,,C,False,True,False,N,33671,0.08969867786956649,high_confidence_automatic,100.0,last_exact+first_match+token_overlap+scope_same_race,,1,MIT Election Data and Science Lab,Federal Election Commission
HOUSE_2020_PA_4_D_MADELEINE_DEAN_CUNNANE,2020,House,PA-4,PA,4,D,MADELEINE DEAN CUNNANE,MADELEINE DEAN CUNNANE,,,,,False,False,False,,264637,0.5952744605376515,unmatched,0.0,last_name_mismatch+scope_same_race,,1,MIT Election Data and Science Lab,Federal Election Commission
HOUSE_2020_PA_4_R_KATHY_BARNETTE,2020,House,PA-4,PA,4,R,KATHY BARNETTE,KATHY BARNETTE,"BARNETTE, KATHY",H0PA04279,C00734731,C,False,True,False,C,179926,0.4047255394623484,high_confidence_automatic,100.0,last_exact+first_match+token_overlap+scope_same_race,0.0,2,MIT Election Data and Science Lab,Federal Election Commission
HOUSE_2020_PA_5_D_MARY_GAY_SCANLON,2020,House,PA-5,PA,5,D,MARY GAY SCANLON,MARY GAY SCANLON,"SCANLON, MARY GAY",H8PA07200,C00669358,I,True,False,False,C,255743,0.646967454685741,high_confidence_automatic,100.0,last_exact+first_match+token_overlap+scope_same_race,2.0,2,MIT Election Data and Science Lab,Federal Election Commission
HOUSE_2020_PA_5_R_DASHA_PRUETT,2020,House,PA-5,PA,5,R,DASHA PRUETT,DASHA PRUETT,"PRUETT, DASHA",H0PA05094,C00732727,C,False,True,False,C,139552,0.353032545314259,high_confidence_automatic,100.0,last_exact+first_match+token_overlap+scope_same_race,2.0,3,MIT Election Data and Science Lab,Federal Election Commission
HOUSE_2020_PA_6_D_CHRISSY_J_HOULAHAN,2020,House,PA-6,PA,6,D,CHRISSY J HOULAHAN,CHRISSY J HOULAHAN,"HOULAHAN, CHRISSY",H8PA06087,C00637371,I,True,False,False,C,226440,0.5605422238505221,high_confidence_automatic,95.0,last_exact+first_match+token_overlap+scope_same_race,,1,MIT Election Data and Science Lab,Federal Election Commission
HOUSE_2020_PA_6_R_JOHN_WILLIAM_EMMONS,2020,House,PA-6,PA,6,R,JOHN WILLIAM EMMONS,JOHN WILLIAM EMMONS,"EMMONS, JOHN MR.",H0PA06167,C00713537,C,False,True,False,C,177526,0.43945777614947795,high_confidence_automatic,95.0,last_exact+first_match+token_overlap+scope_same_race,2.0,3,MIT Election Data and Science Lab,Federal Election Commission
HOUSE_2020_PA_7_D_SUSAN_ELLIS_WILD,2020,House,PA-7,PA,7,D,SUSAN ELLIS WILD,SUSAN ELLIS WILD,"WILD, SUSAN",H8PA15229,C00658567,I,True,False,False,C,195475,0.5186636666118307,high_confidence_automatic,95.0,last_exact+first_match+token_overlap+scope_same_race,,1,MIT Election Data and Science Lab,Federal Election Commission
HOUSE_2020_PA_7_R_LISA_SCHELLER,2020,House,PA-7,PA,7,R,LISA SCHELLER,LISA SCHELLER,"SCHELLER, LISA",H0PA07132,C00722892,C,False,True,False,N,181407,0.4813363333881692,high_confidence_automatic,100.0,last_exact+first_match+token_overlap+scope_same_race,2.0,3,MIT Election Data and Science Lab,Federal Election Commission
HOUSE_2020_PA_8_D_MATTHEW_ALTON_CARTWRIGHT,2020,House,PA-8,PA,8,D,MATTHEW ALTON CARTWRIGHT,MATTHEW ALTON CARTWRIGHT,"CARTWRIGHT, MATTHEW A.",H2PA17079,C00509968,I,True,False,False,C,178004,0.5177740868619233,high_confidence_automatic,92.5,last_exact+first_match+token_overlap+scope_same_race,,1,MIT Election Data and Science Lab,Federal Election Commission
HOUSE_2020_PA_8_R_JAMES_ROCCO_BOGNET,2020,House,PA-8,PA,8,R,JAMES ROCCO BOGNET,JAMES ROCCO BOGNET,"BOGNET, JIM",H0PA08221,C00735688,C,False,True,False,C,165783,0.4822259131380768,high_confidence_automatic,88.75,last_exact+first_match+scope_same_race,2.0,5,MIT Election Data and Science Lab,Federal Election Commission
HOUSE_2020_PA_9_D_GARY_STEVEN_WEGMAN,2020,House,PA-9,PA,9,D,GARY STEVEN WEGMAN,GARY STEVEN WEGMAN,"WEGMAN, GARY",H6PA16338,C00614784,C,False,True,False,C,118266,0.3366965216054479,high_confidence_automatic,95.0,last_exact+first_match+token_overlap+scope_same_race,2.0,2,MIT Election Data and Science Lab,Federal Election Commission
HOUSE_2020_PA_9_R_DANIEL_PHILIP_MEUSER,2020,House,PA-9,PA,9,R,DANIEL PHILIP MEUSER,DANIEL PHILIP MEUSER,"MEUSER, DANIEL",H8PA10147,C00654723,I,True,False,False,C,232988,0.6633034783945521,high_confidence_automatic,95.0,last_exact+first_match+token_overlap+scope_same_race,0.0,2,MIT Election Data and Science Lab,Federal Election Commission
HOUSE_2020_RI_1_D_DAVID_N_CICILLINE,2020,House,RI-1,RI,1,D,DAVID N CICILLINE,DAVID N CICILLINE,"CICILLINE, DAVID N",H0RI01073,C00476564,I,True,False,False,C,158550,0.7082551594746717,high_confidence_automatic,100.0,last_exact+first_match+token_overlap+scope_same_race,,1,MIT Election Data and Science Lab,Federal Election Commission
HOUSE_2020_RI_2_D_JAMES_R_LANGEVIN,2020,House,RI-2,RI,2,D,JAMES R LANGEVIN,JAMES R LANGEVIN,"LANGEVIN, JAMES R HONORABLE",H0RI02139,C00344697,I,True,False,False,C,154086,0.5824302513258013,high_confidence_automatic,96.25,last_exact+first_match+token_overlap+scope_same_race,2.0,2,MIT Election Data and Science Lab,Federal Election Commission
HOUSE_2020_RI_2_R_ROBERT_B_LANCIA,2020,House,RI-2,RI,2,R,ROBERT B LANCIA,ROBERT B LANCIA,"LANCIA, BOB",H0RI02287,C00738302,C,False,True,False,C,109894,0.4153887442025726,high_confidence_automatic,88.75,last_exact+first_match+scope_same_race,0.0,2,MIT Election Data and Science Lab,Federal Election Commission
HOUSE_2020_SC_1_D_JOE_CUNNINGHAM,2020,House,SC-1,SC,1,D,JOE CUNNINGHAM,JOE CUNNINGHAM,"CUNNINGHAM, JOE",H8SC01116,C00650507,I,True,False,False,C,210627,0.49314346855969526,high_confidence_automatic,100.0,last_exact+first_match+token_overlap+scope_same_race,0.0,2,MIT Election Data and Science Lab,Federal Election Commission
HOUSE_2020_SC_1_R_NANCY_MACE,2020,House,SC-1,SC,1,R,NANCY MACE,NANCY MACE,"MACE, NANCY",H0SC01394,C00710103,C,False,True,False,C,216042,0.5058216716497584,high_confidence_automatic,100.0,last_exact+first_match+token_overlap+scope_same_race,2.0,8,MIT Election Data and Science Lab,Federal Election Commission
HOUSE_2020_SC_2_D_ADAIR_FORD_BOROUGHS,2020,House,SC-2,SC,2,D,ADAIR FORD BOROUGHS,ADAIR FORD BOROUGHS,"BOROUGHS, ADAIR FORD",H0SC02061,C00701052,C,False,True,False,C,155118,0.4258967917301594,high_confidence_automatic,100.0,last_exact+first_match+token_overlap+scope_same_race,2.0,3,MIT Election Data and Science Lab,Federal Election Commission
HOUSE_2020_SC_2_R_JOE_WILSON,2020,House,SC-2,SC,2,R,JOE WILSON,JOE WILSON,"WILSON, JOE THE HON.",H2SC02059,C00368522,I,True,False,False,C,202715,0.5565805911343574,high_confidence_automatic,95.0,last_exact+first_match+token_overlap+scope_same_race,0.0,2,MIT Election Data and Science Lab,Federal Election Commission
HOUSE_2020_SC_3_D_HOSEA_CLEVELAND,2020,House,SC-3,SC,3,D,HOSEA CLEVELAND,HOSEA CLEVELAND,"CLEVELAND, HOSEA N",H4SC03111,C00616888,C,False,True,False,N,95712,0.28693743929200993,high_confidence_automatic,95.0,last_exact+first_match+token_overlap+scope_same_race,2.0,2,MIT Election Data and Science Lab,Federal Election Commission
HOUSE_2020_SC_3_R_JEFF_DUNCAN,2020,House,SC-3,SC,3,R,JEFF DUNCAN,JEFF DUNCAN,"DUNCAN, JEFFREY D MR.",H0SC03077,C00460550,I,True,False,False,C,237544,0.7121391996738257,high_confidence_automatic,88.75,last_exact+first_match+scope_same_race,,1,MIT Election Data and Science Lab,Federal Election Commission
HOUSE_2020_SC_4_D_KIM_NELSON,2020,House,SC-4,SC,4,D,KIM NELSON,KIM NELSON,"NELSON, KIMBERLY",H0SC04281,C00710665,C,False,True,False,C,133023,0.3689446678685342,probable_automatic,72.0,last_exact+first_initial+scope_same_race,,1,MIT Election Data and Science Lab,Federal Election Commission
HOUSE_2020_SC_4_R_WILLIAM_R_TIMMONS,2020,House,SC-4,SC,4,R,WILLIAM R TIMMONS IV,WILLIAM R TIMMONS IV,"TIMMONS, WILLIAM R IV",H8SC04250,C00668491,I,True,False,False,C,222126,0.6160754402995424,high_confidence_automatic,100.0,last_exact+first_match+token_overlap+scope_same_race,,1,MIT Election Data and Science Lab,Federal Election Commission
HOUSE_2020_SC_5_D_MOE_BROWN,2020,House,SC-5,SC,5,D,MOE BROWN,MOE BROWN,"BROWN, MAURICUS",H0SC05056,C00736694,C,False,True,False,C,145979,0.3985687684637605,probable_automatic,72.0,last_exact+first_initial+scope_same_race,2.0,4,MIT Election Data and Science Lab,Federal Election Commission
HOUSE_2020_SC_5_R_RALPH_NORMAN,2020,House,SC-5,SC,5,R,RALPH NORMAN,RALPH NORMAN,"NORMAN, RALPH W. JR.",H8SC05158,C00633610,I,True,False,False,C,220006,0.600685855326027,high_confidence_automatic,95.0,last_exact+first_match+token_overlap+scope_same_race,,1,MIT Election Data and Science Lab,Federal Election Commission
HOUSE_2020_SC_6_D_JAMES_E_CLYBURN,2020,House,SC-6,SC,6,D,JAMES E CLYBURN,JAMES E CLYBURN,"CLYBURN, JAMES E.",H2SC02042,C00255562,I,True,False,False,C,197477,0.6817709466154329,high_confidence_automatic,100.0,last_exact+first_match+token_overlap+scope_same_race,,1,MIT Election Data and Science Lab,Federal Election Commission
HOUSE_2020_SC_6_R_JOHN_MCCOLLUM,2020,House,SC-6,SC,6,R,JOHN MCCOLLUM,JOHN MCCOLLUM,"MCCOLLUM, JOHN",H0SC06237,C00745877,C,False,True,False,N,89258,0.3081549302095956,high_confidence_automatic,100.0,last_exact+first_match+token_overlap+scope_same_race,,1,MIT Election Data and Science Lab,Federal Election Commission
HOUSE_2020_SC_7_D_MELISSA_WARD_WATSON,2020,House,SC-7,SC,7,D,MELISSA WARD WATSON,MELISSA WARD WATSON,"WATSON, MELISSA WARD",H0SC07029,C00732883,C,False,True,False,C,138863,0.38139640913947337,high_confidence_automatic,100.0,last_exact+first_match+token_overlap+scope_same_race,2.0,3,MIT Election Data and Science Lab,Federal Election Commission
HOUSE_2020_SC_7_R_TOM_RICE,2020,House,SC-7,SC,7,R,TOM RICE,TOM RICE,"RICE, TOM",H2SC07066,C00506048,I,True,False,False,C,224993,0.6179581478256809,high_confidence_automatic,100.0,last_exact+first_match+token_overlap+scope_same_race,0.0,2,MIT Election Data and Science Lab,Federal Election Commission
HOUSE_2020_SD_AL_R_DUSTY_JOHNSON,2020,House,SD-AL,SD,AL,R,DUSTY JOHNSON,DUSTY JOHNSON,"JOHNSON, DUSTY",H8SD01055,C00628917,I,True,False,False,C,321984,0.8095501493467964,high_confidence_automatic,100.0,last_exact+first_match+token_overlap+scope_same_race,2.0,2,MIT Election Data and Science Lab,Federal Election Commission
HOUSE_2020_TN_1_D_BLAIR_WALSINGHAM,2020,House,TN-1,TN,1,D,BLAIR WALSINGHAM,BLAIR WALSINGHAM,"WALSINGHAM, BLAIR NICOLE",H0TN01092,C00739953,O,False,False,True,C,68617,0.2246621898154363,high_confidence_automatic,95.0,last_exact+first_match+token_overlap+scope_same_race,2.0,3,MIT Election Data and Science Lab,Federal Election Commission
HOUSE_2020_TN_1_R_DIANA_HARSHBARGER,2020,House,TN-1,TN,1,R,DIANA HARSHBARGER,DIANA HARSHBARGER,"HARSHBARGER, DIANA",H0TN01118,C00741090,O,False,False,True,C,228181,0.7470982866385308,high_confidence_automatic,100.0,last_exact+first_match+token_overlap+scope_same_race,2.0,18,MIT Election Data and Science Lab,Federal Election Commission
HOUSE_2020_TN_2_D_RENEE_HOYOS,2020,House,TN-2,TN,2,D,RENEE HOYOS,RENEE HOYOS,"HOYOS, RENEE",H8TN02176,C00706820,C,False,True,False,C,109684,0.3105462390677157,high_confidence_automatic,100.0,last_exact+first_match+token_overlap+scope_same_race,0.0,2,MIT Election Data and Science Lab,Federal Election Commission
HOUSE_2020_TN_2_R_TIM_BURCHETT,2020,House,TN-2,TN,2,R,TIM BURCHETT,TIM BURCHETT,"BURCHETT, TIM",H8TN02119,C00652149,I,True,False,False,C,238907,0.6764128800641002,high_confidence_automatic,100.0,last_exact+first_match+token_overlap+scope_same_race,,1,MIT Election Data and Science Lab,Federal Election Commission
HOUSE_2020_TN_3_D_MEG_GORMAN,2020,House,TN-3,TN,3,D,MEG GORMAN,MEG GORMAN,"GORMAN, MEG",H0TN03452,C00742395,C,False,True,False,C,97687,0.30498690286263774,high_confidence_automatic,100.0,last_exact+first_match+token_overlap+scope_same_race,,1,MIT Election Data and Science Lab,Federal Election Commission
HOUSE_2020_TN_3_R_CHARLES_J_CHUCK_FLEISCHMANN,2020,House,TN-3,TN,3,R,"CHARLES J \""CHUCK\"" FLEISCHMANN","CHARLES J \""CHUCK\"" FLEISCHMANN","FLEISCHMANN, CHARLES J",H0TN03254,C00461822,I,True,False,False,C,215571,0.6730305121152423,high_confidence_automatic,96.25,last_exact+first_match+token_overlap+scope_same_race,,1,MIT Election Data and Science Lab,Federal Election Commission
HOUSE_2020_TN_4_D_CHRISTOPHER_J_HALE,2020,House,TN-4,TN,4,D,CHRISTOPHER J HALE,CHRISTOPHER J HALE,"HALE, CHRISTOPHER JOLLY",H8TN04107,C00678045,C,False,True,False,C,111908,0.33334723422001133,high_confidence_automatic,92.5,last_exact+first_match+token_overlap+scope_same_race,0.0,3,MIT Election Data and Science Lab,Federal Election Commission
HOUSE_2020_TN_4_R_SCOTT_DESJARLAIS,2020,House,TN-4,TN,4,R,SCOTT DESJARLAIS,SCOTT DESJARLAIS,"DESJARLAIS, SCOTT HON.",H0TN04195,C00464073,I,True,False,False,C,223802,0.6666527657799887,high_confidence_automatic,100.0,last_exact+first_match+token_overlap+scope_same_race,2.0,3,MIT Election Data and Science Lab,Federal Election Commission
HOUSE_2020_TN_5_D_JIM_COOPER,2020,House,TN-5,TN,5,D,JIM COOPER,JIM COOPER,"COOPER, JAMES H.S.",H2TN05131,C00376665,I,True,False,False,C,252155,0.9999444816769706,high_confidence_automatic,88.0,last_exact+first_match+scope_same_race,2.0,6,MIT Election Data and Science Lab,Federal Election Commission
HOUSE_2020_TN_6_D_CHRISTOPHER_MARTIN_FINLEY,2020,House,TN-6,TN,6,D,CHRISTOPHER MARTIN FINLEY,CHRISTOPHER MARTIN FINLEY,"FINLEY, CHRISTOPHER MARTIN",H0TN06364,C00754176,C,False,True,False,N,83852,0.23986635314579294,review_required,100.0,last_exact+first_match+token_overlap+scope_same_race,100.0,3,MIT Election Data and Science Lab,Federal Election Commission
HOUSE_2020_TN_6_R_JOHN_W_ROSE,2020,House,TN-6,TN,6,R,JOHN W ROSE,JOHN W ROSE,"ROSE, JOHN W.",H8TN06094,C00652743,I,True,False,False,C,257572,0.7368083803900703,high_confidence_automatic,100.0,last_exact+first_match+token_overlap+scope_same_race,,1,MIT Election Data and Science Lab,Federal Election Commission
HOUSE_2020_TN_7_D_KIRAN_SREEPADA,2020,House,TN-7,TN,7,D,KIRAN SREEPADA,KIRAN SREEPADA,"SREEPADA, KIRAN",H0TN07255,C00721761,C,False,True,False,C,95839,0.2733298159054287,high_confidence_automatic,100.0,last_exact+first_match+token_overlap+scope_same_race,,1,MIT Election Data and Science Lab,Federal Election Commission
HOUSE_2020_TN_7_R_MARK_E_GREEN,2020,House,TN-7,TN,7,R,MARK E GREEN,MARK E GREEN,"GREEN, MARK DR.",H8TN07076,C00658385,I,True,False,False,C,245188,0.6992684700614599,high_confidence_automatic,95.0,last_exact+first_match+token_overlap+scope_same_race,,1,MIT Election Data and Science Lab,Federal Election Commission
HOUSE_2020_TN_8_D_ERIKA_STOTTS_PEARSON,2020,House,TN-8,TN,8,D,ERIKA STOTTS PEARSON,ERIKA STOTTS PEARSON,"STOTTS-PEARSON, ERIKA",H6TN08250,C00684977,C,False,True,False,C,97890,0.2949800062075678,high_confidence_automatic,100.0,last_exact+first_match+token_overlap+scope_same_race,0.0,4,MIT Election Data and Science Lab,Federal Election Commission
HOUSE_2020_TN_8_R_DAVID_KUSTOFF,2020,House,TN-8,TN,8,R,DAVID KUSTOFF,DAVID KUSTOFF,"KUSTOFF, DAVID",H2TN07103,C00614826,I,True,False,False,C,227216,0.6846887025279266,high_confidence_automatic,100.0,last_exact+first_match+token_overlap+scope_same_race,,1,MIT Election Data and Science Lab,Federal Election Commission
HOUSE_2020_TN_9_D_STEVE_COHEN,2020,House,TN-9,TN,9,D,STEVE COHEN,STEVE COHEN,"COHEN, STEPHEN IRA",H6TN09068,C00422980,I,True,False,False,C,187905,0.7736536561264822,high_confidence_automatic,88.75,last_exact+first_match+scope_same_race,2.0,3,MIT Election Data and Science Lab,Federal Election Commission
HOUSE_2020_TN_9_R_CHARLOTTE_BERGMANN,2020,House,TN-9,TN,9,R,CHARLOTTE BERGMANN,CHARLOTTE BERGMANN,,,,,False,False,False,,48818,0.2009963768115942,unmatched,0.0,no_candidate_pool,,0,MIT Election Data and Science Lab,Federal Election Commission
HOUSE_2020_TX_1_D_HANK_GILBERT,2020,House,TX-1,TX,1,D,HANK GILBERT,HANK GILBERT,"GILBERT, HANK",H0TX01108,C00718270,C,False,True,False,C,83016,0.27421368690171827,high_confidence_automatic,100.0,last_exact+first_match+token_overlap+scope_same_race,0.0,2,MIT Election Data and Science Lab,Federal Election Commission
HOUSE_2020_TX_1_R_LOUIE_GOHMERT,2020,House,TX-1,TX,1,R,LOUIE GOHMERT,LOUIE GOHMERT,"GOHMERT, LOUIS B. MR. JR.",H4TX04039,C00386532,I,True,False,False,C,219726,0.7257863130982817,probable_automatic,70.75,last_exact+first_initial+scope_same_race,0.0,2,MIT Election Data and Science Lab,Federal Election Commission
HOUSE_2020_TX_10_D_MIKE_SIEGEL,2020,House,TX-10,TX,10,D,MIKE SIEGEL,MIKE SIEGEL,"SIEGEL, MIKE",H0TX10208,,C,False,True,False,N,187686,0.4534639303783094,high_confidence_automatic,100.0,last_exact+first_match+token_overlap+scope_same_race,92.0,4,MIT Election Data and Science Lab,Federal Election Commission
HOUSE_2020_TX_10_R_MICHAEL_T_MCCAUL,2020,House,TX-10,TX,10,R,MICHAEL T MCCAUL,MICHAEL T MCCAUL,"MCCAUL, MICHAEL",H4TX10093,C00392688,I,True,False,False,C,217216,0.5248107003242376,high_confidence_automatic,95.0,last_exact+first_match+token_overlap+scope_same_race,,1,MIT Election Data and Science Lab,Federal Election Commission
HOUSE_2020_TX_11_D_JON_MARK_HOGG,2020,House,TX-11,TX,11,D,JON MARK HOGG,JON MARK HOGG,"HOGG, JON MARK MR.",H0TX11198,C00716415,O,False,False,True,C,53394,0.18299842685923645,high_confidence_automatic,100.0,last_exact+first_match+token_overlap+scope_same_race,,1,MIT Election Data and Science Lab,Federal Election Commission
HOUSE_2020_TX_11_R_AUGUST_PFLUGER,2020,House,TX-11,TX,11,R,AUGUST PFLUGER,AUGUST PFLUGER,"PFLUGER, AUGUST LEE II",H0TX11230,C00719294,O,False,False,True,C,232568,0.7970854054350471,high_confidence_automatic,95.0,last_exact+first_match+token_overlap+scope_same_race,2.0,14,MIT Election Data and Science Lab,Federal Election Commission
HOUSE_2020_TX_12_D_LISA_WELCH,2020,House,TX-12,TX,12,D,LISA WELCH,LISA WELCH,"WELCH, LISA RENEA DR.",H0TX12238,C00719310,C,False,True,False,C,121250,0.3303625678094714,high_confidence_automatic,95.0,last_exact+first_match+token_overlap+scope_same_race,0.0,3,MIT Election Data and Science Lab,Federal Election Commission
HOUSE_2020_TX_12_R_KAY_GRANGER,2020,House,TX-12,TX,12,R,KAY GRANGER,KAY GRANGER,"GRANGER, KAY",H6TX12060,C00310532,I,True,False,False,C,233853,0.6371651758346253,high_confidence_automatic,100.0,last_exact+first_match+token_overlap+scope_same_race,2.0,2,MIT Election Data and Science Lab,Federal Election Commission
HOUSE_2020_TX_13_D_GUS_TRUJILLO,2020,House,TX-13,TX,13,D,GUS TRUJILLO,GUS TRUJILLO,"TRUJILLO, GUS LUIS",H0TX13152,C00727990,O,False,False,True,C,50477,0.18455401670152244,high_confidence_automatic,95.0,last_exact+first_match+token_overlap+scope_same_race,2.0,3,MIT Election Data and Science Lab,Federal Election Commission
HOUSE_2020_TX_13_R_RONNY_JACKSON,2020,House,TX-13,TX,13,R,RONNY JACKSON,RONNY JACKSON,"JACKSON, RONNY LYNN",H0TX13228,C00730531,O,False,False,True,C,217124,0.79384880880998,high_confidence_automatic,95.0,last_exact+first_match+token_overlap+scope_same_race,2.0,15,MIT Election Data and Science Lab,Federal Election Commission
HOUSE_2020_TX_14_D_ADRIENNE_BELL,2020,House,TX-14,TX,14,D,ADRIENNE BELL,ADRIENNE BELL,"BELL, ADRIENNE",H8TX14120,C00639872,C,False,True,False,C,118574,0.3835918671044757,high_confidence_automatic,100.0,last_exact+first_match+token_overlap+scope_same_race,2.0,5,MIT Election Data and Science Lab,Federal Election Commission
HOUSE_2020_TX_14_R_RANDY_K_WEBER,2020,House,TX-14,TX,14,R,RANDY K WEBER SR,RANDY K WEBER SR,"WEBER, RANDY",H2TX14149,C00502229,I,True,False,False,C,190541,0.6164081328955243,high_confidence_automatic,95.0,last_exact+first_match+token_overlap+scope_same_race,2.0,2,MIT Election Data and Science Lab,Federal Election Commission
HOUSE_2020_TX_15_D_VICENTE_GONZALEZ,2020,House,TX-15,TX,15,D,VICENTE GONZALEZ,VICENTE GONZALEZ,"GONZALEZ, VICENTE",H6TX15162,C00592659,I,True,False,False,C,115605,0.5050083654774438,high_confidence_automatic,100.0,last_exact+first_match+token_overlap+scope_same_race,,1,MIT Election Data and Science Lab,Federal Election Commission
HOUSE_2020_TX_15_R_MONICA_DE_LA_CRUZ_HERNANDEZ,2020,House,TX-15,TX,15,R,MONICA DE LA CRUZ-HERNANDEZ,MONICA DE LA CRUZ-HERNANDEZ,"DE LA CRUZ HERNANDEZ, MONICA",H0TX15124,C00723072,C,False,True,False,C,109017,0.4762293757125945,high_confidence_automatic,100.0,last_exact+first_match+token_overlap+scope_same_race,2.0,4,MIT Election Data and Science Lab,Federal Election Commission
HOUSE_2020_TX_16_D_VERONICA_ESCOBAR,2020,House,TX-16,TX,16,D,VERONICA ESCOBAR,VERONICA ESCOBAR,"ESCOBAR, VERONICA",H8TX16109,C00653923,I,True,False,False,C,154108,0.6472026004350857,high_confidence_automatic,100.0,last_exact+first_match+token_overlap+scope_same_race,0.0,2,MIT Election Data and Science Lab,Federal Election Commission
HOUSE_2020_TX_16_R_IRENE_ARMENDARIZ_JACKSON,2020,House,TX-16,TX,16,R,IRENE ARMENDARIZ-JACKSON,IRENE ARMENDARIZ-JACKSON,"ARMENDARIZ-JACKSON, IRENE",H0TX16106,C00714378,C,False,True,False,C,84006,0.3527973995649143,high_confidence_automatic,100.0,last_exact+first_match+token_overlap+scope_same_race,2.0,6,MIT Election Data and Science Lab,Federal Election Commission
HOUSE_2020_TX_17_D_RICK_KENNEDY,2020,House,TX-17,TX,17,D,RICK KENNEDY,RICK KENNEDY,"KENNEDY, RICHARD",H8TX17149,C00654640,O,False,False,True,C,125565,0.4091757828156925,high_confidence_automatic,90.0,last_exact+first_match+scope_same_race,2.0,4,MIT Election Data and Science Lab,Federal Election Commission
HOUSE_2020_TX_17_R_PETE_SESSIONS,2020,House,TX-17,TX,17,R,PETE SESSIONS,PETE SESSIONS,"SESSIONS, PETE",H2TX03126,C00303305,O,False,False,True,C,171390,0.558504658278832,high_confidence_automatic,100.0,last_exact+first_match+token_overlap+scope_same_race,2.0,13,MIT Election Data and Science Lab,Federal Election Commission
HOUSE_2020_TX_18_D_SHEILA_JACKSON_LEE,2020,House,TX-18,TX,18,D,SHEILA JACKSON LEE,SHEILA JACKSON LEE,"LEE, SHEILA JACKSON",H4TX18054,C00287904,I,True,False,False,P,180952,0.7329107515340529,high_confidence_automatic,100.0,last_exact+first_match+token_overlap+scope_same_race,2.0,7,MIT Election Data and Science Lab,Federal Election Commission
HOUSE_2020_TX_18_R_WENDELL_CHAMPION,2020,House,TX-18,TX,18,R,WENDELL CHAMPION,WENDELL CHAMPION,"CHAMPION, WENDELL",H0TX18292,C00714618,C,False,True,False,C,58033,0.2350513376131554,high_confidence_automatic,100.0,last_exact+first_match+token_overlap+scope_same_race,2.0,7,MIT Election Data and Science Lab,Federal Election Commission
HOUSE_2020_TX_19_D_TOM_WATSON,2020,House,TX-19,TX,19,D,TOM WATSON,TOM WATSON,"WATSON, THOMAS W",H0TX19068,C00731463,C,False,True,False,C,60583,0.22857024282027677,high_confidence_automatic,88.75,last_exact+first_match+scope_same_race,0.0,2,MIT Election Data and Science Lab,Federal Election Commission
HOUSE_2020_TX_19_R_JODEY_C_ARRINGTON,2020,House,TX-19,TX,19,R,JODEY C ARRINGTON,JODEY C ARRINGTON,"ARRINGTON, JODEY COOK",H6TX19099,C00588657,I,True,False,False,C,198198,0.7477702488568281,high_confidence_automatic,92.5,last_exact+first_match+token_overlap+scope_same_race,0.0,3,MIT Election Data and Science Lab,Federal Election Commission
HOUSE_2020_TX_2_D_SIMA_LADJEVARDIAN,2020,House,TX-2,TX,2,D,SIMA LADJEVARDIAN,SIMA LADJEVARDIAN,"LADJEVARDIAN, SIMA JANDAGHI",H0TX02106,C00730408,C,False,True,False,C,148374,0.4279286814372156,high_confidence_automatic,95.0,last_exact+first_match+token_overlap+scope_same_race,2.0,3,MIT Election Data and Science Lab,Federal Election Commission
HOUSE_2020_TX_2_R_DAN_CRENSHAW,2020,House,TX-2,TX,2,R,DAN CRENSHAW,DAN CRENSHAW,"CRENSHAW, DANIEL",H8TX02166,C00660795,I,True,False,False,C,192828,0.5561394299821761,high_confidence_automatic,90.0,last_exact+first_match+scope_same_race,,1,MIT Election Data and Science Lab,Federal Election Commission
HOUSE_2020_TX_20_D_JOAQUIN_CASTRO,2020,House,TX-20,TX,20,D,JOAQUIN CASTRO,JOAQUIN CASTRO,"CASTRO, JOAQUIN",H2TX35011,C00497933,I,True,False,False,C,175078,0.6467053039453611,high_confidence_automatic,100.0,last_exact+first_match+token_overlap+scope_same_race,0.0,3,MIT Election Data and Science Lab,Federal Election Commission
HOUSE_2020_TX_20_R_MAURO_GARZA,2020,House,TX-20,TX,20,R,MAURO GARZA,MAURO GARZA,"GARZA, MAURO EVERETT MR.",H8TX21331,C00663435,C,False,True,False,C,89628,0.3310690262740883,high_confidence_automatic,95.0,last_exact+first_match+token_overlap+scope_same_race,2.0,7,MIT Election Data and Science Lab,Federal Election Commission
HOUSE_2020_TX_21_D_WENDY_R_DAVIS,2020,House,TX-21,TX,21,D,WENDY R DAVIS,WENDY R DAVIS,"DAVIS, WENDY",H0TX21148,C00713297,C,False,True,False,C,205780,0.45350964187327825,high_confidence_automatic,95.0,last_exact+first_match+token_overlap+scope_same_race,2.0,4,MIT Election Data and Science Lab,Federal Election Commission
HOUSE_2020_TX_21_R_CHIP_ROY,2020,House,TX-21,TX,21,R,CHIP ROY,CHIP ROY,"ROY, CHIP",H8TX21307,C00662767,I,True,False,False,C,235740,0.5195371900826447,high_confidence_automatic,100.0,last_exact+first_match+token_overlap+scope_same_race,,1,MIT Election Data and Science Lab,Federal Election Commission
HOUSE_2020_TX_22_D_SRI_PRESTON_KULKARNI,2020,House,TX-22,TX,22,D,SRI PRESTON KULKARNI,SRI PRESTON KULKARNI,"KULKARNI, SRI PRESTON",H8TX22313,C00662874,O,False,False,True,C,181998,0.4460210563463122,high_confidence_automatic,100.0,last_exact+first_match+token_overlap+scope_same_race,2.0,4,MIT Election Data and Science Lab,Federal Election Commission
HOUSE_2020_TX_22_R_TROY_NEHLS,2020,House,TX-22,TX,22,R,TROY NEHLS,TROY NEHLS,"NEHLS, TROY",H0TX22302,C00730150,O,False,False,True,C,210259,0.5152800650903815,high_confidence_automatic,100.0,last_exact+first_match+token_overlap+scope_same_race,2.0,21,MIT Election Data and Science Lab,Federal Election Commission
HOUSE_2020_TX_23_D_GINA_ORTIZ_JONES,2020,House,TX-23,TX,23,D,GINA ORTIZ JONES,GINA ORTIZ JONES,"JONES, GINA ORTIZ",H8TX23121,C00652297,O,False,False,True,C,137693,0.4660339744869812,high_confidence_automatic,100.0,last_exact+first_match+token_overlap+scope_same_race,2.0,7,MIT Election Data and Science Lab,Federal Election Commission
HOUSE_2020_TX_23_R_TONY_GONZALES,2020,House,TX-23,TX,23,R,TONY GONZALES,TONY GONZALES,"GONZALES, ERNEST ANTHONY TONY II",H0TX35015,C00706614,O,False,False,True,C,149395,0.5056404146796319,high_confidence_automatic,89.5,last_exact+alternate_given_name_match+token_overlap+scope_same_race,2.0,12,MIT Election Data and Science Lab,Federal Election Commission
HOUSE_2020_TX_24_D_CANDACE_VALENZUELA,2020,House,TX-24,TX,24,D,CANDACE VALENZUELA,CANDACE VALENZUELA,"VALENZUELA, CANDACE",H0TX24175,C00702225,O,False,False,True,C,163326,0.4747559015292671,high_confidence_automatic,100.0,last_exact+first_match+token_overlap+scope_same_race,2.0,8,MIT Election Data and Science Lab,Federal Election Commission
HOUSE_2020_TX_24_R_BETH_VAN_DUYNE,2020,House,TX-24,TX,24,R,BETH VAN DUYNE,BETH VAN DUYNE,"VAN DUYNE, ELIZABETH ANN",H0TX24209,C00714865,O,False,False,True,C,167910,0.48808066949401346,high_confidence_automatic,91.0,last_exact+first_match+scope_same_race,2.0,7,MIT Election Data and Science Lab,Federal Election Commission
HOUSE_2020_TX_25_D_JULIE_OLIVER,2020,House,TX-25,TX,25,D,JULIE OLIVER,JULIE OLIVER,"OLIVER, JULIE LYNN",H8TX25159,C00700716,C,False,True,False,C,165697,0.42106052251075543,high_confidence_automatic,95.0,last_exact+first_match+token_overlap+scope_same_race,2.0,2,MIT Election Data and Science Lab,Federal Election Commission
HOUSE_2020_TX_25_R_ROGER_WILLIAMS,2020,House,TX-25,TX,25,R,ROGER WILLIAMS,ROGER WILLIAMS,"WILLIAMS, ROGER",H2TX33040,C00498121,I,True,False,False,C,220088,0.5592760778912541,high_confidence_automatic,100.0,last_exact+first_match+token_overlap+scope_same_race,2.0,2,MIT Election Data and Science Lab,Federal Election Commission
HOUSE_2020_TX_26_D_CAROL_H_IANNUZZI,2020,House,TX-26,TX,26,D,CAROL H IANNUZZI,CAROL H IANNUZZI,"IANNUZZI, CAROL HIGBEE",H0TX26121,C00694307,C,False,True,False,C,161009,0.37252062052450746,high_confidence_automatic,92.5,last_exact+first_match+token_overlap+scope_same_race,2.0,4,MIT Election Data and Science Lab,Federal Election Commission
HOUSE_2020_TX_26_R_MICHAEL_C_BURGESS,2020,House,TX-26,TX,26,R,MICHAEL C BURGESS,MICHAEL C BURGESS,"BURGESS, MICHAEL C. DR.",H2TX26093,C00372532,I,True,False,False,C,261963,0.6060941892345245,high_confidence_automatic,100.0,last_exact+first_match+token_overlap+scope_same_race,2.0,5,MIT Election Data and Science Lab,Federal Election Commission
HOUSE_2020_TX_27_D_RICARDO_RICK_DE_LA_FUENTE,2020,House,TX-27,TX,27,D,"RICARDO \""RICK\"" DE LA FUENTE","RICARDO \""RICK\"" DE LA FUENTE","DE LA FUENTE, RICARDO",H0TX27087,C00730838,C,False,True,False,C,95466,0.34936853392277484,high_confidence_automatic,97.0,last_exact+first_match+token_overlap+scope_same_race,2.0,2,MIT Election Data and Science Lab,Federal Election Commission
HOUSE_2020_TX_27_R_MICHAEL_CLOUD,2020,House,TX-27,TX,27,R,MICHAEL CLOUD,MICHAEL CLOUD,"CLOUD, MICHAEL",H8TX27049,C00655332,I,True,False,False,C,172305,0.6305694722473312,high_confidence_automatic,100.0,last_exact+first_match+token_overlap+scope_same_race,0.0,2,MIT Election Data and Science Lab,Federal Election Commission
HOUSE_2020_TX_28_D_HENRY_CUELLAR,2020,House,TX-28,TX,28,D,HENRY CUELLAR,HENRY CUELLAR,"CUELLAR, HENRY",H2TX23082,C00371302,I,True,False,False,C,137494,0.5829870592425501,high_confidence_automatic,100.0,last_exact+first_match+token_overlap+scope_same_race,2.0,2,MIT Election Data and Science Lab,Federal Election Commission
HOUSE_2020_TX_28_R_SANDRA_WHITTEN,2020,House,TX-28,TX,28,R,SANDRA WHITTEN,SANDRA WHITTEN,"WHITTEN, SANDRA LINN MRS.",H0TX28069,C00700823,C,False,True,False,P,91925,0.38977035667644716,high_confidence_automatic,95.0,last_exact+first_match+token_overlap+scope_same_race,,1,MIT Election Data and Science Lab,Federal Election Commission
HOUSE_2020_TX_29_D_SYLVIA_R_GARCIA,2020,House,TX-29,TX,29,D,SYLVIA R GARCIA,SYLVIA R GARCIA,"GARCIA, SYLVIA R",H8TX29052,C00660555,I,True,False,False,C,111305,0.7113367801473737,high_confidence_automatic,100.0,last_exact+first_match+token_overlap+scope_same_race,,1,MIT Election Data and Science Lab,Federal Election Commission
HOUSE_2020_TX_29_R_JAIMY_Z_BLANCO,2020,House,TX-29,TX,29,R,JAIMY Z BLANCO,JAIMY Z BLANCO,"BLANCO, JAIMY Z",H8TX29136,,C,False,True,False,N,42840,0.2737852536859394,high_confidence_automatic,100.0,last_exact+first_match+token_overlap+scope_same_race,91.0,4,MIT Election Data and Science Lab,Federal Election Commission
HOUSE_2020_TX_3_D_LULU_SEIKALY,2020,House,TX-3,TX,3,D,LULU SEIKALY,LULU SEIKALY,"SEIKALY, HELANE LULU SAWSAN",H0TX03120,C00721670,C,False,True,False,C,179458,0.4287192032317943,high_confidence_automatic,89.5,last_exact+alternate_given_name_match+token_overlap+scope_same_race,2.0,5,MIT Election Data and Science Lab,Federal Election Commission
HOUSE_2020_TX_3_R_VAN_TAYLOR,2020,House,TX-3,TX,3,R,VAN TAYLOR,VAN TAYLOR,"TAYLOR, NICHOLAS V.",H8TX03123,C00653634,I,True,False,False,C,230512,0.5506855140220406,review_required,50.0,last_exact+first_mismatch+scope_same_race,0.0,2,MIT Election Data and Science Lab,Federal Election Commission
HOUSE_2020_TX_30_D_EDDIE_BERNICE_JOHNSON,2020,House,TX-30,TX,30,D,EDDIE BERNICE JOHNSON,EDDIE BERNICE JOHNSON,"JOHNSON, EDDIE BERNICE",H2TX00015,C00254573,I,True,False,False,C,204928,0.7748805130376913,high_confidence_automatic,100.0,last_exact+first_match+token_overlap+scope_same_race,2.0,5,MIT Election Data and Science Lab,Federal Election Commission
HOUSE_2020_TX_30_R_TRE_PENNIE,2020,House,TX-30,TX,30,R,TRE PENNIE,TRE PENNIE,"PENNIE, DEMETRICK TRE DR.",H0TX32053,C00707059,C,False,True,False,C,48685,0.18408932784802468,high_confidence_automatic,92.0,last_exact+alternate_given_name_match+token_overlap+scope_same_race,,1,MIT Election Data and Science Lab,Federal Election Commission
HOUSE_2020_TX_31_D_DONNA_IMAM,2020,House,TX-31,TX,31,D,DONNA IMAM,DONNA IMAM,"IMAM, DONNA",H0TX31097,C00710475,C,False,True,False,C,176293,0.44288380809783523,high_confidence_automatic,100.0,last_exact+first_match+token_overlap+scope_same_race,2.0,12,MIT Election Data and Science Lab,Federal Election Commission
HOUSE_2020_TX_31_R_JOHN_R_CARTER,2020,House,TX-31,TX,31,R,JOHN R CARTER,JOHN R CARTER,"CARTER, JOHN R. REP.",H2TX31044,C00371203,I,True,False,False,C,212695,0.5343330226575591,high_confidence_automatic,96.25,last_exact+first_match+token_overlap+scope_same_race,2.0,5,MIT Election Data and Science Lab,Federal Election Commission
HOUSE_2020_TX_32_D_COLIN_Z_ALLRED,2020,House,TX-32,TX,32,D,COLIN Z ALLRED,COLIN Z ALLRED,"ALLRED, COLIN",H8TX32098,C00637868,I,True,False,False,C,178542,0.5194901174615275,high_confidence_automatic,95.0,last_exact+first_match+token_overlap+scope_same_race,,1,MIT Election Data and Science Lab,Federal Election Commission
HOUSE_2020_TX_32_R_GENEVIEVE_COLLINS,2020,House,TX-32,TX,32,R,GENEVIEVE COLLINS,GENEVIEVE COLLINS,"COLLINS, GENEVIEVE D",H0TX32087,C00715235,C,False,True,False,C,157867,0.45933363787399584,high_confidence_automatic,95.0,last_exact+first_match+token_overlap+scope_same_race,2.0,7,MIT Election Data and Science Lab,Federal Election Commission
HOUSE_2020_TX_33_D_MARC_A_VEASEY,2020,House,TX-33,TX,33,D,MARC A VEASEY,MARC A VEASEY,"VEASEY, MARC ALLISON MR.",H2TX33073,C00506832,I,True,False,False,C,105317,0.6682296359275662,high_confidence_automatic,92.5,last_exact+first_match+token_overlap+scope_same_race,2.0,3,MIT Election Data and Science Lab,Federal Election Commission
HOUSE_2020_TX_33_R_FABIAN_CORDOVA_VASQUEZ,2020,House,TX-33,TX,33,R,FABIAN CORDOVA VASQUEZ,FABIAN CORDOVA VASQUEZ,"VASQUEZ, FABIAN",H0TX33010,C00700294,C,False,True,False,C,39638,0.2515005773891857,high_confidence_automatic,95.0,last_exact+first_match+token_overlap+scope_same_race,0.0,2,MIT Election Data and Science Lab,Federal Election Commission
HOUSE_2020_TX_34_D_FILEMON_VELA,2020,House,TX-34,TX,34,D,FILEMON VELA,FILEMON VELA,"VELA, FILEMON",H2TX27190,C00513531,I,True,False,False,C,111439,0.5543484208588896,high_confidence_automatic,100.0,last_exact+first_match+token_overlap+scope_same_race,0.0,3,MIT Election Data and Science Lab,Federal Election Commission
HOUSE_2020_TX_34_R_REY_GONZALEZ,2020,House,TX-34,TX,34,R,REY GONZALEZ,REY GONZALEZ,"GONZALEZ, REY DR.",H6TX34031,C00607333,C,False,True,False,C,84119,0.4184462783606182,high_confidence_automatic,100.0,last_exact+first_match+token_overlap+scope_same_race,0.0,2,MIT Election Data and Science Lab,Federal Election Commission
HOUSE_2020_TX_35_D_LLOYD_DOGGETT,2020,House,TX-35,TX,35,D,LLOYD DOGGETT,LLOYD DOGGETT,"DOGGETT, LLOYD",H4TX10028,C00286500,I,True,False,False,C,176373,0.6537248375630567,high_confidence_automatic,100.0,last_exact+first_match+token_overlap+scope_same_race,0.0,3,MIT Election Data and Science Lab,Federal Election Commission
HOUSE_2020_TX_35_R_JENNY_GARCIA_SHARON,2020,House,TX-35,TX,35,R,JENNY GARCIA SHARON,JENNY GARCIA SHARON,"SHARON, JENNIFER",H0TX35064,C00740068,C,False,True,False,C,80795,0.29946589472825863,high_confidence_automatic,88.75,last_exact+first_match+scope_same_race,2.0,2,MIT Election Data and Science Lab,Federal Election Commission
HOUSE_2020_TX_36_D_RASHAD_LEWIS,2020,House,TX-36,TX,36,D,RASHAD LEWIS,RASHAD LEWIS,"LEWIS, BRANDON RASHAD",H0TX36021,C00725358,C,False,True,False,C,73418,0.24266482454081817,high_confidence_automatic,92.0,last_exact+alternate_given_name_match+token_overlap+scope_same_race,,1,MIT Election Data and Science Lab,Federal Election Commission
HOUSE_2020_TX_36_R_BRIAN_BABIN,2020,House,TX-36,TX,36,R,BRIAN BABIN,BRIAN BABIN,"BABIN, BRIAN",H6TX02079,C00553859,I,True,False,False,C,222712,0.7361187774542306,high_confidence_automatic,100.0,last_exact+first_match+token_overlap+scope_same_race,2.0,2,MIT Election Data and Science Lab,Federal Election Commission
HOUSE_2020_TX_4_D_RUSSELL_FOSTER,2020,House,TX-4,TX,4,D,RUSSELL FOSTER,RUSSELL FOSTER,"FOSTER, RUSSELL",H0TX04151,C00722686,C,False,True,False,N,76326,0.225948259784549,high_confidence_automatic,100.0,last_exact+first_match+token_overlap+scope_same_race,,1,MIT Election Data and Science Lab,Federal Election Commission
HOUSE_2020_TX_4_R_PAT_FALLON,2020,House,TX-4,TX,4,R,PAT FALLON,PAT FALLON,"FALLON, PATRICK",H0TX04219,C00750307,C,False,True,False,C,253837,0.7514350079780227,high_confidence_automatic,90.0,last_exact+first_match+scope_same_race,2.0,10,MIT Election Data and Science Lab,Federal Election Commission
HOUSE_2020_TX_5_D_CAROLYN_SALTER,2020,House,TX-5,TX,5,D,CAROLYN SALTER,CAROLYN SALTER,"SALTER, CAROLYN",H0TX05109,C00734236,C,False,True,False,C,100743,0.35926651046848757,high_confidence_automatic,100.0,last_exact+first_match+token_overlap+scope_same_race,,1,MIT Election Data and Science Lab,Federal Election Commission
HOUSE_2020_TX_5_R_LANCE_GOODEN,2020,House,TX-5,TX,5,R,LANCE GOODEN,LANCE GOODEN,"GOODEN, LANCE",H8TX05144,C00662601,I,True,False,False,C,173836,0.619928462660433,high_confidence_automatic,100.0,last_exact+first_match+token_overlap+scope_same_race,2.0,2,MIT Election Data and Science Lab,Federal Election Commission
HOUSE_2020_TX_6_D_STEPHEN_DANIEL,2020,House,TX-6,TX,6,D,STEPHEN DANIEL,STEPHEN DANIEL,"DANIEL, STEPHEN",H0TX06099,C00711739,C,False,True,False,C,149530,0.439804465987435,high_confidence_automatic,100.0,last_exact+first_match+token_overlap+scope_same_race,0.0,2,MIT Election Data and Science Lab,Federal Election Commission
HOUSE_2020_TX_6_R_RON_WRIGHT,2020,House,TX-6,TX,6,R,RON WRIGHT,RON WRIGHT,"WRIGHT, RON",H8TX06233,C00662171,I,True,False,False,C,179507,0.5279741876279442,high_confidence_automatic,100.0,last_exact+first_match+token_overlap+scope_same_race,,1,MIT Election Data and Science Lab,Federal Election Commission
HOUSE_2020_TX_7_D_LIZZIE_FLETCHER,2020,House,TX-7,TX,7,D,LIZZIE FLETCHER,LIZZIE FLETCHER,"FLETCHER, ELIZABETH",H8TX07140,C00640045,I,True,False,False,C,159529,0.5078519697572622,review_required,50.0,last_exact+first_mismatch+scope_same_race,0.0,2,MIT Election Data and Science Lab,Federal Election Commission
HOUSE_2020_TX_7_R_WESLEY_HUNT,2020,House,TX-7,TX,7,R,WESLEY HUNT,WESLEY HUNT,"HUNT, WESLEY",H0TX07170,C00701003,C,False,True,False,C,149054,0.47450537206526067,high_confidence_automatic,100.0,last_exact+first_match+token_overlap+scope_same_race,2.0,8,MIT Election Data and Science Lab,Federal Election Commission
HOUSE_2020_TX_8_D_ELIZABETH_HERNANDEZ,2020,House,TX-8,TX,8,D,ELIZABETH HERNANDEZ,ELIZABETH HERNANDEZ,"HERNANDEZ, ELIZABETH",H0TX08129,C00731901,C,False,True,False,C,97409,0.2546833616143446,high_confidence_automatic,100.0,last_exact+first_match+token_overlap+scope_same_race,1.0,3,MIT Election Data and Science Lab,Federal Election Commission
HOUSE_2020_TX_8_R_KEVIN_BRADY,2020,House,TX-8,TX,8,R,KEVIN BRADY,KEVIN BRADY,"BRADY, KEVIN",H6TX08100,C00311043,I,True,False,False,C,277327,0.7250928828590926,high_confidence_automatic,100.0,last_exact+first_match+token_overlap+scope_same_race,2.0,3,MIT Election Data and Science Lab,Federal Election Commission
HOUSE_2020_TX_9_D_AL_GREEN,2020,House,TX-9,TX,9,D,AL GREEN,AL GREEN,"GREEN, ALEXANDER",H4TX09095,C00578567,I,True,False,False,C,172938,0.7548350770600636,probable_automatic,72.0,last_exact+first_initial+scope_same_race,2.0,2,MIT Election Data and Science Lab,Federal Election Commission
HOUSE_2020_TX_9_R_JOHNNY_TEAGUE,2020,House,TX-9,TX,9,R,JOHNNY TEAGUE,JOHNNY TEAGUE,"TEAGUE, JOHNNY MARK DR.",H0TX09176,C00706242,C,False,True,False,C,49575,0.21638361115112154,high_confidence_automatic,95.0,last_exact+first_match+token_overlap+scope_same_race,2.0,5,MIT Election Data and Science Lab,Federal Election Commission
HOUSE_2020_UT_1_D_DARREN_PARRY,2020,House,UT-1,UT,1,D,DARREN PARRY,DARREN PARRY,"PARRY, DARREN BRUCE MR.",H0UT01213,C00740456,O,False,False,True,C,104194,0.3043484610823395,high_confidence_automatic,95.0,last_exact+first_match+token_overlap+scope_same_race,2.0,3,MIT Election Data and Science Lab,Federal Election Commission
HOUSE_2020_UT_1_R_BLAKE_DAVID_MOORE,2020,House,UT-1,UT,1,R,BLAKE DAVID MOORE,BLAKE DAVID MOORE,"MOORE, BLAKE",H0UT01205,C00738872,O,False,False,True,C,237988,0.6951578935069563,high_confidence_automatic,95.0,last_exact+first_match+token_overlap+scope_same_race,2.0,13,MIT Election Data and Science Lab,Federal Election Commission
HOUSE_2020_UT_2_D_KAEL_WESTON,2020,House,UT-2,UT,2,D,KAEL WESTON,KAEL WESTON,"WESTON, JOHN KAEL MR",H0UT02302,C00730820,C,False,True,False,C,129762,0.3663275215682732,high_confidence_automatic,92.0,last_exact+alternate_given_name_match+token_overlap+scope_same_race,2.0,4,MIT Election Data and Science Lab,Federal Election Commission
HOUSE_2020_UT_2_R_CHRIS_STEWART,2020,House,UT-2,UT,2,R,CHRIS STEWART,CHRIS STEWART,"STEWART, CHRIS",H2UT02324,C00506931,I,True,False,False,C,208997,0.5900136636704458,high_confidence_automatic,100.0,last_exact+first_match+token_overlap+scope_same_race,2.0,4,MIT Election Data and Science Lab,Federal Election Commission
HOUSE_2020_UT_3_D_DEVIN_D_THORPE,2020,House,UT-3,UT,3,D,DEVIN D THORPE,DEVIN D THORPE,"THORPE, DEVIN D",H0UT03193,C00740464,C,False,True,False,C,96067,0.26765052503712455,high_confidence_automatic,100.0,last_exact+first_match+token_overlap+scope_same_race,0.0,3,MIT Election Data and Science Lab,Federal Election Commission
HOUSE_2020_UT_3_R_JOHN_R_CURTIS,2020,House,UT-3,UT,3,R,JOHN R CURTIS,JOHN R CURTIS,"CURTIS, JOHN",H8UT03238,C00647339,I,True,False,False,C,246674,0.6872539541466649,high_confidence_automatic,95.0,last_exact+first_match+token_overlap+scope_same_race,,1,MIT Election Data and Science Lab,Federal Election Commission
HOUSE_2020_UT_4_D_BEN_MCADAMS,2020,House,UT-4,UT,4,D,BEN MCADAMS,BEN MCADAMS,"MCADAMS, BEN",H8UT04053,C00658633,I,True,False,False,C,175923,0.4669736946885037,high_confidence_automatic,100.0,last_exact+first_match+token_overlap+scope_same_race,2.0,2,MIT Election Data and Science Lab,Federal Election Commission
HOUSE_2020_UT_4_R_BURGESS_OWENS,2020,House,UT-4,UT,4,R,BURGESS OWENS,BURGESS OWENS,"OWENS, BURGESS",H0UT04076,C00725853,C,False,True,False,C,179688,0.4769675895203461,high_confidence_automatic,100.0,last_exact+first_match+token_overlap+scope_same_race,2.0,7,MIT Election Data and Science Lab,Federal Election Commission
HOUSE_2020_VA_1_D_QASIM_RASHID,2020,House,VA-1,VA,1,D,QASIM RASHID,QASIM RASHID,"RASHID, QASIM",H0VA01235,C00734335,C,False,True,False,C,186923,0.4170731271949984,high_confidence_automatic,100.0,last_exact+first_match+token_overlap+scope_same_race,2.0,5,MIT Election Data and Science Lab,Federal Election Commission
HOUSE_2020_VA_1_R_ROBERT_J_WITTMAN,2020,House,VA-1,VA,1,R,ROBERT J WITTMAN,ROBERT J WITTMAN,"WITTMAN, ROBERT J MR.",H8VA01147,C00441014,I,True,False,False,C,260614,0.5814966374967089,high_confidence_automatic,100.0,last_exact+first_match+token_overlap+scope_same_race,,1,MIT Election Data and Science Lab,Federal Election Commission
HOUSE_2020_VA_10_D_JENNIFER_WEXTON,2020,House,VA-10,VA,10,D,JENNIFER WEXTON,JENNIFER WEXTON,"WEXTON, JENNIFER",H8VA10106,C00638023,I,True,False,False,C,268734,0.5651062147510441,high_confidence_automatic,100.0,last_exact+first_match+token_overlap+scope_same_race,,1,MIT Election Data and Science Lab,Federal Election Commission
HOUSE_2020_VA_10_R_ALISCIA_N_ANDREWS,2020,House,VA-10,VA,10,R,ALISCIA N ANDREWS,ALISCIA N ANDREWS,"ANDREWS, ALISCIA",H0VA10186,C00721142,C,False,True,False,C,206253,0.43371829433955916,high_confidence_automatic,95.0,last_exact+first_match+token_overlap+scope_same_race,2.0,5,MIT Election Data and Science Lab,Federal Election Commission
HOUSE_2020_VA_11_D_GERALD_E_CONNOLLY,2020,House,VA-11,VA,11,D,GERALD E CONNOLLY,GERALD E CONNOLLY,"CONNOLLY, GERALD EDWARD",H8VA11062,C00445452,I,True,False,False,C,280725,0.7138752062984277,high_confidence_automatic,92.5,last_exact+first_match+token_overlap+scope_same_race,2.0,2,MIT Election Data and Science Lab,Federal Election Commission
HOUSE_2020_VA_11_R_MANGA_A_ANANTATMULA,2020,House,VA-11,VA,11,R,MANGA A ANANTATMULA,MANGA A ANANTATMULA,"ANANTATMULA, MANGA MANGA",H0VA11127,C00740449,C,False,True,False,C,111380,0.2832359799715696,high_confidence_automatic,95.0,last_exact+first_match+token_overlap+scope_same_race,,1,MIT Election Data and Science Lab,Federal Election Commission
HOUSE_2020_VA_2_D_ELAINE_G_LURIA,2020,House,VA-2,VA,2,D,ELAINE G LURIA,ELAINE G LURIA,"LURIA, ELAINE",H8VA02111,C00664375,I,True,False,False,C,185733,0.5155283295908426,high_confidence_automatic,95.0,last_exact+first_match+token_overlap+scope_same_race,0.0,2,MIT Election Data and Science Lab,Federal Election Commission
HOUSE_2020_VA_2_R_SCOTT_W_TAYLOR,2020,House,VA-2,VA,2,R,SCOTT W TAYLOR,SCOTT W TAYLOR,"TAYLOR, SCOTT W. MR.",H0VA02118,C00733394,C,False,True,False,C,165031,0.4580669873458478,high_confidence_automatic,100.0,last_exact+first_match+token_overlap+scope_same_race,2.0,4,MIT Election Data and Science Lab,Federal Election Commission
HOUSE_2020_VA_3_D_ROBERT_C_BOBBY_SCOTT,2020,House,VA-3,VA,3,D,"ROBERT C \""BOBBY\"" SCOTT","ROBERT C \""BOBBY\"" SCOTT","SCOTT, ROBERT C",H6VA01117,C00256925,I,True,False,False,C,233326,0.6835168633792378,high_confidence_automatic,96.25,last_exact+first_match+token_overlap+scope_same_race,,1,MIT Election Data and Science Lab,Federal Election Commission
HOUSE_2020_VA_3_R_JOHN_W_COLLICK,2020,House,VA-3,VA,3,R,JOHN W COLLICK JR,JOHN W COLLICK JR,"COLLICK, JOHN WILLIAM MR. JR.",H0VA03124,C00703835,C,False,True,False,C,107299,0.314327061380767,high_confidence_automatic,92.5,last_exact+first_match+token_overlap+scope_same_race,2.0,4,MIT Election Data and Science Lab,Federal Election Commission
HOUSE_2020_VA_4_D_A_DONALD_MCEACHIN,2020,House,VA-4,VA,4,D,A DONALD MCEACHIN,A DONALD MCEACHIN,"MCEACHIN, ASTON DONALD",H6VA04061,C00610964,I,True,False,False,C,241142,0.6161877627157623,probable_automatic,74.5,last_exact+first_initial+token_overlap+scope_same_race,2.0,2,MIT Election Data and Science Lab,Federal Election Commission
HOUSE_2020_VA_4_R_LEON_BENJAMIN,2020,House,VA-4,VA,4,R,LEON BENJAMIN SR,LEON BENJAMIN SR,"BENJAMIN, LEON MR. SR.",H0VA04064,C00733485,C,False,True,False,C,149625,0.38233527961261804,high_confidence_automatic,100.0,last_exact+first_match+token_overlap+scope_same_race,0.0,2,MIT Election Data and Science Lab,Federal Election Commission
HOUSE_2020_VA_5_D_B_CAMERON_WEBB,2020,House,VA-5,VA,5,D,B CAMERON WEBB,B CAMERON WEBB,"WEBB, BRYANT CAMERON DR.",H0VA05145,C00714964,C,False,True,False,C,190315,0.47304737309136824,probable_automatic,74.5,last_exact+first_initial+token_overlap+scope_same_race,2.0,6,MIT Election Data and Science Lab,Federal Election Commission
HOUSE_2020_VA_5_R_ROBERT_G_BOB_GOOD,2020,House,VA-5,VA,5,R,"ROBERT G \""BOB\"" GOOD","ROBERT G \""BOB\"" GOOD","GOOD, ROBERT G.",H0VA05160,C00721308,C,False,True,False,C,210988,0.5244322263289893,high_confidence_automatic,96.25,last_exact+first_match+token_overlap+scope_same_race,2.0,2,MIT Election Data and Science Lab,Federal Election Commission
HOUSE_2020_VA_6_D_NICHOLAS_A_BETTS,2020,House,VA-6,VA,6,D,NICHOLAS A BETTS,NICHOLAS A BETTS,"BETTS, NICHOLAS",H0VA06044,C00746164,C,False,True,False,C,134729,0.35286645556856366,high_confidence_automatic,95.0,last_exact+first_match+token_overlap+scope_same_race,,1,MIT Election Data and Science Lab,Federal Election Commission
HOUSE_2020_VA_6_R_BEN_CLINE,2020,House,VA-6,VA,6,R,BEN CLINE,BEN CLINE,"CLINE, BENJAMIN LEE",H8VA06104,C00661561,I,True,False,False,C,246606,0.6458816226791649,high_confidence_automatic,88.75,last_exact+first_match+scope_same_race,,1,MIT Election Data and Science Lab,Federal Election Commission
HOUSE_2020_VA_7_D_ABIGAIL_DAVIS_SPANBERGER,2020,House,VA-7,VA,7,D,ABIGAIL DAVIS SPANBERGER,ABIGAIL DAVIS SPANBERGER,"SPANBERGER, ABIGAIL",H8VA07094,C00649913,I,True,False,False,C,230893,0.5081954223608363,high_confidence_automatic,95.0,last_exact+first_match+token_overlap+scope_same_race,,1,MIT Election Data and Science Lab,Federal Election Commission
HOUSE_2020_VA_7_R_NICK_J_FREITAS,2020,House,VA-7,VA,7,R,NICK J FREITAS,NICK J FREITAS,"FREITAS, NICK J",H0VA07158,C00729335,C,False,True,False,C,222623,0.48999315489095147,high_confidence_automatic,100.0,last_exact+first_match+token_overlap+scope_same_race,2.0,9,MIT Election Data and Science Lab,Federal Election Commission
HOUSE_2020_VA_8_D_DONALD_S_BEYER,2020,House,VA-8,VA,8,D,DONALD S BEYER JR,DONALD S BEYER JR,"BEYER, DONALD STERNOFF HONORABLE JR.",H4VA08224,C00555888,I,True,False,False,C,301454,0.7579077046851626,high_confidence_automatic,91.0,last_exact+first_match+scope_same_race,,1,MIT Election Data and Science Lab,Federal Election Commission
HOUSE_2020_VA_8_R_JEFF_A_JORDAN,2020,House,VA-8,VA,8,R,JEFF A JORDAN,JEFF A JORDAN,"JORDAN, JEFF",H0VA08198,C00738013,C,False,True,False,C,95365,0.2397641705112572,high_confidence_automatic,95.0,last_exact+first_match+token_overlap+scope_same_race,2.0,2,MIT Election Data and Science Lab,Federal Election Commission
HOUSE_2020_VA_9_R_H_MORGAN_GRIFFITH,2020,House,VA-9,VA,9,R,H MORGAN GRIFFITH,H MORGAN GRIFFITH,"GRIFFITH, H MORGAN",H0VA09055,C00477240,I,True,False,False,C,271851,0.9397699067320257,high_confidence_automatic,100.0,last_exact+first_match+token_overlap+scope_same_race,,1,MIT Election Data and Science Lab,Federal Election Commission
HOUSE_2020_VT_AL_D_PETER_WELCH,2020,House,VT-AL,VT,AL,D,PETER WELCH,PETER WELCH,"WELCH, PETER",H6VT00160,C00413179,I,True,False,False,C,238827,0.6437940738823834,high_confidence_automatic,100.0,last_exact+first_match+token_overlap+scope_same_race,0.0,3,MIT Election Data and Science Lab,Federal Election Commission
HOUSE_2020_VT_AL_R_MIRIAM_BERRY,2020,House,VT-AL,VT,AL,R,MIRIAM BERRY,MIRIAM BERRY,"BERRY, MIRIAM MRS.",H0VT00130,C00754945,C,False,True,False,N,95830,0.25832416812231784,high_confidence_automatic,100.0,last_exact+first_match+token_overlap+scope_same_race,2.0,3,MIT Election Data and Science Lab,Federal Election Commission
HOUSE_2020_WA_1_D_SUZAN_K_DELBENE,2020,House,WA-1,WA,1,D,SUZAN K DELBENE,SUZAN K DELBENE,"DELBENE, SUZAN K",H0WA08046,C00459099,I,True,False,False,C,249944,0.5855381833004577,high_confidence_automatic,100.0,last_exact+first_match+token_overlap+scope_same_race,,1,MIT Election Data and Science Lab,Federal Election Commission
HOUSE_2020_WA_1_R_JEFFREY_BEELER,2020,House,WA-1,WA,1,R,JEFFREY BEELER SR,JEFFREY BEELER SR,"BEELER, JEFFREY ALLEN SR.",H8WA01077,C00680264,C,False,True,False,C,176407,0.41326470850063957,high_confidence_automatic,95.0,last_exact+first_match+token_overlap+scope_same_race,2.0,3,MIT Election Data and Science Lab,Federal Election Commission
HOUSE_2020_WA_10_D_BETH_DOGLIO,2020,House,WA-10,WA,10,D,BETH DOGLIO,BETH DOGLIO,"DOGLIO, BETH",H0WA10075,C00735308,O,False,False,True,C,121040,0.35557435657903624,high_confidence_automatic,100.0,last_exact+first_match+token_overlap+scope_same_race,2.0,9,MIT Election Data and Science Lab,Federal Election Commission
HOUSE_2020_WA_10_D_MARILYN_STRICKLAND,2020,House,WA-10,WA,10,D,MARILYN STRICKLAND,MARILYN STRICKLAND,"STRICKLAND, MARILYN",H0WA10034,C00732826,O,False,False,True,C,167937,0.49334179379389964,high_confidence_automatic,100.0,last_exact+first_match+token_overlap+scope_same_race,2.0,9,MIT Election Data and Science Lab,Federal Election Commission
HOUSE_2020_WA_2_D_RICK_LARSEN,2020,House,WA-2,WA,2,D,RICK LARSEN,RICK LARSEN,"LARSEN, RICK",H0WA02080,C00345546,I,True,False,False,C,255252,0.630878056737799,high_confidence_automatic,100.0,last_exact+first_match+token_overlap+scope_same_race,2.0,2,MIT Election Data and Science Lab,Federal Election Commission
HOUSE_2020_WA_2_R_TIMOTHY_S_HAZELO,2020,House,WA-2,WA,2,R,TIMOTHY S HAZELO,TIMOTHY S HAZELO,"HAZELO, TIMOTHY SCOTT",H0WA02197,C00737387,C,False,True,False,C,148384,0.3667442745638881,high_confidence_automatic,92.5,last_exact+first_match+token_overlap+scope_same_race,0.0,7,MIT Election Data and Science Lab,Federal Election Commission
HOUSE_2020_WA_3_D_CAROLYN_LONG,2020,House,WA-3,WA,3,D,CAROLYN LONG,CAROLYN LONG,"LONG, CAROLYN N.",H8WA03198,C00660472,C,False,True,False,C,181347,0.43394519780906093,high_confidence_automatic,95.0,last_exact+first_match+token_overlap+scope_same_race,2.0,5,MIT Election Data and Science Lab,Federal Election Commission
HOUSE_2020_WA_3_R_JAIME_HERRERA_BEUTLER,2020,House,WA-3,WA,3,R,JAIME HERRERA BEUTLER,JAIME HERRERA BEUTLER,"HERRERA BEUTLER, JAIME",H0WA03187,C00472704,I,True,False,False,C,235579,0.5637169390983076,high_confidence_automatic,100.0,last_exact+first_match+token_overlap+scope_same_race,0.0,2,MIT Election Data and Science Lab,Federal Election Commission
HOUSE_2020_WA_4_D_DOUGLAS_E_MCKINLEY,2020,House,WA-4,WA,4,D,DOUGLAS E MCKINLEY,DOUGLAS E MCKINLEY,"MCKINLEY, DOUGLAS E. JR.",H6WA04141,C00743880,C,False,True,False,C,102667,0.33632310499470947,high_confidence_automatic,100.0,last_exact+first_match+token_overlap+scope_same_race,,1,MIT Election Data and Science Lab,Federal Election Commission
HOUSE_2020_WA_4_R_DAN_NEWHOUSE,2020,House,WA-4,WA,4,R,DAN NEWHOUSE,DAN NEWHOUSE,"NEWHOUSE, DAN",H4WA04104,C00559393,I,True,False,False,C,202108,0.6620782734887621,high_confidence_automatic,100.0,last_exact+first_match+token_overlap+scope_same_race,2.0,3,MIT Election Data and Science Lab,Federal Election Commission
HOUSE_2020_WA_5_D_DAVE_WILSON,2020,House,WA-5,WA,5,D,DAVE WILSON,DAVE WILSON,"WILSON, DAVE",H0WA05133,C00747063,C,False,True,False,C,155737,0.3851444257592245,high_confidence_automatic,100.0,last_exact+first_match+token_overlap+scope_same_race,2.0,2,MIT Election Data and Science Lab,Federal Election Commission
HOUSE_2020_WA_5_R_CATHY_MCMORRIS_RODGERS,2020,House,WA-5,WA,5,R,CATHY MCMORRIS RODGERS,CATHY MCMORRIS RODGERS,"MCMORRIS RODGERS, CATHY",H4WA05077,C00390476,I,True,False,False,C,247815,0.6128573548323276,high_confidence_automatic,100.0,last_exact+first_match+token_overlap+scope_same_race,2.0,3,MIT Election Data and Science Lab,Federal Election Commission
HOUSE_2020_WA_6_D_DEREK_KILMER,2020,House,WA-6,WA,6,D,DEREK KILMER,DEREK KILMER,"KILMER, DEREK",H2WA06129,C00514893,I,True,False,False,C,247429,0.5930477258782022,high_confidence_automatic,100.0,last_exact+first_match+token_overlap+scope_same_race,2.0,3,MIT Election Data and Science Lab,Federal Election Commission
HOUSE_2020_WA_6_R_ELIZABETH_KREISELMAIER,2020,House,WA-6,WA,6,R,ELIZABETH KREISELMAIER,ELIZABETH KREISELMAIER,"KREISELMAIER, ELIZABETH",H0WA06081,C00726513,C,False,True,False,C,168783,0.4045458467556374,high_confidence_automatic,100.0,last_exact+first_match+token_overlap+scope_same_race,0.0,4,MIT Election Data and Science Lab,Federal Election Commission
HOUSE_2020_WA_7_D_PRAMILA_JAYAPAL,2020,House,WA-7,WA,7,D,PRAMILA JAYAPAL,PRAMILA JAYAPAL,"JAYAPAL, PRAMILA",H6WA07458,C00605592,I,True,False,False,C,387109,0.8298832487962577,high_confidence_automatic,100.0,last_exact+first_match+token_overlap+scope_same_race,0.0,3,MIT Election Data and Science Lab,Federal Election Commission
HOUSE_2020_WA_7_R_CRAIG_KELLER,2020,House,WA-7,WA,7,R,CRAIG KELLER,CRAIG KELLER,"KELLER, CRAIG",H4WA07073,C00569707,C,False,True,False,N,78240,0.1677307047519412,high_confidence_automatic,100.0,last_exact+first_match+token_overlap+scope_same_race,0.0,3,MIT Election Data and Science Lab,Federal Election Commission
HOUSE_2020_WA_8_D_KIM_SCHRIER,2020,House,WA-8,WA,8,D,KIM SCHRIER,KIM SCHRIER,"SCHRIER, KIM DR.",H8WA08189,C00652628,I,True,False,False,C,213123,0.5171482509609038,high_confidence_automatic,100.0,last_exact+first_match+token_overlap+scope_same_race,0.0,3,MIT Election Data and Science Lab,Federal Election Commission
HOUSE_2020_WA_8_R_JESSE_JENSEN,2020,House,WA-8,WA,8,R,JESSE JENSEN,JESSE JENSEN,"JENSEN, JESSE",H0WA08103,C00720870,C,False,True,False,C,198423,0.4814783359863338,high_confidence_automatic,100.0,last_exact+first_match+token_overlap+scope_same_race,2.0,3,MIT Election Data and Science Lab,Federal Election Commission
HOUSE_2020_WA_9_D_ADAM_SMITH,2020,House,WA-9,WA,9,D,ADAM SMITH,ADAM SMITH,"SMITH, D. ADAM",H6WA09025,C00304709,I,True,False,False,C,258771,0.7413579716373012,high_confidence_automatic,92.0,last_exact+alternate_given_name_match+token_overlap+scope_same_race,,1,MIT Election Data and Science Lab,Federal Election Commission
HOUSE_2020_WA_9_R_DOUG_BASLER,2020,House,WA-9,WA,9,R,DOUG BASLER,DOUG BASLER,"BASLER, DOUGLAS MICHAEL",H4WA09061,C00566232,C,False,True,False,C,89697,0.2569746454662656,probable_automatic,70.75,last_exact+first_initial+scope_same_race,0.0,2,MIT Election Data and Science Lab,Federal Election Commission
HOUSE_2020_WI_1_D_ROGER_POLACK,2020,House,WI-1,WI,1,D,ROGER POLACK,ROGER POLACK,"POLACK, ROGER",H0WI01120,C00733600,C,False,True,False,C,163170,0.4061440583043355,high_confidence_automatic,100.0,last_exact+first_match+token_overlap+scope_same_race,2.0,3,MIT Election Data and Science Lab,Federal Election Commission
HOUSE_2020_WI_1_R_BRYAN_STEIL,2020,House,WI-1,WI,1,R,BRYAN STEIL,BRYAN STEIL,"STEIL, BRYAN GEORGE",H8WI01156,C00677286,I,True,False,False,C,238271,0.5930768579777674,high_confidence_automatic,95.0,last_exact+first_match+token_overlap+scope_same_race,,1,MIT Election Data and Science Lab,Federal Election Commission
HOUSE_2020_WI_2_D_MARK_POCAN,2020,House,WI-2,WI,2,D,MARK POCAN,MARK POCAN,"POCAN, MARK",H2WI02124,C00502179,I,True,False,False,C,318523,0.6966743583294146,high_confidence_automatic,100.0,last_exact+first_match+token_overlap+scope_same_race,,1,MIT Election Data and Science Lab,Federal Election Commission
HOUSE_2020_WI_2_R_PETER_THERON,2020,House,WI-2,WI,2,R,PETER THERON,PETER THERON,"THERON, DANIEL PETER",H8WI02121,C00450353,C,False,True,False,C,138306,0.3025032534639822,high_confidence_automatic,92.0,last_exact+alternate_given_name_match+token_overlap+scope_same_race,0.0,2,MIT Election Data and Science Lab,Federal Election Commission
HOUSE_2020_WI_3_D_RON_KIND,2020,House,WI-3,WI,3,D,RON KIND,RON KIND,"KIND, RONALD JAMES",H6WI03099,C00312017,I,True,False,False,C,199870,0.5129896462689095,high_confidence_automatic,88.75,last_exact+first_match+scope_same_race,2.0,4,MIT Election Data and Science Lab,Federal Election Commission
HOUSE_2020_WI_3_R_DERRICK_VAN_ORDEN,2020,House,WI-3,WI,3,R,DERRICK VAN ORDEN,DERRICK VAN ORDEN,"VAN ORDEN, DERRICK F. MR.",H0WI03175,C00742007,C,False,True,False,C,189524,0.4864354316279022,high_confidence_automatic,96.25,last_exact+first_match+token_overlap+scope_same_race,2.0,7,MIT Election Data and Science Lab,Federal Election Commission
HOUSE_2020_WI_4_D_GWEN_MOORE,2020,House,WI-4,WI,4,D,GWEN MOORE,GWEN MOORE,"MOORE, GWEN S",H4WI04183,C00397505,I,True,False,False,C,232668,0.7464556925475703,high_confidence_automatic,95.0,last_exact+first_match+token_overlap+scope_same_race,,1,MIT Election Data and Science Lab,Federal Election Commission
HOUSE_2020_WI_4_R_TIM_ROGERS,2020,House,WI-4,WI,4,R,TIM ROGERS,TIM ROGERS,"ROGERS, TIM",H8WI04069,C00759506,C,False,True,False,N,70769,0.22704421280923462,high_confidence_automatic,100.0,last_exact+first_match+token_overlap+scope_same_race,0.0,2,MIT Election Data and Science Lab,Federal Election Commission
HOUSE_2020_WI_5_D_TOM_PALZEWICZ,2020,House,WI-5,WI,5,D,TOM PALZEWICZ,TOM PALZEWICZ,"PALZEWICZ, TOM",H8WI05165,C00653733,O,False,False,True,C,175902,0.3983297063625597,high_confidence_automatic,100.0,last_exact+first_match+token_overlap+scope_same_race,,1,MIT Election Data and Science Lab,Federal Election Commission
HOUSE_2020_WI_5_R_SCOTT_FITZGERALD,2020,House,WI-5,WI,5,R,SCOTT FITZGERALD,SCOTT FITZGERALD,"FITZGERALD, SCOTT L",H0WI05113,C00720011,O,False,False,True,C,265434,0.6010747306945894,high_confidence_automatic,95.0,last_exact+first_match+token_overlap+scope_same_race,2.0,3,MIT Election Data and Science Lab,Federal Election Commission
HOUSE_2020_WI_6_D_JESSICA_J_KING,2020,House,WI-6,WI,6,D,JESSICA J KING,JESSICA J KING,"KING, JESSICA JEANE MS",H0WI06186,C00721274,C,False,True,False,C,164239,0.4072044687640238,high_confidence_automatic,92.5,last_exact+first_match+token_overlap+scope_same_race,2.0,4,MIT Election Data and Science Lab,Federal Election Commission
HOUSE_2020_WI_6_R_GLENN_GROTHMAN,2020,House,WI-6,WI,6,R,GLENN GROTHMAN,GLENN GROTHMAN,"GROTHMAN, GLENN S.",H4WI06048,C00561597,I,True,False,False,C,238874,0.5922500762397325,high_confidence_automatic,95.0,last_exact+first_match+token_overlap+scope_same_race,0.0,2,MIT Election Data and Science Lab,Federal Election Commission
HOUSE_2020_WI_7_D_TRICIA_ZUNKER,2020,House,WI-7,WI,7,D,TRICIA ZUNKER,TRICIA ZUNKER,"ZUNKER, TRICIA",H0WI07135,C00722876,C,False,True,False,C,162741,0.39214037353586806,high_confidence_automatic,100.0,last_exact+first_match+token_overlap+scope_same_race,0.0,2,MIT Election Data and Science Lab,Federal Election Commission
HOUSE_2020_WI_7_R_THOMAS_P_TIFFANY,2020,House,WI-7,WI,7,R,THOMAS P TIFFANY,THOMAS P TIFFANY,"TIFFANY, TOM",H0WI07101,C00718635,I,True,False,False,C,252048,0.6073343341196654,high_confidence_automatic,88.75,last_exact+first_match+scope_same_race,2.0,4,MIT Election Data and Science Lab,Federal Election Commission
HOUSE_2020_WI_8_D_AMANDA_STUCK,2020,House,WI-8,WI,8,D,AMANDA STUCK,AMANDA STUCK,"STUCK, AMANDA",H0WI08125,C00713545,C,False,True,False,C,149558,0.35793297880996944,high_confidence_automatic,100.0,last_exact+first_match+token_overlap+scope_same_race,,1,MIT Election Data and Science Lab,Federal Election Commission
HOUSE_2020_WI_8_R_MIKE_GALLAGHER,2020,House,WI-8,WI,8,R,MIKE GALLAGHER,MIKE GALLAGHER,"GALLAGHER, MICHAEL JOHN",H6WI08155,C00610212,I,True,False,False,C,268173,0.6418109410824291,high_confidence_automatic,88.75,last_exact+first_match+scope_same_race,,1,MIT Election Data and Science Lab,Federal Election Commission
HOUSE_2020_WV_1_D_NATALIE_CLINE,2020,House,WV-1,WV,1,D,NATALIE CLINE,NATALIE CLINE,"CLINE, NATALIE MS.",H0WV01114,C00706705,C,False,True,False,C,81177,0.31016379913114245,high_confidence_automatic,100.0,last_exact+first_match+token_overlap+scope_same_race,0.0,2,MIT Election Data and Science Lab,Federal Election Commission
HOUSE_2020_WV_1_R_DAVID_B_MCKINLEY,2020,House,WV-1,WV,1,R,DAVID B MCKINLEY,DAVID B MCKINLEY,"MCKINLEY, DAVID B. MR.",H0WV01072,C00473132,I,True,False,False,C,180488,0.6896145925272139,high_confidence_automatic,100.0,last_exact+first_match+token_overlap+scope_same_race,,1,MIT Election Data and Science Lab,Federal Election Commission
HOUSE_2020_WV_2_D_CATHY_KUNKEL,2020,House,WV-2,WV,2,D,CATHY KUNKEL,CATHY KUNKEL,"KUNKEL, CATHERINE",H0WV02179,C00713792,C,False,True,False,C,100799,0.3692352212869147,probable_automatic,72.0,last_exact+first_initial+scope_same_race,,1,MIT Election Data and Science Lab,Federal Election Commission
HOUSE_2020_WV_2_R_ALEXANDER_X_MOONEY,2020,House,WV-2,WV,2,R,ALEXANDER X MOONEY,ALEXANDER X MOONEY,"MOONEY, ALEXANDER XAVIER",H4WV02080,C00629949,I,True,False,False,C,172195,0.6307647787130852,high_confidence_automatic,92.5,last_exact+first_match+token_overlap+scope_same_race,2.0,2,MIT Election Data and Science Lab,Federal Election Commission
HOUSE_2020_WV_3_D_HILARY_TURNER,2020,House,WV-3,WV,3,D,HILARY TURNER,HILARY TURNER,"TURNER, HILARY",H0WV03151,C00718858,C,False,True,False,C,64927,0.28644096211198755,high_confidence_automatic,100.0,last_exact+first_match+token_overlap+scope_same_race,2.0,4,MIT Election Data and Science Lab,Federal Election Commission
HOUSE_2020_WV_3_R_CAROL_D_MILLER,2020,House,WV-3,WV,3,R,CAROL D MILLER,CAROL D MILLER,"MILLER, CAROL DEVINE",H8WV03097,C00653220,I,True,False,False,C,161585,0.7128708066423138,high_confidence_automatic,92.5,last_exact+first_match+token_overlap+scope_same_race,0.0,2,MIT Election Data and Science Lab,Federal Election Commission
HOUSE_2020_WY_AL_D_LYNNETTE_GREY_BULL,2020,House,WY-AL,WY,AL,D,LYNNETTE GREY BULL,LYNNETTE GREY BULL,"GREY BULL, LYNNETTE",H0WY01036,C00749598,C,False,True,False,C,66576,0.23904948959257172,high_confidence_automatic,100.0,last_exact+first_match+token_overlap+scope_same_race,2.0,3,MIT Election Data and Science Lab,Federal Election Commission
HOUSE_2020_WY_AL_R_LIZ_CHENEY,2020,House,WY-AL,WY,AL,R,LIZ CHENEY,LIZ CHENEY,"CHENEY, ELIZABETH MRS.",H6WY00159,C00607556,I,True,False,False,C,185732,0.6668940729543308,high_confidence_automatic,90.0,last_exact+first_match+scope_same_race,2.0,2,MIT Election Data and Science Lab,Federal Election Commission
