cycle,chamber,race_id,district_id,state,district,election_date,election_type,dem_candidate,gop_candidate,other_candidates,dem_vote_total,gop_vote_total,other_vote_total,total_vote,dem_vote_share,gop_vote_share,actual_dem_margin,actual_winner,has_dem_candidate,has_gop_candidate,major_party_contested,named_candidate_count,named_dem_count,named_gop_count,named_other_count,general_election_party_structure,uncontested,uncontested_dem,uncontested_gop,include_in_major_party_margin_scoring,special_handling_notes,source_name,source_url,retrieved_date
2014,House,AK-AL,AK-AL,AK,AL,2014-11-08,General,FORREST DUNBAR,DON YOUNG,JIM C MCDERMOTT,114602,142572,22567,279741,40.96718035611512,50.96571471468251,-9.998534358567388,R,True,True,True,3,1,1,1,D_vs_R,False,False,False,True,,"MIT Election Data and Science Lab, U.S. House 1976-2024",doi:10.7910/DVN/IG0UN2,2026-07-15
2014,House,AL-1,AL-1,AL,1,2014-11-08,General,BURTON R LEFLORE,BRADLEY BYRNE,,48278,103758,198,152234,31.713020744380362,68.15691632618206,-36.4438955818017,R,True,True,True,2,1,1,0,D_vs_R,False,False,False,True,,"MIT Election Data and Science Lab, U.S. House 1976-2024",doi:10.7910/DVN/IG0UN2,2026-07-15
2014,House,AL-2,AL-2,AL,2,2014-11-08,General,ERICK WRIGHT,MARTHA ROBY,,54692,113103,157,167952,32.56406592359722,67.34245498713918,-34.778389063541965,R,True,True,True,2,1,1,0,D_vs_R,False,False,False,True,,"MIT Election Data and Science Lab, U.S. House 1976-2024",doi:10.7910/DVN/IG0UN2,2026-07-15
2014,House,AL-3,AL-3,AL,3,2014-11-08,General,JESSE T SMITH,MIKE ROGERS,,52816,103558,246,156620,33.72238539139318,66.12054654577959,-32.398161154386415,R,True,True,True,2,1,1,0,D_vs_R,False,False,False,True,,"MIT Election Data and Science Lab, U.S. House 1976-2024",doi:10.7910/DVN/IG0UN2,2026-07-15
2014,House,AL-4,AL-4,AL,4,2014-11-08,General,,ROBERT B ADERHOLT,,0,132831,1921,134752,0.0,98.57441819045357,-98.57441819045357,R,False,True,False,1,0,1,0,R_unopposed,True,False,True,False,Nonstandard general-election party structure: R_unopposed,"MIT Election Data and Science Lab, U.S. House 1976-2024",doi:10.7910/DVN/IG0UN2,2026-07-15
2014,House,AL-5,AL-5,AL,5,2014-11-08,General,,MO BROOKS,MARK BRAY,0,115338,39636,154974,0.0,74.42409694529405,-74.42409694529405,R,False,True,False,2,0,1,1,R_vs_Other,False,False,False,False,Nonstandard general-election party structure: R_vs_Other,"MIT Election Data and Science Lab, U.S. House 1976-2024",doi:10.7910/DVN/IG0UN2,2026-07-15
2014,House,AL-6,AL-6,AL,6,2014-11-08,General,MARK LESTER,GARY PALMER,,42291,135945,213,178449,23.699208177126238,76.18142998840004,-52.48222181127381,R,True,True,True,2,1,1,0,D_vs_R,False,False,False,True,,"MIT Election Data and Science Lab, U.S. House 1976-2024",doi:10.7910/DVN/IG0UN2,2026-07-15
2014,House,AL-7,AL-7,AL,7,2014-11-08,General,TERRI A SEWELL,,,133687,0,2212,135899,98.37232062046078,0.0,98.37232062046078,D,True,False,False,1,1,0,0,D_unopposed,True,True,False,False,Nonstandard general-election party structure: D_unopposed,"MIT Election Data and Science Lab, U.S. House 1976-2024",doi:10.7910/DVN/IG0UN2,2026-07-15
2014,House,AR-1,AR-1,AR,1,2014-11-08,General,JACKIE MCPHERSON,"ERIC A \""RICK\"" CRAWFORD",BRIAN SCOTT WILLHITE,63555,124139,8562,196256,32.383723300179355,63.2536075330181,-30.869884232838743,R,True,True,True,3,1,1,1,D_vs_R,False,False,False,True,,"MIT Election Data and Science Lab, U.S. House 1976-2024",doi:10.7910/DVN/IG0UN2,2026-07-15
2014,House,AR-2,AR-2,AR,2,2014-11-08,General,PATRICK HENRY HAYS,FRENCH HILL,DEBBIE STANDIFORD,103477,123073,10780,237330,43.6004719167404,51.857329456874396,-8.256857540133991,R,True,True,True,3,1,1,1,D_vs_R,False,False,False,True,,"MIT Election Data and Science Lab, U.S. House 1976-2024",doi:10.7910/DVN/IG0UN2,2026-07-15
2014,House,AR-3,AR-3,AR,3,2014-11-08,General,,STEVE WOMACK,GRANT BRAND,0,151630,39305,190935,0.0,79.41446041846702,-79.41446041846702,R,False,True,False,2,0,1,1,R_vs_Other,False,False,False,False,Nonstandard general-election party structure: R_vs_Other,"MIT Election Data and Science Lab, U.S. House 1976-2024",doi:10.7910/DVN/IG0UN2,2026-07-15
2014,House,AR-4,AR-4,AR,4,2014-11-08,General,JAMES LEE WITT,BRUCE WESTERMAN,KEN HAMILTON,87742,110789,7600,206131,42.56613512766154,53.74688911420407,-11.180753986542538,R,True,True,True,3,1,1,1,D_vs_R,False,False,False,True,,"MIT Election Data and Science Lab, U.S. House 1976-2024",doi:10.7910/DVN/IG0UN2,2026-07-15
2014,House,AZ-1,AZ-1,AZ,1,2014-11-08,General,ANN KIRKPATRICK,ANDY TOBIN,,97391,87723,0,185114,52.61136380824789,47.38863619175211,5.2227276164957805,D,True,True,True,2,1,1,0,D_vs_R,False,False,False,True,,"MIT Election Data and Science Lab, U.S. House 1976-2024",doi:10.7910/DVN/IG0UN2,2026-07-15
2014,House,AZ-2,AZ-2,AZ,2,2014-11-08,General,RON BARBER,MARTHA MCSALLY,,109543,109704,104,219351,49.93959453113959,50.012992874434126,-0.07339834329453707,R,True,True,True,2,1,1,0,D_vs_R,False,False,False,True,,"MIT Election Data and Science Lab, U.S. House 1976-2024",doi:10.7910/DVN/IG0UN2,2026-07-15
2014,House,AZ-3,AZ-3,AZ,3,2014-11-08,General,RAUL M GRIJALVA,GABBY SAUCEDO,,58192,46185,51,104428,55.724518328417666,44.22664419504348,11.497874133374191,D,True,True,True,2,1,1,0,D_vs_R,False,False,False,True,,"MIT Election Data and Science Lab, U.S. House 1976-2024",doi:10.7910/DVN/IG0UN2,2026-07-15
2014,House,AZ-4,AZ-4,AZ,4,2014-11-08,General,MIKE WEISSER,PAUL A GOSAR,CHRIS RIKE,45179,122560,7440,175179,25.790191746727633,69.9627238424697,-44.17253209574207,R,True,True,True,3,1,1,1,D_vs_R,False,False,False,True,,"MIT Election Data and Science Lab, U.S. House 1976-2024",doi:10.7910/DVN/IG0UN2,2026-07-15
2014,House,AZ-5,AZ-5,AZ,5,2014-11-08,General,JAMES WOODS,MATT SALMON,,54596,124867,0,179463,30.421869689016678,69.57813031098333,-39.156260621966645,R,True,True,True,2,1,1,0,D_vs_R,False,False,False,True,,"MIT Election Data and Science Lab, U.S. House 1976-2024",doi:10.7910/DVN/IG0UN2,2026-07-15
2014,House,AZ-6,AZ-6,AZ,6,2014-11-08,General,W JOHN WILLIAMSON,DAVID SCHWEIKERT,,70198,129578,0,199776,35.13835495755246,64.86164504244753,-29.723290084895083,R,True,True,True,2,1,1,0,D_vs_R,False,False,False,True,,"MIT Election Data and Science Lab, U.S. House 1976-2024",doi:10.7910/DVN/IG0UN2,2026-07-15
2014,House,AZ-7,AZ-7,AZ,7,2014-11-08,General,RUBEN GALLEGO,,JOE COBB | JOSE PENALOSA | REBECCA DEWITT,54235,0,18219,72454,74.85439037182212,0.0,74.85439037182212,D,True,False,False,4,1,0,3,D_vs_Other,False,False,False,False,Nonstandard general-election party structure: D_vs_Other,"MIT Election Data and Science Lab, U.S. House 1976-2024",doi:10.7910/DVN/IG0UN2,2026-07-15
2014,House,AZ-8,AZ-8,AZ,8,2014-11-08,General,,TRENT FRANKS,STEPHEN DOLGOS,0,128710,41066,169776,0.0,75.81165771369334,-75.81165771369334,R,False,True,False,2,0,1,1,R_vs_Other,False,False,False,False,Nonstandard general-election party structure: R_vs_Other,"MIT Election Data and Science Lab, U.S. House 1976-2024",doi:10.7910/DVN/IG0UN2,2026-07-15
2014,House,AZ-9,AZ-9,AZ,9,2014-11-08,General,KYRSTEN SINEMA,WENDY ROGERS,POWELL GAMMILL,88609,67841,5612,162062,54.67598820204613,41.861139563870616,12.814848638175514,D,True,True,True,3,1,1,1,D_vs_R,False,False,False,True,,"MIT Election Data and Science Lab, U.S. House 1976-2024",doi:10.7910/DVN/IG0UN2,2026-07-15
2014,House,CA-1,CA-1,CA,1,2014-11-08,General,HEIDI HALL,DOUG LAMALFA,,84320,132052,0,216372,38.96992217107574,61.03007782892426,-22.06015565784852,R,True,True,True,2,1,1,0,D_vs_R,False,False,False,True,,"MIT Election Data and Science Lab, U.S. House 1976-2024",doi:10.7910/DVN/IG0UN2,2026-07-15
2014,House,CA-2,CA-2,CA,2,2014-11-08,General,JARED HUFFMAN,DALE K MENSING,,163124,54400,0,217524,74.99126533164157,25.008734668358436,49.98253066328313,D,True,True,True,2,1,1,0,D_vs_R,False,False,False,True,,"MIT Election Data and Science Lab, U.S. House 1976-2024",doi:10.7910/DVN/IG0UN2,2026-07-15
2014,House,CA-3,CA-3,CA,3,2014-11-08,General,JOHN GARAMENDI,DAN LOGUE,,79224,71036,0,150260,52.724610674830295,47.275389325169705,5.449221349660588,D,True,True,True,2,1,1,0,D_vs_R,False,False,False,True,,"MIT Election Data and Science Lab, U.S. House 1976-2024",doi:10.7910/DVN/IG0UN2,2026-07-15
2014,House,CA-4,CA-4,CA,4,2014-11-08,General,,TOM MCCLINTOCK,,0,126784,0,211134,0.0,60.049068364166835,-60.049068364166835,R,False,True,False,2,0,2,0,R_vs_R,False,False,False,False,Nonstandard general-election party structure: R_vs_R,"MIT Election Data and Science Lab, U.S. House 1976-2024",doi:10.7910/DVN/IG0UN2,2026-07-15
2014,House,CA-5,CA-5,CA,5,2014-11-08,General,MIKE THOMPSON,,JAMES HINTON,129613,0,41535,171148,75.73153060509033,0.0,75.73153060509033,D,True,False,False,2,1,0,1,D_vs_Other,False,False,False,False,Nonstandard general-election party structure: D_vs_Other,"MIT Election Data and Science Lab, U.S. House 1976-2024",doi:10.7910/DVN/IG0UN2,2026-07-15
2014,House,CA-6,CA-6,CA,6,2014-11-08,General,DORIS O MATSUI,JOSEPH MCCRAY SR,,97008,36448,0,133456,72.68912600407624,27.31087399592375,45.3782520081525,D,True,True,True,2,1,1,0,D_vs_R,False,False,False,True,,"MIT Election Data and Science Lab, U.S. House 1976-2024",doi:10.7910/DVN/IG0UN2,2026-07-15
2014,House,CA-7,CA-7,CA,7,2014-11-08,General,AMI BERA,DOUG OSE,,92521,91066,0,183587,50.39626988839079,49.60373011160921,0.7925397767815804,D,True,True,True,2,1,1,0,D_vs_R,False,False,False,True,,"MIT Election Data and Science Lab, U.S. House 1976-2024",doi:10.7910/DVN/IG0UN2,2026-07-15
2014,House,CA-8,CA-8,CA,8,2014-11-08,General,BOB CONAWAY,PAUL COOK,,37056,77480,0,114536,32.35314660892645,67.64685339107355,-35.2937067821471,R,True,True,True,2,1,1,0,D_vs_R,False,False,False,True,,"MIT Election Data and Science Lab, U.S. House 1976-2024",doi:10.7910/DVN/IG0UN2,2026-07-15
2014,House,CA-9,CA-9,CA,9,2014-11-08,General,JERRY MCNERNEY,"ANTONIO C \""TONY\"" AMADOR",,63475,57729,0,121204,52.370383815715655,47.629616184284345,4.740767631431306,D,True,True,True,2,1,1,0,D_vs_R,False,False,False,True,,"MIT Election Data and Science Lab, U.S. House 1976-2024",doi:10.7910/DVN/IG0UN2,2026-07-15
2014,House,CA-10,CA-10,CA,10,2014-11-08,General,MICHAEL EGGMAN,JEFF DENHEM,,55123,70582,0,125705,43.85107990931148,56.14892009068852,-12.297840181377033,R,True,True,True,2,1,1,0,D_vs_R,False,False,False,True,,"MIT Election Data and Science Lab, U.S. House 1976-2024",doi:10.7910/DVN/IG0UN2,2026-07-15
2014,House,CA-11,CA-11,CA,11,2014-11-08,General,MARK DESAULNIER,TUE PHAN,,117502,57160,0,174662,67.27393479978473,32.726065200215274,34.54786959956945,D,True,True,True,2,1,1,0,D_vs_R,False,False,False,True,,"MIT Election Data and Science Lab, U.S. House 1976-2024",doi:10.7910/DVN/IG0UN2,2026-07-15
2014,House,CA-12,CA-12,CA,12,2014-11-08,General,NANCY PELOSI,JOHN DENNIS,,160067,32197,0,192264,83.25375525319353,16.746244746806475,66.50751050638705,D,True,True,True,2,1,1,0,D_vs_R,False,False,False,True,,"MIT Election Data and Science Lab, U.S. House 1976-2024",doi:10.7910/DVN/IG0UN2,2026-07-15
2014,House,CA-13,CA-13,CA,13,2014-11-08,General,BARBARA LEE,DAKIN SUNDEEN,,168491,21940,0,190431,88.47876658737286,11.521233412627145,76.9575331747457,D,True,True,True,2,1,1,0,D_vs_R,False,False,False,True,,"MIT Election Data and Science Lab, U.S. House 1976-2024",doi:10.7910/DVN/IG0UN2,2026-07-15
2014,House,CA-14,CA-14,CA,14,2014-11-08,General,JACKIE SPEIER,ROBIN CHEW,,114389,34757,0,149146,76.69598916497928,23.30401083502072,53.39197832995856,D,True,True,True,2,1,1,0,D_vs_R,False,False,False,True,,"MIT Election Data and Science Lab, U.S. House 1976-2024",doi:10.7910/DVN/IG0UN2,2026-07-15
2014,House,CA-15,CA-15,CA,15,2014-11-08,General,ERIC SWALWELL,HUGH BUSSELL,,99756,43150,0,142906,69.80532657831021,30.19467342168978,39.61065315662044,D,True,True,True,2,1,1,0,D_vs_R,False,False,False,True,,"MIT Election Data and Science Lab, U.S. House 1976-2024",doi:10.7910/DVN/IG0UN2,2026-07-15
2014,House,CA-16,CA-16,CA,16,2014-11-08,General,JIM COSTA,JOHNNY TACHERRA,,46277,44943,0,91220,50.731199298399474,49.268800701600526,1.4623985967989477,D,True,True,True,2,1,1,0,D_vs_R,False,False,False,True,,"MIT Election Data and Science Lab, U.S. House 1976-2024",doi:10.7910/DVN/IG0UN2,2026-07-15
2014,House,CA-17,CA-17,CA,17,2014-11-08,General,MICHAEL M HONDA,,,69561,0,0,134408,51.75361585619903,0.0,51.75361585619903,D,True,False,False,2,2,0,0,D_vs_D,False,False,False,False,Nonstandard general-election party structure: D_vs_D,"MIT Election Data and Science Lab, U.S. House 1976-2024",doi:10.7910/DVN/IG0UN2,2026-07-15
2014,House,CA-18,CA-18,CA,18,2014-11-08,General,ANNA G ESHOO,RICHARD B FOX,,133060,63326,0,196386,67.75432057274959,32.245679427250415,35.50864114549917,D,True,True,True,2,1,1,0,D_vs_R,False,False,False,True,,"MIT Election Data and Science Lab, U.S. House 1976-2024",doi:10.7910/DVN/IG0UN2,2026-07-15
2014,House,CA-19,CA-19,CA,19,2014-11-08,General,ZOE LOFGREN,,,85888,0,0,127788,67.21131874667418,0.0,67.21131874667418,D,True,False,False,2,2,0,0,D_vs_D,False,False,False,False,Nonstandard general-election party structure: D_vs_D,"MIT Election Data and Science Lab, U.S. House 1976-2024",doi:10.7910/DVN/IG0UN2,2026-07-15
2014,House,CA-20,CA-20,CA,20,2014-11-08,General,SAM FARR,,RONALD PAUL KABAT,106034,0,35010,141044,75.17795865120104,0.0,75.17795865120104,D,True,False,False,2,1,0,1,D_vs_Other,False,False,False,False,Nonstandard general-election party structure: D_vs_Other,"MIT Election Data and Science Lab, U.S. House 1976-2024",doi:10.7910/DVN/IG0UN2,2026-07-15
2014,House,CA-21,CA-21,CA,21,2014-11-08,General,AMANDA RENTERIA,DAVID G VALADAO,,33470,45907,0,79377,42.16586668682364,57.83413331317636,-15.668266626352722,R,True,True,True,2,1,1,0,D_vs_R,False,False,False,True,,"MIT Election Data and Science Lab, U.S. House 1976-2024",doi:10.7910/DVN/IG0UN2,2026-07-15
2014,House,CA-22,CA-22,CA,22,2014-11-08,General,"SUZANNA \""SAM\"" AGUILERA-MARRERO",DEVIN NUNES,,37289,96053,0,133342,27.96493227940184,72.03506772059816,-44.07013544119632,R,True,True,True,2,1,1,0,D_vs_R,False,False,False,True,,"MIT Election Data and Science Lab, U.S. House 1976-2024",doi:10.7910/DVN/IG0UN2,2026-07-15
2014,House,CA-23,CA-23,CA,23,2014-11-08,General,RAUL GARCIA,KEVIN MCCARTHY,,33726,100317,0,134043,25.16058279805734,74.83941720194267,-49.67883440388532,R,True,True,True,2,1,1,0,D_vs_R,False,False,False,True,,"MIT Election Data and Science Lab, U.S. House 1976-2024",doi:10.7910/DVN/IG0UN2,2026-07-15
2014,House,CA-24,CA-24,CA,24,2014-11-08,General,LOIS CAPPS,CHRIS MITCHUM,,103228,95566,0,198794,51.92712053683713,48.07287946316287,3.8542410736742556,D,True,True,True,2,1,1,0,D_vs_R,False,False,False,True,,"MIT Election Data and Science Lab, U.S. House 1976-2024",doi:10.7910/DVN/IG0UN2,2026-07-15
2014,House,CA-25,CA-25,CA,25,2014-11-08,General,,STEVE KNIGHT,,0,60847,0,114072,0.0,53.340872431446805,-53.340872431446805,R,False,True,False,2,0,2,0,R_vs_R,False,False,False,False,Nonstandard general-election party structure: R_vs_R,"MIT Election Data and Science Lab, U.S. House 1976-2024",doi:10.7910/DVN/IG0UN2,2026-07-15
2014,House,CA-26,CA-26,CA,26,2014-11-08,General,JULIA BROWNLEY,JEFF GORELL,,87176,82653,0,169829,51.33163358437016,48.66836641562984,2.663267168740321,D,True,True,True,2,1,1,0,D_vs_R,False,False,False,True,,"MIT Election Data and Science Lab, U.S. House 1976-2024",doi:10.7910/DVN/IG0UN2,2026-07-15
2014,House,CA-27,CA-27,CA,27,2014-11-08,General,JUDY CHU,JACK ORSWELL,,75728,51852,0,127580,59.357266029158176,40.642733970841824,18.71453205831635,D,True,True,True,2,1,1,0,D_vs_R,False,False,False,True,,"MIT Election Data and Science Lab, U.S. House 1976-2024",doi:10.7910/DVN/IG0UN2,2026-07-15
2014,House,CA-28,CA-28,CA,28,2014-11-08,General,ADAM B SCHIFF,,STEVE STOKES,91996,0,28268,120264,76.4950442360141,0.0,76.4950442360141,D,True,False,False,2,1,0,1,D_vs_Other,False,False,False,False,Nonstandard general-election party structure: D_vs_Other,"MIT Election Data and Science Lab, U.S. House 1976-2024",doi:10.7910/DVN/IG0UN2,2026-07-15
2014,House,CA-29,CA-29,CA,29,2014-11-08,General,TONY CARDENAS,WILLIAM O'CALLAGHAN LEADER,,50096,17045,0,67141,74.6131275971463,25.386872402853697,49.226255194292605,D,True,True,True,2,1,1,0,D_vs_R,False,False,False,True,,"MIT Election Data and Science Lab, U.S. House 1976-2024",doi:10.7910/DVN/IG0UN2,2026-07-15
2014,House,CA-30,CA-30,CA,30,2014-11-08,General,BRAD SHERMAN,MARK S REED,,86568,45315,0,131883,65.63999909010259,34.36000090989741,31.279998180205183,D,True,True,True,2,1,1,0,D_vs_R,False,False,False,True,,"MIT Election Data and Science Lab, U.S. House 1976-2024",doi:10.7910/DVN/IG0UN2,2026-07-15
2014,House,CA-31,CA-31,CA,31,2014-11-08,General,PETE AGUILAR,PAUL CHABOT,,51622,48162,0,99784,51.73374488896015,48.26625511103985,3.4674897779203078,D,True,True,True,2,1,1,0,D_vs_R,False,False,False,True,,"MIT Election Data and Science Lab, U.S. House 1976-2024",doi:10.7910/DVN/IG0UN2,2026-07-15
2014,House,CA-32,CA-32,CA,32,2014-11-08,General,GRACE F NAPOLITANO,ARTURO ENRIQUE ALAS,,50353,34053,0,84406,59.655711679264506,40.344288320735494,19.311423358529016,D,True,True,True,2,1,1,0,D_vs_R,False,False,False,True,,"MIT Election Data and Science Lab, U.S. House 1976-2024",doi:10.7910/DVN/IG0UN2,2026-07-15
2014,House,CA-33,CA-33,CA,33,2014-11-08,General,TED LIEU,ELAN CARR,,108331,74700,0,183031,59.187241505537315,40.812758494462685,18.374483011074627,D,True,True,True,2,1,1,0,D_vs_R,False,False,False,True,,"MIT Election Data and Science Lab, U.S. House 1976-2024",doi:10.7910/DVN/IG0UN2,2026-07-15
2014,House,CA-34,CA-34,CA,34,2014-11-08,General,XAVIER BECERRA,,,44697,0,0,61621,72.53533697927655,0.0,72.53533697927655,D,True,False,False,2,2,0,0,D_vs_D,False,False,False,False,Nonstandard general-election party structure: D_vs_D,"MIT Election Data and Science Lab, U.S. House 1976-2024",doi:10.7910/DVN/IG0UN2,2026-07-15
2014,House,CA-35,CA-35,CA,35,2014-11-08,General,NORMA J TORRES,,,39502,0,0,62255,63.45193157176131,0.0,63.45193157176131,D,True,False,False,2,2,0,0,D_vs_D,False,False,False,False,Nonstandard general-election party structure: D_vs_D,"MIT Election Data and Science Lab, U.S. House 1976-2024",doi:10.7910/DVN/IG0UN2,2026-07-15
2014,House,CA-36,CA-36,CA,36,2014-11-08,General,RAUL RUIZ,BRIAN NESTANDE,,72682,61457,0,134139,54.18409262034159,45.81590737965841,8.368185240683172,D,True,True,True,2,1,1,0,D_vs_R,False,False,False,True,,"MIT Election Data and Science Lab, U.S. House 1976-2024",doi:10.7910/DVN/IG0UN2,2026-07-15
2014,House,CA-37,CA-37,CA,37,2014-11-08,General,KAREN BASS,R ADAM KING,,96787,18051,0,114838,84.281335446455,15.718664553544993,68.56267089291,D,True,True,True,2,1,1,0,D_vs_R,False,False,False,True,,"MIT Election Data and Science Lab, U.S. House 1976-2024",doi:10.7910/DVN/IG0UN2,2026-07-15
2014,House,CA-38,CA-38,CA,38,2014-11-08,General,LINDA T SANCHEZ,BENJAMIN CAMPOS,,58192,40288,0,98480,59.09017059301381,40.90982940698619,18.18034118602762,D,True,True,True,2,1,1,0,D_vs_R,False,False,False,True,,"MIT Election Data and Science Lab, U.S. House 1976-2024",doi:10.7910/DVN/IG0UN2,2026-07-15
2014,House,CA-39,CA-39,CA,39,2014-11-08,General,PETER O ANDERSON,EDWARD R ROYCE,,41906,91319,0,133225,31.455057234002627,68.54494276599738,-37.089885531994746,R,True,True,True,2,1,1,0,D_vs_R,False,False,False,True,,"MIT Election Data and Science Lab, U.S. House 1976-2024",doi:10.7910/DVN/IG0UN2,2026-07-15
2014,House,CA-40,CA-40,CA,40,2014-11-08,General,LUCILLE ROYBAL-ALLARD,,,30208,0,0,49379,61.17580347921181,0.0,61.17580347921181,D,True,False,False,2,2,0,0,D_vs_D,False,False,False,False,Nonstandard general-election party structure: D_vs_D,"MIT Election Data and Science Lab, U.S. House 1976-2024",doi:10.7910/DVN/IG0UN2,2026-07-15
2014,House,CA-41,CA-41,CA,41,2014-11-08,General,MARK TAKANO,STEVE ADAMS,,46948,35936,0,82884,56.64301915930698,43.35698084069302,13.286038318613967,D,True,True,True,2,1,1,0,D_vs_R,False,False,False,True,,"MIT Election Data and Science Lab, U.S. House 1976-2024",doi:10.7910/DVN/IG0UN2,2026-07-15
2014,House,CA-42,CA-42,CA,42,2014-11-08,General,TIM SHERIDAN,KEN CALVERT,,38850,74540,0,113390,34.26228062439368,65.73771937560632,-31.47543875121263,R,True,True,True,2,1,1,0,D_vs_R,False,False,False,True,,"MIT Election Data and Science Lab, U.S. House 1976-2024",doi:10.7910/DVN/IG0UN2,2026-07-15
2014,House,CA-43,CA-43,CA,43,2014-11-08,General,MAXINE WATERS,JOHN WOOD JR,,69681,28521,0,98202,70.95680332376122,29.04319667623877,41.91360664752246,D,True,True,True,2,1,1,0,D_vs_R,False,False,False,True,,"MIT Election Data and Science Lab, U.S. House 1976-2024",doi:10.7910/DVN/IG0UN2,2026-07-15
2014,House,CA-44,CA-44,CA,44,2014-11-08,General,JANICE HAHN,,ADAM SHBEITA,59670,0,9192,68862,86.65156399756034,0.0,86.65156399756034,D,True,False,False,2,1,0,1,D_vs_Other,False,False,False,False,Nonstandard general-election party structure: D_vs_Other,"MIT Election Data and Science Lab, U.S. House 1976-2024",doi:10.7910/DVN/IG0UN2,2026-07-15
2014,House,CA-45,CA-45,CA,45,2014-11-08,General,DREW E LEAVENS,MIMI WALTERS,,56819,106083,0,162902,34.879252556751915,65.12074744324809,-30.241494886496177,R,True,True,True,2,1,1,0,D_vs_R,False,False,False,True,,"MIT Election Data and Science Lab, U.S. House 1976-2024",doi:10.7910/DVN/IG0UN2,2026-07-15
2014,House,CA-46,CA-46,CA,46,2014-11-08,General,LORETTA SANCHEZ,ADAM NICK,,49738,33577,0,83315,59.69873372141871,40.30126627858129,19.397467442837424,D,True,True,True,2,1,1,0,D_vs_R,False,False,False,True,,"MIT Election Data and Science Lab, U.S. House 1976-2024",doi:10.7910/DVN/IG0UN2,2026-07-15
2014,House,CA-47,CA-47,CA,47,2014-11-08,General,ALAN S LOWENTHAL,ANDY WHALLON,,69091,54309,0,123400,55.989465153970826,44.010534846029174,11.978930307941653,D,True,True,True,2,1,1,0,D_vs_R,False,False,False,True,,"MIT Election Data and Science Lab, U.S. House 1976-2024",doi:10.7910/DVN/IG0UN2,2026-07-15
2014,House,CA-48,CA-48,CA,48,2014-11-08,General,SUZANNE JOYCE SAVARY,DANA ROHRACHER,,62713,112082,0,174795,35.87802854772734,64.12197145227266,-28.243942904545325,R,True,True,True,2,1,1,0,D_vs_R,False,False,False,True,,"MIT Election Data and Science Lab, U.S. House 1976-2024",doi:10.7910/DVN/IG0UN2,2026-07-15
2014,House,CA-49,CA-49,CA,49,2014-11-08,General,DAVE PEISER,DARRELL E ISSA,,64981,98161,0,163142,39.830944821076116,60.169055178923884,-20.338110357847764,R,True,True,True,2,1,1,0,D_vs_R,False,False,False,True,,"MIT Election Data and Science Lab, U.S. House 1976-2024",doi:10.7910/DVN/IG0UN2,2026-07-15
2014,House,CA-50,CA-50,CA,50,2014-11-08,General,JAMES H KIMBER,DUNCAN HUNTER,,45302,111997,0,157299,28.799928798021604,71.2000712019784,-42.40014240395679,R,True,True,True,2,1,1,0,D_vs_R,False,False,False,True,,"MIT Election Data and Science Lab, U.S. House 1976-2024",doi:10.7910/DVN/IG0UN2,2026-07-15
2014,House,CA-51,CA-51,CA,51,2014-11-08,General,JUAN VARGAS,STEPHEN MEADE,,56373,25577,0,81950,68.7895057962172,31.210494203782794,37.57901159243441,D,True,True,True,2,1,1,0,D_vs_R,False,False,False,True,,"MIT Election Data and Science Lab, U.S. House 1976-2024",doi:10.7910/DVN/IG0UN2,2026-07-15
2014,House,CA-52,CA-52,CA,52,2014-11-08,General,SCOTT H PETERS,CARL DEMAIO,,98826,92746,0,191572,51.586870732674925,48.413129267325075,3.1737414653498424,D,True,True,True,2,1,1,0,D_vs_R,False,False,False,True,,"MIT Election Data and Science Lab, U.S. House 1976-2024",doi:10.7910/DVN/IG0UN2,2026-07-15
2014,House,CA-53,CA-53,CA,53,2014-11-08,General,SUSAN A DAVIS,LARRY A WILSKE,,87104,60940,0,148044,58.83656210315852,41.16343789684148,17.67312420631704,D,True,True,True,2,1,1,0,D_vs_R,False,False,False,True,,"MIT Election Data and Science Lab, U.S. House 1976-2024",doi:10.7910/DVN/IG0UN2,2026-07-15
2014,House,CO-1,CO-1,CO,1,2014-11-08,General,DIANA DEGETTE,MARTIN WALSH,DANNY E STROUD | FRANK ATWOOD,183281,80682,14531,278494,65.8114717013652,28.970821633500183,36.84065006786502,D,True,True,True,4,1,1,2,D_vs_R,False,False,False,True,,"MIT Election Data and Science Lab, U.S. House 1976-2024",doi:10.7910/DVN/IG0UN2,2026-07-15
2014,House,CO-2,CO-2,CO,2,2014-11-08,General,JARED POLIS,GEORGE LEING,,196300,149645,0,345945,56.743123906979434,43.256876093020566,13.486247813958867,D,True,True,True,2,1,1,0,D_vs_R,False,False,False,True,,"MIT Election Data and Science Lab, U.S. House 1976-2024",doi:10.7910/DVN/IG0UN2,2026-07-15
2014,House,CO-3,CO-3,CO,3,2014-11-08,General,ABEL J TAPIA,SCOTT R TIPTON,TISHA T CASIDA | TRAVIS MERO,100364,163011,17766,281141,35.69881305110247,57.981937888817356,-22.283124837714883,R,True,True,True,4,1,1,2,D_vs_R,False,False,False,True,,"MIT Election Data and Science Lab, U.S. House 1976-2024",doi:10.7910/DVN/IG0UN2,2026-07-15
2014,House,CO-4,CO-4,CO,4,2014-11-08,General,VIC MEYERS,KEN BUCK,GRANT DOHERTY | JESS LOBAN,83727,185292,17488,286507,29.22336976059922,64.6727654123634,-35.44939565176418,R,True,True,True,4,1,1,2,D_vs_R,False,False,False,True,,"MIT Election Data and Science Lab, U.S. House 1976-2024",doi:10.7910/DVN/IG0UN2,2026-07-15
2014,House,CO-5,CO-5,CO,5,2014-11-08,General,IRV HALTER,DOUG LAMBORN,,105673,157182,0,262855,40.202012516406384,59.797987483593616,-19.59597496718723,R,True,True,True,2,1,1,0,D_vs_R,False,False,False,True,,"MIT Election Data and Science Lab, U.S. House 1976-2024",doi:10.7910/DVN/IG0UN2,2026-07-15
2014,House,CO-6,CO-6,CO,6,2014-11-08,General,ANDREW ROMANOFF,MIKE COFFMAN,GARY SWING | NORM OLSEN,118847,143467,14126,276440,42.99196932426566,51.89806106207495,-8.90609173780929,R,True,True,True,4,1,1,2,D_vs_R,False,False,False,True,,"MIT Election Data and Science Lab, U.S. House 1976-2024",doi:10.7910/DVN/IG0UN2,2026-07-15
2014,House,CO-7,CO-7,CO,7,2014-11-08,General,ED PERLMUTTER,DON YTTERBERG,,148225,120918,0,269143,55.07295378293323,44.92704621706677,10.145907565866473,D,True,True,True,2,1,1,0,D_vs_R,False,False,False,True,,"MIT Election Data and Science Lab, U.S. House 1976-2024",doi:10.7910/DVN/IG0UN2,2026-07-15
2014,House,CT-1,CT-1,CT,1,2014-11-08,General,JOHN B LARSON,MATTHEW M COREY,JEFFREY RUSSELL | JOHN B LARSON,127430,78609,11842,217881,58.48605431405217,36.07886874027565,22.407185573776513,D,True,True,True,4,1,1,2,D_vs_R,False,False,False,True,,"MIT Election Data and Science Lab, U.S. House 1976-2024",doi:10.7910/DVN/IG0UN2,2026-07-15
2014,House,CT-2,CT-2,CT,2,2014-11-08,General,JOE COURTNEY,LORI HOPKINS-CAVANAGH,DANIEL REALE | JOE COURTNEY | WILLIAM C CLYDE,131294,80837,15805,227936,57.601256493050684,35.464779587252565,22.13647690579812,D,True,True,True,5,1,1,3,D_vs_R,False,False,False,True,,"MIT Election Data and Science Lab, U.S. House 1976-2024",doi:10.7910/DVN/IG0UN2,2026-07-15
2014,House,CT-3,CT-3,CT,3,2014-11-08,General,ROSA L DELAURO,JAMES E BROWN,ROSA L DELAURO,130009,69454,10476,209939,61.92703594853743,33.08294314062656,28.84409280791087,D,True,True,True,3,1,1,1,D_vs_R,False,False,False,True,,"MIT Election Data and Science Lab, U.S. House 1976-2024",doi:10.7910/DVN/IG0UN2,2026-07-15
2014,House,CT-4,CT-4,CT,4,2014-11-08,General,JAMES A HIMES,DAN DEBICELLA,DAN DEBICELLA | JAMES A HIMES,101401,88209,9190,198800,51.006539235412475,44.37072434607646,6.635814889336016,D,True,True,True,4,1,1,2,D_vs_R,False,False,False,True,,"MIT Election Data and Science Lab, U.S. House 1976-2024",doi:10.7910/DVN/IG0UN2,2026-07-15
2014,House,CT-5,CT-5,CT,5,2014-11-08,General,ELIZABETH H ESTY,MARK GREENBERG,ELIZABETH H ESTY | JOHN J PISTONE | MARK GREENBERG,106256,92404,14641,213301,49.8150500935298,43.320940830094564,6.49410926343524,D,True,True,True,5,1,1,3,D_vs_R,False,False,False,True,,"MIT Election Data and Science Lab, U.S. House 1976-2024",doi:10.7910/DVN/IG0UN2,2026-07-15
2014,House,DE-AL,DE-AL,DE,AL,2014-11-08,General,JOHN C CARNEY JR,ROSE IZZO,BERNARD AUGUST | SCOTT GESTY,137251,85146,9220,231617,59.2577401486074,36.76155031798184,22.496189830625557,D,True,True,True,4,1,1,2,D_vs_R,False,False,False,True,,"MIT Election Data and Science Lab, U.S. House 1976-2024",doi:10.7910/DVN/IG0UN2,2026-07-15
2014,House,FL-1,FL-1,FL,1,2014-11-08,General,JIM BRYAN,JEFF MILLER,MARK WICHERN,54976,165086,15281,235343,23.35994697101677,70.14697696553542,-46.78702999451864,R,True,True,True,3,1,1,1,D_vs_R,False,False,False,True,,"MIT Election Data and Science Lab, U.S. House 1976-2024",doi:10.7910/DVN/IG0UN2,2026-07-15
2014,House,FL-2,FL-2,FL,2,2014-11-08,General,GWEN GRAHAM,STEVE SOUTHERLAND II,,126096,123262,422,249780,50.48282488589959,49.348226439266554,1.134598446633037,D,True,True,True,2,1,1,0,D_vs_R,False,False,False,True,,"MIT Election Data and Science Lab, U.S. House 1976-2024",doi:10.7910/DVN/IG0UN2,2026-07-15
2014,House,FL-3,FL-3,FL,3,2014-11-08,General,MARIHELEN WHEELER,TED S YOHO,HOWARD TERM LIMITS LAWSON,73910,148691,6208,228809,32.302051055684,64.9847689557666,-32.6827179000826,R,True,True,True,3,1,1,1,D_vs_R,False,False,False,True,,"MIT Election Data and Science Lab, U.S. House 1976-2024",doi:10.7910/DVN/IG0UN2,2026-07-15
2014,House,FL-4,FL-4,FL,4,2014-11-08,General,,ANDER CRENSHAW,GARY L KONIZ | PAULA MOSER-BARTLETT,0,177887,49366,227253,0.0,78.27707445006226,-78.27707445006226,R,False,True,False,3,0,1,2,R_vs_Other,False,False,False,False,Nonstandard general-election party structure: R_vs_Other,"MIT Election Data and Science Lab, U.S. House 1976-2024",doi:10.7910/DVN/IG0UN2,2026-07-15
2014,House,FL-5,FL-5,FL,5,2014-11-08,General,CORRINE BROWN,GLO SMITH,,112340,59237,0,171577,65.47497624973045,34.52502375026956,30.949952499460885,D,True,True,True,2,1,1,0,D_vs_R,False,False,False,True,,"MIT Election Data and Science Lab, U.S. House 1976-2024",doi:10.7910/DVN/IG0UN2,2026-07-15
2014,House,FL-6,FL-6,FL,6,2014-11-08,General,DAVID COX,RON DESANTIS,,99563,166254,0,265817,37.45546748326856,62.54453251673144,-25.08906503346287,R,True,True,True,2,1,1,0,D_vs_R,False,False,False,True,,"MIT Election Data and Science Lab, U.S. House 1976-2024",doi:10.7910/DVN/IG0UN2,2026-07-15
2014,House,FL-7,FL-7,FL,7,2014-11-08,General,WES NEUMAN,JOHN L MICA,AL KRULICK,73011,144474,9679,227164,32.140215879276646,63.59898575478509,-31.458769875508445,R,True,True,True,3,1,1,1,D_vs_R,False,False,False,True,,"MIT Election Data and Science Lab, U.S. House 1976-2024",doi:10.7910/DVN/IG0UN2,2026-07-15
2014,House,FL-8,FL-8,FL,8,2014-11-08,General,GABRIEL ROTHBLATT,BILL POSEY,,93724,180728,61,274513,34.141916776254675,65.8358620538918,-31.693945277637123,R,True,True,True,2,1,1,0,D_vs_R,False,False,False,True,,"MIT Election Data and Science Lab, U.S. House 1976-2024",doi:10.7910/DVN/IG0UN2,2026-07-15
2014,House,FL-9,FL-9,FL,9,2014-11-08,General,ALAN GRAYSON,CAROL PLATT,MARKO MILAKOVICH,93850,74963,5065,173878,53.974625887116254,43.11241215104844,10.862213736067817,D,True,True,True,3,1,1,1,D_vs_R,False,False,False,True,,"MIT Election Data and Science Lab, U.S. House 1976-2024",doi:10.7910/DVN/IG0UN2,2026-07-15
2014,House,FL-10,FL-10,FL,10,2014-11-08,General,MICHAEL MCKENNA,DANIEL WEBSTER,,89426,143128,20,232574,38.45055767196677,61.54084291451323,-23.090285242546457,R,True,True,True,2,1,1,0,D_vs_R,False,False,False,True,,"MIT Election Data and Science Lab, U.S. House 1976-2024",doi:10.7910/DVN/IG0UN2,2026-07-15
2014,House,FL-11,FL-11,FL,11,2014-11-08,General,DAVE KOLLER,RICHARD B NUGENT,,90786,181508,0,272294,33.341168002232884,66.65883199776712,-33.31766399553424,R,True,True,True,2,1,1,0,D_vs_R,False,False,False,True,,"MIT Election Data and Science Lab, U.S. House 1976-2024",doi:10.7910/DVN/IG0UN2,2026-07-15
2014,House,FL-12,FL-12,FL,12,2014-11-08,General,,GUS M BILIRAKIS,,0,1,0,1,0.0,100.0,-100.0,R,False,True,False,1,0,1,0,R_unopposed,True,False,True,False,Nonstandard general-election party structure: R_unopposed,"MIT Election Data and Science Lab, U.S. House 1976-2024",doi:10.7910/DVN/IG0UN2,2026-07-15
2014,House,FL-13,FL-13,FL,13,2014-11-08,General,,DAVID W JOLLY,LUCAS OVERBY,0,168172,55404,223576,0.0,75.21916484774752,-75.21916484774752,R,False,True,False,2,0,1,1,R_vs_Other,False,False,False,False,Nonstandard general-election party structure: R_vs_Other,"MIT Election Data and Science Lab, U.S. House 1976-2024",doi:10.7910/DVN/IG0UN2,2026-07-15
2014,House,FL-14,FL-14,FL,14,2014-11-08,General,KATHY CASTOR,,,1,0,0,1,100.0,0.0,100.0,D,True,False,False,1,1,0,0,D_unopposed,True,True,False,False,Nonstandard general-election party structure: D_unopposed,"MIT Election Data and Science Lab, U.S. House 1976-2024",doi:10.7910/DVN/IG0UN2,2026-07-15
2014,House,FL-15,FL-15,FL,15,2014-11-08,General,ALAN M COHN,DENNIS A ROSS,,84832,128750,0,213582,39.718702886947405,60.281297113052595,-20.562594226105197,R,True,True,True,2,1,1,0,D_vs_R,False,False,False,True,,"MIT Election Data and Science Lab, U.S. House 1976-2024",doi:10.7910/DVN/IG0UN2,2026-07-15
2014,House,FL-16,FL-16,FL,16,2014-11-08,General,HENRY LAWRENCE,VERN BUCHANAN,,105483,169126,220,274829,38.38132074853818,61.5386294750554,-23.157308726517215,R,True,True,True,2,1,1,0,D_vs_R,False,False,False,True,,"MIT Election Data and Science Lab, U.S. House 1976-2024",doi:10.7910/DVN/IG0UN2,2026-07-15
2014,House,FL-17,FL-17,FL,17,2014-11-08,General,WILL BRONSON,THOMAS J ROONEY,,82263,141493,0,223756,36.764600725790594,63.235399274209406,-26.470798548418813,R,True,True,True,2,1,1,0,D_vs_R,False,False,False,True,,"MIT Election Data and Science Lab, U.S. House 1976-2024",doi:10.7910/DVN/IG0UN2,2026-07-15
2014,House,FL-18,FL-18,FL,18,2014-11-08,General,PATRICK MURPHY,CARL J DOMINO,,151478,101896,0,253374,59.784350406908366,40.215649593091634,19.56870081381673,D,True,True,True,2,1,1,0,D_vs_R,False,False,False,True,,"MIT Election Data and Science Lab, U.S. House 1976-2024",doi:10.7910/DVN/IG0UN2,2026-07-15
2014,House,FL-19,FL-19,FL,19,2014-11-08,General,APRIL FREEMAN,CURT CLAWSON,RAY NETHERWOOD,80824,159354,6683,246861,32.740692130389164,64.55211637318168,-31.8114242427925,R,True,True,True,3,1,1,1,D_vs_R,False,False,False,True,,"MIT Election Data and Science Lab, U.S. House 1976-2024",doi:10.7910/DVN/IG0UN2,2026-07-15
2014,House,FL-20,FL-20,FL,20,2014-11-08,General,ALCEE L HASTINGS,JAY BONNER,,128498,28968,0,157466,81.60364777158243,18.396352228417562,63.207295543164875,D,True,True,True,2,1,1,0,D_vs_R,False,False,False,True,,"MIT Election Data and Science Lab, U.S. House 1976-2024",doi:10.7910/DVN/IG0UN2,2026-07-15
2014,House,FL-21,FL-21,FL,21,2014-11-08,General,THEODORE E DEUTCH,,,153395,0,575,153970,99.62655062674547,0.0,99.62655062674547,D,True,False,False,1,1,0,0,D_unopposed,True,True,False,False,Nonstandard general-election party structure: D_unopposed,"MIT Election Data and Science Lab, U.S. House 1976-2024",doi:10.7910/DVN/IG0UN2,2026-07-15
2014,House,FL-22,FL-22,FL,22,2014-11-08,General,LOIS FRANKEL,PAUL SPAIN,,125404,90685,7,216096,58.031615578261516,41.965145120687104,16.06647045757441,D,True,True,True,2,1,1,0,D_vs_R,False,False,False,True,,"MIT Election Data and Science Lab, U.S. House 1976-2024",doi:10.7910/DVN/IG0UN2,2026-07-15
2014,House,FL-23,FL-23,FL,23,2014-11-08,General,DEBBIE WASSERMAN SCHULTZ,"JOSEPH \""JOE\"" KAUFMAN",,103269,61519,0,164788,62.66779134402991,37.33220865597009,25.33558268805981,D,True,True,True,2,1,1,0,D_vs_R,False,False,False,True,,"MIT Election Data and Science Lab, U.S. House 1976-2024",doi:10.7910/DVN/IG0UN2,2026-07-15
2014,House,FL-24,FL-24,FL,24,2014-11-08,General,FREDERICA S WILSON,DUFIRSTON JULIO NEREE,LUIS E FERNANDEZ,129192,15239,5487,149918,86.17510905961926,10.16489013994317,76.01021891967609,D,True,True,True,3,1,1,1,D_vs_R,False,False,False,True,,"MIT Election Data and Science Lab, U.S. House 1976-2024",doi:10.7910/DVN/IG0UN2,2026-07-15
2014,House,FL-25,FL-25,FL,25,2014-11-08,General,,MARIO DIAZ-BALART,,0,1,0,1,0.0,100.0,-100.0,R,False,True,False,1,0,1,0,R_unopposed,True,False,True,False,Nonstandard general-election party structure: R_unopposed,"MIT Election Data and Science Lab, U.S. House 1976-2024",doi:10.7910/DVN/IG0UN2,2026-07-15
2014,House,FL-26,FL-26,FL,26,2014-11-08,General,JOE GARCIA,CARLOS CURBELO,,78306,83031,0,161337,48.535673776009226,51.464326223990774,-2.928652447981554,R,True,True,True,2,1,1,0,D_vs_R,False,False,False,True,,"MIT Election Data and Science Lab, U.S. House 1976-2024",doi:10.7910/DVN/IG0UN2,2026-07-15
2014,House,FL-27,FL-27,FL,27,2014-11-08,General,,ILEANA ROS-LEHTINEN,,0,1,0,1,0.0,100.0,-100.0,R,False,True,False,1,0,1,0,R_unopposed,True,False,True,False,Nonstandard general-election party structure: R_unopposed,"MIT Election Data and Science Lab, U.S. House 1976-2024",doi:10.7910/DVN/IG0UN2,2026-07-15
2014,House,GA-1,GA-1,GA,1,2014-11-08,General,BRIAN CORWIN REESE,"E L \""BUDDY\"" CARTER",,61175,95337,0,156512,39.08645982416684,60.91354017583316,-21.827080351666325,R,True,True,True,2,1,1,0,D_vs_R,False,False,False,True,,"MIT Election Data and Science Lab, U.S. House 1976-2024",doi:10.7910/DVN/IG0UN2,2026-07-15
2014,House,GA-2,GA-2,GA,2,2014-11-08,General,SANFORD D BISHOP JR,"GREGORY P \""GREG\"" DUKE",,96363,66537,0,162900,59.15469613259668,40.84530386740332,18.30939226519337,D,True,True,True,2,1,1,0,D_vs_R,False,False,False,True,,"MIT Election Data and Science Lab, U.S. House 1976-2024",doi:10.7910/DVN/IG0UN2,2026-07-15
2014,House,GA-3,GA-3,GA,3,2014-11-08,General,,LYNN A WESTMORELAND,,0,156277,0,156277,0.0,100.0,-100.0,R,False,True,False,1,0,1,0,R_unopposed,True,False,True,False,Nonstandard general-election party structure: R_unopposed,"MIT Election Data and Science Lab, U.S. House 1976-2024",doi:10.7910/DVN/IG0UN2,2026-07-15
2014,House,GA-4,GA-4,GA,4,2014-11-08,General,"HENRY C \""HANK\"" JOHNSON JR",,,161211,0,109,161320,99.93243243243244,0.0,99.93243243243244,D,True,False,False,1,1,0,0,D_unopposed,True,True,False,False,Nonstandard general-election party structure: D_unopposed,"MIT Election Data and Science Lab, U.S. House 1976-2024",doi:10.7910/DVN/IG0UN2,2026-07-15
2014,House,GA-5,GA-5,GA,5,2014-11-08,General,JOHN LEWIS,,,170326,0,0,170326,100.0,0.0,100.0,D,True,False,False,1,1,0,0,D_unopposed,True,True,False,False,Nonstandard general-election party structure: D_unopposed,"MIT Election Data and Science Lab, U.S. House 1976-2024",doi:10.7910/DVN/IG0UN2,2026-07-15
2014,House,GA-6,GA-6,GA,6,2014-11-08,General,ROBERT G MONTIGEL,TOM PRICE,,71486,139018,0,210504,33.959449701668376,66.04055029833162,-32.08110059666325,R,True,True,True,2,1,1,0,D_vs_R,False,False,False,True,,"MIT Election Data and Science Lab, U.S. House 1976-2024",doi:10.7910/DVN/IG0UN2,2026-07-15
2014,House,GA-7,GA-7,GA,7,2014-11-08,General,THOMAS D WRIGHT,ROB WOODALL,,60112,113557,0,173669,34.61297065106611,65.3870293489339,-30.774058697867783,R,True,True,True,2,1,1,0,D_vs_R,False,False,False,True,,"MIT Election Data and Science Lab, U.S. House 1976-2024",doi:10.7910/DVN/IG0UN2,2026-07-15
2014,House,GA-8,GA-8,GA,8,2014-11-08,General,,AUSTIN SCOTT,,0,129938,119,130057,0.0,99.9085016569658,-99.9085016569658,R,False,True,False,1,0,1,0,R_unopposed,True,False,True,False,Nonstandard general-election party structure: R_unopposed,"MIT Election Data and Science Lab, U.S. House 1976-2024",doi:10.7910/DVN/IG0UN2,2026-07-15
2014,House,GA-9,GA-9,GA,9,2014-11-08,General,DAVID D VOGEL,DOUG COLLINS,,34988,146059,0,181047,19.32536855070783,80.67463144929218,-61.34926289858434,R,True,True,True,2,1,1,0,D_vs_R,False,False,False,True,,"MIT Election Data and Science Lab, U.S. House 1976-2024",doi:10.7910/DVN/IG0UN2,2026-07-15
2014,House,GA-10,GA-10,GA,10,2014-11-08,General,"I K \""KENNETH\"" DIOUS",JODY B HICE,,65777,130703,0,196480,33.477707654723126,66.52229234527687,-33.04458469055375,R,True,True,True,2,1,1,0,D_vs_R,False,False,False,True,,"MIT Election Data and Science Lab, U.S. House 1976-2024",doi:10.7910/DVN/IG0UN2,2026-07-15
2014,House,GA-11,GA-11,GA,11,2014-11-08,General,,BARRY D LOUDERMILK,,0,161532,0,161532,0.0,100.0,-100.0,R,False,True,False,1,0,1,0,R_unopposed,True,False,True,False,Nonstandard general-election party structure: R_unopposed,"MIT Election Data and Science Lab, U.S. House 1976-2024",doi:10.7910/DVN/IG0UN2,2026-07-15
2014,House,GA-12,GA-12,GA,12,2014-11-08,General,JOHN BARROW,"R W \""RICK\"" ALLEN",,75478,91336,0,166814,45.24680182718477,54.75319817281523,-9.506396345630463,R,True,True,True,2,1,1,0,D_vs_R,False,False,False,True,,"MIT Election Data and Science Lab, U.S. House 1976-2024",doi:10.7910/DVN/IG0UN2,2026-07-15
2014,House,GA-13,GA-13,GA,13,2014-11-08,General,DAVID SCOTT,,,159445,0,0,159445,100.0,0.0,100.0,D,True,False,False,1,1,0,0,D_unopposed,True,True,False,False,Nonstandard general-election party structure: D_unopposed,"MIT Election Data and Science Lab, U.S. House 1976-2024",doi:10.7910/DVN/IG0UN2,2026-07-15
2014,House,GA-14,GA-14,GA,14,2014-11-08,General,,TOM GRAVES,,0,118782,0,118782,0.0,100.0,-100.0,R,False,True,False,1,0,1,0,R_unopposed,True,False,True,False,Nonstandard general-election party structure: R_unopposed,"MIT Election Data and Science Lab, U.S. House 1976-2024",doi:10.7910/DVN/IG0UN2,2026-07-15
2014,House,HI-1,HI-1,HI,1,2014-11-08,General,MARK TAKAI,CHARLES DJOU,BLANK VOTE | OVER VOTE,93390,86454,2424,182268,51.237737836592274,47.432352360260715,3.8053854763315558,D,True,True,True,4,1,1,2,D_vs_R,False,False,False,True,,"MIT Election Data and Science Lab, U.S. House 1976-2024",doi:10.7910/DVN/IG0UN2,2026-07-15
2014,House,HI-2,HI-2,HI,2,2014-11-08,General,TULSI GABBARD,KAWIKA CROWLEY,BLANK VOTE | JOE KENT | OVER VOTE,142010,33630,11795,187435,75.76493184303892,17.94221996958946,57.822711873449464,D,True,True,True,5,1,1,3,D_vs_R,False,False,False,True,,"MIT Election Data and Science Lab, U.S. House 1976-2024",doi:10.7910/DVN/IG0UN2,2026-07-15
2014,House,IA-1,IA-1,IA,1,2014-11-08,General,PAT MURPHY,ROD BLUM,,141145,147762,399,289306,48.78744305337601,51.0746406918626,-2.2871976384865853,R,True,True,True,2,1,1,0,D_vs_R,False,False,False,True,,"MIT Election Data and Science Lab, U.S. House 1976-2024",doi:10.7910/DVN/IG0UN2,2026-07-15
2014,House,IA-2,IA-2,IA,2,2014-11-08,General,DAVID LOEBSACK,MARIANNETTE MILLER-MEEKS,,143431,129455,443,273329,52.475588027615075,47.36233623215978,5.113251795455294,D,True,True,True,2,1,1,0,D_vs_R,False,False,False,True,,"MIT Election Data and Science Lab, U.S. House 1976-2024",doi:10.7910/DVN/IG0UN2,2026-07-15
2014,House,IA-3,IA-3,IA,3,2014-11-08,General,STACI APPEL,DAVID YOUNG,BRYAN JACK HOLDER | EDWARD B WRIGHT,119109,148814,14143,282066,42.22735104549999,52.75857423439904,-10.531223188899052,R,True,True,True,4,1,1,2,D_vs_R,False,False,False,True,,"MIT Election Data and Science Lab, U.S. House 1976-2024",doi:10.7910/DVN/IG0UN2,2026-07-15
2014,House,IA-4,IA-4,IA,4,2014-11-08,General,JIM MOWRER,STEVE KING,,105504,169834,295,275633,38.276984250797256,61.615989377179076,-23.33900512638182,R,True,True,True,2,1,1,0,D_vs_R,False,False,False,True,,"MIT Election Data and Science Lab, U.S. House 1976-2024",doi:10.7910/DVN/IG0UN2,2026-07-15
2014,House,ID-1,ID-1,ID,1,2014-11-08,General,SHIRLEY G RINGO,RAUL R LABRADOR,,77277,143580,7,220864,34.98849971022892,65.00833091857433,-30.01983120834541,R,True,True,True,2,1,1,0,D_vs_R,False,False,False,True,,"MIT Election Data and Science Lab, U.S. House 1976-2024",doi:10.7910/DVN/IG0UN2,2026-07-15
2014,House,ID-2,ID-2,ID,2,2014-11-08,General,RICHARD STALLINGS,MICHAEL K SIMPSON,,82801,131492,0,214293,38.63915293546686,61.36084706453314,-22.72169412906628,R,True,True,True,2,1,1,0,D_vs_R,False,False,False,True,,"MIT Election Data and Science Lab, U.S. House 1976-2024",doi:10.7910/DVN/IG0UN2,2026-07-15
2014,House,IL-1,IL-1,IL,1,2014-11-08,General,BOBBY L RUSH,JIMMY LEE TILLMAN,,162268,59749,0,222017,73.08809685744785,26.91190314255215,46.1761937148957,D,True,True,True,2,1,1,0,D_vs_R,False,False,False,True,,"MIT Election Data and Science Lab, U.S. House 1976-2024",doi:10.7910/DVN/IG0UN2,2026-07-15
2014,House,IL-2,IL-2,IL,2,2014-11-08,General,ROBIN L KELLY,ERIC M WALLACE,,160337,43799,130,204266,78.49421832316685,21.44213917147249,57.05207915169436,D,True,True,True,2,1,1,0,D_vs_R,False,False,False,True,,"MIT Election Data and Science Lab, U.S. House 1976-2024",doi:10.7910/DVN/IG0UN2,2026-07-15
2014,House,IL-3,IL-3,IL,3,2014-11-08,General,DANIEL LIPINSKI,SHARON M BRANNIGAN,,116764,64091,0,180855,64.56221835171823,35.43778164828177,29.124436703436455,D,True,True,True,2,1,1,0,D_vs_R,False,False,False,True,,"MIT Election Data and Science Lab, U.S. House 1976-2024",doi:10.7910/DVN/IG0UN2,2026-07-15
2014,House,IL-4,IL-4,IL,4,2014-11-08,General,LUIS V GUTIERREZ,HECTOR CONCEPCION,,79666,22278,0,101944,78.14682570823197,21.85317429176803,56.29365141646394,D,True,True,True,2,1,1,0,D_vs_R,False,False,False,True,,"MIT Election Data and Science Lab, U.S. House 1976-2024",doi:10.7910/DVN/IG0UN2,2026-07-15
2014,House,IL-5,IL-5,IL,5,2014-11-08,General,MIKE QUIGLEY,VINCE KOLBER,NANCY WADE,116364,56350,11305,184019,63.2347746700069,30.62183796238432,32.61293670762258,D,True,True,True,3,1,1,1,D_vs_R,False,False,False,True,,"MIT Election Data and Science Lab, U.S. House 1976-2024",doi:10.7910/DVN/IG0UN2,2026-07-15
2014,House,IL-6,IL-6,IL,6,2014-11-08,General,MICHAEL MASON,PETER J ROSKAM,,78465,160287,0,238752,32.864646160032166,67.13535383996783,-34.27070767993567,R,True,True,True,2,1,1,0,D_vs_R,False,False,False,True,,"MIT Election Data and Science Lab, U.S. House 1976-2024",doi:10.7910/DVN/IG0UN2,2026-07-15
2014,House,IL-7,IL-7,IL,7,2014-11-08,General,DANNY K DAVIS,ROBERT L BUMPERS,,155110,27168,0,182278,85.09529400147028,14.90470599852972,70.19058800294056,D,True,True,True,2,1,1,0,D_vs_R,False,False,False,True,,"MIT Election Data and Science Lab, U.S. House 1976-2024",doi:10.7910/DVN/IG0UN2,2026-07-15
2014,House,IL-8,IL-8,IL,8,2014-11-08,General,TAMMY DUCKWORTH,LARRY KAIFESH,,84178,66878,0,151056,55.726353140557144,44.273646859442856,11.452706281114288,D,True,True,True,2,1,1,0,D_vs_R,False,False,False,True,,"MIT Election Data and Science Lab, U.S. House 1976-2024",doi:10.7910/DVN/IG0UN2,2026-07-15
2014,House,IL-9,IL-9,IL,9,2014-11-08,General,JANICE D SCHAKOWSKY,SUSANNE ATANUS,,141000,72384,66,213450,66.05762473647223,33.91145467322558,32.146170063246664,D,True,True,True,2,1,1,0,D_vs_R,False,False,False,True,,"MIT Election Data and Science Lab, U.S. House 1976-2024",doi:10.7910/DVN/IG0UN2,2026-07-15
2014,House,IL-10,IL-10,IL,10,2014-11-08,General,BRADLEY S SCHNEIDER,ROBERT DOLD,,91136,95992,0,187128,48.7024924116113,51.2975075883887,-2.595015176777393,R,True,True,True,2,1,1,0,D_vs_R,False,False,False,True,,"MIT Election Data and Science Lab, U.S. House 1976-2024",doi:10.7910/DVN/IG0UN2,2026-07-15
2014,House,IL-11,IL-11,IL,11,2014-11-08,General,BILL FOSTER,DARLENE SENGER,,93436,81335,1,174772,53.46165289634495,46.53777492962259,6.923877966722358,D,True,True,True,2,1,1,0,D_vs_R,False,False,False,True,,"MIT Election Data and Science Lab, U.S. House 1976-2024",doi:10.7910/DVN/IG0UN2,2026-07-15
2014,House,IL-12,IL-12,IL,12,2014-11-08,General,WILLIAM L ENYART,MIKE BOST,PAULA BRADSHAW,87860,110038,11840,209738,41.890358447205564,52.46450333272941,-10.574144885523845,R,True,True,True,3,1,1,1,D_vs_R,False,False,False,True,,"MIT Election Data and Science Lab, U.S. House 1976-2024",doi:10.7910/DVN/IG0UN2,2026-07-15
2014,House,IL-13,IL-13,IL,13,2014-11-08,General,ANN E CALLIS,RODNEY DAVIS,,86935,123337,0,210272,41.344068634910975,58.655931365089025,-17.311862730178056,R,True,True,True,2,1,1,0,D_vs_R,False,False,False,True,,"MIT Election Data and Science Lab, U.S. House 1976-2024",doi:10.7910/DVN/IG0UN2,2026-07-15
2014,House,IL-14,IL-14,IL,14,2014-11-08,General,DENNIS ANDERSON,RANDY HULTGREN,,76861,145369,0,222230,34.58623948161814,65.41376051838186,-30.827521036763713,R,True,True,True,2,1,1,0,D_vs_R,False,False,False,True,,"MIT Election Data and Science Lab, U.S. House 1976-2024",doi:10.7910/DVN/IG0UN2,2026-07-15
2014,House,IL-15,IL-15,IL,15,2014-11-08,General,ERIC THORSLAND,JOHN SHIMKUS,,55652,166274,0,221926,25.07682741093878,74.92317258906122,-49.84634517812244,R,True,True,True,2,1,1,0,D_vs_R,False,False,False,True,,"MIT Election Data and Science Lab, U.S. House 1976-2024",doi:10.7910/DVN/IG0UN2,2026-07-15
2014,House,IL-16,IL-16,IL,16,2014-11-08,General,RANDALL WAYNE OLSEN,ADAM KINZINGER,,63810,153388,0,217198,29.378723560990434,70.62127643900956,-41.24255287801913,R,True,True,True,2,1,1,0,D_vs_R,False,False,False,True,,"MIT Election Data and Science Lab, U.S. House 1976-2024",doi:10.7910/DVN/IG0UN2,2026-07-15
2014,House,IL-17,IL-17,IL,17,2014-11-08,General,CHERI BUSTOS,BOBBY SCHILLING,,110560,88785,16,199361,55.45718570833814,44.53478864973591,10.922397058602234,D,True,True,True,2,1,1,0,D_vs_R,False,False,False,True,,"MIT Election Data and Science Lab, U.S. House 1976-2024",doi:10.7910/DVN/IG0UN2,2026-07-15
2014,House,IL-18,IL-18,IL,18,2014-11-08,General,DARREL MILLER,AARON SCHOCK,,62377,184363,0,246740,25.280457161384454,74.71954283861555,-49.43908567723109,R,True,True,True,2,1,1,0,D_vs_R,False,False,False,True,,"MIT Election Data and Science Lab, U.S. House 1976-2024",doi:10.7910/DVN/IG0UN2,2026-07-15
2014,House,IN-1,IN-1,IN,1,2014-11-08,General,PETER J VISCLOSKY,MARK LEYVA,DONNA T DUNN,86579,51000,4714,142293,60.84557919223012,35.84153823448799,25.004040957742124,D,True,True,True,3,1,1,1,D_vs_R,False,False,False,True,,"MIT Election Data and Science Lab, U.S. House 1976-2024",doi:10.7910/DVN/IG0UN2,2026-07-15
2014,House,IN-2,IN-2,IN,2,2014-11-08,General,JOE BOCK,JACKIE WALORSKI,JEFF PETERMANN,55590,85583,4027,145200,38.28512396694215,58.94146005509642,-20.65633608815427,R,True,True,True,3,1,1,1,D_vs_R,False,False,False,True,,"MIT Election Data and Science Lab, U.S. House 1976-2024",doi:10.7910/DVN/IG0UN2,2026-07-15
2014,House,IN-3,IN-3,IN,3,2014-11-08,General,JUSTIN KUHNLE,MARLIN A STUTZMAN,SCOTT WISE,39771,97892,11130,148793,26.72907999704287,65.79072940259286,-39.06164940554999,R,True,True,True,3,1,1,1,D_vs_R,False,False,False,True,,"MIT Election Data and Science Lab, U.S. House 1976-2024",doi:10.7910/DVN/IG0UN2,2026-07-15
2014,House,IN-4,IN-4,IN,4,2014-11-08,General,JOHN DALE,TODD ROKITA,,47056,94998,0,142054,33.125431174060566,66.87456882593943,-33.74913765187886,R,True,True,True,2,1,1,0,D_vs_R,False,False,False,True,,"MIT Election Data and Science Lab, U.S. House 1976-2024",doi:10.7910/DVN/IG0UN2,2026-07-15
2014,House,IN-5,IN-5,IN,5,2014-11-08,General,SHAWN A DENNEY,SUSAN W BROOKS,JOHN KROM,49756,105277,6407,161440,30.8201189296333,65.21122398414272,-34.39110505450942,R,True,True,True,3,1,1,1,D_vs_R,False,False,False,True,,"MIT Election Data and Science Lab, U.S. House 1976-2024",doi:10.7910/DVN/IG0UN2,2026-07-15
2014,House,IN-6,IN-6,IN,6,2014-11-08,General,SUSAN HALL HEITZMAN,LUKE MESSER,ERIC MILLER,45509,102187,7375,155071,29.34720224929226,65.89691173720425,-36.54970948791199,R,True,True,True,3,1,1,1,D_vs_R,False,False,False,True,,"MIT Election Data and Science Lab, U.S. House 1976-2024",doi:10.7910/DVN/IG0UN2,2026-07-15
2014,House,IN-7,IN-7,IN,7,2014-11-08,General,ANDRE CARSON,"CATHERINE \""CAT\"" PING",CHRIS MAYO,61443,46887,3931,112261,54.73227567899805,41.76606301386946,12.966212665128584,D,True,True,True,3,1,1,1,D_vs_R,False,False,False,True,,"MIT Election Data and Science Lab, U.S. House 1976-2024",doi:10.7910/DVN/IG0UN2,2026-07-15
2014,House,IN-8,IN-8,IN,8,2014-11-08,General,TOM SPANGLER,LARRY BUCSHON,ANDREW HORNING,61384,103344,6587,171315,35.83107141814786,60.3239646265651,-24.492893208417243,R,True,True,True,3,1,1,1,D_vs_R,False,False,False,True,,"MIT Election Data and Science Lab, U.S. House 1976-2024",doi:10.7910/DVN/IG0UN2,2026-07-15
2014,House,IN-9,IN-9,IN,9,2014-11-08,General,BILL BAILEY,TODD C YOUNG,R MIKE FREY,55016,101594,6777,163387,33.67220158274526,62.179977599196995,-28.507776016451736,R,True,True,True,3,1,1,1,D_vs_R,False,False,False,True,,"MIT Election Data and Science Lab, U.S. House 1976-2024",doi:10.7910/DVN/IG0UN2,2026-07-15
2014,House,KS-1,KS-1,KS,1,2014-11-08,General,JAMES E SHEROW,TIM HUELSKAMP,,65397,138764,0,204161,32.0320727269165,67.9679272730835,-35.93585454616699,R,True,True,True,2,1,1,0,D_vs_R,False,False,False,True,,"MIT Election Data and Science Lab, U.S. House 1976-2024",doi:10.7910/DVN/IG0UN2,2026-07-15
2014,House,KS-2,KS-2,KS,2,2014-11-08,General,MARGIE WAKEFIELD,LYNN JENKINS,CHRISTOPHER CLEMMONS,87153,128742,9791,225686,38.61692794413477,57.04474358179063,-18.427815637655858,R,True,True,True,3,1,1,1,D_vs_R,False,False,False,True,,"MIT Election Data and Science Lab, U.S. House 1976-2024",doi:10.7910/DVN/IG0UN2,2026-07-15
2014,House,KS-3,KS-3,KS,3,2014-11-08,General,KELLY KULTALA,KEVIN YODER,,89584,134493,0,224077,39.97911432230885,60.02088567769115,-20.041771355382302,R,True,True,True,2,1,1,0,D_vs_R,False,False,False,True,,"MIT Election Data and Science Lab, U.S. House 1976-2024",doi:10.7910/DVN/IG0UN2,2026-07-15
2014,House,KS-4,KS-4,KS,4,2014-11-08,General,PERRY L SCHUCKMAN,MIKE POMPEO,,69396,138757,0,208153,33.33893818489285,66.66106181510716,-33.322123630214314,R,True,True,True,2,1,1,0,D_vs_R,False,False,False,True,,"MIT Election Data and Science Lab, U.S. House 1976-2024",doi:10.7910/DVN/IG0UN2,2026-07-15
2014,House,KY-1,KY-1,KY,1,2014-11-08,General,CHARLES KENDALL HATCHETT,ED WHITFIELD,,63596,173022,0,236618,26.877076131148094,73.1229238688519,-46.24584773770381,R,True,True,True,2,1,1,0,D_vs_R,False,False,False,True,,"MIT Election Data and Science Lab, U.S. House 1976-2024",doi:10.7910/DVN/IG0UN2,2026-07-15
2014,House,KY-2,KY-2,KY,2,2014-11-08,General,RON LEACH,BRETT GUTHRIE,,69898,156936,0,226834,30.81460451255103,69.18539548744897,-38.37079097489794,R,True,True,True,2,1,1,0,D_vs_R,False,False,False,True,,"MIT Election Data and Science Lab, U.S. House 1976-2024",doi:10.7910/DVN/IG0UN2,2026-07-15
2014,House,KY-3,KY-3,KY,3,2014-11-08,General,JOHN A YARMUTH,MICHAEL MACFARLANE,GREGORY PETER PUCCETTI,157056,87981,2318,247355,63.494168300620565,35.568717026136525,27.92545127448404,D,True,True,True,3,1,1,1,D_vs_R,False,False,False,True,,"MIT Election Data and Science Lab, U.S. House 1976-2024",doi:10.7910/DVN/IG0UN2,2026-07-15
2014,House,KY-4,KY-4,KY,4,2014-11-08,General,PETER NEWBERRY,THOMAS MASSIE,,71694,150464,0,222158,32.27162650005852,67.72837349994148,-35.45674699988297,R,True,True,True,2,1,1,0,D_vs_R,False,False,False,True,,"MIT Election Data and Science Lab, U.S. House 1976-2024",doi:10.7910/DVN/IG0UN2,2026-07-15
2014,House,KY-5,KY-5,KY,5,2014-11-08,General,KENNTH S STEPP,HAROLD ROGERS,,47617,171350,0,218967,21.746199198966053,78.25380080103395,-56.50760160206789,R,True,True,True,2,1,1,0,D_vs_R,False,False,False,True,,"MIT Election Data and Science Lab, U.S. House 1976-2024",doi:10.7910/DVN/IG0UN2,2026-07-15
2014,House,KY-6,KY-6,KY,6,2014-11-08,General,ELIZABETH JENSEN,ANDY BARR,,98290,147404,0,245694,40.00504692829292,59.99495307170708,-19.989906143414167,R,True,True,True,2,1,1,0,D_vs_R,False,False,False,True,,"MIT Election Data and Science Lab, U.S. House 1976-2024",doi:10.7910/DVN/IG0UN2,2026-07-15
2014,House,LA-1,LA-1,LA,1,2014-11-08,General,"M V \""VINNY\"" MENDOZA",STEVE SCALISE,"JEFFRY \""JEFF\"" SANFORD",24761,189250,8707,244004,10.147784462549794,77.5602039310831,-67.4124194685333,R,True,True,True,4,2,1,1,D_vs_R,False,False,False,True,,"MIT Election Data and Science Lab, U.S. House 1976-2024",doi:10.7910/DVN/IG0UN2,2026-07-15
2014,House,LA-2,LA-2,LA,2,2014-11-08,General,CEDRIC L RICHMOND,,DAVID BROOKS | SAMUEL DAVENPORT,152201,0,31564,221570,68.69206119962088,0.0,68.69206119962088,D,True,False,False,4,2,0,2,D_vs_D,False,False,False,False,Nonstandard general-election party structure: D_vs_D,"MIT Election Data and Science Lab, U.S. House 1976-2024",doi:10.7910/DVN/IG0UN2,2026-07-15
2014,House,LA-3,LA-3,LA,3,2014-11-08,General,,CHARLES W BOUSTANY JR,RUSSELL RICHARD,0,185867,28342,236268,0.0,78.66786869148594,-78.66786869148594,R,False,True,False,3,0,2,1,R_vs_R,False,False,False,False,Nonstandard general-election party structure: R_vs_R,"MIT Election Data and Science Lab, U.S. House 1976-2024",doi:10.7910/DVN/IG0UN2,2026-07-15
2014,House,LA-4,LA-4,LA,4,2014-11-08,General,,JOHN FLEMING,RANDALL LORD,0,152683,55236,207919,0.0,73.43388531110674,-73.43388531110674,R,False,True,False,2,0,1,1,R_vs_Other,False,False,False,False,Nonstandard general-election party structure: R_vs_Other,"MIT Election Data and Science Lab, U.S. House 1976-2024",doi:10.7910/DVN/IG0UN2,2026-07-15
2014,House,LA-5,LA-5,LA,5,2014-11-08,General,"\""JAMIE\"" MAYO",RALPH LEE ABRAHAM,CHARLES SAUCIER | ELIOT S BARRON,75006,134616,3856,326073,23.002824520889494,41.284006955497695,-18.2811824346082,R,True,True,True,9,1,6,2,D_vs_R,False,False,False,True,,"MIT Election Data and Science Lab, U.S. House 1976-2024",doi:10.7910/DVN/IG0UN2,2026-07-15
2014,House,LA-6,LA-6,LA,6,2014-11-08,General,EDWIN EDWARDS,GARRET GRAVES,RUFUS HOLT CRAIG JR,83781,139209,3561,332888,25.167924346927496,41.81856960899762,-16.650645262070125,R,True,True,True,12,3,8,1,D_vs_R,False,False,False,True,,"MIT Election Data and Science Lab, U.S. House 1976-2024",doi:10.7910/DVN/IG0UN2,2026-07-15
2014,House,MA-1,MA-1,MA,1,2014-11-08,General,RICHARD E NEAL,,BLANK VOTE | OTHER,167612,0,59463,227075,73.81349774303644,0.0,73.81349774303644,D,True,False,False,3,1,0,2,D_vs_Other,False,False,False,False,Nonstandard general-election party structure: D_vs_Other,"MIT Election Data and Science Lab, U.S. House 1976-2024",doi:10.7910/DVN/IG0UN2,2026-07-15
2014,House,MA-2,MA-2,MA,2,2014-11-08,General,JAMES P MCGOVERN,,BLANK VOTE | OTHER,169640,0,66173,235813,71.93835793616128,0.0,71.93835793616128,D,True,False,False,3,1,0,2,D_vs_Other,False,False,False,False,Nonstandard general-election party structure: D_vs_Other,"MIT Election Data and Science Lab, U.S. House 1976-2024",doi:10.7910/DVN/IG0UN2,2026-07-15
2014,House,MA-3,MA-3,MA,3,2014-11-08,General,NIKI TSONGAS,ROSEANN L EHRHARD WOFFORD,BLANK VOTE | OTHER,139104,81638,10047,230789,60.27323659273189,35.37343634228668,24.89980025044521,D,True,True,True,4,1,1,2,D_vs_R,False,False,False,True,,"MIT Election Data and Science Lab, U.S. House 1976-2024",doi:10.7910/DVN/IG0UN2,2026-07-15
2014,House,MA-4,MA-4,MA,4,2014-11-08,General,JOSEPH P KENNEDY III,,BLANK VOTE | OTHER,184158,0,71139,255297,72.1348076945675,0.0,72.1348076945675,D,True,False,False,3,1,0,2,D_vs_Other,False,False,False,False,Nonstandard general-election party structure: D_vs_Other,"MIT Election Data and Science Lab, U.S. House 1976-2024",doi:10.7910/DVN/IG0UN2,2026-07-15
2014,House,MA-5,MA-5,MA,5,2014-11-08,General,KATHERINE M CLARK,,BLANK VOTE | OTHER,182100,0,74386,256486,70.99802718277022,0.0,70.99802718277022,D,True,False,False,3,1,0,2,D_vs_Other,False,False,False,False,Nonstandard general-election party structure: D_vs_Other,"MIT Election Data and Science Lab, U.S. House 1976-2024",doi:10.7910/DVN/IG0UN2,2026-07-15
2014,House,MA-6,MA-6,MA,6,2014-11-08,General,SETH W MOULTON,RICHARD R TISEI,BLANK VOTE | CHRISTOPHER J STOCKWELL | OTHER,149638,111989,17292,278919,53.64926735001918,40.15108328941377,13.498184060605409,D,True,True,True,5,1,1,3,D_vs_R,False,False,False,True,,"MIT Election Data and Science Lab, U.S. House 1976-2024",doi:10.7910/DVN/IG0UN2,2026-07-15
2014,House,MA-7,MA-7,MA,7,2014-11-08,General,MICHAEL E CAPUANO,,BLANK VOTE | OTHER,142133,0,33944,176077,80.72207045781107,0.0,80.72207045781107,D,True,False,False,3,1,0,2,D_vs_Other,False,False,False,False,Nonstandard general-election party structure: D_vs_Other,"MIT Election Data and Science Lab, U.S. House 1976-2024",doi:10.7910/DVN/IG0UN2,2026-07-15
2014,House,MA-8,MA-8,MA,8,2014-11-08,General,STEPHEN F LYNCH,,BLANK VOTE | OTHER,200644,0,61137,261781,76.64574587154912,0.0,76.64574587154912,D,True,False,False,3,1,0,2,D_vs_Other,False,False,False,False,Nonstandard general-election party structure: D_vs_Other,"MIT Election Data and Science Lab, U.S. House 1976-2024",doi:10.7910/DVN/IG0UN2,2026-07-15
2014,House,MA-9,MA-9,MA,9,2014-11-08,General,WILLIAM R KEATING,JOHN C CHAPMAN,BLANK VOTE | OTHER,140413,114971,9168,264552,53.0757658229762,43.458752910580905,9.617012912395294,D,True,True,True,4,1,1,2,D_vs_R,False,False,False,True,,"MIT Election Data and Science Lab, U.S. House 1976-2024",doi:10.7910/DVN/IG0UN2,2026-07-15
2014,House,MD-1,MD-1,MD,1,2014-11-08,General,BILL TILGHMAN,ANDY HARRIS,,73843,176342,233,250418,29.487896237490915,70.41905933279557,-40.93116309530465,R,True,True,True,2,1,1,0,D_vs_R,False,False,False,True,,"MIT Election Data and Science Lab, U.S. House 1976-2024",doi:10.7910/DVN/IG0UN2,2026-07-15
2014,House,MD-2,MD-2,MD,2,2014-11-08,General,C A DUTCH RUPPERSBERGER,DAVID BANACH,IAN SCHLAKMAN,120412,70411,5531,196354,61.32393534127138,35.859213461401346,25.46472187987003,D,True,True,True,3,1,1,1,D_vs_R,False,False,False,True,,"MIT Election Data and Science Lab, U.S. House 1976-2024",doi:10.7910/DVN/IG0UN2,2026-07-15
2014,House,MD-3,MD-3,MD,3,2014-11-08,General,JOHN P SARBANES,CHARLES A LONG,,128594,87029,323,215946,59.54914654589573,40.30127902345957,19.247867522436163,D,True,True,True,2,1,1,0,D_vs_R,False,False,False,True,,"MIT Election Data and Science Lab, U.S. House 1976-2024",doi:10.7910/DVN/IG0UN2,2026-07-15
2014,House,MD-4,MD-4,MD,4,2014-11-08,General,DONNA F EDWARDS,NANCY HOYT,ARVIN VOHRA,134628,54217,2992,191837,70.17832847677977,28.26201410572517,41.9163143710546,D,True,True,True,3,1,1,1,D_vs_R,False,False,False,True,,"MIT Election Data and Science Lab, U.S. House 1976-2024",doi:10.7910/DVN/IG0UN2,2026-07-15
2014,House,MD-5,MD-5,MD,5,2014-11-08,General,STENY H HOYER,CHRIS CHAFFEE,,144725,80752,563,226040,64.0262785347726,35.724650504335514,28.30162803043709,D,True,True,True,2,1,1,0,D_vs_R,False,False,False,True,,"MIT Election Data and Science Lab, U.S. House 1976-2024",doi:10.7910/DVN/IG0UN2,2026-07-15
2014,House,MD-6,MD-6,MD,6,2014-11-08,General,JOHN K DELANEY,DAN BONGINO,GEORGE GLUCK,94704,91930,3902,190536,49.70399294621489,48.24810009656968,1.4558928496452115,D,True,True,True,3,1,1,1,D_vs_R,False,False,False,True,,"MIT Election Data and Science Lab, U.S. House 1976-2024",doi:10.7910/DVN/IG0UN2,2026-07-15
2014,House,MD-7,MD-7,MD,7,2014-11-08,General,ELIJAH E CUMMINGS,CORROGAN R VAUGHN,SCOTT SOFFEN,144639,55860,6310,206809,69.9384456189044,27.010429913591768,42.92801570531263,D,True,True,True,3,1,1,1,D_vs_R,False,False,False,True,,"MIT Election Data and Science Lab, U.S. House 1976-2024",doi:10.7910/DVN/IG0UN2,2026-07-15
2014,House,MD-8,MD-8,MD,8,2014-11-08,General,CHRIS VAN HOLLEN,DAVE WALLACE,,136722,87859,516,225097,60.739148011746046,39.03161748046398,21.70753053128207,D,True,True,True,2,1,1,0,D_vs_R,False,False,False,True,,"MIT Election Data and Science Lab, U.S. House 1976-2024",doi:10.7910/DVN/IG0UN2,2026-07-15
2014,House,ME-1,ME-1,ME,1,2014-11-08,General,CHELLIE PINGREE,ISAAC J MISIUK,BLANK VOTE | OTHER | RICHARD P MURPHY,186674,94751,40562,321987,57.9756325565939,29.426964442663834,28.548668113930066,D,True,True,True,5,1,1,3,D_vs_R,False,False,False,True,,"MIT Election Data and Science Lab, U.S. House 1976-2024",doi:10.7910/DVN/IG0UN2,2026-07-15
2014,House,ME-2,ME-2,ME,2,2014-11-08,General,EMILY ANN CAIN,BRUCE POLIQUIN,BLAINE RICHARDSON | BLANK VOTE | OTHER,118568,133320,43121,295009,40.19131619713297,45.1918416048324,-5.000525407699426,R,True,True,True,5,1,1,3,D_vs_R,False,False,False,True,,"MIT Election Data and Science Lab, U.S. House 1976-2024",doi:10.7910/DVN/IG0UN2,2026-07-15
2014,House,MI-1,MI-1,MI,1,2014-11-08,General,JERRY CANNON,DAN BENISHEK,ELLIS BOAL | LOEL ROBERT GNADT,113263,130414,6454,250131,45.28147250840559,52.13827954152024,-6.856807033114648,R,True,True,True,4,1,1,2,D_vs_R,False,False,False,True,,"MIT Election Data and Science Lab, U.S. House 1976-2024",doi:10.7910/DVN/IG0UN2,2026-07-15
2014,House,MI-2,MI-2,MI,2,2014-11-08,General,DEAN VANDERSTELT,BILL HUIZENGA,RONALD E GRAESER | RONALD WELCH II,70851,135568,6653,213072,33.25214012164902,63.62544116542765,-30.37330104377863,R,True,True,True,4,1,1,2,D_vs_R,False,False,False,True,,"MIT Election Data and Science Lab, U.S. House 1976-2024",doi:10.7910/DVN/IG0UN2,2026-07-15
2014,House,MI-3,MI-3,MI,3,2014-11-08,General,BOB GOODRICH,JUSTIN AMASH,TONYA DUNCAN,84720,125754,6691,217165,39.01181129555868,57.907121313287135,-18.895310017728455,R,True,True,True,3,1,1,1,D_vs_R,False,False,False,True,,"MIT Election Data and Science Lab, U.S. House 1976-2024",doi:10.7910/DVN/IG0UN2,2026-07-15
2014,House,MI-4,MI-4,MI,4,2014-11-08,General,JEFF HOLMES,JOHN MOOLENAAR,GEORGE M ZIMMER | WILL TYLER WHITE,85777,123962,9684,219423,39.092073301340335,56.49453338984519,-17.402460088504853,R,True,True,True,4,1,1,2,D_vs_R,False,False,False,True,,"MIT Election Data and Science Lab, U.S. House 1976-2024",doi:10.7910/DVN/IG0UN2,2026-07-15
2014,House,MI-5,MI-5,MI,5,2014-11-08,General,DANIEL T KILDEE,ALLEN HARDWICK,HAROLD H JONES,148182,69222,4734,222138,66.70718202198633,31.161710288199227,35.5454717337871,D,True,True,True,3,1,1,1,D_vs_R,False,False,False,True,,"MIT Election Data and Science Lab, U.S. House 1976-2024",doi:10.7910/DVN/IG0UN2,2026-07-15
2014,House,MI-6,MI-6,MI,6,2014-11-08,General,PAUL CLEMENTS,FRED UPTON,ERWIN J HAAS | JOHN M LAWRENCE,84391,116801,7784,208976,40.38310619401271,55.89206416047776,-15.508957966465049,R,True,True,True,4,1,1,2,D_vs_R,False,False,False,True,,"MIT Election Data and Science Lab, U.S. House 1976-2024",doi:10.7910/DVN/IG0UN2,2026-07-15
2014,House,MI-7,MI-7,MI,7,2014-11-08,General,PAM BYRNES,TIM WALBERG,DAVID SWARTOUT | KEN PROCTOR | RICK STRAWCUTTER,92083,119564,12038,223685,41.16637235397993,53.45195252252051,-12.285580168540582,R,True,True,True,5,1,1,3,D_vs_R,False,False,False,True,,"MIT Election Data and Science Lab, U.S. House 1976-2024",doi:10.7910/DVN/IG0UN2,2026-07-15
2014,House,MI-8,MI-8,MI,8,2014-11-08,General,ERIC SHERTZING,MIKE BISHOP,JAMES WEEKS II | JEREMY BURGESS | JIM CASHA,102269,132739,8117,243125,42.06437017994859,54.59701799485861,-12.532647814910026,R,True,True,True,5,1,1,3,D_vs_R,False,False,False,True,,"MIT Election Data and Science Lab, U.S. House 1976-2024",doi:10.7910/DVN/IG0UN2,2026-07-15
2014,House,MI-9,MI-9,MI,9,2014-11-08,General,SANDER M LEVIN,GEORGE BRIKHO,GREGORY CRESWELL | JOHN V MCDERMOTT,136342,81470,7945,225757,60.393254694206604,36.08747458550565,24.305780108700947,D,True,True,True,4,1,1,2,D_vs_R,False,False,False,True,,"MIT Election Data and Science Lab, U.S. House 1976-2024",doi:10.7910/DVN/IG0UN2,2026-07-15
2014,House,MI-10,MI-10,MI,10,2014-11-08,General,CHUCK STADLER,CANDICE S MILLER,HARLEY MIKKELSON,67143,157069,4480,228692,29.359575324016582,68.6814580308887,-39.321882706872124,R,True,True,True,3,1,1,1,D_vs_R,False,False,False,True,,"MIT Election Data and Science Lab, U.S. House 1976-2024",doi:10.7910/DVN/IG0UN2,2026-07-15
2014,House,MI-11,MI-11,MI,11,2014-11-08,General,BOBBY MCKENZIE,DAVE TROTT,JOHN J TATAR,101681,140435,9122,251238,40.47198274146427,55.89719708005955,-15.425214338595277,R,True,True,True,3,1,1,1,D_vs_R,False,False,False,True,,"MIT Election Data and Science Lab, U.S. House 1976-2024",doi:10.7910/DVN/IG0UN2,2026-07-15
2014,House,MI-12,MI-12,MI,12,2014-11-08,General,DEBBIE DINGELL,TERRY BOWMAN,BHAGWAN DASHAIRYA | GARY WALKOWICZ,134346,64716,7598,206660,65.00822607180876,31.315203716248913,33.693022355559854,D,True,True,True,4,1,1,2,D_vs_R,False,False,False,True,,"MIT Election Data and Science Lab, U.S. House 1976-2024",doi:10.7910/DVN/IG0UN2,2026-07-15
2014,House,MI-13,MI-13,MI,13,2014-11-08,General,JOHN CONYERS JR,JEFF GORMAN,CHRIS SHARER | SAM JOHNSON,132710,27234,7003,166947,79.49229396155665,16.31296159859117,63.17933236296549,D,True,True,True,4,1,1,2,D_vs_R,False,False,False,True,,"MIT Election Data and Science Lab, U.S. House 1976-2024",doi:10.7910/DVN/IG0UN2,2026-07-15
2014,House,MI-14,MI-14,MI,14,2014-11-08,General,BRENDA LAWRENCE,CHRISTINA L BARR,LEONARD SCHWARTZ | STEPHEN BOYLE,165272,41801,5395,212468,77.78677259634392,19.674021499708193,58.112751096635726,D,True,True,True,4,1,1,2,D_vs_R,False,False,False,True,,"MIT Election Data and Science Lab, U.S. House 1976-2024",doi:10.7910/DVN/IG0UN2,2026-07-15
2014,House,MN-1,MN-1,MN,1,2014-11-08,General,TIMOTHY J WALZ,JIM HAGEDORN,,122851,103536,308,226695,54.19219656366484,45.67193806656521,8.520258497099627,D,True,True,True,2,1,1,0,D_vs_R,False,False,False,True,,"MIT Election Data and Science Lab, U.S. House 1976-2024",doi:10.7910/DVN/IG0UN2,2026-07-15
2014,House,MN-2,MN-2,MN,2,2014-11-08,General,MIKE OBERMUELLER,JOHN KLINE,PAULA OBERBY,95565,137778,12505,245848,38.87157918714002,56.04194461618561,-17.17036542904559,R,True,True,True,3,1,1,1,D_vs_R,False,False,False,True,,"MIT Election Data and Science Lab, U.S. House 1976-2024",doi:10.7910/DVN/IG0UN2,2026-07-15
2014,House,MN-3,MN-3,MN,3,2014-11-08,General,SHARON SUND,ERIK PAULSEN,,101846,167515,224,269585,37.778808168110245,62.13810115547972,-24.359292987369475,R,True,True,True,2,1,1,0,D_vs_R,False,False,False,True,,"MIT Election Data and Science Lab, U.S. House 1976-2024",doi:10.7910/DVN/IG0UN2,2026-07-15
2014,House,MN-4,MN-4,MN,4,2014-11-08,General,BETTY MCCOLLUM,SHARNA WAHLGREN,DAVE THOMAS,147857,79492,14288,241637,61.18971846199051,32.897279804003524,28.29243865798698,D,True,True,True,3,1,1,1,D_vs_R,False,False,False,True,,"MIT Election Data and Science Lab, U.S. House 1976-2024",doi:10.7910/DVN/IG0UN2,2026-07-15
2014,House,MN-5,MN-5,MN,5,2014-11-08,General,KEITH ELLISON,DOUG DAGGETT,LEE BAUER,167079,56577,12354,236010,70.79318672937588,23.97228930977501,46.82089741960086,D,True,True,True,3,1,1,1,D_vs_R,False,False,False,True,,"MIT Election Data and Science Lab, U.S. House 1976-2024",doi:10.7910/DVN/IG0UN2,2026-07-15
2014,House,MN-6,MN-6,MN,6,2014-11-08,General,JOE PERSKE,TOM EMMER,JOHN DENNEY,90926,133328,12592,236846,38.39034646985805,56.293118735380794,-17.902772265522746,R,True,True,True,3,1,1,1,D_vs_R,False,False,False,True,,"MIT Election Data and Science Lab, U.S. House 1976-2024",doi:10.7910/DVN/IG0UN2,2026-07-15
2014,House,MN-7,MN-7,MN,7,2014-11-08,General,COLLIN C PETERSON,TORREY WESTROM,,130546,109955,334,240835,54.20557643199701,45.655739406647704,8.549837025349305,D,True,True,True,2,1,1,0,D_vs_R,False,False,False,True,,"MIT Election Data and Science Lab, U.S. House 1976-2024",doi:10.7910/DVN/IG0UN2,2026-07-15
2014,House,MN-8,MN-8,MN,8,2014-11-08,General,RICHARD M NOLAN,STEWART MILLS,RAY SKIP SANDMAN,129090,125358,11635,266083,48.5149370685087,47.1123671936952,1.402569874813498,D,True,True,True,3,1,1,1,D_vs_R,False,False,False,True,,"MIT Election Data and Science Lab, U.S. House 1976-2024",doi:10.7910/DVN/IG0UN2,2026-07-15
2014,House,MO-1,MO-1,MO,1,2014-11-08,General,WM LACY CLAY,DANIEL J ELDER,ROBB E CUNNINGHAM,119315,35273,8906,163494,72.97821326776518,21.574492030288575,51.4037212374766,D,True,True,True,3,1,1,1,D_vs_R,False,False,False,True,,"MIT Election Data and Science Lab, U.S. House 1976-2024",doi:10.7910/DVN/IG0UN2,2026-07-15
2014,House,MO-2,MO-2,MO,2,2014-11-08,General,ARTHUR LIEBER,ANN WAGNER,BILL SLANTZ,75384,148191,7542,231117,32.61724581056348,64.11947195576266,-31.502226145199185,R,True,True,True,3,1,1,1,D_vs_R,False,False,False,True,,"MIT Election Data and Science Lab, U.S. House 1976-2024",doi:10.7910/DVN/IG0UN2,2026-07-15
2014,House,MO-3,MO-3,MO,3,2014-11-08,General,COURTNEY DENTON,BLAINE LUETKEMEYER,STEVEN HEDRICK,52021,130940,8659,191620,27.148001252478863,68.3331593779355,-41.18515812545663,R,True,True,True,3,1,1,1,D_vs_R,False,False,False,True,,"MIT Election Data and Science Lab, U.S. House 1976-2024",doi:10.7910/DVN/IG0UN2,2026-07-15
2014,House,MO-4,MO-4,MO,4,2014-11-08,General,NATE IRVIN,VICKY HARTZLER,HERSCHEL L YOUNG,46464,120014,9808,176286,26.357169599400972,68.07914411808085,-41.72197451867987,R,True,True,True,3,1,1,1,D_vs_R,False,False,False,True,,"MIT Election Data and Science Lab, U.S. House 1976-2024",doi:10.7910/DVN/IG0UN2,2026-07-15
2014,House,MO-5,MO-5,MO,5,2014-11-08,General,EMANUEL CLEAVER,JACOB TURK,ROY WELBORN,79256,69071,5308,153635,51.58720343671689,44.957854655514694,6.6293487812022,D,True,True,True,3,1,1,1,D_vs_R,False,False,False,True,,"MIT Election Data and Science Lab, U.S. House 1976-2024",doi:10.7910/DVN/IG0UN2,2026-07-15
2014,House,MO-6,MO-6,MO,6,2014-11-08,General,"W A \""BILL\"" HEDGE",SAM GRAVES,RUSS MONCHIL,55157,124616,7197,186970,29.500454618387977,66.65026474835535,-37.14981012996738,R,True,True,True,3,1,1,1,D_vs_R,False,False,False,True,,"MIT Election Data and Science Lab, U.S. House 1976-2024",doi:10.7910/DVN/IG0UN2,2026-07-15
2014,House,MO-7,MO-7,MO,7,2014-11-08,General,JIM EVANS,BILLY LONG,KEVIN CRAIG,47282,104054,12621,163957,28.83804900065261,63.46420097952512,-34.62615197887251,R,True,True,True,3,1,1,1,D_vs_R,False,False,False,True,,"MIT Election Data and Science Lab, U.S. House 1976-2024",doi:10.7910/DVN/IG0UN2,2026-07-15
2014,House,MO-8,MO-8,MO,8,2014-11-08,General,BARBARA STOCKER,JASON T SMITH,DOUG ENYART | RICK VANDEVEN | TERRY HAMPTON,38721,106124,14379,159224,24.31857006481435,66.65075616741194,-42.332186102597596,R,True,True,True,5,1,1,3,D_vs_R,False,False,False,True,,"MIT Election Data and Science Lab, U.S. House 1976-2024",doi:10.7910/DVN/IG0UN2,2026-07-15
2014,House,MS-1,MS-1,MS,1,2014-11-08,General,RON E DICKEY,ALAN NUNNELEE,DANNY BEDWELL | LAJENA WALLEY,43713,102622,4776,151111,28.92774185863372,67.91166758210852,-38.9839257234748,R,True,True,True,4,1,1,2,D_vs_R,False,False,False,True,,"MIT Election Data and Science Lab, U.S. House 1976-2024",doi:10.7910/DVN/IG0UN2,2026-07-15
2014,House,MS-2,MS-2,MS,2,2014-11-08,General,BENNIE G THOMPSON,,SHELLEY SHOEMAKE | TROY RAY,100688,0,47958,148646,67.73677058245765,0.0,67.73677058245765,D,True,False,False,3,1,0,2,D_vs_Other,False,False,False,False,Nonstandard general-election party structure: D_vs_Other,"MIT Election Data and Science Lab, U.S. House 1976-2024",doi:10.7910/DVN/IG0UN2,2026-07-15
2014,House,MS-3,MS-3,MS,3,2014-11-08,General,"DOUGLAS MACARTHUR \""DOUG\"" MAGEE",GREGG HARPER,BARBARA DALE WASHER | ROGER GERRARD,47744,117771,5431,170946,27.929287611292455,68.89368572531677,-40.96439811402431,R,True,True,True,4,1,1,2,D_vs_R,False,False,False,True,,"MIT Election Data and Science Lab, U.S. House 1976-2024",doi:10.7910/DVN/IG0UN2,2026-07-15
2014,House,MS-4,MS-4,MS,4,2014-11-08,General,MATT MOORE,STEVEN M PALAZZO,"CINDY BURLESON | ED REICH | ELI \""SARGE\"" JACKSON | JOEY ROBINSON",37869,108776,8931,155576,24.34115801923176,69.91823931711832,-45.577081297886565,R,True,True,True,6,1,1,4,D_vs_R,False,False,False,True,,"MIT Election Data and Science Lab, U.S. House 1976-2024",doi:10.7910/DVN/IG0UN2,2026-07-15
2014,House,MT-AL,MT-AL,MT,AL,2014-11-08,General,JOHN LEWIS,RYAN ZINKE,MIKE FELLOWS,148690,203871,15402,367963,40.408954161152074,55.40529890233529,-14.996344741183217,R,True,True,True,3,1,1,1,D_vs_R,False,False,False,True,,"MIT Election Data and Science Lab, U.S. House 1976-2024",doi:10.7910/DVN/IG0UN2,2026-07-15
2014,House,NC-1,NC-1,NC,1,2014-11-08,General,G K BUTTERFIELD,ARTHUR RICH,,154333,55990,0,210323,73.37904080866096,26.620959191339036,46.75808161732193,D,True,True,True,2,1,1,0,D_vs_R,False,False,False,True,,"MIT Election Data and Science Lab, U.S. House 1976-2024",doi:10.7910/DVN/IG0UN2,2026-07-15
2014,House,NC-2,NC-2,NC,2,2014-11-08,General,CLAY AIKEN,RENEE L ELLMERS,,85479,122128,0,207607,41.17346717596227,58.82653282403773,-17.65306564807545,R,True,True,True,2,1,1,0,D_vs_R,False,False,False,True,,"MIT Election Data and Science Lab, U.S. House 1976-2024",doi:10.7910/DVN/IG0UN2,2026-07-15
2014,House,NC-3,NC-3,NC,3,2014-11-08,General,MARSHALL ADAME,WALTER B JONES,,66182,139415,0,205597,32.190158416708414,67.80984158329159,-35.61968316658317,R,True,True,True,2,1,1,0,D_vs_R,False,False,False,True,,"MIT Election Data and Science Lab, U.S. House 1976-2024",doi:10.7910/DVN/IG0UN2,2026-07-15
2014,House,NC-4,NC-4,NC,4,2014-11-08,General,DAVID E PRICE,PAUL WRIGHT,,169946,57416,0,227362,74.74687942576156,25.25312057423844,49.49375885152312,D,True,True,True,2,1,1,0,D_vs_R,False,False,False,True,,"MIT Election Data and Science Lab, U.S. House 1976-2024",doi:10.7910/DVN/IG0UN2,2026-07-15
2014,House,NC-5,NC-5,NC,5,2014-11-08,General,"JOSHUA \""JOSH\"" BRANNON",VIRGINIA FOXX,,88973,139279,0,228252,38.980162276781805,61.019837723218195,-22.039675446436394,R,True,True,True,2,1,1,0,D_vs_R,False,False,False,True,,"MIT Election Data and Science Lab, U.S. House 1976-2024",doi:10.7910/DVN/IG0UN2,2026-07-15
2014,House,NC-6,NC-6,NC,6,2014-11-08,General,LAURA FJELD,MARK WALKER,,103758,147312,0,251070,41.3263233361214,58.6736766638786,-17.3473533277572,R,True,True,True,2,1,1,0,D_vs_R,False,False,False,True,,"MIT Election Data and Science Lab, U.S. House 1976-2024",doi:10.7910/DVN/IG0UN2,2026-07-15
2014,House,NC-7,NC-7,NC,7,2014-11-08,General,JONATHAN BARFIELD JR,DAVID ROUZER,J WESLEY CASTEEN,84054,134431,8019,226504,37.1092784233391,59.3503867481369,-22.241108324797796,R,True,True,True,3,1,1,1,D_vs_R,False,False,False,True,,"MIT Election Data and Science Lab, U.S. House 1976-2024",doi:10.7910/DVN/IG0UN2,2026-07-15
2014,House,NC-8,NC-8,NC,8,2014-11-08,General,ANTONIO BLUE,RICHARD HUDSON,,65854,121568,0,187422,35.136750221425444,64.86324977857456,-29.726499557149108,R,True,True,True,2,1,1,0,D_vs_R,False,False,False,True,,"MIT Election Data and Science Lab, U.S. House 1976-2024",doi:10.7910/DVN/IG0UN2,2026-07-15
2014,House,NC-9,NC-9,NC,9,2014-11-08,General,,ROBERT PITTENGER,,0,163080,10588,173668,0.0,93.9033097634567,-93.9033097634567,R,False,True,False,1,0,1,0,R_unopposed,True,False,True,False,Nonstandard general-election party structure: R_unopposed,"MIT Election Data and Science Lab, U.S. House 1976-2024",doi:10.7910/DVN/IG0UN2,2026-07-15
2014,House,NC-10,NC-10,NC,10,2014-11-08,General,TATE MACQUEEN,PATRICK T MCHENRY,,85292,133504,0,218796,38.982431123055264,61.017568876944736,-22.03513775388947,R,True,True,True,2,1,1,0,D_vs_R,False,False,False,True,,"MIT Election Data and Science Lab, U.S. House 1976-2024",doi:10.7910/DVN/IG0UN2,2026-07-15
2014,House,NC-11,NC-11,NC,11,2014-11-08,General,TOM HILL,MARK MEADOWS,,85342,144682,0,230024,37.10134594650993,62.89865405349007,-25.79730810698014,R,True,True,True,2,1,1,0,D_vs_R,False,False,False,True,,"MIT Election Data and Science Lab, U.S. House 1976-2024",doi:10.7910/DVN/IG0UN2,2026-07-15
2014,House,NC-12,NC-12,NC,12,2014-11-08,General,ALMA ADAMS,VINCE COAKLEY,,130096,42568,0,172664,75.34633739517213,24.653662604827876,50.69267479034425,D,True,True,True,2,1,1,0,D_vs_R,False,False,False,True,,"MIT Election Data and Science Lab, U.S. House 1976-2024",doi:10.7910/DVN/IG0UN2,2026-07-15
2014,House,NC-13,NC-13,NC,13,2014-11-08,General,BRENDA CLEARY,GEORGE HOLDING,,114718,153991,0,268709,42.69228049674555,57.30771950325445,-14.6154390065089,R,True,True,True,2,1,1,0,D_vs_R,False,False,False,True,,"MIT Election Data and Science Lab, U.S. House 1976-2024",doi:10.7910/DVN/IG0UN2,2026-07-15
2014,House,ND-AL,ND-AL,ND,AL,2014-11-08,General,,KEVIN CRAMER,"GEORGE SINNER | ROBERT J \""JACK\"" SEAMAN",0,138100,110570,248670,0.0,55.53544858648007,-55.53544858648007,R,False,True,False,3,0,1,2,R_vs_Other,False,False,False,False,Nonstandard general-election party structure: R_vs_Other,"MIT Election Data and Science Lab, U.S. House 1976-2024",doi:10.7910/DVN/IG0UN2,2026-07-15
2014,House,NE-1,NE-1,NE,1,2014-11-08,General,DENNIS P CRAWFORD,JEFF FORTENBERRY,,55838,123219,0,179057,31.18448315340925,68.81551684659075,-37.6310336931815,R,True,True,True,2,1,1,0,D_vs_R,False,False,False,True,,"MIT Election Data and Science Lab, U.S. House 1976-2024",doi:10.7910/DVN/IG0UN2,2026-07-15
2014,House,NE-2,NE-2,NE,2,2014-11-08,General,BRAD ASHFORD,LEE TERRY,STEVEN LAIRD,83872,78157,9480,171509,48.90238996204281,45.57020331294568,3.332186649097132,D,True,True,True,3,1,1,1,D_vs_R,False,False,False,True,,"MIT Election Data and Science Lab, U.S. House 1976-2024",doi:10.7910/DVN/IG0UN2,2026-07-15
2014,House,NE-3,NE-3,NE,3,2014-11-08,General,MARK SULLIVAN,ADRIAN SMITH,,45524,139440,0,184964,24.612356999199843,75.38764300080015,-50.775286001600314,R,True,True,True,2,1,1,0,D_vs_R,False,False,False,True,,"MIT Election Data and Science Lab, U.S. House 1976-2024",doi:10.7910/DVN/IG0UN2,2026-07-15
2014,House,NH-1,NH-1,NH,1,2014-11-08,General,CAROL SHEA-PORTER,FRANK C GUINTA,,116769,125508,459,242736,48.10534902115879,51.705556654142775,-3.6002076329839827,R,True,True,True,2,1,1,0,D_vs_R,False,False,False,True,,"MIT Election Data and Science Lab, U.S. House 1976-2024",doi:10.7910/DVN/IG0UN2,2026-07-15
2014,House,NH-2,NH-2,NH,2,2014-11-08,General,ANN M KUSTER,MARILINDA GARCIA,,130700,106871,613,238184,54.873543143116244,44.86909280220334,10.004450340912907,D,True,True,True,2,1,1,0,D_vs_R,False,False,False,True,,"MIT Election Data and Science Lab, U.S. House 1976-2024",doi:10.7910/DVN/IG0UN2,2026-07-15
2014,House,NJ-1,NJ-1,NJ,1,2014-11-08,General,DONALD W NORCROSS,GARRY W COBB,DONALD E LETTON | MARGARET M CHAPMAN | MIKE BERMAN | ROBERT SHAPIRO | SCOT JOHN TOMASZEWSKI,93315,64073,5104,162492,57.42744258178864,39.431479703616176,17.995962878172463,D,True,True,True,7,1,1,5,D_vs_R,False,False,False,True,,"MIT Election Data and Science Lab, U.S. House 1976-2024",doi:10.7910/DVN/IG0UN2,2026-07-15
2014,House,NJ-2,NJ-2,NJ,2,2014-11-08,General,WILLIAM J HUGHES JR,FRANK A LOBIONDO,ALEXANDER H SPANO | BAYODE OLABISI | COSTANTINO ROZZO | GARY STEIN,66026,108875,2247,177148,37.27165985503647,61.45990922844175,-24.188249373405288,R,True,True,True,6,1,1,4,D_vs_R,False,False,False,True,,"MIT Election Data and Science Lab, U.S. House 1976-2024",doi:10.7910/DVN/IG0UN2,2026-07-15
2014,House,NJ-3,NJ-3,NJ,3,2014-11-08,General,AIMEE BELGARD,TOM MACARTHUR,FREDERICK JOHN LAVERGNE,82537,100471,3095,186103,44.350171679123925,53.986770766725954,-9.636599087602027,R,True,True,True,3,1,1,1,D_vs_R,False,False,False,True,,"MIT Election Data and Science Lab, U.S. House 1976-2024",doi:10.7910/DVN/IG0UN2,2026-07-15
2014,House,NJ-4,NJ-4,NJ,4,2014-11-08,General,RUBEN M SCOLAVINO,CHRISTOPHER H SMITH,SCOTT NEUMAN,54415,118826,1608,174849,31.12113881120281,67.9592105187905,-36.83807170758769,R,True,True,True,3,1,1,1,D_vs_R,False,False,False,True,,"MIT Election Data and Science Lab, U.S. House 1976-2024",doi:10.7910/DVN/IG0UN2,2026-07-15
2014,House,NJ-5,NJ-5,NJ,5,2014-11-08,General,ROY CHO,SCOTT GARRETT,MARK D QUICK,81808,104678,2435,188921,43.302756178508474,55.40834528718353,-12.105589108675055,R,True,True,True,3,1,1,1,D_vs_R,False,False,False,True,,"MIT Election Data and Science Lab, U.S. House 1976-2024",doi:10.7910/DVN/IG0UN2,2026-07-15
2014,House,NJ-6,NJ-6,NJ,6,2014-11-08,General,FRANK PALLONE JR,ANTHONY E WILKINSON,DORIT GOIKHMAN,72190,46891,1376,120457,59.93009953759433,38.92758411715384,21.00251542044049,D,True,True,True,3,1,1,1,D_vs_R,False,False,False,True,,"MIT Election Data and Science Lab, U.S. House 1976-2024",doi:10.7910/DVN/IG0UN2,2026-07-15
2014,House,NJ-7,NJ-7,NJ,7,2014-11-08,General,JANICE KOVACH,LEONARD LANCE,JAMES GAWRON,68232,104287,3478,175997,38.768842650727,59.2549873009199,-20.4861446501929,R,True,True,True,3,1,1,1,D_vs_R,False,False,False,True,,"MIT Election Data and Science Lab, U.S. House 1976-2024",doi:10.7910/DVN/IG0UN2,2026-07-15
2014,House,NJ-8,NJ-8,NJ,8,2014-11-08,General,ALBIO SIRES,JUDE ANTHONY TISCORNIA,HERBERT H SHAW | PABLO OLIVERA | ROBERT THORNE,61510,15141,2867,79518,77.35355516989864,19.04097185542896,58.31258331446968,D,True,True,True,5,1,1,3,D_vs_R,False,False,False,True,,"MIT Election Data and Science Lab, U.S. House 1976-2024",doi:10.7910/DVN/IG0UN2,2026-07-15
2014,House,NJ-9,NJ-9,NJ,9,2014-11-08,General,BILL PASCRELL,DIERDRE G PAUL,NESTOR MONTILLA,82498,36246,1715,120459,68.48637295677368,30.089906109132567,38.39646684764111,D,True,True,True,3,1,1,1,D_vs_R,False,False,False,True,,"MIT Election Data and Science Lab, U.S. House 1976-2024",doi:10.7910/DVN/IG0UN2,2026-07-15
2014,House,NJ-10,NJ-10,NJ,10,2014-11-08,General,DONALD M PAYNE JR,YOLANDA DENTLEY,DARK ANGEL | GWENDOLYN A FRANKLIN,95734,14154,2235,112123,85.38301686540674,12.623636542011898,72.75938032339484,D,True,True,True,4,1,1,2,D_vs_R,False,False,False,True,,"MIT Election Data and Science Lab, U.S. House 1976-2024",doi:10.7910/DVN/IG0UN2,2026-07-15
2014,House,NJ-11,NJ-11,NJ,11,2014-11-08,General,MARK DUNEC,RODNEY P FRELINGHUYSEN,,65477,109455,0,174932,37.42997278942675,62.57002721057325,-25.140054421146502,R,True,True,True,2,1,1,0,D_vs_R,False,False,False,True,,"MIT Election Data and Science Lab, U.S. House 1976-2024",doi:10.7910/DVN/IG0UN2,2026-07-15
2014,House,NJ-12,NJ-12,NJ,12,2014-11-08,General,BONNIE WATSON,ALIETA ECK,ALLEN J CANNON | DON DEZARN | JACK FREUDENHEIM | KENNETH J CODY | STEVEN WELZER,90430,54168,3768,148366,60.95062211018697,36.50971246781608,24.440909642370894,D,True,True,True,7,1,1,5,D_vs_R,False,False,False,True,,"MIT Election Data and Science Lab, U.S. House 1976-2024",doi:10.7910/DVN/IG0UN2,2026-07-15
2014,House,NM-1,NM-1,NM,1,2014-11-08,General,MICHELLE LUJAN GRISHAM,MICHAEL H FRESE,,105474,74558,0,180032,58.586251333096335,41.413748666903665,17.172502666192678,D,True,True,True,2,1,1,0,D_vs_R,False,False,False,True,,"MIT Election Data and Science Lab, U.S. House 1976-2024",doi:10.7910/DVN/IG0UN2,2026-07-15
2014,House,NM-2,NM-2,NM,2,2014-11-08,General,"ROXANNE \""ROCKY\"" LARA",STEVEN PEARCE,,52499,95209,69,147777,35.52582607577634,64.42748194915312,-28.90165587337678,R,True,True,True,2,1,1,0,D_vs_R,False,False,False,True,,"MIT Election Data and Science Lab, U.S. House 1976-2024",doi:10.7910/DVN/IG0UN2,2026-07-15
2014,House,NM-3,NM-3,NM,3,2014-11-08,General,BEN RAY LUJAN,JEFFERSON L BYRD,,113249,70775,52,184076,61.52295790868989,38.448792889893305,23.074165018796585,D,True,True,True,2,1,1,0,D_vs_R,False,False,False,True,,"MIT Election Data and Science Lab, U.S. House 1976-2024",doi:10.7910/DVN/IG0UN2,2026-07-15
2014,House,NV-1,NV-1,NV,1,2014-11-08,General,DINA TITUS,ANNETTE TEIJEIRO,"KAMAU BAKARI | RICHARD \""RICARDO CARLOS\"" CHARLES",45643,30413,4243,80299,56.841305620244334,37.87469333366543,18.96661228657891,D,True,True,True,4,1,1,2,D_vs_R,False,False,False,True,,"MIT Election Data and Science Lab, U.S. House 1976-2024",doi:10.7910/DVN/IG0UN2,2026-07-15
2014,House,NV-2,NV-2,NV,2,2014-11-08,General,KRISTEN SPEES,MARK E AMODEI,JANINE HANSEN,52016,122402,11792,186210,27.934052950969335,65.73331185220987,-37.799258901240535,R,True,True,True,3,1,1,1,D_vs_R,False,False,False,True,,"MIT Election Data and Science Lab, U.S. House 1976-2024",doi:10.7910/DVN/IG0UN2,2026-07-15
2014,House,NV-3,NV-3,NV,3,2014-11-08,General,ERIN BILBRAY,JOSEPH J HECK,DAVID GOOSSEN | RANDY KIMMICK | STEVEN ST JOHN,52644,88528,4547,145719,36.12706647726103,60.75254428043014,-24.62547780316911,R,True,True,True,5,1,1,3,D_vs_R,False,False,False,True,,"MIT Election Data and Science Lab, U.S. House 1976-2024",doi:10.7910/DVN/IG0UN2,2026-07-15
2014,House,NV-4,NV-4,NV,4,2014-11-08,General,STEVEN A HORSFORD,CRESENT HARDY,RUSSELL BEST | STEVE BROWN,59844,63466,7471,130781,45.75894051888271,48.52845596837461,-2.7695154494918985,R,True,True,True,4,1,1,2,D_vs_R,False,False,False,True,,"MIT Election Data and Science Lab, U.S. House 1976-2024",doi:10.7910/DVN/IG0UN2,2026-07-15
2014,House,NY-1,NY-1,NY,1,2014-11-08,General,TIMOTHY H BISHOP,LEE M ZELDIN,BLANK VOTE/VOID VOTE/SCATTERING | LEE M ZELDIN | TIMOTHY H BISHOP | TIMOTHY H BISHOP,68387,77062,31270,176719,38.6981592245316,43.60708243029895,-4.908923205767348,R,True,True,True,6,1,1,4,D_vs_R,False,False,False,True,,"MIT Election Data and Science Lab, U.S. House 1976-2024",doi:10.7910/DVN/IG0UN2,2026-07-15
2014,House,NY-2,NY-2,NY,2,2014-11-08,General,PATRICIA MAHER,PETER T KING,BLANK VOTE/VOID VOTE/SCATTERING | PETER T KING | PETER T KING | WILLIAM D STEVESON,41814,76659,28144,146617,28.519203093774937,52.28520567192072,-23.76600257814578,R,True,True,True,6,1,1,4,D_vs_R,False,False,False,True,,"MIT Election Data and Science Lab, U.S. House 1976-2024",doi:10.7910/DVN/IG0UN2,2026-07-15
2014,House,NY-3,NY-3,NY,3,2014-11-08,General,STEVE ISRAEL,GRANT M LALLY,BLANK VOTE/VOID VOTE/SCATTERING | GRANT M LALLY | STEVE ISRAEL | STEVE ISRAEL,80393,63219,27551,171163,46.96867897851755,36.93496842191362,10.033710556603939,D,True,True,True,6,1,1,4,D_vs_R,False,False,False,True,,"MIT Election Data and Science Lab, U.S. House 1976-2024",doi:10.7910/DVN/IG0UN2,2026-07-15
2014,House,NY-4,NY-4,NY,4,2014-11-08,General,KATHLEEN M RICE,BRUCE A BLAKEMAN,BLANK VOTE/VOID VOTE/SCATTERING | BRUCE A BLAKEMAN | BRUCE A BLAKEMAN | KATHLEEN M RICE,83772,67811,23722,175305,47.78642936596218,38.68172613445139,9.104703231510795,D,True,True,True,6,1,1,4,D_vs_R,False,False,False,True,,"MIT Election Data and Science Lab, U.S. House 1976-2024",doi:10.7910/DVN/IG0UN2,2026-07-15
2014,House,NY-5,NY-5,NY,5,2014-11-08,General,GREGORY W MEEKS,,ALLEN F STEINHARDT | BLANK VOTE/VOID VOTE/SCATTERING,75712,0,18688,94400,80.20338983050847,0.0,80.20338983050847,D,True,False,False,3,1,0,2,D_vs_Other,False,False,False,False,Nonstandard general-election party structure: D_vs_Other,"MIT Election Data and Science Lab, U.S. House 1976-2024",doi:10.7910/DVN/IG0UN2,2026-07-15
2014,House,NY-6,NY-6,NY,6,2014-11-08,General,GRACE MENG,,BLANK VOTE/VOID VOTE/SCATTERING | GRACE MENG,49227,0,28079,77306,63.67811036659509,0.0,63.67811036659509,D,True,False,False,3,1,0,2,D_vs_Other,False,False,False,False,Nonstandard general-election party structure: D_vs_Other,"MIT Election Data and Science Lab, U.S. House 1976-2024",doi:10.7910/DVN/IG0UN2,2026-07-15
2014,House,NY-7,NY-7,NY,7,2014-11-08,General,NYDIA M VELAZQUEZ,JOSE LUIS FERNANDEZ,ALLAN E ROMAGUERA | BLANK VOTE/VOID VOTE/SCATTERING | NYDIA M VELAZQUEZ,47142,5713,15667,68522,68.79834213829135,8.337468258369574,60.46087387992178,D,True,True,True,5,1,1,3,D_vs_R,False,False,False,True,,"MIT Election Data and Science Lab, U.S. House 1976-2024",doi:10.7910/DVN/IG0UN2,2026-07-15
2014,House,NY-8,NY-8,NY,8,2014-11-08,General,HAKEEM S JEFFRIES,,ALAN BELLONE | BLANK VOTE/VOID VOTE/SCATTERING | HAKEEM S JEFFRIES,70469,0,24644,95113,74.08976690883476,0.0,74.08976690883476,D,True,False,False,4,1,0,3,D_vs_Other,False,False,False,False,Nonstandard general-election party structure: D_vs_Other,"MIT Election Data and Science Lab, U.S. House 1976-2024",doi:10.7910/DVN/IG0UN2,2026-07-15
2014,House,NY-9,NY-9,NY,9,2014-11-08,General,YVETTE D CLARKE,,BLANK VOTE/VOID VOTE/SCATTERING | DANIEL J CAVANAGH | YVETTE D CLARKE,70997,0,30609,101606,69.87481054268449,0.0,69.87481054268449,D,True,False,False,4,1,0,3,D_vs_Other,False,False,False,False,Nonstandard general-election party structure: D_vs_Other,"MIT Election Data and Science Lab, U.S. House 1976-2024",doi:10.7910/DVN/IG0UN2,2026-07-15
2014,House,NY-10,NY-10,NY,10,2014-11-08,General,JERROLD NADLER,,BLANK VOTE/VOID VOTE/SCATTERING | JERROLD NADLER | MICHAEL J DILGER | ROSS BRADY,73945,0,39281,113226,65.30743822090332,0.0,65.30743822090332,D,True,False,False,5,1,0,4,D_vs_Other,False,False,False,False,Nonstandard general-election party structure: D_vs_Other,"MIT Election Data and Science Lab, U.S. House 1976-2024",doi:10.7910/DVN/IG0UN2,2026-07-15
2014,House,NY-11,NY-11,NY,11,2014-11-08,General,DOMENIC M RECCHIA JR,MICHAEL G GRIMM,BLANK VOTE/VOID VOTE/SCATTERING | DOMENIC M RECCHIA JR | HENRY J BARDEL | MICHAEL G GRIMM | MICHAEL G GRIMM,41429,48291,21279,110999,37.32375967351057,43.50579734952567,-6.182037676015099,R,True,True,True,7,1,1,5,D_vs_R,False,False,False,True,,"MIT Election Data and Science Lab, U.S. House 1976-2024",doi:10.7910/DVN/IG0UN2,2026-07-15
2014,House,NY-12,NY-12,NY,12,2014-11-08,General,CAROLYN B MALONEY,NICHOLAS S DI IORIO,BLANK VOTE/VOID VOTE/SCATTERING | CAROLYN B MALONEY | NICHOLAS S DI IORIO | NICHOLAS S DI IORIO,78440,19564,19416,117420,66.80292965423267,16.66155680463294,50.141372849599726,D,True,True,True,6,1,1,4,D_vs_R,False,False,False,True,,"MIT Election Data and Science Lab, U.S. House 1976-2024",doi:10.7910/DVN/IG0UN2,2026-07-15
2014,House,NY-13,NY-13,NY,13,2014-11-08,General,CHARLES B RANGEL,,BLANK VOTE/VOID VOTE/SCATTERING | CHARLES B RANGEL | DANIEL VILA RIVERA,63437,0,28397,91834,69.0779014308426,0.0,69.0779014308426,D,True,False,False,4,1,0,3,D_vs_Other,False,False,False,False,Nonstandard general-election party structure: D_vs_Other,"MIT Election Data and Science Lab, U.S. House 1976-2024",doi:10.7910/DVN/IG0UN2,2026-07-15
2014,House,NY-14,NY-14,NY,14,2014-11-08,General,JOSEPH CROWLEY,,BLANK VOTE/VOID VOTE/SCATTERING | ELIZABETH PERRI | JOSEPH CROWLEY,45370,0,22002,67372,67.342516178828,0.0,67.342516178828,D,True,False,False,4,1,0,3,D_vs_Other,False,False,False,False,Nonstandard general-election party structure: D_vs_Other,"MIT Election Data and Science Lab, U.S. House 1976-2024",doi:10.7910/DVN/IG0UN2,2026-07-15
2014,House,NY-15,NY-15,NY,15,2014-11-08,General,JOSE E SERRANO,,BLANK VOTE/VOID VOTE/SCATTERING | EDUARDO RAMIREZ | JOSE E SERRANO | WILLIAM EDSTROM,53128,0,8140,61268,86.71410850688777,0.0,86.71410850688777,D,True,False,False,5,1,0,4,D_vs_Other,False,False,False,False,Nonstandard general-election party structure: D_vs_Other,"MIT Election Data and Science Lab, U.S. House 1976-2024",doi:10.7910/DVN/IG0UN2,2026-07-15
2014,House,NY-16,NY-16,NY,16,2014-11-08,General,ELIOT L ENGEL,,BLANK VOTE/VOID VOTE/SCATTERING | ELIOT L ENGEL,90088,0,48567,138655,64.97277415167142,0.0,64.97277415167142,D,True,False,False,3,1,0,2,D_vs_Other,False,False,False,False,Nonstandard general-election party structure: D_vs_Other,"MIT Election Data and Science Lab, U.S. House 1976-2024",doi:10.7910/DVN/IG0UN2,2026-07-15
2014,House,NY-17,NY-17,NY,17,2014-11-08,General,NITA M LOWEY,CHRISTOPHER E DAY,BLANK VOTE/VOID VOTE/SCATTERING | CHRISTOPHER E DAY | NITA M LOWEY,89295,63549,28830,181674,49.1512269229499,34.97968889329238,14.171538029657519,D,True,True,True,5,1,1,3,D_vs_R,False,False,False,True,,"MIT Election Data and Science Lab, U.S. House 1976-2024",doi:10.7910/DVN/IG0UN2,2026-07-15
2014,House,NY-18,NY-18,NY,18,2014-11-08,General,SEAN PATRICK MALONEY,NAN HAYWORTH,BLANK VOTE/VOID VOTE/SCATTERING | NAN HAYWORTH | NAN HAYWORTH | SCOTT A SMITH | SEAN PATRICK MALONEY,76235,66523,43957,186715,40.82960661971454,35.62809629649466,5.201510323219881,D,True,True,True,7,1,1,5,D_vs_R,False,False,False,True,,"MIT Election Data and Science Lab, U.S. House 1976-2024",doi:10.7910/DVN/IG0UN2,2026-07-15
2014,House,NY-19,NY-19,NY,19,2014-11-08,General,SEAN S ELDRIDGE,CHRISTOPHER P GIBSON,BLANK VOTE/VOID VOTE/SCATTERING | CHRISTOPHER P GIBSON | CHRISTOPHER P GIBSON | SEAN S ELDRIDGE,60533,102118,47700,210351,28.77713916263769,48.54647707878736,-19.769337916149674,R,True,True,True,6,1,1,4,D_vs_R,False,False,False,True,,"MIT Election Data and Science Lab, U.S. House 1976-2024",doi:10.7910/DVN/IG0UN2,2026-07-15
2014,House,NY-20,NY-20,NY,20,2014-11-08,General,PAUL TONKO,JAMES M FISCHER,BLANK VOTE/VOID VOTE/SCATTERING | JAMES M FISCHER | PAUL TONKO | PAUL TONKO,103437,61820,46708,211965,48.79909419007855,29.165192366664307,19.63390182341424,D,True,True,True,6,1,1,4,D_vs_R,False,False,False,True,,"MIT Election Data and Science Lab, U.S. House 1976-2024",doi:10.7910/DVN/IG0UN2,2026-07-15
2014,House,NY-21,NY-21,NY,21,2014-11-08,General,AARON G WOOLF,ELISE M STEFANIK,AARON G WOOLF | BLANK VOTE/VOID VOTE/SCATTERING | ELISE M STEFANIK | ELISE M STEFANIK | MATTHEW J FUNICIELLO,53140,79615,48803,181558,29.268883772678702,43.851000782119215,-14.582117009440509,R,True,True,True,7,1,1,5,D_vs_R,False,False,False,True,,"MIT Election Data and Science Lab, U.S. House 1976-2024",doi:10.7910/DVN/IG0UN2,2026-07-15
2014,House,NY-22,NY-22,NY,22,2014-11-08,General,,RICHARD L HANNA,BLANK VOTE/VOID VOTE/SCATTERING | RICHARD L HANNA,0,113574,61798,175372,0.0,64.76176356544944,-64.76176356544944,R,False,True,False,3,0,1,2,R_vs_Other,False,False,False,False,Nonstandard general-election party structure: R_vs_Other,"MIT Election Data and Science Lab, U.S. House 1976-2024",doi:10.7910/DVN/IG0UN2,2026-07-15
2014,House,NY-23,NY-23,NY,23,2014-11-08,General,MARTHA ROBERTSON,TOM REED,BLANK VOTE/VOID VOTE/SCATTERING | MARTHA ROBERTSON | TOM REED | TOM REED,60233,94375,35946,190554,31.609412554971293,49.52664336618491,-17.91723081121362,R,True,True,True,6,1,1,4,D_vs_R,False,False,False,True,,"MIT Election Data and Science Lab, U.S. House 1976-2024",doi:10.7910/DVN/IG0UN2,2026-07-15
2014,House,NY-24,NY-24,NY,24,2014-11-08,General,DANIEL B MAFFEI,JOHN M KATKO,BLANK VOTE/VOID VOTE/SCATTERING | DANIEL B MAFFEI | JOHN M KATKO | JOHN M KATKO,72631,93881,36905,203417,35.705472010697235,46.1519931962422,-10.446521185544965,R,True,True,True,6,1,1,4,D_vs_R,False,False,False,True,,"MIT Election Data and Science Lab, U.S. House 1976-2024",doi:10.7910/DVN/IG0UN2,2026-07-15
2014,House,NY-25,NY-25,NY,25,2014-11-08,General,LOUISE MCINTOSH SLAUGHTER,MARK W ASSINI,BLANK VOTE/VOID VOTE/SCATTERING | LOUISE MCINTOSH SLAUGHTER | MARK W ASSINI,87264,75990,33262,196516,44.40554458670032,38.6686071363146,5.736937450385719,D,True,True,True,5,1,1,3,D_vs_R,False,False,False,True,,"MIT Election Data and Science Lab, U.S. House 1976-2024",doi:10.7910/DVN/IG0UN2,2026-07-15
2014,House,NY-26,NY-26,NY,26,2014-11-08,General,BRIAN HIGGINS,KATHLEEN A WEPPNER,BLANK VOTE/VOID VOTE/SCATTERING | BRIAN HIGGINS | KATHLEEN A WEPPNER,100648,38477,34786,173911,57.87328001104013,22.124534963285818,35.74874504775431,D,True,True,True,5,1,1,3,D_vs_R,False,False,False,True,,"MIT Election Data and Science Lab, U.S. House 1976-2024",doi:10.7910/DVN/IG0UN2,2026-07-15
2014,House,NY-27,NY-27,NY,27,2014-11-08,General,JAMES D O'DONNELL,CHRIS COLLINS,BLANK VOTE/VOID VOTE/SCATTERING | CHRIS COLLINS | CHRIS COLLINS | JAMES D O'DONNELL,50939,109171,55037,215147,23.676370109738922,50.742515582369265,-27.066145472630343,R,True,True,True,6,1,1,4,D_vs_R,False,False,False,True,,"MIT Election Data and Science Lab, U.S. House 1976-2024",doi:10.7910/DVN/IG0UN2,2026-07-15
2014,House,OH-1,OH-1,OH,1,2014-11-08,General,FRED KUNDRATA,STEVE CHABOT,,72604,124779,0,197383,36.783309606197086,63.216690393802914,-26.433380787605824,R,True,True,True,2,1,1,0,D_vs_R,False,False,False,True,,"MIT Election Data and Science Lab, U.S. House 1976-2024",doi:10.7910/DVN/IG0UN2,2026-07-15
2014,House,OH-2,OH-2,OH,2,2014-11-08,General,MAREK TYSZKIEWICZ,BRAD R WENSTRUP,,68453,132658,0,201111,34.03742212012272,65.96257787987729,-31.925155759754563,R,True,True,True,2,1,1,0,D_vs_R,False,False,False,True,,"MIT Election Data and Science Lab, U.S. House 1976-2024",doi:10.7910/DVN/IG0UN2,2026-07-15
2014,House,OH-3,OH-3,OH,3,2014-11-08,General,JOYCE BEATTY,JOHN ADAMS,,91769,51475,17,143261,64.05721026657639,35.93092327988776,28.12628698668863,D,True,True,True,2,1,1,0,D_vs_R,False,False,False,True,,"MIT Election Data and Science Lab, U.S. House 1976-2024",doi:10.7910/DVN/IG0UN2,2026-07-15
2014,House,OH-4,OH-4,OH,4,2014-11-08,General,JANET GARRETT,JIM JORDAN,,60165,125907,0,186072,32.33425770669418,67.66574229330581,-35.33148458661164,R,True,True,True,2,1,1,0,D_vs_R,False,False,False,True,,"MIT Election Data and Science Lab, U.S. House 1976-2024",doi:10.7910/DVN/IG0UN2,2026-07-15
2014,House,OH-5,OH-5,OH,5,2014-11-08,General,ROBERT L FRY,ROBERT E LATTA,ERIC EBERLY,58507,134449,9344,202300,28.920909540286704,66.46020761245674,-37.53929807217004,R,True,True,True,3,1,1,1,D_vs_R,False,False,False,True,,"MIT Election Data and Science Lab, U.S. House 1976-2024",doi:10.7910/DVN/IG0UN2,2026-07-15
2014,House,OH-6,OH-6,OH,6,2014-11-08,General,JENNIFER GARRISON,BILL JOHNSON,DENNIS LAMBERT,73561,111026,6065,190652,38.58391204917861,58.23489918804943,-19.65098713887082,R,True,True,True,3,1,1,1,D_vs_R,False,False,False,True,,"MIT Election Data and Science Lab, U.S. House 1976-2024",doi:10.7910/DVN/IG0UN2,2026-07-15
2014,House,OH-7,OH-7,OH,7,2014-11-08,General,,BOB GIBBS,,0,143959,0,143959,0.0,100.0,-100.0,R,False,True,False,1,0,1,0,R_unopposed,True,False,True,False,Nonstandard general-election party structure: R_unopposed,"MIT Election Data and Science Lab, U.S. House 1976-2024",doi:10.7910/DVN/IG0UN2,2026-07-15
2014,House,OH-8,OH-8,OH,8,2014-11-08,General,TOM POETTER,JOHN A BOEHNER,JAMES J CONDIT JR,51534,126539,10257,188330,27.363670153454045,67.190038761748,-39.826368608293954,R,True,True,True,3,1,1,1,D_vs_R,False,False,False,True,,"MIT Election Data and Science Lab, U.S. House 1976-2024",doi:10.7910/DVN/IG0UN2,2026-07-15
2014,House,OH-9,OH-9,OH,9,2014-11-08,General,MARCY KAPTUR,RICHARD MAY,,108870,51704,141,160715,67.74103226207883,32.171234794512024,35.56979746756681,D,True,True,True,2,1,1,0,D_vs_R,False,False,False,True,,"MIT Election Data and Science Lab, U.S. House 1976-2024",doi:10.7910/DVN/IG0UN2,2026-07-15
2014,House,OH-10,OH-10,OH,10,2014-11-08,General,ROBERT KLEPINGER,MICHAEL R TURNER,DAVID A HARLOW,63249,130752,6605,200606,31.528967229295237,65.17850911737436,-33.64954188807912,R,True,True,True,3,1,1,1,D_vs_R,False,False,False,True,,"MIT Election Data and Science Lab, U.S. House 1976-2024",doi:10.7910/DVN/IG0UN2,2026-07-15
2014,House,OH-11,OH-11,OH,11,2014-11-08,General,MARCIA L FUDGE,MARK ZETZER,,137105,35461,0,172566,79.45076086830547,20.54923913169454,58.90152173661092,D,True,True,True,2,1,1,0,D_vs_R,False,False,False,True,,"MIT Election Data and Science Lab, U.S. House 1976-2024",doi:10.7910/DVN/IG0UN2,2026-07-15
2014,House,OH-12,OH-12,OH,12,2014-11-08,General,DAVID ARTHUR TIBBS,PATRICK J TIBERI,BOB HART,61360,150573,9148,221081,27.754533406308095,68.10761666538508,-40.35308325907699,R,True,True,True,3,1,1,1,D_vs_R,False,False,False,True,,"MIT Election Data and Science Lab, U.S. House 1976-2024",doi:10.7910/DVN/IG0UN2,2026-07-15
2014,House,OH-13,OH-13,OH,13,2014-11-08,General,TIM RYAN,THOMAS PEKAREK,,120230,55233,86,175549,68.48800050128455,31.46301032760084,37.0249901736837,D,True,True,True,2,1,1,0,D_vs_R,False,False,False,True,,"MIT Election Data and Science Lab, U.S. House 1976-2024",doi:10.7910/DVN/IG0UN2,2026-07-15
2014,House,OH-14,OH-14,OH,14,2014-11-08,General,MICHAEL WAGER,DAVID P JOYCE,DAVID MACKO,70856,135736,7988,214580,33.02078478888993,63.256594277192654,-30.23580948830273,R,True,True,True,3,1,1,1,D_vs_R,False,False,False,True,,"MIT Election Data and Science Lab, U.S. House 1976-2024",doi:10.7910/DVN/IG0UN2,2026-07-15
2014,House,OH-15,OH-15,OH,15,2014-11-08,General,SCOTT WHARTON,STEVE STIVERS,,66125,128496,0,194621,33.976292383658496,66.02370761634151,-32.04741523268301,R,True,True,True,2,1,1,0,D_vs_R,False,False,False,True,,"MIT Election Data and Science Lab, U.S. House 1976-2024",doi:10.7910/DVN/IG0UN2,2026-07-15
2014,House,OH-16,OH-16,OH,16,2014-11-08,General,PETE CROSSLAND,JAMES B RENACCI,,75199,132176,0,207375,36.26232670283303,63.73767329716697,-27.475346594333935,R,True,True,True,2,1,1,0,D_vs_R,False,False,False,True,,"MIT Election Data and Science Lab, U.S. House 1976-2024",doi:10.7910/DVN/IG0UN2,2026-07-15
2014,House,OK-1,OK-1,OK,1,2014-11-08,General,,JIM BRIDENSTINE,,0,1,0,1,0.0,100.0,-100.0,R,False,True,False,1,0,1,0,R_unopposed,True,False,True,False,Nonstandard general-election party structure: R_unopposed,"MIT Election Data and Science Lab, U.S. House 1976-2024",doi:10.7910/DVN/IG0UN2,2026-07-15
2014,House,OK-2,OK-2,OK,2,2014-11-08,General,EARL E EVERETT,MARKWAYNE MULLIN,JON DOUTHITT,38964,110925,8518,158407,24.59739784226707,70.02531453786764,-45.42791669560057,R,True,True,True,3,1,1,1,D_vs_R,False,False,False,True,,"MIT Election Data and Science Lab, U.S. House 1976-2024",doi:10.7910/DVN/IG0UN2,2026-07-15
2014,House,OK-3,OK-3,OK,3,2014-11-08,General,FRANKIE ROBBINS,FRANK D LUCAS,,36270,133335,0,169605,21.384982754046167,78.61501724595384,-57.23003449190767,R,True,True,True,2,1,1,0,D_vs_R,False,False,False,True,,"MIT Election Data and Science Lab, U.S. House 1976-2024",doi:10.7910/DVN/IG0UN2,2026-07-15
2014,House,OK-4,OK-4,OK,4,2014-11-08,General,BERT SMITH,TOM COLE,DENNIS B JOHNSON,40998,117721,7549,166268,24.65778141314023,70.80195828421584,-46.144176871075615,R,True,True,True,3,1,1,1,D_vs_R,False,False,False,True,,"MIT Election Data and Science Lab, U.S. House 1976-2024",doi:10.7910/DVN/IG0UN2,2026-07-15
2014,House,OK-5,OK-5,OK,5,2014-11-08,General,AL MCAFFREY,STEVE RUSSELL,BUDDY RAY | ROBERT T MURPHY | TOM BOGGS,57790,95632,5711,159133,36.31553480422037,60.0956432669528,-23.780108462732432,R,True,True,True,5,1,1,3,D_vs_R,False,False,False,True,,"MIT Election Data and Science Lab, U.S. House 1976-2024",doi:10.7910/DVN/IG0UN2,2026-07-15
2014,House,OR-1,OR-1,OR,1,2014-11-08,General,SUZANNE BONAMICI,JASON YATES,JAMES FOSTER | OTHER | STEVEN C REYNOLDS,160038,96245,22970,279253,57.30932165455698,34.46516241544406,22.84415923911292,D,True,True,True,5,1,1,3,D_vs_R,False,False,False,True,,"MIT Election Data and Science Lab, U.S. House 1976-2024",doi:10.7910/DVN/IG0UN2,2026-07-15
2014,House,OR-2,OR-2,OR,2,2014-11-08,General,AELEA CHRISTOFFERSON,GREG WALDEN,OTHER | SHARON L DURBIN,73785,202374,11266,287425,25.67104462033574,70.40932417152301,-44.73827955118727,R,True,True,True,4,1,1,2,D_vs_R,False,False,False,True,,"MIT Election Data and Science Lab, U.S. House 1976-2024",doi:10.7910/DVN/IG0UN2,2026-07-15
2014,House,OR-3,OR-3,OR,3,2014-11-08,General,EARL BLUMENAUER,JAMES BUCHAL,DAVID WALKER | JEFFREY J LANGAN | MICHAEL MEO | OTHER,211748,57424,23585,292757,72.32892808711662,19.614902461768633,52.714025625347986,D,True,True,True,6,1,1,4,D_vs_R,False,False,False,True,,"MIT Election Data and Science Lab, U.S. House 1976-2024",doi:10.7910/DVN/IG0UN2,2026-07-15
2014,House,OR-4,OR-4,OR,4,2014-11-08,General,PETER A DEFAZIO,ART ROBINSON,DAVID L CHESTER | MIKE BEILSTEIN | OTHER,181624,116534,12021,310179,58.55457655095928,37.56991930465957,20.98465724629972,D,True,True,True,5,1,1,3,D_vs_R,False,False,False,True,,"MIT Election Data and Science Lab, U.S. House 1976-2024",doi:10.7910/DVN/IG0UN2,2026-07-15
2014,House,OR-5,OR-5,OR,5,2014-11-08,General,KURT SCHRADER,TOOTIE SMITH,DANIEL K SOUZA | MARVIN SANNES | OTHER | RAYMOND BALDWIN,150944,110332,19812,281088,53.69990892531876,39.251764571948996,14.448144353369763,D,True,True,True,6,1,1,4,D_vs_R,False,False,False,True,,"MIT Election Data and Science Lab, U.S. House 1976-2024",doi:10.7910/DVN/IG0UN2,2026-07-15
2014,House,PA-1,PA-1,PA,1,2014-11-08,General,ROBERT A BRADY,MEGAN RATH,,131248,27193,0,158441,82.83714442600085,17.162855573999153,65.6742888520017,D,True,True,True,2,1,1,0,D_vs_R,False,False,False,True,,"MIT Election Data and Science Lab, U.S. House 1976-2024",doi:10.7910/DVN/IG0UN2,2026-07-15
2014,House,PA-2,PA-2,PA,2,2014-11-08,General,CHAKA FATTAH,ARMOND JAMES,,181141,25397,0,206538,87.70347345282708,12.296526547172917,75.40694690565417,D,True,True,True,2,1,1,0,D_vs_R,False,False,False,True,,"MIT Election Data and Science Lab, U.S. House 1976-2024",doi:10.7910/DVN/IG0UN2,2026-07-15
2014,House,PA-3,PA-3,PA,3,2014-11-08,General,DAN LAVALLEE,MIKE KELLY,,73931,113859,0,187790,39.3689759838117,60.6310240161883,-21.26204803237659,R,True,True,True,2,1,1,0,D_vs_R,False,False,False,True,,"MIT Election Data and Science Lab, U.S. House 1976-2024",doi:10.7910/DVN/IG0UN2,2026-07-15
2014,House,PA-4,PA-4,PA,4,2014-11-08,General,LINDA DELIAH THOMPSON,SCOTT PERRY,,50250,147090,0,197340,25.463666768014594,74.53633323198541,-49.07266646397081,R,True,True,True,2,1,1,0,D_vs_R,False,False,False,True,,"MIT Election Data and Science Lab, U.S. House 1976-2024",doi:10.7910/DVN/IG0UN2,2026-07-15
2014,House,PA-5,PA-5,PA,5,2014-11-08,General,KERITH STRANO TAYLOR,GLENN THOMPSON,,65839,115018,0,180857,36.403899213190535,63.596100786809465,-27.192201573618938,R,True,True,True,2,1,1,0,D_vs_R,False,False,False,True,,"MIT Election Data and Science Lab, U.S. House 1976-2024",doi:10.7910/DVN/IG0UN2,2026-07-15
2014,House,PA-6,PA-6,PA,6,2014-11-08,General,MANAN TRIVEDI,RYAN COSTELLO,,92901,119643,0,212544,43.70906729900632,56.29093270099368,-12.581865401987352,R,True,True,True,2,1,1,0,D_vs_R,False,False,False,True,,"MIT Election Data and Science Lab, U.S. House 1976-2024",doi:10.7910/DVN/IG0UN2,2026-07-15
2014,House,PA-7,PA-7,PA,7,2014-11-08,General,MARY ELLEN BALCHUNIS,PATRICK MEEHAN,,89256,145869,0,235125,37.961084529505584,62.038915470494416,-24.077830940988836,R,True,True,True,2,1,1,0,D_vs_R,False,False,False,True,,"MIT Election Data and Science Lab, U.S. House 1976-2024",doi:10.7910/DVN/IG0UN2,2026-07-15
2014,House,PA-8,PA-8,PA,8,2014-11-08,General,KEVIN STROUSE,MICHAEL G FITZPATRICK,,84767,137731,0,222498,38.097870542656565,61.902129457343435,-23.804258914686873,R,True,True,True,2,1,1,0,D_vs_R,False,False,False,True,,"MIT Election Data and Science Lab, U.S. House 1976-2024",doi:10.7910/DVN/IG0UN2,2026-07-15
2014,House,PA-9,PA-9,PA,9,2014-11-08,General,ALANNA HARTZOK,BILL SHUSTER,,63223,110094,0,173317,36.478245065400394,63.521754934599606,-27.043509869199212,R,True,True,True,2,1,1,0,D_vs_R,False,False,False,True,,"MIT Election Data and Science Lab, U.S. House 1976-2024",doi:10.7910/DVN/IG0UN2,2026-07-15
2014,House,PA-10,PA-10,PA,10,2014-11-08,General,SCOTT F BRION,TOM MARINO,NICHOLAS TROIANO,44737,112851,22734,180322,24.809507436696578,62.583045884584244,-37.77353844788767,R,True,True,True,3,1,1,1,D_vs_R,False,False,False,True,,"MIT Election Data and Science Lab, U.S. House 1976-2024",doi:10.7910/DVN/IG0UN2,2026-07-15
2014,House,PA-11,PA-11,PA,11,2014-11-08,General,ANDY OSTROWSKI,LOU BARLETTA,,62228,122464,0,184692,33.69285080025123,66.30714919974876,-32.61429839949754,R,True,True,True,2,1,1,0,D_vs_R,False,False,False,True,,"MIT Election Data and Science Lab, U.S. House 1976-2024",doi:10.7910/DVN/IG0UN2,2026-07-15
2014,House,PA-12,PA-12,PA,12,2014-11-08,General,ERIN MCCLELLAND,KEITH J ROTHFUS,,87928,127993,0,215921,40.722301212017356,59.277698787982644,-18.555397575965284,R,True,True,True,2,1,1,0,D_vs_R,False,False,False,True,,"MIT Election Data and Science Lab, U.S. House 1976-2024",doi:10.7910/DVN/IG0UN2,2026-07-15
2014,House,PA-13,PA-13,PA,13,2014-11-08,General,BRENDAN F BOYLE,CARSON DEE ADCOCK,,123601,60549,0,184150,67.11973934292696,32.88026065707304,34.239478685853925,D,True,True,True,2,1,1,0,D_vs_R,False,False,False,True,,"MIT Election Data and Science Lab, U.S. House 1976-2024",doi:10.7910/DVN/IG0UN2,2026-07-15
2014,House,PA-14,PA-14,PA,14,2014-11-08,General,MICHAEL F DOYLE,,,148351,0,0,148351,100.0,0.0,100.0,D,True,False,False,1,1,0,0,D_unopposed,True,True,False,False,Nonstandard general-election party structure: D_unopposed,"MIT Election Data and Science Lab, U.S. House 1976-2024",doi:10.7910/DVN/IG0UN2,2026-07-15
2014,House,PA-15,PA-15,PA,15,2014-11-08,General,,CHARLES W DENT,,0,128285,0,128285,0.0,100.0,-100.0,R,False,True,False,1,0,1,0,R_unopposed,True,False,True,False,Nonstandard general-election party structure: R_unopposed,"MIT Election Data and Science Lab, U.S. House 1976-2024",doi:10.7910/DVN/IG0UN2,2026-07-15
2014,House,PA-16,PA-16,PA,16,2014-11-08,General,TOM HOUGHTON,JOSEPH R PITTS,,74513,101722,0,176235,42.28047777115783,57.71952222884217,-15.439044457684341,R,True,True,True,2,1,1,0,D_vs_R,False,False,False,True,,"MIT Election Data and Science Lab, U.S. House 1976-2024",doi:10.7910/DVN/IG0UN2,2026-07-15
2014,House,PA-17,PA-17,PA,17,2014-11-08,General,MATT CARTWRIGHT,DAVID J MOYLAN,,93680,71371,0,165051,56.75821412775445,43.24178587224555,13.516428255508904,D,True,True,True,2,1,1,0,D_vs_R,False,False,False,True,,"MIT Election Data and Science Lab, U.S. House 1976-2024",doi:10.7910/DVN/IG0UN2,2026-07-15
2014,House,PA-18,PA-18,PA,18,2014-11-08,General,,TIM MURPHY,,0,166076,0,166076,0.0,100.0,-100.0,R,False,True,False,1,0,1,0,R_unopposed,True,False,True,False,Nonstandard general-election party structure: R_unopposed,"MIT Election Data and Science Lab, U.S. House 1976-2024",doi:10.7910/DVN/IG0UN2,2026-07-15
2014,House,RI-1,RI-1,RI,1,2014-11-08,General,DAVID N CICILLINE,COMICK BRENDAN LYNCH,,87060,58877,416,146353,59.48631049585591,40.22944524539982,19.256865250456087,D,True,True,True,2,1,1,0,D_vs_R,False,False,False,True,,"MIT Election Data and Science Lab, U.S. House 1976-2024",doi:10.7910/DVN/IG0UN2,2026-07-15
2014,House,RI-2,RI-2,RI,2,2014-11-08,General,JAMES R LANGEVIN,RHUE R REIS,,105716,63844,344,169904,62.221018928336,37.57651379602599,24.64450513231001,D,True,True,True,2,1,1,0,D_vs_R,False,False,False,True,,"MIT Election Data and Science Lab, U.S. House 1976-2024",doi:10.7910/DVN/IG0UN2,2026-07-15
2014,House,SC-1,SC-1,SC,1,2014-11-08,General,,MARK SANFORD,,0,119392,8423,127815,0.0,93.41000665023667,-93.41000665023667,R,False,True,False,1,0,1,0,R_unopposed,True,False,True,False,Nonstandard general-election party structure: R_unopposed,"MIT Election Data and Science Lab, U.S. House 1976-2024",doi:10.7910/DVN/IG0UN2,2026-07-15
2014,House,SC-2,SC-2,SC,2,2014-11-08,General,PHIL BLACK,JOE WILSON,HAROLD GEDDINGS III,68719,121649,4440,194808,35.27524536980001,62.445587450207384,-27.170342080407377,R,True,True,True,3,1,1,1,D_vs_R,False,False,False,True,,"MIT Election Data and Science Lab, U.S. House 1976-2024",doi:10.7910/DVN/IG0UN2,2026-07-15
2014,House,SC-3,SC-3,SC,3,2014-11-08,General,BARBARA JO MULLIS,JEFF DUNCAN,,47181,116741,87,164009,28.76732374442866,71.17963038613735,-42.41230664170869,R,True,True,True,2,1,1,0,D_vs_R,False,False,False,True,,"MIT Election Data and Science Lab, U.S. House 1976-2024",doi:10.7910/DVN/IG0UN2,2026-07-15
2014,House,SC-4,SC-4,SC,4,2014-11-08,General,,TREY GOWDY,CURTIS E MCLAUGHLIN,0,126452,22597,149049,0.0,84.8392139497749,-84.8392139497749,R,False,True,False,2,0,1,1,R_vs_Other,False,False,False,False,Nonstandard general-election party structure: R_vs_Other,"MIT Election Data and Science Lab, U.S. House 1976-2024",doi:10.7910/DVN/IG0UN2,2026-07-15
2014,House,SC-5,SC-5,SC,5,2014-11-08,General,TOM ADAMS,MICK MULVANEY,TOM ADAMS,66802,103078,5265,175145,38.14096891147335,58.85295041251535,-20.711981501041993,R,True,True,True,3,1,1,1,D_vs_R,False,False,False,True,,"MIT Election Data and Science Lab, U.S. House 1976-2024",doi:10.7910/DVN/IG0UN2,2026-07-15
2014,House,SC-6,SC-6,SC,6,2014-11-08,General,JAMES E CLYBURN,ANTHONY CULLER,KEVIN R UMBAUGH,125747,44311,3374,173432,72.50507403478021,25.549494902901426,46.95557913187878,D,True,True,True,3,1,1,1,D_vs_R,False,False,False,True,,"MIT Election Data and Science Lab, U.S. House 1976-2024",doi:10.7910/DVN/IG0UN2,2026-07-15
2014,House,SC-7,SC-7,SC,7,2014-11-08,General,GLORIA BROMELL-TINUBU,TOM RICE,,68576,102833,115,171524,39.98041090459644,59.95254308434971,-19.97213217975327,R,True,True,True,2,1,1,0,D_vs_R,False,False,False,True,,"MIT Election Data and Science Lab, U.S. House 1976-2024",doi:10.7910/DVN/IG0UN2,2026-07-15
2014,House,SD-AL,SD-AL,SD,AL,2014-11-08,General,CORINNA ROBINSON,KRISTI L NOEM,,92485,183834,0,276319,33.47037301090406,66.52962698909593,-33.059253978191876,R,True,True,True,2,1,1,0,D_vs_R,False,False,False,True,,"MIT Election Data and Science Lab, U.S. House 1976-2024",doi:10.7910/DVN/IG0UN2,2026-07-15
2014,House,TN-1,TN-1,TN,1,2014-11-08,General,,DAVID P ROE,MICHAEL D SALYER | ROBERT D FRANKLIN | ROBERT N SMITH,0,115533,23937,139470,0.0,82.83716928371693,-82.83716928371693,R,False,True,False,4,0,1,3,R_vs_Other,False,False,False,False,Nonstandard general-election party structure: R_vs_Other,"MIT Election Data and Science Lab, U.S. House 1976-2024",doi:10.7910/DVN/IG0UN2,2026-07-15
2014,House,TN-2,TN-2,TN,2,2014-11-08,General,BOB SCOTT,JOHN J DUNCAN JR,CASEY ADAM GOUGE | NORRIS DRYER,37612,120883,8256,166751,22.555786771893423,72.49311848204809,-49.93733171015466,R,True,True,True,4,1,1,2,D_vs_R,False,False,False,True,,"MIT Election Data and Science Lab, U.S. House 1976-2024",doi:10.7910/DVN/IG0UN2,2026-07-15
2014,House,TN-3,TN-3,TN,3,2014-11-08,General,MARY M HEADRICK,"CHARLES J \""CHUCK\"" FLEISCHMANN",CASSANDRA J MITCHELL,53983,97344,4770,156097,34.58298365759752,62.36122411064915,-27.778240453051627,R,True,True,True,3,1,1,1,D_vs_R,False,False,False,True,,"MIT Election Data and Science Lab, U.S. House 1976-2024",doi:10.7910/DVN/IG0UN2,2026-07-15
2014,House,TN-4,TN-4,TN,4,2014-11-08,General,LENDRA SHERRELL,SCOTT DES JARLAIS,ROBERT RANKIN DOGGART,51357,84815,9246,145418,35.316810848725744,58.324966647870276,-23.008155799144536,R,True,True,True,3,1,1,1,D_vs_R,False,False,False,True,,"MIT Election Data and Science Lab, U.S. House 1976-2024",doi:10.7910/DVN/IG0UN2,2026-07-15
2014,House,TN-5,TN-5,TN,5,2014-11-08,General,JIM COOPER,BOB RIES,PAUL DEAKIN,96148,55078,3050,154276,62.322072130467475,35.700951541393344,26.621120589074128,D,True,True,True,3,1,1,1,D_vs_R,False,False,False,True,,"MIT Election Data and Science Lab, U.S. House 1976-2024",doi:10.7910/DVN/IG0UN2,2026-07-15
2014,House,TN-6,TN-6,TN,6,2014-11-08,General,AMOS SCOTT POWERS,DIANE BLACK,MIKE WINTON,37232,115231,9634,162097,22.96896302831021,71.08768206691056,-48.11871903860035,R,True,True,True,3,1,1,1,D_vs_R,False,False,False,True,,"MIT Election Data and Science Lab, U.S. House 1976-2024",doi:10.7910/DVN/IG0UN2,2026-07-15
2014,House,TN-7,TN-7,TN,7,2014-11-08,General,DANIEL CRAMER,MARSHA BLACKBURN,LEONARD D LADNER,42280,110534,5093,157907,26.77525378862242,69.99943004426656,-43.224176255644146,R,True,True,True,3,1,1,1,D_vs_R,False,False,False,True,,"MIT Election Data and Science Lab, U.S. House 1976-2024",doi:10.7910/DVN/IG0UN2,2026-07-15
2014,House,TN-8,TN-8,TN,8,2014-11-08,General,WES BRADLEY,STEPHEN LEE FINCHER,JAMES HART | MARK RAWLES,42433,122255,7907,172595,24.585300848807904,70.83345403980417,-46.24815319099626,R,True,True,True,4,1,1,2,D_vs_R,False,False,False,True,,"MIT Election Data and Science Lab, U.S. House 1976-2024",doi:10.7910/DVN/IG0UN2,2026-07-15
2014,House,TN-9,TN-9,TN,9,2014-11-08,General,STEVE COHEN,CHARLOTTE BERGMANN,FLOYD WAYNE ALBERSON | HERBERT BASS | PAUL COOK,87376,27173,2001,116550,74.96868296868297,23.314457314457314,51.654225654225655,D,True,True,True,5,1,1,3,D_vs_R,False,False,False,True,,"MIT Election Data and Science Lab, U.S. House 1976-2024",doi:10.7910/DVN/IG0UN2,2026-07-15
2014,House,TX-1,TX-1,TX,1,2014-11-08,General,SHIRLEY J MCKELLAR,LOUIE GOHMERT,,33476,115084,0,148560,22.533656435110395,77.46634356488961,-54.93268712977921,R,True,True,True,2,1,1,0,D_vs_R,False,False,False,True,,"MIT Election Data and Science Lab, U.S. House 1976-2024",doi:10.7910/DVN/IG0UN2,2026-07-15
2014,House,TX-2,TX-2,TX,2,2014-11-08,General,NIKO LETSOS,TED POE,JAMES B VEASAW | MARK ROBERTS,44462,101936,3628,150026,29.63619639262528,67.94555610360871,-38.30935971098343,R,True,True,True,4,1,1,2,D_vs_R,False,False,False,True,,"MIT Election Data and Science Lab, U.S. House 1976-2024",doi:10.7910/DVN/IG0UN2,2026-07-15
2014,House,TX-3,TX-3,TX,3,2014-11-08,General,,SAM JOHNSON,PAUL BLAIR,0,113404,24876,138280,0.0,82.01041365345675,-82.01041365345675,R,False,True,False,2,0,1,1,R_vs_Other,False,False,False,False,Nonstandard general-election party structure: R_vs_Other,"MIT Election Data and Science Lab, U.S. House 1976-2024",doi:10.7910/DVN/IG0UN2,2026-07-15
2014,House,TX-4,TX-4,TX,4,2014-11-08,General,,JOHN RATCLIFFE,,0,115085,0,115085,0.0,100.0,-100.0,R,False,True,False,1,0,1,0,R_unopposed,True,False,True,False,Nonstandard general-election party structure: R_unopposed,"MIT Election Data and Science Lab, U.S. House 1976-2024",doi:10.7910/DVN/IG0UN2,2026-07-15
2014,House,TX-5,TX-5,TX,5,2014-11-08,General,,JEB HENSARLING,KEN ASHBY,0,88998,15264,104262,0.0,85.35995856592046,-85.35995856592046,R,False,True,False,2,0,1,1,R_vs_Other,False,False,False,False,Nonstandard general-election party structure: R_vs_Other,"MIT Election Data and Science Lab, U.S. House 1976-2024",doi:10.7910/DVN/IG0UN2,2026-07-15
2014,House,TX-6,TX-6,TX,6,2014-11-08,General,DAVID E COZAD,JOE BARTON,HUGH CHAUVIN,55027,92334,3635,150996,36.44268722350261,61.149964237463244,-24.707277013960635,R,True,True,True,3,1,1,1,D_vs_R,False,False,False,True,,"MIT Election Data and Science Lab, U.S. House 1976-2024",doi:10.7910/DVN/IG0UN2,2026-07-15
2014,House,TX-7,TX-7,TX,7,2014-11-08,General,JAMES CARGAS,JOHN ABNEY CULBERSON,GERALD FOWLER,49478,90606,3135,143219,34.547092215418346,63.263952408549144,-28.7168601931308,R,True,True,True,3,1,1,1,D_vs_R,False,False,False,True,,"MIT Election Data and Science Lab, U.S. House 1976-2024",doi:10.7910/DVN/IG0UN2,2026-07-15
2014,House,TX-8,TX-8,TX,8,2014-11-08,General,,KEVIN BRADY,KEN PETTY,0,125066,14947,140013,0.0,89.32456271917607,-89.32456271917607,R,False,True,False,2,0,1,1,R_vs_Other,False,False,False,False,Nonstandard general-election party structure: R_vs_Other,"MIT Election Data and Science Lab, U.S. House 1976-2024",doi:10.7910/DVN/IG0UN2,2026-07-15
2014,House,TX-9,TX-9,TX,9,2014-11-08,General,AL GREEN,,JOHNNY JOHNSON,78109,0,7894,86003,90.82125042149693,0.0,90.82125042149693,D,True,False,False,2,1,0,1,D_vs_Other,False,False,False,False,Nonstandard general-election party structure: D_vs_Other,"MIT Election Data and Science Lab, U.S. House 1976-2024",doi:10.7910/DVN/IG0UN2,2026-07-15
2014,House,TX-10,TX-10,TX,10,2014-11-08,General,TAWANA WALTER-CADIEN,MICHAEL T MCCAUL,BILL KELSEY,60243,109726,6491,176460,34.13974838490309,62.18179757452114,-28.042049189618044,R,True,True,True,3,1,1,1,D_vs_R,False,False,False,True,,"MIT Election Data and Science Lab, U.S. House 1976-2024",doi:10.7910/DVN/IG0UN2,2026-07-15
2014,House,TX-11,TX-11,TX,11,2014-11-08,General,,K MICHAEL CONAWAY,RYAN T LANGE,0,107939,11635,119574,0.0,90.26962383126767,-90.26962383126767,R,False,True,False,2,0,1,1,R_vs_Other,False,False,False,False,Nonstandard general-election party structure: R_vs_Other,"MIT Election Data and Science Lab, U.S. House 1976-2024",doi:10.7910/DVN/IG0UN2,2026-07-15
2014,House,TX-12,TX-12,TX,12,2014-11-08,General,MARK GREENE,KAY GRANGER,ED COLLIVER,41757,113186,3787,158730,26.306936306936308,71.3072513072513,-45.000315000315,R,True,True,True,3,1,1,1,D_vs_R,False,False,False,True,,"MIT Election Data and Science Lab, U.S. House 1976-2024",doi:10.7910/DVN/IG0UN2,2026-07-15
2014,House,TX-13,TX-13,TX,13,2014-11-08,General,MIKE MINTER,MAC THORNBERRY,DON COOK | EMILY PIVODA,16822,110842,3787,131451,12.79716396223688,84.32191462978601,-71.52475066754913,R,True,True,True,4,1,1,2,D_vs_R,False,False,False,True,,"MIT Election Data and Science Lab, U.S. House 1976-2024",doi:10.7910/DVN/IG0UN2,2026-07-15
2014,House,TX-14,TX-14,TX,14,2014-11-08,General,DONALD G BROWN,RANDY K WEBER SR,JOHN WIEDER,52545,90116,3037,145698,36.06432483630523,61.851226509629505,-25.786901673324273,R,True,True,True,3,1,1,1,D_vs_R,False,False,False,True,,"MIT Election Data and Science Lab, U.S. House 1976-2024",doi:10.7910/DVN/IG0UN2,2026-07-15
2014,House,TX-15,TX-15,TX,15,2014-11-08,General,RUBEN HINOJOSA,EDDIE ZAMORA,JOHNNY PARTAIN,48708,39016,2460,90184,54.009580413377094,43.26266300008871,10.746917413288388,D,True,True,True,3,1,1,1,D_vs_R,False,False,False,True,,"MIT Election Data and Science Lab, U.S. House 1976-2024",doi:10.7910/DVN/IG0UN2,2026-07-15
2014,House,TX-16,TX-16,TX,16,2014-11-08,General,BETO O'ROURKE,COREY ROEN,JAIME O PEREZ,49338,21324,2443,73105,67.48922782299432,29.169003488133505,38.32022433486082,D,True,True,True,3,1,1,1,D_vs_R,False,False,False,True,,"MIT Election Data and Science Lab, U.S. House 1976-2024",doi:10.7910/DVN/IG0UN2,2026-07-15
2014,House,TX-17,TX-17,TX,17,2014-11-08,General,NICK HAYNES,BILL FLORES,SHAWN MICHAEL HAMILTON,43049,85807,4009,132865,32.40055695630904,64.58209460730816,-32.18153765099913,R,True,True,True,3,1,1,1,D_vs_R,False,False,False,True,,"MIT Election Data and Science Lab, U.S. House 1976-2024",doi:10.7910/DVN/IG0UN2,2026-07-15
2014,House,TX-18,TX-18,TX,18,2014-11-08,General,SHEILA JACKSON LEE,SEAN SEIBERT,REMINGTON ALESSI | VINCE DUNCAN,76097,26249,3664,106010,71.78285067446467,24.760871615885293,47.021979058579376,D,True,True,True,4,1,1,2,D_vs_R,False,False,False,True,,"MIT Election Data and Science Lab, U.S. House 1976-2024",doi:10.7910/DVN/IG0UN2,2026-07-15
2014,House,TX-19,TX-19,TX,19,2014-11-08,General,NEAL MARCHBANKS,RANDY NEUGEBAUER,"RICHARD \""CHIP\"" PETERSON",21458,90160,5200,116818,18.368744542793063,77.17988666130219,-58.81114211850913,R,True,True,True,3,1,1,1,D_vs_R,False,False,False,True,,"MIT Election Data and Science Lab, U.S. House 1976-2024",doi:10.7910/DVN/IG0UN2,2026-07-15
2014,House,TX-20,TX-20,TX,20,2014-11-08,General,JOAQUIN CASTRO,,JEFFREY C BLUNT,66554,0,21410,87964,75.66049747624028,0.0,75.66049747624028,D,True,False,False,2,1,0,1,D_vs_Other,False,False,False,False,Nonstandard general-election party structure: D_vs_Other,"MIT Election Data and Science Lab, U.S. House 1976-2024",doi:10.7910/DVN/IG0UN2,2026-07-15
2014,House,TX-21,TX-21,TX,21,2014-11-08,General,,LAMAR SMITH,ANTONIO DIAZ | RYAN SHIELDS,0,135660,53336,188996,0.0,71.77929691633685,-71.77929691633685,R,False,True,False,3,0,1,2,R_vs_Other,False,False,False,False,Nonstandard general-election party structure: R_vs_Other,"MIT Election Data and Science Lab, U.S. House 1976-2024",doi:10.7910/DVN/IG0UN2,2026-07-15
2014,House,TX-22,TX-22,TX,22,2014-11-08,General,FRANK BRISCOE,PETE OLSON,ROB LAPHAM,47844,100861,2861,151566,31.56644630062151,66.5459271868361,-34.97948088621459,R,True,True,True,3,1,1,1,D_vs_R,False,False,False,True,,"MIT Election Data and Science Lab, U.S. House 1976-2024",doi:10.7910/DVN/IG0UN2,2026-07-15
2014,House,TX-23,TX-23,TX,23,2014-11-08,General,PETE P GALLEGO,WILL HURD,RUBEN CORVALAN,55037,57459,2933,115429,47.680392275771254,49.77865181193634,-2.0982595361650884,R,True,True,True,3,1,1,1,D_vs_R,False,False,False,True,,"MIT Election Data and Science Lab, U.S. House 1976-2024",doi:10.7910/DVN/IG0UN2,2026-07-15
2014,House,TX-24,TX-24,TX,24,2014-11-08,General,PATRICK MCGEHEARTY,KENNY MARCHANT,MIKE KOLLS,46548,93712,3813,144073,32.308621323912185,65.0448036759143,-32.73618235200211,R,True,True,True,3,1,1,1,D_vs_R,False,False,False,True,,"MIT Election Data and Science Lab, U.S. House 1976-2024",doi:10.7910/DVN/IG0UN2,2026-07-15
2014,House,TX-25,TX-25,TX,25,2014-11-08,General,MARCO MONTOYA,ROGER WILLIAMS,JOHN BETZ,64463,107120,6300,177883,36.23898854865276,60.21935766768044,-23.980369119027674,R,True,True,True,3,1,1,1,D_vs_R,False,False,False,True,,"MIT Election Data and Science Lab, U.S. House 1976-2024",doi:10.7910/DVN/IG0UN2,2026-07-15
2014,House,TX-26,TX-26,TX,26,2014-11-08,General,,MICHAEL C BURGESS,MARK BOLER,0,116944,24526,141470,0.0,82.66346221813812,-82.66346221813812,R,False,True,False,2,0,1,1,R_vs_Other,False,False,False,False,Nonstandard general-election party structure: R_vs_Other,"MIT Election Data and Science Lab, U.S. House 1976-2024",doi:10.7910/DVN/IG0UN2,2026-07-15
2014,House,TX-27,TX-27,TX,27,2014-11-08,General,WESLEY REED,BLAKE FARENTHOLD,ROXANNE SIMONSON,44152,83342,3553,131047,33.691728921684586,63.59703007317985,-29.905301151495266,R,True,True,True,3,1,1,1,D_vs_R,False,False,False,True,,"MIT Election Data and Science Lab, U.S. House 1976-2024",doi:10.7910/DVN/IG0UN2,2026-07-15
2014,House,TX-28,TX-28,TX,28,2014-11-08,General,HENRY CUELLAR,,MICHAEL D CARY | WILLIAM AIKENS,62508,0,13628,76136,82.10045182305349,0.0,82.10045182305349,D,True,False,False,3,1,0,2,D_vs_Other,False,False,False,False,Nonstandard general-election party structure: D_vs_Other,"MIT Election Data and Science Lab, U.S. House 1976-2024",doi:10.7910/DVN/IG0UN2,2026-07-15
2014,House,TX-29,TX-29,TX,29,2014-11-08,General,GENE GREEN,,JAMES STANCZAK,41321,0,4822,46143,89.54987755455865,0.0,89.54987755455865,D,True,False,False,2,1,0,1,D_vs_Other,False,False,False,False,Nonstandard general-election party structure: D_vs_Other,"MIT Election Data and Science Lab, U.S. House 1976-2024",doi:10.7910/DVN/IG0UN2,2026-07-15
2014,House,TX-30,TX-30,TX,30,2014-11-08,General,EDDIE BERNICE JOHNSON,,ERIC LEMONTE WILLIAMS | MAX W KOCH III,93041,0,12752,105793,87.94627243768491,0.0,87.94627243768491,D,True,False,False,3,1,0,2,D_vs_Other,False,False,False,False,Nonstandard general-election party structure: D_vs_Other,"MIT Election Data and Science Lab, U.S. House 1976-2024",doi:10.7910/DVN/IG0UN2,2026-07-15
2014,House,TX-31,TX-31,TX,31,2014-11-08,General,LOUIE MINOR,JOHN R CARTER,SCOTT J BALLARD,45715,91607,5706,143028,31.96227312134687,64.04829823531057,-32.0860251139637,R,True,True,True,3,1,1,1,D_vs_R,False,False,False,True,,"MIT Election Data and Science Lab, U.S. House 1976-2024",doi:10.7910/DVN/IG0UN2,2026-07-15
2014,House,TX-32,TX-32,TX,32,2014-11-08,General,FRANK PEREZ,PETE SESSIONS,ED RANKIN,55325,96495,4276,156096,35.442932554325544,61.81772755227552,-26.37479499794998,R,True,True,True,3,1,1,1,D_vs_R,False,False,False,True,,"MIT Election Data and Science Lab, U.S. House 1976-2024",doi:10.7910/DVN/IG0UN2,2026-07-15
2014,House,TX-33,TX-33,TX,33,2014-11-08,General,MARC A VEASEY,,JASON REEVES,43769,0,6823,50592,86.51367805186591,0.0,86.51367805186591,D,True,False,False,2,1,0,1,D_vs_Other,False,False,False,False,Nonstandard general-election party structure: D_vs_Other,"MIT Election Data and Science Lab, U.S. House 1976-2024",doi:10.7910/DVN/IG0UN2,2026-07-15
2014,House,TX-34,TX-34,TX,34,2014-11-08,General,FILEMON VELA,LARRY S SMITH,RYAN ROWLEY,47503,30811,1563,79877,59.47018541006798,38.57305607371333,20.897129336354645,D,True,True,True,3,1,1,1,D_vs_R,False,False,False,True,,"MIT Election Data and Science Lab, U.S. House 1976-2024",doi:10.7910/DVN/IG0UN2,2026-07-15
2014,House,TX-35,TX-35,TX,35,2014-11-08,General,LLOYD DOGGETT,SUSAN NARVAIZ,CORY W BRUNER | KAT SWIFT,60124,32040,4061,96225,62.482722785138996,33.296960249415434,29.185762535723565,D,True,True,True,4,1,1,2,D_vs_R,False,False,False,True,,"MIT Election Data and Science Lab, U.S. House 1976-2024",doi:10.7910/DVN/IG0UN2,2026-07-15
2014,House,TX-36,TX-36,TX,36,2014-11-08,General,MICHAEL K COLE,BRIAN BABIN,HAL J RIDLEY JR | RODNEY VEACH,29543,101663,2636,133842,22.0730413472602,75.95747224339146,-53.884430896131256,R,True,True,True,4,1,1,2,D_vs_R,False,False,False,True,,"MIT Election Data and Science Lab, U.S. House 1976-2024",doi:10.7910/DVN/IG0UN2,2026-07-15
2014,House,UT-1,UT-1,UT,1,2014-11-08,General,DONNA MCALEER,ROB BISHOP,CRAIG BOWDEN | DWAYNE A VANCE,36422,84231,9381,130034,28.00959748988726,64.7761354722611,-36.76653798237384,R,True,True,True,4,1,1,2,D_vs_R,False,False,False,True,,"MIT Election Data and Science Lab, U.S. House 1976-2024",doi:10.7910/DVN/IG0UN2,2026-07-15
2014,House,UT-2,UT-2,UT,2,2014-11-08,General,LUZ ROBLES,CHRIS STEWART,BILL BARRON | SHAUN MCCAUSLAND | WAYNE L HILL,47585,88915,9688,146188,32.550551344843626,60.8223657208526,-28.271814376008976,R,True,True,True,5,1,1,3,D_vs_R,False,False,False,True,,"MIT Election Data and Science Lab, U.S. House 1976-2024",doi:10.7910/DVN/IG0UN2,2026-07-15
2014,House,UT-3,UT-3,UT,3,2014-11-08,General,BRIAN WONNACOTT,JASON CHAFFETZ,BEN J MATES | STEPHEN P TRYON | ZACH STRONG,32059,102952,7569,142580,22.48492074624772,72.20648057231028,-49.72155982606256,R,True,True,True,5,1,1,3,D_vs_R,False,False,False,True,,"MIT Election Data and Science Lab, U.S. House 1976-2024",doi:10.7910/DVN/IG0UN2,2026-07-15
2014,House,UT-4,UT-4,UT,4,2014-11-08,General,DOUG OWENS,MIA B LOVE,COLLIN ROBERT SIMONSEN | JIM L VEIN | TIM AALDERS,67425,74936,4807,147168,45.81498695368558,50.91867797347249,-5.10369101978691,R,True,True,True,5,1,1,3,D_vs_R,False,False,False,True,,"MIT Election Data and Science Lab, U.S. House 1976-2024",doi:10.7910/DVN/IG0UN2,2026-07-15
2014,House,VA-1,VA-1,VA,1,2014-11-08,General,"NORMAN G \""NORM\"" MOSHER",ROBERT J WITTMAN,GLENDA GAIL PARKER,72059,131861,5701,209621,34.37584974787831,62.90447999007733,-28.528630242199018,R,True,True,True,3,1,1,1,D_vs_R,False,False,False,True,,"MIT Election Data and Science Lab, U.S. House 1976-2024",doi:10.7910/DVN/IG0UN2,2026-07-15
2014,House,VA-2,VA-2,VA,2,2014-11-08,General,SUZANNE D PATRICK,E SCOTT RIGELL,,71178,101558,324,173060,41.12908817751069,58.683693516699414,-17.554605339188722,R,True,True,True,2,1,1,0,D_vs_R,False,False,False,True,,"MIT Election Data and Science Lab, U.S. House 1976-2024",doi:10.7910/DVN/IG0UN2,2026-07-15
2014,House,VA-3,VA-3,VA,3,2014-11-08,General,"ROBERT C \""BOBBY\"" SCOTT",,,139197,0,8205,147402,94.4335897749013,0.0,94.4335897749013,D,True,False,False,1,1,0,0,D_unopposed,True,True,False,False,Nonstandard general-election party structure: D_unopposed,"MIT Election Data and Science Lab, U.S. House 1976-2024",doi:10.7910/DVN/IG0UN2,2026-07-15
2014,House,VA-4,VA-4,VA,4,2014-11-08,General,ELLIOTT G FAUSZ,J RANDY FORBES,BO C BROWN,75270,120684,4684,200638,37.515326109710024,60.150121113647465,-22.63479500393744,R,True,True,True,3,1,1,1,D_vs_R,False,False,False,True,,"MIT Election Data and Science Lab, U.S. House 1976-2024",doi:10.7910/DVN/IG0UN2,2026-07-15
2014,House,VA-5,VA-5,VA,5,2014-11-08,General,W LAWRENCE GAUGHAN,ROBERT HURT,KENNETH J HILDEBRANDT | PAUL F JONES,73482,124735,6728,204945,35.854497548122666,60.86267047256581,-25.008172924443144,R,True,True,True,4,1,1,2,D_vs_R,False,False,False,True,,"MIT Election Data and Science Lab, U.S. House 1976-2024",doi:10.7910/DVN/IG0UN2,2026-07-15
2014,House,VA-6,VA-6,VA,6,2014-11-08,General,,BOB GOODLATTE,"ELAINE B HILDEBRANDT | WILLIAM M \""WILL\"" HAMMER",0,133898,45810,179708,0.0,74.50864736127495,-74.50864736127495,R,False,True,False,3,0,1,2,R_vs_Other,False,False,False,False,Nonstandard general-election party structure: R_vs_Other,"MIT Election Data and Science Lab, U.S. House 1976-2024",doi:10.7910/DVN/IG0UN2,2026-07-15
2014,House,VA-7,VA-7,VA,7,2014-11-08,General,"JOHN K \""JACK\"" TRAMMELL",DAVID A BRAT,JAMES A CARR JR,89914,148026,5411,243351,36.94827635801784,60.828186446737426,-23.879910088719587,R,True,True,True,3,1,1,1,D_vs_R,False,False,False,True,,"MIT Election Data and Science Lab, U.S. House 1976-2024",doi:10.7910/DVN/IG0UN2,2026-07-15
2014,House,VA-8,VA-8,VA,8,2014-11-08,General,DONALD S BEYER JR,MICAH K EDMOND,"GERARD C \""GERRY\"" BLAIS III | GWENDOLYN J BECK | JEFFREY S CARSON",128102,63810,11164,203076,63.080817034016825,31.421733735153342,31.65908329886348,D,True,True,True,5,1,1,3,D_vs_R,False,False,False,True,,"MIT Election Data and Science Lab, U.S. House 1976-2024",doi:10.7910/DVN/IG0UN2,2026-07-15
2014,House,VA-9,VA-9,VA,9,2014-11-08,General,,H MORGAN GRIFFITH,WILLIAM R CARR JR,0,117465,45350,162815,0.0,72.14630101649111,-72.14630101649111,R,False,True,False,2,0,1,1,R_vs_Other,False,False,False,False,Nonstandard general-election party structure: R_vs_Other,"MIT Election Data and Science Lab, U.S. House 1976-2024",doi:10.7910/DVN/IG0UN2,2026-07-15
2014,House,VA-10,VA-10,VA,10,2014-11-08,General,JOHN W FOUST,BARBARA J COMSTOCK,BRAD A EICKHOLT | DIANNE L BLAIS | WILLIAM B REDPATH,89957,125914,7039,222910,40.355748956978154,56.48647436185007,-16.13072540487192,R,True,True,True,5,1,1,3,D_vs_R,False,False,False,True,,"MIT Election Data and Science Lab, U.S. House 1976-2024",doi:10.7910/DVN/IG0UN2,2026-07-15
2014,House,VA-11,VA-11,VA,11,2014-11-08,General,GERALD E CONNOLLY,SUZANNE K SCHOLTE,JOE R GALDO | MARC M HARROLD,106780,75796,5229,187805,56.85684619685312,40.358882883842284,16.497963313010835,D,True,True,True,4,1,1,2,D_vs_R,False,False,False,True,,"MIT Election Data and Science Lab, U.S. House 1976-2024",doi:10.7910/DVN/IG0UN2,2026-07-15
2014,House,VT-AL,VT-AL,VT,AL,2014-11-08,General,PETER WELCH,MARK DONKA,CRIS ERICSON | JERRY TRUDELL | MATTHEW ANDREWS | RANDALL MEYER,123349,59432,8723,191504,64.41066505138274,31.03433870832985,33.37632634305289,D,True,True,True,6,1,1,4,D_vs_R,False,False,False,True,,"MIT Election Data and Science Lab, U.S. House 1976-2024",doi:10.7910/DVN/IG0UN2,2026-07-15
2014,House,WA-1,WA-1,WA,1,2014-11-08,General,SUZAN K DELBENE,PEDRO CELIS,,124151,101428,0,225579,55.03659471848,44.96340528152,10.07318943696,D,True,True,True,2,1,1,0,D_vs_R,False,False,False,True,,"MIT Election Data and Science Lab, U.S. House 1976-2024",doi:10.7910/DVN/IG0UN2,2026-07-15
2014,House,WA-2,WA-2,WA,2,2014-11-08,General,RICK LARSEN,B J GUILLOT,,122173,79518,0,201691,60.57434392213832,39.42565607786168,21.14868784427664,D,True,True,True,2,1,1,0,D_vs_R,False,False,False,True,,"MIT Election Data and Science Lab, U.S. House 1976-2024",doi:10.7910/DVN/IG0UN2,2026-07-15
2014,House,WA-3,WA-3,WA,3,2014-11-08,General,BOB DINGETHAL,JAIME HERRERA BEUTLER,,78018,124796,0,202814,38.4677586359916,61.5322413640084,-23.064482728016802,R,True,True,True,2,1,1,0,D_vs_R,False,False,False,True,,"MIT Election Data and Science Lab, U.S. House 1976-2024",doi:10.7910/DVN/IG0UN2,2026-07-15
2014,House,WA-4,WA-4,WA,4,2014-11-08,General,,DAN NEWHOUSE,,0,77772,0,153079,0.0,50.8051398297611,-50.8051398297611,R,False,True,False,2,0,2,0,R_vs_R,False,False,False,False,Nonstandard general-election party structure: R_vs_R,"MIT Election Data and Science Lab, U.S. House 1976-2024",doi:10.7910/DVN/IG0UN2,2026-07-15
2014,House,WA-5,WA-5,WA,5,2014-11-08,General,"JOSEPH \""JOE\"" PAKOOTAS",CATHY MCMORRIS RODGERS,,87772,135470,0,223242,39.316974404457945,60.683025595542055,-21.366051191084114,R,True,True,True,2,1,1,0,D_vs_R,False,False,False,True,,"MIT Election Data and Science Lab, U.S. House 1976-2024",doi:10.7910/DVN/IG0UN2,2026-07-15
2014,House,WA-6,WA-6,WA,6,2014-11-08,General,DEREK KILMER,MARTY MCCLENDON,,141265,83025,0,224290,62.98319140398591,37.01680859601409,25.966382807971822,D,True,True,True,2,1,1,0,D_vs_R,False,False,False,True,,"MIT Election Data and Science Lab, U.S. House 1976-2024",doi:10.7910/DVN/IG0UN2,2026-07-15
2014,House,WA-7,WA-7,WA,7,2014-11-08,General,JIM MCDERMOTT,CRAIG KELLER,,203954,47921,0,251875,80.97429280397023,19.025707196029778,61.948585607940444,D,True,True,True,2,1,1,0,D_vs_R,False,False,False,True,,"MIT Election Data and Science Lab, U.S. House 1976-2024",doi:10.7910/DVN/IG0UN2,2026-07-15
2014,House,WA-8,WA-8,WA,8,2014-11-08,General,JASON RITCHIE,DAVID G REICHERT,,73003,125741,0,198744,36.73217807833193,63.26782192166807,-26.53564384333615,R,True,True,True,2,1,1,0,D_vs_R,False,False,False,True,,"MIT Election Data and Science Lab, U.S. House 1976-2024",doi:10.7910/DVN/IG0UN2,2026-07-15
2014,House,WA-9,WA-9,WA,9,2014-11-08,General,ADAM SMITH,DOUG BASLER,,118132,48662,0,166794,70.82508963152152,29.174910368478482,41.650179263043036,D,True,True,True,2,1,1,0,D_vs_R,False,False,False,True,,"MIT Election Data and Science Lab, U.S. House 1976-2024",doi:10.7910/DVN/IG0UN2,2026-07-15
2014,House,WA-10,WA-10,WA,10,2014-11-08,General,DENNY HECK,JOYCE MCDONALD,,99279,82213,0,181492,54.70158464284927,45.29841535715073,9.403169285698544,D,True,True,True,2,1,1,0,D_vs_R,False,False,False,True,,"MIT Election Data and Science Lab, U.S. House 1976-2024",doi:10.7910/DVN/IG0UN2,2026-07-15
2014,House,WI-1,WI-1,WI,1,2014-11-08,General,ROB ZERVAN,PAUL RYAN,,105552,182316,302,288170,36.628379081792,63.266821667765555,-26.638442585973557,R,True,True,True,2,1,1,0,D_vs_R,False,False,False,True,,"MIT Election Data and Science Lab, U.S. House 1976-2024",doi:10.7910/DVN/IG0UN2,2026-07-15
2014,House,WI-2,WI-2,WI,2,2014-11-08,General,MARK POCAN,PETER THERON,,224920,103619,308,328847,68.39654915507819,31.50979026720633,36.88675888787187,D,True,True,True,2,1,1,0,D_vs_R,False,False,False,True,,"MIT Election Data and Science Lab, U.S. House 1976-2024",doi:10.7910/DVN/IG0UN2,2026-07-15
2014,House,WI-3,WI-3,WI,3,2014-11-08,General,RON KIND,TONY KURTZ,,155368,119540,253,275161,56.46439720745309,43.44365662284989,13.020740584603196,D,True,True,True,2,1,1,0,D_vs_R,False,False,False,True,,"MIT Election Data and Science Lab, U.S. House 1976-2024",doi:10.7910/DVN/IG0UN2,2026-07-15
2014,House,WI-4,WI-4,WI,4,2014-11-08,General,GWEN MOORE,DAN SEBRING,ROBERT R RAYMOND,179045,68490,7357,254892,70.24347566812611,26.870203851042795,43.373271817083314,D,True,True,True,3,1,1,1,D_vs_R,False,False,False,True,,"MIT Election Data and Science Lab, U.S. House 1976-2024",doi:10.7910/DVN/IG0UN2,2026-07-15
2014,House,WI-5,WI-5,WI,5,2014-11-08,General,CHRIS ROCKWOOD,F JAMES SENSENBRENNER JR,,101190,231160,476,332826,30.403273782697266,69.45370854440458,-39.050434761707315,R,True,True,True,2,1,1,0,D_vs_R,False,False,False,True,,"MIT Election Data and Science Lab, U.S. House 1976-2024",doi:10.7910/DVN/IG0UN2,2026-07-15
2014,House,WI-6,WI-6,WI,6,2014-11-08,General,MARK L HARRIS,GLENN GROTHMAN,GUS FAHRENDORF,122212,169767,7054,299033,40.8690679623988,56.771995064089914,-15.902927101691118,R,True,True,True,3,1,1,1,D_vs_R,False,False,False,True,,"MIT Election Data and Science Lab, U.S. House 1976-2024",doi:10.7910/DVN/IG0UN2,2026-07-15
2014,House,WI-7,WI-7,WI,7,2014-11-08,General,KELLY WESTLAND,SEAN P DUFFY,LAWRENCE DALE,112949,169891,3758,286603,39.40956654326717,59.27746743753555,-19.867900894268377,R,True,True,True,3,1,1,1,D_vs_R,False,False,False,True,,"MIT Election Data and Science Lab, U.S. House 1976-2024",doi:10.7910/DVN/IG0UN2,2026-07-15
2014,House,WI-8,WI-8,WI,8,2014-11-08,General,RON GRUETT,REID J RIBBLE,,101345,188553,150,290048,34.94076842453663,65.00751599735216,-30.066747572815533,R,True,True,True,2,1,1,0,D_vs_R,False,False,False,True,,"MIT Election Data and Science Lab, U.S. House 1976-2024",doi:10.7910/DVN/IG0UN2,2026-07-15
2014,House,WV-1,WV-1,WV,1,2014-11-08,General,GLEN B GAINER III,DAVID B MCKINLEY,,52109,92491,137,144737,36.002542542680864,63.902803015123986,-27.900260472443122,R,True,True,True,2,1,1,0,D_vs_R,False,False,False,True,,"MIT Election Data and Science Lab, U.S. House 1976-2024",doi:10.7910/DVN/IG0UN2,2026-07-15
2014,House,WV-2,WV-2,WV,2,2014-11-08,General,NICK CASEY,ALEX X MOONEY,DAVY JONES | ED RABEL,67687,72619,13944,154250,43.88136142625608,47.07876823338736,-3.1974068071312804,R,True,True,True,4,1,1,2,D_vs_R,False,False,False,True,,"MIT Election Data and Science Lab, U.S. House 1976-2024",doi:10.7910/DVN/IG0UN2,2026-07-15
2014,House,WV-3,WV-3,WV,3,2014-11-08,General,NICK J RAHALL II,EVAN JENKINS,,62688,77713,0,140401,44.6492546349385,55.3507453650615,-10.701490730123005,R,True,True,True,2,1,1,0,D_vs_R,False,False,False,True,,"MIT Election Data and Science Lab, U.S. House 1976-2024",doi:10.7910/DVN/IG0UN2,2026-07-15
2014,House,WY-AL,WY-AL,WY,AL,2014-11-08,General,RICHARD GRAYSON,CYNTHIA M LUMMIS,BLANK VOTE | DANIEL CLYDE CUMMINGS | OVER VOTE | RICHARD BRUBAKER,37803,113038,20312,171153,22.087255262835008,66.04500067191343,-43.95774540907843,R,True,True,True,6,1,1,4,D_vs_R,False,False,False,True,,"MIT Election Data and Science Lab, U.S. House 1976-2024",doi:10.7910/DVN/IG0UN2,2026-07-15
