race_id,state,district,region,district_type,college_share_tier,white_share_tier,black_share_tier,hispanic_share_tier,pres_2020_margin_dem,characteristics_elasticity_raw_prediction,characteristics_elasticity,characteristics_elasticity_model_alpha,characteristics_elasticity_prediction_mean_before_normalization,characteristics_model_training_match,characteristics_elasticity_method,characteristics_elasticity_limitations
AL-1,AL,1,Deep South,Rural,Unknown,Unknown,Unknown,Unknown,-30.199999999999996,0.5191662422059049,0.5592064101536939,300.0,0.9283982314566384,True,weighted ridge regression with one-hot categorical district characteristics and standardized 2020 presidential margin,Exploratory model: post-2020 characteristics predict 2012-2020 district-label elasticity estimates.
AL-2,AL,2,Deep South,Rural,Unknown,Unknown,Unknown,Unknown,-11.799999999999995,0.4429038019818117,0.47706230685823736,300.0,0.9283982314566384,True,weighted ridge regression with one-hot categorical district characteristics and standardized 2020 presidential margin,Exploratory model: post-2020 characteristics predict 2012-2020 district-label elasticity estimates.
AL-3,AL,3,Deep South,Rural,Unknown,Unknown,Unknown,Unknown,-40.10000000000001,0.5601987508047376,0.6034035092094013,300.0,0.9283982314566384,True,weighted ridge regression with one-hot categorical district characteristics and standardized 2020 presidential margin,Exploratory model: post-2020 characteristics predict 2012-2020 district-label elasticity estimates.
AL-4,AL,4,Deep South,Rural,Unknown,Unknown,Unknown,Unknown,-63.7,0.6580136197878135,0.708762250392704,300.0,0.9283982314566384,True,weighted ridge regression with one-hot categorical district characteristics and standardized 2020 presidential margin,Exploratory model: post-2020 characteristics predict 2012-2020 district-label elasticity estimates.
AL-5,AL,5,Deep South,Rural,Unknown,Unknown,Unknown,Unknown,-27.1,0.5063176789072805,0.5453669144897855,300.0,0.9283982314566384,True,weighted ridge regression with one-hot categorical district characteristics and standardized 2020 presidential margin,Exploratory model: post-2020 characteristics predict 2012-2020 district-label elasticity estimates.
AL-6,AL,6,Deep South,Rural,Unknown,Unknown,Unknown,Unknown,-34.60000000000001,0.537402912694275,0.5788495652895639,300.0,0.9283982314566384,True,weighted ridge regression with one-hot categorical district characteristics and standardized 2020 presidential margin,Exploratory model: post-2020 characteristics predict 2012-2020 district-label elasticity estimates.
AL-7,AL,7,Deep South,Rural,Unknown,Unknown,Unknown,Unknown,30.300000000000004,0.26841202299081623,0.2891130270354814,300.0,0.9283982314566384,False,weighted ridge regression with one-hot categorical district characteristics and standardized 2020 presidential margin,Exploratory model: post-2020 characteristics predict 2012-2020 district-label elasticity estimates.
AK-AL,AK,AL,Northwest,Mixed,Low,High,Low,Unknown,-10.0,0.368115164191406,0.3965056715089177,300.0,0.9283982314566384,True,weighted ridge regression with one-hot categorical district characteristics and standardized 2020 presidential margin,Exploratory model: post-2020 characteristics predict 2012-2020 district-label elasticity estimates.
AZ-1,AZ,1,Southwest,Suburban,Very High,High,Low,Low,1.5,0.7873112672828657,0.8480318473330027,300.0,0.9283982314566384,True,weighted ridge regression with one-hot categorical district characteristics and standardized 2020 presidential margin,Exploratory model: post-2020 characteristics predict 2012-2020 district-label elasticity estimates.
AZ-2,AZ,2,Southwest,Mixed,Low,Medium,Low,Low,-7.900000000000006,0.6689850435641211,0.7205798340594606,300.0,0.9283982314566384,True,weighted ridge regression with one-hot categorical district characteristics and standardized 2020 presidential margin,Exploratory model: post-2020 characteristics predict 2012-2020 district-label elasticity estimates.
AZ-3,AZ,3,Southwest,Mixed,Low,Low,Medium,Very High,50.6,0.7425952565783593,0.7998671598213217,300.0,0.9283982314566384,True,weighted ridge regression with one-hot categorical district characteristics and standardized 2020 presidential margin,Exploratory model: post-2020 characteristics predict 2012-2020 district-label elasticity estimates.
AZ-4,AZ,4,Southwest,Suburban,High,Medium,Low,Medium,10.300000000000004,0.58887243121099,0.634288618028775,300.0,0.9283982314566384,True,weighted ridge regression with one-hot categorical district characteristics and standardized 2020 presidential margin,Exploratory model: post-2020 characteristics predict 2012-2020 district-label elasticity estimates.
AZ-5,AZ,5,Southwest,Suburban,High,High,Low,Medium,-16.4,0.662456179513358,0.7135474380148026,300.0,0.9283982314566384,True,weighted ridge regression with one-hot categorical district characteristics and standardized 2020 presidential margin,Exploratory model: post-2020 characteristics predict 2012-2020 district-label elasticity estimates.
AZ-6,AZ,6,Southwest,Mixed,High,High,Low,Medium,0.0999999999999943,0.5632063663543976,0.6066430840467436,300.0,0.9283982314566384,True,weighted ridge regression with one-hot categorical district characteristics and standardized 2020 presidential margin,Exploratory model: post-2020 characteristics predict 2012-2020 district-label elasticity estimates.
AZ-7,AZ,7,Southwest,Mixed,Low,Low,Low,Very High,32.699999999999996,0.862911169540947,0.9294623150962454,300.0,0.9283982314566384,False,weighted ridge regression with one-hot categorical district characteristics and standardized 2020 presidential margin,Exploratory model: post-2020 characteristics predict 2012-2020 district-label elasticity estimates.
AZ-8,AZ,8,Southwest,Mixed,Medium,High,Low,Medium,-13.6,0.6737052921617138,0.7256641270251922,300.0,0.9283982314566384,True,weighted ridge regression with one-hot categorical district characteristics and standardized 2020 presidential margin,Exploratory model: post-2020 characteristics predict 2012-2020 district-label elasticity estimates.
AZ-9,AZ,9,Southwest,Rural,Low,High,Low,Medium,-25.800000000000004,0.5513760615595084,0.5939003790371404,300.0,0.9283982314566384,True,weighted ridge regression with one-hot categorical district characteristics and standardized 2020 presidential margin,Exploratory model: post-2020 characteristics predict 2012-2020 district-label elasticity estimates.
AR-1,AR,1,Middle South,Rural,Low,Very High,Medium,Low,-40.9,0.5123584266117116,0.5518735487117757,300.0,0.9283982314566384,True,weighted ridge regression with one-hot categorical district characteristics and standardized 2020 presidential margin,Exploratory model: post-2020 characteristics predict 2012-2020 district-label elasticity estimates.
AR-2,AR,2,Middle South,Rural,Medium,High,Medium,Low,-13.1,0.6377117656686667,0.6868946364407756,300.0,0.9283982314566384,True,weighted ridge regression with one-hot categorical district characteristics and standardized 2020 presidential margin,Exploratory model: post-2020 characteristics predict 2012-2020 district-label elasticity estimates.
AR-3,AR,3,Middle South,Rural,Medium,High,Low,Low,-23.40000000000001,0.7265279750604334,0.7825607055719241,300.0,0.9283982314566384,True,weighted ridge regression with one-hot categorical district characteristics and standardized 2020 presidential margin,Exploratory model: post-2020 characteristics predict 2012-2020 district-label elasticity estimates.
AR-4,AR,4,Middle South,Rural,Low,High,Medium,Low,-35.2,0.6569044637090944,0.7075675517804728,300.0,0.9283982314566384,True,weighted ridge regression with one-hot categorical district characteristics and standardized 2020 presidential margin,Exploratory model: post-2020 characteristics predict 2012-2020 district-label elasticity estimates.
CA-1,CA,1,Pacific,Mixed,Medium,High,Low,Medium,17.800000000000004,0.8242914108235873,0.8878640468005744,300.0,0.9283982314566384,True,weighted ridge regression with one-hot categorical district characteristics and standardized 2020 presidential margin,Exploratory model: post-2020 characteristics predict 2012-2020 district-label elasticity estimates.
CA-2,CA,2,Pacific,Mixed,High,High,Low,Low,28.4,0.7808710176013356,0.8410948999506004,300.0,0.9283982314566384,True,weighted ridge regression with one-hot categorical district characteristics and standardized 2020 presidential margin,Exploratory model: post-2020 characteristics predict 2012-2020 district-label elasticity estimates.
CA-3,CA,3,Pacific,Mixed,High,High,Low,Medium,14.0,0.7863246971859248,0.8469691890216088,300.0,0.9283982314566384,True,weighted ridge regression with one-hot categorical district characteristics and standardized 2020 presidential margin,Exploratory model: post-2020 characteristics predict 2012-2020 district-label elasticity estimates.
CA-4,CA,4,Pacific,Mixed,Medium,Medium,Low,Medium,21.1,0.847693591936642,0.9130710973098555,300.0,0.9283982314566384,True,weighted ridge regression with one-hot categorical district characteristics and standardized 2020 presidential margin,Exploratory model: post-2020 characteristics predict 2012-2020 district-label elasticity estimates.
CA-5,CA,5,Pacific,Rural,Medium,Medium,Low,Medium,-14.5,0.8947554149351087,0.9637625155007622,300.0,0.9283982314566384,False,weighted ridge regression with one-hot categorical district characteristics and standardized 2020 presidential margin,Exploratory model: post-2020 characteristics predict 2012-2020 district-label elasticity estimates.
CA-6,CA,6,Pacific,Mixed,Medium,Medium,Low,Medium,12.6,0.8829235235619024,0.9510181015496044,300.0,0.9283982314566384,True,weighted ridge regression with one-hot categorical district characteristics and standardized 2020 presidential margin,Exploratory model: post-2020 characteristics predict 2012-2020 district-label elasticity estimates.
CA-7,CA,7,Pacific,Mixed,Medium,Low,Medium,Medium,19.6,0.8260149588137453,0.8897205216749975,300.0,0.9283982314566384,True,weighted ridge regression with one-hot categorical district characteristics and standardized 2020 presidential margin,Exploratory model: post-2020 characteristics predict 2012-2020 district-label elasticity estimates.
CA-8,CA,8,Pacific,Exurban,Medium,Low,Medium,Medium,42.6,1.0267829662647432,1.1059725573299952,300.0,0.9283982314566384,True,weighted ridge regression with one-hot categorical district characteristics and standardized 2020 presidential margin,Exploratory model: post-2020 characteristics predict 2012-2020 district-label elasticity estimates.
CA-9,CA,9,Pacific,Exurban,Low,Low,Medium,High,26.200000000000003,1.190788628809271,1.2826269896496327,300.0,0.9283982314566384,True,weighted ridge regression with one-hot categorical district characteristics and standardized 2020 presidential margin,Exploratory model: post-2020 characteristics predict 2012-2020 district-label elasticity estimates.
CA-10,CA,10,Pacific,Suburban,Very High,Medium,Low,Medium,38.6,0.8971223229595156,0.9663119688971709,300.0,0.9283982314566384,True,weighted ridge regression with one-hot categorical district characteristics and standardized 2020 presidential margin,Exploratory model: post-2020 characteristics predict 2012-2020 district-label elasticity estimates.
CA-11,CA,11,Pacific,Urban,Very High,Low,Low,Low,74.6,0.535394819736111,0.5766866002061284,300.0,0.9283982314566384,True,weighted ridge regression with one-hot categorical district characteristics and standardized 2020 presidential margin,Exploratory model: post-2020 characteristics predict 2012-2020 district-label elasticity estimates.
CA-12,CA,12,Pacific,Urban,Very High,Low,Medium,Medium,80.7,0.4097563719786209,0.4413584150582895,300.0,0.9283982314566384,True,weighted ridge regression with one-hot categorical district characteristics and standardized 2020 presidential margin,Exploratory model: post-2020 characteristics predict 2012-2020 district-label elasticity estimates.
CA-13,CA,13,Pacific,Mixed,Low,Low,Low,Very High,17.700000000000003,1.2058112678983597,1.2988082344862568,300.0,0.9283982314566384,True,weighted ridge regression with one-hot categorical district characteristics and standardized 2020 presidential margin,Exploratory model: post-2020 characteristics predict 2012-2020 district-label elasticity estimates.
CA-14,CA,14,Pacific,Suburban,Very High,Low,Low,Medium,45.5,0.8867540496528127,0.9551440530660137,300.0,0.9283982314566384,True,weighted ridge regression with one-hot categorical district characteristics and standardized 2020 presidential margin,Exploratory model: post-2020 characteristics predict 2012-2020 district-label elasticity estimates.
CA-15,CA,15,Pacific,Suburban,High,Low,Low,Medium,57.3,0.6930314053732471,0.7464807470452574,300.0,0.9283982314566384,True,weighted ridge regression with one-hot categorical district characteristics and standardized 2020 presidential margin,Exploratory model: post-2020 characteristics predict 2012-2020 district-label elasticity estimates.
CA-16,CA,16,Pacific,Suburban,Very High,Medium,Low,Medium,52.8,0.8382676136561393,0.9029181500495904,300.0,0.9283982314566384,True,weighted ridge regression with one-hot categorical district characteristics and standardized 2020 presidential margin,Exploratory model: post-2020 characteristics predict 2012-2020 district-label elasticity estimates.
CA-17,CA,17,Pacific,Urban,Very High,Low,Low,Medium,48.2,0.5905848733798913,0.6361331305567821,300.0,0.9283982314566384,True,weighted ridge regression with one-hot categorical district characteristics and standardized 2020 presidential margin,Exploratory model: post-2020 characteristics predict 2012-2020 district-label elasticity estimates.
CA-18,CA,18,Pacific,Mixed,Low,Low,Low,Very High,42.7,1.1021938219417116,1.1871993984869955,300.0,0.9283982314566384,True,weighted ridge regression with one-hot categorical district characteristics and standardized 2020 presidential margin,Exploratory model: post-2020 characteristics predict 2012-2020 district-label elasticity estimates.
CA-19,CA,19,Pacific,Mixed,High,Medium,Low,Medium,39.6,0.7173001165056493,0.7726211578195487,300.0,0.9283982314566384,True,weighted ridge regression with one-hot categorical district characteristics and standardized 2020 presidential margin,Exploratory model: post-2020 characteristics predict 2012-2020 district-label elasticity estimates.
CA-20,CA,20,Pacific,Rural,Low,Medium,Low,High,-26.200000000000003,1.0392809976397868,1.1194344866525388,300.0,0.9283982314566384,False,weighted ridge regression with one-hot categorical district characteristics and standardized 2020 presidential margin,Exploratory model: post-2020 characteristics predict 2012-2020 district-label elasticity estimates.
CA-21,CA,21,Pacific,Mixed,Low,Low,Low,Very High,21.1,1.1917192952482556,1.2836294327903575,300.0,0.9283982314566384,True,weighted ridge regression with one-hot categorical district characteristics and standardized 2020 presidential margin,Exploratory model: post-2020 characteristics predict 2012-2020 district-label elasticity estimates.
CA-22,CA,22,Pacific,Rural,Low,Low,Low,Very High,17.0,1.1082231363413455,1.193693717622195,300.0,0.9283982314566384,True,weighted ridge regression with one-hot categorical district characteristics and standardized 2020 presidential margin,Exploratory model: post-2020 characteristics predict 2012-2020 district-label elasticity estimates.
CA-23,CA,23,Pacific,Rural,Low,Low,Low,High,-12.1,0.9990708998975693,1.0761232260535945,300.0,0.9283982314566384,True,weighted ridge regression with one-hot categorical district characteristics and standardized 2020 presidential margin,Exploratory model: post-2020 characteristics predict 2012-2020 district-label elasticity estimates.
CA-24,CA,24,Pacific,Mixed,High,Medium,Low,High,29.0,0.9296716557734842,1.0013716358710074,300.0,0.9283982314566384,True,weighted ridge regression with one-hot categorical district characteristics and standardized 2020 presidential margin,Exploratory model: post-2020 characteristics predict 2012-2020 district-label elasticity estimates.
CA-25,CA,25,Pacific,Mixed,Low,Low,Low,Very High,16.5,1.2107849053042787,1.3041654586142213,300.0,0.9283982314566384,True,weighted ridge regression with one-hot categorical district characteristics and standardized 2020 presidential margin,Exploratory model: post-2020 characteristics predict 2012-2020 district-label elasticity estimates.
CA-26,CA,26,Pacific,Suburban,High,Medium,Low,High,22.40000000000001,0.987888960333612,1.064078890783359,300.0,0.9283982314566384,True,weighted ridge regression with one-hot categorical district characteristics and standardized 2020 presidential margin,Exploratory model: post-2020 characteristics predict 2012-2020 district-label elasticity estimates.
CA-27,CA,27,Pacific,Mixed,Medium,Low,Medium,High,19.6,0.9944527009959614,1.0711488532627695,300.0,0.9283982314566384,True,weighted ridge regression with one-hot categorical district characteristics and standardized 2020 presidential margin,Exploratory model: post-2020 characteristics predict 2012-2020 district-label elasticity estimates.
CA-28,CA,28,Pacific,Mixed,High,Low,Low,Medium,32.7,0.7641286733670163,0.8230613194599838,300.0,0.9283982314566384,True,weighted ridge regression with one-hot categorical district characteristics and standardized 2020 presidential margin,Exploratory model: post-2020 characteristics predict 2012-2020 district-label elasticity estimates.
CA-29,CA,29,Pacific,Urban,Low,Low,Low,Very High,49.900000000000006,0.818235804224166,0.8813414077064432,300.0,0.9283982314566384,False,weighted ridge regression with one-hot categorical district characteristics and standardized 2020 presidential margin,Exploratory model: post-2020 characteristics predict 2012-2020 district-label elasticity estimates.
CA-30,CA,30,Pacific,Mixed,Very High,Medium,Low,Medium,44.99999999999999,0.839733957967041,0.9044975846728134,300.0,0.9283982314566384,True,weighted ridge regression with one-hot categorical district characteristics and standardized 2020 presidential margin,Exploratory model: post-2020 characteristics predict 2012-2020 district-label elasticity estimates.
CA-31,CA,31,Pacific,Suburban,Medium,Low,Low,Very High,25.1,1.2784079269080137,1.3770038369226718,300.0,0.9283982314566384,True,weighted ridge regression with one-hot categorical district characteristics and standardized 2020 presidential margin,Exploratory model: post-2020 characteristics predict 2012-2020 district-label elasticity estimates.
CA-32,CA,32,Pacific,Suburban,Very High,Medium,Low,Medium,33.7,0.9174313423670186,0.9881873007530261,300.0,0.9283982314566384,True,weighted ridge regression with one-hot categorical district characteristics and standardized 2020 presidential margin,Exploratory model: post-2020 characteristics predict 2012-2020 district-label elasticity estimates.
CA-33,CA,33,Pacific,Suburban,Low,Low,Medium,Very High,25.9,1.1565612227945241,1.245759829787593,300.0,0.9283982314566384,True,weighted ridge regression with one-hot categorical district characteristics and standardized 2020 presidential margin,Exploratory model: post-2020 characteristics predict 2012-2020 district-label elasticity estimates.
CA-34,CA,34,Pacific,Urban,Medium,Low,Low,Very High,64.2,0.8313717493222126,0.8954904491985156,300.0,0.9283982314566384,False,weighted ridge regression with one-hot categorical district characteristics and standardized 2020 presidential margin,Exploratory model: post-2020 characteristics predict 2012-2020 district-label elasticity estimates.
CA-35,CA,35,Pacific,Urban,Low,Low,Low,Very High,23.5,0.9276558271543865,0.9992003385216632,300.0,0.9283982314566384,True,weighted ridge regression with one-hot categorical district characteristics and standardized 2020 presidential margin,Exploratory model: post-2020 characteristics predict 2012-2020 district-label elasticity estimates.
CA-36,CA,36,Pacific,Urban,Very High,Medium,Medium,Medium,44.1,0.5432221710818219,0.5851176280565692,300.0,0.9283982314566384,True,weighted ridge regression with one-hot categorical district characteristics and standardized 2020 presidential margin,Exploratory model: post-2020 characteristics predict 2012-2020 district-label elasticity estimates.
CA-37,CA,37,Pacific,Urban,Medium,Low,High,Very High,73.3,0.7030234751152804,0.757243444994774,300.0,0.9283982314566384,True,weighted ridge regression with one-hot categorical district characteristics and standardized 2020 presidential margin,Exploratory model: post-2020 characteristics predict 2012-2020 district-label elasticity estimates.
CA-38,CA,38,Pacific,Urban,Medium,Low,Low,Very High,28.0,0.9814098110674392,1.057100043725446,300.0,0.9283982314566384,True,weighted ridge regression with one-hot categorical district characteristics and standardized 2020 presidential margin,Exploratory model: post-2020 characteristics predict 2012-2020 district-label elasticity estimates.
CA-39,CA,39,Pacific,Suburban,Low,Low,Medium,Very High,26.0,1.1561467530106975,1.245313394443596,300.0,0.9283982314566384,True,weighted ridge regression with one-hot categorical district characteristics and standardized 2020 presidential margin,Exploratory model: post-2020 characteristics predict 2012-2020 district-label elasticity estimates.
CA-40,CA,40,Pacific,Suburban,High,Medium,Low,Medium,-7.699999999999996,0.9442066230832002,1.0170275977386976,300.0,0.9283982314566384,False,weighted ridge regression with one-hot categorical district characteristics and standardized 2020 presidential margin,Exploratory model: post-2020 characteristics predict 2012-2020 district-label elasticity estimates.
CA-41,CA,41,Pacific,Urban,Medium,Low,Low,Very High,25.799999999999997,0.9905281463116242,1.066921621293381,300.0,0.9283982314566384,True,weighted ridge regression with one-hot categorical district characteristics and standardized 2020 presidential margin,Exploratory model: post-2020 characteristics predict 2012-2020 district-label elasticity estimates.
CA-42,CA,42,Pacific,Urban,High,Medium,Low,Medium,19.700000000000003,0.5456634102051106,0.5877471452621958,300.0,0.9283982314566384,True,weighted ridge regression with one-hot categorical district characteristics and standardized 2020 presidential margin,Exploratory model: post-2020 characteristics predict 2012-2020 district-label elasticity estimates.
CA-43,CA,43,Pacific,Urban,Low,Low,High,Very High,63.8,0.6699929803935574,0.7216655069908435,300.0,0.9283982314566384,True,weighted ridge regression with one-hot categorical district characteristics and standardized 2020 presidential margin,Exploratory model: post-2020 characteristics predict 2012-2020 district-label elasticity estimates.
CA-44,CA,44,Pacific,Urban,Low,Low,Medium,Very High,53.10000000000001,0.7588469494840874,0.817372247999085,300.0,0.9283982314566384,False,weighted ridge regression with one-hot categorical district characteristics and standardized 2020 presidential margin,Exploratory model: post-2020 characteristics predict 2012-2020 district-label elasticity estimates.
CA-45,CA,45,Pacific,Urban,Medium,Low,Low,High,10.1,0.8258369588350847,0.8895287936291767,300.0,0.9283982314566384,True,weighted ridge regression with one-hot categorical district characteristics and standardized 2020 presidential margin,Exploratory model: post-2020 characteristics predict 2012-2020 district-label elasticity estimates.
CA-46,CA,46,Pacific,Urban,Low,Low,Low,Very High,28.200000000000003,0.9081757473145367,0.9782178773538022,300.0,0.9283982314566384,True,weighted ridge regression with one-hot categorical district characteristics and standardized 2020 presidential margin,Exploratory model: post-2020 characteristics predict 2012-2020 district-label elasticity estimates.
CA-47,CA,47,Pacific,Suburban,Very High,Medium,Low,Medium,16.1,0.9903780243204989,1.066759921296506,300.0,0.9283982314566384,True,weighted ridge regression with one-hot categorical district characteristics and standardized 2020 presidential margin,Exploratory model: post-2020 characteristics predict 2012-2020 district-label elasticity estimates.
CA-48,CA,48,Pacific,Mixed,Medium,Medium,Low,High,7.200000000000003,1.0737426340707543,1.1565539417132167,300.0,0.9283982314566384,True,weighted ridge regression with one-hot categorical district characteristics and standardized 2020 presidential margin,Exploratory model: post-2020 characteristics predict 2012-2020 district-label elasticity estimates.
CA-49,CA,49,Pacific,Suburban,Very High,Medium,Low,Medium,15.200000000000005,0.9941082523749383,1.0707778393924794,300.0,0.9283982314566384,True,weighted ridge regression with one-hot categorical district characteristics and standardized 2020 presidential margin,Exploratory model: post-2020 characteristics predict 2012-2020 district-label elasticity estimates.
CA-50,CA,50,Pacific,Mixed,Very High,Medium,Low,Medium,21.09999999999999,0.9387922363015967,1.0111956318881072,300.0,0.9283982314566384,True,weighted ridge regression with one-hot categorical district characteristics and standardized 2020 presidential margin,Exploratory model: post-2020 characteristics predict 2012-2020 district-label elasticity estimates.
CA-51,CA,51,Pacific,Mixed,High,Medium,Low,Medium,22.9,0.7865165704046904,0.8471758602670554,300.0,0.9283982314566384,True,weighted ridge regression with one-hot categorical district characteristics and standardized 2020 presidential margin,Exploratory model: post-2020 characteristics predict 2012-2020 district-label elasticity estimates.
CA-52,CA,52,Pacific,Mixed,Low,Low,Low,Very High,33.3,1.1411539816214111,1.2291643208227176,300.0,0.9283982314566384,True,weighted ridge regression with one-hot categorical district characteristics and standardized 2020 presidential margin,Exploratory model: post-2020 characteristics predict 2012-2020 district-label elasticity estimates.
CO-1,CO,1,Mountain West,Urban,Very High,Medium,Low,Medium,61.3,0.5127408068632582,0.5522854196509811,300.0,0.9283982314566384,True,weighted ridge regression with one-hot categorical district characteristics and standardized 2020 presidential margin,Exploratory model: post-2020 characteristics predict 2012-2020 district-label elasticity estimates.
CO-2,CO,2,Mountain West,Suburban,Very High,Very High,Low,Low,39.900000000000006,0.7353953032433618,0.7921119174145143,300.0,0.9283982314566384,True,weighted ridge regression with one-hot categorical district characteristics and standardized 2020 presidential margin,Exploratory model: post-2020 characteristics predict 2012-2020 district-label elasticity estimates.
CO-3,CO,3,Mountain West,Rural,Medium,High,Low,Medium,-8.199999999999996,0.8262457515166836,0.8899691140302157,300.0,0.9283982314566384,True,weighted ridge regression with one-hot categorical district characteristics and standardized 2020 presidential margin,Exploratory model: post-2020 characteristics predict 2012-2020 district-label elasticity estimates.
CO-4,CO,4,Great Plains,Rural,High,Very High,Low,Low,-18.5,0.995766032367309,1.072563473979234,300.0,0.9283982314566384,True,weighted ridge regression with one-hot categorical district characteristics and standardized 2020 presidential margin,Exploratory model: post-2020 characteristics predict 2012-2020 district-label elasticity estimates.
CO-5,CO,5,Mountain West,Rural,High,High,Low,Medium,-10.1,0.7804041119863159,0.8405919847153063,300.0,0.9283982314566384,True,weighted ridge regression with one-hot categorical district characteristics and standardized 2020 presidential margin,Exploratory model: post-2020 characteristics predict 2012-2020 district-label elasticity estimates.
CO-6,CO,6,Mountain West,Suburban,High,Medium,Medium,Medium,23.800000000000004,0.7622044364621785,0.8209886777426266,300.0,0.9283982314566384,True,weighted ridge regression with one-hot categorical district characteristics and standardized 2020 presidential margin,Exploratory model: post-2020 characteristics predict 2012-2020 district-label elasticity estimates.
CO-7,CO,7,Mountain West,Suburban,Medium,Very High,Low,Low,14.200000000000005,0.7508153933218414,0.808721266243503,300.0,0.9283982314566384,True,weighted ridge regression with one-hot categorical district characteristics and standardized 2020 presidential margin,Exploratory model: post-2020 characteristics predict 2012-2020 district-label elasticity estimates.
CO-8,CO,8,Mountain West,Suburban,Medium,Medium,Low,High,4.5,1.1104772340036277,1.1961216602721345,300.0,0.9283982314566384,False,weighted ridge regression with one-hot categorical district characteristics and standardized 2020 presidential margin,Exploratory model: post-2020 characteristics predict 2012-2020 district-label elasticity estimates.
CT-1,CT,1,Northeast,Suburban,High,Medium,Medium,Medium,28.09999999999999,0.8238135973938456,0.8873493824964515,300.0,0.9283982314566384,True,weighted ridge regression with one-hot categorical district characteristics and standardized 2020 presidential margin,Exploratory model: post-2020 characteristics predict 2012-2020 district-label elasticity estimates.
CT-2,CT,2,Northeast,Suburban,High,Very High,Low,Low,11.5,0.787720873698297,0.8484730442262677,300.0,0.9283982314566384,True,weighted ridge regression with one-hot categorical district characteristics and standardized 2020 presidential margin,Exploratory model: post-2020 characteristics predict 2012-2020 district-label elasticity estimates.
CT-3,CT,3,Northeast,Suburban,High,High,Medium,Low,19.700000000000003,0.8757793445423874,0.943322934995586,300.0,0.9283982314566384,True,weighted ridge regression with one-hot categorical district characteristics and standardized 2020 presidential margin,Exploratory model: post-2020 characteristics predict 2012-2020 district-label elasticity estimates.
CT-4,CT,4,Northeast,Suburban,Very High,Medium,Medium,Medium,31.200000000000003,0.9557802438832489,1.029493822261648,300.0,0.9283982314566384,True,weighted ridge regression with one-hot categorical district characteristics and standardized 2020 presidential margin,Exploratory model: post-2020 characteristics predict 2012-2020 district-label elasticity estimates.
CT-5,CT,5,Northeast,Suburban,High,High,Low,Medium,10.700000000000005,0.9049774774579681,0.9747729441902064,300.0,0.9283982314566384,True,weighted ridge regression with one-hot categorical district characteristics and standardized 2020 presidential margin,Exploratory model: post-2020 characteristics predict 2012-2020 district-label elasticity estimates.
DE-AL,DE,AL,Mid-Atlantic,Mixed,High,High,Medium,Low,14.700000000000005,1.2077377162225071,1.300883258176387,300.0,0.9283982314566384,True,weighted ridge regression with one-hot categorical district characteristics and standardized 2020 presidential margin,Exploratory model: post-2020 characteristics predict 2012-2020 district-label elasticity estimates.
FL-1,FL,1,Deep South,Rural,Medium,High,Medium,Low,-32.199999999999996,0.7162508683562706,0.7714909874747254,300.0,0.9283982314566384,True,weighted ridge regression with one-hot categorical district characteristics and standardized 2020 presidential margin,Exploratory model: post-2020 characteristics predict 2012-2020 district-label elasticity estimates.
FL-2,FL,2,Deep South,Rural,Medium,High,Medium,Low,-10.9,0.6279688044012064,0.6764002592033548,300.0,0.9283982314566384,True,weighted ridge regression with one-hot categorical district characteristics and standardized 2020 presidential margin,Exploratory model: post-2020 characteristics predict 2012-2020 district-label elasticity estimates.
FL-3,FL,3,Southeast,Rural,Medium,High,Medium,Medium,-14.0,0.7695482022231922,0.8288988239624137,300.0,0.9283982314566384,True,weighted ridge regression with one-hot categorical district characteristics and standardized 2020 presidential margin,Exploratory model: post-2020 characteristics predict 2012-2020 district-label elasticity estimates.
FL-4,FL,4,Southeast,Rural,Low,Medium,High,Low,-6.700000000000003,0.7136907348632894,0.7687334062921715,300.0,0.9283982314566384,True,weighted ridge regression with one-hot categorical district characteristics and standardized 2020 presidential margin,Exploratory model: post-2020 characteristics predict 2012-2020 district-label elasticity estimates.
FL-5,FL,5,Southeast,Mixed,Medium,High,Medium,Low,-15.700000000000005,0.9313135778784849,1.0031401895469712,300.0,0.9283982314566384,True,weighted ridge regression with one-hot categorical district characteristics and standardized 2020 presidential margin,Exploratory model: post-2020 characteristics predict 2012-2020 district-label elasticity estimates.
FL-6,FL,6,Southeast,Mixed,Low,High,Medium,Low,-23.59999999999999,0.8916515666155364,0.9604192860390878,300.0,0.9283982314566384,True,weighted ridge regression with one-hot categorical district characteristics and standardized 2020 presidential margin,Exploratory model: post-2020 characteristics predict 2012-2020 district-label elasticity estimates.
FL-7,FL,7,Southeast,Mixed,Medium,High,Medium,Medium,-5.5,0.8348076906417322,0.8991913839947062,300.0,0.9283982314566384,True,weighted ridge regression with one-hot categorical district characteristics and standardized 2020 presidential margin,Exploratory model: post-2020 characteristics predict 2012-2020 district-label elasticity estimates.
FL-8,FL,8,Southeast,Mixed,Medium,High,Medium,Low,-10.700000000000005,0.9105900886871553,0.9808184223471188,300.0,0.9283982314566384,True,weighted ridge regression with one-hot categorical district characteristics and standardized 2020 presidential margin,Exploratory model: post-2020 characteristics predict 2012-2020 district-label elasticity estimates.
FL-9,FL,9,Southeast,Mixed,Medium,Medium,Medium,High,-6.799999999999997,1.0457132239930262,1.1263627919156234,300.0,0.9283982314566384,True,weighted ridge regression with one-hot categorical district characteristics and standardized 2020 presidential margin,Exploratory model: post-2020 characteristics predict 2012-2020 district-label elasticity estimates.
FL-10,FL,10,Southeast,Urban,Medium,Low,High,High,32.9,0.6007769660880855,0.6471112780401126,300.0,0.9283982314566384,True,weighted ridge regression with one-hot categorical district characteristics and standardized 2020 presidential margin,Exploratory model: post-2020 characteristics predict 2012-2020 district-label elasticity estimates.
FL-11,FL,11,Southeast,Mixed,High,High,Medium,Medium,-9.599999999999994,0.7980843863555496,0.8596358322477317,300.0,0.9283982314566384,True,weighted ridge regression with one-hot categorical district characteristics and standardized 2020 presidential margin,Exploratory model: post-2020 characteristics predict 2012-2020 district-label elasticity estimates.
FL-12,FL,12,Southeast,Mixed,Medium,Medium,Medium,Medium,-5.800000000000004,0.8731307839725443,0.9404701068878809,300.0,0.9283982314566384,True,weighted ridge regression with one-hot categorical district characteristics and standardized 2020 presidential margin,Exploratory model: post-2020 characteristics predict 2012-2020 district-label elasticity estimates.
FL-13,FL,13,Southeast,Mixed,Medium,Very High,Low,Low,-7.800000000000004,0.7765254718383131,0.8364142083941285,300.0,0.9283982314566384,True,weighted ridge regression with one-hot categorical district characteristics and standardized 2020 presidential margin,Exploratory model: post-2020 characteristics predict 2012-2020 district-label elasticity estimates.
FL-14,FL,14,Southeast,Mixed,Medium,Medium,Medium,Medium,-2.8000000000000043,0.8606966904577464,0.9270770465679695,300.0,0.9283982314566384,False,weighted ridge regression with one-hot categorical district characteristics and standardized 2020 presidential margin,Exploratory model: post-2020 characteristics predict 2012-2020 district-label elasticity estimates.
FL-15,FL,15,Southeast,Mixed,Medium,High,Medium,Low,-10.6,0.9101756189033287,0.9803719870031217,300.0,0.9283982314566384,True,weighted ridge regression with one-hot categorical district characteristics and standardized 2020 presidential margin,Exploratory model: post-2020 characteristics predict 2012-2020 district-label elasticity estimates.
FL-16,FL,16,Southeast,Mixed,Medium,High,Medium,Low,-5.519999999999996,0.8891205538849378,0.9576930715280719,300.0,0.9283982314566384,True,weighted ridge regression with one-hot categorical district characteristics and standardized 2020 presidential margin,Exploratory model: post-2020 characteristics predict 2012-2020 district-label elasticity estimates.
FL-17,FL,17,Southeast,Mixed,Medium,Very High,Low,Low,-13.9,0.8018081286517353,0.8636467643779484,300.0,0.9283982314566384,True,weighted ridge regression with one-hot categorical district characteristics and standardized 2020 presidential margin,Exploratory model: post-2020 characteristics predict 2012-2020 district-label elasticity estimates.
FL-18,FL,18,Southeast,Mixed,Low,Medium,Low,Medium,-10.1,0.864673682149466,0.9313607596955568,300.0,0.9283982314566384,True,weighted ridge regression with one-hot categorical district characteristics and standardized 2020 presidential margin,Exploratory model: post-2020 characteristics predict 2012-2020 district-label elasticity estimates.
FL-19,FL,19,Southeast,Mixed,Medium,High,Low,Medium,-22.0,0.9493210266307477,1.0225364444536715,300.0,0.9283982314566384,True,weighted ridge regression with one-hot categorical district characteristics and standardized 2020 presidential margin,Exploratory model: post-2020 characteristics predict 2012-2020 district-label elasticity estimates.
FL-20,FL,20,Southeast,Urban,Medium,Low,High,Medium,48.2,0.3689253469804007,0.39737833882079265,300.0,0.9283982314566384,True,weighted ridge regression with one-hot categorical district characteristics and standardized 2020 presidential margin,Exploratory model: post-2020 characteristics predict 2012-2020 district-label elasticity estimates.
FL-21,FL,21,Southeast,Mixed,Medium,High,Medium,Medium,-8.799999999999997,0.8484851935080098,0.9139237503466087,300.0,0.9283982314566384,False,weighted ridge regression with one-hot categorical district characteristics and standardized 2020 presidential margin,Exploratory model: post-2020 characteristics predict 2012-2020 district-label elasticity estimates.
FL-22,FL,22,Southeast,Mixed,High,Medium,Medium,High,2.200000000000003,0.9546943780255599,1.0283242101050358,300.0,0.9283982314566384,True,weighted ridge regression with one-hot categorical district characteristics and standardized 2020 presidential margin,Exploratory model: post-2020 characteristics predict 2012-2020 district-label elasticity estimates.
FL-23,FL,23,Southeast,Urban,Medium,Medium,Medium,Medium,26.6,0.4847263807306973,0.5221104094200731,300.0,0.9283982314566384,True,weighted ridge regression with one-hot categorical district characteristics and standardized 2020 presidential margin,Exploratory model: post-2020 characteristics predict 2012-2020 district-label elasticity estimates.
FL-24,FL,24,Southeast,Urban,Low,Low,Very High,High,56.4,0.4366754723845162,0.4703536236808434,300.0,0.9283982314566384,False,weighted ridge regression with one-hot categorical district characteristics and standardized 2020 presidential margin,Exploratory model: post-2020 characteristics predict 2012-2020 district-label elasticity estimates.
FL-25,FL,25,Southeast,Mixed,Very High,Medium,Low,Medium,5.100000000000001,0.9651780435580278,1.0396164176699074,300.0,0.9283982314566384,True,weighted ridge regression with one-hot categorical district characteristics and standardized 2020 presidential margin,Exploratory model: post-2020 characteristics predict 2012-2020 district-label elasticity estimates.
FL-26,FL,26,Southeast,Mixed,Medium,Low,Low,Very High,-1.1000000000000014,1.3162073532871847,1.417718505583624,300.0,0.9283982314566384,True,weighted ridge regression with one-hot categorical district characteristics and standardized 2020 presidential margin,Exploratory model: post-2020 characteristics predict 2012-2020 district-label elasticity estimates.
FL-27,FL,27,Southeast,Mixed,High,Low,Low,Very High,-0.2000000000000028,1.2587605598096725,1.3558411866367972,300.0,0.9283982314566384,True,weighted ridge regression with one-hot categorical district characteristics and standardized 2020 presidential margin,Exploratory model: post-2020 characteristics predict 2012-2020 district-label elasticity estimates.
FL-28,FL,28,Southeast,Mixed,Medium,Low,Medium,Very High,-6.600000000000001,1.2928773697400198,1.3925892208040087,300.0,0.9283982314566384,False,weighted ridge regression with one-hot categorical district characteristics and standardized 2020 presidential margin,Exploratory model: post-2020 characteristics predict 2012-2020 district-label elasticity estimates.
GA-1,GA,1,Southeast,Rural,Medium,Medium,High,Low,-13.4,0.8138653345649204,0.8766338700236233,300.0,0.9283982314566384,True,weighted ridge regression with one-hot categorical district characteristics and standardized 2020 presidential margin,Exploratory model: post-2020 characteristics predict 2012-2020 district-label elasticity estimates.
GA-2,GA,2,Southeast,Rural,Low,Low,Very High,Low,10.300000000000004,0.6671650430710301,0.7186194678809991,300.0,0.9283982314566384,True,weighted ridge regression with one-hot categorical district characteristics and standardized 2020 presidential margin,Exploratory model: post-2020 characteristics predict 2012-2020 district-label elasticity estimates.
GA-3,GA,3,Southeast,Rural,Medium,High,High,Low,-30.10000000000001,0.8460021044846292,0.9112491556099463,300.0,0.9283982314566384,True,weighted ridge regression with one-hot categorical district characteristics and standardized 2020 presidential margin,Exploratory model: post-2020 characteristics predict 2012-2020 district-label elasticity estimates.
GA-4,GA,4,Southeast,Urban,High,Low,Very High,Medium,57.7,0.2815381817747308,0.30325152745390627,300.0,0.9283982314566384,True,weighted ridge regression with one-hot categorical district characteristics and standardized 2020 presidential margin,Exploratory model: post-2020 characteristics predict 2012-2020 district-label elasticity estimates.
GA-5,GA,5,Southeast,Urban,High,Low,Very High,Low,72.8,0.2731832137033554,0.29425219097491856,300.0,0.9283982314566384,False,weighted ridge regression with one-hot categorical district characteristics and standardized 2020 presidential margin,Exploratory model: post-2020 characteristics predict 2012-2020 district-label elasticity estimates.
GA-6,GA,6,Southeast,Urban,High,Low,Very High,Low,49.5,0.3697546733349515,0.39827162612623007,300.0,0.9283982314566384,True,weighted ridge regression with one-hot categorical district characteristics and standardized 2020 presidential margin,Exploratory model: post-2020 characteristics predict 2012-2020 district-label elasticity estimates.
GA-7,GA,7,Southeast,Suburban,Very High,High,Low,Low,-19.199999999999996,1.1139067851625706,1.1998157120731188,300.0,0.9283982314566384,True,weighted ridge regression with one-hot categorical district characteristics and standardized 2020 presidential margin,Exploratory model: post-2020 characteristics predict 2012-2020 district-label elasticity estimates.
GA-8,GA,8,Southeast,Rural,Low,Medium,High,Low,-27.59999999999999,0.8003149196830472,0.8620383931875538,300.0,0.9283982314566384,False,weighted ridge regression with one-hot categorical district characteristics and standardized 2020 presidential margin,Exploratory model: post-2020 characteristics predict 2012-2020 district-label elasticity estimates.
GA-9,GA,9,Southeast,Rural,Medium,High,Medium,Low,-32.3,0.8996261419498989,0.9690088923784391,300.0,0.9283982314566384,True,weighted ridge regression with one-hot categorical district characteristics and standardized 2020 presidential margin,Exploratory model: post-2020 characteristics predict 2012-2020 district-label elasticity estimates.
GA-10,GA,10,Southeast,Rural,Medium,High,Medium,Low,-21.299999999999997,0.8540344657289737,0.9199010045387641,300.0,0.9283982314566384,True,weighted ridge regression with one-hot categorical district characteristics and standardized 2020 presidential margin,Exploratory model: post-2020 characteristics predict 2012-2020 district-label elasticity estimates.
GA-11,GA,11,Southeast,Rural,High,High,Medium,Low,-21.9,0.8028047190088602,0.864720215751893,300.0,0.9283982314566384,True,weighted ridge regression with one-hot categorical district characteristics and standardized 2020 presidential margin,Exploratory model: post-2020 characteristics predict 2012-2020 district-label elasticity estimates.
GA-12,GA,12,Southeast,Rural,Low,Medium,High,Low,-10.200000000000005,0.7281971772972201,0.784358643332068,300.0,0.9283982314566384,True,weighted ridge regression with one-hot categorical district characteristics and standardized 2020 presidential margin,Exploratory model: post-2020 characteristics predict 2012-2020 district-label elasticity estimates.
GA-13,GA,13,Southeast,Urban,Medium,Low,Very High,Low,40.5,0.46077351930241794,0.4963102079368176,300.0,0.9283982314566384,True,weighted ridge regression with one-hot categorical district characteristics and standardized 2020 presidential margin,Exploratory model: post-2020 characteristics predict 2012-2020 district-label elasticity estimates.
GA-14,GA,14,Southeast,Rural,Low,High,Medium,Low,-37.49999999999999,0.8487734465236323,0.9142342345826355,300.0,0.9283982314566384,True,weighted ridge regression with one-hot categorical district characteristics and standardized 2020 presidential margin,Exploratory model: post-2020 characteristics predict 2012-2020 district-label elasticity estimates.
HI-1,HI,1,Pacific,Mixed,High,Low,Low,Low,29.4,0.832036145519734,0.8962060862764526,300.0,0.9283982314566384,True,weighted ridge regression with one-hot categorical district characteristics and standardized 2020 presidential margin,Exploratory model: post-2020 characteristics predict 2012-2020 district-label elasticity estimates.
HI-2,HI,2,Pacific,Mixed,Medium,Low,Low,Low,29.5,0.8853382411589805,0.953619051783309,300.0,0.9283982314566384,True,weighted ridge regression with one-hot categorical district characteristics and standardized 2020 presidential margin,Exploratory model: post-2020 characteristics predict 2012-2020 district-label elasticity estimates.
ID-1,ID,1,Mountain West,Rural,Medium,Very High,Low,Low,-37.99999999999999,0.83581690160795,0.9002784293293729,300.0,0.9283982314566384,True,weighted ridge regression with one-hot categorical district characteristics and standardized 2020 presidential margin,Exploratory model: post-2020 characteristics predict 2012-2020 district-label elasticity estimates.
ID-2,ID,2,Mountain West,Rural,Medium,Very High,Low,Low,-23.40000000000001,0.7753043131692674,0.8350988691058042,300.0,0.9283982314566384,True,weighted ridge regression with one-hot categorical district characteristics and standardized 2020 presidential margin,Exploratory model: post-2020 characteristics predict 2012-2020 district-label elasticity estimates.
IL-1,IL,1,Midwest,Urban,Medium,Low,Very High,Low,42.4,0.8594049282997318,0.92568565856846,300.0,0.9283982314566384,True,weighted ridge regression with one-hot categorical district characteristics and standardized 2020 presidential margin,Exploratory model: post-2020 characteristics predict 2012-2020 district-label elasticity estimates.
IL-2,IL,2,Midwest,Urban,Low,Low,Very High,Low,40.0,0.7969470789263208,0.8584108111407394,300.0,0.9283982314566384,True,weighted ridge regression with one-hot categorical district characteristics and standardized 2020 presidential margin,Exploratory model: post-2020 characteristics predict 2012-2020 district-label elasticity estimates.
IL-3,IL,3,Midwest,Urban,Medium,Low,Low,High,41.400000000000006,1.0626848932315567,1.1446433838679606,300.0,0.9283982314566384,True,weighted ridge regression with one-hot categorical district characteristics and standardized 2020 presidential margin,Exploratory model: post-2020 characteristics predict 2012-2020 district-label elasticity estimates.
IL-4,IL,4,Midwest,Urban,Low,Low,Low,Very High,46.4,1.1993192233922922,1.2918154976561989,300.0,0.9283982314566384,True,weighted ridge regression with one-hot categorical district characteristics and standardized 2020 presidential margin,Exploratory model: post-2020 characteristics predict 2012-2020 district-label elasticity estimates.
IL-5,IL,5,Midwest,Urban,Very High,High,Low,Low,39.8,0.9908974554852965,1.0673194130611365,300.0,0.9283982314566384,True,weighted ridge regression with one-hot categorical district characteristics and standardized 2020 presidential margin,Exploratory model: post-2020 characteristics predict 2012-2020 district-label elasticity estimates.
IL-6,IL,6,Midwest,Urban,High,High,Low,Low,10.9,0.9658640132231542,1.0403552920471777,300.0,0.9283982314566384,True,weighted ridge regression with one-hot categorical district characteristics and standardized 2020 presidential margin,Exploratory model: post-2020 characteristics predict 2012-2020 district-label elasticity estimates.
IL-7,IL,7,Midwest,Urban,High,Low,High,Low,72.8,0.6739855189124453,0.7259659659788186,300.0,0.9283982314566384,True,weighted ridge regression with one-hot categorical district characteristics and standardized 2020 presidential margin,Exploratory model: post-2020 characteristics predict 2012-2020 district-label elasticity estimates.
IL-8,IL,8,Midwest,Urban,High,Medium,Low,Medium,15.4,0.9300625876438496,1.0017927179639279,300.0,0.9283982314566384,True,weighted ridge regression with one-hot categorical district characteristics and standardized 2020 presidential margin,Exploratory model: post-2020 characteristics predict 2012-2020 district-label elasticity estimates.
IL-9,IL,9,Midwest,Suburban,Very High,High,Low,Low,41.3,1.269658900837501,1.3675800511224925,300.0,0.9283982314566384,True,weighted ridge regression with one-hot categorical district characteristics and standardized 2020 presidential margin,Exploratory model: post-2020 characteristics predict 2012-2020 district-label elasticity estimates.
IL-10,IL,10,Midwest,Suburban,High,High,Low,Medium,25.9,1.1344420684723284,1.221934758204366,300.0,0.9283982314566384,True,weighted ridge regression with one-hot categorical district characteristics and standardized 2020 presidential margin,Exploratory model: post-2020 characteristics predict 2012-2020 district-label elasticity estimates.
IL-11,IL,11,Midwest,Suburban,High,High,Low,Medium,15.300000000000004,1.1783758655579473,1.2692569046680529,300.0,0.9283982314566384,True,weighted ridge regression with one-hot categorical district characteristics and standardized 2020 presidential margin,Exploratory model: post-2020 characteristics predict 2012-2020 district-label elasticity estimates.
IL-12,IL,12,Midwest,Rural,Low,Very High,Low,Low,-42.8,1.15520168683859,1.2442954410049893,300.0,0.9283982314566384,True,weighted ridge regression with one-hot categorical district characteristics and standardized 2020 presidential margin,Exploratory model: post-2020 characteristics predict 2012-2020 district-label elasticity estimates.
IL-13,IL,13,Midwest,Mixed,Medium,High,Medium,Low,11.199999999999996,1.2263275409191505,1.320906804179352,300.0,0.9283982314566384,True,weighted ridge regression with one-hot categorical district characteristics and standardized 2020 presidential margin,Exploratory model: post-2020 characteristics predict 2012-2020 district-label elasticity estimates.
IL-14,IL,14,Midwest,Exurban,Medium,High,Medium,Medium,11.400000000000006,1.4673646897961714,1.58053369780111,300.0,0.9283982314566384,True,weighted ridge regression with one-hot categorical district characteristics and standardized 2020 presidential margin,Exploratory model: post-2020 characteristics predict 2012-2020 district-label elasticity estimates.
IL-15,IL,15,Midwest,Rural,Medium,Very High,Low,Low,-38.7,1.2106135498869492,1.3039808875847605,300.0,0.9283982314566384,True,weighted ridge regression with one-hot categorical district characteristics and standardized 2020 presidential margin,Exploratory model: post-2020 characteristics predict 2012-2020 district-label elasticity estimates.
IL-16,IL,16,Midwest,Rural,Medium,Very High,Low,Low,-21.5,1.139324747068775,1.2271940084172686,300.0,0.9283982314566384,True,weighted ridge regression with one-hot categorical district characteristics and standardized 2020 presidential margin,Exploratory model: post-2020 characteristics predict 2012-2020 district-label elasticity estimates.
IL-17,IL,17,Midwest,Mixed,Low,High,Medium,Low,7.800000000000004,1.1680143893840054,1.2580963101916018,300.0,0.9283982314566384,True,weighted ridge regression with one-hot categorical district characteristics and standardized 2020 presidential margin,Exploratory model: post-2020 characteristics predict 2012-2020 district-label elasticity estimates.
IN-1,IN,1,Midwest,Suburban,Medium,Very High,Medium,Low,8.399999999999999,1.1006241789183693,1.1855086983432872,300.0,0.9283982314566384,True,weighted ridge regression with one-hot categorical district characteristics and standardized 2020 presidential margin,Exploratory model: post-2020 characteristics predict 2012-2020 district-label elasticity estimates.
IN-2,IN,2,Midwest,Exurban,Low,Very High,Low,Low,-22.6,1.468064268280533,1.5812872305639458,300.0,0.9283982314566384,True,weighted ridge regression with one-hot categorical district characteristics and standardized 2020 presidential margin,Exploratory model: post-2020 characteristics predict 2012-2020 district-label elasticity estimates.
IN-3,IN,3,Midwest,Rural,Low,Very High,Low,Low,-29.9,1.1017350847249596,1.1867052816293706,300.0,0.9283982314566384,True,weighted ridge regression with one-hot categorical district characteristics and standardized 2020 presidential margin,Exploratory model: post-2020 characteristics predict 2012-2020 district-label elasticity estimates.
IN-4,IN,4,Midwest,Rural,Medium,Very High,Low,Low,-29.1,1.1708244506395962,1.261123094561044,300.0,0.9283982314566384,True,weighted ridge regression with one-hot categorical district characteristics and standardized 2020 presidential margin,Exploratory model: post-2020 characteristics predict 2012-2020 district-label elasticity estimates.
IN-5,IN,5,Midwest,Suburban,High,Very High,Low,Low,-16.0,1.1941640624066125,1.2862627501271657,300.0,0.9283982314566384,True,weighted ridge regression with one-hot categorical district characteristics and standardized 2020 presidential margin,Exploratory model: post-2020 characteristics predict 2012-2020 district-label elasticity estimates.
IN-6,IN,6,Midwest,Rural,Medium,Very High,Low,Low,-31.90000000000001,1.1824296045867408,1.2736232841929613,300.0,0.9283982314566384,True,weighted ridge regression with one-hot categorical district characteristics and standardized 2020 presidential margin,Exploratory model: post-2020 characteristics predict 2012-2020 district-label elasticity estimates.
IN-7,IN,7,Midwest,Urban,Medium,Medium,High,Low,42.4,0.8354707568414704,0.8999055885001347,300.0,0.9283982314566384,True,weighted ridge regression with one-hot categorical district characteristics and standardized 2020 presidential margin,Exploratory model: post-2020 characteristics predict 2012-2020 district-label elasticity estimates.
IN-8,IN,8,Midwest,Rural,Low,Very High,Low,Low,-32.8,1.1137547084559307,1.1996519066052849,300.0,0.9283982314566384,True,weighted ridge regression with one-hot categorical district characteristics and standardized 2020 presidential margin,Exploratory model: post-2020 characteristics predict 2012-2020 district-label elasticity estimates.
IN-9,IN,9,Midwest,Rural,Low,Very High,Low,Low,-27.4,1.0913733401292949,1.1755443980294447,300.0,0.9283982314566384,True,weighted ridge regression with one-hot categorical district characteristics and standardized 2020 presidential margin,Exploratory model: post-2020 characteristics predict 2012-2020 district-label elasticity estimates.
IA-1,IA,1,Midwest,Mixed,Medium,Very High,Low,Low,-2.8999999999999986,1.1627227873208292,1.2523965987058596,300.0,0.9283982314566384,True,weighted ridge regression with one-hot categorical district characteristics and standardized 2020 presidential margin,Exploratory model: post-2020 characteristics predict 2012-2020 district-label elasticity estimates.
IA-2,IA,2,Midwest,Mixed,Medium,Very High,Low,Low,-4.400000000000006,1.1689398340782282,1.2590931288658154,300.0,0.9283982314566384,True,weighted ridge regression with one-hot categorical district characteristics and standardized 2020 presidential margin,Exploratory model: post-2020 characteristics predict 2012-2020 district-label elasticity estimates.
IA-3,IA,3,Midwest,Mixed,Medium,Very High,Low,Low,-0.4000000000000057,1.1523610427251645,1.2412357151059334,300.0,0.9283982314566384,True,weighted ridge regression with one-hot categorical district characteristics and standardized 2020 presidential margin,Exploratory model: post-2020 characteristics predict 2012-2020 district-label elasticity estimates.
IA-4,IA,4,Midwest,Rural,Low,Very High,Low,Low,-25.9,1.085156293371896,1.1688478678694887,300.0,0.9283982314566384,True,weighted ridge regression with one-hot categorical district characteristics and standardized 2020 presidential margin,Exploratory model: post-2020 characteristics predict 2012-2020 district-label elasticity estimates.
KS-1,KS,1,Great Plains,Rural,Medium,Very High,Low,Low,-29.6,1.0954887437951337,1.1799771980137592,300.0,0.9283982314566384,True,weighted ridge regression with one-hot categorical district characteristics and standardized 2020 presidential margin,Exploratory model: post-2020 characteristics predict 2012-2020 district-label elasticity estimates.
KS-2,KS,2,Great Plains,Mixed,Medium,High,Low,Low,-16.299999999999997,1.3090244973654959,1.4099816792107225,300.0,0.9283982314566384,True,weighted ridge regression with one-hot categorical district characteristics and standardized 2020 presidential margin,Exploratory model: post-2020 characteristics predict 2012-2020 district-label elasticity estimates.
KS-3,KS,3,Great Plains,Suburban,Very High,Very High,Low,Low,4.5,1.1766049107465932,1.2673493667696065,300.0,0.9283982314566384,True,weighted ridge regression with one-hot categorical district characteristics and standardized 2020 presidential margin,Exploratory model: post-2020 characteristics predict 2012-2020 district-label elasticity estimates.
KS-4,KS,4,Great Plains,Rural,Medium,High,Low,Low,-21.700000000000003,1.2309164456483315,1.3258496235145214,300.0,0.9283982314566384,True,weighted ridge regression with one-hot categorical district characteristics and standardized 2020 presidential margin,Exploratory model: post-2020 characteristics predict 2012-2020 district-label elasticity estimates.
KY-1,KY,1,Appalachia,Rural,Low,Very High,Low,Low,-42.7,0.6603661860897416,0.7112962559758867,300.0,0.9283982314566384,True,weighted ridge regression with one-hot categorical district characteristics and standardized 2020 presidential margin,Exploratory model: post-2020 characteristics predict 2012-2020 district-label elasticity estimates.
KY-2,KY,2,Appalachia,Rural,Low,Very High,Low,Low,-36.50000000000001,0.6346690594924929,0.6836172646480699,300.0,0.9283982314566384,True,weighted ridge regression with one-hot categorical district characteristics and standardized 2020 presidential margin,Exploratory model: post-2020 characteristics predict 2012-2020 district-label elasticity estimates.
KY-3,KY,3,Appalachia,Urban,Medium,High,Medium,Low,22.300000000000004,0.4317841706673461,0.46508508529780945,300.0,0.9283982314566384,True,weighted ridge regression with one-hot categorical district characteristics and standardized 2020 presidential margin,Exploratory model: post-2020 characteristics predict 2012-2020 district-label elasticity estimates.
KY-4,KY,4,Appalachia,Rural,Medium,Very High,Low,Low,-32.7,0.6913243318923317,0.744642017259832,300.0,0.9283982314566384,True,weighted ridge regression with one-hot categorical district characteristics and standardized 2020 presidential margin,Exploratory model: post-2020 characteristics predict 2012-2020 district-label elasticity estimates.
KY-5,KY,5,Appalachia,Rural,Low,Very High,Low,Low,-59.3,0.729168170204956,0.7854045230793962,300.0,0.9283982314566384,True,weighted ridge regression with one-hot categorical district characteristics and standardized 2020 presidential margin,Exploratory model: post-2020 characteristics predict 2012-2020 district-label elasticity estimates.
KY-6,KY,6,Appalachia,Rural,Medium,Very High,Low,Low,-11.0,0.601384388801961,0.6477655476124732,300.0,0.9283982314566384,True,weighted ridge regression with one-hot categorical district characteristics and standardized 2020 presidential margin,Exploratory model: post-2020 characteristics predict 2012-2020 district-label elasticity estimates.
LA-1,LA,1,Deep South,Exurban,Unknown,Unknown,Unknown,Unknown,-39.2,0.9530540005252128,1.0265573201597875,300.0,0.9283982314566384,True,weighted ridge regression with one-hot categorical district characteristics and standardized 2020 presidential margin,Exploratory model: post-2020 characteristics predict 2012-2020 district-label elasticity estimates.
LA-2,LA,2,Deep South,Urban,Unknown,Unknown,Unknown,Unknown,52.3,0.023601897310735476,0.025422169615408,300.0,0.9283982314566384,False,weighted ridge regression with one-hot categorical district characteristics and standardized 2020 presidential margin,Exploratory model: post-2020 characteristics predict 2012-2020 district-label elasticity estimates.
LA-3,LA,3,Deep South,Rural,Unknown,Unknown,Unknown,Unknown,-32.3,0.5278701076662633,0.5685815523776317,300.0,0.9283982314566384,True,weighted ridge regression with one-hot categorical district characteristics and standardized 2020 presidential margin,Exploratory model: post-2020 characteristics predict 2012-2020 district-label elasticity estimates.
LA-4,LA,4,Deep South,Rural,Unknown,Unknown,Unknown,Unknown,-29.90000000000001,0.5179228328544251,0.5578671041217027,300.0,0.9283982314566384,True,weighted ridge regression with one-hot categorical district characteristics and standardized 2020 presidential margin,Exploratory model: post-2020 characteristics predict 2012-2020 district-label elasticity estimates.
LA-5,LA,5,Deep South,Rural,Unknown,Unknown,Unknown,Unknown,-29.0,0.5141926047999857,0.5538491860257293,300.0,0.9283982314566384,True,weighted ridge regression with one-hot categorical district characteristics and standardized 2020 presidential margin,Exploratory model: post-2020 characteristics predict 2012-2020 district-label elasticity estimates.
LA-6,LA,6,Deep South,Rural,Unknown,Unknown,Unknown,Unknown,-32.099999999999994,0.5270411680986101,0.5676886816896377,300.0,0.9283982314566384,True,weighted ridge regression with one-hot categorical district characteristics and standardized 2020 presidential margin,Exploratory model: post-2020 characteristics predict 2012-2020 district-label elasticity estimates.
ME-1,ME,1,Northeast,Urban,High,Very High,Low,Low,22.799999999999997,0.45590729601628865,0.49106868213329014,300.0,0.9283982314566384,True,weighted ridge regression with one-hot categorical district characteristics and standardized 2020 presidential margin,Exploratory model: post-2020 characteristics predict 2012-2020 district-label elasticity estimates.
ME-2,ME,2,Northeast,Rural,Medium,Very High,Low,Low,-6.100000000000001,0.7830324022034774,0.8434229791400131,300.0,0.9283982314566384,True,weighted ridge regression with one-hot categorical district characteristics and standardized 2020 presidential margin,Exploratory model: post-2020 characteristics predict 2012-2020 district-label elasticity estimates.
MD-1,MD,1,Mid-Atlantic,Rural,Medium,High,Medium,Low,-14.4,1.281575568695318,1.380415779858339,300.0,0.9283982314566384,True,weighted ridge regression with one-hot categorical district characteristics and standardized 2020 presidential margin,Exploratory model: post-2020 characteristics predict 2012-2020 district-label elasticity estimates.
MD-2,MD,2,Mid-Atlantic,Mixed,High,High,Medium,Low,20.6,1.183283998976738,1.2745435728805612,300.0,0.9283982314566384,True,weighted ridge regression with one-hot categorical district characteristics and standardized 2020 presidential margin,Exploratory model: post-2020 characteristics predict 2012-2020 district-label elasticity estimates.
MD-3,MD,3,Mid-Atlantic,Mixed,Very High,Medium,Medium,Low,25.300000000000004,1.345698812904248,1.4494844640029885,300.0,0.9283982314566384,True,weighted ridge regression with one-hot categorical district characteristics and standardized 2020 presidential margin,Exploratory model: post-2020 characteristics predict 2012-2020 district-label elasticity estimates.
MD-4,MD,4,Mid-Atlantic,Urban,Medium,Low,Very High,Medium,80.60000000000001,0.6964806847518935,0.7501960485848074,300.0,0.9283982314566384,True,weighted ridge regression with one-hot categorical district characteristics and standardized 2020 presidential margin,Exploratory model: post-2020 characteristics predict 2012-2020 district-label elasticity estimates.
MD-5,MD,5,Mid-Atlantic,Mixed,High,Medium,High,Low,36.3,1.1107862246742106,1.1964544815336509,300.0,0.9283982314566384,True,weighted ridge regression with one-hot categorical district characteristics and standardized 2020 presidential margin,Exploratory model: post-2020 characteristics predict 2012-2020 district-label elasticity estimates.
MD-6,MD,6,Mid-Atlantic,Mixed,High,High,Medium,Low,9.800000000000004,1.2280467356300102,1.3227585900322423,300.0,0.9283982314566384,True,weighted ridge regression with one-hot categorical district characteristics and standardized 2020 presidential margin,Exploratory model: post-2020 characteristics predict 2012-2020 district-label elasticity estimates.
MD-7,MD,7,Mid-Atlantic,Urban,Medium,Low,Very High,Low,63.1,0.8232428662079874,0.8867346342488565,300.0,0.9283982314566384,True,weighted ridge regression with one-hot categorical district characteristics and standardized 2020 presidential margin,Exploratory model: post-2020 characteristics predict 2012-2020 district-label elasticity estimates.
MD-8,MD,8,Mid-Atlantic,Suburban,Very High,Medium,Medium,Medium,62.10000000000001,1.1698062619971943,1.2600263791560562,300.0,0.9283982314566384,True,weighted ridge regression with one-hot categorical district characteristics and standardized 2020 presidential margin,Exploratory model: post-2020 characteristics predict 2012-2020 district-label elasticity estimates.
MA-1,MA,1,Northeast,Mixed,Medium,High,Low,Medium,21.6,0.8826545376163699,0.9507283703368354,300.0,0.9283982314566384,False,weighted ridge regression with one-hot categorical district characteristics and standardized 2020 presidential margin,Exploratory model: post-2020 characteristics predict 2012-2020 district-label elasticity estimates.
MA-2,MA,2,Northeast,Mixed,High,High,Low,Low,30.700000000000003,0.8454511911515171,0.9106557536468171,300.0,0.9283982314566384,True,weighted ridge regression with one-hot categorical district characteristics and standardized 2020 presidential margin,Exploratory model: post-2020 characteristics predict 2012-2020 district-label elasticity estimates.
MA-3,MA,3,Northeast,Mixed,High,High,Low,Medium,27.299999999999997,0.8053131945151811,0.8674221548781504,300.0,0.9283982314566384,True,weighted ridge regression with one-hot categorical district characteristics and standardized 2020 presidential margin,Exploratory model: post-2020 characteristics predict 2012-2020 district-label elasticity estimates.
MA-4,MA,4,Northeast,Mixed,High,Very High,Low,Low,28.299999999999997,0.6872276511878568,0.7402293842262175,300.0,0.9283982314566384,False,weighted ridge regression with one-hot categorical district characteristics and standardized 2020 presidential margin,Exploratory model: post-2020 characteristics predict 2012-2020 district-label elasticity estimates.
MA-5,MA,5,Northeast,Mixed,Very High,High,Low,Low,50.900000000000006,0.9065435046065731,0.9764597495885191,300.0,0.9283982314566384,True,weighted ridge regression with one-hot categorical district characteristics and standardized 2020 presidential margin,Exploratory model: post-2020 characteristics predict 2012-2020 district-label elasticity estimates.
MA-6,MA,6,Northeast,Suburban,Very High,Very High,Low,Low,27.4,0.8666353878578965,0.9334737599598427,300.0,0.9283982314566384,True,weighted ridge regression with one-hot categorical district characteristics and standardized 2020 presidential margin,Exploratory model: post-2020 characteristics predict 2012-2020 district-label elasticity estimates.
MA-7,MA,7,Northeast,Urban,High,Low,Medium,Medium,72.2,0.3742840723940467,0.40315035047708186,300.0,0.9283982314566384,False,weighted ridge regression with one-hot categorical district characteristics and standardized 2020 presidential margin,Exploratory model: post-2020 characteristics predict 2012-2020 district-label elasticity estimates.
MA-8,MA,8,Northeast,Suburban,Very High,High,Medium,Low,35.3,0.9559372680534666,1.029662956761152,300.0,0.9283982314566384,False,weighted ridge regression with one-hot categorical district characteristics and standardized 2020 presidential margin,Exploratory model: post-2020 characteristics predict 2012-2020 district-label elasticity estimates.
MA-9,MA,9,Northeast,Suburban,High,Very High,Low,Low,18.1,0.7603658679657419,0.8190083115224627,300.0,0.9283982314566384,True,weighted ridge regression with one-hot categorical district characteristics and standardized 2020 presidential margin,Exploratory model: post-2020 characteristics predict 2012-2020 district-label elasticity estimates.
MI-1,MI,1,Midwest,Rural,Medium,Very High,Low,Low,-19.800000000000004,1.132278760743723,1.2196046075693188,300.0,0.9283982314566384,True,weighted ridge regression with one-hot categorical district characteristics and standardized 2020 presidential margin,Exploratory model: post-2020 characteristics predict 2012-2020 district-label elasticity estimates.
MI-2,MI,2,Midwest,Rural,Low,Very High,Low,Low,-28.200000000000003,1.0946890983999076,1.1791158807814208,300.0,0.9283982314566384,True,weighted ridge regression with one-hot categorical district characteristics and standardized 2020 presidential margin,Exploratory model: post-2020 characteristics predict 2012-2020 district-label elasticity estimates.
MI-3,MI,3,Midwest,Suburban,High,High,Medium,Low,8.5,1.2146639584869683,1.3083436798249655,300.0,0.9283982314566384,True,weighted ridge regression with one-hot categorical district characteristics and standardized 2020 presidential margin,Exploratory model: post-2020 characteristics predict 2012-2020 district-label elasticity estimates.
MI-4,MI,4,Midwest,Mixed,Medium,Very High,Low,Low,-4.0,1.1672819549429219,1.2573073874898273,300.0,0.9283982314566384,True,weighted ridge regression with one-hot categorical district characteristics and standardized 2020 presidential margin,Exploratory model: post-2020 characteristics predict 2012-2020 district-label elasticity estimates.
MI-5,MI,5,Midwest,Mixed,Low,Very High,Low,Low,-24.1,1.1781852573068177,1.2690515959495834,300.0,0.9283982314566384,True,weighted ridge regression with one-hot categorical district characteristics and standardized 2020 presidential margin,Exploratory model: post-2020 characteristics predict 2012-2020 district-label elasticity estimates.
MI-6,MI,6,Midwest,Mixed,Very High,High,Medium,Low,26.700000000000003,1.2531833687909832,1.3498338604380618,300.0,0.9283982314566384,True,weighted ridge regression with one-hot categorical district characteristics and standardized 2020 presidential margin,Exploratory model: post-2020 characteristics predict 2012-2020 district-label elasticity estimates.
MI-7,MI,7,Midwest,Suburban,High,Very High,Low,Low,0.8999999999999986,1.1241186689399183,1.2108151769916649,300.0,0.9283982314566384,True,weighted ridge regression with one-hot categorical district characteristics and standardized 2020 presidential margin,Exploratory model: post-2020 characteristics predict 2012-2020 district-label elasticity estimates.
MI-8,MI,8,Midwest,Suburban,Low,Very High,Medium,Low,2.0999999999999943,1.0543306511141952,1.1356448293314512,300.0,0.9283982314566384,True,weighted ridge regression with one-hot categorical district characteristics and standardized 2020 presidential margin,Exploratory model: post-2020 characteristics predict 2012-2020 district-label elasticity estimates.
MI-9,MI,9,Midwest,Rural,Medium,Very High,Low,Low,-29.4,1.1720678599910759,1.2624624005930352,300.0,0.9283982314566384,True,weighted ridge regression with one-hot categorical district characteristics and standardized 2020 presidential margin,Exploratory model: post-2020 characteristics predict 2012-2020 district-label elasticity estimates.
MI-10,MI,10,Midwest,Mixed,Medium,High,Medium,Low,-1.0,1.276892854545995,1.3753719161469917,300.0,0.9283982314566384,True,weighted ridge regression with one-hot categorical district characteristics and standardized 2020 presidential margin,Exploratory model: post-2020 characteristics predict 2012-2020 district-label elasticity estimates.
MI-11,MI,11,Midwest,Mixed,Medium,High,Medium,Low,19.9,1.190268669726237,1.2820669292516091,300.0,0.9283982314566384,True,weighted ridge regression with one-hot categorical district characteristics and standardized 2020 presidential margin,Exploratory model: post-2020 characteristics predict 2012-2020 district-label elasticity estimates.
MI-12,MI,12,Midwest,Urban,Medium,Medium,Very High,Low,48.5,0.8158921297089776,0.8788169796800013,300.0,0.9283982314566384,True,weighted ridge regression with one-hot categorical district characteristics and standardized 2020 presidential margin,Exploratory model: post-2020 characteristics predict 2012-2020 district-label elasticity estimates.
MI-13,MI,13,Midwest,Urban,Low,Low,Very High,Low,49.6,0.7571579796789678,0.8155530181170229,300.0,0.9283982314566384,True,weighted ridge regression with one-hot categorical district characteristics and standardized 2020 presidential margin,Exploratory model: post-2020 characteristics predict 2012-2020 district-label elasticity estimates.
MN-1,MN,1,Midwest,Rural,Medium,Very High,Low,Low,-9.199999999999996,1.0883449636581042,1.172282461105632,300.0,0.9283982314566384,True,weighted ridge regression with one-hot categorical district characteristics and standardized 2020 presidential margin,Exploratory model: post-2020 characteristics predict 2012-2020 district-label elasticity estimates.
MN-2,MN,2,Midwest,Suburban,High,Very High,Low,Low,7.199999999999996,1.098007072558843,1.182689750319851,300.0,0.9283982314566384,True,weighted ridge regression with one-hot categorical district characteristics and standardized 2020 presidential margin,Exploratory model: post-2020 characteristics predict 2012-2020 district-label elasticity estimates.
MN-3,MN,3,Midwest,Suburban,Very High,High,Low,Low,20.9,1.354210736738126,1.4586528612978897,300.0,0.9283982314566384,True,weighted ridge regression with one-hot categorical district characteristics and standardized 2020 presidential margin,Exploratory model: post-2020 characteristics predict 2012-2020 district-label elasticity estimates.
MN-4,MN,4,Midwest,Urban,High,High,Medium,Low,37.49999999999999,0.8094892290676529,0.8719202618445108,300.0,0.9283982314566384,True,weighted ridge regression with one-hot categorical district characteristics and standardized 2020 presidential margin,Exploratory model: post-2020 characteristics predict 2012-2020 district-label elasticity estimates.
MN-5,MN,5,Midwest,Urban,Very High,High,Medium,Low,62.9,0.8490291137637259,0.9145096198983664,300.0,0.9283982314566384,True,weighted ridge regression with one-hot categorical district characteristics and standardized 2020 presidential margin,Exploratory model: post-2020 characteristics predict 2012-2020 district-label elasticity estimates.
MN-6,MN,6,Midwest,Exurban,Medium,Very High,Low,Low,-17.6,1.5197459032744527,1.6369547590477436,300.0,0.9283982314566384,True,weighted ridge regression with one-hot categorical district characteristics and standardized 2020 presidential margin,Exploratory model: post-2020 characteristics predict 2012-2020 district-label elasticity estimates.
MN-7,MN,7,Midwest,Rural,Low,Very High,Low,Low,-33.199999999999996,1.115412587591237,1.201437647981273,300.0,0.9283982314566384,True,weighted ridge regression with one-hot categorical district characteristics and standardized 2020 presidential margin,Exploratory model: post-2020 characteristics predict 2012-2020 district-label elasticity estimates.
MN-8,MN,8,Midwest,Rural,Medium,Very High,Low,Low,-11.200000000000005,1.0966343593346362,1.181211167985573,300.0,0.9283982314566384,True,weighted ridge regression with one-hot categorical district characteristics and standardized 2020 presidential margin,Exploratory model: post-2020 characteristics predict 2012-2020 district-label elasticity estimates.
MS-1,MS,1,Deep South,Rural,Low,High,High,Low,-31.699999999999996,0.5972676930308036,0.6433313558705325,300.0,0.9283982314566384,True,weighted ridge regression with one-hot categorical district characteristics and standardized 2020 presidential margin,Exploratory model: post-2020 characteristics predict 2012-2020 district-label elasticity estimates.
MS-2,MS,2,Deep South,Rural,Low,Low,Very High,Low,26.1,0.41871801341662673,0.45101121396974925,300.0,0.9283982314566384,False,weighted ridge regression with one-hot categorical district characteristics and standardized 2020 presidential margin,Exploratory model: post-2020 characteristics predict 2012-2020 district-label elasticity estimates.
MS-3,MS,3,Deep South,Rural,Medium,High,High,Low,-24.299999999999997,0.6390020532128851,0.688284436098401,300.0,0.9283982314566384,True,weighted ridge regression with one-hot categorical district characteristics and standardized 2020 presidential margin,Exploratory model: post-2020 characteristics predict 2012-2020 district-label elasticity estimates.
MS-4,MS,4,Deep South,Rural,Low,High,High,Low,-37.900000000000006,0.6229648196280524,0.6710103471983493,300.0,0.9283982314566384,True,weighted ridge regression with one-hot categorical district characteristics and standardized 2020 presidential margin,Exploratory model: post-2020 characteristics predict 2012-2020 district-label elasticity estimates.
MO-1,MO,1,Midwest,Urban,Medium,Low,High,Low,58.8,0.7857278540712412,0.8463263149892583,300.0,0.9283982314566384,True,weighted ridge regression with one-hot categorical district characteristics and standardized 2020 presidential margin,Exploratory model: post-2020 characteristics predict 2012-2020 district-label elasticity estimates.
MO-2,MO,2,Midwest,Rural,High,Very High,Low,Low,-11.1,1.0425033241277364,1.1229053317907225,300.0,0.9283982314566384,True,weighted ridge regression with one-hot categorical district characteristics and standardized 2020 presidential margin,Exploratory model: post-2020 characteristics predict 2012-2020 district-label elasticity estimates.
MO-3,MO,3,Midwest,Rural,High,Very High,Low,Low,-18.40000000000001,1.0727596183470778,1.1554951119025068,300.0,0.9283982314566384,True,weighted ridge regression with one-hot categorical district characteristics and standardized 2020 presidential margin,Exploratory model: post-2020 characteristics predict 2012-2020 district-label elasticity estimates.
MO-4,MO,4,Midwest,Rural,Medium,Very High,Low,Low,-18.799999999999997,1.128134062905457,1.2151402541293483,300.0,0.9283982314566384,True,weighted ridge regression with one-hot categorical district characteristics and standardized 2020 presidential margin,Exploratory model: post-2020 characteristics predict 2012-2020 district-label elasticity estimates.
MO-5,MO,5,Midwest,Rural,Low,High,Medium,Low,-14.200000000000005,1.1587083217820553,1.2480725215989101,300.0,0.9283982314566384,True,weighted ridge regression with one-hot categorical district characteristics and standardized 2020 presidential margin,Exploratory model: post-2020 characteristics predict 2012-2020 district-label elasticity estimates.
MO-6,MO,6,Midwest,Rural,Medium,Very High,Low,Low,-24.799999999999997,1.1530022499350527,1.2419263747691711,300.0,0.9283982314566384,True,weighted ridge regression with one-hot categorical district characteristics and standardized 2020 presidential margin,Exploratory model: post-2020 characteristics predict 2012-2020 district-label elasticity estimates.
MO-7,MO,7,Midwest,Rural,Medium,Very High,Low,Low,-41.4,1.221804234050267,1.3160346418726805,300.0,0.9283982314566384,True,weighted ridge regression with one-hot categorical district characteristics and standardized 2020 presidential margin,Exploratory model: post-2020 characteristics predict 2012-2020 district-label elasticity estimates.
MO-8,MO,8,Midwest,Rural,Low,Very High,Low,Low,-51.3,1.1904316184638504,1.282242445244738,300.0,0.9283982314566384,True,weighted ridge regression with one-hot categorical district characteristics and standardized 2020 presidential margin,Exploratory model: post-2020 characteristics predict 2012-2020 district-label elasticity estimates.
MT-1,MT,1,Mountain West,Rural,High,Very High,Low,Low,-7.200000000000003,0.6544436427662863,0.7049169425274294,300.0,0.9283982314566384,False,weighted ridge regression with one-hot categorical district characteristics and standardized 2020 presidential margin,Exploratory model: post-2020 characteristics predict 2012-2020 district-label elasticity estimates.
MT-2,MT,2,Mountain West,Rural,Medium,Very High,Low,Low,-26.90000000000001,0.7898107556031981,0.8507241061457008,300.0,0.9283982314566384,False,weighted ridge regression with one-hot categorical district characteristics and standardized 2020 presidential margin,Exploratory model: post-2020 characteristics predict 2012-2020 district-label elasticity estimates.
NE-1,NE,1,Great Plains,Rural,Medium,Very High,Low,Low,-11.0,1.0183973640033874,1.0969402240303088,300.0,0.9283982314566384,True,weighted ridge regression with one-hot categorical district characteristics and standardized 2020 presidential margin,Exploratory model: post-2020 characteristics predict 2012-2020 district-label elasticity estimates.
NE-2,NE,2,Great Plains,Suburban,High,High,Medium,Low,6.400000000000006,1.1459597681837312,1.2343407487816334,300.0,0.9283982314566384,True,weighted ridge regression with one-hot categorical district characteristics and standardized 2020 presidential margin,Exploratory model: post-2020 characteristics predict 2012-2020 district-label elasticity estimates.
NE-3,NE,3,Great Plains,Rural,Low,Very High,Low,Low,-51.8,1.1150959116193881,1.2010965486974536,300.0,0.9283982314566384,True,weighted ridge regression with one-hot categorical district characteristics and standardized 2020 presidential margin,Exploratory model: post-2020 characteristics predict 2012-2020 district-label elasticity estimates.
NV-1,NV,1,Mountain West,Mixed,Low,Low,Medium,High,8.5,0.9627353397574464,1.0369853228252426,300.0,0.9283982314566384,True,weighted ridge regression with one-hot categorical district characteristics and standardized 2020 presidential margin,Exploratory model: post-2020 characteristics predict 2012-2020 district-label elasticity estimates.
NV-2,NV,2,Mountain West,Rural,Medium,High,Medium,Medium,-11.0,0.7917250838062007,0.8527860749626803,300.0,0.9283982314566384,True,weighted ridge regression with one-hot categorical district characteristics and standardized 2020 presidential margin,Exploratory model: post-2020 characteristics predict 2012-2020 district-label elasticity estimates.
NV-3,NV,3,Mountain West,Mixed,Medium,Medium,Medium,Medium,6.699999999999996,0.8559330360920263,0.9219460002084282,300.0,0.9283982314566384,True,weighted ridge regression with one-hot categorical district characteristics and standardized 2020 presidential margin,Exploratory model: post-2020 characteristics predict 2012-2020 district-label elasticity estimates.
NV-4,NV,4,Mountain West,Mixed,Low,Low,Medium,High,8.200000000000003,0.9639787491089262,1.0383246288572339,300.0,0.9283982314566384,True,weighted ridge regression with one-hot categorical district characteristics and standardized 2020 presidential margin,Exploratory model: post-2020 characteristics predict 2012-2020 district-label elasticity estimates.
NH-1,NH,1,Northeast,Mixed,High,Very High,Low,Low,6.0,0.7796544129811871,0.8397844659375587,300.0,0.9283982314566384,True,weighted ridge regression with one-hot categorical district characteristics and standardized 2020 presidential margin,Exploratory model: post-2020 characteristics predict 2012-2020 district-label elasticity estimates.
NH-2,NH,2,Northeast,Mixed,High,Very High,Low,Low,8.899999999999999,0.7676347892502158,0.8268378409616443,300.0,0.9283982314566384,True,weighted ridge regression with one-hot categorical district characteristics and standardized 2020 presidential margin,Exploratory model: post-2020 characteristics predict 2012-2020 district-label elasticity estimates.
NJ-1,NJ,1,Mid-Atlantic,Mixed,Medium,High,Medium,Low,24.4,1.2212507126144005,1.3154384306595268,300.0,0.9283982314566384,True,weighted ridge regression with one-hot categorical district characteristics and standardized 2020 presidential margin,Exploratory model: post-2020 characteristics predict 2012-2020 district-label elasticity estimates.
NJ-2,NJ,2,Mid-Atlantic,Rural,Medium,High,Medium,Low,-5.0,1.2426154090156185,1.3384508575226168,300.0,0.9283982314566384,True,weighted ridge regression with one-hot categorical district characteristics and standardized 2020 presidential margin,Exploratory model: post-2020 characteristics predict 2012-2020 district-label elasticity estimates.
NJ-3,NJ,3,Mid-Atlantic,Mixed,High,High,Medium,Low,14.1,1.2102245349254666,1.303561870240369,300.0,0.9283982314566384,True,weighted ridge regression with one-hot categorical district characteristics and standardized 2020 presidential margin,Exploratory model: post-2020 characteristics predict 2012-2020 district-label elasticity estimates.
NJ-4,NJ,4,Mid-Atlantic,Mixed,High,Very High,Low,Low,-22.5,1.2398754826881286,1.335499617166212,300.0,0.9283982314566384,True,weighted ridge regression with one-hot categorical district characteristics and standardized 2020 presidential margin,Exploratory model: post-2020 characteristics predict 2012-2020 district-label elasticity estimates.
NJ-5,NJ,5,Mid-Atlantic,Mixed,Very High,High,Low,Low,12.4,1.4082115526961738,1.5168184352168765,300.0,0.9283982314566384,True,weighted ridge regression with one-hot categorical district characteristics and standardized 2020 presidential margin,Exploratory model: post-2020 characteristics predict 2012-2020 district-label elasticity estimates.
NJ-6,NJ,6,Mid-Atlantic,Suburban,High,Low,Medium,Medium,19.700000000000003,1.2189563823289742,1.3129671524863376,300.0,0.9283982314566384,True,weighted ridge regression with one-hot categorical district characteristics and standardized 2020 presidential margin,Exploratory model: post-2020 characteristics predict 2012-2020 district-label elasticity estimates.
NJ-7,NJ,7,Mid-Atlantic,Suburban,Very High,High,Low,Low,3.6000000000000014,1.4755471925004868,1.5893472676971634,300.0,0.9283982314566384,True,weighted ridge regression with one-hot categorical district characteristics and standardized 2020 presidential margin,Exploratory model: post-2020 characteristics predict 2012-2020 district-label elasticity estimates.
NJ-8,NJ,8,Mid-Atlantic,Urban,High,Low,Medium,High,44.8,0.998383716661112,1.0753830445095396,300.0,0.9283982314566384,True,weighted ridge regression with one-hot categorical district characteristics and standardized 2020 presidential margin,Exploratory model: post-2020 characteristics predict 2012-2020 district-label elasticity estimates.
NJ-9,NJ,9,Mid-Atlantic,Suburban,Medium,Low,Medium,High,19.0,1.4440119784210494,1.5553799323329422,300.0,0.9283982314566384,True,weighted ridge regression with one-hot categorical district characteristics and standardized 2020 presidential margin,Exploratory model: post-2020 characteristics predict 2012-2020 district-label elasticity estimates.
NJ-10,NJ,10,Mid-Atlantic,Urban,Medium,Low,Very High,Medium,62.60000000000001,0.7710852458406802,0.8305544105042755,300.0,0.9283982314566384,True,weighted ridge regression with one-hot categorical district characteristics and standardized 2020 presidential margin,Exploratory model: post-2020 characteristics predict 2012-2020 district-label elasticity estimates.
NJ-11,NJ,11,Mid-Atlantic,Suburban,Very High,High,Low,Medium,16.799999999999997,1.3666072117489363,1.472005401824987,300.0,0.9283982314566384,True,weighted ridge regression with one-hot categorical district characteristics and standardized 2020 presidential margin,Exploratory model: post-2020 characteristics predict 2012-2020 district-label elasticity estimates.
NJ-12,NJ,12,Mid-Atlantic,Urban,Very High,Low,Medium,Medium,34.3,1.0182805115687157,1.0968143594705624,300.0,0.9283982314566384,True,weighted ridge regression with one-hot categorical district characteristics and standardized 2020 presidential margin,Exploratory model: post-2020 characteristics predict 2012-2020 district-label elasticity estimates.
NM-1,NM,1,Southwest,Mixed,High,Medium,Low,High,14.4,0.7094546134287432,0.7641705783041217,300.0,0.9283982314566384,True,weighted ridge regression with one-hot categorical district characteristics and standardized 2020 presidential margin,Exploratory model: post-2020 characteristics predict 2012-2020 district-label elasticity estimates.
NM-2,NM,2,Southwest,Rural,Low,Low,Low,Very High,5.899999999999999,0.8734996515626736,0.9408674230154123,300.0,0.9283982314566384,True,weighted ridge regression with one-hot categorical district characteristics and standardized 2020 presidential margin,Exploratory model: post-2020 characteristics predict 2012-2020 district-label elasticity estimates.
NM-3,NM,3,Southwest,Mixed,Low,Low,Low,High,10.699999999999996,0.7243315784454828,0.7801949141038549,300.0,0.9283982314566384,True,weighted ridge regression with one-hot categorical district characteristics and standardized 2020 presidential margin,Exploratory model: post-2020 characteristics predict 2012-2020 district-label elasticity estimates.
NY-1,NY,1,Mid-Atlantic,Exurban,High,High,Low,Low,-1.8000000000000045,1.6183471099426368,1.7431604834096703,300.0,0.9283982314566384,True,weighted ridge regression with one-hot categorical district characteristics and standardized 2020 presidential margin,Exploratory model: post-2020 characteristics predict 2012-2020 district-label elasticity estimates.
NY-2,NY,2,Mid-Atlantic,Exurban,High,Medium,Medium,Medium,-2.3999999999999986,1.5575578216808608,1.6776828831708173,300.0,0.9283982314566384,True,weighted ridge regression with one-hot categorical district characteristics and standardized 2020 presidential margin,Exploratory model: post-2020 characteristics predict 2012-2020 district-label elasticity estimates.
NY-3,NY,3,Mid-Atlantic,Suburban,Very High,Medium,Low,Low,11.299999999999995,1.4807127031251714,1.5949111630705743,300.0,0.9283982314566384,True,weighted ridge regression with one-hot categorical district characteristics and standardized 2020 presidential margin,Exploratory model: post-2020 characteristics predict 2012-2020 district-label elasticity estimates.
NY-4,NY,4,Mid-Atlantic,Suburban,High,Medium,Medium,Medium,14.5,1.222278669310625,1.3165456674695448,300.0,0.9283982314566384,True,weighted ridge regression with one-hot categorical district characteristics and standardized 2020 presidential margin,Exploratory model: post-2020 characteristics predict 2012-2020 district-label elasticity estimates.
NY-5,NY,5,Mid-Atlantic,Urban,Medium,Low,Very High,Medium,62.4,0.7719141854083335,0.8314472811922696,300.0,0.9283982314566384,False,weighted ridge regression with one-hot categorical district characteristics and standardized 2020 presidential margin,Exploratory model: post-2020 characteristics predict 2012-2020 district-label elasticity estimates.
NY-6,NY,6,Mid-Atlantic,Urban,High,Low,Low,Medium,29.299999999999997,0.9403146126296456,1.0128354199407625,300.0,0.9283982314566384,False,weighted ridge regression with one-hot categorical district characteristics and standardized 2020 presidential margin,Exploratory model: post-2020 characteristics predict 2012-2020 district-label elasticity estimates.
NY-7,NY,7,Mid-Atlantic,Urban,High,Low,Medium,High,60.10000000000001,0.9349698397356433,1.0070784368779917,300.0,0.9283982314566384,True,weighted ridge regression with one-hot categorical district characteristics and standardized 2020 presidential margin,Exploratory model: post-2020 characteristics predict 2012-2020 district-label elasticity estimates.
NY-8,NY,8,Mid-Atlantic,Urban,Medium,Low,Very High,Medium,55.400000000000006,0.8009270702761949,0.8626977552720628,300.0,0.9283982314566384,False,weighted ridge regression with one-hot categorical district characteristics and standardized 2020 presidential margin,Exploratory model: post-2020 characteristics predict 2012-2020 district-label elasticity estimates.
NY-9,NY,9,Mid-Atlantic,Urban,Medium,Low,Very High,Low,52.099999999999994,0.8688345424289126,0.9358425220885314,300.0,0.9283982314566384,True,weighted ridge regression with one-hot categorical district characteristics and standardized 2020 presidential margin,Exploratory model: post-2020 characteristics predict 2012-2020 district-label elasticity estimates.
NY-10,NY,10,Mid-Atlantic,Urban,Very High,Medium,Low,Medium,70.4,0.8965525994876113,0.9656983060824428,300.0,0.9283982314566384,True,weighted ridge regression with one-hot categorical district characteristics and standardized 2020 presidential margin,Exploratory model: post-2020 characteristics predict 2012-2020 district-label elasticity estimates.
NY-11,NY,11,Mid-Atlantic,Suburban,High,Medium,Low,Medium,-7.600000000000001,1.3600023131939296,1.4648911071923447,300.0,0.9283982314566384,True,weighted ridge regression with one-hot categorical district characteristics and standardized 2020 presidential margin,Exploratory model: post-2020 characteristics predict 2012-2020 district-label elasticity estimates.
NY-12,NY,12,Mid-Atlantic,Urban,Very High,High,Low,Low,71.1,0.9108015963079333,0.9810462422778464,300.0,0.9283982314566384,True,weighted ridge regression with one-hot categorical district characteristics and standardized 2020 presidential margin,Exploratory model: post-2020 characteristics predict 2012-2020 district-label elasticity estimates.
NY-13,NY,13,Mid-Atlantic,Urban,Medium,Low,High,Very High,76.9,1.1043127227920788,1.1894817174085244,300.0,0.9283982314566384,True,weighted ridge regression with one-hot categorical district characteristics and standardized 2020 presidential margin,Exploratory model: post-2020 characteristics predict 2012-2020 district-label elasticity estimates.
NY-14,NY,14,Mid-Atlantic,Urban,Medium,Low,Medium,Very High,55.0,1.2395873076711874,1.335189216944435,300.0,0.9283982314566384,True,weighted ridge regression with one-hot categorical district characteristics and standardized 2020 presidential margin,Exploratory model: post-2020 characteristics predict 2012-2020 district-label elasticity estimates.
NY-15,NY,15,Mid-Atlantic,Urban,Low,Low,High,Very High,70.39999999999999,1.058848134555558,1.1405107190846824,300.0,0.9283982314566384,True,weighted ridge regression with one-hot categorical district characteristics and standardized 2020 presidential margin,Exploratory model: post-2020 characteristics predict 2012-2020 district-label elasticity estimates.
NY-16,NY,16,Northeast,Suburban,Very High,Low,High,Medium,44.599999999999994,0.8739657324067329,0.9413694498701253,300.0,0.9283982314566384,False,weighted ridge regression with one-hot categorical district characteristics and standardized 2020 presidential margin,Exploratory model: post-2020 characteristics predict 2012-2020 district-label elasticity estimates.
NY-17,NY,17,Northeast,Suburban,Very High,High,Low,Medium,10.1,1.0522795059489554,1.1334354916832938,300.0,0.9283982314566384,True,weighted ridge regression with one-hot categorical district characteristics and standardized 2020 presidential margin,Exploratory model: post-2020 characteristics predict 2012-2020 district-label elasticity estimates.
NY-18,NY,18,Northeast,Exurban,Medium,High,Low,Medium,9.1,1.2305593183258081,1.3254649531107843,300.0,0.9283982314566384,True,weighted ridge regression with one-hot categorical district characteristics and standardized 2020 presidential margin,Exploratory model: post-2020 characteristics predict 2012-2020 district-label elasticity estimates.
NY-19,NY,19,Northeast,Exurban,Medium,Very High,Low,Low,4.399999999999999,1.1360985526765996,1.2237189970666829,300.0,0.9283982314566384,True,weighted ridge regression with one-hot categorical district characteristics and standardized 2020 presidential margin,Exploratory model: post-2020 characteristics predict 2012-2020 district-label elasticity estimates.
NY-20,NY,20,Northeast,Urban,High,High,Medium,Low,19.1,0.5932876711357434,0.6390443788382566,300.0,0.9283982314566384,True,weighted ridge regression with one-hot categorical district characteristics and standardized 2020 presidential margin,Exploratory model: post-2020 characteristics predict 2012-2020 district-label elasticity estimates.
NY-21,NY,21,Northeast,Rural,Low,Very High,Low,Low,-15.699999999999996,0.7504163772655809,0.8082914764800796,300.0,0.9283982314566384,True,weighted ridge regression with one-hot categorical district characteristics and standardized 2020 presidential margin,Exploratory model: post-2020 characteristics predict 2012-2020 district-label elasticity estimates.
NY-22,NY,22,Northeast,Mixed,High,Very High,Low,Low,11.299999999999995,0.7576875144383777,0.8161233927057153,300.0,0.9283982314566384,True,weighted ridge regression with one-hot categorical district characteristics and standardized 2020 presidential margin,Exploratory model: post-2020 characteristics predict 2012-2020 district-label elasticity estimates.
NY-23,NY,23,Northeast,Rural,Medium,Very High,Low,Low,-18.1,0.8327687762626685,0.8969952204196586,300.0,0.9283982314566384,True,weighted ridge regression with one-hot categorical district characteristics and standardized 2020 presidential margin,Exploratory model: post-2020 characteristics predict 2012-2020 district-label elasticity estimates.
NY-24,NY,24,Northeast,Rural,Low,Very High,Low,Low,-20.199999999999996,0.7690675175377776,0.8283810669599466,300.0,0.9283982314566384,True,weighted ridge regression with one-hot categorical district characteristics and standardized 2020 presidential margin,Exploratory model: post-2020 characteristics predict 2012-2020 district-label elasticity estimates.
NY-25,NY,25,Northeast,Mixed,High,High,Medium,Low,20.5,0.841601287444202,0.906508930035063,300.0,0.9283982314566384,True,weighted ridge regression with one-hot categorical district characteristics and standardized 2020 presidential margin,Exploratory model: post-2020 characteristics predict 2012-2020 district-label elasticity estimates.
NY-26,NY,26,Northeast,Urban,High,High,Medium,Low,25.1,0.568419484106148,0.6122582581984339,300.0,0.9283982314566384,True,weighted ridge regression with one-hot categorical district characteristics and standardized 2020 presidential margin,Exploratory model: post-2020 characteristics predict 2012-2020 district-label elasticity estimates.
NC-1,NC,1,Mid-Atlantic,Rural,Low,Medium,High,Low,-6.899999999999999,1.1706591924813219,1.2609450910355364,300.0,0.9283982314566384,True,weighted ridge regression with one-hot categorical district characteristics and standardized 2020 presidential margin,Exploratory model: post-2020 characteristics predict 2012-2020 district-label elasticity estimates.
NC-2,NC,2,Mid-Atlantic,Urban,Very High,Medium,Medium,Low,35.300000000000004,1.050135641239558,1.1311262835905191,300.0,0.9283982314566384,True,weighted ridge regression with one-hot categorical district characteristics and standardized 2020 presidential margin,Exploratory model: post-2020 characteristics predict 2012-2020 district-label elasticity estimates.
NC-3,NC,3,Mid-Atlantic,Rural,Low,Medium,High,Low,-8.299999999999997,1.1764617694548942,1.2671951858514952,300.0,0.9283982314566384,True,weighted ridge regression with one-hot categorical district characteristics and standardized 2020 presidential margin,Exploratory model: post-2020 characteristics predict 2012-2020 district-label elasticity estimates.
NC-4,NC,4,Mid-Atlantic,Urban,Very High,Medium,Medium,Low,46.0,1.0057873743701125,1.0833577017828353,300.0,0.9283982314566384,True,weighted ridge regression with one-hot categorical district characteristics and standardized 2020 presidential margin,Exploratory model: post-2020 characteristics predict 2012-2020 district-label elasticity estimates.
NC-5,NC,5,Mid-Atlantic,Rural,Low,High,Medium,Low,-15.4,1.2133151423483346,1.3068908376146595,300.0,0.9283982314566384,True,weighted ridge regression with one-hot categorical district characteristics and standardized 2020 presidential margin,Exploratory model: post-2020 characteristics predict 2012-2020 district-label elasticity estimates.
NC-6,NC,6,Mid-Atlantic,Rural,Medium,High,Medium,Low,-16.299999999999997,1.2894504945880234,1.3888980513942828,300.0,0.9283982314566384,True,weighted ridge regression with one-hot categorical district characteristics and standardized 2020 presidential margin,Exploratory model: post-2020 characteristics predict 2012-2020 district-label elasticity estimates.
NC-7,NC,7,Mid-Atlantic,Rural,Medium,High,Medium,Low,-11.0,1.267483596045214,1.3652369781624394,300.0,0.9283982314566384,True,weighted ridge regression with one-hot categorical district characteristics and standardized 2020 presidential margin,Exploratory model: post-2020 characteristics predict 2012-2020 district-label elasticity estimates.
NC-8,NC,8,Mid-Atlantic,Rural,Medium,High,Medium,Low,-17.700000000000003,1.2952530715615957,1.3951481462102415,300.0,0.9283982314566384,True,weighted ridge regression with one-hot categorical district characteristics and standardized 2020 presidential margin,Exploratory model: post-2020 characteristics predict 2012-2020 district-label elasticity estimates.
NC-9,NC,9,Mid-Atlantic,Rural,Medium,High,Medium,Low,-13.800000000000004,1.2790887499923587,1.3777371677943568,300.0,0.9283982314566384,True,weighted ridge regression with one-hot categorical district characteristics and standardized 2020 presidential margin,Exploratory model: post-2020 characteristics predict 2012-2020 district-label elasticity estimates.
NC-10,NC,10,Mid-Atlantic,Rural,Medium,High,Medium,Low,-16.0,1.2882070852365437,1.3875587453622917,300.0,0.9283982314566384,True,weighted ridge regression with one-hot categorical district characteristics and standardized 2020 presidential margin,Exploratory model: post-2020 characteristics predict 2012-2020 district-label elasticity estimates.
NC-11,NC,11,Appalachia,Rural,Medium,Very High,Low,Low,-11.0,0.601384388801961,0.6477655476124732,300.0,0.9283982314566384,True,weighted ridge regression with one-hot categorical district characteristics and standardized 2020 presidential margin,Exploratory model: post-2020 characteristics predict 2012-2020 district-label elasticity estimates.
NC-12,NC,12,Mid-Atlantic,Urban,High,Low,High,Medium,49.99999999999999,0.7638878434988285,0.8228019158333636,300.0,0.9283982314566384,True,weighted ridge regression with one-hot categorical district characteristics and standardized 2020 presidential margin,Exploratory model: post-2020 characteristics predict 2012-2020 district-label elasticity estimates.
NC-13,NC,13,Mid-Atlantic,Rural,Medium,High,Medium,Low,-17.199999999999996,1.2931807226424628,1.3929159694902562,300.0,0.9283982314566384,True,weighted ridge regression with one-hot categorical district characteristics and standardized 2020 presidential margin,Exploratory model: post-2020 characteristics predict 2012-2020 district-label elasticity estimates.
NC-14,NC,14,Mid-Atlantic,Rural,Medium,High,Medium,Low,-16.1,1.2886215550203701,1.3880051807062888,300.0,0.9283982314566384,False,weighted ridge regression with one-hot categorical district characteristics and standardized 2020 presidential margin,Exploratory model: post-2020 characteristics predict 2012-2020 district-label elasticity estimates.
ND-AL,ND,AL,Great Plains,Rural,Medium,Very High,Low,Low,-33.3,1.1108241257967177,1.19649530574165,300.0,0.9283982314566384,False,weighted ridge regression with one-hot categorical district characteristics and standardized 2020 presidential margin,Exploratory model: post-2020 characteristics predict 2012-2020 district-label elasticity estimates.
OH-1,OH,1,Midwest,Suburban,High,High,Medium,Low,0.1999999999999957,1.2490649505445754,1.3453978133767202,300.0,0.9283982314566384,True,weighted ridge regression with one-hot categorical district characteristics and standardized 2020 presidential margin,Exploratory model: post-2020 characteristics predict 2012-2020 district-label elasticity estimates.
OH-2,OH,2,Midwest,Rural,Low,Very High,Low,Low,-39.599999999999994,1.1419386537561391,1.230009509997084,300.0,0.9283982314566384,True,weighted ridge regression with one-hot categorical district characteristics and standardized 2020 presidential margin,Exploratory model: post-2020 characteristics predict 2012-2020 district-label elasticity estimates.
OH-3,OH,3,Midwest,Urban,High,Medium,Medium,Low,43.7,0.8208717864497364,0.8841806873778776,300.0,0.9283982314566384,True,weighted ridge regression with one-hot categorical district characteristics and standardized 2020 presidential margin,Exploratory model: post-2020 characteristics predict 2012-2020 district-label elasticity estimates.
OH-4,OH,4,Midwest,Rural,Low,Very High,Low,Low,-40.400000000000006,1.1452544120267518,1.2335809927490604,300.0,0.9283982314566384,True,weighted ridge regression with one-hot categorical district characteristics and standardized 2020 presidential margin,Exploratory model: post-2020 characteristics predict 2012-2020 district-label elasticity estimates.
OH-5,OH,5,Midwest,Rural,Low,Very High,Low,Low,-21.199999999999996,1.065676213532046,1.1478654067016274,300.0,0.9283982314566384,True,weighted ridge regression with one-hot categorical district characteristics and standardized 2020 presidential margin,Exploratory model: post-2020 characteristics predict 2012-2020 district-label elasticity estimates.
OH-6,OH,6,Appalachia,Rural,Low,Very High,Low,Low,-29.800000000000004,0.6068995839761111,0.6537060966002679,300.0,0.9283982314566384,True,weighted ridge regression with one-hot categorical district characteristics and standardized 2020 presidential margin,Exploratory model: post-2020 characteristics predict 2012-2020 district-label elasticity estimates.
OH-7,OH,7,Midwest,Mixed,High,Very High,Low,Low,-9.6,1.1367756974141379,1.224448365902808,300.0,0.9283982314566384,True,weighted ridge regression with one-hot categorical district characteristics and standardized 2020 presidential margin,Exploratory model: post-2020 characteristics predict 2012-2020 district-label elasticity estimates.
OH-8,OH,8,Midwest,Rural,Medium,Very High,Medium,Low,-14.700000000000005,1.0650149801109392,1.1471531763260168,300.0,0.9283982314566384,True,weighted ridge regression with one-hot categorical district characteristics and standardized 2020 presidential margin,Exploratory model: post-2020 characteristics predict 2012-2020 district-label elasticity estimates.
OH-9,OH,9,Midwest,Mixed,Medium,Very High,Medium,Low,-6.700000000000003,1.1323468174486122,1.2196779130782947,300.0,0.9283982314566384,True,weighted ridge regression with one-hot categorical district characteristics and standardized 2020 presidential margin,Exploratory model: post-2020 characteristics predict 2012-2020 district-label elasticity estimates.
OH-10,OH,10,Midwest,Suburban,Medium,High,Medium,Low,-5.800000000000004,1.327649702997244,1.4300433348673964,300.0,0.9283982314566384,True,weighted ridge regression with one-hot categorical district characteristics and standardized 2020 presidential margin,Exploratory model: post-2020 characteristics predict 2012-2020 district-label elasticity estimates.
OH-11,OH,11,Midwest,Urban,Medium,Low,High,Low,57.599999999999994,0.7907014914771604,0.8516835391172228,300.0,0.9283982314566384,True,weighted ridge regression with one-hot categorical district characteristics and standardized 2020 presidential margin,Exploratory model: post-2020 characteristics predict 2012-2020 district-label elasticity estimates.
OH-12,OH,12,Midwest,Exurban,Medium,Very High,Low,Low,-28.90000000000001,1.5665809888468576,1.6874019529194095,300.0,0.9283982314566384,True,weighted ridge regression with one-hot categorical district characteristics and standardized 2020 presidential margin,Exploratory model: post-2020 characteristics predict 2012-2020 district-label elasticity estimates.
OH-13,OH,13,Midwest,Mixed,Medium,Very High,Medium,Low,5.900000000000006,1.0801236246864614,1.1634270597346668,300.0,0.9283982314566384,True,weighted ridge regression with one-hot categorical district characteristics and standardized 2020 presidential margin,Exploratory model: post-2020 characteristics predict 2012-2020 district-label elasticity estimates.
OH-14,OH,14,Midwest,Mixed,Medium,Very High,Low,Low,-17.1,1.2215774966242055,1.31579041755344,300.0,0.9283982314566384,True,weighted ridge regression with one-hot categorical district characteristics and standardized 2020 presidential margin,Exploratory model: post-2020 characteristics predict 2012-2020 district-label elasticity estimates.
OH-15,OH,15,Midwest,Exurban,Medium,Very High,Medium,Low,-7.399999999999999,1.4313441636665125,1.5417351252605922,300.0,0.9283982314566384,True,weighted ridge regression with one-hot categorical district characteristics and standardized 2020 presidential margin,Exploratory model: post-2020 characteristics predict 2012-2020 district-label elasticity estimates.
OK-1,OK,1,Great Plains,Rural,Medium,Medium,Medium,Low,-21.4,1.2206268986185562,1.314766505644261,300.0,0.9283982314566384,True,weighted ridge regression with one-hot categorical district characteristics and standardized 2020 presidential margin,Exploratory model: post-2020 characteristics predict 2012-2020 district-label elasticity estimates.
OK-2,OK,2,Great Plains,Rural,Low,High,Low,Low,-53.4,1.289898242936112,1.389380331877935,300.0,0.9283982314566384,True,weighted ridge regression with one-hot categorical district characteristics and standardized 2020 presidential margin,Exploratory model: post-2020 characteristics predict 2012-2020 district-label elasticity estimates.
OK-3,OK,3,Great Plains,Rural,Low,High,Low,Medium,-42.8,1.191734476564053,1.2836457849496818,300.0,0.9283982314566384,True,weighted ridge regression with one-hot categorical district characteristics and standardized 2020 presidential margin,Exploratory model: post-2020 characteristics predict 2012-2020 district-label elasticity estimates.
OK-4,OK,4,Great Plains,Rural,Medium,High,Low,Low,-30.90000000000001,1.269047665760378,1.3669216751622495,300.0,0.9283982314566384,True,weighted ridge regression with one-hot categorical district characteristics and standardized 2020 presidential margin,Exploratory model: post-2020 characteristics predict 2012-2020 district-label elasticity estimates.
OK-5,OK,5,Great Plains,Mixed,High,High,Medium,Low,-18.4,1.2178859757451537,1.3118141918843542,300.0,0.9283982314566384,True,weighted ridge regression with one-hot categorical district characteristics and standardized 2020 presidential margin,Exploratory model: post-2020 characteristics predict 2012-2020 district-label elasticity estimates.
OR-1,OR,1,Pacific,Suburban,High,High,Low,Low,38.8,0.7686284589109427,0.8279081463834543,300.0,0.9283982314566384,True,weighted ridge regression with one-hot categorical district characteristics and standardized 2020 presidential margin,Exploratory model: post-2020 characteristics predict 2012-2020 district-label elasticity estimates.
OR-2,OR,2,Pacific,Rural,Low,Very High,Low,Low,-24.300000000000004,0.7119478000964748,0.7668560494556769,300.0,0.9283982314566384,True,weighted ridge regression with one-hot categorical district characteristics and standardized 2020 presidential margin,Exploratory model: post-2020 characteristics predict 2012-2020 district-label elasticity estimates.
OR-3,OR,3,Pacific,Urban,Very High,High,Low,Low,47.0,0.5944786543155863,0.6403272153834902,300.0,0.9283982314566384,True,weighted ridge regression with one-hot categorical district characteristics and standardized 2020 presidential margin,Exploratory model: post-2020 characteristics predict 2012-2020 district-label elasticity estimates.
OR-4,OR,4,Pacific,Mixed,Medium,Very High,Low,Low,12.700000000000005,0.7314885243096851,0.7879038321324613,300.0,0.9283982314566384,True,weighted ridge regression with one-hot categorical district characteristics and standardized 2020 presidential margin,Exploratory model: post-2020 characteristics predict 2012-2020 district-label elasticity estimates.
OR-5,OR,5,Pacific,Mixed,High,Very High,Low,Low,8.799999999999997,0.6939362804558493,0.7474554096974927,300.0,0.9283982314566384,True,weighted ridge regression with one-hot categorical district characteristics and standardized 2020 presidential margin,Exploratory model: post-2020 characteristics predict 2012-2020 district-label elasticity estimates.
OR-6,OR,6,Pacific,Mixed,Medium,High,Low,Medium,13.099999999999994,0.8437714906634373,0.9088465079684357,300.0,0.9283982314566384,False,weighted ridge regression with one-hot categorical district characteristics and standardized 2020 presidential margin,Exploratory model: post-2020 characteristics predict 2012-2020 district-label elasticity estimates.
PA-1,PA,1,Mid-Atlantic,Suburban,High,Very High,Low,Low,4.599999999999994,1.1584164700986945,1.247758161151559,300.0,0.9283982314566384,True,weighted ridge regression with one-hot categorical district characteristics and standardized 2020 presidential margin,Exploratory model: post-2020 characteristics predict 2012-2020 district-label elasticity estimates.
PA-2,PA,2,Mid-Atlantic,Urban,Medium,Low,High,Medium,42.7,0.8478607031412427,0.9132510967960011,300.0,0.9283982314566384,True,weighted ridge regression with one-hot categorical district characteristics and standardized 2020 presidential margin,Exploratory model: post-2020 characteristics predict 2012-2020 district-label elasticity estimates.
PA-3,PA,3,Mid-Atlantic,Urban,High,Low,Very High,Low,80.8,0.6961651490476075,0.7498561775105261,300.0,0.9283982314566384,True,weighted ridge regression with one-hot categorical district characteristics and standardized 2020 presidential margin,Exploratory model: post-2020 characteristics predict 2012-2020 district-label elasticity estimates.
PA-4,PA,4,Mid-Atlantic,Suburban,Very High,Very High,Low,Low,18.9,1.2439625007995194,1.3399018423890867,300.0,0.9283982314566384,True,weighted ridge regression with one-hot categorical district characteristics and standardized 2020 presidential margin,Exploratory model: post-2020 characteristics predict 2012-2020 district-label elasticity estimates.
PA-5,PA,5,Mid-Atlantic,Suburban,High,High,Low,Low,32.300000000000004,1.211779154754227,1.3052363885409062,300.0,0.9283982314566384,True,weighted ridge regression with one-hot categorical district characteristics and standardized 2020 presidential margin,Exploratory model: post-2020 characteristics predict 2012-2020 district-label elasticity estimates.
PA-6,PA,6,Mid-Atlantic,Suburban,Very High,High,Low,Low,14.799999999999995,1.4291265767119083,1.5393465091694942,300.0,0.9283982314566384,True,weighted ridge regression with one-hot categorical district characteristics and standardized 2020 presidential margin,Exploratory model: post-2020 characteristics predict 2012-2020 district-label elasticity estimates.
PA-7,PA,7,Mid-Atlantic,Suburban,Medium,High,Low,Medium,0.6000000000000014,1.3426526723638896,1.4462033929742566,300.0,0.9283982314566384,True,weighted ridge regression with one-hot categorical district characteristics and standardized 2020 presidential margin,Exploratory model: post-2020 characteristics predict 2012-2020 district-label elasticity estimates.
PA-8,PA,8,Northeast,Mixed,Medium,Very High,Low,Low,-2.8999999999999986,0.8702587891648268,0.937376612404149,300.0,0.9283982314566384,True,weighted ridge regression with one-hot categorical district characteristics and standardized 2020 presidential margin,Exploratory model: post-2020 characteristics predict 2012-2020 district-label elasticity estimates.
PA-9,PA,9,Northeast,Rural,Low,Very High,Low,Low,-36.5,0.8366260923015122,0.901150028031465,300.0,0.9283982314566384,True,weighted ridge regression with one-hot categorical district characteristics and standardized 2020 presidential margin,Exploratory model: post-2020 characteristics predict 2012-2020 district-label elasticity estimates.
PA-10,PA,10,Mid-Atlantic,Mixed,Medium,High,Medium,Low,-4.099999999999994,1.3393746010049794,1.4426725036986847,300.0,0.9283982314566384,True,weighted ridge regression with one-hot categorical district characteristics and standardized 2020 presidential margin,Exploratory model: post-2020 characteristics predict 2012-2020 district-label elasticity estimates.
PA-11,PA,11,Mid-Atlantic,Mixed,Medium,Very High,Low,Low,-21.299999999999997,1.2886184107052825,1.3880017938891007,300.0,0.9283982314566384,True,weighted ridge regression with one-hot categorical district characteristics and standardized 2020 presidential margin,Exploratory model: post-2020 characteristics predict 2012-2020 district-label elasticity estimates.
PA-12,PA,12,Appalachia,Urban,High,High,Medium,Low,19.9,0.3880148800561113,0.4179401327028851,300.0,0.9283982314566384,True,weighted ridge regression with one-hot categorical district characteristics and standardized 2020 presidential margin,Exploratory model: post-2020 characteristics predict 2012-2020 district-label elasticity estimates.
PA-13,PA,13,Appalachia,Rural,Low,Very High,Low,Low,-45.2,0.6707279306854064,0.7224571395758128,300.0,0.9283982314566384,True,weighted ridge regression with one-hot categorical district characteristics and standardized 2020 presidential margin,Exploratory model: post-2020 characteristics predict 2012-2020 district-label elasticity estimates.
PA-14,PA,14,Appalachia,Rural,Medium,Very High,Low,Low,-31.5,0.6863506944864125,0.7392847931318675,300.0,0.9283982314566384,True,weighted ridge regression with one-hot categorical district characteristics and standardized 2020 presidential margin,Exploratory model: post-2020 characteristics predict 2012-2020 district-label elasticity estimates.
PA-15,PA,15,Appalachia,Rural,Low,Very High,Low,Low,-37.0,0.6367414084116257,0.6858494413680551,300.0,0.9283982314566384,True,weighted ridge regression with one-hot categorical district characteristics and standardized 2020 presidential margin,Exploratory model: post-2020 characteristics predict 2012-2020 district-label elasticity estimates.
PA-16,PA,16,Midwest,Rural,Medium,Very High,Low,Low,-20.700000000000003,1.1360089887981624,1.2236225256652922,300.0,0.9283982314566384,True,weighted ridge regression with one-hot categorical district characteristics and standardized 2020 presidential margin,Exploratory model: post-2020 characteristics predict 2012-2020 district-label elasticity estimates.
PA-17,PA,17,Appalachia,Mixed,High,Very High,Low,Low,5.799999999999997,0.5785263197398207,0.6231445732421576,300.0,0.9283982314566384,True,weighted ridge regression with one-hot categorical district characteristics and standardized 2020 presidential margin,Exploratory model: post-2020 characteristics predict 2012-2020 district-label elasticity estimates.
RI-1,RI,1,Northeast,Mixed,High,High,Medium,Medium,29.0,0.7521413865325014,0.8101495253307479,300.0,0.9283982314566384,True,weighted ridge regression with one-hot categorical district characteristics and standardized 2020 presidential margin,Exploratory model: post-2020 characteristics predict 2012-2020 district-label elasticity estimates.
RI-2,RI,2,Northeast,Mixed,Medium,Very High,Low,Low,13.599999999999994,0.801871274833439,0.8637147806446367,300.0,0.9283982314566384,True,weighted ridge regression with one-hot categorical district characteristics and standardized 2020 presidential margin,Exploratory model: post-2020 characteristics predict 2012-2020 district-label elasticity estimates.
SC-1,SC,1,Southeast,Suburban,High,High,Medium,Low,-8.700000000000003,0.879446426415123,0.9472728368248711,300.0,0.9283982314566384,True,weighted ridge regression with one-hot categorical district characteristics and standardized 2020 presidential margin,Exploratory model: post-2020 characteristics predict 2012-2020 district-label elasticity estimates.
SC-2,SC,2,Southeast,Rural,Medium,High,High,Low,-10.6,0.7651804966384436,0.8241942635305225,300.0,0.9283982314566384,True,weighted ridge regression with one-hot categorical district characteristics and standardized 2020 presidential margin,Exploratory model: post-2020 characteristics predict 2012-2020 district-label elasticity estimates.
SC-3,SC,3,Southeast,Rural,Low,High,Medium,Low,-37.4,0.8483589767398058,0.9137877992386386,300.0,0.9283982314566384,True,weighted ridge regression with one-hot categorical district characteristics and standardized 2020 presidential margin,Exploratory model: post-2020 characteristics predict 2012-2020 district-label elasticity estimates.
SC-4,SC,4,Southeast,Rural,Medium,High,Medium,Low,-18.6,0.8428437815656556,0.9078472502508439,300.0,0.9283982314566384,True,weighted ridge regression with one-hot categorical district characteristics and standardized 2020 presidential margin,Exploratory model: post-2020 characteristics predict 2012-2020 district-label elasticity estimates.
SC-5,SC,5,Southeast,Rural,Medium,High,Medium,Low,-18.199999999999996,0.8411859024303493,0.9060615088748557,300.0,0.9283982314566384,True,weighted ridge regression with one-hot categorical district characteristics and standardized 2020 presidential margin,Exploratory model: post-2020 characteristics predict 2012-2020 district-label elasticity estimates.
SC-6,SC,6,Southeast,Rural,Medium,Low,Very High,Low,32.099999999999994,0.6492157543820822,0.6992858585732931,300.0,0.9283982314566384,True,weighted ridge regression with one-hot categorical district characteristics and standardized 2020 presidential margin,Exploratory model: post-2020 characteristics predict 2012-2020 district-label elasticity estimates.
SC-7,SC,7,Southeast,Rural,Low,High,High,Low,-18.59999999999999,0.7259329551593217,0.7819197953666362,300.0,0.9283982314566384,True,weighted ridge regression with one-hot categorical district characteristics and standardized 2020 presidential margin,Exploratory model: post-2020 characteristics predict 2012-2020 district-label elasticity estimates.
SD-AL,SD,AL,Great Plains,Rural,Medium,Very High,Low,Low,-26.199999999999996,1.0813967711450296,1.1647983963178599,300.0,0.9283982314566384,True,weighted ridge regression with one-hot categorical district characteristics and standardized 2020 presidential margin,Exploratory model: post-2020 characteristics predict 2012-2020 district-label elasticity estimates.
TN-1,TN,1,Appalachia,Rural,Low,Very High,Low,Low,-54.3,0.7084446810136263,0.763082755879544,300.0,0.9283982314566384,True,weighted ridge regression with one-hot categorical district characteristics and standardized 2020 presidential margin,Exploratory model: post-2020 characteristics predict 2012-2020 district-label elasticity estimates.
TN-2,TN,2,Appalachia,Rural,Medium,Very High,Low,Low,-29.300000000000004,0.6772323592422275,0.7294632155639325,300.0,0.9283982314566384,True,weighted ridge regression with one-hot categorical district characteristics and standardized 2020 presidential margin,Exploratory model: post-2020 characteristics predict 2012-2020 district-label elasticity estimates.
TN-3,TN,3,Appalachia,Rural,Medium,Very High,Medium,Low,-31.700000000000003,0.641053812396438,0.6904944351204088,300.0,0.9283982314566384,True,weighted ridge regression with one-hot categorical district characteristics and standardized 2020 presidential margin,Exploratory model: post-2020 characteristics predict 2012-2020 district-label elasticity estimates.
TN-4,TN,4,Middle South,Rural,Medium,High,Medium,Low,-15.4,0.6472445706966783,0.6971626493527077,300.0,0.9283982314566384,True,weighted ridge regression with one-hot categorical district characteristics and standardized 2020 presidential margin,Exploratory model: post-2020 characteristics predict 2012-2020 district-label elasticity estimates.
TN-5,TN,5,Middle South,Mixed,Medium,High,High,Low,-12.700000000000005,0.6920376043560761,0.7454103001362711,300.0,0.9283982314566384,True,weighted ridge regression with one-hot categorical district characteristics and standardized 2020 presidential margin,Exploratory model: post-2020 characteristics predict 2012-2020 district-label elasticity estimates.
TN-6,TN,6,Middle South,Mixed,Medium,Very High,Medium,Low,-20.1,0.5990432558048301,0.6452438571160817,300.0,0.9283982314566384,True,weighted ridge regression with one-hot categorical district characteristics and standardized 2020 presidential margin,Exploratory model: post-2020 characteristics predict 2012-2020 district-label elasticity estimates.
TN-7,TN,7,Middle South,Mixed,Medium,High,Medium,Low,-18.1,0.7589246749037968,0.8174559679126694,300.0,0.9283982314566384,True,weighted ridge regression with one-hot categorical district characteristics and standardized 2020 presidential margin,Exploratory model: post-2020 characteristics predict 2012-2020 district-label elasticity estimates.
TN-8,TN,8,Middle South,Mixed,Medium,High,High,Low,-15.700000000000005,0.7044716978708738,0.7588033604561825,300.0,0.9283982314566384,True,weighted ridge regression with one-hot categorical district characteristics and standardized 2020 presidential margin,Exploratory model: post-2020 characteristics predict 2012-2020 district-label elasticity estimates.
TN-9,TN,9,Middle South,Mixed,Medium,Medium,High,Low,-10.5,0.7199989530912232,0.7755281394295196,300.0,0.9283982314566384,True,weighted ridge regression with one-hot categorical district characteristics and standardized 2020 presidential margin,Exploratory model: post-2020 characteristics predict 2012-2020 district-label elasticity estimates.
TX-1,TX,1,Middle South,Rural,Low,High,Medium,Low,-43.8,0.6925488651181814,0.7459609913642188,300.0,0.9283982314566384,True,weighted ridge regression with one-hot categorical district characteristics and standardized 2020 presidential margin,Exploratory model: post-2020 characteristics predict 2012-2020 district-label elasticity estimates.
TX-2,TX,2,Urban South,Mixed,Medium,Medium,Medium,Medium,-21.5,1.1952187012313313,1.2873987268976772,300.0,0.9283982314566384,True,weighted ridge regression with one-hot categorical district characteristics and standardized 2020 presidential margin,Exploratory model: post-2020 characteristics predict 2012-2020 district-label elasticity estimates.
TX-3,TX,3,Middle South,Rural,High,Medium,Medium,Medium,-17.4,0.5846671156430292,0.6297589717784126,300.0,0.9283982314566384,True,weighted ridge regression with one-hot categorical district characteristics and standardized 2020 presidential margin,Exploratory model: post-2020 characteristics predict 2012-2020 district-label elasticity estimates.
TX-4,TX,4,Middle South,Rural,Very High,Medium,Low,Low,-17.900000000000006,0.8319104652942577,0.8960707130915219,300.0,0.9283982314566384,True,weighted ridge regression with one-hot categorical district characteristics and standardized 2020 presidential margin,Exploratory model: post-2020 characteristics predict 2012-2020 district-label elasticity estimates.
TX-5,TX,5,Middle South,Rural,Low,Medium,Medium,Medium,-16.200000000000003,0.5610049194749338,0.6042718528176516,300.0,0.9283982314566384,True,weighted ridge regression with one-hot categorical district characteristics and standardized 2020 presidential margin,Exploratory model: post-2020 characteristics predict 2012-2020 district-label elasticity estimates.
TX-6,TX,6,Middle South,Rural,Medium,Medium,Medium,Medium,-19.5,0.6470875465264607,0.6969935148532039,300.0,0.9283982314566384,True,weighted ridge regression with one-hot categorical district characteristics and standardized 2020 presidential margin,Exploratory model: post-2020 characteristics predict 2012-2020 district-label elasticity estimates.
TX-7,TX,7,Urban South,Suburban,High,Low,Medium,High,31.5,1.1393633331672848,1.2272355704293474,300.0,0.9283982314566384,True,weighted ridge regression with one-hot categorical district characteristics and standardized 2020 presidential margin,Exploratory model: post-2020 characteristics predict 2012-2020 district-label elasticity estimates.
TX-8,TX,8,Middle South,Rural,Medium,Low,Medium,High,-16.699999999999996,0.8221502765388642,0.8855577797136976,300.0,0.9283982314566384,True,weighted ridge regression with one-hot categorical district characteristics and standardized 2020 presidential margin,Exploratory model: post-2020 characteristics predict 2012-2020 district-label elasticity estimates.
TX-9,TX,9,Urban South,Mixed,Low,Low,Medium,Very High,-8.600000000000001,1.4857778024293145,1.6003669030025602,300.0,0.9283982314566384,False,weighted ridge regression with one-hot categorical district characteristics and standardized 2020 presidential margin,Exploratory model: post-2020 characteristics predict 2012-2020 district-label elasticity estimates.
TX-10,TX,10,Urban South,Mixed,High,Medium,Low,Medium,-14.799999999999995,1.1598584819495041,1.2493113866984744,300.0,0.9283982314566384,True,weighted ridge regression with one-hot categorical district characteristics and standardized 2020 presidential margin,Exploratory model: post-2020 characteristics predict 2012-2020 district-label elasticity estimates.
TX-11,TX,11,Middle South,Mixed,Medium,Medium,Low,High,-30.0,1.005659857711897,1.0832203505321596,300.0,0.9283982314566384,True,weighted ridge regression with one-hot categorical district characteristics and standardized 2020 presidential margin,Exploratory model: post-2020 characteristics predict 2012-2020 district-label elasticity estimates.
TX-12,TX,12,Middle South,Rural,Medium,Medium,Low,Medium,-17.700000000000003,0.6857529120752097,0.7386409073607099,300.0,0.9283982314566384,True,weighted ridge regression with one-hot categorical district characteristics and standardized 2020 presidential margin,Exploratory model: post-2020 characteristics predict 2012-2020 district-label elasticity estimates.
TX-13,TX,13,Middle South,Rural,Low,Medium,Low,Medium,-44.1,0.7227678108201808,0.7785105424922799,300.0,0.9283982314566384,True,weighted ridge regression with one-hot categorical district characteristics and standardized 2020 presidential margin,Exploratory model: post-2020 characteristics predict 2012-2020 district-label elasticity estimates.
TX-14,TX,14,Middle South,Mixed,Medium,Medium,Medium,Medium,-21.5,0.7558663622467929,0.8141617860051862,300.0,0.9283982314566384,True,weighted ridge regression with one-hot categorical district characteristics and standardized 2020 presidential margin,Exploratory model: post-2020 characteristics predict 2012-2020 district-label elasticity estimates.
TX-15,TX,15,Southwest,Rural,Low,Low,Low,Very High,-2.4000000000000057,0.9079006436202808,0.9779215565671671,300.0,0.9283982314566384,True,weighted ridge regression with one-hot categorical district characteristics and standardized 2020 presidential margin,Exploratory model: post-2020 characteristics predict 2012-2020 district-label elasticity estimates.
TX-16,TX,16,Southwest,Urban,Low,Low,Low,Very High,35.6,0.5967753525279451,0.6428010441075662,300.0,0.9283982314566384,True,weighted ridge regression with one-hot categorical district characteristics and standardized 2020 presidential margin,Exploratory model: post-2020 characteristics predict 2012-2020 district-label elasticity estimates.
TX-17,TX,17,Middle South,Rural,Medium,Medium,Medium,Medium,-15.200000000000005,0.6292653458219172,0.677796795061331,300.0,0.9283982314566384,True,weighted ridge regression with one-hot categorical district characteristics and standardized 2020 presidential margin,Exploratory model: post-2020 characteristics predict 2012-2020 district-label elasticity estimates.
TX-18,TX,18,Urban South,Urban,Medium,Low,High,High,63.6,0.7305509036513336,0.78689389843528,300.0,0.9283982314566384,True,weighted ridge regression with one-hot categorical district characteristics and standardized 2020 presidential margin,Exploratory model: post-2020 characteristics predict 2012-2020 district-label elasticity estimates.
TX-19,TX,19,Middle South,Rural,Low,Medium,Low,High,-46.2,0.8999094184627553,0.9693140163039898,300.0,0.9283982314566384,True,weighted ridge regression with one-hot categorical district characteristics and standardized 2020 presidential margin,Exploratory model: post-2020 characteristics predict 2012-2020 district-label elasticity estimates.
TX-20,TX,20,Urban South,Urban,Low,Low,Medium,Very High,40.2,1.0294003546399062,1.108791809119237,300.0,0.9283982314566384,False,weighted ridge regression with one-hot categorical district characteristics and standardized 2020 presidential margin,Exploratory model: post-2020 characteristics predict 2012-2020 district-label elasticity estimates.
TX-21,TX,21,Urban South,Rural,High,Medium,Low,High,-16.700000000000003,1.235681729980625,1.330982425550149,300.0,0.9283982314566384,True,weighted ridge regression with one-hot categorical district characteristics and standardized 2020 presidential margin,Exploratory model: post-2020 characteristics predict 2012-2020 district-label elasticity estimates.
TX-22,TX,22,Urban South,Rural,High,Medium,Medium,Medium,-17.199999999999996,1.0231905150599143,1.1021030419829094,300.0,0.9283982314566384,True,weighted ridge regression with one-hot categorical district characteristics and standardized 2020 presidential margin,Exploratory model: post-2020 characteristics predict 2012-2020 district-label elasticity estimates.
TX-23,TX,23,Southwest,Rural,Medium,Low,Low,Very High,-7.199999999999996,1.0002003174292067,1.077339748762675,300.0,0.9283982314566384,True,weighted ridge regression with one-hot categorical district characteristics and standardized 2020 presidential margin,Exploratory model: post-2020 characteristics predict 2012-2020 district-label elasticity estimates.
TX-24,TX,24,Urban South,Suburban,Very High,High,Low,Medium,-12.4,1.288509031773934,1.3878839792190136,300.0,0.9283982314566384,True,weighted ridge regression with one-hot categorical district characteristics and standardized 2020 presidential margin,Exploratory model: post-2020 characteristics predict 2012-2020 district-label elasticity estimates.
TX-25,TX,25,Urban South,Mixed,Medium,Medium,Medium,Medium,-15.800000000000004,1.1715939235532156,1.2619519122898457,300.0,0.9283982314566384,True,weighted ridge regression with one-hot categorical district characteristics and standardized 2020 presidential margin,Exploratory model: post-2020 characteristics predict 2012-2020 district-label elasticity estimates.
TX-26,TX,26,Urban South,Suburban,High,Medium,Medium,Medium,-18.5,1.159930341121033,1.249388787935459,300.0,0.9283982314566384,True,weighted ridge regression with one-hot categorical district characteristics and standardized 2020 presidential margin,Exploratory model: post-2020 characteristics predict 2012-2020 district-label elasticity estimates.
TX-27,TX,27,Urban South,Mixed,Medium,Medium,Low,High,-17.199999999999996,1.3919600643666314,1.499313567393029,300.0,0.9283982314566384,True,weighted ridge regression with one-hot categorical district characteristics and standardized 2020 presidential margin,Exploratory model: post-2020 characteristics predict 2012-2020 district-label elasticity estimates.
TX-28,TX,28,Southwest,Rural,Low,Low,Low,Very High,9.599999999999994,0.8581642695610896,0.9243493152875215,300.0,0.9283982314566384,False,weighted ridge regression with one-hot categorical district characteristics and standardized 2020 presidential margin,Exploratory model: post-2020 characteristics predict 2012-2020 district-label elasticity estimates.
TX-29,TX,29,Urban South,Urban,Low,Low,High,Very High,43.00000000000001,0.973289498471677,1.048353460286762,300.0,0.9283982314566384,True,weighted ridge regression with one-hot categorical district characteristics and standardized 2020 presidential margin,Exploratory model: post-2020 characteristics predict 2012-2020 district-label elasticity estimates.
TX-30,TX,30,Urban South,Urban,Low,Low,Very High,High,56.8,0.6920337544472219,0.7454061533071156,300.0,0.9283982314566384,False,weighted ridge regression with one-hot categorical district characteristics and standardized 2020 presidential margin,Exploratory model: post-2020 characteristics predict 2012-2020 district-label elasticity estimates.
TX-31,TX,31,Urban South,Mixed,Medium,Medium,Medium,Medium,-17.699999999999996,1.1794688494459207,1.2704341838257893,300.0,0.9283982314566384,True,weighted ridge regression with one-hot categorical district characteristics and standardized 2020 presidential margin,Exploratory model: post-2020 characteristics predict 2012-2020 district-label elasticity estimates.
TX-32,TX,32,Urban South,Mixed,High,Medium,Medium,Medium,-10.099999999999994,1.0942525804520267,1.1786456968311607,300.0,0.9283982314566384,True,weighted ridge regression with one-hot categorical district characteristics and standardized 2020 presidential margin,Exploratory model: post-2020 characteristics predict 2012-2020 district-label elasticity estimates.
TX-33,TX,33,Urban South,Urban,Medium,Low,Medium,Very High,44.900000000000006,1.0823253989853059,1.165798643635026,300.0,0.9283982314566384,True,weighted ridge regression with one-hot categorical district characteristics and standardized 2020 presidential margin,Exploratory model: post-2020 characteristics predict 2012-2020 district-label elasticity estimates.
TX-34,TX,34,Southwest,Rural,Low,Low,Low,Very High,2.8999999999999986,0.8859337450774714,0.9542604833353237,300.0,0.9283982314566384,True,weighted ridge regression with one-hot categorical district characteristics and standardized 2020 presidential margin,Exploratory model: post-2020 characteristics predict 2012-2020 district-label elasticity estimates.
TX-35,TX,35,Urban South,Mixed,Low,Low,Low,Very High,-1.9000000000000057,1.5041341485705604,1.620138963654211,300.0,0.9283982314566384,True,weighted ridge regression with one-hot categorical district characteristics and standardized 2020 presidential margin,Exploratory model: post-2020 characteristics predict 2012-2020 district-label elasticity estimates.
TX-36,TX,36,Urban South,Rural,Medium,Medium,Medium,Medium,-18.4,1.0818807178889065,1.1653196669617274,300.0,0.9283982314566384,True,weighted ridge regression with one-hot categorical district characteristics and standardized 2020 presidential margin,Exploratory model: post-2020 characteristics predict 2012-2020 district-label elasticity estimates.
TX-37,TX,37,Urban South,Mixed,Very High,Medium,Low,High,62.39999999999999,1.1531407608056181,1.2420755681496325,300.0,0.9283982314566384,False,weighted ridge regression with one-hot categorical district characteristics and standardized 2020 presidential margin,Exploratory model: post-2020 characteristics predict 2012-2020 district-label elasticity estimates.
TX-38,TX,38,Urban South,Mixed,Very High,Medium,Medium,Medium,-17.800000000000004,1.270981963594702,1.369005153748038,300.0,0.9283982314566384,False,weighted ridge regression with one-hot categorical district characteristics and standardized 2020 presidential margin,Exploratory model: post-2020 characteristics predict 2012-2020 district-label elasticity estimates.
UT-1,UT,1,Mountain West,Urban,Medium,High,Low,Medium,24.6,0.5366728891833308,0.5780632394584614,300.0,0.9283982314566384,True,weighted ridge regression with one-hot categorical district characteristics and standardized 2020 presidential margin,Exploratory model: post-2020 characteristics predict 2012-2020 district-label elasticity estimates.
UT-2,UT,2,Mountain West,Rural,Medium,Very High,Low,Low,-30.4,0.8043171980371289,0.8663493431855974,300.0,0.9283982314566384,True,weighted ridge regression with one-hot categorical district characteristics and standardized 2020 presidential margin,Exploratory model: post-2020 characteristics predict 2012-2020 district-label elasticity estimates.
UT-3,UT,3,Mountain West,Rural,Medium,Very High,Low,Low,-40.7,0.847007585771268,0.9123321836172932,300.0,0.9283982314566384,True,weighted ridge regression with one-hot categorical district characteristics and standardized 2020 presidential margin,Exploratory model: post-2020 characteristics predict 2012-2020 district-label elasticity estimates.
UT-4,UT,4,Mountain West,Rural,High,Very High,Low,Low,-33.0,0.7613768469935472,0.8200972612786671,300.0,0.9283982314566384,True,weighted ridge regression with one-hot categorical district characteristics and standardized 2020 presidential margin,Exploratory model: post-2020 characteristics predict 2012-2020 district-label elasticity estimates.
VT-AL,VT,AL,Northeast,Rural,High,Very High,Low,Low,35.39999999999999,0.5573108764923683,0.6002929105303859,300.0,0.9283982314566384,True,weighted ridge regression with one-hot categorical district characteristics and standardized 2020 presidential margin,Exploratory model: post-2020 characteristics predict 2012-2020 district-label elasticity estimates.
VA-1,VA,1,Mid-Atlantic,Exurban,High,High,Medium,Low,-6.699999999999996,1.5925303076925121,1.7153525865660728,300.0,0.9283982314566384,True,weighted ridge regression with one-hot categorical district characteristics and standardized 2020 presidential margin,Exploratory model: post-2020 characteristics predict 2012-2020 district-label elasticity estimates.
VA-2,VA,2,Mid-Atlantic,Mixed,Very High,High,Medium,Low,2.0,1.4051905885565121,1.513564482293117,300.0,0.9283982314566384,True,weighted ridge regression with one-hot categorical district characteristics and standardized 2020 presidential margin,Exploratory model: post-2020 characteristics predict 2012-2020 district-label elasticity estimates.
VA-3,VA,3,Mid-Atlantic,Urban,Medium,Low,Very High,Low,38.1,0.9268603121646356,0.9983434702481178,300.0,0.9283982314566384,False,weighted ridge regression with one-hot categorical district characteristics and standardized 2020 presidential margin,Exploratory model: post-2020 characteristics predict 2012-2020 district-label elasticity estimates.
VA-4,VA,4,Mid-Atlantic,Mixed,Medium,Medium,High,Low,35.8,1.1665751390164165,1.2565460591044895,300.0,0.9283982314566384,True,weighted ridge regression with one-hot categorical district characteristics and standardized 2020 presidential margin,Exploratory model: post-2020 characteristics predict 2012-2020 district-label elasticity estimates.
VA-5,VA,5,Mid-Atlantic,Rural,Medium,High,Medium,Low,-8.200000000000003,1.2558784420980693,1.3527367885305221,300.0,0.9283982314566384,True,weighted ridge regression with one-hot categorical district characteristics and standardized 2020 presidential margin,Exploratory model: post-2020 characteristics predict 2012-2020 district-label elasticity estimates.
VA-6,VA,6,Mid-Atlantic,Rural,Medium,High,Low,Low,-22.1,1.3596155637075935,1.4644745300455644,300.0,0.9283982314566384,True,weighted ridge regression with one-hot categorical district characteristics and standardized 2020 presidential margin,Exploratory model: post-2020 characteristics predict 2012-2020 district-label elasticity estimates.
VA-7,VA,7,Mid-Atlantic,Suburban,High,Medium,Medium,Medium,6.699999999999996,1.254607312449099,1.3513676243013142,300.0,0.9283982314566384,True,weighted ridge regression with one-hot categorical district characteristics and standardized 2020 presidential margin,Exploratory model: post-2020 characteristics predict 2012-2020 district-label elasticity estimates.
VA-8,VA,8,Mid-Atlantic,Suburban,Very High,Medium,Medium,Medium,55.6,1.196746797945923,1.2890446765158643,300.0,0.9283982314566384,True,weighted ridge regression with one-hot categorical district characteristics and standardized 2020 presidential margin,Exploratory model: post-2020 characteristics predict 2012-2020 district-label elasticity estimates.
VA-9,VA,9,Appalachia,Rural,Low,Very High,Low,Low,-41.900000000000006,0.6570504278191288,0.7077247732239104,300.0,0.9283982314566384,True,weighted ridge regression with one-hot categorical district characteristics and standardized 2020 presidential margin,Exploratory model: post-2020 characteristics predict 2012-2020 district-label elasticity estimates.
VA-10,VA,10,Mid-Atlantic,Suburban,Very High,Medium,Low,Medium,18.0,1.3987132583223494,1.5065875945582061,300.0,0.9283982314566384,True,weighted ridge regression with one-hot categorical district characteristics and standardized 2020 presidential margin,Exploratory model: post-2020 characteristics predict 2012-2020 district-label elasticity estimates.
VA-11,VA,11,Mid-Atlantic,Suburban,Very High,Medium,Low,Low,41.00000000000001,1.357615177328673,1.4623198659034518,300.0,0.9283982314566384,True,weighted ridge regression with one-hot categorical district characteristics and standardized 2020 presidential margin,Exploratory model: post-2020 characteristics predict 2012-2020 district-label elasticity estimates.
WA-1,WA,1,Northwest,Suburban,Very High,Medium,Low,Low,30.4,0.7615300593146725,0.8202622899440977,300.0,0.9283982314566384,True,weighted ridge regression with one-hot categorical district characteristics and standardized 2020 presidential margin,Exploratory model: post-2020 characteristics predict 2012-2020 district-label elasticity estimates.
WA-2,WA,2,Northwest,Suburban,Medium,High,Low,Low,22.700000000000003,0.6652659043250333,0.7165738599924348,300.0,0.9283982314566384,True,weighted ridge regression with one-hot categorical district characteristics and standardized 2020 presidential margin,Exploratory model: post-2020 characteristics predict 2012-2020 district-label elasticity estimates.
WA-3,WA,3,Northwest,Exurban,Medium,Very High,Low,Low,-4.200000000000003,0.8738212203024299,0.9412137924168832,300.0,0.9283982314566384,True,weighted ridge regression with one-hot categorical district characteristics and standardized 2020 presidential margin,Exploratory model: post-2020 characteristics predict 2012-2020 district-label elasticity estimates.
WA-4,WA,4,Northwest,Rural,Low,Medium,Low,High,-16.9,0.7769265525388499,0.8368462220354164,300.0,0.9283982314566384,True,weighted ridge regression with one-hot categorical district characteristics and standardized 2020 presidential margin,Exploratory model: post-2020 characteristics predict 2012-2020 district-label elasticity estimates.
WA-5,WA,5,Northwest,Rural,Medium,Very High,Low,Low,-8.899999999999999,0.4967158223673651,0.5350245245383847,300.0,0.9283982314566384,True,weighted ridge regression with one-hot categorical district characteristics and standardized 2020 presidential margin,Exploratory model: post-2020 characteristics predict 2012-2020 district-label elasticity estimates.
WA-6,WA,6,Northwest,Suburban,Medium,High,Low,Low,17.1,0.6884762122193225,0.7415742392562694,300.0,0.9283982314566384,True,weighted ridge regression with one-hot categorical district characteristics and standardized 2020 presidential margin,Exploratory model: post-2020 characteristics predict 2012-2020 district-label elasticity estimates.
WA-7,WA,7,Northwest,Urban,Very High,High,Low,Low,75.1,0.25420388985525,0.2738091060949235,300.0,0.9283982314566384,True,weighted ridge regression with one-hot categorical district characteristics and standardized 2020 presidential margin,Exploratory model: post-2020 characteristics predict 2012-2020 district-label elasticity estimates.
WA-8,WA,8,Northwest,Suburban,High,High,Low,Low,6.700000000000003,0.6778645043142152,0.7301441141811088,300.0,0.9283982314566384,True,weighted ridge regression with one-hot categorical district characteristics and standardized 2020 presidential margin,Exploratory model: post-2020 characteristics predict 2012-2020 district-label elasticity estimates.
WA-9,WA,9,Northwest,Suburban,High,Low,Medium,Low,44.7,0.5295499905591466,0.5703909945286014,300.0,0.9283982314566384,True,weighted ridge regression with one-hot categorical district characteristics and standardized 2020 presidential margin,Exploratory model: post-2020 characteristics predict 2012-2020 district-label elasticity estimates.
WA-10,WA,10,Northwest,Suburban,Medium,High,Low,Low,17.6,0.6864038633001895,0.7393420625362842,300.0,0.9283982314566384,True,weighted ridge regression with one-hot categorical district characteristics and standardized 2020 presidential margin,Exploratory model: post-2020 characteristics predict 2012-2020 district-label elasticity estimates.
WV-1,WV,1,Appalachia,Rural,Low,Very High,Low,Low,-44.5,0.6678266421986202,0.7193320921678334,300.0,0.9283982314566384,True,weighted ridge regression with one-hot categorical district characteristics and standardized 2020 presidential margin,Exploratory model: post-2020 characteristics predict 2012-2020 district-label elasticity estimates.
WV-2,WV,2,Appalachia,Rural,Low,Very High,Low,Low,-42.10000000000001,0.657879367386782,0.7086176439119044,300.0,0.9283982314566384,True,weighted ridge regression with one-hot categorical district characteristics and standardized 2020 presidential margin,Exploratory model: post-2020 characteristics predict 2012-2020 district-label elasticity estimates.
WI-1,WI,1,Midwest,Suburban,Medium,Very High,Low,Low,-2.0,1.1898548580939625,1.2816212028184326,300.0,0.9283982314566384,True,weighted ridge regression with one-hot categorical district characteristics and standardized 2020 presidential margin,Exploratory model: post-2020 characteristics predict 2012-2020 district-label elasticity estimates.
WI-2,WI,2,Midwest,Urban,High,Very High,Low,Low,41.7,0.670036505029065,0.721712388419559,300.0,0.9283982314566384,True,weighted ridge regression with one-hot categorical district characteristics and standardized 2020 presidential margin,Exploratory model: post-2020 characteristics predict 2012-2020 district-label elasticity estimates.
WI-3,WI,3,Midwest,Mixed,Medium,Very High,Low,Low,-4.699999999999996,1.170183243429708,1.2604324348978064,300.0,0.9283982314566384,True,weighted ridge regression with one-hot categorical district characteristics and standardized 2020 presidential margin,Exploratory model: post-2020 characteristics predict 2012-2020 district-label elasticity estimates.
WI-4,WI,4,Midwest,Urban,Medium,Medium,High,Medium,52.89999999999999,0.737721460253238,0.7946174769158788,300.0,0.9283982314566384,True,weighted ridge regression with one-hot categorical district characteristics and standardized 2020 presidential margin,Exploratory model: post-2020 characteristics predict 2012-2020 district-label elasticity estimates.
WI-5,WI,5,Midwest,Mixed,High,Very High,Low,Low,-22.800000000000004,1.1914857088792483,1.2833778313104183,300.0,0.9283982314566384,True,weighted ridge regression with one-hot categorical district characteristics and standardized 2020 presidential margin,Exploratory model: post-2020 characteristics predict 2012-2020 district-label elasticity estimates.
WI-6,WI,6,Midwest,Rural,Medium,Very High,Low,Low,-15.6,1.1148710298230062,1.200854323121443,300.0,0.9283982314566384,True,weighted ridge regression with one-hot categorical district characteristics and standardized 2020 presidential margin,Exploratory model: post-2020 characteristics predict 2012-2020 district-label elasticity estimates.
WI-7,WI,7,Midwest,Rural,Low,Very High,Low,Low,-19.9,1.0602881063423002,1.142061747229666,300.0,0.9283982314566384,True,weighted ridge regression with one-hot categorical district characteristics and standardized 2020 presidential margin,Exploratory model: post-2020 characteristics predict 2012-2020 district-label elasticity estimates.
WI-8,WI,8,Midwest,Rural,Medium,Very High,Low,Low,-15.5,1.1144565600391796,1.200407887777446,300.0,0.9283982314566384,True,weighted ridge regression with one-hot categorical district characteristics and standardized 2020 presidential margin,Exploratory model: post-2020 characteristics predict 2012-2020 district-label elasticity estimates.
WY-AL,WY,AL,Great Plains,Rural,Medium,Very High,Unknown,Low,-43.3,0.9887763280259203,1.0650346958056458,300.0,0.9283982314566384,True,weighted ridge regression with one-hot categorical district characteristics and standardized 2020 presidential margin,Exploratory model: post-2020 characteristics predict 2012-2020 district-label elasticity estimates.
