district_id,rating,model_margin_label,model_margin_dem,dem_win_probability,district_partisan_baseline_dem,incumbency_adjustment_dem,candidate_quality_adjustment_dem,region,district_type,tested_multiplier
AL-4,Safe R,R+64.3,-64.33746666666666,2.203379503842692e-05,-65.57,-2.0,0.0,Deep South,Rural,0.8
KY-5,Safe R,R+61.3,-61.28746666666666,3.663104659552557e-05,-62.52,-2.0,0.0,Appalachia,Rural,0.8
TN-1,Safe R,R+53.5,-53.51746666666666,0.0001337268176038,-56.74999999999999,0.0,0.0,Appalachia,Rural,0.8
NE-3,Safe R,R+52.0,-51.96746666666666,0.0001731386917677,-53.2,-2.0,0.0,Great Plains,Rural,0.8
OK-2,Safe R,R+51.7,-51.70746666666666,0.000180804913783,-54.94,0.0,0.0,Great Plains,Rural,0.8
AL-1,Safe R,R+50.4,-50.42746666666666,0.0002237901908535,-53.66,0.0,0.0,Deep South,Rural,0.8
MO-8,Safe R,R+49.2,-49.22973333333333,0.0002732212055618,-53.05,0.0,0.0,Midwest,Rural,0.8
TX-19,Safe R,R+46.5,-46.453599999999994,0.0004338981802931,-49.98,0.0,0.0,Middle South,Rural,0.8
TX-1,Safe R,R+46.2,-46.1936,0.0004531050589874,-47.72,-2.0,0.0,Middle South,Rural,0.8
KY-1,Safe R,R+44.7,-44.687466666666666,0.000582318156537,-45.92,-2.0,0.0,Appalachia,Rural,0.8
PA-13,Safe R,R+44.2,-44.17746666666666,0.0006339469645819,-45.41,-2.0,0.0,Appalachia,Rural,0.8
TX-13,Safe R,R+44.0,-43.9736,0.0006558428266039,-45.5,-2.0,0.0,Middle South,Rural,0.8
AL-3,Safe R,R+43.6,-43.58746666666666,0.0006994072064109,-44.81999999999999,-2.0,0.0,Deep South,Rural,0.8
WV-1,Safe R,R+43.2,-43.197466666666664,0.0007463436551556,-44.43,-2.0,0.0,Appalachia,Rural,0.8
AR-1,Safe R,R+42.5,-42.453599999999994,0.0008447708693676,-43.98,-2.0,0.0,Middle South,Rural,0.8
WY-AL,Safe R,R+42.1,-42.09746666666666,0.0008963843895188,-45.33,0.0,0.0,Great Plains,Rural,0.8
IL-12,Safe R,R+41.5,-41.46973333333333,0.0009951492152964,-43.29,-2.0,0.0,Midwest,Rural,0.8
ID-1,Safe R,R+41.4,-41.4436,0.0009994887544695,-42.97,-2.0,0.0,Mountain West,Rural,0.8
OK-3,Safe R,R+41.0,-40.96746666666666,0.0010819463939909,-44.2,0.0,0.0,Great Plains,Rural,0.8
OH-4,Safe R,R+40.1,-40.11973333333333,0.0012459351155624,-41.94,-2.0,0.0,Midwest,Rural,0.8
VA-9,Safe R,R+40.1,-40.06746666666667,0.0012568223048077,-43.3,0.0,0.0,Appalachia,Rural,0.8
MS-4,Safe R,R+39.9,-39.88746666666666,0.0012950486731609,-41.12,-2.0,0.0,Deep South,Rural,0.8
OH-2,Safe R,R+39.5,-39.529733333333326,0.0013745012572824,-41.349999999999994,-2.0,0.0,Midwest,Rural,0.8
WV-2,Safe R,R+39.1,-39.117466666666665,0.0014721211140012,-40.35,-2.0,0.0,Appalachia,Rural,0.8
KY-2,Safe R,R+38.6,-38.62746666666666,0.0015971897859558,-39.86,-2.0,0.0,Appalachia,Rural,0.8
MO-7,Safe R,R+38.4,-38.41973333333333,0.0016533634346505,-42.24,0.0,0.0,Midwest,Rural,0.8
SC-3,Safe R,R+37.8,-37.79359999999999,0.0018348915310998,-41.31999999999999,0.0,0.0,Southeast,Rural,0.8
IL-15,Safe R,R+37.7,-37.71973333333333,0.0018575784870229,-39.54,-2.0,0.0,Midwest,Rural,0.8
UT-3,Safe R,R+37.6,-37.593599999999995,0.0018969674081123,-41.12,0.0,0.0,Mountain West,Rural,0.8
AL-6,Safe R,R+37.3,-37.32746666666666,0.0019828318185273,-38.559999999999995,-2.0,0.0,Deep South,Rural,0.8
AR-4,Safe R,R+37.0,-36.96359999999999,0.0021065394240349,-38.489999999999995,-2.0,0.0,Middle South,Rural,0.8
PA-15,Safe R,R+36.5,-36.46746666666666,0.0022877157514644,-37.7,-2.0,0.0,Appalachia,Rural,0.8
PA-9,Safe R,R+36.2,-36.24746666666666,0.0023729527408205,-37.48,-2.0,0.0,Northeast,Rural,0.8
GA-14,Safe R,R+35.9,-35.90359999999999,0.0025125702008863,-37.42999999999999,-2.0,0.0,Southeast,Rural,0.8
LA-1,Safe R,R+34.2,-34.232,0.003317127852798,-38.64,0.0,0.0,Deep South,Exurban,0.8
MS-1,Safe R,R+34.2,-34.17746666666666,0.0033473129076351,-35.41,-2.0,0.0,Deep South,Rural,0.8
IN-8,Safe R,R+33.6,-33.569733333333325,0.0037028028069623,-35.38999999999999,-2.0,0.0,Midwest,Rural,0.8
GA-9,Safe R,R+32.6,-32.593599999999995,0.0043541306741911,-34.12,-2.0,0.0,Southeast,Rural,0.8
ND-AL,Safe R,R+32.5,-32.517466666666664,0.0044094865942778,-35.75,0.0,0.0,Great Plains,Rural,0.8
FL-1,Safe R,R+32.3,-32.257466666666666,0.0046038657836823,-35.49,0.0,0.0,Deep South,Rural,0.8
OH-6,Safe R,R+31.9,-31.927466666666664,0.004862905344448,-33.16,-2.0,0.0,Appalachia,Rural,0.8
LA-3,Safe R,R+31.8,-31.79746666666667,0.004968888764442,-35.03,0.0,0.0,Deep South,Rural,0.8
MN-7,Safe R,R+31.7,-31.68973333333333,0.0050584583406189,-35.51,0.0,0.0,Midwest,Rural,0.8
PA-14,Safe R,R+31.6,-31.597466666666666,0.0051364447277414,-32.83,-2.0,0.0,Appalachia,Rural,0.8
KY-4,Safe R,R+31.4,-31.427466666666664,0.0052832787651315,-34.66,0.0,0.0,Appalachia,Rural,0.8
TN-3,Safe R,R+31.3,-31.267466666666667,0.0054252868703312,-34.5,0.0,0.0,Appalachia,Rural,0.8
IN-6,Safe R,R+30.9,-30.919733333333333,0.0057471418969138,-32.74,-2.0,0.0,Midwest,Rural,0.8
TX-11,Safe R,R+30.6,-30.601999999999997,0.0060577941286759,-33.01,-2.0,0.0,Middle South,Mixed,0.8
LA-4,Safe R,R+29.7,-29.67746666666667,0.0070598650088679,-32.910000000000004,0.0,0.0,Deep South,Rural,0.8
IN-3,Safe R,R+29.3,-29.269733333333335,0.0075525494047536,-31.09,-2.0,0.0,Midwest,Rural,0.8
LA-5,Safe R,R+29.3,-29.267466666666667,0.0075553815681109,-32.5,0.0,0.0,Deep South,Rural,0.8
TN-2,Safe R,R+29.2,-29.21746666666667,0.007618124498314,-32.45,0.0,0.0,Appalachia,Rural,0.8
GA-3,Safe R,R+29.2,-29.203600000000005,0.0076356166005958,-30.730000000000004,-2.0,0.0,Southeast,Rural,0.8
CA-20,Safe R,R+29.2,-29.167466666666662,0.0076813844382711,-30.4,-2.0,0.0,Pacific,Rural,0.8
OK-4,Safe R,R+29.1,-29.067466666666665,0.0078094721522481,-32.3,0.0,0.0,Great Plains,Rural,0.8
UT-4,Safe R,R+29.1,-29.0536,0.0078274001456392,-32.58,0.0,0.0,Mountain West,Rural,0.8
GA-8,Safe R,R+28.7,-28.6636,0.0083486919578444,-30.19,-2.0,0.0,Southeast,Rural,0.8
LA-6,Safe R,R+28.7,-28.65746666666666,0.0083571591814229,-31.889999999999993,0.0,0.0,Deep South,Rural,0.8
IN-4,Safe R,R+27.7,-27.699733333333334,0.0097893540324257,-29.52,-2.0,0.0,Midwest,Rural,0.8
IN-9,Safe R,R+27.7,-27.67973333333333,0.0098217186292918,-29.499999999999996,-2.0,0.0,Midwest,Rural,0.8
MI-9,Safe R,R+27.6,-27.609733333333324,0.0099358311946547,-31.429999999999993,0.0,0.0,Midwest,Rural,0.8
KS-1,Safe R,R+27.6,-27.557466666666667,0.0100218901988039,-30.79,0.0,0.0,Great Plains,Rural,0.8
MT-2,Safe R,R+27.2,-27.1936,0.0106418014831552,-28.72,-2.0,0.0,Mountain West,Rural,0.8
OH-12,Safe R,R+26.7,-26.674266666666668,0.0115927934885034,-29.67,-2.0,0.0,Midwest,Exurban,0.8
MS-3,Safe R,R+26.5,-26.497466666666664,0.0119353394042195,-27.729999999999997,-2.0,0.0,Deep South,Rural,0.8
IA-4,Safe R,R+26.0,-25.99973333333333,0.0129542958064846,-29.819999999999997,0.0,0.0,Midwest,Rural,0.8
AZ-9,Safe R,R+25.9,-25.9136,0.013139142095572,-29.44,0.0,0.0,Southwest,Rural,0.8
UT-2,Safe R,R+25.8,-25.823599999999995,0.0133350668187881,-29.34999999999999,0.0,0.0,Mountain West,Rural,0.8
AL-5,Safe R,R+25.7,-25.72746666666667,0.013547527191805,-28.96,0.0,0.0,Deep South,Rural,0.8
MI-2,Safe R,R+25.6,-25.569733333333332,0.013903381966321,-29.389999999999997,0.0,0.0,Midwest,Rural,0.8
NJ-4,Safe R,R+25.4,-25.412,0.0142684488245755,-27.82,-2.0,0.0,Mid-Atlantic,Mixed,0.8
SD-AL,Safe R,R+25.1,-25.067466666666665,0.0150990223204242,-28.299999999999997,0.0,0.0,Great Plains,Rural,0.8
OR-2,Safe R,R+25.0,-25.027466666666665,0.015198483757338,-26.26,-2.0,0.0,Pacific,Rural,0.8
ID-2,Safe R,R+24.2,-24.1836,0.0174536280899644,-25.71,-2.0,0.0,Mountain West,Rural,0.8
FL-19,Safe R,R+23.9,-23.892000000000003,0.0183069125099187,-28.300000000000004,0.0,0.0,Southeast,Mixed,0.8
FL-6,Safe R,R+23.7,-23.671999999999997,0.0189776488433435,-28.08,0.0,0.0,Southeast,Mixed,0.8
AR-3,Safe R,R+22.3,-22.335866666666668,0.0235995663809467,-24.45,-2.0,0.0,Middle South,Rural,0.8
IN-2,Safe R,R+22.3,-22.264266666666664,0.0238761106126919,-25.26,-2.0,0.0,Midwest,Exurban,0.8
MO-6,Safe R,R+22.2,-22.239733333333337,0.0239715921808598,-26.06,0.0,0.0,Midwest,Rural,0.8
MI-5,Safe R,R+21.5,-21.49813333333333,0.0270400920278063,-26.2,0.0,0.0,Midwest,Mixed,0.8
OH-5,Safe R,R+20.5,-20.542,0.0315639542025256,-22.95,-2.0,0.0,Midwest,Rural,0.8
TX-36,Safe R,R+20.5,-20.54199999999999,0.0315639542025256,-22.949999999999996,-2.0,0.0,Urban South,Rural,0.8
TX-4,Safe R,R+20.5,-20.47586666666667,0.0319026230534705,-22.59,-2.0,0.0,Middle South,Rural,0.8
TX-14,Safe R,R+20.4,-20.394266666666663,0.0323253415177513,-23.389999999999997,-2.0,0.0,Middle South,Mixed,0.8
TX-8,Safe R,R+20.2,-20.215866666666663,0.0332684575324412,-24.33,0.0,0.0,Middle South,Rural,0.8
SC-7,Safe R,R+19.9,-19.94586666666666,0.0347465269157556,-24.059999999999995,0.0,0.0,Southeast,Rural,0.8
IL-16,Safe R,R+19.9,-19.932,0.0348241231479007,-22.34,-2.0,0.0,Midwest,Rural,0.8
TX-12,Safe R,R+19.9,-19.855866666666664,0.0352531410633972,-21.97,-2.0,0.0,Middle South,Rural,0.8
PA-16,Safe R,R+19.8,-19.762,0.0357891000751172,-22.17,-2.0,0.0,Midwest,Rural,0.8
TX-6,Safe R,R+19.7,-19.695866666666667,0.036171409838446,-21.81,-2.0,0.0,Middle South,Rural,0.8
TN-6,Safe R,R+19.6,-19.584266666666664,0.036825486362668,-24.58,0.0,0.0,Middle South,Mixed,0.8
TX-3,Safe R,R+19.4,-19.415866666666663,0.0378340380746046,-21.53,-2.0,0.0,Middle South,Rural,0.8
VA-6,Safe R,R+19.3,-19.315866666666665,0.0384454438312124,-23.429999999999996,0.0,0.0,Mid-Atlantic,Rural,0.8
GA-11,Safe R,R+19.0,-19.04586666666667,0.040143968113461,-23.16,0.0,0.0,Southeast,Rural,0.8
KS-4,Safe R,R+19.0,-18.999733333333335,0.0404412894846253,-22.82,0.0,0.0,Great Plains,Rural,0.8
NY-24,Safe R,R+18.4,-18.409733333333335,0.0444344247694304,-22.23,0.0,0.0,Northeast,Rural,0.8
PA-11,Safe R,R+18.4,-18.374266666666664,0.0446860875562211,-21.369999999999997,-2.0,0.0,Mid-Atlantic,Mixed,0.8
TX-25,Safe R,R+18.3,-18.2504,0.0455757138501267,-21.54,-2.0,0.0,Urban South,Mixed,0.8
SC-4,Safe R,R+18.0,-17.985866666666666,0.0475324028274907,-22.1,0.0,0.0,Southeast,Rural,0.8
TX-26,Safe R,R+18.0,-17.9688,0.0476613454345559,-22.14,-2.0,0.0,Urban South,Suburban,0.8
TX-5,Safe R,R+17.8,-17.79586666666667,0.0489867669573384,-19.91,-2.0,0.0,Middle South,Rural,0.8
OK-1,Likely R,R+17.6,-17.649733333333334,0.0501339656732085,-21.47,0.0,0.0,Great Plains,Rural,0.8
GA-10,Likely R,R+17.6,-17.605866666666664,0.0504832721341012,-21.72,0.0,0.0,Southeast,Rural,0.8
WI-7,Likely R,R+17.3,-17.311999999999998,0.0528833693437373,-21.72,0.0,0.0,Midwest,Rural,0.8
SC-5,Likely R,R+17.3,-17.305866666666667,0.0529345925077364,-21.42,0.0,0.0,Southeast,Rural,0.8
TX-31,Likely R,R+17.3,-17.2804,0.0531477814251361,-20.57,-2.0,0.0,Urban South,Mixed,0.8
TN-4,Likely R,R+17.2,-17.235866666666674,0.0535225318077046,-21.350000000000005,0.0,0.0,Middle South,Rural,0.8
TX-2,Likely R,R+17.1,-17.1204,0.0545058327625141,-22.41,0.0,0.0,Urban South,Mixed,0.8
WI-5,Likely R,R+17.0,-17.020400000000002,0.0553711534365432,-22.31,0.0,0.0,Midwest,Mixed,0.8
CA-5,Likely R,R+16.9,-16.949733333333334,0.0559904281488029,-18.77,-2.0,0.0,Pacific,Rural,0.8
NC-8,Likely R,R+16.9,-16.915866666666666,0.0562895168610026,-19.03,-2.0,0.0,Mid-Atlantic,Rural,0.8
GA-7,Likely R,R+16.7,-16.652666666666665,0.0586656261903956,-20.53,-2.0,0.0,Southeast,Suburban,0.8
TX-27,Likely R,R+16.6,-16.6404,0.0587786304526051,-19.93,-2.0,0.0,Urban South,Mixed,0.8
MI-1,Likely R,R+16.4,-16.372,0.0613028443627625,-20.78,0.0,0.0,Midwest,Rural,0.8
NY-23,Likely R,R+16.3,-16.309733333333334,0.0619027574088733,-20.13,0.0,0.0,Northeast,Rural,0.8
TX-22,Likely R,R+16.2,-16.221999999999998,0.0627573408360649,-20.63,0.0,0.0,Urban South,Rural,0.8
TN-7,Likely R,R+16.1,-16.114266666666666,0.0638217944484006,-21.11,0.0,0.0,Middle South,Mixed,0.8
OH-14,Likely R,R+16.1,-16.0504,0.0644607453503418,-19.34,-2.0,0.0,Midwest,Mixed,0.8
MO-4,Likely R,R+15.9,-15.931999999999997,0.0656610522788225,-20.339999999999996,0.0,0.0,Midwest,Rural,0.8
TX-21,Likely R,R+15.9,-15.861999999999998,0.0663804356909796,-20.27,0.0,0.0,Urban South,Rural,0.8
NY-21,Likely R,R+15.4,-15.379733333333329,0.0715387829526227,-19.199999999999996,0.0,0.0,Northeast,Rural,0.8
WA-4,Likely R,R+15.4,-15.375866666666663,0.0715815994086884,-19.49,0.0,0.0,Northwest,Rural,0.8
CA-23,Likely R,R+15.3,-15.319733333333334,0.0722058453523176,-17.14,-2.0,0.0,Pacific,Rural,0.8
NC-10,Likely R,R+15.1,-15.075866666666665,0.074976497714533,-17.189999999999998,-2.0,0.0,Mid-Atlantic,Rural,0.8
TX-17,Likely R,R+15.0,-15.045866666666669,0.0753240106088101,-17.16,-2.0,0.0,Middle South,Rural,0.8
MO-3,Likely R,R+15.0,-15.041999999999998,0.0753689086464439,-19.45,0.0,0.0,Midwest,Rural,0.8
TN-5,Likely R,R+15.0,-14.98426666666667,0.0760422121185912,-19.980000000000004,0.0,0.0,Middle South,Mixed,0.8
NC-5,Likely R,R+15.0,-14.965866666666663,0.0762579558144774,-17.08,-2.0,0.0,Mid-Atlantic,Rural,0.8
TX-10,Likely R,R+14.9,-14.900399999999998,0.0770301261891429,-20.19,0.0,0.0,Urban South,Mixed,0.8
NC-13,Likely R,R+14.8,-14.805866666666663,0.0781577823365266,-16.919999999999998,-2.0,0.0,Mid-Atlantic,Rural,0.8
FL-28,Likely R,R+14.8,-14.764266666666671,0.0786587863800477,-19.760000000000005,0.0,0.0,Southeast,Mixed,0.8
FL-3,Likely R,R+14.7,-14.715866666666663,0.0792453810206921,-18.83,0.0,0.0,Southeast,Rural,0.8
FL-5,Likely R,R+14.7,-14.694266666666664,0.0795084552015956,-19.69,0.0,0.0,Southeast,Mixed,0.8
TX-38,Likely R,R+14.7,-14.6804,0.0796777626267198,-19.97,0.0,0.0,Urban South,Mixed,0.8
NC-6,Likely R,R+14.7,-14.675866666666666,0.0797331845219062,-16.79,-2.0,0.0,Mid-Atlantic,Rural,0.8
FL-17,Likely R,R+14.6,-14.574266666666666,0.0809845569799331,-19.57,0.0,0.0,Southeast,Mixed,0.8
CO-4,Likely R,R+14.5,-14.539733333333333,0.0814139546732069,-18.36,0.0,0.0,Great Plains,Rural,0.8
KS-2,Likely R,R+14.0,-13.978133333333334,0.0886938062818497,-18.68,0.0,0.0,Great Plains,Mixed,0.8
TN-8,Likely R,R+13.9,-13.85426666666666,0.0903766689666341,-18.84999999999999,0.0,0.0,Middle South,Mixed,0.8
OK-5,Likely R,R+13.6,-13.558133333333332,0.094516991578567,-18.26,0.0,0.0,Great Plains,Mixed,0.8
MN-6,Likely R,R+13.5,-13.486533333333334,0.0955432419733268,-19.07,0.0,0.0,Midwest,Exurban,0.8
NY-11,Likely R,R+13.5,-13.482666666666669,0.0955989459838823,-19.36,0.0,0.0,Mid-Atlantic,Suburban,0.8
NC-14,Likely R,R+13.3,-13.285866666666664,0.0984726877074962,-15.4,-2.0,0.0,Mid-Atlantic,Rural,0.8
NC-9,Likely R,R+13.1,-13.08586666666667,0.1014717440392865,-15.200000000000005,-2.0,0.0,Mid-Atlantic,Rural,0.8
AZ-5,Likely R,R+13.0,-12.972666666666663,0.1032048966884231,-18.85,0.0,0.0,Southwest,Suburban,0.8
TN-9,Likely R,R+12.9,-12.924266666666664,0.1039538894242244,-17.919999999999998,0.0,0.0,Middle South,Mixed,0.8
OH-8,Likely R,R+12.9,-12.922,0.103989083736845,-15.330000000000002,-2.0,0.0,Midwest,Rural,0.8
MO-5,Likely R,R+12.7,-12.662,0.1080965253413395,-17.07,0.0,0.0,Midwest,Rural,0.8
IN-5,Likely R,R+12.3,-12.3188,0.1137361580498365,-16.49,-2.0,0.0,Midwest,Suburban,0.8
AR-2,Likely R,R+12.1,-12.148133333333334,0.1166350195179159,-14.85,-2.0,0.0,Middle South,Rural,0.8
FL-2,Likely R,R+12.0,-12.049733333333332,0.1183353851059372,-15.87,0.0,0.0,Deep South,Rural,0.8
FL-15,Likely R,R+12.0,-12.044266666666667,0.1184304763216321,-17.040000000000003,0.0,0.0,Southeast,Mixed,0.8
MD-1,Likely R,R+12.0,-11.965866666666663,0.1198015139862637,-16.08,0.0,0.0,Mid-Atlantic,Rural,0.8
WI-6,Likely R,R+11.8,-11.751999999999995,0.1236114172714125,-16.159999999999997,0.0,0.0,Midwest,Rural,0.8
WI-8,Likely R,R+11.6,-11.581999999999995,0.1267136897553981,-15.989999999999998,0.0,0.0,Midwest,Rural,0.8
TX-9,Likely R,R+11.2,-11.1504,0.1348896540000684,-16.44,0.0,0.0,Urban South,Mixed,0.8
GA-1,Likely R,R+10.9,-10.895866666666665,0.1399172080423478,-15.009999999999998,0.0,0.0,Southeast,Rural,0.8
AZ-8,Likely R,R+10.5,-10.494266666666668,0.148167762051301,-15.49,0.0,0.0,Southwest,Mixed,0.8
TX-15,Likely R,R+10.5,-10.478133333333336,0.1485074588401234,-13.18,-2.0,0.0,Southwest,Rural,0.8
NC-7,Lean R,R+10.3,-10.258133333333332,0.1532040726591701,-12.96,-2.0,0.0,Mid-Atlantic,Rural,0.8
GA-12,Lean R,R+10.2,-10.228133333333332,0.1538538609490069,-12.93,-2.0,0.0,Southeast,Rural,0.8
TX-24,Lean R,R+10.2,-10.161066666666668,0.1553146527265527,-14.919999999999998,-2.0,0.0,Urban South,Suburban,0.8
TX-32,Lean R,R+10.1,-10.130399999999998,0.1559863715952763,-15.419999999999996,0.0,0.0,Urban South,Mixed,0.8
NE-1,Lean R,R+10.1,-10.062,0.1574931271112548,-12.47,-2.0,0.0,Great Plains,Rural,0.8
KY-6,Lean R,R+9.4,-9.392,0.1728826799457177,-13.8,0.0,0.0,Appalachia,Rural,0.8
NC-3,Lean R,R+9.3,-9.30813333333333,0.174890570051929,-12.009999999999998,-2.0,0.0,Mid-Atlantic,Rural,0.8
FL-18,Lean R,R+9.3,-9.276533333333331,0.1756518721481207,-14.859999999999998,0.0,0.0,Southeast,Mixed,0.8
FL-8,Lean R,R+8.9,-8.89653333333333,0.1850115696384592,-14.479999999999997,0.0,0.0,Southeast,Mixed,0.8
FL-9,Lean R,R+8.8,-8.846533333333333,0.1862713883232538,-14.43,0.0,0.0,Southeast,Mixed,0.8
NV-2,Lean R,R+8.4,-8.39813333333333,0.1978654847175147,-13.099999999999998,0.0,0.0,Mountain West,Rural,0.8
FL-21,Lean R,R+8.4,-8.396533333333334,0.1979078120567905,-13.98,0.0,0.0,Southeast,Mixed,0.8
MN-8,Lean R,R+8.4,-8.374266666666667,0.198497575490498,-13.37,0.0,0.0,Midwest,Rural,0.8
FL-11,Lean R,R+8.3,-8.286533333333335,0.2008341763578854,-13.87,0.0,0.0,Southeast,Mixed,0.8
SC-2,Lean R,R+8.3,-8.278133333333333,0.2010589702060109,-12.98,0.0,0.0,Southeast,Rural,0.8
TX-23,Lean R,R+7.7,-7.748133333333331,0.215623457357876,-12.449999999999998,0.0,0.0,Southwest,Rural,0.8
NJ-2,Lean R,R+7.6,-7.618133333333332,0.2193105138312821,-10.32,-2.0,0.0,Mid-Atlantic,Rural,0.8
FL-26,Lean R,R+7.6,-7.556533333333337,0.2210733694815578,-13.140000000000002,0.0,0.0,Southeast,Mixed,0.8
NC-11,Lean R,R+7.5,-7.542,0.2214907577830291,-9.95,-2.0,0.0,Appalachia,Rural,0.8
AZ-2,Lean R,R+7.2,-7.216533333333335,0.2309853812429338,-12.8,0.0,0.0,Southwest,Mixed,0.8
FL-12,Lean R,R+6.9,-6.866533333333332,0.2415093611429973,-12.449999999999998,0.0,0.0,Southeast,Mixed,0.8
OH-7,Lean R,R+6.7,-6.702666666666666,0.246547535876199,-10.579999999999998,-2.0,0.0,Midwest,Mixed,0.8
CA-40,Lean R,R+6.7,-6.678799999999998,0.2472871999663021,-10.849999999999998,-2.0,0.0,Pacific,Suburban,0.8
AK-AL,Lean R,R+6.6,-6.5865333333333345,0.2501606718620023,-12.17,0.0,0.0,Northwest,Mixed,0.8
FL-13,Lean R,R+6.4,-6.416533333333333,0.2555129770568877,-11.999999999999998,0.0,0.0,Southeast,Mixed,0.8
VA-5,Lean R,R+6.3,-6.29813333333333,0.2592848471655159,-10.999999999999996,0.0,0.0,Mid-Atlantic,Rural,0.8
MO-2,Lean R,R+6.2,-6.244266666666667,0.2610128078538329,-11.24,0.0,0.0,Midwest,Rural,0.8
MN-1,Lean R,R+6.2,-6.164266666666664,0.2635927923685541,-11.159999999999997,0.0,0.0,Midwest,Rural,0.8
FL-16,Lean R,R+5.6,-5.592533333333333,0.2825011164706175,-11.175999999999998,0.0,0.0,Southeast,Mixed,0.8
FL-4,Lean R,R+5.6,-5.5681333333333365,0.2833261349504177,-10.270000000000003,0.0,0.0,Southeast,Rural,0.8
MT-1,Lean R,R+5.5,-5.508133333333332,0.2853610514871638,-10.21,0.0,0.0,Mountain West,Rural,0.8
WA-5,Lean R,R+5.5,-5.458133333333332,0.2870635044224272,-10.159999999999998,0.0,0.0,Northwest,Rural,0.8
SC-1,Lean R,R+5.3,-5.314933333333335,0.2919727259032805,-11.78,0.0,0.0,Southeast,Suburban,0.8
OH-15,Lean R,R+5.0,-5.048799999999999,0.3012259769892895,-9.22,-2.0,0.0,Midwest,Exurban,0.8
FL-7,Lean R,R+4.7,-4.746533333333335,0.3119349116907651,-10.33,0.0,0.0,Southeast,Mixed,0.8
CO-5,Lean R,R+4.7,-4.698133333333332,0.3136688937888123,-9.4,0.0,0.0,Mountain West,Rural,0.8
FL-27,Lean R,R+4.6,-4.626533333333334,0.3162436048148608,-10.21,0.0,0.0,Southeast,Mixed,0.8
NY-2,Lean R,R+4.6,-4.572666666666667,0.3181880967236518,-10.45,0.0,0.0,Mid-Atlantic,Exurban,0.8
CO-3,Lean R,R+4.5,-4.548133333333332,0.3190758171026661,-9.249999999999998,0.0,0.0,Mountain West,Rural,0.8
ME-2,Lean R,R+4.1,-4.072000000000001,0.3365589537195236,-8.48,0.0,0.0,Northeast,Rural,0.8
PA-8,Tilt R,R+3.5,-3.5303999999999993,0.3570020527527968,-6.8199999999999985,-2.0,0.0,Northeast,Mixed,0.8
NC-1,Tilt R,R+3.5,-3.488133333333331,0.3586207400315211,-10.189999999999998,2.0,0.0,Mid-Atlantic,Rural,0.8
IA-1,Tilt R,R+2.9,-2.942666666666666,0.3797888734939811,-6.8199999999999985,-2.0,0.0,Midwest,Mixed,0.8
FL-14,Tilt R,R+2.6,-2.606533333333336,0.3930708416321062,-8.190000000000001,0.0,0.0,Southeast,Mixed,0.8
IA-2,Tilt R,R+2.4,-2.4426666666666694,0.3996050243815745,-8.320000000000002,0.0,0.0,Midwest,Mixed,0.8
OH-10,Tilt R,R+2.4,-2.3710666666666684,0.4024714799762013,-7.130000000000001,-2.0,0.0,Midwest,Suburban,0.8
TX-35,Tilt R,R+2.0,-1.9726666666666688,0.4185380383354239,-7.850000000000001,0.0,0.0,Urban South,Mixed,0.8
NY-1,Tilt R,R+1.7,-1.7326666666666686,0.4283031135996511,-7.610000000000001,0.0,0.0,Mid-Atlantic,Exurban,0.8
OH-9,Tilt R,R+1.5,-1.4826666666666668,0.4385346803794838,-9.36,2.0,0.0,Midwest,Mixed,0.8
FL-22,Toss-Up,R+1.1,-1.1065333333333331,0.4540246783239304,-6.689999999999999,0.0,0.0,Southeast,Mixed,0.8
WI-3,Toss-Up,R+0.7,-0.7126666666666654,0.4703404175382033,-6.589999999999998,0.0,0.0,Midwest,Mixed,0.8
PA-10,Toss-Up,R+0.7,-0.6987999999999976,0.4709162014644674,-4.869999999999997,-2.0,0.0,Mid-Atlantic,Mixed,0.8
VA-1,Toss-Up,D+0.4,0.4373333333333349,0.5182141589358625,-5.439999999999998,0.0,0.0,Mid-Atlantic,Exurban,0.8
TX-34,Toss-Up,D+0.5,0.5018666666666665,0.5208989277722157,-6.2,2.0,0.0,Southwest,Rural,0.8
MI-4,Toss-Up,D+0.7,0.6873333333333331,0.528607610981522,-5.1899999999999995,0.0,0.0,Midwest,Mixed,0.8
FL-25,Tilt D,D+1.3,1.261199999999997,0.5523573618333306,-4.910000000000003,0.0,0.0,Southeast,Mixed,0.8
IA-3,Tilt D,D+1.3,1.265066666666664,0.5525167009513382,-3.200000000000002,-2.0,0.0,Midwest,Mixed,0.8
MI-10,Tilt D,D+1.6,1.6150666666666664,0.5668910394840211,-4.85,0.0,0.0,Midwest,Mixed,0.8
WA-3,Tilt D,D+2.9,2.895066666666666,0.6183406615058178,-3.5700000000000003,0.0,0.0,Northwest,Exurban,0.8
TX-28,Tilt D,D+3.0,2.9595999999999973,0.6208756730359407,-4.330000000000002,2.0,0.0,Southwest,Rural,0.8
PA-7,Tilt D,D+3.0,2.992800000000001,0.6221772853340802,-2.059999999999999,-2.0,0.0,Mid-Atlantic,Suburban,0.8
WI-1,Tilt D,D+3.6,3.596666666666666,0.6455291935872791,-3.75,0.0,0.0,Midwest,Suburban,0.8
NJ-7,Lean D,D+5.3,5.292800000000001,0.7072641050378576,0.2400000000000003,-2.0,0.0,Mid-Atlantic,Suburban,0.8
AZ-1,Lean D,D+5.3,5.332800000000001,0.7086424726303788,-1.72,0.0,0.0,Southwest,Suburban,0.8
AZ-6,Lean D,D+5.7,5.711199999999998,0.7214904247771199,-0.4600000000000016,0.0,0.0,Southwest,Mixed,0.8
NM-2,Lean D,D+5.7,5.729599999999999,0.7221062281258854,0.4399999999999997,0.0,0.0,Southwest,Rural,0.8
MI-8,Lean D,D+6.6,6.576666666666664,0.7495307360245703,-0.7700000000000017,0.0,0.0,Midwest,Suburban,0.8
VA-2,Lean D,D+6.6,6.631200000000002,0.7512331604886826,0.4600000000000029,0.0,0.0,Mid-Atlantic,Mixed,0.8
PA-1,Lean D,D+6.6,6.642799999999999,0.7515942899741772,1.5899999999999983,-2.0,0.0,Mid-Atlantic,Suburban,0.8
MI-7,Lean D,D+6.7,6.706666666666665,0.7535762844297935,-0.6400000000000003,0.0,0.0,Midwest,Suburban,0.8
CA-22,Lean D,D+6.8,6.835733333333334,0.7575490542250786,3.84,-2.0,0.0,Pacific,Rural,0.8
CO-8,Lean D,D+7.1,7.1428,0.7668245168010938,0.0899999999999998,0.0,0.0,Mountain West,Suburban,0.8
NY-3,Lean D,D+7.4,7.4327999999999985,0.7753550678315562,0.3799999999999985,0.0,0.0,Mid-Atlantic,Suburban,0.8
OH-1,Lean D,D+7.7,7.656666666666664,0.7817870744100645,-1.6900000000000013,2.0,0.0,Midwest,Suburban,0.8
NV-3,Lean D,D+7.7,7.6911999999999985,0.7827673568543464,1.5199999999999985,0.0,0.0,Mountain West,Mixed,0.8
NY-19,Lean D,D+8.8,8.751199999999999,0.8113082494408034,2.5799999999999996,0.0,0.0,Northeast,Exurban,0.8
NH-1,Lean D,D+9.1,9.077333333333332,0.8194889454679989,3.1999999999999997,0.0,0.0,Northeast,Mixed,0.8
NY-17,Lean D,D+10.2,10.208933333333333,0.8457290923363764,3.4499999999999997,0.0,0.0,Northeast,Suburban,0.8
NV-1,Lean D,D+10.3,10.3312,0.8483691185799472,4.16,0.0,0.0,Mountain West,Mixed,0.8
CA-48,Likely D,D+10.4,10.417333333333334,0.8502065815100228,4.540000000000001,0.0,0.0,Pacific,Mixed,0.8
NH-2,Likely D,D+10.5,10.479599999999998,0.8515234492358351,5.1899999999999995,0.0,0.0,Northeast,Mixed,0.8
NV-4,Likely D,D+10.6,10.5912,0.853859728027467,4.420000000000001,0.0,0.0,Mountain West,Mixed,0.8
NY-18,Likely D,D+10.6,10.623466666666666,0.8545295086543034,5.039999999999999,0.0,0.0,Northeast,Exurban,0.8
KS-3,Likely D,D+11.0,10.978933333333332,0.8617405470737791,4.22,0.0,0.0,Great Plains,Suburban,0.8
VA-7,Likely D,D+11.1,11.092799999999997,0.8639861476735977,4.039999999999997,0.0,0.0,Mid-Atlantic,Suburban,0.8
NE-2,Likely D,D+11.3,11.3112,0.8682072682536348,5.1400000000000015,0.0,0.0,Great Plains,Suburban,0.8
CA-45,Likely D,D+11.6,11.580266666666663,0.8732543391238341,5.76,2.0,0.0,Pacific,Urban,0.8
NY-4,Likely D,D+11.7,11.725066666666669,0.8759014718685975,5.26,0.0,0.0,Mid-Atlantic,Suburban,0.8
IN-1,Likely D,D+12.1,12.076666666666664,0.8821321484091967,2.7299999999999995,2.0,0.0,Midwest,Suburban,0.8
NM-3,Likely D,D+12.2,12.153466666666665,0.883456532648363,6.5699999999999985,0.0,0.0,Southwest,Mixed,0.8
WA-8,Likely D,D+12.5,12.465066666666663,0.8886980858986925,6.0,0.0,0.0,Northwest,Suburban,0.8
OH-13,Likely D,D+12.5,12.475066666666669,0.8888628354608545,4.010000000000002,2.0,0.0,Midwest,Mixed,0.8
MD-6,Likely D,D+12.5,12.513466666666666,0.8894934922280138,6.9300000000000015,0.0,0.0,Mid-Atlantic,Mixed,0.8
CA-13,Likely D,D+12.9,12.8796,0.8953506320509554,5.590000000000001,2.0,0.0,Pacific,Mixed,0.8
PA-17,Likely D,D+12.9,12.879599999999998,0.8953506320509554,5.589999999999999,2.0,0.0,Appalachia,Mixed,0.8
MN-2,Likely D,D+13.0,12.97893333333333,0.8968917303989516,6.219999999999999,0.0,0.0,Midwest,Suburban,0.8
NJ-5,Likely D,D+13.2,13.1512,0.8995167535192042,4.9799999999999995,2.0,0.0,Mid-Atlantic,Mixed,0.8
CT-5,Likely D,D+13.3,13.3012,0.9017539511428556,7.130000000000001,0.0,0.0,Northeast,Suburban,0.8
IL-6,Likely D,D+13.5,13.528,0.9050523127412972,7.119999999999999,2.0,0.0,Midwest,Urban,0.8
IL-17,Likely D,D+13.6,13.577333333333334,0.9057565205891396,5.700000000000001,2.0,0.0,Midwest,Mixed,0.8
AL-2,Likely D,D+13.9,13.868,0.9098113213359657,9.46,0.0,0.0,Deep South,Rural,0.8
IL-8,Likely D,D+13.9,13.928,0.9106285123936289,9.52,0.0,0.0,Midwest,Urban,0.8
NJ-9,Likely D,D+14.0,13.9828,0.9113690392220763,4.93,2.0,0.0,Mid-Atlantic,Suburban,0.8
RI-2,Likely D,D+14.1,14.059599999999996,0.912397536178292,8.769999999999998,0.0,0.0,Northeast,Mixed,0.8
NY-22,Likely D,D+14.1,14.069599999999998,0.912530658435582,8.779999999999998,0.0,0.0,Northeast,Mixed,0.8
AZ-4,Likely D,D+14.7,14.665066666666668,0.9201346390780886,8.200000000000001,0.0,0.0,Southwest,Suburban,0.8
MI-3,Likely D,D+14.8,14.768933333333331,0.9213975619369849,8.01,0.0,0.0,Midwest,Suburban,0.8
CA-6,Likely D,D+14.9,14.8796,0.9227230443154506,9.59,0.0,0.0,Pacific,Mixed,0.8
CT-2,Likely D,D+15.0,15.0112,0.9242725766874812,8.84,0.0,0.0,Northeast,Suburban,0.8
GA-2,Likely D,D+15.0,15.041866666666667,0.924629542707026,8.340000000000002,2.0,0.0,Southeast,Rural,0.8
IL-14,Likely D,D+15.2,15.2312,0.9267993868263305,7.060000000000001,2.0,0.0,Midwest,Exurban,0.8
OR-5,Likely D,D+15.9,15.949599999999997,0.9345186776623228,8.659999999999998,2.0,0.0,Pacific,Mixed,0.8
CA-25,Likely D,D+16.3,16.299599999999998,0.937999094856106,9.01,2.0,0.0,Pacific,Mixed,0.8
NY-6,Likely D,D+17.4,17.38413333333333,0.9477155576701548,13.27,0.0,0.0,Mid-Atlantic,Urban,0.8
VA-10,Safe D,D+17.7,17.675066666666666,0.9500667173936816,11.21,0.0,0.0,Mid-Atlantic,Suburban,0.8
NJ-3,Safe D,D+17.7,17.693466666666666,0.9502119992741136,10.11,2.0,0.0,Mid-Atlantic,Mixed,0.8
CA-21,Safe D,D+17.8,17.819599999999998,0.951197182354112,10.53,2.0,0.0,Pacific,Mixed,0.8
CA-35,Safe D,D+18.3,18.260266666666663,0.9544957636990924,12.44,2.0,0.0,Pacific,Urban,0.8
CA-3,Safe D,D+18.6,18.5596,0.9566141456270534,11.27,2.0,0.0,Pacific,Mixed,0.8
IL-13,Safe D,D+18.7,18.72733333333333,0.957759702121286,10.849999999999998,2.0,0.0,Midwest,Mixed,0.8
NJ-6,Safe D,D+18.9,18.855066666666666,0.9586126224948456,10.39,2.0,0.0,Mid-Atlantic,Suburban,0.8
NY-20,Safe D,D+18.9,18.902533333333334,0.9589253553078232,15.670000000000003,0.0,0.0,Northeast,Urban,0.8
NM-1,Safe D,D+18.9,18.933466666666664,0.9591279400790236,13.35,0.0,0.0,Southwest,Mixed,0.8
MA-9,Safe D,D+19.1,19.0912,0.960146156393188,12.92,0.0,0.0,Northeast,Suburban,0.8
OR-6,Safe D,D+19.1,19.129599999999996,0.9603903357616984,11.839999999999998,2.0,0.0,Pacific,Mixed,0.8
CA-1,Safe D,D+19.2,19.1696,0.9606431637531218,13.88,0.0,0.0,Pacific,Mixed,0.8
OR-4,Safe D,D+19.5,19.4996,0.9626707170092564,12.21,2.0,0.0,Pacific,Mixed,0.8
NJ-11,Safe D,D+19.6,19.595066666666664,0.9632383053019468,11.13,2.0,0.0,Mid-Atlantic,Suburban,0.8
CA-27,Safe D,D+20.0,19.9596,0.96533015890246,12.669999999999998,2.0,0.0,Pacific,Mixed,0.8
CA-47,Safe D,D+20.0,20.0012,0.9655614554593064,11.83,2.0,0.0,Pacific,Suburban,0.8
CA-7,Safe D,D+20.1,20.1296,0.9662660132190856,14.84,0.0,0.0,Pacific,Mixed,0.8
CA-38,Safe D,D+20.2,20.24253333333333,0.9668741870795352,17.009999999999998,0.0,0.0,Pacific,Urban,0.8
DE-AL,Safe D,D+20.3,20.283466666666666,0.9670919979806876,14.7,0.0,0.0,Mid-Atlantic,Mixed,0.8
CA-42,Safe D,D+20.3,20.312533333333334,0.967245824362699,15.080000000000002,2.0,0.0,Pacific,Urban,0.8
MA-1,Safe D,D+20.8,20.841866666666668,0.9699284990189684,16.14,0.0,0.0,Northeast,Mixed,0.8
PA-6,Safe D,D+20.9,20.885066666666663,0.970137793850682,12.419999999999998,2.0,0.0,Mid-Atlantic,Suburban,0.8
FL-23,Safe D,D+21.2,21.166399999999996,0.9714666492253828,17.639999999999997,0.0,0.0,Southeast,Urban,0.8
CA-49,Safe D,D+21.2,21.2012,0.971626981697994,13.03,2.0,0.0,Pacific,Suburban,0.8
CO-7,Safe D,D+21.2,21.225066666666667,0.971736435553783,14.760000000000002,0.0,0.0,Mountain West,Suburban,0.8
IL-11,Safe D,D+21.3,21.32893333333333,0.9722080177892688,12.57,2.0,0.0,Midwest,Suburban,0.8
CT-3,Safe D,D+21.4,21.363466666666667,0.9723631085917824,15.78,0.0,0.0,Northeast,Suburban,0.8
MI-11,Safe D,D+22.5,22.5296,0.9771331202726024,17.24,0.0,0.0,Midwest,Mixed,0.8
CA-39,Safe D,D+22.6,22.6212,0.977471765106854,14.45,2.0,0.0,Pacific,Suburban,0.8
CA-33,Safe D,D+22.8,22.8012,0.9781230091507612,14.63,2.0,0.0,Pacific,Suburban,0.8
CA-9,Safe D,D+22.8,22.835733333333337,0.9782458304359196,15.84,2.0,0.0,Pacific,Exurban,0.8
CA-41,Safe D,D+22.8,22.842533333333332,0.978269935750398,17.61,2.0,0.0,Pacific,Urban,0.8
CA-26,Safe D,D+22.9,22.943466666666662,0.9786246778735064,17.36,0.0,0.0,Pacific,Suburban,0.8
CA-4,Safe D,D+23.2,23.181866666666664,0.9794402196013114,16.479999999999997,2.0,0.0,Pacific,Mixed,0.8
CA-31,Safe D,D+23.7,23.653466666666667,0.9809647582477417,16.07,2.0,0.0,Pacific,Suburban,0.8
WA-10,Safe D,D+23.7,23.68733333333333,0.9810698707655674,17.81,0.0,0.0,Northwest,Suburban,0.8
NY-25,Safe D,D+23.7,23.73186666666666,0.9812072235761152,19.03,0.0,0.0,Northeast,Mixed,0.8
MD-2,Safe D,D+24.0,23.985733333333336,0.9819717438773732,18.99,0.0,0.0,Mid-Atlantic,Mixed,0.8
NY-26,Safe D,D+24.3,24.27253333333333,0.9827987484624506,21.04,0.0,0.0,Northeast,Urban,0.8
WA-6,Safe D,D+24.4,24.447333333333333,0.983284392997682,18.57,0.0,0.0,Northwest,Suburban,0.8
PA-4,Safe D,D+24.6,24.607333333333333,0.9837170894906564,16.73,2.0,0.0,Mid-Atlantic,Suburban,0.8
PA-12,Safe D,D+24.6,24.642533333333333,0.9838107942662,19.41,2.0,0.0,Appalachia,Urban,0.8
CA-46,Safe D,D+25.0,24.962533333333333,0.9846386819996926,19.73,2.0,0.0,Pacific,Urban,0.8
KY-3,Safe D,D+25.2,25.152533333333334,0.9851103729442622,19.92,2.0,0.0,Appalachia,Urban,0.8
ME-1,Safe D,D+25.3,25.33253333333333,0.9855440665219912,22.1,0.0,0.0,Northeast,Urban,0.8
CA-50,Safe D,D+25.8,25.77186666666666,0.9865510111837532,19.069999999999997,2.0,0.0,Pacific,Mixed,0.8
MA-3,Safe D,D+26.1,26.05186666666667,0.987156335639431,21.35,0.0,0.0,Northeast,Mixed,0.8
CA-51,Safe D,D+26.3,26.311866666666667,0.9876943053948648,19.61,2.0,0.0,Pacific,Mixed,0.8
CO-6,Safe D,D+26.9,26.877333333333333,0.988788667798008,21.0,0.0,0.0,Mountain West,Suburban,0.8
MA-4,Safe D,D+26.9,26.91186666666667,0.988852292636486,22.21,0.0,0.0,Northeast,Mixed,0.8
MN-3,Safe D,D+27.4,27.3512,0.9896312234161204,21.18,0.0,0.0,Midwest,Suburban,0.8
NJ-1,Safe D,D+27.4,27.40573333333333,0.9897240730749952,20.409999999999997,2.0,0.0,Mid-Atlantic,Mixed,0.8
UT-1,Safe D,D+27.4,27.426399999999997,0.9897590451929128,23.9,0.0,0.0,Mountain West,Urban,0.8
TX-16,Safe D,D+27.6,27.6164,0.9900750929785628,22.09,2.0,0.0,Southwest,Urban,0.8
MS-2,Safe D,D+27.9,27.930266666666665,0.9905761631705384,22.11,2.0,0.0,Deep South,Rural,0.8
MA-6,Safe D,D+28.2,28.223466666666667,0.9910215686225454,22.64,0.0,0.0,Northeast,Suburban,0.8
AL-7,Safe D,D+28.7,28.66253333333333,0.9916498360928286,25.429999999999996,0.0,0.0,Deep South,Rural,0.8
HI-2,Safe D,D+28.7,28.671866666666663,0.9916627069291392,23.97,0.0,0.0,Pacific,Mixed,0.8
RI-1,Safe D,D+28.8,28.801866666666665,0.9918399471994758,24.1,0.0,0.0,Northeast,Mixed,0.8
CA-52,Safe D,D+28.9,28.941866666666662,0.9920266436983916,22.24,2.0,0.0,Pacific,Mixed,0.8
MD-3,Safe D,D+29.0,29.035733333333333,0.9921494401138594,24.04,0.0,0.0,Mid-Atlantic,Mixed,0.8
SC-6,Safe D,D+29.1,29.116399999999995,0.9922534680456028,25.589999999999996,0.0,0.0,Southeast,Rural,0.8
WA-2,Safe D,D+29.1,29.13733333333333,0.9922802394661132,23.26,0.0,0.0,Northwest,Suburban,0.8
MI-6,Safe D,D+29.5,29.5396,0.9927772221410832,24.25,0.0,0.0,Midwest,Mixed,0.8
AZ-7,Safe D,D+29.7,29.688,0.9929524308327272,25.28,0.0,0.0,Southwest,Mixed,0.8
FL-10,Safe D,D+29.8,29.832533333333327,0.9931190162871156,26.59999999999999,0.0,0.0,Southeast,Urban,0.8
MA-2,Safe D,D+29.8,29.844133333333332,0.993132215395291,25.73,0.0,0.0,Northeast,Mixed,0.8
CA-2,Safe D,D+29.9,29.85413333333333,0.9931435737542728,25.74,0.0,0.0,Pacific,Mixed,0.8
CT-1,Safe D,D+30.0,30.04346666666666,0.9933551388402868,24.459999999999994,0.0,0.0,Northeast,Suburban,0.8
HI-1,Safe D,D+30.2,30.22413333333333,0.993550969508604,26.11,0.0,0.0,Pacific,Mixed,0.8
NJ-12,Safe D,D+30.3,30.25253333333333,0.9935812273172828,27.019999999999996,0.0,0.0,Mid-Atlantic,Urban,0.8
CT-4,Safe D,D+30.7,30.735733333333336,0.994074942589256,25.74,0.0,0.0,Northeast,Suburban,0.8
IL-10,Safe D,D+31.3,31.341199999999997,0.994640620768138,23.17,2.0,0.0,Midwest,Suburban,0.8
CA-24,Safe D,D+32.2,32.24413333333332,0.9953859392855512,26.129999999999995,2.0,0.0,Pacific,Mixed,0.8
TX-7,Safe D,D+33.4,33.413466666666665,0.9961998642368192,25.83,2.0,0.0,Urban South,Suburban,0.8
CA-28,Safe D,D+33.6,33.56413333333333,0.9962937524450558,27.449999999999996,2.0,0.0,Pacific,Mixed,0.8
MA-8,Safe D,D+33.9,33.92573333333333,0.9965097615886452,28.93,0.0,0.0,Northeast,Suburban,0.8
WA-1,Safe D,D+34.4,34.3596,0.9967524448908912,29.07,0.0,0.0,Northwest,Suburban,0.8
CA-32,Safe D,D+34.6,34.60573333333333,0.9968825643656456,27.61,2.0,0.0,Pacific,Suburban,0.8
NJ-8,Safe D,D+35.6,35.61253333333333,0.9973628667417208,30.379999999999995,2.0,0.0,Mid-Atlantic,Urban,0.8
IL-4,Safe D,D+37.0,36.96253333333333,0.9978930868358776,33.73,0.0,0.0,Midwest,Urban,0.8
PA-5,Safe D,D+37.0,36.9996,0.9979060355836498,29.71,2.0,0.0,Mid-Atlantic,Suburban,0.8
TX-20,Safe D,D+37.2,37.172533333333334,0.997965405797419,31.94,2.0,0.0,Urban South,Urban,0.8
VA-4,Safe D,D+38.0,37.968,0.9982175812862716,33.56,0.0,0.0,Mid-Atlantic,Mixed,0.8
VT-AL,Safe D,D+38.2,38.212533333333326,0.9982886425262112,34.97999999999999,0.0,0.0,Northeast,Rural,0.8
IL-2,Safe D,D+38.4,38.40253333333334,0.9983418979936052,35.17,0.0,0.0,Midwest,Urban,0.8
MD-5,Safe D,D+38.5,38.468,0.9983598618747148,34.059999999999995,0.0,0.0,Mid-Atlantic,Mixed,0.8
CA-18,Safe D,D+38.8,38.80413333333333,0.9984490810897404,32.69,2.0,0.0,Pacific,Mixed,0.8
VA-3,Safe D,D+38.9,38.88253333333334,0.99846918378403,35.650000000000006,0.0,0.0,Mid-Atlantic,Urban,0.8
TX-29,Safe D,D+39.4,39.412533333333336,0.998598424214792,34.18,2.0,0.0,Urban South,Urban,0.8
TX-33,Safe D,D+39.5,39.452533333333335,0.9986077240103955,36.22,0.0,0.0,Urban South,Urban,0.8
MN-4,Safe D,D+39.5,39.47253333333334,0.998612350774834,36.24,0.0,0.0,Midwest,Urban,0.8
IL-3,Safe D,D+39.5,39.49253333333334,0.9986169621850598,34.260000000000005,2.0,0.0,Midwest,Urban,0.8
NC-2,Safe D,D+39.8,39.83253333333334,0.9986930555599802,34.6,2.0,0.0,Mid-Atlantic,Urban,0.8
IL-1,Safe D,D+40.4,40.352533333333334,0.9988014245070932,35.12,2.0,0.0,Midwest,Urban,0.8
VA-11,Safe D,D+41.4,41.3896,0.9989914843586812,36.1,0.0,0.0,Mid-Atlantic,Suburban,0.8
NY-16,Safe D,D+41.5,41.54573333333333,0.999017364202797,36.55,0.0,0.0,Northeast,Suburban,0.8
NY-14,Safe D,D+42.0,41.992533333333334,0.9990878153820985,38.76,0.0,0.0,Mid-Atlantic,Urban,0.8
CA-19,Safe D,D+42.0,42.004133333333336,0.9990895756313188,35.89,2.0,0.0,Pacific,Mixed,0.8
CA-10,Safe D,D+42.0,42.025733333333335,0.9990928442986866,35.03,2.0,0.0,Pacific,Suburban,0.8
CA-14,Safe D,D+42.9,42.93573333333333,0.9992204045721028,37.94,0.0,0.0,Pacific,Suburban,0.8
CA-8,Safe D,D+43.0,42.988,0.9992271609953356,36.58,2.0,0.0,Pacific,Exurban,0.8
PA-2,Safe D,D+43.0,43.03253333333334,0.999232871559029,37.8,2.0,0.0,Mid-Atlantic,Urban,0.8
IL-5,Safe D,D+43.2,43.21253333333333,0.9992555267520506,37.98,2.0,0.0,Midwest,Urban,0.8
IL-9,Safe D,D+43.5,43.523466666666664,0.9992930978216668,37.94,0.0,0.0,Midwest,Suburban,0.8
FL-20,Safe D,D+43.6,43.592533333333336,0.9993011827422656,40.36,0.0,0.0,Southeast,Urban,0.8
CA-29,Safe D,D+43.7,43.72253333333334,0.9993161506903416,38.49,2.0,0.0,Pacific,Urban,0.8
WI-2,Safe D,D+43.7,43.742533333333334,0.9993184248420331,40.51,0.0,0.0,Midwest,Urban,0.8
MI-12,Safe D,D+44.2,44.172533333333334,0.999365531906637,40.94,0.0,0.0,Midwest,Urban,0.8
OR-1,Safe D,D+45.0,44.955733333333335,0.9994431302832204,37.96,2.0,0.0,Pacific,Suburban,0.8
GA-13,Safe D,D+45.1,45.062533333333334,0.999452949491449,41.83,0.0,0.0,Southeast,Urban,0.8
CO-2,Safe D,D+45.1,45.1196,0.9994581250784051,39.83,0.0,0.0,Mountain West,Suburban,0.8
CA-44,Safe D,D+45.7,45.732533333333336,0.9995107212976194,40.5,2.0,0.0,Pacific,Urban,0.8
CA-36,Safe D,D+45.8,45.76253333333334,0.9995131603972996,40.53,2.0,0.0,Pacific,Urban,0.8
OH-3,Safe D,D+46.5,46.482533333333336,0.9995681882350288,41.25,2.0,0.0,Midwest,Urban,0.8
CA-17,Safe D,D+46.9,46.922533333333334,0.9995987089541534,41.69,2.0,0.0,Pacific,Urban,0.8
IN-7,Safe D,D+46.9,46.93253333333333,0.9995993769478028,41.7,2.0,0.0,Midwest,Urban,0.8
MI-13,Safe D,D+47.1,47.092533333333336,0.9996099149308992,43.86,0.0,0.0,Midwest,Urban,0.8
FL-24,Safe D,D+47.2,47.172533333333334,0.999615079555786,43.94,0.0,0.0,Southeast,Urban,0.8
NY-9,Safe D,D+47.3,47.28253333333333,0.9996220694933784,44.05,0.0,0.0,Mid-Atlantic,Urban,0.8
AZ-3,Safe D,D+47.3,47.308,0.9996236695965672,42.9,0.0,0.0,Southwest,Mixed,0.8
WA-9,Safe D,D+47.4,47.3996,0.9996293691606316,42.11,0.0,0.0,Northwest,Suburban,0.8
CA-30,Safe D,D+47.5,47.54413333333333,0.9996381873784992,41.42999999999999,2.0,0.0,Pacific,Mixed,0.8
TX-30,Safe D,D+48.8,48.76253333333334,0.9997046602803692,45.53,0.0,0.0,Urban South,Urban,0.8
NY-8,Safe D,D+50.7,50.65253333333334,0.999784447156488,47.42,0.0,0.0,Mid-Atlantic,Urban,0.8
NC-4,Safe D,D+50.7,50.742533333333334,0.999787655638793,45.51,2.0,0.0,Mid-Atlantic,Urban,0.8
MA-5,Safe D,D+50.8,50.81413333333333,0.9997901740268748,46.7,0.0,0.0,Northeast,Mixed,0.8
OR-3,Safe D,D+51.3,51.25253333333333,0.9998049557207678,46.02,2.0,0.0,Pacific,Urban,0.8
NY-5,Safe D,D+51.5,51.492533333333334,0.9998126020831656,48.26,0.0,0.0,Mid-Atlantic,Urban,0.8
LA-2,Safe D,D+52.3,52.312533333333334,0.999836536205532,49.08,0.0,0.0,Deep South,Urban,0.8
NC-12,Safe D,D+52.6,52.57253333333334,0.9998434672702192,47.34,2.0,0.0,Mid-Atlantic,Urban,0.8
NY-7,Safe D,D+53.4,53.39253333333333,0.9998634598851724,50.16,0.0,0.0,Mid-Atlantic,Urban,0.8
GA-6,Safe D,D+55.1,55.08253333333334,0.9998969735960888,49.85,2.0,0.0,Southeast,Urban,0.8
WI-4,Safe D,D+55.1,55.08253333333333,0.9998969735960888,51.849999999999994,0.0,0.0,Midwest,Urban,0.8
VA-8,Safe D,D+56.4,56.4096,0.999917415007962,51.12,0.0,0.0,Mid-Atlantic,Suburban,0.8
CA-16,Safe D,D+56.5,56.50573333333333,0.9999187275524988,49.51,2.0,0.0,Pacific,Suburban,0.8
CA-15,Safe D,D+57.6,57.645733333333325,0.9999327900619968,50.64999999999999,2.0,0.0,Pacific,Suburban,0.8
CA-34,Safe D,D+57.9,57.91253333333334,0.9999357130034392,54.68000000000001,0.0,0.0,Pacific,Urban,0.8
NY-15,Safe D,D+58.2,58.16253333333333,0.99993833642889,54.92999999999999,0.0,0.0,Mid-Atlantic,Urban,0.8
CA-43,Safe D,D+58.6,58.60253333333333,0.9999426963475782,53.36999999999999,2.0,0.0,Pacific,Urban,0.8
GA-4,Safe D,D+59.1,59.08253333333333,0.9999471018286876,53.849999999999994,2.0,0.0,Southeast,Urban,0.8
NJ-10,Safe D,D+59.6,59.57253333333333,0.9999512499486308,54.34,2.0,0.0,Mid-Atlantic,Urban,0.8
CO-1,Safe D,D+60.8,60.75253333333333,0.999959953219304,57.52,0.0,0.0,Mountain West,Urban,0.8
OH-11,Safe D,D+61.0,61.01253333333334,0.9999616514524666,55.78,2.0,0.0,Midwest,Urban,0.8
MO-1,Safe D,D+61.1,61.12253333333334,0.9999623480774592,57.89,0.0,0.0,Midwest,Urban,0.8
TX-18,Safe D,D+62.7,62.67253333333333,0.999970919749841,57.43999999999999,2.0,0.0,Urban South,Urban,0.8
MD-8,Safe D,D+63.0,62.9796,0.99997237053079,57.69,0.0,0.0,Mid-Atlantic,Suburban,0.8
MD-7,Safe D,D+63.2,63.18253333333333,0.9999732893696998,59.95,0.0,0.0,Mid-Atlantic,Urban,0.8
TX-37,Safe D,D+64.8,64.76186666666666,0.9999794708549924,58.05999999999999,2.0,0.0,Urban South,Mixed,0.8
MN-5,Safe D,D+65.4,65.43253333333332,0.9999816419168254,62.2,0.0,0.0,Midwest,Urban,0.8
NY-10,Safe D,D+66.6,66.63253333333333,0.99998496962272,63.39999999999999,0.0,0.0,Mid-Atlantic,Urban,0.8
NY-13,Safe D,D+67.8,67.81253333333333,0.999987653046876,64.58,0.0,0.0,Mid-Atlantic,Urban,0.8
MA-7,Safe D,D+68.8,68.78253333333333,0.9999894961222504,65.55,0.0,0.0,Northeast,Urban,0.8
NY-12,Safe D,D+69.1,69.08253333333333,0.9999900083972948,65.85,0.0,0.0,Mid-Atlantic,Urban,0.8
CA-37,Safe D,D+69.5,69.50253333333333,0.9999906838850936,64.27,2.0,0.0,Pacific,Urban,0.8
IL-7,Safe D,D+70.9,70.92253333333333,0.9999926472015452,67.69,0.0,0.0,Midwest,Urban,0.8
CA-11,Safe D,D+73.0,73.00253333333333,0.9999948012590548,69.77,0.0,0.0,Pacific,Urban,0.8
GA-5,Safe D,D+77.5,77.54253333333332,0.9999975605988886,72.30999999999999,2.0,0.0,Southeast,Urban,0.8
WA-7,Safe D,D+77.9,77.91253333333333,0.9999977064839288,74.67999999999999,0.0,0.0,Northwest,Urban,0.8
MD-4,Safe D,D+78.7,78.65253333333334,0.9999979726024512,75.42,0.0,0.0,Mid-Atlantic,Urban,0.8
CA-12,Safe D,D+81.1,81.10253333333334,0.9999986522718524,75.87,2.0,0.0,Pacific,Urban,0.8
PA-3,Safe D,D+83.6,83.58253333333333,0.999999108555908,78.35,2.0,0.0,Mid-Atlantic,Urban,0.8
AL-4,Safe R,R+64.1,-64.13543333333332,2.278833723892481e-05,-65.57,-2.0,0.0,Deep South,Rural,0.85
KY-5,Safe R,R+61.1,-61.08543333333333,3.78854493512838e-05,-62.52,-2.0,0.0,Appalachia,Rural,0.85
TN-1,Safe R,R+53.3,-53.31543333333333,0.0001383057324381,-56.74999999999999,0.0,0.0,Appalachia,Rural,0.85
NE-3,Safe R,R+51.8,-51.76543333333333,0.0001790668594977,-53.2,-2.0,0.0,Great Plains,Rural,0.85
OK-2,Safe R,R+51.5,-51.50543333333333,0.0001869955193869,-54.94,0.0,0.0,Great Plains,Rural,0.85
AL-1,Safe R,R+50.2,-50.22543333333333,0.0002314522348705,-53.66,0.0,0.0,Deep South,Rural,0.85
MO-8,Safe R,R+49.0,-48.990966666666665,0.0002843099727933,-53.05,0.0,0.0,Midwest,Rural,0.85
TX-19,Safe R,R+46.2,-46.2332,0.0004501257542168,-49.98,0.0,0.0,Middle South,Rural,0.85
TX-1,Safe R,R+46.0,-45.9732,0.0004700506227266,-47.72,-2.0,0.0,Middle South,Rural,0.85
KY-1,Safe R,R+44.5,-44.48543333333333,0.0006022479512724,-45.92,-2.0,0.0,Appalachia,Rural,0.85
PA-13,Safe R,R+44.0,-43.97543333333333,0.000655642592166,-45.41,-2.0,0.0,Appalachia,Rural,0.85
TX-13,Safe R,R+43.8,-43.7532,0.0006803653688752,-45.5,-2.0,0.0,Middle South,Rural,0.85
AL-3,Safe R,R+43.4,-43.38543333333333,0.000723341464615,-44.81999999999999,-2.0,0.0,Deep South,Rural,0.85
WV-1,Safe R,R+43.0,-42.99543333333333,0.0007718828744487,-44.43,-2.0,0.0,Appalachia,Rural,0.85
AR-1,Safe R,R+42.2,-42.2332,0.0008763514031731,-43.98,-2.0,0.0,Middle South,Rural,0.85
WY-AL,Safe R,R+41.9,-41.89543333333333,0.0009270531066536,-45.33,0.0,0.0,Great Plains,Rural,0.85
IL-12,Safe R,R+41.2,-41.23096666666667,0.001035507306034,-43.29,-2.0,0.0,Midwest,Rural,0.85
ID-1,Safe R,R+41.2,-41.2232,0.0010368471899321,-42.97,-2.0,0.0,Mountain West,Rural,0.85
OK-3,Safe R,R+40.8,-40.76543333333333,0.0011189567822366,-44.2,0.0,0.0,Great Plains,Rural,0.85
OH-4,Safe R,R+39.9,-39.880966666666666,0.001296450582907,-41.94,-2.0,0.0,Midwest,Rural,0.85
VA-9,Safe R,R+39.9,-39.865433333333335,0.0012998069295172,-43.3,0.0,0.0,Appalachia,Rural,0.85
MS-4,Safe R,R+39.7,-39.68543333333333,0.0013393389260347,-41.12,-2.0,0.0,Deep South,Rural,0.85
OH-2,Safe R,R+39.3,-39.29096666666666,0.0014302218740578,-41.349999999999994,-2.0,0.0,Midwest,Rural,0.85
WV-2,Safe R,R+38.9,-38.91543333333333,0.0015224579563647,-40.35,-2.0,0.0,Appalachia,Rural,0.85
KY-2,Safe R,R+38.4,-38.42543333333333,0.0016517960784679,-39.86,-2.0,0.0,Appalachia,Rural,0.85
MO-7,Safe R,R+38.2,-38.18096666666667,0.0017203693113727,-42.24,0.0,0.0,Midwest,Rural,0.85
SC-3,Safe R,R+37.6,-37.57319999999999,0.0019034157768747,-41.31999999999999,0.0,0.0,Southeast,Rural,0.85
IL-15,Safe R,R+37.5,-37.48096666666667,0.0019328445660988,-39.54,-2.0,0.0,Midwest,Rural,0.85
UT-3,Safe R,R+37.4,-37.3732,0.001967805314796,-41.12,0.0,0.0,Mountain West,Rural,0.85
AL-6,Safe R,R+37.1,-37.125433333333326,0.0020505957397112,-38.559999999999995,-2.0,0.0,Deep South,Rural,0.85
AR-4,Safe R,R+36.7,-36.743199999999995,0.0021851861843102,-38.489999999999995,-2.0,0.0,Middle South,Rural,0.85
PA-15,Safe R,R+36.3,-36.26543333333333,0.0023658744798231,-37.7,-2.0,0.0,Appalachia,Rural,0.85
PA-9,Safe R,R+36.0,-36.04543333333333,0.0024540163879887,-37.48,-2.0,0.0,Northeast,Rural,0.85
GA-14,Safe R,R+35.7,-35.68319999999999,0.0026063363560147,-37.42999999999999,-2.0,0.0,Southeast,Rural,0.85
MS-1,Safe R,R+34.0,-33.97543333333333,0.0034615466749541,-35.41,-2.0,0.0,Deep South,Rural,0.85
LA-1,Safe R,R+34.0,-33.956500000000005,0.0034724490403402,-38.64,0.0,0.0,Deep South,Exurban,0.85
IN-8,Safe R,R+33.3,-33.33096666666666,0.00385254582063,-35.38999999999999,-2.0,0.0,Midwest,Rural,0.85
GA-9,Safe R,R+32.4,-32.3732,0.0045163105285397,-34.12,-2.0,0.0,Southeast,Rural,0.85
ND-AL,Safe R,R+32.3,-32.31543333333333,0.0045598033266978,-35.75,0.0,0.0,Great Plains,Rural,0.85
FL-1,Safe R,R+32.1,-32.05543333333333,0.0047607770992563,-35.49,0.0,0.0,Deep South,Rural,0.85
OH-6,Safe R,R+31.7,-31.72543333333333,0.0050286007777845,-33.16,-2.0,0.0,Appalachia,Rural,0.85
LA-3,Safe R,R+31.6,-31.595433333333336,0.0051381767613126,-35.03,0.0,0.0,Deep South,Rural,0.85
MN-7,Safe R,R+31.5,-31.450966666666663,0.0052627350818879,-35.51,0.0,0.0,Midwest,Rural,0.85
PA-14,Safe R,R+31.4,-31.395433333333333,0.0053114108154447,-32.83,-2.0,0.0,Appalachia,Rural,0.85
KY-4,Safe R,R+31.2,-31.22543333333333,0.0054632190905287,-34.66,0.0,0.0,Appalachia,Rural,0.85
TN-3,Safe R,R+31.1,-31.065433333333335,0.0056100364952589,-34.5,0.0,0.0,Appalachia,Rural,0.85
IN-6,Safe R,R+30.7,-30.68096666666667,0.0059790627542335,-32.74,-2.0,0.0,Midwest,Rural,0.85
TX-11,Safe R,R+30.3,-30.3265,0.0063406278738923,-33.01,-2.0,0.0,Middle South,Mixed,0.85
LA-4,Safe R,R+29.5,-29.47543333333334,0.0072998690764436,-32.910000000000004,0.0,0.0,Deep South,Rural,0.85
LA-5,Safe R,R+29.1,-29.065433333333335,0.0078120984655205,-32.5,0.0,0.0,Deep South,Rural,0.85
IN-3,Safe R,R+29.0,-29.030966666666664,0.0078567501771794,-31.09,-2.0,0.0,Midwest,Rural,0.85
TN-2,Safe R,R+29.0,-29.015433333333338,0.0078769563556185,-32.45,0.0,0.0,Appalachia,Rural,0.85
GA-3,Safe R,R+29.0,-28.983200000000004,0.0079190509766051,-30.730000000000004,-2.0,0.0,Southeast,Rural,0.85
CA-20,Safe R,R+29.0,-28.965433333333333,0.007942348400914,-30.4,-2.0,0.0,Pacific,Rural,0.85
OK-4,Safe R,R+28.9,-28.865433333333332,0.008074752300266,-32.3,0.0,0.0,Great Plains,Rural,0.85
UT-4,Safe R,R+28.8,-28.8332,0.0081178952980034,-32.58,0.0,0.0,Mountain West,Rural,0.85
LA-6,Safe R,R+28.5,-28.45543333333333,0.0086408816996666,-31.889999999999993,0.0,0.0,Deep South,Rural,0.85
GA-8,Safe R,R+28.4,-28.443199999999997,0.0086583647730008,-30.19,-2.0,0.0,Southeast,Rural,0.85
IN-4,Safe R,R+27.5,-27.460966666666664,0.0101827241994989,-29.52,-2.0,0.0,Midwest,Rural,0.85
IN-9,Safe R,R+27.4,-27.44096666666666,0.0102163759000455,-29.499999999999996,-2.0,0.0,Midwest,Rural,0.85
MI-9,Safe R,R+27.4,-27.37096666666666,0.0103350258887415,-31.429999999999993,0.0,0.0,Midwest,Rural,0.85
KS-1,Safe R,R+27.4,-27.355433333333337,0.0103615391918567,-30.79,0.0,0.0,Great Plains,Rural,0.85
MT-2,Safe R,R+27.0,-26.9732,0.0110355846224896,-28.72,-2.0,0.0,Mountain West,Rural,0.85
OH-12,Safe R,R+26.4,-26.362033333333336,0.0122044847389727,-29.67,-2.0,0.0,Midwest,Exurban,0.85
MS-3,Safe R,R+26.3,-26.29543333333333,0.0123390282894019,-27.729999999999997,-2.0,0.0,Deep South,Rural,0.85
IA-4,Safe R,R+25.8,-25.76096666666666,0.0134731138733282,-29.819999999999997,0.0,0.0,Midwest,Rural,0.85
AZ-9,Safe R,R+25.7,-25.6932,0.0136240628554214,-29.44,0.0,0.0,Southwest,Rural,0.85
UT-2,Safe R,R+25.6,-25.60319999999999,0.0138271171756979,-29.34999999999999,0.0,0.0,Mountain West,Rural,0.85
AL-5,Safe R,R+25.5,-25.525433333333336,0.0140049721889128,-28.96,0.0,0.0,Deep South,Rural,0.85
MI-2,Safe R,R+25.3,-25.33096666666666,0.0144596539890935,-29.389999999999997,0.0,0.0,Midwest,Rural,0.85
NJ-4,Safe R,R+25.1,-25.1365,0.0149288738668927,-27.82,-2.0,0.0,Mid-Atlantic,Mixed,0.85
SD-AL,Safe R,R+24.9,-24.865433333333332,0.0156080261117482,-28.299999999999997,0.0,0.0,Great Plains,Rural,0.85
OR-2,Safe R,R+24.8,-24.825433333333333,0.0157107870124069,-26.26,-2.0,0.0,Pacific,Rural,0.85
ID-2,Safe R,R+24.0,-23.9632,0.0180948621001459,-25.71,-2.0,0.0,Mountain West,Rural,0.85
FL-19,Safe R,R+23.6,-23.61650000000001,0.0191506291318833,-28.300000000000004,0.0,0.0,Southeast,Mixed,0.85
FL-6,Safe R,R+23.4,-23.3965,0.0198516528016598,-28.08,0.0,0.0,Southeast,Mixed,0.85
AR-3,Safe R,R+22.1,-22.078733333333332,0.0246074949759824,-24.45,-2.0,0.0,Middle South,Rural,0.85
MO-6,Safe R,R+22.0,-22.000966666666663,0.0249205114313012,-26.06,0.0,0.0,Midwest,Rural,0.85
IN-2,Safe R,R+22.0,-21.952033333333333,0.0251194569055996,-25.26,-2.0,0.0,Midwest,Exurban,0.85
MI-5,Safe R,R+21.2,-21.204266666666665,0.0283589313919469,-26.2,0.0,0.0,Midwest,Mixed,0.85
OH-5,Safe R,R+20.3,-20.2665,0.0329981151964438,-22.95,-2.0,0.0,Midwest,Rural,0.85
TX-36,Safe R,R+20.3,-20.266499999999997,0.0329981151964438,-22.949999999999996,-2.0,0.0,Urban South,Rural,0.85
TX-4,Safe R,R+20.2,-20.218733333333333,0.0332530948286077,-22.59,-2.0,0.0,Middle South,Rural,0.85
TX-14,Safe R,R+20.1,-20.08203333333333,0.0339933580597191,-23.389999999999997,-2.0,0.0,Middle South,Mixed,0.85
TX-8,Safe R,R+20.0,-19.95873333333333,0.034674675666504,-24.33,0.0,0.0,Middle South,Rural,0.85
SC-7,Safe R,R+19.7,-19.688733333333328,0.036212880982075,-24.059999999999995,0.0,0.0,Southeast,Rural,0.85
IL-16,Safe R,R+19.7,-19.6565,0.0364008475194316,-22.34,-2.0,0.0,Midwest,Rural,0.85
TX-12,Safe R,R+19.6,-19.598733333333332,0.036740061211979,-21.97,-2.0,0.0,Middle South,Rural,0.85
PA-16,Safe R,R+19.5,-19.486500000000003,0.0374078221436421,-22.17,-2.0,0.0,Midwest,Rural,0.85
TX-6,Safe R,R+19.4,-19.43873333333333,0.0376955477309712,-21.81,-2.0,0.0,Middle South,Rural,0.85
TN-6,Safe R,R+19.3,-19.272033333333333,0.0387164236799922,-24.58,0.0,0.0,Middle South,Mixed,0.85
TX-3,Safe R,R+19.2,-19.15873333333333,0.0394253676660057,-21.53,-2.0,0.0,Middle South,Rural,0.85
VA-6,Safe R,R+19.1,-19.05873333333333,0.0400614188945179,-23.429999999999996,0.0,0.0,Mid-Atlantic,Rural,0.85
GA-11,Safe R,R+18.8,-18.788733333333333,0.041828231464431,-23.16,0.0,0.0,Southeast,Rural,0.85
KS-4,Safe R,R+18.8,-18.76096666666667,0.042014100229108,-22.82,0.0,0.0,Great Plains,Rural,0.85
NY-24,Safe R,R+18.2,-18.17096666666667,0.0461550635086387,-22.23,0.0,0.0,Northeast,Rural,0.85
PA-11,Safe R,R+18.1,-18.062033333333332,0.0469609761593678,-21.369999999999997,-2.0,0.0,Mid-Atlantic,Mixed,0.85
TX-25,Safe R,R+17.9,-17.919800000000002,0.0480334006652019,-21.54,-2.0,0.0,Urban South,Mixed,0.85
SC-4,Safe R,R+17.7,-17.728733333333334,0.0495106627248322,-22.1,0.0,0.0,Southeast,Rural,0.85
TX-26,Likely R,R+17.6,-17.5831,0.0506654682805663,-22.14,-2.0,0.0,Urban South,Suburban,0.85
TX-5,Likely R,R+17.5,-17.538733333333333,0.0510223138301218,-19.91,-2.0,0.0,Middle South,Rural,0.85
OK-1,Likely R,R+17.4,-17.410966666666667,0.0520632834244262,-21.47,0.0,0.0,Great Plains,Rural,0.85
GA-10,Likely R,R+17.3,-17.348733333333332,0.0525775653690184,-21.72,0.0,0.0,Southeast,Rural,0.85
SC-5,Likely R,R+17.0,-17.04873333333333,0.0551246746853773,-21.42,0.0,0.0,Southeast,Rural,0.85
WI-7,Likely R,R+17.0,-17.0365,0.0552309685168962,-21.72,0.0,0.0,Midwest,Rural,0.85
TN-4,Likely R,R+17.0,-16.978733333333338,0.0557355074661453,-21.350000000000005,0.0,0.0,Middle South,Rural,0.85
TX-31,Likely R,R+16.9,-16.949800000000003,0.0559898408683657,-20.57,-2.0,0.0,Urban South,Mixed,0.85
TX-2,Likely R,R+16.8,-16.7898,0.0574161098566127,-22.41,0.0,0.0,Urban South,Mixed,0.85
CA-5,Likely R,R+16.7,-16.710966666666668,0.0581313287081924,-18.77,-2.0,0.0,Pacific,Rural,0.85
WI-5,Likely R,R+16.7,-16.689800000000005,0.0583247832289633,-22.31,0.0,0.0,Midwest,Mixed,0.85
NC-8,Likely R,R+16.7,-16.658733333333334,0.058609813530719,-19.03,-2.0,0.0,Mid-Atlantic,Rural,0.85
TX-27,Likely R,R+16.3,-16.309800000000003,0.061902112180836,-19.93,-2.0,0.0,Urban South,Mixed,0.85
GA-7,Likely R,R+16.3,-16.285333333333334,0.0621393331763538,-20.53,-2.0,0.0,Southeast,Suburban,0.85
MI-1,Likely R,R+16.1,-16.096500000000002,0.0639989452854325,-20.78,0.0,0.0,Midwest,Rural,0.85
NY-23,Likely R,R+16.1,-16.070966666666667,0.0642543396516476,-20.13,0.0,0.0,Northeast,Rural,0.85
TX-22,Likely R,R+15.9,-15.9465,0.065512946087908,-20.63,0.0,0.0,Urban South,Rural,0.85
TN-7,Likely R,R+15.8,-15.802033333333334,0.0670025229401757,-21.11,0.0,0.0,Middle South,Mixed,0.85
OH-14,Likely R,R+15.7,-15.7198,0.067864402174124,-19.34,-2.0,0.0,Midwest,Mixed,0.85
MO-4,Likely R,R+15.7,-15.656499999999998,0.0685348330754319,-20.339999999999996,0.0,0.0,Midwest,Rural,0.85
TX-21,Likely R,R+15.6,-15.5865,0.0692833669721932,-20.27,0.0,0.0,Urban South,Rural,0.85
NY-21,Likely R,R+15.1,-15.140966666666664,0.0742274572723264,-19.199999999999996,0.0,0.0,Northeast,Rural,0.85
WA-4,Likely R,R+15.1,-15.118733333333331,0.0744824967724984,-19.49,0.0,0.0,Northwest,Rural,0.85
CA-23,Likely R,R+15.1,-15.080966666666669,0.0749175672387634,-17.14,-2.0,0.0,Pacific,Rural,0.85
NC-10,Likely R,R+14.8,-14.81873333333333,0.0780034166522516,-17.189999999999998,-2.0,0.0,Mid-Atlantic,Rural,0.85
TX-17,Likely R,R+14.8,-14.788733333333331,0.07836377066053,-17.16,-2.0,0.0,Middle South,Rural,0.85
MO-3,Likely R,R+14.8,-14.7665,0.0786318150771474,-19.45,0.0,0.0,Midwest,Rural,0.85
NC-5,Likely R,R+14.7,-14.708733333333331,0.0793321723585317,-17.08,-2.0,0.0,Mid-Atlantic,Rural,0.85
TN-5,Likely R,R+14.7,-14.67203333333334,0.0797800760966433,-19.980000000000004,0.0,0.0,Middle South,Mixed,0.85
TX-10,Likely R,R+14.6,-14.5698,0.0810399803315658,-20.19,0.0,0.0,Urban South,Mixed,0.85
NC-13,Likely R,R+14.5,-14.548733333333333,0.0813018465006156,-16.919999999999998,-2.0,0.0,Mid-Atlantic,Rural,0.85
FL-3,Likely R,R+14.5,-14.458733333333331,0.0824292840453565,-18.83,0.0,0.0,Southeast,Rural,0.85
FL-28,Likely R,R+14.5,-14.45203333333334,0.0825137821821652,-19.760000000000005,0.0,0.0,Southeast,Mixed,0.85
NC-6,Likely R,R+14.4,-14.418733333333332,0.0829349210819382,-16.79,-2.0,0.0,Mid-Atlantic,Rural,0.85
FL-5,Likely R,R+14.4,-14.382033333333332,0.0834013230452935,-19.69,0.0,0.0,Southeast,Mixed,0.85
TX-38,Likely R,R+14.3,-14.3498,0.0838129256885046,-19.97,0.0,0.0,Urban South,Mixed,0.85
CO-4,Likely R,R+14.3,-14.300966666666667,0.0844400179745412,-18.36,0.0,0.0,Great Plains,Rural,0.85
FL-17,Likely R,R+14.3,-14.262033333333337,0.0849430279471114,-19.57,0.0,0.0,Southeast,Mixed,0.85
KS-2,Likely R,R+13.7,-13.684266666666668,0.092733107394261,-18.68,0.0,0.0,Great Plains,Mixed,0.85
TN-8,Likely R,R+13.5,-13.542033333333327,0.0947468907199956,-18.84999999999999,0.0,0.0,Middle South,Mixed,0.85
OK-5,Likely R,R+13.3,-13.264266666666666,0.0987927429440842,-18.26,0.0,0.0,Great Plains,Mixed,0.85
MN-6,Likely R,R+13.1,-13.137566666666668,0.1006888109059434,-19.07,0.0,0.0,Midwest,Exurban,0.85
NY-11,Likely R,R+13.1,-13.115333333333334,0.1010248479287857,-19.36,0.0,0.0,Mid-Atlantic,Suburban,0.85
NC-14,Likely R,R+13.0,-13.028733333333332,0.1023432354484947,-15.4,-2.0,0.0,Mid-Atlantic,Rural,0.85
NC-9,Likely R,R+12.8,-12.828733333333336,0.1054463843167262,-15.200000000000005,-2.0,0.0,Mid-Atlantic,Rural,0.85
OH-8,Likely R,R+12.6,-12.646500000000003,0.1083458410861841,-15.330000000000002,-2.0,0.0,Midwest,Rural,0.85
TN-9,Likely R,R+12.6,-12.612033333333333,0.1089020445813049,-17.919999999999998,0.0,0.0,Middle South,Mixed,0.85
AZ-5,Likely R,R+12.6,-12.605333333333332,0.1090104559174428,-18.85,0.0,0.0,Southwest,Suburban,0.85
MO-5,Likely R,R+12.4,-12.386500000000002,0.1126037427614851,-17.07,0.0,0.0,Midwest,Rural,0.85
IN-5,Likely R,R+11.9,-11.9331,0.1203785800308789,-16.49,-2.0,0.0,Midwest,Suburban,0.85
AR-2,Likely R,R+11.9,-11.854266666666668,0.1217767789739285,-14.85,-2.0,0.0,Middle South,Rural,0.85
FL-2,Likely R,R+11.8,-11.810966666666666,0.1225506902722753,-15.87,0.0,0.0,Deep South,Rural,0.85
FL-15,Likely R,R+11.7,-11.732033333333336,0.1239723726553738,-17.040000000000003,0.0,0.0,Southeast,Mixed,0.85
MD-1,Likely R,R+11.7,-11.708733333333331,0.1243947313877995,-16.08,0.0,0.0,Mid-Atlantic,Rural,0.85
WI-6,Likely R,R+11.5,-11.476499999999998,0.1286722190620983,-16.159999999999997,0.0,0.0,Midwest,Rural,0.85
WI-8,Likely R,R+11.3,-11.3065,0.1318823892709038,-15.989999999999998,0.0,0.0,Midwest,Rural,0.85
TX-9,Likely R,R+10.8,-10.819800000000004,0.1414498326546338,-16.44,0.0,0.0,Urban South,Mixed,0.85
GA-1,Likely R,R+10.6,-10.638733333333333,0.1451544796786857,-15.009999999999998,0.0,0.0,Southeast,Rural,0.85
TX-15,Lean R,R+10.2,-10.18426666666667,0.1548080527684076,-13.18,-2.0,0.0,Southwest,Rural,0.85
AZ-8,Lean R,R+10.2,-10.182033333333337,0.154856761519735,-15.49,0.0,0.0,Southwest,Mixed,0.85
NC-7,Lean R,R+10.0,-9.964266666666669,0.1596665618325798,-12.96,-2.0,0.0,Mid-Atlantic,Rural,0.85
GA-12,Lean R,R+9.9,-9.934266666666666,0.1603385697206648,-12.93,-2.0,0.0,Southeast,Rural,0.85
TX-32,Lean R,R+9.8,-9.799799999999998,0.1633787956677489,-15.419999999999996,0.0,0.0,Urban South,Mixed,0.85
NE-1,Lean R,R+9.8,-9.7865,0.1636820094600445,-12.47,-2.0,0.0,Great Plains,Rural,0.85
TX-24,Lean R,R+9.7,-9.738633333333333,0.1647770213153187,-14.919999999999998,-2.0,0.0,Urban South,Suburban,0.85
KY-6,Lean R,R+9.1,-9.116500000000002,0.1795474342674193,-13.8,0.0,0.0,Appalachia,Rural,0.85
NC-3,Lean R,R+9.0,-9.014266666666664,0.1820711544458855,-12.009999999999998,-2.0,0.0,Mid-Atlantic,Rural,0.85
FL-18,Lean R,R+8.9,-8.927566666666666,0.1842329603722546,-14.859999999999998,0.0,0.0,Southeast,Mixed,0.85
FL-8,Lean R,R+8.5,-8.547566666666665,0.1939423299283765,-14.479999999999997,0.0,0.0,Southeast,Mixed,0.85
FL-9,Lean R,R+8.5,-8.497566666666668,0.1952483926460073,-14.43,0.0,0.0,Southeast,Mixed,0.85
NV-2,Lean R,R+8.1,-8.104266666666664,0.2057541381531835,-13.099999999999998,0.0,0.0,Mountain West,Rural,0.85
MN-8,Lean R,R+8.1,-8.062033333333336,0.2069068115769432,-13.37,0.0,0.0,Midwest,Rural,0.85
FL-21,Lean R,R+8.0,-8.047566666666668,0.2073027457961247,-13.98,0.0,0.0,Southeast,Mixed,0.85
SC-2,Lean R,R+8.0,-7.984266666666666,0.2090417634247547,-12.98,0.0,0.0,Southeast,Rural,0.85
FL-11,Lean R,R+7.9,-7.937566666666669,0.2103315999630971,-13.87,0.0,0.0,Southeast,Mixed,0.85
TX-23,Lean R,R+7.5,-7.454266666666665,0.2240223703007637,-12.449999999999998,0.0,0.0,Southwest,Rural,0.85
NJ-2,Lean R,R+7.3,-7.324266666666666,0.2278113324380518,-10.32,-2.0,0.0,Mid-Atlantic,Rural,0.85
NC-11,Lean R,R+7.3,-7.266500000000001,0.2295094237338387,-9.95,-2.0,0.0,Appalachia,Rural,0.85
FL-26,Lean R,R+7.2,-7.20756666666667,0.231250947821254,-13.140000000000002,0.0,0.0,Southeast,Mixed,0.85
AZ-2,Lean R,R+6.9,-6.867566666666669,0.241477814434809,-12.8,0.0,0.0,Southwest,Mixed,0.85
FL-12,Lean R,R+6.5,-6.517566666666665,0.2523229891736419,-12.449999999999998,0.0,0.0,Southeast,Mixed,0.85
OH-7,Lean R,R+6.3,-6.335333333333333,0.2580958768995546,-10.579999999999998,-2.0,0.0,Midwest,Mixed,0.85
CA-40,Lean R,R+6.3,-6.293099999999999,0.2594459935218455,-10.849999999999998,-2.0,0.0,Pacific,Suburban,0.85
AK-AL,Lean R,R+6.2,-6.237566666666668,0.2612282537134955,-12.17,0.0,0.0,Northwest,Mixed,0.85
FL-13,Lean R,R+6.1,-6.067566666666666,0.2667331218237738,-11.999999999999998,0.0,0.0,Southeast,Mixed,0.85
VA-5,Lean R,R+6.0,-6.0042666666666635,0.268801631414234,-10.999999999999996,0.0,0.0,Mid-Atlantic,Rural,0.85
MO-2,Lean R,R+5.9,-5.932033333333334,0.2711744183825932,-11.24,0.0,0.0,Midwest,Rural,0.85
MN-1,Lean R,R+5.9,-5.85203333333333,0.273817628387565,-11.159999999999997,0.0,0.0,Midwest,Rural,0.85
FL-4,Lean R,R+5.3,-5.27426666666667,0.2933758326207656,-10.270000000000003,0.0,0.0,Southeast,Rural,0.85
FL-16,Lean R,R+5.2,-5.243566666666666,0.2944376709284599,-11.175999999999998,0.0,0.0,Southeast,Mixed,0.85
MT-1,Lean R,R+5.2,-5.214266666666666,0.2954531721296443,-10.21,0.0,0.0,Mountain West,Rural,0.85
WA-5,Lean R,R+5.2,-5.1642666666666655,0.2971907955787374,-10.159999999999998,0.0,0.0,Northwest,Rural,0.85
SC-1,Lean R,R+4.9,-4.910866666666669,0.3060868809238552,-11.78,0.0,0.0,Southeast,Suburban,0.85
OH-15,Lean R,R+4.7,-4.6631,0.3149272594709298,-9.22,-2.0,0.0,Midwest,Exurban,0.85
CO-5,Lean R,R+4.4,-4.404266666666666,0.3243078301602041,-9.4,0.0,0.0,Mountain West,Rural,0.85
FL-7,Lean R,R+4.4,-4.397566666666668,0.3245525758432875,-10.33,0.0,0.0,Southeast,Mixed,0.85
FL-27,Lean R,R+4.3,-4.277566666666667,0.3289522313808409,-10.21,0.0,0.0,Southeast,Mixed,0.85
CO-3,Lean R,R+4.3,-4.254266666666665,0.3298100174077711,-9.249999999999998,0.0,0.0,Mountain West,Rural,0.85
NY-2,Lean R,R+4.2,-4.205333333333334,0.3316151791940334,-10.45,0.0,0.0,Mid-Atlantic,Exurban,0.85
ME-2,Lean R,R+3.8,-3.7965000000000018,0.3468872454244597,-8.48,0.0,0.0,Northeast,Rural,0.85
PA-8,Tilt R,R+3.2,-3.1998,0.3697475448584532,-6.8199999999999985,-2.0,0.0,Northeast,Mixed,0.85
NC-1,Tilt R,R+3.2,-3.194266666666665,0.3699624800696953,-10.189999999999998,2.0,0.0,Mid-Atlantic,Rural,0.85
IA-1,Tilt R,R+2.6,-2.575333333333333,0.3943120730055671,-6.8199999999999985,-2.0,0.0,Midwest,Mixed,0.85
FL-14,Tilt R,R+2.3,-2.257566666666669,0.4070289871687045,-8.190000000000001,0.0,0.0,Southeast,Mixed,0.85
IA-2,Tilt R,R+2.1,-2.0753333333333366,0.4143797085417172,-8.320000000000002,0.0,0.0,Midwest,Mixed,0.85
OH-10,Tilt R,R+1.9,-1.948633333333336,0.4195131630323803,-7.130000000000001,-2.0,0.0,Midwest,Suburban,0.85
TX-35,Tilt R,R+1.6,-1.605333333333336,0.433507300719702,-7.850000000000001,0.0,0.0,Urban South,Mixed,0.85
NY-1,Tilt R,R+1.4,-1.3653333333333355,0.4433553294023095,-7.610000000000001,0.0,0.0,Mid-Atlantic,Exurban,0.85
OH-9,Toss-Up,R+1.1,-1.115333333333334,0.4536611363738687,-9.36,2.0,0.0,Midwest,Mixed,0.85
FL-22,Toss-Up,R+0.8,-0.7575666666666665,0.4684765896038415,-6.689999999999999,0.0,0.0,Southeast,Mixed,0.85
WI-3,Toss-Up,R+0.3,-0.3453333333333326,0.4856150818988458,-6.589999999999998,0.0,0.0,Midwest,Mixed,0.85
PA-10,Toss-Up,R+0.3,-0.3130999999999986,0.4869571262867663,-4.869999999999997,-2.0,0.0,Mid-Atlantic,Mixed,0.85
TX-34,Toss-Up,D+0.8,0.7957333333333327,0.5331070440798318,-6.2,2.0,0.0,Southwest,Rural,0.85
VA-1,Toss-Up,D+0.8,0.8046666666666678,0.5334776160311764,-5.439999999999998,0.0,0.0,Mid-Atlantic,Exurban,0.85
MI-4,Toss-Up,D+1.1,1.054666666666666,0.5438316439731498,-5.1899999999999995,0.0,0.0,Midwest,Mixed,0.85
FL-25,Tilt D,D+1.6,1.646899999999996,0.5681932239436999,-4.910000000000003,0.0,0.0,Southeast,Mixed,0.85
IA-3,Tilt D,D+1.7,1.6691333333333302,0.5691021501090336,-3.200000000000002,-2.0,0.0,Midwest,Mixed,0.85
MI-10,Tilt D,D+2.0,2.019133333333333,0.5833454825607467,-4.85,0.0,0.0,Midwest,Mixed,0.85
TX-28,Tilt D,D+3.3,3.290199999999997,0.6337565622370921,-4.330000000000002,2.0,0.0,Southwest,Rural,0.85
WA-3,Tilt D,D+3.3,3.299133333333332,0.6341020781464101,-3.5700000000000003,0.0,0.0,Northwest,Exurban,0.85
PA-7,Tilt D,D+3.4,3.4336,0.6392860319750001,-2.059999999999999,-2.0,0.0,Mid-Atlantic,Suburban,0.85
WI-1,Lean D,D+4.1,4.055833333333332,0.662839147096181,-3.75,0.0,0.0,Midwest,Suburban,0.85
NJ-7,Lean D,D+5.7,5.7336,0.7222399875306853,0.2400000000000003,-2.0,0.0,Mid-Atlantic,Suburban,0.85
AZ-1,Lean D,D+5.8,5.7736,0.7235753999573923,-1.72,0.0,0.0,Southwest,Suburban,0.85
NM-2,Lean D,D+6.1,6.060199999999998,0.7330266725751895,0.4399999999999997,0.0,0.0,Southwest,Rural,0.85
AZ-6,Lean D,D+6.1,6.096899999999997,0.7342219880287905,-0.4600000000000016,0.0,0.0,Southwest,Mixed,0.85
VA-2,Lean D,D+7.0,7.0169000000000015,0.763051613101381,0.4600000000000029,0.0,0.0,Mid-Atlantic,Mixed,0.85
MI-8,Lean D,D+7.0,7.035833333333331,0.7636216760236357,-0.7700000000000017,0.0,0.0,Midwest,Suburban,0.85
PA-1,Lean D,D+7.1,7.083599999999999,0.7650556682102283,1.5899999999999983,-2.0,0.0,Mid-Atlantic,Suburban,0.85
CA-22,Lean D,D+7.1,7.147966666666665,0.7669784521168329,3.84,-2.0,0.0,Pacific,Rural,0.85
MI-7,Lean D,D+7.2,7.165833333333332,0.7675102248702899,-0.6400000000000003,0.0,0.0,Midwest,Suburban,0.85
CO-8,Lean D,D+7.6,7.5836,0.7797024660321068,0.0899999999999998,0.0,0.0,Mountain West,Suburban,0.85
NY-3,Lean D,D+7.9,7.873599999999998,0.7878922040439277,0.3799999999999985,0.0,0.0,Mid-Atlantic,Suburban,0.85
NV-3,Lean D,D+8.1,8.076899999999997,0.793499487523704,1.5199999999999985,0.0,0.0,Mountain West,Mixed,0.85
OH-1,Lean D,D+8.1,8.115833333333331,0.794560719384633,-1.6900000000000013,2.0,0.0,Midwest,Suburban,0.85
NY-19,Lean D,D+9.1,9.1369,0.8209528746652529,2.5799999999999996,0.0,0.0,Northeast,Exurban,0.85
NH-1,Lean D,D+9.4,9.444666666666665,0.8283688901343379,3.1999999999999997,0.0,0.0,Northeast,Mixed,0.85
NY-17,Likely D,D+10.6,10.631366666666665,0.8546931055536295,3.4499999999999997,0.0,0.0,Northeast,Suburban,0.85
NV-1,Likely D,D+10.7,10.7169,0.856454606335358,4.16,0.0,0.0,Mountain West,Mixed,0.85
CA-48,Likely D,D+10.8,10.784666666666666,0.8578375641888295,4.540000000000001,0.0,0.0,Pacific,Mixed,0.85
NH-2,Likely D,D+10.8,10.810199999999998,0.8583557490088841,5.1899999999999995,0.0,0.0,Northeast,Mixed,0.85
NY-18,Likely D,D+11.0,10.972433333333331,0.8616114240603058,5.039999999999999,0.0,0.0,Northeast,Exurban,0.85
NV-4,Likely D,D+11.0,10.9769,0.8617001656217385,4.420000000000001,0.0,0.0,Mountain West,Mixed,0.85
KS-3,Likely D,D+11.4,11.401366666666664,0.8699173034129769,4.22,0.0,0.0,Great Plains,Suburban,0.85
VA-7,Likely D,D+11.5,11.533599999999996,0.872390983312364,4.039999999999997,0.0,0.0,Mid-Atlantic,Suburban,0.85
NE-2,Likely D,D+11.7,11.6969,0.8753902936434811,5.1400000000000015,0.0,0.0,Great Plains,Suburban,0.85
CA-45,Likely D,D+11.8,11.819033333333332,0.8775938072043116,5.76,2.0,0.0,Pacific,Urban,0.85
NY-4,Likely D,D+12.1,12.129133333333332,0.8830383184337142,5.26,0.0,0.0,Mid-Atlantic,Suburban,0.85
NM-3,Likely D,D+12.5,12.50243333333333,0.8893126094729429,6.5699999999999985,0.0,0.0,Southwest,Mixed,0.85
IN-1,Likely D,D+12.5,12.535833333333333,0.8898593817965541,2.7299999999999995,2.0,0.0,Midwest,Suburban,0.85
MD-6,Likely D,D+12.9,12.862433333333334,0.8950822486151566,6.9300000000000015,0.0,0.0,Mid-Atlantic,Mixed,0.85
WA-8,Likely D,D+12.9,12.869133333333332,0.8951870685457722,6.0,0.0,0.0,Northwest,Suburban,0.85
OH-13,Likely D,D+12.9,12.879133333333334,0.895343344214149,4.010000000000002,2.0,0.0,Midwest,Mixed,0.85
CA-13,Likely D,D+13.2,13.2102,0.9004020675996633,5.590000000000001,2.0,0.0,Pacific,Mixed,0.85
PA-17,Likely D,D+13.2,13.210199999999997,0.9004020675996633,5.589999999999999,2.0,0.0,Appalachia,Mixed,0.85
MN-2,Likely D,D+13.4,13.401366666666664,0.9032230870904838,6.219999999999999,0.0,0.0,Midwest,Suburban,0.85
NJ-5,Likely D,D+13.5,13.5369,0.9051797029039294,4.9799999999999995,2.0,0.0,Mid-Atlantic,Mixed,0.85
CT-5,Likely D,D+13.7,13.6869,0.9073038113426476,7.130000000000001,0.0,0.0,Northeast,Suburban,0.85
IL-6,Likely D,D+13.8,13.803499999999998,0.9089253388777672,7.119999999999999,2.0,0.0,Midwest,Urban,0.85
IL-17,Likely D,D+13.9,13.944666666666668,0.9108543219733146,5.700000000000001,2.0,0.0,Midwest,Mixed,0.85
AL-2,Likely D,D+14.1,14.143499999999998,0.9135087735795472,9.46,0.0,0.0,Deep South,Rural,0.85
IL-8,Likely D,D+14.2,14.203499999999998,0.9142956182923244,9.52,0.0,0.0,Midwest,Urban,0.85
RI-2,Likely D,D+14.4,14.390199999999997,0.9167026688484916,8.769999999999998,0.0,0.0,Northeast,Mixed,0.85
NY-22,Likely D,D+14.4,14.400199999999996,0.9168298453040628,8.779999999999998,0.0,0.0,Northeast,Mixed,0.85
NJ-9,Likely D,D+14.4,14.4236,0.91712674850334,4.93,2.0,0.0,Mid-Atlantic,Suburban,0.85
AZ-4,Likely D,D+15.1,15.069133333333331,0.9249456334049776,8.200000000000001,0.0,0.0,Southwest,Suburban,0.85
MI-3,Likely D,D+15.2,15.191366666666664,0.92634771129305,8.01,0.0,0.0,Midwest,Suburban,0.85
CA-6,Likely D,D+15.2,15.2102,0.9265615838475918,9.59,0.0,0.0,Pacific,Mixed,0.85
GA-2,Likely D,D+15.3,15.335733333333334,0.9279725967413114,8.340000000000002,2.0,0.0,Southeast,Rural,0.85
CT-2,Likely D,D+15.4,15.3969,0.9286510220602366,8.84,0.0,0.0,Northeast,Suburban,0.85
IL-14,Likely D,D+15.6,15.6169,0.9310426356845533,7.060000000000001,2.0,0.0,Midwest,Exurban,0.85
OR-5,Likely D,D+16.3,16.280199999999997,0.9378107880435425,8.659999999999998,2.0,0.0,Pacific,Mixed,0.85
CA-25,Likely D,D+16.6,16.6302,0.9411272486770323,9.01,2.0,0.0,Pacific,Mixed,0.85
NY-6,Likely D,D+17.6,17.641266666666667,0.9497987937640452,13.27,0.0,0.0,Mid-Atlantic,Urban,0.85
NJ-3,Safe D,D+18.0,18.04243333333333,0.9528926055156004,10.11,2.0,0.0,Mid-Atlantic,Mixed,0.85
VA-10,Safe D,D+18.1,18.07913333333333,0.9531664128568492,11.21,0.0,0.0,Mid-Atlantic,Suburban,0.85
CA-21,Safe D,D+18.2,18.1502,0.953692322282986,10.53,2.0,0.0,Pacific,Mixed,0.85
CA-35,Safe D,D+18.5,18.49903333333333,0.956193254203246,12.44,2.0,0.0,Pacific,Urban,0.85
CA-3,Safe D,D+18.9,18.8902,0.9588443156559112,11.27,2.0,0.0,Pacific,Mixed,0.85
IL-13,Safe D,D+19.1,19.09466666666666,0.9601682594802786,10.849999999999998,2.0,0.0,Midwest,Mixed,0.85
NY-20,Safe D,D+19.1,19.10456666666667,0.9602313161238694,15.670000000000003,0.0,0.0,Northeast,Urban,0.85
NJ-6,Safe D,D+19.3,19.25913333333333,0.9612034793701684,10.39,2.0,0.0,Mid-Atlantic,Suburban,0.85
NM-1,Safe D,D+19.3,19.28243333333333,0.96134803503322,13.35,0.0,0.0,Southwest,Mixed,0.85
OR-6,Safe D,D+19.5,19.460199999999997,0.9624340202566464,11.839999999999998,2.0,0.0,Pacific,Mixed,0.85
MA-9,Safe D,D+19.5,19.4769,0.96253452163137,12.92,0.0,0.0,Northeast,Suburban,0.85
CA-1,Safe D,D+19.5,19.5002,0.9626743104237588,13.88,0.0,0.0,Pacific,Mixed,0.85
OR-4,Safe D,D+19.8,19.8302,0.9646010805894856,12.21,2.0,0.0,Pacific,Mixed,0.85
NJ-11,Safe D,D+20.0,19.999133333333333,0.9655499999727848,11.13,2.0,0.0,Mid-Atlantic,Suburban,0.85
CA-27,Safe D,D+20.3,20.2902,0.967127694061374,12.669999999999998,2.0,0.0,Pacific,Mixed,0.85
CA-47,Safe D,D+20.4,20.386899999999997,0.9676362310250488,11.83,2.0,0.0,Pacific,Suburban,0.85
CA-38,Safe D,D+20.4,20.444566666666663,0.9679358669752672,17.009999999999998,0.0,0.0,Pacific,Urban,0.85
CA-7,Safe D,D+20.5,20.4602,0.9680166345408934,14.84,0.0,0.0,Pacific,Mixed,0.85
CA-42,Safe D,D+20.5,20.514566666666667,0.9682959838731126,15.080000000000002,2.0,0.0,Pacific,Urban,0.85
DE-AL,Safe D,D+20.6,20.63243333333333,0.9688935298592308,14.7,0.0,0.0,Mid-Atlantic,Mixed,0.85
MA-1,Safe D,D+21.1,21.135733333333334,0.9713246314072912,16.14,0.0,0.0,Northeast,Mixed,0.85
PA-6,Safe D,D+21.3,21.289133333333332,0.9720282253489873,12.419999999999998,2.0,0.0,Mid-Atlantic,Suburban,0.85
FL-23,Safe D,D+21.4,21.386799999999997,0.9724674233128208,17.639999999999997,0.0,0.0,Southeast,Urban,0.85
CA-49,Safe D,D+21.6,21.5869,0.9733464223480104,13.03,2.0,0.0,Pacific,Suburban,0.85
CO-7,Safe D,D+21.6,21.629133333333336,0.9735284262419832,14.760000000000002,0.0,0.0,Mountain West,Suburban,0.85
CT-3,Safe D,D+21.7,21.712433333333333,0.97388386881573,15.78,0.0,0.0,Northeast,Suburban,0.85
IL-11,Safe D,D+21.8,21.751366666666662,0.9740484012164332,12.57,2.0,0.0,Midwest,Suburban,0.85
MI-11,Safe D,D+22.9,22.8602,0.9783324402968578,17.24,0.0,0.0,Midwest,Mixed,0.85
CA-39,Safe D,D+23.0,23.0069,0.978844716561198,14.45,2.0,0.0,Pacific,Suburban,0.85
CA-41,Safe D,D+23.0,23.044566666666665,0.9789743250956324,17.61,2.0,0.0,Pacific,Urban,0.85
CA-9,Safe D,D+23.1,23.147966666666665,0.9793261363935228,15.84,2.0,0.0,Pacific,Exurban,0.85
CA-33,Safe D,D+23.2,23.1869,0.979457105577998,14.63,2.0,0.0,Pacific,Suburban,0.85
CA-26,Safe D,D+23.3,23.29243333333333,0.9798080410420246,17.36,0.0,0.0,Pacific,Suburban,0.85
CA-4,Safe D,D+23.5,23.47573333333333,0.9804036725170284,16.479999999999997,2.0,0.0,Pacific,Mixed,0.85
CA-31,Safe D,D+24.0,24.002433333333332,0.9820209518464268,16.07,2.0,0.0,Pacific,Suburban,0.85
NY-25,Safe D,D+24.0,24.025733333333328,0.9820893870245316,19.03,0.0,0.0,Northeast,Mixed,0.85
WA-10,Safe D,D+24.1,24.054666666666662,0.982174012163876,17.81,0.0,0.0,Northwest,Suburban,0.85
MD-2,Safe D,D+24.3,24.297966666666667,0.9828702619794196,18.99,0.0,0.0,Mid-Atlantic,Mixed,0.85
NY-26,Safe D,D+24.5,24.474566666666664,0.9833588316482476,21.04,0.0,0.0,Northeast,Urban,0.85
WA-6,Safe D,D+24.8,24.814666666666668,0.9842614396453234,18.57,0.0,0.0,Northwest,Suburban,0.85
PA-12,Safe D,D+24.8,24.844566666666665,0.9843384497517742,19.41,2.0,0.0,Appalachia,Urban,0.85
PA-4,Safe D,D+25.0,24.974666666666664,0.9846692388567816,16.73,2.0,0.0,Mid-Atlantic,Suburban,0.85
CA-46,Safe D,D+25.2,25.164566666666666,0.9851397616822456,19.73,2.0,0.0,Pacific,Urban,0.85
KY-3,Safe D,D+25.4,25.354566666666667,0.9855962913462456,19.92,2.0,0.0,Appalachia,Urban,0.85
ME-1,Safe D,D+25.5,25.534566666666663,0.9860160323803784,22.1,0.0,0.0,Northeast,Urban,0.85
CA-50,Safe D,D+26.1,26.065733333333327,0.987185604568506,19.069999999999997,2.0,0.0,Pacific,Mixed,0.85
MA-3,Safe D,D+26.3,26.345733333333335,0.9877627209520312,21.35,0.0,0.0,Northeast,Mixed,0.85
CA-51,Safe D,D+26.6,26.605733333333333,0.9882755933141756,19.61,2.0,0.0,Pacific,Mixed,0.85
MA-4,Safe D,D+27.2,27.205733333333335,0.9893794685359216,22.21,0.0,0.0,Northeast,Mixed,0.85
CO-6,Safe D,D+27.2,27.244666666666667,0.989447435994722,21.0,0.0,0.0,Mountain West,Suburban,0.85
UT-1,Safe D,D+27.6,27.6468,0.9901247566648048,23.9,0.0,0.0,Mountain West,Urban,0.85
NJ-1,Safe D,D+27.7,27.717966666666666,0.9902400596655422,20.409999999999997,2.0,0.0,Mid-Atlantic,Mixed,0.85
MN-3,Safe D,D+27.7,27.7369,0.9902705099812236,21.18,0.0,0.0,Midwest,Suburban,0.85
TX-16,Safe D,D+27.8,27.8368,0.9904296273002834,22.09,2.0,0.0,Southwest,Urban,0.85
MS-2,Safe D,D+28.2,28.16903333333333,0.990940484986309,22.11,2.0,0.0,Deep South,Rural,0.85
MA-6,Safe D,D+28.6,28.572433333333333,0.9915245690199432,22.64,0.0,0.0,Northeast,Suburban,0.85
AL-7,Safe D,D+28.9,28.86456666666666,0.9919240906824256,25.429999999999996,0.0,0.0,Deep South,Rural,0.85
HI-2,Safe D,D+29.0,28.965733333333333,0.9920580455527686,23.97,0.0,0.0,Pacific,Mixed,0.85
RI-1,Safe D,D+29.1,29.095733333333328,0.9922269473027272,24.1,0.0,0.0,Northeast,Mixed,0.85
CA-52,Safe D,D+29.2,29.23573333333333,0.992404857303515,22.24,2.0,0.0,Pacific,Mixed,0.85
SC-6,Safe D,D+29.3,29.336799999999997,0.9925307742027978,25.589999999999996,0.0,0.0,Southeast,Rural,0.85
MD-3,Safe D,D+29.3,29.347966666666665,0.9925445587920864,24.04,0.0,0.0,Mid-Atlantic,Mixed,0.85
WA-2,Safe D,D+29.5,29.504666666666665,0.992735353254031,23.26,0.0,0.0,Northwest,Suburban,0.85
MI-6,Safe D,D+29.9,29.870199999999997,0.993161783798449,24.25,0.0,0.0,Midwest,Mixed,0.85
AZ-7,Safe D,D+30.0,29.9635,0.9932665851256034,25.28,0.0,0.0,Southwest,Mixed,0.85
FL-10,Safe D,D+30.0,30.03456666666666,0.9933453406229618,26.59999999999999,0.0,0.0,Southeast,Urban,0.85
MA-2,Safe D,D+30.1,30.101266666666668,0.9934184243871071,25.73,0.0,0.0,Northeast,Mixed,0.85
CA-2,Safe D,D+30.1,30.111266666666666,0.99342931252803,25.74,0.0,0.0,Pacific,Mixed,0.85
CT-1,Safe D,D+30.4,30.39243333333333,0.9937282325440951,24.459999999999994,0.0,0.0,Northeast,Suburban,0.85
NJ-12,Safe D,D+30.5,30.45456666666666,0.9937924439680192,27.019999999999996,0.0,0.0,Mid-Atlantic,Urban,0.85
HI-1,Safe D,D+30.5,30.481266666666663,0.9938198358816196,26.11,0.0,0.0,Pacific,Mixed,0.85
CT-4,Safe D,D+31.0,31.047966666666667,0.9943737002902128,25.74,0.0,0.0,Northeast,Suburban,0.85
IL-10,Safe D,D+31.7,31.726899999999997,0.9949726221065484,23.17,2.0,0.0,Midwest,Suburban,0.85
CA-24,Safe D,D+32.5,32.50126666666666,0.9955786444149424,26.129999999999995,2.0,0.0,Pacific,Mixed,0.85
TX-7,Safe D,D+33.8,33.762433333333334,0.9964138097735936,25.83,2.0,0.0,Urban South,Suburban,0.85
CA-28,Safe D,D+33.8,33.82126666666666,0.9964486782485628,27.449999999999996,2.0,0.0,Pacific,Mixed,0.85
MA-8,Safe D,D+34.2,34.237966666666665,0.9966861582809896,28.93,0.0,0.0,Northeast,Suburban,0.85
WA-1,Safe D,D+34.7,34.6902,0.9969260095018608,29.07,0.0,0.0,Northwest,Suburban,0.85
CA-32,Safe D,D+34.9,34.917966666666665,0.9970401755637714,27.61,2.0,0.0,Pacific,Suburban,0.85
NJ-8,Safe D,D+35.8,35.814566666666664,0.9974499638348224,30.379999999999995,2.0,0.0,Mid-Atlantic,Urban,0.85
IL-4,Safe D,D+37.2,37.164566666666666,0.9979627080215449,33.73,0.0,0.0,Midwest,Urban,0.85
PA-5,Safe D,D+37.3,37.3302,0.9980180694759548,29.71,2.0,0.0,Mid-Atlantic,Suburban,0.85
TX-20,Safe D,D+37.4,37.37456666666667,0.9980326419747688,31.94,2.0,0.0,Urban South,Urban,0.85
VA-4,Safe D,D+38.2,38.2435,0.9982974372795173,33.56,0.0,0.0,Mid-Atlantic,Mixed,0.85
VT-AL,Safe D,D+38.4,38.41456666666666,0.9983452145795362,34.97999999999999,0.0,0.0,Northeast,Rural,0.85
IL-2,Safe D,D+38.6,38.60456666666667,0.9983967124173476,35.17,0.0,0.0,Midwest,Urban,0.85
MD-5,Safe D,D+38.7,38.7435,0.9984333534118052,34.059999999999995,0.0,0.0,Mid-Atlantic,Mixed,0.85
CA-18,Safe D,D+39.1,39.06126666666666,0.998514045824153,32.69,2.0,0.0,Pacific,Mixed,0.85
VA-3,Safe D,D+39.1,39.084566666666674,0.9985197965648396,35.650000000000006,0.0,0.0,Mid-Atlantic,Urban,0.85
TX-29,Safe D,D+39.6,39.61456666666667,0.9986447697693478,34.18,2.0,0.0,Urban South,Urban,0.85
TX-33,Safe D,D+39.7,39.65456666666667,0.9986537624655134,36.22,0.0,0.0,Urban South,Urban,0.85
MN-4,Safe D,D+39.7,39.67456666666667,0.9986582364420832,36.24,0.0,0.0,Midwest,Urban,0.85
IL-3,Safe D,D+39.7,39.694566666666674,0.998662695570113,34.260000000000005,2.0,0.0,Midwest,Urban,0.85
NC-2,Safe D,D+40.0,40.03456666666667,0.99873627592354,34.6,2.0,0.0,Mid-Atlantic,Urban,0.85
IL-1,Safe D,D+40.6,40.554566666666666,0.9988410652922938,35.12,2.0,0.0,Midwest,Urban,0.85
VA-11,Safe D,D+41.7,41.7202,0.99904549876767,36.1,0.0,0.0,Mid-Atlantic,Suburban,0.85
NY-16,Safe D,D+41.9,41.85796666666666,0.9990671452668416,36.55,0.0,0.0,Northeast,Suburban,0.85
NY-14,Safe D,D+42.2,42.19456666666667,0.9991179926549932,38.76,0.0,0.0,Mid-Atlantic,Urban,0.85
CA-19,Safe D,D+42.3,42.261266666666664,0.9991277348334976,35.89,2.0,0.0,Pacific,Mixed,0.85
CA-10,Safe D,D+42.3,42.33796666666667,0.999138804780994,35.03,2.0,0.0,Pacific,Suburban,0.85
PA-2,Safe D,D+43.2,43.23456666666667,0.9992582535855828,37.8,2.0,0.0,Mid-Atlantic,Urban,0.85
CA-14,Safe D,D+43.2,43.24796666666666,0.9992599070794728,37.94,0.0,0.0,Pacific,Suburban,0.85
CA-8,Safe D,D+43.3,43.26349999999999,0.9992618192072324,36.58,2.0,0.0,Pacific,Exurban,0.85
IL-5,Safe D,D+43.4,43.414566666666666,0.9992801597248226,37.98,2.0,0.0,Midwest,Urban,0.85
FL-20,Safe D,D+43.8,43.79456666666667,0.9993243060808278,40.36,0.0,0.0,Southeast,Urban,0.85
IL-9,Safe D,D+43.9,43.87243333333333,0.99933301261958,37.94,0.0,0.0,Midwest,Suburban,0.85
CA-29,Safe D,D+43.9,43.92456666666667,0.9993387790784536,38.49,2.0,0.0,Pacific,Urban,0.85
WI-2,Safe D,D+43.9,43.94456666666667,0.9993409780287084,40.51,0.0,0.0,Midwest,Urban,0.85
MI-12,Safe D,D+44.4,44.37456666666667,0.9993865272868072,40.94,0.0,0.0,Midwest,Urban,0.85
GA-13,Safe D,D+45.3,45.26456666666667,0.9994710536403344,41.83,0.0,0.0,Southeast,Urban,0.85
OR-1,Safe D,D+45.3,45.267966666666666,0.999471353133286,37.96,2.0,0.0,Pacific,Suburban,0.85
CO-2,Safe D,D+45.5,45.450199999999995,0.9994871598219311,39.83,0.0,0.0,Mountain West,Suburban,0.85
CA-44,Safe D,D+45.9,45.93456666666667,0.9995269144450738,40.5,2.0,0.0,Pacific,Urban,0.85
CA-36,Safe D,D+46.0,45.96456666666667,0.9995292728584306,40.53,2.0,0.0,Pacific,Urban,0.85
OH-3,Safe D,D+46.7,46.68456666666667,0.9995824802536076,41.25,2.0,0.0,Midwest,Urban,0.85
CA-17,Safe D,D+47.1,47.12456666666667,0.9996119911962584,41.69,2.0,0.0,Pacific,Urban,0.85
IN-7,Safe D,D+47.1,47.134566666666665,0.9996126370887044,41.7,2.0,0.0,Midwest,Urban,0.85
MI-13,Safe D,D+47.3,47.29456666666667,0.999622826408851,43.86,0.0,0.0,Midwest,Urban,0.85
FL-24,Safe D,D+47.4,47.37456666666667,0.9996278201527736,43.94,0.0,0.0,Southeast,Urban,0.85
NY-9,Safe D,D+47.5,47.484566666666666,0.9996345788129068,44.05,0.0,0.0,Mid-Atlantic,Urban,0.85
AZ-3,Safe D,D+47.6,47.5835,0.9996405526501309,42.9,0.0,0.0,Southwest,Mixed,0.85
WA-9,Safe D,D+47.7,47.7302,0.9996492315235332,42.11,0.0,0.0,Northwest,Suburban,0.85
CA-30,Safe D,D+47.8,47.801266666666656,0.9996533602416416,41.42999999999999,2.0,0.0,Pacific,Mixed,0.85
TX-30,Safe D,D+49.0,48.96456666666667,0.9997144366651814,45.53,0.0,0.0,Urban South,Urban,0.85
NY-8,Safe D,D+50.9,50.85456666666667,0.9997915829733944,47.42,0.0,0.0,Mid-Atlantic,Urban,0.85
NC-4,Safe D,D+50.9,50.94456666666667,0.999794685261598,45.51,2.0,0.0,Mid-Atlantic,Urban,0.85
MA-5,Safe D,D+51.1,51.07126666666666,0.9997989745062718,46.7,0.0,0.0,Northeast,Mixed,0.85
OR-3,Safe D,D+51.5,51.454566666666665,0.9998114127354254,46.02,2.0,0.0,Pacific,Urban,0.85
NY-5,Safe D,D+51.7,51.69456666666667,0.9998188060079788,48.26,0.0,0.0,Mid-Atlantic,Urban,0.85
LA-2,Safe D,D+52.5,52.51456666666667,0.9998419479015664,49.08,0.0,0.0,Deep South,Urban,0.85
NC-12,Safe D,D+52.8,52.77456666666667,0.999848649538462,47.34,2.0,0.0,Mid-Atlantic,Urban,0.85
NY-7,Safe D,D+53.6,53.594566666666665,0.9998679803530786,50.16,0.0,0.0,Mid-Atlantic,Urban,0.85
GA-6,Safe D,D+55.3,55.28456666666667,0.9999003846276856,49.85,2.0,0.0,Southeast,Urban,0.85
WI-4,Safe D,D+55.3,55.28456666666666,0.9999003846276856,51.849999999999994,0.0,0.0,Midwest,Urban,0.85
VA-8,Safe D,D+56.7,56.740199999999994,0.9999218420017164,51.12,0.0,0.0,Mid-Atlantic,Suburban,0.85
CA-16,Safe D,D+56.8,56.81796666666666,0.9999228484019392,49.51,2.0,0.0,Pacific,Suburban,0.85
CA-15,Safe D,D+58.0,57.95796666666666,0.9999361979295036,50.64999999999999,2.0,0.0,Pacific,Suburban,0.85
CA-34,Safe D,D+58.1,58.11456666666667,0.9999378415179052,54.68000000000001,0.0,0.0,Pacific,Urban,0.85
NY-15,Safe D,D+58.4,58.36456666666666,0.9999403780880604,54.92999999999999,0.0,0.0,Mid-Atlantic,Urban,0.85
CA-43,Safe D,D+58.8,58.80456666666666,0.9999445936593718,53.36999999999999,2.0,0.0,Pacific,Urban,0.85
GA-4,Safe D,D+59.3,59.28456666666666,0.9999488532833958,53.849999999999994,2.0,0.0,Southeast,Urban,0.85
NJ-10,Safe D,D+59.8,59.774566666666665,0.9999528640658554,54.34,2.0,0.0,Mid-Atlantic,Urban,0.85
CO-1,Safe D,D+61.0,60.954566666666665,0.9999612791818554,57.52,0.0,0.0,Mountain West,Urban,0.85
OH-11,Safe D,D+61.2,61.21456666666667,0.9999629211880244,55.78,2.0,0.0,Midwest,Urban,0.85
MO-1,Safe D,D+61.3,61.32456666666667,0.999963594748328,57.89,0.0,0.0,Midwest,Urban,0.85
TX-18,Safe D,D+62.9,62.87456666666666,0.9999718826170404,57.43999999999999,2.0,0.0,Urban South,Urban,0.85
MD-8,Safe D,D+63.3,63.310199999999995,0.9999738516939736,57.69,0.0,0.0,Mid-Atlantic,Suburban,0.85
MD-7,Safe D,D+63.4,63.384566666666665,0.9999741737791727,59.95,0.0,0.0,Mid-Atlantic,Urban,0.85
TX-37,Safe D,D+65.1,65.05573333333332,0.9999804520819406,58.05999999999999,2.0,0.0,Urban South,Mixed,0.85
MN-5,Safe D,D+65.6,65.63456666666666,0.9999822497719606,62.2,0.0,0.0,Midwest,Urban,0.85
NY-10,Safe D,D+66.8,66.83456666666666,0.99998546729567,63.39999999999999,0.0,0.0,Mid-Atlantic,Urban,0.85
NY-13,Safe D,D+68.0,68.01456666666667,0.9999880618696496,64.58,0.0,0.0,Mid-Atlantic,Urban,0.85
MA-7,Safe D,D+69.0,68.98456666666667,0.9999898439191556,65.55,0.0,0.0,Northeast,Urban,0.85
NY-12,Safe D,D+69.3,69.28456666666666,0.9999903392322782,65.85,0.0,0.0,Mid-Atlantic,Urban,0.85
CA-37,Safe D,D+69.7,69.70456666666666,0.9999909923539976,64.27,2.0,0.0,Pacific,Urban,0.85
IL-7,Safe D,D+71.1,71.12456666666667,0.9999928906629032,67.69,0.0,0.0,Midwest,Urban,0.85
CA-11,Safe D,D+73.2,73.20456666666666,0.9999949733969388,69.77,0.0,0.0,Pacific,Urban,0.85
GA-5,Safe D,D+77.7,77.74456666666666,0.9999976413712276,72.30999999999999,2.0,0.0,Southeast,Urban,0.85
WA-7,Safe D,D+78.1,78.11456666666666,0.9999977824257996,74.67999999999999,0.0,0.0,Northwest,Urban,0.85
MD-4,Safe D,D+78.9,78.85456666666667,0.9999980397327424,75.42,0.0,0.0,Mid-Atlantic,Urban,0.85
CA-12,Safe D,D+81.3,81.30456666666667,0.9999986968972602,75.87,2.0,0.0,Pacific,Urban,0.85
PA-3,Safe D,D+83.8,83.78456666666666,0.9999991380730427,78.35,2.0,0.0,Mid-Atlantic,Urban,0.85
AL-4,Safe R,R+63.9,-63.93339999999999,2.3568717953059263e-05,-65.57,-2.0,0.0,Deep South,Rural,0.9
KY-5,Safe R,R+60.9,-60.883399999999995,3.918280650672365e-05,-62.52,-2.0,0.0,Appalachia,Rural,0.9
TN-1,Safe R,R+53.1,-53.11339999999999,0.000143041410605,-56.74999999999999,0.0,0.0,Appalachia,Rural,0.9
NE-3,Safe R,R+51.6,-51.563399999999994,0.0001851979666326,-53.2,-2.0,0.0,Great Plains,Rural,0.9
OK-2,Safe R,R+51.3,-51.3034,0.0001933980450316,-54.94,0.0,0.0,Great Plains,Rural,0.9
AL-1,Safe R,R+50.0,-50.023399999999995,0.0002393765462465,-53.66,0.0,0.0,Deep South,Rural,0.9
MO-8,Safe R,R+48.8,-48.752199999999995,0.0002958486478961,-53.05,0.0,0.0,Midwest,Rural,0.9
TX-19,Safe R,R+46.0,-46.0128,0.000466959947729,-49.98,0.0,0.0,Middle South,Rural,0.9
TX-1,Safe R,R+45.8,-45.7528,0.00048762962023,-47.72,-2.0,0.0,Middle South,Rural,0.9
KY-1,Safe R,R+44.3,-44.2834,0.0006228594166235,-45.92,-2.0,0.0,Appalachia,Rural,0.9
PA-13,Safe R,R+43.8,-43.773399999999995,0.0006780802074991,-45.41,-2.0,0.0,Appalachia,Rural,0.9
TX-13,Safe R,R+43.5,-43.5328,0.0007058041830605,-45.5,-2.0,0.0,Middle South,Rural,0.9
AL-3,Safe R,R+43.2,-43.18339999999999,0.0007480941585826,-44.81999999999999,-2.0,0.0,Deep South,Rural,0.9
WV-1,Safe R,R+42.8,-42.7934,0.0007982953250465,-44.43,-2.0,0.0,Appalachia,Rural,0.9
AR-1,Safe R,R+42.0,-42.0128,0.0009091114552371,-43.98,-2.0,0.0,Middle South,Rural,0.9
WY-AL,Safe R,R+41.7,-41.6934,0.00095877011024,-45.33,0.0,0.0,Great Plains,Rural,0.9
ID-1,Safe R,R+41.0,-41.0028,0.0010756004885458,-42.97,-2.0,0.0,Mountain West,Rural,0.9
IL-12,Safe R,R+41.0,-40.9922,0.0010775003462933,-43.29,-2.0,0.0,Midwest,Rural,0.9
OK-3,Safe R,R+40.6,-40.563399999999994,0.0011572317266459,-44.2,0.0,0.0,Great Plains,Rural,0.9
VA-9,Safe R,R+39.7,-39.6634,0.0013442596942094,-43.3,0.0,0.0,Appalachia,Rural,0.9
OH-4,Safe R,R+39.6,-39.642199999999995,0.0013490113940988,-41.94,-2.0,0.0,Midwest,Rural,0.9
MS-4,Safe R,R+39.5,-39.4834,0.0013851417906629,-41.12,-2.0,0.0,Deep South,Rural,0.9
OH-2,Safe R,R+39.1,-39.05219999999999,0.0014881979709354,-41.349999999999994,-2.0,0.0,Midwest,Rural,0.9
WV-2,Safe R,R+38.7,-38.7134,0.0015745132730407,-40.35,-2.0,0.0,Appalachia,Rural,0.9
KY-2,Safe R,R+38.2,-38.2234,0.0017082661101993,-39.86,-2.0,0.0,Appalachia,Rural,0.9
MO-7,Safe R,R+37.9,-37.9422,0.0017900858668277,-42.24,0.0,0.0,Midwest,Rural,0.9
SC-3,Safe R,R+37.4,-37.352799999999995,0.0019744940067719,-41.31999999999999,0.0,0.0,Southeast,Rural,0.9
IL-15,Safe R,R+37.2,-37.2422,0.0020111541603438,-39.54,-2.0,0.0,Midwest,Rural,0.9
UT-3,Safe R,R+37.2,-37.1528,0.0020412830909666,-41.12,0.0,0.0,Mountain West,Rural,0.9
AL-6,Safe R,R+36.9,-36.923399999999994,0.0021206705939823,-38.559999999999995,-2.0,0.0,Deep South,Rural,0.9
AR-4,Safe R,R+36.5,-36.5228,0.0022667625183683,-38.489999999999995,-2.0,0.0,Middle South,Rural,0.9
PA-15,Safe R,R+36.1,-36.063399999999994,0.0024466969159407,-37.7,-2.0,0.0,Appalachia,Rural,0.9
PA-9,Safe R,R+35.8,-35.843399999999995,0.0025378422470421,-37.48,-2.0,0.0,Northeast,Rural,0.9
GA-14,Safe R,R+35.5,-35.462799999999994,0.0027035922690564,-37.42999999999999,-2.0,0.0,Southeast,Rural,0.9
MS-1,Safe R,R+33.8,-33.773399999999995,0.0035796648966865,-35.41,-2.0,0.0,Deep South,Rural,0.9
LA-1,Safe R,R+33.7,-33.681,0.0036350164622545,-38.64,0.0,0.0,Deep South,Exurban,0.9
IN-8,Safe R,R+33.1,-33.09219999999999,0.0040083201459349,-35.38999999999999,-2.0,0.0,Midwest,Rural,0.9
GA-9,Safe R,R+32.2,-32.1528,0.004684502731865,-34.12,-2.0,0.0,Southeast,Rural,0.9
ND-AL,Safe R,R+32.1,-32.1134,0.004715219996884,-35.75,0.0,0.0,Great Plains,Rural,0.9
FL-1,Safe R,R+31.9,-31.8534,0.0049230098970955,-35.49,0.0,0.0,Deep South,Rural,0.9
OH-6,Safe R,R+31.5,-31.523399999999995,0.0051999125070552,-33.16,-2.0,0.0,Appalachia,Rural,0.9
LA-3,Safe R,R+31.4,-31.3934,0.005313201533318,-35.03,0.0,0.0,Deep South,Rural,0.9
MN-7,Safe R,R+31.2,-31.212199999999996,0.0054752157753125,-35.51,0.0,0.0,Midwest,Rural,0.9
PA-14,Safe R,R+31.2,-31.193399999999997,0.0054923039847677,-32.83,-2.0,0.0,Appalachia,Rural,0.9
KY-4,Safe R,R+31.0,-31.023399999999995,0.0056492531005781,-34.66,0.0,0.0,Appalachia,Rural,0.9
TN-3,Safe R,R+30.9,-30.8634,0.0058010407830372,-34.5,0.0,0.0,Appalachia,Rural,0.9
IN-6,Safe R,R+30.4,-30.4422,0.006220284021894,-32.74,-2.0,0.0,Midwest,Rural,0.9
TX-11,Safe R,R+30.1,-30.051,0.0066365787369029,-33.01,-2.0,0.0,Middle South,Mixed,0.9
LA-4,Safe R,R+29.3,-29.2734,0.0075479701944961,-32.910000000000004,0.0,0.0,Deep South,Rural,0.9
LA-5,Safe R,R+28.9,-28.8634,0.0080774671005479,-32.5,0.0,0.0,Deep South,Rural,0.9
TN-2,Safe R,R+28.8,-28.8134,0.0081445100589658,-32.45,0.0,0.0,Appalachia,Rural,0.9
IN-3,Safe R,R+28.8,-28.7922,0.0081731026120329,-31.09,-2.0,0.0,Midwest,Rural,0.9
CA-20,Safe R,R+28.8,-28.763399999999997,0.0082121048668945,-30.4,-2.0,0.0,Pacific,Rural,0.9
GA-3,Safe R,R+28.8,-28.76280000000001,0.0082129193735703,-30.730000000000004,-2.0,0.0,Southeast,Rural,0.9
OK-4,Safe R,R+28.7,-28.663399999999996,0.0083489679287437,-32.3,0.0,0.0,Great Plains,Rural,0.9
UT-4,Safe R,R+28.6,-28.6128,0.0084190799976596,-32.58,0.0,0.0,Mountain West,Rural,0.9
LA-6,Safe R,R+28.3,-28.253399999999992,0.0089341497128887,-31.889999999999993,0.0,0.0,Deep South,Rural,0.9
GA-8,Safe R,R+28.2,-28.2228,0.008979420077967,-30.19,-2.0,0.0,Southeast,Rural,0.9
IN-4,Safe R,R+27.2,-27.2222,0.0105917322645599,-29.52,-2.0,0.0,Midwest,Rural,0.9
IN-9,Safe R,R+27.2,-27.2022,0.0106267211365475,-29.499999999999996,-2.0,0.0,Midwest,Rural,0.9
KS-1,Safe R,R+27.2,-27.1534,0.0107125745708699,-30.79,0.0,0.0,Great Plains,Rural,0.9
MI-9,Safe R,R+27.1,-27.13219999999999,0.0107500849945696,-31.429999999999993,0.0,0.0,Midwest,Rural,0.9
MT-2,Safe R,R+26.8,-26.7528,0.0114437705434984,-28.72,-2.0,0.0,Mountain West,Rural,0.9
MS-3,Safe R,R+26.1,-26.093399999999995,0.0127561948638138,-27.729999999999997,-2.0,0.0,Deep South,Rural,0.9
OH-12,Safe R,R+26.0,-26.0498,0.0128480322028205,-29.67,-2.0,0.0,Midwest,Exurban,0.9
IA-4,Safe R,R+25.5,-25.5222,0.0140124155647743,-29.819999999999997,0.0,0.0,Midwest,Rural,0.9
AZ-9,Safe R,R+25.5,-25.4728,0.0141266241936918,-29.44,0.0,0.0,Southwest,Rural,0.9
UT-2,Safe R,R+25.4,-25.382799999999996,0.0143370598646239,-29.34999999999999,0.0,0.0,Mountain West,Rural,0.9
AL-5,Safe R,R+25.3,-25.3234,0.0144776365529874,-28.96,0.0,0.0,Deep South,Rural,0.9
MI-2,Safe R,R+25.1,-25.0922,0.015037842957463,-29.389999999999997,0.0,0.0,Midwest,Rural,0.9
NJ-4,Safe R,R+24.9,-24.861,0.01561938277191,-27.82,-2.0,0.0,Mid-Atlantic,Mixed,0.9
SD-AL,Safe R,R+24.7,-24.663399999999996,0.0161339078651452,-28.299999999999997,0.0,0.0,Great Plains,Rural,0.9
OR-2,Safe R,R+24.6,-24.623399999999997,0.016240073972348,-26.26,-2.0,0.0,Pacific,Rural,0.9
ID-2,Safe R,R+23.7,-23.742800000000003,0.0187592048075729,-25.71,-2.0,0.0,Mountain West,Rural,0.9
FL-19,Safe R,R+23.3,-23.341000000000005,0.0200324369154876,-28.300000000000004,0.0,0.0,Southeast,Mixed,0.9
FL-6,Safe R,R+23.1,-23.121,0.0207650564772582,-28.08,0.0,0.0,Southeast,Mixed,0.9
AR-3,Safe R,R+21.8,-21.8216,0.0256573406223821,-24.45,-2.0,0.0,Middle South,Rural,0.9
MO-6,Safe R,R+21.8,-21.7622,0.0259059967897366,-26.06,0.0,0.0,Midwest,Rural,0.9
IN-2,Safe R,R+21.6,-21.639799999999997,0.0264257974977525,-25.26,-2.0,0.0,Midwest,Exurban,0.9
MI-5,Safe R,R+20.9,-20.9104,0.0297401289590858,-26.2,0.0,0.0,Midwest,Mixed,0.9
OH-5,Safe R,R+20.0,-19.991,0.0344951186058898,-22.95,-2.0,0.0,Midwest,Rural,0.9
TX-36,Safe R,R+20.0,-19.990999999999996,0.0344951186058898,-22.949999999999996,-2.0,0.0,Urban South,Rural,0.9
TX-4,Safe R,R+20.0,-19.9616,0.0346586868800358,-22.59,-2.0,0.0,Middle South,Rural,0.9
TX-14,Safe R,R+19.8,-19.769799999999996,0.035744266424873,-23.389999999999997,-2.0,0.0,Middle South,Mixed,0.9
TX-8,Safe R,R+19.7,-19.7016,0.0361381110289268,-24.33,0.0,0.0,Middle South,Rural,0.9
SC-7,Safe R,R+19.4,-19.431599999999996,0.0377386979035155,-24.059999999999995,0.0,0.0,Southeast,Rural,0.9
IL-16,Safe R,R+19.4,-19.381,0.0380461468284111,-22.34,-2.0,0.0,Midwest,Rural,0.9
TX-12,Safe R,R+19.3,-19.3416,0.0382872082745203,-21.97,-2.0,0.0,Middle South,Rural,0.9
PA-16,Safe R,R+19.2,-19.211,0.0390967894788541,-22.17,-2.0,0.0,Midwest,Rural,0.9
TX-6,Safe R,R+19.2,-19.1816,0.0392812901202988,-21.81,-2.0,0.0,Middle South,Rural,0.9
TN-6,Safe R,R+19.0,-18.9598,0.0407003550127451,-24.58,0.0,0.0,Middle South,Mixed,0.9
TX-3,Safe R,R+18.9,-18.9016,0.0410807720768727,-21.53,-2.0,0.0,Middle South,Rural,0.9
VA-6,Safe R,R+18.8,-18.801599999999997,0.0417423694622516,-23.429999999999996,0.0,0.0,Mid-Atlantic,Rural,0.9
GA-11,Safe R,R+18.5,-18.5316,0.0435799507167286,-23.16,0.0,0.0,Southeast,Rural,0.9
KS-4,Safe R,R+18.5,-18.5222,0.0436452972537578,-22.82,0.0,0.0,Great Plains,Rural,0.9
NY-24,Safe R,R+17.9,-17.9322,0.047938988087181,-22.23,0.0,0.0,Northeast,Rural,0.9
PA-11,Safe R,R+17.7,-17.7498,0.0493456931983491,-21.369999999999997,-2.0,0.0,Mid-Atlantic,Mixed,0.9
TX-25,Likely R,R+17.6,-17.589199999999998,0.0506165904933807,-21.54,-2.0,0.0,Urban South,Mixed,0.9
SC-4,Likely R,R+17.5,-17.471600000000002,0.0515667986312916,-22.1,0.0,0.0,Southeast,Rural,0.9
TX-5,Likely R,R+17.3,-17.2816,0.0531377177056178,-19.91,-2.0,0.0,Middle South,Rural,0.9
TX-26,Likely R,R+17.2,-17.197400000000002,0.0538482362296316,-22.14,-2.0,0.0,Urban South,Suburban,0.9
OK-1,Likely R,R+17.2,-17.1722,0.0540626217736123,-21.47,0.0,0.0,Great Plains,Rural,0.9
GA-10,Likely R,R+17.1,-17.0916,0.0547537301287343,-21.72,0.0,0.0,Southeast,Rural,0.9
SC-5,Likely R,R+16.8,-16.7916,0.0573998761621102,-21.42,0.0,0.0,Southeast,Rural,0.9
WI-7,Likely R,R+16.8,-16.761,0.0576764359952219,-21.72,0.0,0.0,Midwest,Rural,0.9
TN-4,Likely R,R+16.7,-16.721600000000006,0.0580343718113363,-21.350000000000005,0.0,0.0,Middle South,Rural,0.9
TX-31,Likely R,R+16.6,-16.6192,0.0589744125538514,-20.57,-2.0,0.0,Urban South,Mixed,0.9
CA-5,Likely R,R+16.5,-16.4722,0.0603488574196792,-18.77,-2.0,0.0,Pacific,Rural,0.9
TX-2,Likely R,R+16.5,-16.459200000000003,0.0604718394125714,-22.41,0.0,0.0,Urban South,Mixed,0.9
NC-8,Likely R,R+16.4,-16.401600000000002,0.0610195703023353,-19.03,-2.0,0.0,Mid-Atlantic,Rural,0.9
WI-5,Likely R,R+16.4,-16.3592,0.0614257215673942,-22.31,0.0,0.0,Midwest,Mixed,0.9
TX-27,Likely R,R+16.0,-15.9792,0.0651800806720533,-19.93,-2.0,0.0,Urban South,Mixed,0.9
GA-7,Likely R,R+15.9,-15.918,0.0658043466864235,-20.53,-2.0,0.0,Southeast,Suburban,0.9
NY-23,Likely R,R+15.8,-15.8322,0.0666889039524415,-20.13,0.0,0.0,Northeast,Rural,0.9
MI-1,Likely R,R+15.8,-15.821000000000002,0.0668051820921582,-20.78,0.0,0.0,Midwest,Rural,0.9
TX-22,Likely R,R+15.7,-15.671,0.0683807191393432,-20.63,0.0,0.0,Urban South,Rural,0.9
TN-7,Likely R,R+15.5,-15.4898,0.0703298627476086,-21.11,0.0,0.0,Middle South,Mixed,0.9
OH-14,Likely R,R+15.4,-15.3892,0.0714340562164805,-19.34,-2.0,0.0,Midwest,Mixed,0.9
MO-4,Likely R,R+15.4,-15.380999999999997,0.0715247620128627,-20.339999999999996,0.0,0.0,Midwest,Rural,0.9
TX-21,Likely R,R+15.3,-15.311,0.0723034169032497,-20.27,0.0,0.0,Urban South,Rural,0.9
NY-21,Likely R,R+14.9,-14.902199999999995,0.0770087999496554,-19.199999999999996,0.0,0.0,Northeast,Rural,0.9
WA-4,Likely R,R+14.9,-14.8616,0.0774911428328533,-19.49,0.0,0.0,Northwest,Rural,0.9
CA-23,Likely R,R+14.8,-14.842200000000002,0.0777225977500316,-17.14,-2.0,0.0,Pacific,Rural,0.9
NC-10,Likely R,R+14.6,-14.5616,0.0811418177115856,-17.189999999999998,-2.0,0.0,Mid-Atlantic,Rural,0.9
TX-17,Likely R,R+14.5,-14.5316,0.0815153884146921,-17.16,-2.0,0.0,Middle South,Rural,0.9
MO-3,Likely R,R+14.5,-14.491,0.0820234497721905,-19.45,0.0,0.0,Midwest,Rural,0.9
NC-5,Likely R,R+14.5,-14.4516,0.0825192499489876,-17.08,-2.0,0.0,Mid-Atlantic,Rural,0.9
TN-5,Likely R,R+14.4,-14.359800000000003,0.0836850338976661,-19.980000000000004,0.0,0.0,Middle South,Mixed,0.9
NC-13,Likely R,R+14.3,-14.2916,0.0845607856422437,-16.919999999999998,-2.0,0.0,Mid-Atlantic,Rural,0.9
TX-10,Likely R,R+14.2,-14.2392,0.0852392926647328,-20.19,0.0,0.0,Urban South,Mixed,0.9
FL-3,Likely R,R+14.2,-14.2016,0.0857291986911747,-18.83,0.0,0.0,Southeast,Rural,0.9
NC-6,Likely R,R+14.2,-14.1616,0.086253175226269,-16.79,-2.0,0.0,Mid-Atlantic,Rural,0.9
FL-28,Likely R,R+14.1,-14.139800000000006,0.0865399619844078,-19.760000000000005,0.0,0.0,Southeast,Mixed,0.9
FL-5,Likely R,R+14.1,-14.0698,0.0874666809858088,-19.69,0.0,0.0,Southeast,Mixed,0.9
CO-4,Likely R,R+14.1,-14.0622,0.0875678344261165,-18.36,0.0,0.0,Great Plains,Rural,0.9
TX-38,Likely R,R+14.0,-14.0192,0.088142144071444,-19.97,0.0,0.0,Urban South,Mixed,0.9
FL-17,Likely R,R+13.9,-13.949800000000002,0.0890762324204235,-19.57,0.0,0.0,Southeast,Mixed,0.9
KS-2,Likely R,R+13.4,-13.3904,0.0969367988442354,-18.68,0.0,0.0,Great Plains,Mixed,0.9
TN-8,Likely R,R+13.2,-13.229799999999996,0.0993053665954949,-18.84999999999999,0.0,0.0,Middle South,Mixed,0.9
OK-5,Likely R,R+13.0,-12.970399999999998,0.1032398666407227,-18.26,0.0,0.0,Great Plains,Mixed,0.9
MN-6,Likely R,R+12.8,-12.788600000000002,0.1060789972974291,-19.07,0.0,0.0,Midwest,Exurban,0.9
NC-14,Likely R,R+12.8,-12.7716,0.1063479716793063,-15.4,-2.0,0.0,Mid-Atlantic,Rural,0.9
NY-11,Likely R,R+12.7,-12.748,0.106722367347986,-19.36,0.0,0.0,Mid-Atlantic,Suburban,0.9
NC-9,Likely R,R+12.6,-12.571600000000004,0.109557728075638,-15.200000000000005,-2.0,0.0,Mid-Atlantic,Rural,0.9
OH-8,Likely R,R+12.4,-12.371000000000002,0.1128621385748578,-15.330000000000002,-2.0,0.0,Midwest,Rural,0.9
TN-9,Likely R,R+12.3,-12.2998,0.1140557494709755,-17.919999999999998,0.0,0.0,Middle South,Mixed,0.9
AZ-5,Likely R,R+12.2,-12.238,0.1151006785273528,-18.85,0.0,0.0,Southwest,Suburban,0.9
MO-5,Likely R,R+12.1,-12.111,0.1172741831762369,-17.07,0.0,0.0,Midwest,Rural,0.9
FL-2,Likely R,R+11.6,-11.5722,0.1268945402865577,-15.87,0.0,0.0,Deep South,Rural,0.9
AR-2,Likely R,R+11.6,-11.5604,0.1271125917714685,-14.85,-2.0,0.0,Middle South,Rural,0.9
IN-5,Likely R,R+11.5,-11.5474,0.1273531885192912,-16.49,-2.0,0.0,Midwest,Suburban,0.9
MD-1,Likely R,R+11.5,-11.4516,0.1291382165685284,-16.08,0.0,0.0,Mid-Atlantic,Rural,0.9
FL-15,Likely R,R+11.4,-11.419800000000004,0.1297354351932575,-17.040000000000003,0.0,0.0,Southeast,Mixed,0.9
WI-6,Likely R,R+11.2,-11.200999999999995,0.1339085576353473,-16.159999999999997,0.0,0.0,Midwest,Rural,0.9
WI-8,Likely R,R+11.0,-11.031,0.1372287915303713,-15.989999999999998,0.0,0.0,Midwest,Rural,0.9
TX-9,Likely R,R+10.5,-10.489200000000002,0.148274374495395,-16.44,0.0,0.0,Urban South,Mixed,0.9
GA-1,Lean R,R+10.4,-10.3816,0.1505534733344811,-15.009999999999998,0.0,0.0,Southeast,Rural,0.9
TX-15,Lean R,R+9.9,-9.8904,0.1613253114168828,-13.18,-2.0,0.0,Southwest,Rural,0.9
AZ-8,Lean R,R+9.9,-9.8698,0.1617903798636767,-15.49,0.0,0.0,Southwest,Mixed,0.9
NC-7,Lean R,R+9.7,-9.6704,0.166348102094907,-12.96,-2.0,0.0,Mid-Atlantic,Rural,0.9
GA-12,Lean R,R+9.6,-9.6404,0.167042641374817,-12.93,-2.0,0.0,Southeast,Rural,0.9
NE-1,Lean R,R+9.5,-9.511,0.1700650001257784,-12.47,-2.0,0.0,Great Plains,Rural,0.9
TX-32,Lean R,R+9.5,-9.469199999999995,0.1710505569964228,-15.419999999999996,0.0,0.0,Urban South,Mixed,0.9
TX-24,Lean R,R+9.3,-9.316199999999998,0.1746966463226147,-14.919999999999998,-2.0,0.0,Urban South,Suburban,0.9
KY-6,Lean R,R+8.8,-8.841000000000001,0.1864112140102251,-13.8,0.0,0.0,Appalachia,Rural,0.9
NC-3,Lean R,R+8.7,-8.720399999999998,0.1894788541532262,-12.009999999999998,-2.0,0.0,Mid-Atlantic,Rural,0.9
FL-18,Lean R,R+8.6,-8.578599999999998,0.1931350428725936,-14.859999999999998,0.0,0.0,Southeast,Mixed,0.9
FL-8,Lean R,R+8.2,-8.198599999999999,0.2031967063273197,-14.479999999999997,0.0,0.0,Southeast,Mixed,0.9
FL-9,Lean R,R+8.1,-8.148600000000002,0.2045492755989585,-14.43,0.0,0.0,Southeast,Mixed,0.9
NV-2,Lean R,R+7.8,-7.810399999999998,0.2138734443277028,-13.099999999999998,0.0,0.0,Mountain West,Rural,0.9
MN-8,Lean R,R+7.7,-7.749800000000001,0.215576480518488,-13.37,0.0,0.0,Midwest,Rural,0.9
FL-21,Lean R,R+7.7,-7.698600000000002,0.2170229970518762,-13.98,0.0,0.0,Southeast,Mixed,0.9
SC-2,Lean R,R+7.7,-7.690399999999999,0.2172553163500386,-12.98,0.0,0.0,Southeast,Rural,0.9
FL-11,Lean R,R+7.6,-7.588600000000002,0.2201544285565422,-13.87,0.0,0.0,Southeast,Mixed,0.9
TX-23,Lean R,R+7.2,-7.160399999999997,0.2326514000469596,-12.449999999999998,0.0,0.0,Southwest,Rural,0.9
NJ-2,Lean R,R+7.0,-7.030399999999998,0.2365418190439817,-10.32,-2.0,0.0,Mid-Atlantic,Rural,0.9
NC-11,Lean R,R+7.0,-6.991,0.2377297428673345,-9.95,-2.0,0.0,Appalachia,Rural,0.9
FL-26,Lean R,R+6.9,-6.858600000000004,0.2417516520090952,-13.140000000000002,0.0,0.0,Southeast,Mixed,0.9
AZ-2,Lean R,R+6.5,-6.518600000000002,0.2522904997870863,-12.8,0.0,0.0,Southwest,Mixed,0.9
FL-12,Lean R,R+6.2,-6.168599999999999,0.2634526245723392,-12.449999999999998,0.0,0.0,Southeast,Mixed,0.9
OH-7,Lean R,R+6.0,-5.967999999999999,0.2699913096490253,-10.579999999999998,-2.0,0.0,Midwest,Mixed,0.9
CA-40,Lean R,R+5.9,-5.907399999999998,0.2719865975402137,-10.849999999999998,-2.0,0.0,Pacific,Suburban,0.9
AK-AL,Lean R,R+5.9,-5.888600000000001,0.27260747159408,-12.17,0.0,0.0,Northwest,Mixed,0.9
FL-13,Lean R,R+5.7,-5.7185999999999995,0.2782618144789964,-11.999999999999998,0.0,0.0,Southeast,Mixed,0.9
VA-5,Lean R,R+5.7,-5.710399999999996,0.2785363682796588,-10.999999999999996,0.0,0.0,Mid-Atlantic,Rural,0.9
MO-2,Lean R,R+5.6,-5.619800000000001,0.2815808949187845,-11.24,0.0,0.0,Midwest,Rural,0.9
MN-1,Lean R,R+5.5,-5.539799999999997,0.2842859739834446,-11.159999999999997,0.0,0.0,Midwest,Rural,0.9
FL-4,Lean R,R+5.0,-4.980400000000003,0.3036309740445917,-10.270000000000003,0.0,0.0,Southeast,Rural,0.9
MT-1,Lean R,R+4.9,-4.920399999999999,0.3057495085922758,-10.21,0.0,0.0,Mountain West,Rural,0.9
FL-16,Lean R,R+4.9,-4.8946,0.3066630172278953,-11.175999999999998,0.0,0.0,Southeast,Mixed,0.9
WA-5,Lean R,R+4.9,-4.870399999999998,0.3075212559172568,-10.159999999999998,0.0,0.0,Northwest,Rural,0.9
SC-1,Lean R,R+4.5,-4.506800000000001,0.3205744033287125,-11.78,0.0,0.0,Southeast,Suburban,0.9
OH-15,Lean R,R+4.3,-4.277399999999999,0.3289583631505538,-9.22,-2.0,0.0,Midwest,Exurban,0.9
CO-5,Lean R,R+4.1,-4.1103999999999985,0.3351314148741176,-9.4,0.0,0.0,Mountain West,Rural,0.9
FL-7,Lean R,R+4.0,-4.048600000000001,0.3374303274412895,-10.33,0.0,0.0,Southeast,Mixed,0.9
CO-3,Lean R,R+4.0,-3.960399999999998,0.3407246359657099,-9.249999999999998,0.0,0.0,Mountain West,Rural,0.9
FL-27,Lean R,R+3.9,-3.9286,0.3419161852336252,-10.21,0.0,0.0,Southeast,Mixed,0.9
NY-2,Lean R,R+3.8,-3.838,0.3453218937355748,-10.45,0.0,0.0,Mid-Atlantic,Exurban,0.9
ME-2,Tilt R,R+3.5,-3.521000000000001,0.357361764085158,-8.48,0.0,0.0,Northeast,Rural,0.9
NC-1,Tilt R,R+2.9,-2.9003999999999976,0.3814495868051658,-10.189999999999998,2.0,0.0,Mid-Atlantic,Rural,0.9
PA-8,Tilt R,R+2.9,-2.8692,0.3826772590098202,-6.8199999999999985,-2.0,0.0,Northeast,Mixed,0.9
IA-1,Tilt R,R+2.2,-2.2079999999999993,0.4090243803316261,-6.8199999999999985,-2.0,0.0,Midwest,Mixed,0.9
FL-14,Tilt R,R+1.9,-1.9086000000000023,0.4211388620704295,-8.190000000000001,0.0,0.0,Southeast,Mixed,0.9
IA-2,Tilt R,R+1.7,-1.7080000000000028,0.4293100538242734,-8.320000000000002,0.0,0.0,Midwest,Mixed,0.9
OH-10,Tilt R,R+1.5,-1.526200000000002,0.436749007055878,-7.130000000000001,-2.0,0.0,Midwest,Suburban,0.9
TX-35,Tilt R,R+1.2,-1.2380000000000022,0.4485988975675821,-7.850000000000001,0.0,0.0,Urban South,Mixed,0.9
NY-1,Toss-Up,R+1.0,-0.998000000000002,0.4585122752275116,-7.610000000000001,0.0,0.0,Mid-Atlantic,Exurban,0.9
OH-9,Toss-Up,R+0.7,-0.7480000000000002,0.4688736361473714,-9.36,2.0,0.0,Midwest,Mixed,0.9
FL-22,Toss-Up,R+0.4,-0.4085999999999998,0.4829815765592526,-6.689999999999999,0.0,0.0,Southeast,Mixed,0.9
WI-3,Toss-Up,D+0.0,0.0220000000000011,0.500916665639662,-6.589999999999998,0.0,0.0,Midwest,Mixed,0.9
PA-10,Toss-Up,D+0.1,0.0726000000000022,0.5030249630930196,-4.869999999999997,-2.0,0.0,Mid-Atlantic,Mixed,0.9
TX-34,Toss-Up,D+1.1,1.0896,0.5452756412159334,-6.2,2.0,0.0,Southwest,Rural,0.9
VA-1,Toss-Up,D+1.2,1.1720000000000017,0.5486786533846616,-5.439999999999998,0.0,0.0,Mid-Atlantic,Exurban,0.9
MI-4,Tilt D,D+1.4,1.4219999999999997,0.5589742145184536,-5.1899999999999995,0.0,0.0,Midwest,Mixed,0.9
FL-25,Tilt D,D+2.0,2.032599999999997,0.5838909004498806,-4.910000000000003,0.0,0.0,Southeast,Mixed,0.9
IA-3,Tilt D,D+2.1,2.073199999999998,0.5855340064624139,-3.200000000000002,-2.0,0.0,Midwest,Mixed,0.9
MI-10,Tilt D,D+2.4,2.4232000000000005,0.5996163128055833,-4.85,0.0,0.0,Midwest,Mixed,0.9
TX-28,Tilt D,D+3.6,3.620799999999998,0.6464490238558374,-4.330000000000002,2.0,0.0,Southwest,Rural,0.9
WA-3,Tilt D,D+3.7,3.7032,0.6495814647395299,-3.5700000000000003,0.0,0.0,Northwest,Exurban,0.9
PA-7,Lean D,D+3.9,3.8744000000000014,0.6560483360112095,-2.059999999999999,-2.0,0.0,Mid-Atlantic,Suburban,0.9
WI-1,Lean D,D+4.5,4.514999999999999,0.6797231924722057,-3.75,0.0,0.0,Midwest,Suburban,0.9
NJ-7,Lean D,D+6.2,6.1744,0.7367349096922163,0.2400000000000003,-2.0,0.0,Mid-Atlantic,Suburban,0.9
AZ-1,Lean D,D+6.2,6.2144,0.7380259112933029,-1.72,0.0,0.0,Southwest,Suburban,0.9
NM-2,Lean D,D+6.4,6.390799999999999,0.7436703092194091,0.4399999999999997,0.0,0.0,Southwest,Rural,0.9
AZ-6,Lean D,D+6.5,6.482599999999998,0.7465759788884453,-0.4600000000000016,0.0,0.0,Southwest,Mixed,0.9
VA-2,Lean D,D+7.4,7.402600000000002,0.7744771490107407,0.4600000000000029,0.0,0.0,Mid-Atlantic,Mixed,0.9
CA-22,Lean D,D+7.5,7.460199999999999,0.7761494876162078,3.84,-2.0,0.0,Pacific,Rural,0.9
MI-8,Lean D,D+7.5,7.494999999999997,0.7771555738515018,-0.7700000000000017,0.0,0.0,Midwest,Suburban,0.9
PA-1,Lean D,D+7.5,7.524399999999998,0.7780030267227119,1.5899999999999983,-2.0,0.0,Mid-Atlantic,Suburban,0.9
MI-7,Lean D,D+7.6,7.624999999999998,0.7808853674622834,-0.6400000000000003,0.0,0.0,Midwest,Suburban,0.9
CO-8,Lean D,D+8.0,8.0244,0.7920620472302489,0.0899999999999998,0.0,0.0,Mountain West,Suburban,0.9
NY-3,Lean D,D+8.3,8.3144,0.7999102204458584,0.3799999999999985,0.0,0.0,Mid-Atlantic,Suburban,0.9
NV-3,Lean D,D+8.5,8.462599999999998,0.8038342826798639,1.5199999999999985,0.0,0.0,Mountain West,Mixed,0.9
OH-1,Lean D,D+8.6,8.574999999999998,0.8067714395730032,-1.6900000000000013,2.0,0.0,Midwest,Suburban,0.9
NY-19,Lean D,D+9.5,9.5226,0.8302077021048517,2.5799999999999996,0.0,0.0,Northeast,Exurban,0.9
NH-1,Lean D,D+9.8,9.812,0.836898942669993,3.1999999999999997,0.0,0.0,Northeast,Mixed,0.9
NY-17,Likely D,D+11.1,11.0538,0.863220497361663,3.4499999999999997,0.0,0.0,Northeast,Suburban,0.9
NV-1,Likely D,D+11.1,11.1026,0.8641779732596133,4.16,0.0,0.0,Mountain West,Mixed,0.9
NH-2,Likely D,D+11.1,11.1408,0.8649235258074203,5.1899999999999995,0.0,0.0,Northeast,Mixed,0.9
CA-48,Likely D,D+11.2,11.152,0.8651414614863226,4.540000000000001,0.0,0.0,Pacific,Mixed,0.9
NY-18,Likely D,D+11.3,11.321399999999995,0.8684016663158212,5.039999999999999,0.0,0.0,Northeast,Exurban,0.9
NV-4,Likely D,D+11.4,11.3626,0.8691844072712911,4.420000000000001,0.0,0.0,Mountain West,Mixed,0.9
KS-3,Likely D,D+11.8,11.8238,0.877679123146405,4.22,0.0,0.0,Great Plains,Suburban,0.9
VA-7,Likely D,D+12.0,11.974399999999996,0.8803483770077116,4.039999999999997,0.0,0.0,Mid-Atlantic,Suburban,0.9
CA-45,Likely D,D+12.1,12.0578,0.8818048116756568,5.76,2.0,0.0,Pacific,Urban,0.9
NE-2,Likely D,D+12.1,12.0826,0.8822349293044747,5.1400000000000015,0.0,0.0,Great Plains,Suburban,0.9
NY-4,Likely D,D+12.5,12.5332,0.8898163590840034,5.26,0.0,0.0,Mid-Atlantic,Suburban,0.9
NM-3,Likely D,D+12.9,12.851399999999998,0.8949094330246902,6.5699999999999985,0.0,0.0,Southwest,Mixed,0.9
IN-1,Likely D,D+13.0,12.994999999999996,0.8971391000829327,2.7299999999999995,2.0,0.0,Midwest,Suburban,0.9
MD-6,Likely D,D+13.2,13.2114,0.9004200018002777,6.9300000000000015,0.0,0.0,Mid-Atlantic,Mixed,0.9
WA-8,Likely D,D+13.3,13.2732,0.9013397377463972,6.0,0.0,0.0,Northwest,Suburban,0.9
OH-13,Likely D,D+13.3,13.2832,0.9014878493318468,4.010000000000002,2.0,0.0,Midwest,Mixed,0.9
CA-13,Likely D,D+13.5,13.5408,0.905235477328264,5.590000000000001,2.0,0.0,Pacific,Mixed,0.9
PA-17,Likely D,D+13.5,13.540799999999996,0.905235477328264,5.589999999999999,2.0,0.0,Appalachia,Mixed,0.9
MN-2,Likely D,D+13.8,13.8238,0.909205024218482,6.219999999999999,0.0,0.0,Midwest,Suburban,0.9
NJ-5,Likely D,D+13.9,13.9226,0.9105552395171072,4.9799999999999995,2.0,0.0,Mid-Atlantic,Mixed,0.9
CT-5,Likely D,D+14.1,14.0726,0.912570559432484,7.130000000000001,0.0,0.0,Northeast,Suburban,0.9
IL-6,Likely D,D+14.1,14.079,0.9126556265575364,7.119999999999999,2.0,0.0,Midwest,Urban,0.9
IL-17,Likely D,D+14.3,14.312,0.9157020377494732,5.700000000000001,2.0,0.0,Midwest,Mixed,0.9
AL-2,Likely D,D+14.4,14.419,0.9170684591540688,9.46,0.0,0.0,Deep South,Rural,0.9
IL-8,Likely D,D+14.5,14.479,0.9178258330786612,9.52,0.0,0.0,Midwest,Urban,0.9
RI-2,Likely D,D+14.7,14.720799999999995,0.9208145921251578,8.769999999999998,0.0,0.0,Northeast,Mixed,0.9
NY-22,Likely D,D+14.7,14.730799999999997,0.9209360320559792,8.779999999999998,0.0,0.0,Northeast,Mixed,0.9
NJ-9,Likely D,D+14.9,14.8644,0.9225422108474568,4.93,2.0,0.0,Mid-Atlantic,Suburban,0.9
AZ-4,Likely D,D+15.5,15.473200000000002,0.929489027520598,8.200000000000001,0.0,0.0,Southwest,Suburban,0.9
CA-6,Likely D,D+15.5,15.540799999999996,0.9302238719425432,9.59,0.0,0.0,Pacific,Mixed,0.9
MI-3,Likely D,D+15.6,15.613799999999998,0.9310094571357024,8.01,0.0,0.0,Midwest,Suburban,0.9
GA-2,Likely D,D+15.6,15.629600000000002,0.9311784065146476,8.340000000000002,2.0,0.0,Southeast,Rural,0.9
CT-2,Likely D,D+15.8,15.7826,0.932794719623967,8.84,0.0,0.0,Northeast,Suburban,0.9
IL-14,Likely D,D+16.0,16.0026,0.9350571501190772,7.060000000000001,2.0,0.0,Midwest,Exurban,0.9
OR-5,Likely D,D+16.6,16.610799999999998,0.9409478444538332,8.659999999999998,2.0,0.0,Pacific,Mixed,0.9
CA-25,Likely D,D+17.0,16.9608,0.9441069810837208,9.01,2.0,0.0,Pacific,Mixed,0.9
NY-6,Safe D,D+17.9,17.8984,0.9518032460915464,13.27,0.0,0.0,Mid-Atlantic,Urban,0.9
NJ-3,Safe D,D+18.4,18.391399999999997,0.9554356555734655,10.11,2.0,0.0,Mid-Atlantic,Mixed,0.9
CA-21,Safe D,D+18.5,18.4808,0.956065785477675,10.53,2.0,0.0,Pacific,Mixed,0.9
VA-10,Safe D,D+18.5,18.4832,0.9560825840126828,11.21,0.0,0.0,Mid-Atlantic,Suburban,0.9
CA-35,Safe D,D+18.7,18.7378,0.957830219133592,12.44,2.0,0.0,Pacific,Urban,0.9
CA-3,Safe D,D+19.2,19.220799999999997,0.9609645257920536,11.27,2.0,0.0,Pacific,Mixed,0.9
NY-20,Safe D,D+19.3,19.306600000000003,0.9614974213691616,15.670000000000003,0.0,0.0,Northeast,Urban,0.9
IL-13,Safe D,D+19.5,19.461999999999996,0.9624448651851188,10.849999999999998,2.0,0.0,Midwest,Mixed,0.9
NM-1,Safe D,D+19.6,19.6314,0.9634521336969022,13.35,0.0,0.0,Southwest,Mixed,0.9
NJ-6,Safe D,D+19.7,19.6632,0.963638300215775,10.39,2.0,0.0,Mid-Atlantic,Suburban,0.9
OR-6,Safe D,D+19.8,19.790799999999997,0.9643761709026104,11.839999999999998,2.0,0.0,Pacific,Mixed,0.9
CA-1,Safe D,D+19.8,19.830799999999996,0.9646044950144398,13.88,0.0,0.0,Pacific,Mixed,0.9
MA-9,Safe D,D+19.9,19.8626,0.9647850062154474,12.92,0.0,0.0,Northeast,Suburban,0.9
OR-4,Safe D,D+20.2,20.1608,0.9664351020935832,12.21,2.0,0.0,Pacific,Mixed,0.9
NJ-11,Safe D,D+20.4,20.4032,0.9677211991272407,11.13,2.0,0.0,Mid-Atlantic,Suburban,0.9
CA-27,Safe D,D+20.6,20.620799999999996,0.968835040807025,12.669999999999998,2.0,0.0,Pacific,Mixed,0.9
CA-38,Safe D,D+20.6,20.6466,0.9689646123218107,17.009999999999998,0.0,0.0,Pacific,Urban,0.9
CA-42,Safe D,D+20.7,20.716600000000003,0.9693135415283552,15.080000000000002,2.0,0.0,Pacific,Urban,0.9
CA-47,Safe D,D+20.8,20.7726,0.969589946925322,11.83,2.0,0.0,Pacific,Suburban,0.9
CA-7,Safe D,D+20.8,20.790799999999997,0.9696792583276052,14.84,0.0,0.0,Pacific,Mixed,0.9
DE-AL,Safe D,D+21.0,20.981399999999997,0.9705994360555604,14.7,0.0,0.0,Mid-Atlantic,Mixed,0.9
MA-1,Safe D,D+21.4,21.4296,0.9726577726526648,16.14,0.0,0.0,Northeast,Mixed,0.9
FL-23,Safe D,D+21.6,21.607199999999995,0.9734340562926976,17.639999999999997,0.0,0.0,Southeast,Urban,0.9
PA-6,Safe D,D+21.7,21.693199999999997,0.9738022144949086,12.419999999999998,2.0,0.0,Mid-Atlantic,Suburban,0.9
CA-49,Safe D,D+22.0,21.9726,0.9749643476291407,13.03,2.0,0.0,Pacific,Suburban,0.9
CO-7,Safe D,D+22.0,22.0332,0.9752096981344202,14.760000000000002,0.0,0.0,Mountain West,Suburban,0.9
CT-3,Safe D,D+22.1,22.0614,0.9753230707008828,15.78,0.0,0.0,Northeast,Suburban,0.9
IL-11,Safe D,D+22.2,22.1738,0.9757699518927268,12.57,2.0,0.0,Midwest,Suburban,0.9
MI-11,Safe D,D+23.2,23.190799999999996,0.9794701800774496,17.24,0.0,0.0,Midwest,Mixed,0.9
CA-41,Safe D,D+23.2,23.2466,0.9796563561844694,17.61,2.0,0.0,Pacific,Urban,0.9
CA-39,Safe D,D+23.4,23.3926,0.980135695833296,14.45,2.0,0.0,Pacific,Suburban,0.9
CA-9,Safe D,D+23.5,23.4602,0.9803538720678442,15.84,2.0,0.0,Pacific,Exurban,0.9
CA-33,Safe D,D+23.6,23.5726,0.9807114508439384,14.63,2.0,0.0,Pacific,Suburban,0.9
CA-26,Safe D,D+23.6,23.641399999999997,0.9809271686216304,17.36,0.0,0.0,Pacific,Suburban,0.9
CA-4,Safe D,D+23.8,23.769599999999997,0.9813228379617503,16.479999999999997,2.0,0.0,Pacific,Mixed,0.9
NY-25,Safe D,D+24.3,24.3196,0.9829308606619236,19.03,0.0,0.0,Northeast,Mixed,0.9
CA-31,Safe D,D+24.4,24.3514,0.9830195556906484,16.07,2.0,0.0,Pacific,Suburban,0.9
WA-10,Safe D,D+24.4,24.421999999999997,0.9832148539343336,17.81,0.0,0.0,Northwest,Suburban,0.9
MD-2,Safe D,D+24.6,24.6102,0.9837247406603146,18.99,0.0,0.0,Mid-Atlantic,Mixed,0.9
NY-26,Safe D,D+24.7,24.6766,0.9839009769164868,21.04,0.0,0.0,Northeast,Urban,0.9
PA-12,Safe D,D+25.0,25.0466,0.9848491721892978,19.41,2.0,0.0,Appalachia,Urban,0.9
WA-6,Safe D,D+25.2,25.182,0.9851822374023714,18.57,0.0,0.0,Northwest,Suburban,0.9
PA-4,Safe D,D+25.3,25.342,0.9855665278461913,16.73,2.0,0.0,Mid-Atlantic,Suburban,0.9
CA-46,Safe D,D+25.4,25.3666,0.985624734987396,19.73,2.0,0.0,Pacific,Urban,0.9
KY-3,Safe D,D+25.6,25.556600000000003,0.9860665762436036,19.92,2.0,0.0,Appalachia,Urban,0.9
ME-1,Safe D,D+25.7,25.7366,0.9864728007168232,22.1,0.0,0.0,Northeast,Urban,0.9
CA-50,Safe D,D+26.4,26.359599999999997,0.987790625104371,19.069999999999997,2.0,0.0,Pacific,Mixed,0.9
MA-3,Safe D,D+26.6,26.6396,0.9883408152536326,21.35,0.0,0.0,Northeast,Mixed,0.9
CA-51,Safe D,D+26.9,26.8996,0.9888297332953746,19.61,2.0,0.0,Pacific,Mixed,0.9
MA-4,Safe D,D+27.5,27.4996,0.9898819693364228,22.21,0.0,0.0,Northeast,Mixed,0.9
CO-6,Safe D,D+27.6,27.612,0.9900678843591474,21.0,0.0,0.0,Mountain West,Suburban,0.9
UT-1,Safe D,D+27.9,27.867199999999997,0.9904775339792432,23.9,0.0,0.0,Mountain West,Urban,0.9
NJ-1,Safe D,D+28.0,28.030199999999994,0.990730379610554,20.409999999999997,2.0,0.0,Mid-Atlantic,Mixed,0.9
TX-16,Safe D,D+28.1,28.0572,0.990771615106544,22.09,2.0,0.0,Southwest,Urban,0.9
MN-3,Safe D,D+28.1,28.1226,0.9908707449564896,21.18,0.0,0.0,Midwest,Suburban,0.9
MS-2,Safe D,D+28.4,28.4078,0.9912908460957168,22.11,2.0,0.0,Deep South,Rural,0.9
MA-6,Safe D,D+28.9,28.9214,0.9919996172196084,22.64,0.0,0.0,Northeast,Suburban,0.9
AL-7,Safe D,D+29.1,29.0666,0.992189408542668,25.429999999999996,0.0,0.0,Deep South,Rural,0.9
HI-2,Safe D,D+29.3,29.2596,0.992434780980221,23.97,0.0,0.0,Pacific,Mixed,0.9
RI-1,Safe D,D+29.4,29.3896,0.992595730486366,24.1,0.0,0.0,Northeast,Mixed,0.9
CA-52,Safe D,D+29.5,29.5296,0.992765261304908,22.24,2.0,0.0,Pacific,Mixed,0.9
SC-6,Safe D,D+29.6,29.557199999999995,0.992798225553408,25.589999999999996,0.0,0.0,Southeast,Rural,0.9
MD-3,Safe D,D+29.7,29.660199999999996,0.9929199330578564,24.04,0.0,0.0,Mid-Atlantic,Mixed,0.9
WA-2,Safe D,D+29.9,29.871999999999996,0.9931638209335426,23.26,0.0,0.0,Northwest,Suburban,0.9
MI-6,Safe D,D+30.2,30.2008,0.9935260037976036,24.25,0.0,0.0,Midwest,Mixed,0.9
FL-10,Safe D,D+30.2,30.236599999999996,0.993564269102706,26.59999999999999,0.0,0.0,Southeast,Urban,0.9
AZ-7,Safe D,D+30.2,30.239,0.9935668263227168,25.28,0.0,0.0,Southwest,Mixed,0.9
MA-2,Safe D,D+30.4,30.3584,0.9936927816160416,25.73,0.0,0.0,Northeast,Mixed,0.9
CA-2,Safe D,D+30.4,30.3684,0.9937032187546926,25.74,0.0,0.0,Pacific,Mixed,0.9
NJ-12,Safe D,D+30.7,30.656599999999997,0.9939967523006346,27.019999999999996,0.0,0.0,Mid-Atlantic,Urban,0.9
HI-1,Safe D,D+30.7,30.7384,0.9940775597705558,26.11,0.0,0.0,Pacific,Mixed,0.9
CT-1,Safe D,D+30.7,30.74139999999999,0.994080502725936,24.459999999999994,0.0,0.0,Northeast,Suburban,0.9
CT-4,Safe D,D+31.4,31.360200000000003,0.9946574747661652,25.74,0.0,0.0,Northeast,Suburban,0.9
IL-10,Safe D,D+32.1,32.1126,0.9952841542302324,23.17,2.0,0.0,Midwest,Suburban,0.9
CA-24,Safe D,D+32.8,32.758399999999995,0.9957633355171628,26.129999999999995,2.0,0.0,Pacific,Mixed,0.9
CA-28,Safe D,D+34.1,34.078399999999995,0.996597150078021,27.449999999999996,2.0,0.0,Pacific,Mixed,0.9
TX-7,Safe D,D+34.1,34.111399999999996,0.9966157512140784,25.83,2.0,0.0,Urban South,Suburban,0.9
MA-8,Safe D,D+34.6,34.5502,0.9968536680304072,28.93,0.0,0.0,Northeast,Suburban,0.9
WA-1,Safe D,D+35.0,35.0208,0.9970903250825364,29.07,0.0,0.0,Northwest,Suburban,0.9
CA-32,Safe D,D+35.2,35.230199999999996,0.9971898407234232,27.61,2.0,0.0,Pacific,Suburban,0.9
NJ-8,Safe D,D+36.0,36.0166,0.9975341914677788,30.379999999999995,2.0,0.0,Mid-Atlantic,Urban,0.9
IL-4,Safe D,D+37.4,37.3666,0.9980300331749072,33.73,0.0,0.0,Midwest,Urban,0.9
TX-20,Safe D,D+37.6,37.5766,0.998097660468566,31.94,2.0,0.0,Urban South,Urban,0.9
PA-5,Safe D,D+37.7,37.6608,0.9981241204593602,29.71,2.0,0.0,Mid-Atlantic,Suburban,0.9
VA-4,Safe D,D+38.5,38.519000000000005,0.99837372139016,33.56,0.0,0.0,Mid-Atlantic,Mixed,0.9
VT-AL,Safe D,D+38.6,38.61659999999999,0.9983999195375322,34.97999999999999,0.0,0.0,Northeast,Rural,0.9
IL-2,Safe D,D+38.8,38.8066,0.9984497175704355,35.17,0.0,0.0,Midwest,Urban,0.9
MD-5,Safe D,D+39.0,39.01899999999999,0.9985035568657978,34.059999999999995,0.0,0.0,Mid-Atlantic,Mixed,0.9
VA-3,Safe D,D+39.3,39.28660000000001,0.9985687383537062,35.650000000000006,0.0,0.0,Mid-Atlantic,Urban,0.9
CA-18,Safe D,D+39.3,39.3184,0.9985762932026035,32.69,2.0,0.0,Pacific,Mixed,0.9
TX-29,Safe D,D+39.8,39.8166,0.998689584838114,34.18,2.0,0.0,Urban South,Urban,0.9
TX-33,Safe D,D+39.9,39.8566,0.9986982805493304,36.22,0.0,0.0,Urban South,Urban,0.9
MN-4,Safe D,D+39.9,39.8766,0.9987026067703184,36.24,0.0,0.0,Midwest,Urban,0.9
IL-3,Safe D,D+39.9,39.89660000000001,0.998706918631872,34.260000000000005,2.0,0.0,Midwest,Urban,0.9
NC-2,Safe D,D+40.2,40.2366,0.9987780687480132,34.6,2.0,0.0,Mid-Atlantic,Urban,0.9
IL-1,Safe D,D+40.8,40.7566,0.9988793964988818,35.12,2.0,0.0,Midwest,Urban,0.9
VA-11,Safe D,D+42.1,42.0508,0.9990966228713976,36.1,0.0,0.0,Mid-Atlantic,Suburban,0.9
NY-16,Safe D,D+42.2,42.170199999999994,0.9991144066205842,36.55,0.0,0.0,Northeast,Suburban,0.9
NY-14,Safe D,D+42.4,42.3966,0.9991471724429164,38.76,0.0,0.0,Mid-Atlantic,Urban,0.9
CA-19,Safe D,D+42.5,42.5184,0.999164295982326,35.89,2.0,0.0,Pacific,Mixed,0.9
CA-10,Safe D,D+42.7,42.6502,0.9991824386093718,35.03,2.0,0.0,Pacific,Suburban,0.9
PA-2,Safe D,D+43.4,43.436600000000006,0.9992827963982236,37.8,2.0,0.0,Mid-Atlantic,Urban,0.9
CA-8,Safe D,D+43.5,43.539,0.9992949242572694,36.58,2.0,0.0,Pacific,Exurban,0.9
CA-14,Safe D,D+43.6,43.560199999999995,0.9992974093815808,37.94,0.0,0.0,Pacific,Suburban,0.9
IL-5,Safe D,D+43.6,43.6166,0.9993039782147368,37.98,2.0,0.0,Midwest,Urban,0.9
FL-20,Safe D,D+44.0,43.9966,0.9993466647857104,40.36,0.0,0.0,Southeast,Urban,0.9
CA-29,Safe D,D+44.1,44.1266,0.9993606591783872,38.49,2.0,0.0,Pacific,Urban,0.9
WI-2,Safe D,D+44.1,44.1466,0.9993627854107788,40.51,0.0,0.0,Midwest,Urban,0.9
IL-9,Safe D,D+44.2,44.2214,0.9993706750722648,37.94,0.0,0.0,Midwest,Suburban,0.9
MI-12,Safe D,D+44.6,44.5766,0.9994068283147262,40.94,0.0,0.0,Midwest,Urban,0.9
GA-13,Safe D,D+45.5,45.4666,0.9994885589551455,41.83,0.0,0.0,Southeast,Urban,0.9
OR-1,Safe D,D+45.6,45.5802,0.9994981463324336,37.96,2.0,0.0,Pacific,Suburban,0.9
CO-2,Safe D,D+45.8,45.7808,0.9995146395812542,39.83,0.0,0.0,Mountain West,Suburban,0.9
CA-44,Safe D,D+46.1,46.1366,0.999542571910066,40.5,2.0,0.0,Pacific,Urban,0.9
CA-36,Safe D,D+46.2,46.1666,0.999544852303794,40.53,2.0,0.0,Pacific,Urban,0.9
OH-3,Safe D,D+46.9,46.8866,0.9995962994288884,41.25,2.0,0.0,Midwest,Urban,0.9
CA-17,Safe D,D+47.3,47.3266,0.9996248339774176,41.69,2.0,0.0,Pacific,Urban,0.9
IN-7,Safe D,D+47.3,47.3366,0.99962545849935,41.7,2.0,0.0,Midwest,Urban,0.9
MI-13,Safe D,D+47.5,47.4966,0.9996353106839786,43.86,0.0,0.0,Midwest,Urban,0.9
FL-24,Safe D,D+47.6,47.5766,0.999640139196742,43.94,0.0,0.0,Southeast,Urban,0.9
NY-9,Safe D,D+47.7,47.6866,0.9996466742262756,44.05,0.0,0.0,Mid-Atlantic,Urban,0.9
AZ-3,Safe D,D+47.9,47.858999999999995,0.9996566785509404,42.9,0.0,0.0,Southwest,Mixed,0.9
CA-30,Safe D,D+48.1,48.05839999999999,0.9996678970316366,41.42999999999999,2.0,0.0,Pacific,Mixed,0.9
WA-9,Safe D,D+48.1,48.0608,0.9996680298021688,42.11,0.0,0.0,Northwest,Suburban,0.9
TX-30,Safe D,D+49.2,49.1666,0.9997238895198488,45.53,0.0,0.0,Urban South,Urban,0.9
NY-8,Safe D,D+51.1,51.0566,0.999798482608682,47.42,0.0,0.0,Mid-Atlantic,Urban,0.9
NC-4,Safe D,D+51.1,51.1466,0.9998014822161811,45.51,2.0,0.0,Mid-Atlantic,Urban,0.9
MA-5,Safe D,D+51.3,51.328399999999995,0.9998074059488083,46.7,0.0,0.0,Northeast,Mixed,0.9
OR-3,Safe D,D+51.7,51.6566,0.9998176560271556,46.02,2.0,0.0,Pacific,Urban,0.9
NY-5,Safe D,D+51.9,51.8966,0.9998248045839844,48.26,0.0,0.0,Mid-Atlantic,Urban,0.9
LA-2,Safe D,D+52.7,52.7166,0.9998471804632684,49.08,0.0,0.0,Deep South,Urban,0.9
NC-12,Safe D,D+53.0,52.976600000000005,0.9998536602644756,47.34,2.0,0.0,Mid-Atlantic,Urban,0.9
NY-7,Safe D,D+53.8,53.7966,0.999872351179824,50.16,0.0,0.0,Mid-Atlantic,Urban,0.9
GA-6,Safe D,D+55.5,55.4866,0.999903682736621,49.85,2.0,0.0,Southeast,Urban,0.9
WI-4,Safe D,D+55.5,55.4866,0.999903682736621,51.849999999999994,0.0,0.0,Midwest,Urban,0.9
VA-8,Safe D,D+57.1,57.0708,0.9999260317026712,51.12,0.0,0.0,Mid-Atlantic,Suburban,0.9
CA-16,Safe D,D+57.1,57.130199999999995,0.9999267603225628,49.51,2.0,0.0,Pacific,Suburban,0.9
CA-15,Safe D,D+58.3,58.27019999999999,0.9999394330121832,50.64999999999999,2.0,0.0,Pacific,Suburban,0.9
CA-34,Safe D,D+58.3,58.31660000000001,0.9999398995624196,54.68000000000001,0.0,0.0,Pacific,Urban,0.9
NY-15,Safe D,D+58.6,58.566599999999994,0.9999423521525106,54.92999999999999,0.0,0.0,Mid-Atlantic,Urban,0.9
CA-43,Safe D,D+59.0,59.00659999999999,0.9999464281549392,53.36999999999999,2.0,0.0,Pacific,Urban,0.9
GA-4,Safe D,D+59.5,59.4866,0.9999505467504304,53.849999999999994,2.0,0.0,Southeast,Urban,0.9
NJ-10,Safe D,D+60.0,59.9766,0.9999544247419944,54.34,2.0,0.0,Mid-Atlantic,Urban,0.9
CO-1,Safe D,D+61.2,61.1566,0.9999625612429788,57.52,0.0,0.0,Mountain West,Urban,0.9
OH-11,Safe D,D+61.4,61.4166,0.9999641488836438,55.78,2.0,0.0,Midwest,Urban,0.9
MO-1,Safe D,D+61.5,61.5266,0.9999648001428572,57.89,0.0,0.0,Midwest,Urban,0.9
TX-18,Safe D,D+63.1,63.07659999999999,0.9999728136039072,57.43999999999999,2.0,0.0,Urban South,Urban,0.9
MD-7,Safe D,D+63.6,63.5866,0.9999750289059004,59.95,0.0,0.0,Mid-Atlantic,Urban,0.9
MD-8,Safe D,D+63.6,63.6408,0.9999752534567864,57.69,0.0,0.0,Mid-Atlantic,Suburban,0.9
TX-37,Safe D,D+65.3,65.34959999999998,0.9999813864102772,58.05999999999999,2.0,0.0,Urban South,Mixed,0.9
MN-5,Safe D,D+65.8,65.83659999999999,0.9999828375007286,62.2,0.0,0.0,Midwest,Urban,0.9
NY-10,Safe D,D+67.0,67.03659999999999,0.999985948490332,63.39999999999999,0.0,0.0,Mid-Atlantic,Urban,0.9
NY-13,Safe D,D+68.2,68.2166,0.9999884571559554,64.58,0.0,0.0,Mid-Atlantic,Urban,0.9
MA-7,Safe D,D+69.2,69.1866,0.9999901802001712,65.55,0.0,0.0,Northeast,Urban,0.9
NY-12,Safe D,D+69.5,69.4866,0.9999906591129868,65.85,0.0,0.0,Mid-Atlantic,Urban,0.9
CA-37,Safe D,D+69.9,69.9066,0.9999912906091762,64.27,2.0,0.0,Pacific,Urban,0.9
IL-7,Safe D,D+71.3,71.3266,0.9999931260629732,67.69,0.0,0.0,Midwest,Urban,0.9
CA-11,Safe D,D+73.4,73.4066,0.999995139835114,69.77,0.0,0.0,Pacific,Urban,0.9
GA-5,Safe D,D+77.9,77.94659999999999,0.9999977194690756,72.30999999999999,2.0,0.0,Southeast,Urban,0.9
WA-7,Safe D,D+78.3,78.3166,0.9999978558531224,74.67999999999999,0.0,0.0,Northwest,Urban,0.9
MD-4,Safe D,D+79.1,79.0566,0.9999981046402492,75.42,0.0,0.0,Mid-Atlantic,Urban,0.9
CA-12,Safe D,D+81.5,81.5066,0.9999987400450522,75.87,2.0,0.0,Pacific,Urban,0.9
PA-3,Safe D,D+84.0,83.9866,0.9999991666128194,78.35,2.0,0.0,Mid-Atlantic,Urban,0.9
AL-4,Safe R,R+63.5,-63.52933333333333,2.52105642983875e-05,-65.57,-2.0,0.0,Deep South,Rural,1.0
KY-5,Safe R,R+60.5,-60.47933333333333,4.191231743320491e-05,-62.52,-2.0,0.0,Appalachia,Rural,1.0
TN-1,Safe R,R+52.7,-52.709333333333326,0.0001530047019572,-56.74999999999999,0.0,0.0,Appalachia,Rural,1.0
NE-3,Safe R,R+51.2,-51.15933333333333,0.0001980970150646,-53.2,-2.0,0.0,Great Plains,Rural,1.0
OK-2,Safe R,R+50.9,-50.89933333333333,0.0002068681111977,-54.94,0.0,0.0,Great Plains,Rural,1.0
AL-1,Safe R,R+49.6,-49.61933333333333,0.0002560481693032,-53.66,0.0,0.0,Deep South,Rural,1.0
MO-8,Safe R,R+48.3,-48.27466666666666,0.0003203494334119,-53.05,0.0,0.0,Midwest,Rural,1.0
TX-19,Safe R,R+45.6,-45.572,0.0005025396582237,-49.98,0.0,0.0,Middle South,Rural,1.0
TX-1,Safe R,R+45.3,-45.312,0.000524783416147,-47.72,-2.0,0.0,Middle South,Rural,1.0
KY-1,Safe R,R+43.9,-43.879333333333335,0.0006662212965305,-45.92,-2.0,0.0,Appalachia,Rural,1.0
PA-13,Safe R,R+43.4,-43.36933333333333,0.0007252836276974,-45.41,-2.0,0.0,Appalachia,Rural,1.0
TX-13,Safe R,R+43.1,-43.092,0.0007595686456975,-45.5,-2.0,0.0,Middle South,Rural,1.0
AL-3,Safe R,R+42.8,-42.77933333333333,0.0008001675803672,-44.81999999999999,-2.0,0.0,Deep South,Rural,1.0
WV-1,Safe R,R+42.4,-42.38933333333333,0.000853860169266,-44.43,-2.0,0.0,Appalachia,Rural,1.0
AR-1,Safe R,R+41.6,-41.572,0.0009783476378171,-43.98,-2.0,0.0,Middle South,Rural,1.0
WY-AL,Safe R,R+41.3,-41.28933333333333,0.001025493237343,-45.33,0.0,0.0,Great Plains,Rural,1.0
ID-1,Safe R,R+40.6,-40.562,0.0011575014663011,-42.97,-2.0,0.0,Mountain West,Rural,1.0
IL-12,Safe R,R+40.5,-40.51466666666666,0.0011666582846054,-43.29,-2.0,0.0,Midwest,Rural,1.0
OK-3,Safe R,R+40.2,-40.15933333333333,0.0012377491653742,-44.2,0.0,0.0,Great Plains,Rural,1.0
VA-9,Safe R,R+39.3,-39.25933333333334,0.0014377713639723,-43.3,0.0,0.0,Appalachia,Rural,1.0
OH-4,Safe R,R+39.2,-39.16466666666666,0.0014606027078177,-41.94,-2.0,0.0,Midwest,Rural,1.0
MS-4,Safe R,R+39.1,-39.07933333333333,0.0014814931511616,-41.12,-2.0,0.0,Deep South,Rural,1.0
OH-2,Safe R,R+38.6,-38.57466666666666,0.0016112843340907,-41.349999999999994,-2.0,0.0,Midwest,Rural,1.0
WV-2,Safe R,R+38.3,-38.309333333333335,0.0016840152225918,-40.35,-2.0,0.0,Appalachia,Rural,1.0
KY-2,Safe R,R+37.8,-37.81933333333333,0.001827053084589,-39.86,-2.0,0.0,Appalachia,Rural,1.0
MO-7,Safe R,R+37.5,-37.464666666666666,0.001938092408877,-42.24,0.0,0.0,Midwest,Rural,1.0
SC-3,Safe R,R+36.9,-36.91199999999999,0.0021246951292295,-41.31999999999999,0.0,0.0,Southeast,Rural,1.0
IL-15,Safe R,R+36.8,-36.76466666666666,0.0021773990355366,-39.54,-2.0,0.0,Midwest,Rural,1.0
UT-3,Safe R,R+36.7,-36.712,0.0021965537230846,-41.12,0.0,0.0,Mountain West,Rural,1.0
AL-6,Safe R,R+36.5,-36.51933333333333,0.0022680696104901,-38.559999999999995,-2.0,0.0,Deep South,Rural,1.0
AR-4,Safe R,R+36.1,-36.081999999999994,0.0024391423714058,-38.489999999999995,-2.0,0.0,Middle South,Rural,1.0
PA-15,Safe R,R+35.7,-35.65933333333333,0.0026166972474362,-37.7,-2.0,0.0,Appalachia,Rural,1.0
PA-9,Safe R,R+35.4,-35.43933333333333,0.0027141582681046,-37.48,-2.0,0.0,Northeast,Rural,1.0
GA-14,Safe R,R+35.0,-35.02199999999999,0.0029090947334045,-37.42999999999999,-2.0,0.0,Southeast,Rural,1.0
MS-1,Safe R,R+33.4,-33.36933333333333,0.0038280835295614,-35.41,-2.0,0.0,Deep South,Rural,1.0
LA-1,Safe R,R+33.1,-33.13,0.0039832473777868,-38.64,0.0,0.0,Deep South,Exurban,1.0
IN-8,Safe R,R+32.6,-32.61466666666666,0.004338935861492,-35.38999999999999,-2.0,0.0,Midwest,Rural,1.0
GA-9,Safe R,R+31.7,-31.711999999999996,0.0050398150646302,-34.12,-2.0,0.0,Southeast,Rural,1.0
ND-AL,Safe R,R+31.7,-31.709333333333333,0.0050420441839953,-35.75,0.0,0.0,Great Plains,Rural,1.0
FL-1,Safe R,R+31.4,-31.449333333333335,0.0052641603677031,-35.49,0.0,0.0,Deep South,Rural,1.0
OH-6,Safe R,R+31.1,-31.11933333333333,0.0055601443156116,-33.16,-2.0,0.0,Appalachia,Rural,1.0
LA-3,Safe R,R+31.0,-30.989333333333335,0.005681236789684,-35.03,0.0,0.0,Deep South,Rural,1.0
PA-14,Safe R,R+30.8,-30.78933333333333,0.0058726720776223,-32.83,-2.0,0.0,Appalachia,Rural,1.0
MN-7,Safe R,R+30.7,-30.734666666666666,0.0059261046051409,-35.51,0.0,0.0,Midwest,Rural,1.0
KY-4,Safe R,R+30.6,-30.61933333333333,0.0060404246450686,-34.66,0.0,0.0,Appalachia,Rural,1.0
TN-3,Safe R,R+30.5,-30.459333333333333,0.0062026570086015,-34.5,0.0,0.0,Appalachia,Rural,1.0
IN-6,Safe R,R+30.0,-29.964666666666663,0.0067321145398977,-32.74,-2.0,0.0,Midwest,Rural,1.0
TX-11,Safe R,R+29.5,-29.5,0.0072702581296934,-33.01,-2.0,0.0,Middle South,Mixed,1.0
LA-4,Safe R,R+28.9,-28.869333333333337,0.0080695477566703,-32.910000000000004,0.0,0.0,Deep South,Rural,1.0
LA-5,Safe R,R+28.5,-28.459333333333333,0.0086353154366737,-32.5,0.0,0.0,Deep South,Rural,1.0
TN-2,Safe R,R+28.4,-28.409333333333336,0.0087069478923258,-32.45,0.0,0.0,Appalachia,Rural,1.0
CA-20,Safe R,R+28.4,-28.359333333333332,0.0087791692979242,-30.4,-2.0,0.0,Pacific,Rural,1.0
GA-3,Safe R,R+28.3,-28.322000000000003,0.0088334814990348,-30.730000000000004,-2.0,0.0,Southeast,Rural,1.0
IN-3,Safe R,R+28.3,-28.314666666666668,0.0088441890324953,-31.09,-2.0,0.0,Midwest,Rural,1.0
OK-4,Safe R,R+28.3,-28.25933333333333,0.0089253980142807,-32.3,0.0,0.0,Great Plains,Rural,1.0
UT-4,Safe R,R+28.2,-28.171999999999997,0.0090550772455846,-32.58,0.0,0.0,Mountain West,Rural,1.0
LA-6,Safe R,R+27.8,-27.849333333333327,0.0095505928508207,-31.889999999999993,0.0,0.0,Deep South,Rural,1.0
GA-8,Safe R,R+27.8,-27.781999999999996,0.0096573344828197,-30.19,-2.0,0.0,Southeast,Rural,1.0
KS-1,Safe R,R+26.7,-26.749333333333333,0.0114503086794846,-30.79,0.0,0.0,Great Plains,Rural,1.0
IN-4,Safe R,R+26.7,-26.744666666666667,0.0114591158471459,-29.52,-2.0,0.0,Midwest,Rural,1.0
IN-9,Safe R,R+26.7,-26.724666666666664,0.0114969367506892,-29.499999999999996,-2.0,0.0,Midwest,Rural,1.0
MI-9,Safe R,R+26.7,-26.654666666666657,0.0116302840453649,-31.429999999999993,0.0,0.0,Midwest,Rural,1.0
MT-2,Safe R,R+26.3,-26.312,0.0123054245132962,-28.72,-2.0,0.0,Mountain West,Rural,1.0
MS-3,Safe R,R+25.7,-25.68933333333333,0.0136327259034923,-27.729999999999997,-2.0,0.0,Deep South,Rural,1.0
OH-12,Safe R,R+25.4,-25.425333333333334,0.0142372272931797,-29.67,-2.0,0.0,Midwest,Exurban,1.0
IA-4,Safe R,R+25.0,-25.044666666666664,0.0151556365299961,-29.819999999999997,0.0,0.0,Midwest,Rural,1.0
AZ-9,Safe R,R+25.0,-25.032,0.0151871791285909,-29.44,0.0,0.0,Southwest,Rural,1.0
UT-2,Safe R,R+24.9,-24.941999999999993,0.0154131662438918,-29.34999999999999,0.0,0.0,Mountain West,Rural,1.0
AL-5,Safe R,R+24.9,-24.919333333333334,0.0154706013663674,-28.96,0.0,0.0,Deep South,Rural,1.0
MI-2,Safe R,R+24.6,-24.614666666666665,0.0162633447958113,-29.389999999999997,0.0,0.0,Midwest,Rural,1.0
NJ-4,Safe R,R+24.3,-24.31,0.0170960045449176,-27.82,-2.0,0.0,Mid-Atlantic,Mixed,1.0
SD-AL,Safe R,R+24.3,-24.25933333333333,0.0172384828787344,-28.299999999999997,0.0,0.0,Great Plains,Rural,1.0
OR-2,Safe R,R+24.2,-24.21933333333333,0.0173517892426743,-26.26,-2.0,0.0,Pacific,Rural,1.0
ID-2,Safe R,R+23.3,-23.302,0.0201604382013545,-25.71,-2.0,0.0,Mountain West,Rural,1.0
FL-19,Safe R,R+22.8,-22.790000000000006,0.0219169701768566,-28.300000000000004,0.0,0.0,Southeast,Mixed,1.0
FL-6,Safe R,R+22.6,-22.57,0.0227169125902396,-28.08,0.0,0.0,Southeast,Mixed,1.0
AR-3,Safe R,R+21.3,-21.307333333333332,0.0278894182583667,-24.45,-2.0,0.0,Middle South,Rural,1.0
MO-6,Safe R,R+21.3,-21.284666666666663,0.0279920227291141,-26.06,0.0,0.0,Midwest,Rural,1.0
IN-2,Safe R,R+21.0,-21.01533333333333,0.0292396048670401,-25.26,-2.0,0.0,Midwest,Exurban,1.0
MI-5,Safe R,R+20.3,-20.322666666666667,0.032700711577442,-26.2,0.0,0.0,Midwest,Mixed,1.0
TX-4,Safe R,R+19.4,-19.447333333333333,0.0376435885859958,-22.59,-2.0,0.0,Middle South,Rural,1.0
OH-5,Safe R,R+19.4,-19.44,0.0376878905086059,-22.95,-2.0,0.0,Midwest,Rural,1.0
TX-36,Safe R,R+19.4,-19.44,0.0376878905086059,-22.949999999999996,-2.0,0.0,Urban South,Rural,1.0
TX-8,Safe R,R+19.2,-19.18733333333333,0.0392452449777327,-24.33,0.0,0.0,Middle South,Rural,1.0
TX-14,Safe R,R+19.1,-19.145333333333333,0.0395100333039478,-23.389999999999997,-2.0,0.0,Middle South,Mixed,1.0
SC-7,Safe R,R+18.9,-18.91733333333333,0.0409775987205994,-24.059999999999995,0.0,0.0,Southeast,Rural,1.0
IL-16,Safe R,R+18.8,-18.83,0.0415534465365511,-22.34,-2.0,0.0,Midwest,Rural,1.0
TX-12,Safe R,R+18.8,-18.827333333333332,0.0415711509247633,-21.97,-2.0,0.0,Middle South,Rural,1.0
TX-6,Safe R,R+18.7,-18.667333333333332,0.0426467154589496,-21.81,-2.0,0.0,Middle South,Rural,1.0
PA-16,Safe R,R+18.7,-18.660000000000004,0.0426966442183138,-22.17,-2.0,0.0,Midwest,Rural,1.0
TX-3,Safe R,R+18.4,-18.38733333333333,0.044593212005078,-21.53,-2.0,0.0,Middle South,Rural,1.0
TN-6,Safe R,R+18.3,-18.33533333333333,0.0449639131544212,-24.58,0.0,0.0,Middle South,Mixed,1.0
VA-6,Safe R,R+18.3,-18.28733333333333,0.045308703730121,-23.429999999999996,0.0,0.0,Mid-Atlantic,Rural,1.0
KS-4,Safe R,R+18.0,-18.044666666666668,0.0470906888825052,-22.82,0.0,0.0,Great Plains,Rural,1.0
GA-11,Safe R,R+18.0,-18.017333333333333,0.0472955333289389,-23.16,0.0,0.0,Southeast,Rural,1.0
NY-24,Likely R,R+17.5,-17.454666666666668,0.0517050017423215,-22.23,0.0,0.0,Northeast,Rural,1.0
PA-11,Likely R,R+17.1,-17.12533333333333,0.0544634751016991,-21.369999999999997,-2.0,0.0,Mid-Atlantic,Mixed,1.0
SC-4,Likely R,R+17.0,-16.957333333333334,0.0559235154901075,-22.1,0.0,0.0,Southeast,Rural,1.0
TX-25,Likely R,R+16.9,-16.928,0.0561821907181768,-21.54,-2.0,0.0,Urban South,Mixed,1.0
TX-5,Likely R,R+16.8,-16.767333333333333,0.0576190934719484,-19.91,-2.0,0.0,Middle South,Rural,1.0
OK-1,Likely R,R+16.7,-16.694666666666667,0.0582802505272419,-21.47,0.0,0.0,Great Plains,Rural,1.0
GA-10,Likely R,R+16.6,-16.577333333333332,0.0593628481055251,-21.72,0.0,0.0,Southeast,Rural,1.0
TX-26,Likely R,R+16.4,-16.426000000000002,0.0607869813627879,-22.14,-2.0,0.0,Urban South,Suburban,1.0
SC-5,Likely R,R+16.3,-16.27733333333333,0.0622170826046557,-21.42,0.0,0.0,Southeast,Rural,1.0
WI-7,Likely R,R+16.2,-16.21,0.0628750814732912,-21.72,0.0,0.0,Midwest,Rural,1.0
TN-4,Likely R,R+16.2,-16.207333333333338,0.0629012740306478,-21.350000000000005,0.0,0.0,Middle South,Rural,1.0
CA-5,Likely R,R+16.0,-15.994666666666667,0.0650231883928732,-18.77,-2.0,0.0,Pacific,Rural,1.0
TX-31,Likely R,R+16.0,-15.958000000000002,0.065395703509566,-20.57,-2.0,0.0,Urban South,Mixed,1.0
NC-8,Likely R,R+15.9,-15.887333333333334,0.0661192459650038,-19.03,-2.0,0.0,Mid-Atlantic,Rural,1.0
TX-2,Likely R,R+15.8,-15.798000000000002,0.0670445579257828,-22.41,0.0,0.0,Urban South,Mixed,1.0
WI-5,Likely R,R+15.7,-15.698000000000004,0.0680946037565317,-22.31,0.0,0.0,Midwest,Mixed,1.0
NY-23,Likely R,R+15.4,-15.354666666666668,0.0718167722706921,-20.13,0.0,0.0,Northeast,Rural,1.0
TX-27,Likely R,R+15.3,-15.318,0.0722252010352822,-19.93,-2.0,0.0,Urban South,Mixed,1.0
MI-1,Likely R,R+15.3,-15.27,0.072763108764375,-20.78,0.0,0.0,Midwest,Rural,1.0
GA-7,Likely R,R+15.2,-15.183333333333332,0.0737436900826294,-20.53,-2.0,0.0,Southeast,Suburban,1.0
TX-22,Likely R,R+15.1,-15.12,0.074467945166028,-20.63,0.0,0.0,Urban South,Rural,1.0
TN-7,Likely R,R+14.9,-14.865333333333334,0.0774466741817978,-21.11,0.0,0.0,Middle South,Mixed,1.0
MO-4,Likely R,R+14.8,-14.829999999999997,0.0778684759395489,-20.339999999999996,0.0,0.0,Midwest,Rural,1.0
TX-21,Likely R,R+14.8,-14.76,0.0787103371705352,-20.27,0.0,0.0,Urban South,Rural,1.0
OH-14,Likely R,R+14.7,-14.728000000000002,0.079097953952735,-19.34,-2.0,0.0,Midwest,Mixed,1.0
NY-21,Likely R,R+14.4,-14.424666666666663,0.0828597404496089,-19.199999999999996,0.0,0.0,Northeast,Rural,1.0
CA-23,Likely R,R+14.4,-14.364666666666668,0.0836228573969486,-17.14,-2.0,0.0,Pacific,Rural,1.0
WA-4,Likely R,R+14.3,-14.347333333333331,0.0838444996215492,-19.49,0.0,0.0,Northwest,Rural,1.0
NC-10,Likely R,R+14.0,-14.04733333333333,0.0877660105668636,-17.189999999999998,-2.0,0.0,Mid-Atlantic,Rural,1.0
TX-17,Likely R,R+14.0,-14.017333333333331,0.0881671522420978,-17.16,-2.0,0.0,Middle South,Rural,1.0
MO-3,Likely R,R+13.9,-13.94,0.0892088527759609,-19.45,0.0,0.0,Midwest,Rural,1.0
NC-5,Likely R,R+13.9,-13.937333333333331,0.0892449707621714,-17.08,-2.0,0.0,Mid-Atlantic,Rural,1.0
NC-13,Likely R,R+13.8,-13.777333333333331,0.091436318588631,-16.919999999999998,-2.0,0.0,Mid-Atlantic,Rural,1.0
TN-5,Likely R,R+13.7,-13.73533333333334,0.0920195141425296,-19.980000000000004,0.0,0.0,Middle South,Mixed,1.0
FL-3,Likely R,R+13.7,-13.687333333333331,0.09269011468676,-18.83,0.0,0.0,Southeast,Rural,1.0
NC-6,Likely R,R+13.6,-13.647333333333332,0.0932522968691811,-16.79,-2.0,0.0,Mid-Atlantic,Rural,1.0
CO-4,Likely R,R+13.6,-13.584666666666667,0.0941392002377866,-18.36,0.0,0.0,Great Plains,Rural,1.0
TX-10,Likely R,R+13.6,-13.578,0.0942339952111231,-20.19,0.0,0.0,Urban South,Mixed,1.0
FL-28,Likely R,R+13.5,-13.51533333333334,0.09512925576961,-19.760000000000005,0.0,0.0,Southeast,Mixed,1.0
FL-5,Likely R,R+13.4,-13.445333333333332,0.0961382733500197,-19.69,0.0,0.0,Southeast,Mixed,1.0
TX-38,Likely R,R+13.4,-13.358,0.0974105451230876,-19.97,0.0,0.0,Urban South,Mixed,1.0
FL-17,Likely R,R+13.3,-13.325333333333337,0.0978902804372658,-19.57,0.0,0.0,Southeast,Mixed,1.0
KS-2,Likely R,R+12.8,-12.802666666666669,0.1058568876630991,-18.68,0.0,0.0,Great Plains,Mixed,1.0
TN-8,Likely R,R+12.6,-12.605333333333329,0.1090104559174428,-18.84999999999999,0.0,0.0,Middle South,Mixed,1.0
OK-5,Likely R,R+12.4,-12.382666666666664,0.1126675989866304,-18.26,0.0,0.0,Great Plains,Mixed,1.0
NC-14,Likely R,R+12.3,-12.257333333333332,0.1147728939110327,-15.4,-2.0,0.0,Mid-Atlantic,Rural,1.0
MN-6,Likely R,R+12.1,-12.090666666666667,0.1176254594450291,-19.07,0.0,0.0,Midwest,Exurban,1.0
NC-9,Likely R,R+12.1,-12.057333333333336,0.1182032949606338,-15.200000000000005,-2.0,0.0,Mid-Atlantic,Rural,1.0
NY-11,Likely R,R+12.0,-12.013333333333334,0.1189698003106369,-19.36,0.0,0.0,Mid-Atlantic,Suburban,1.0
OH-8,Likely R,R+11.8,-11.820000000000002,0.1223888868230488,-15.330000000000002,-2.0,0.0,Midwest,Rural,1.0
TN-9,Likely R,R+11.7,-11.675333333333333,0.1250023253492415,-17.919999999999998,0.0,0.0,Middle South,Mixed,1.0
MO-5,Likely R,R+11.6,-11.56,0.1271199889540724,-17.07,0.0,0.0,Midwest,Rural,1.0
AZ-5,Likely R,R+11.5,-11.503333333333332,0.1281716449484577,-18.85,0.0,0.0,Southwest,Suburban,1.0
FL-2,Likely R,R+11.1,-11.094666666666663,0.1359772965289421,-15.87,0.0,0.0,Deep South,Rural,1.0
AR-2,Likely R,R+11.0,-10.972666666666669,0.1383839390035361,-14.85,-2.0,0.0,Middle South,Rural,1.0
MD-1,Likely R,R+10.9,-10.937333333333331,0.1390875901508476,-16.08,0.0,0.0,Mid-Atlantic,Rural,1.0
FL-15,Likely R,R+10.8,-10.795333333333335,0.1419457696524748,-17.040000000000003,0.0,0.0,Southeast,Mixed,1.0
IN-5,Likely R,R+10.8,-10.776,0.1423386801670364,-16.49,-2.0,0.0,Midwest,Suburban,1.0
WI-6,Likely R,R+10.6,-10.649999999999997,0.1449216314878229,-16.159999999999997,0.0,0.0,Midwest,Rural,1.0
WI-8,Likely R,R+10.5,-10.48,0.1484681222107145,-15.989999999999998,0.0,0.0,Midwest,Rural,1.0
GA-1,Lean R,R+9.9,-9.867333333333333,0.1618461401420677,-15.009999999999998,0.0,0.0,Southeast,Rural,1.0
TX-9,Lean R,R+9.8,-9.828000000000005,0.1627373866597459,-16.44,0.0,0.0,Urban South,Mixed,1.0
TX-15,Lean R,R+9.3,-9.302666666666669,0.1750220858481413,-13.18,-2.0,0.0,Southwest,Rural,1.0
AZ-8,Lean R,R+9.2,-9.245333333333337,0.1764060936445134,-15.49,0.0,0.0,Southwest,Mixed,1.0
NC-7,Lean R,R+9.1,-9.082666666666668,0.1803796013709746,-12.96,-2.0,0.0,Mid-Atlantic,Rural,1.0
GA-12,Lean R,R+9.1,-9.052666666666669,0.1811199970602121,-12.93,-2.0,0.0,Southeast,Rural,1.0
NE-1,Lean R,R+9.0,-8.959999999999999,0.1834219393707395,-12.47,-2.0,0.0,Great Plains,Rural,1.0
TX-32,Lean R,R+8.8,-8.807999999999996,0.1872467944646569,-15.419999999999996,0.0,0.0,Urban South,Mixed,1.0
TX-24,Lean R,R+8.5,-8.471333333333334,0.1959362999371059,-14.919999999999998,-2.0,0.0,Urban South,Suburban,1.0
KY-6,Lean R,R+8.3,-8.290000000000001,0.2007414591632233,-13.8,0.0,0.0,Appalachia,Rural,1.0
NC-3,Lean R,R+8.1,-8.132666666666665,0.2049816970587908,-12.009999999999998,-2.0,0.0,Mid-Atlantic,Rural,1.0
FL-18,Lean R,R+7.9,-7.880666666666666,0.2119110347357071,-14.859999999999998,0.0,0.0,Southeast,Mixed,1.0
FL-8,Lean R,R+7.5,-7.500666666666665,0.2226809055527055,-14.479999999999997,0.0,0.0,Southeast,Mixed,1.0
FL-9,Lean R,R+7.5,-7.450666666666668,0.2241266893802167,-14.43,0.0,0.0,Southeast,Mixed,1.0
NV-2,Lean R,R+7.2,-7.222666666666665,0.2308038526843253,-13.099999999999998,0.0,0.0,Mountain West,Rural,1.0
MN-8,Lean R,R+7.1,-7.125333333333335,0.2336964077448066,-13.37,0.0,0.0,Midwest,Rural,1.0
SC-2,Lean R,R+7.1,-7.102666666666666,0.2343736217397552,-12.98,0.0,0.0,Southeast,Rural,1.0
FL-21,Lean R,R+7.0,-7.000666666666668,0.2374379098515709,-13.98,0.0,0.0,Southeast,Mixed,1.0
FL-11,Lean R,R+6.9,-6.890666666666669,0.240773326313016,-13.87,0.0,0.0,Southeast,Mixed,1.0
TX-23,Lean R,R+6.6,-6.572666666666665,0.250594441069001,-12.449999999999998,0.0,0.0,Southwest,Rural,1.0
NJ-2,Lean R,R+6.4,-6.442666666666666,0.2546853193912351,-10.32,-2.0,0.0,Mid-Atlantic,Rural,1.0
NC-11,Lean R,R+6.4,-6.4399999999999995,0.254769693347912,-9.95,-2.0,0.0,Appalachia,Rural,1.0
FL-26,Lean R,R+6.2,-6.16066666666667,0.2637092758668904,-13.140000000000002,0.0,0.0,Southeast,Mixed,1.0
AZ-2,Lean R,R+5.8,-5.820666666666669,0.2748583559628482,-12.8,0.0,0.0,Southwest,Mixed,1.0
FL-12,Lean R,R+5.5,-5.4706666666666655,0.2866361867247445,-12.449999999999998,0.0,0.0,Southeast,Mixed,1.0
OH-7,Lean R,R+5.2,-5.2333333333333325,0.2947921142627763,-10.579999999999998,-2.0,0.0,Midwest,Mixed,1.0
AK-AL,Lean R,R+5.2,-5.190666666666668,0.2962725953486669,-12.17,0.0,0.0,Northwest,Mixed,1.0
CA-40,Lean R,R+5.1,-5.135999999999998,0.2981757371914264,-10.849999999999998,-2.0,0.0,Pacific,Suburban,1.0
VA-5,Lean R,R+5.1,-5.122666666666664,0.2986409833664295,-10.999999999999996,0.0,0.0,Mid-Atlantic,Rural,1.0
FL-13,Lean R,R+5.0,-5.020666666666666,0.3022138549176695,-11.999999999999998,0.0,0.0,Southeast,Mixed,1.0
MO-2,Lean R,R+5.0,-4.995333333333334,0.3031049826998808,-11.24,0.0,0.0,Midwest,Rural,1.0
MN-1,Lean R,R+4.9,-4.91533333333333,0.3059287854639761,-11.159999999999997,0.0,0.0,Midwest,Rural,1.0
FL-4,Lean R,R+4.4,-4.3926666666666705,0.3247316296863145,-10.270000000000003,0.0,0.0,Southeast,Rural,1.0
MT-1,Lean R,R+4.3,-4.332666666666666,0.3269282713827766,-10.21,0.0,0.0,Mountain West,Rural,1.0
WA-5,Lean R,R+4.3,-4.282666666666666,0.3287646274062685,-10.159999999999998,0.0,0.0,Northwest,Rural,1.0
FL-16,Lean R,R+4.2,-4.196666666666666,0.3319354131573092,-11.175999999999998,0.0,0.0,Southeast,Mixed,1.0
SC-1,Tilt R,R+3.7,-3.698666666666668,0.3505905383161044,-11.78,0.0,0.0,Southeast,Suburban,1.0
CO-5,Tilt R,R+3.5,-3.522666666666666,0.3572979737425923,-9.4,0.0,0.0,Mountain West,Rural,1.0
OH-15,Tilt R,R+3.5,-3.5059999999999993,0.3579361044273934,-9.22,-2.0,0.0,Midwest,Exurban,1.0
CO-3,Tilt R,R+3.4,-3.3726666666666656,0.3630591301955223,-9.249999999999998,0.0,0.0,Mountain West,Rural,1.0
FL-7,Tilt R,R+3.4,-3.350666666666668,0.3639074615996081,-10.33,0.0,0.0,Southeast,Mixed,1.0
FL-27,Tilt R,R+3.2,-3.230666666666667,0.3685495182707675,-10.21,0.0,0.0,Southeast,Mixed,1.0
NY-2,Tilt R,R+3.1,-3.1033333333333335,0.3735020001075314,-10.45,0.0,0.0,Mid-Atlantic,Exurban,1.0
ME-2,Tilt R,R+3.0,-2.9700000000000006,0.3787164048089321,-8.48,0.0,0.0,Northeast,Rural,1.0
NC-1,Tilt R,R+2.3,-2.312666666666665,0.4048144372903117,-10.189999999999998,2.0,0.0,Mid-Atlantic,Rural,1.0
PA-8,Tilt R,R+2.2,-2.208,0.409024380331626,-6.8199999999999985,-2.0,0.0,Northeast,Mixed,1.0
IA-1,Tilt R,R+1.5,-1.4733333333333327,0.4389177289490896,-6.8199999999999985,-2.0,0.0,Midwest,Mixed,1.0
FL-14,Tilt R,R+1.2,-1.2106666666666692,0.449726012321212,-8.190000000000001,0.0,0.0,Southeast,Mixed,1.0
IA-2,Toss-Up,R+1.0,-0.9733333333333364,0.4595331495152817,-8.320000000000002,0.0,0.0,Midwest,Mixed,1.0
OH-10,Toss-Up,R+0.7,-0.6813333333333365,0.4716415777309998,-7.130000000000001,-2.0,0.0,Midwest,Suburban,1.0
TX-35,Toss-Up,R+0.5,-0.5033333333333356,0.4790400681934459,-7.850000000000001,0.0,0.0,Urban South,Mixed,1.0
NY-1,Toss-Up,R+0.3,-0.2633333333333354,0.4890295386947287,-7.610000000000001,0.0,0.0,Mid-Atlantic,Exurban,1.0
OH-9,Toss-Up,R+0.0,-0.0133333333333336,0.4994444446730681,-9.36,2.0,0.0,Midwest,Mixed,1.0
FL-22,Toss-Up,D+0.3,0.2893333333333334,0.512053219950295,-6.689999999999999,0.0,0.0,Southeast,Mixed,1.0
WI-3,Toss-Up,D+0.8,0.7566666666666677,0.531486059278424,-6.589999999999998,0.0,0.0,Midwest,Mixed,1.0
PA-10,Toss-Up,D+0.8,0.8440000000000021,0.5351087939489644,-4.869999999999997,-2.0,0.0,Mid-Atlantic,Mixed,1.0
TX-34,Tilt D,D+1.7,1.6773333333333325,0.5694372590962097,-6.2,2.0,0.0,Southwest,Rural,1.0
VA-1,Tilt D,D+1.9,1.906666666666668,0.578782584304063,-5.439999999999998,0.0,0.0,Mid-Atlantic,Exurban,1.0
MI-4,Tilt D,D+2.2,2.1566666666666663,0.5889059430753253,-5.1899999999999995,0.0,0.0,Midwest,Mixed,1.0
FL-25,Tilt D,D+2.8,2.8039999999999967,0.6147523982660317,-4.910000000000003,0.0,0.0,Southeast,Mixed,1.0
IA-3,Tilt D,D+2.9,2.8813333333333313,0.6178003479377848,-3.200000000000002,-2.0,0.0,Midwest,Mixed,1.0
MI-10,Tilt D,D+3.2,3.2313333333333336,0.6314763392149697,-4.85,0.0,0.0,Midwest,Mixed,1.0
TX-28,Lean D,D+4.3,4.281999999999997,0.6712108522997662,-4.330000000000002,2.0,0.0,Southwest,Rural,1.0
WA-3,Lean D,D+4.5,4.511333333333333,0.6795901392343886,-3.5700000000000003,0.0,0.0,Northwest,Exurban,1.0
PA-7,Lean D,D+4.8,4.756000000000002,0.6884036286323605,-2.059999999999999,-2.0,0.0,Mid-Atlantic,Suburban,1.0
WI-1,Lean D,D+5.4,5.433333333333332,0.7120898316670493,-3.75,0.0,0.0,Midwest,Suburban,1.0
NM-2,Lean D,D+7.1,7.051999999999999,0.7641076874632553,0.4399999999999997,0.0,0.0,Southwest,Rural,1.0
NJ-7,Lean D,D+7.1,7.056000000000001,0.7642278310578563,0.2400000000000003,-2.0,0.0,Mid-Atlantic,Suburban,1.0
AZ-1,Lean D,D+7.1,7.096000000000001,0.7654269387212358,-1.72,0.0,0.0,Southwest,Suburban,1.0
AZ-6,Lean D,D+7.3,7.253999999999998,0.7701219627439947,-0.4600000000000016,0.0,0.0,Southwest,Mixed,1.0
CA-22,Lean D,D+8.1,8.084666666666665,0.7937115120855511,3.84,-2.0,0.0,Pacific,Rural,1.0
VA-2,Lean D,D+8.2,8.174000000000003,0.7961386638200187,0.4600000000000029,0.0,0.0,Mid-Atlantic,Mixed,1.0
PA-1,Lean D,D+8.4,8.405999999999999,0.8023425255053281,1.5899999999999983,-2.0,0.0,Mid-Atlantic,Suburban,1.0
MI-8,Lean D,D+8.4,8.41333333333333,0.8025362848780193,-0.7700000000000017,0.0,0.0,Midwest,Suburban,1.0
MI-7,Lean D,D+8.5,8.543333333333331,0.8059473476684988,-0.6400000000000003,0.0,0.0,Midwest,Suburban,1.0
CO-8,Lean D,D+8.9,8.906,0.8152262130829951,0.0899999999999998,0.0,0.0,Mountain West,Suburban,1.0
NY-3,Lean D,D+9.2,9.196,0.822396144398278,0.3799999999999985,0.0,0.0,Mid-Atlantic,Suburban,1.0
NV-3,Lean D,D+9.2,9.233999999999998,0.8233193076240005,1.5199999999999985,0.0,0.0,Mountain West,Mixed,1.0
OH-1,Lean D,D+9.5,9.49333333333333,0.8295190086339791,-1.6900000000000013,2.0,0.0,Midwest,Suburban,1.0
NY-19,Lean D,D+10.3,10.294,0.8475698332383145,2.5799999999999996,0.0,0.0,Northeast,Exurban,1.0
NH-1,Likely D,D+10.5,10.546666666666663,0.8529311240519079,3.1999999999999997,0.0,0.0,Northeast,Mixed,1.0
NH-2,Likely D,D+11.8,11.801999999999998,0.8772885184311983,5.1899999999999995,0.0,0.0,Northeast,Mixed,1.0
NV-1,Likely D,D+11.9,11.874,0.878574521156766,4.16,0.0,0.0,Mountain West,Mixed,1.0
CA-48,Likely D,D+11.9,11.886666666666668,0.8787995573665386,4.540000000000001,0.0,0.0,Pacific,Mixed,1.0
NY-17,Likely D,D+11.9,11.898666666666664,0.879012417823369,3.4499999999999997,0.0,0.0,Northeast,Suburban,1.0
NY-18,Likely D,D+12.0,12.019333333333332,0.8811349757447152,5.039999999999999,0.0,0.0,Northeast,Exurban,1.0
NV-4,Likely D,D+12.1,12.134,0.8831220653012307,4.420000000000001,0.0,0.0,Mountain West,Mixed,1.0
CA-45,Likely D,D+12.5,12.535333333333332,0.8898512140593343,5.76,2.0,0.0,Pacific,Urban,1.0
KS-3,Likely D,D+12.7,12.668666666666663,0.8920105520949011,4.22,0.0,0.0,Great Plains,Suburban,1.0
NE-2,Likely D,D+12.9,12.854,0.8949501795517448,5.1400000000000015,0.0,0.0,Great Plains,Suburban,1.0
VA-7,Likely D,D+12.9,12.855999999999998,0.8949815135448899,4.039999999999997,0.0,0.0,Mid-Atlantic,Suburban,1.0
NY-4,Likely D,D+13.3,13.341333333333331,0.9023449545783944,5.26,0.0,0.0,Mid-Atlantic,Suburban,1.0
NM-3,Likely D,D+13.5,13.54933333333333,0.905357411239754,6.5699999999999985,0.0,0.0,Southwest,Mixed,1.0
MD-6,Likely D,D+13.9,13.909333333333333,0.9103749933587022,6.9300000000000015,0.0,0.0,Mid-Atlantic,Mixed,1.0
IN-1,Likely D,D+13.9,13.91333333333333,0.9104293733891022,2.7299999999999995,2.0,0.0,Midwest,Suburban,1.0
WA-8,Likely D,D+14.1,14.081333333333331,0.912686621990702,6.0,0.0,0.0,Northwest,Suburban,1.0
OH-13,Likely D,D+14.1,14.091333333333337,0.9128193469236882,4.010000000000002,2.0,0.0,Midwest,Mixed,1.0
CA-13,Likely D,D+14.2,14.201999999999998,0.9142760264780598,5.590000000000001,2.0,0.0,Pacific,Mixed,1.0
PA-17,Likely D,D+14.2,14.201999999999998,0.9142760264780598,5.589999999999999,2.0,0.0,Appalachia,Mixed,1.0
IL-6,Likely D,D+14.6,14.63,0.919704093100918,7.119999999999999,2.0,0.0,Midwest,Urban,1.0
MN-2,Likely D,D+14.7,14.668666666666663,0.9201787200958168,6.219999999999999,0.0,0.0,Midwest,Suburban,1.0
NJ-5,Likely D,D+14.7,14.694,0.920488291988248,4.9799999999999995,2.0,0.0,Mid-Atlantic,Mixed,1.0
CT-5,Likely D,D+14.8,14.844,0.9222989040645526,7.130000000000001,0.0,0.0,Northeast,Suburban,1.0
AL-2,Likely D,D+15.0,14.97,0.9237905572016604,9.46,0.0,0.0,Deep South,Rural,1.0
IL-8,Likely D,D+15.0,15.03,0.9244915960594648,9.52,0.0,0.0,Midwest,Urban,1.0
IL-17,Likely D,D+15.0,15.046666666666669,0.9246852755725647,5.700000000000001,2.0,0.0,Midwest,Mixed,1.0
RI-2,Likely D,D+15.4,15.381999999999996,0.9284863053585012,8.769999999999998,0.0,0.0,Northeast,Mixed,1.0
NY-22,Likely D,D+15.4,15.391999999999996,0.9285968921682136,8.779999999999998,0.0,0.0,Northeast,Mixed,1.0
NJ-9,Likely D,D+15.7,15.746,0.932411307329022,4.93,2.0,0.0,Mid-Atlantic,Suburban,1.0
CA-6,Likely D,D+16.2,16.201999999999998,0.9370463103154064,9.59,0.0,0.0,Pacific,Mixed,1.0
GA-2,Likely D,D+16.2,16.217333333333336,0.9371968956031844,8.340000000000002,2.0,0.0,Southeast,Rural,1.0
AZ-4,Likely D,D+16.3,16.281333333333336,0.9378218034562932,8.200000000000001,0.0,0.0,Southwest,Suburban,1.0
MI-3,Likely D,D+16.5,16.458666666666666,0.9395231101682447,8.01,0.0,0.0,Midwest,Suburban,1.0
CT-2,Likely D,D+16.6,16.554,0.9404196281431084,8.84,0.0,0.0,Northeast,Suburban,1.0
IL-14,Likely D,D+16.8,16.774,0.9424412092515876,7.060000000000001,2.0,0.0,Midwest,Exurban,1.0
OR-5,Likely D,D+17.3,17.272,0.9467817221516452,8.659999999999998,2.0,0.0,Pacific,Mixed,1.0
CA-25,Likely D,D+17.6,17.622,0.9496454632985396,9.01,2.0,0.0,Pacific,Mixed,1.0
NY-6,Safe D,D+18.4,18.412666666666667,0.9555863288333748,13.27,0.0,0.0,Mid-Atlantic,Urban,1.0
NJ-3,Safe D,D+19.1,19.089333333333332,0.9601342498619724,10.11,2.0,0.0,Mid-Atlantic,Mixed,1.0
CA-21,Safe D,D+19.1,19.141999999999996,0.9604688785291158,10.53,2.0,0.0,Pacific,Mixed,1.0
CA-35,Safe D,D+19.2,19.215333333333337,0.9609303341021566,12.44,2.0,0.0,Pacific,Urban,1.0
VA-10,Safe D,D+19.3,19.291333333333338,0.9614031150160892,11.21,0.0,0.0,Mid-Atlantic,Suburban,1.0
NY-20,Safe D,D+19.7,19.71066666666667,0.9639144873382108,15.670000000000003,0.0,0.0,Northeast,Urban,1.0
CA-3,Safe D,D+19.9,19.882,0.964894693451568,11.27,2.0,0.0,Pacific,Mixed,1.0
IL-13,Safe D,D+20.2,20.196666666666665,0.966628471279223,10.849999999999998,2.0,0.0,Midwest,Mixed,1.0
NM-1,Safe D,D+20.3,20.32933333333333,0.9673344161521404,13.35,0.0,0.0,Southwest,Mixed,1.0
OR-6,Safe D,D+20.5,20.452,0.9679742948786892,11.839999999999998,2.0,0.0,Pacific,Mixed,1.0
NJ-6,Safe D,D+20.5,20.471333333333337,0.9680740334749228,10.39,2.0,0.0,Mid-Atlantic,Suburban,1.0
CA-1,Safe D,D+20.5,20.491999999999997,0.968180318419716,13.88,0.0,0.0,Pacific,Mixed,1.0
MA-9,Safe D,D+20.6,20.634,0.9689013984864144,12.92,0.0,0.0,Northeast,Suburban,1.0
OR-4,Safe D,D+20.8,20.822,0.969831772743423,12.21,2.0,0.0,Pacific,Mixed,1.0
CA-38,Safe D,D+21.1,21.050666666666665,0.9709270865920984,17.009999999999998,0.0,0.0,Pacific,Urban,1.0
CA-42,Safe D,D+21.1,21.12066666666667,0.9712546063576736,15.080000000000002,2.0,0.0,Pacific,Urban,1.0
NJ-11,Safe D,D+21.2,21.211333333333332,0.9716735039030372,11.13,2.0,0.0,Mid-Atlantic,Suburban,1.0
CA-27,Safe D,D+21.3,21.281999999999996,0.9719958820806766,12.669999999999998,2.0,0.0,Pacific,Mixed,1.0
CA-7,Safe D,D+21.5,21.452,0.97275688426477,14.84,0.0,0.0,Pacific,Mixed,1.0
CA-47,Safe D,D+21.5,21.544,0.9731602995962604,11.83,2.0,0.0,Pacific,Suburban,1.0
DE-AL,Safe D,D+21.7,21.679333333333332,0.973743190066642,14.7,0.0,0.0,Mid-Atlantic,Mixed,1.0
MA-1,Safe D,D+22.0,22.017333333333333,0.9751456863215422,16.14,0.0,0.0,Northeast,Mixed,1.0
FL-23,Safe D,D+22.0,22.047999999999995,0.9752692617835714,17.639999999999997,0.0,0.0,Southeast,Urban,1.0
PA-6,Safe D,D+22.5,22.50133333333333,0.9770276183190392,12.419999999999998,2.0,0.0,Mid-Atlantic,Suburban,1.0
CA-49,Safe D,D+22.7,22.744,0.9779180786411018,13.03,2.0,0.0,Pacific,Suburban,1.0
CT-3,Safe D,D+22.8,22.759333333333338,0.977973196751974,15.78,0.0,0.0,Northeast,Suburban,1.0
CO-7,Safe D,D+22.8,22.841333333333335,0.9782656837699816,14.760000000000002,0.0,0.0,Mountain West,Suburban,1.0
IL-11,Safe D,D+23.0,23.018666666666665,0.978885288622226,12.57,2.0,0.0,Midwest,Suburban,1.0
CA-41,Safe D,D+23.7,23.650666666666663,0.9809560422709792,17.61,2.0,0.0,Pacific,Urban,1.0
MI-11,Safe D,D+23.9,23.851999999999997,0.9815728901506444,17.24,0.0,0.0,Midwest,Mixed,1.0
CA-9,Safe D,D+24.1,24.084666666666664,0.9822613425496942,15.84,2.0,0.0,Pacific,Exurban,1.0
CA-39,Safe D,D+24.2,24.164,0.9824902634518918,14.45,2.0,0.0,Pacific,Suburban,1.0
CA-26,Safe D,D+24.3,24.339333333333332,0.9829859533749664,17.36,0.0,0.0,Pacific,Suburban,1.0
CA-33,Safe D,D+24.3,24.344,0.9829989564876056,14.63,2.0,0.0,Pacific,Suburban,1.0
CA-4,Safe D,D+24.4,24.35733333333333,0.983036054449572,16.479999999999997,2.0,0.0,Pacific,Mixed,1.0
NY-25,Safe D,D+24.9,24.90733333333333,0.984498906571476,19.03,0.0,0.0,Northeast,Mixed,1.0
CA-31,Safe D,D+25.0,25.049333333333333,0.9848559681602188,16.07,2.0,0.0,Pacific,Suburban,1.0
NY-26,Safe D,D+25.1,25.080666666666666,0.984933659094504,21.04,0.0,0.0,Northeast,Urban,1.0
WA-10,Safe D,D+25.2,25.156666666666663,0.9851204741394602,17.81,0.0,0.0,Northwest,Suburban,1.0
MD-2,Safe D,D+25.2,25.23466666666667,0.9853098329015229,18.99,0.0,0.0,Mid-Atlantic,Mixed,1.0
PA-12,Safe D,D+25.5,25.450666666666667,0.9858219082308588,19.41,2.0,0.0,Appalachia,Urban,1.0
CA-46,Safe D,D+25.8,25.770666666666667,0.9865483573028092,19.73,2.0,0.0,Pacific,Urban,1.0
WA-6,Safe D,D+25.9,25.916666666666664,0.9868674835803491,18.57,0.0,0.0,Northwest,Suburban,1.0
KY-3,Safe D,D+26.0,25.96066666666667,0.9869621854279456,19.92,2.0,0.0,Appalachia,Urban,1.0
PA-4,Safe D,D+26.1,26.076666666666668,0.9872086355674458,16.73,2.0,0.0,Mid-Atlantic,Suburban,1.0
ME-1,Safe D,D+26.1,26.140666666666664,0.9873426338734436,22.1,0.0,0.0,Northeast,Urban,1.0
CA-50,Safe D,D+26.9,26.94733333333333,0.9889172654528656,19.069999999999997,2.0,0.0,Pacific,Mixed,1.0
MA-3,Safe D,D+27.2,27.227333333333338,0.9894172298173862,21.35,0.0,0.0,Northeast,Mixed,1.0
CA-51,Safe D,D+27.5,27.487333333333332,0.9898614723625848,19.61,2.0,0.0,Pacific,Mixed,1.0
MA-4,Safe D,D+28.1,28.087333333333333,0.9908174214002908,22.21,0.0,0.0,Northeast,Mixed,1.0
UT-1,Safe D,D+28.3,28.308,0.9911460656842792,23.9,0.0,0.0,Mountain West,Urban,1.0
CO-6,Safe D,D+28.3,28.346666666666664,0.9912024405474484,21.0,0.0,0.0,Mountain West,Suburban,1.0
TX-16,Safe D,D+28.5,28.498,0.9914196794845174,22.09,2.0,0.0,Southwest,Urban,1.0
NJ-1,Safe D,D+28.7,28.654666666666664,0.9916389725164964,20.409999999999997,2.0,0.0,Mid-Atlantic,Mixed,1.0
MS-2,Safe D,D+28.9,28.88533333333333,0.9919517694136052,22.11,2.0,0.0,Deep South,Rural,1.0
MN-3,Safe D,D+28.9,28.894,0.9919632928825504,21.18,0.0,0.0,Midwest,Suburban,1.0
AL-7,Safe D,D+29.5,29.470666666666663,0.992694371663546,25.429999999999996,0.0,0.0,Deep South,Rural,1.0
MA-6,Safe D,D+29.6,29.619333333333337,0.992871890248223,22.64,0.0,0.0,Northeast,Suburban,1.0
HI-2,Safe D,D+29.8,29.84733333333333,0.9931358521017446,23.97,0.0,0.0,Pacific,Mixed,1.0
RI-1,Safe D,D+30.0,29.97733333333333,0.9932819873333402,24.1,0.0,0.0,Northeast,Mixed,1.0
SC-6,Safe D,D+30.0,29.998,0.9933049326923928,25.589999999999996,0.0,0.0,Southeast,Rural,1.0
CA-52,Safe D,D+30.1,30.11733333333333,0.9934359092777376,22.24,2.0,0.0,Pacific,Mixed,1.0
MD-3,Safe D,D+30.3,30.284666666666663,0.9936152926289284,24.04,0.0,0.0,Mid-Atlantic,Mixed,1.0
WA-2,Safe D,D+30.6,30.606666666666666,0.9939468871482938,23.26,0.0,0.0,Northwest,Suburban,1.0
FL-10,Safe D,D+30.6,30.64066666666666,0.9939808852407234,26.59999999999999,0.0,0.0,Southeast,Urban,1.0
AZ-7,Safe D,D+30.8,30.79,0.9941279765738528,25.28,0.0,0.0,Southwest,Mixed,1.0
MI-6,Safe D,D+30.9,30.862,0.9941976133377394,24.25,0.0,0.0,Midwest,Mixed,1.0
MA-2,Safe D,D+30.9,30.872666666666667,0.9942078598331344,25.73,0.0,0.0,Northeast,Mixed,1.0
CA-2,Safe D,D+30.9,30.882666666666665,0.9942174495841624,25.74,0.0,0.0,Pacific,Mixed,1.0
NJ-12,Safe D,D+31.1,31.060666666666663,0.9943855299044432,27.019999999999996,0.0,0.0,Mid-Atlantic,Urban,1.0
HI-1,Safe D,D+31.3,31.252666666666663,0.9945613871082722,26.11,0.0,0.0,Pacific,Mixed,1.0
CT-1,Safe D,D+31.4,31.439333333333327,0.9947271050171343,24.459999999999994,0.0,0.0,Northeast,Suburban,1.0
CT-4,Safe D,D+32.0,31.98466666666667,0.9951830118194764,25.74,0.0,0.0,Northeast,Suburban,1.0
IL-10,Safe D,D+32.9,32.884,0.9958507370449255,23.17,2.0,0.0,Midwest,Suburban,1.0
CA-24,Safe D,D+33.3,33.272666666666666,0.996109984147191,26.129999999999995,2.0,0.0,Pacific,Mixed,1.0
CA-28,Safe D,D+34.6,34.59266666666666,0.9968757891193086,27.449999999999996,2.0,0.0,Pacific,Mixed,1.0
TX-7,Safe D,D+34.8,34.809333333333335,0.9969862612001056,25.83,2.0,0.0,Urban South,Suburban,1.0
MA-8,Safe D,D+35.2,35.17466666666667,0.997163784510554,28.93,0.0,0.0,Northeast,Suburban,1.0
WA-1,Safe D,D+35.7,35.682,0.9973931436835888,29.07,0.0,0.0,Northwest,Suburban,1.0
CA-32,Safe D,D+35.9,35.85466666666667,0.9974669067251148,27.61,2.0,0.0,Pacific,Suburban,1.0
NJ-8,Safe D,D+36.4,36.42066666666666,0.997694411594278,30.379999999999995,2.0,0.0,Mid-Atlantic,Urban,1.0
IL-4,Safe D,D+37.8,37.77066666666666,0.9981580946279756,33.73,0.0,0.0,Midwest,Urban,1.0
TX-20,Safe D,D+38.0,37.980666666666664,0.9982213335152276,31.94,2.0,0.0,Urban South,Urban,1.0
PA-5,Safe D,D+38.3,38.322,0.998319530202635,29.71,2.0,0.0,Mid-Atlantic,Suburban,1.0
VT-AL,Safe D,D+39.0,39.020666666666656,0.9985039718649376,34.97999999999999,0.0,0.0,Northeast,Rural,1.0
VA-4,Safe D,D+39.1,39.07,0.9985162039327186,33.56,0.0,0.0,Mid-Atlantic,Mixed,1.0
IL-2,Safe D,D+39.2,39.21066666666667,0.9985505362613052,35.17,0.0,0.0,Midwest,Urban,1.0
MD-5,Safe D,D+39.6,39.56999999999999,0.9986346797372796,34.059999999999995,0.0,0.0,Mid-Atlantic,Mixed,1.0
VA-3,Safe D,D+39.7,39.69066666666667,0.9986618272032488,35.650000000000006,0.0,0.0,Mid-Atlantic,Urban,1.0
CA-18,Safe D,D+39.8,39.83266666666666,0.9986930845649108,32.69,2.0,0.0,Pacific,Mixed,1.0
TX-29,Safe D,D+40.2,40.220666666666666,0.9987748235102242,34.18,2.0,0.0,Urban South,Urban,1.0
TX-33,Safe D,D+40.3,40.260666666666665,0.9987829542801702,36.22,0.0,0.0,Urban South,Urban,1.0
MN-4,Safe D,D+40.3,40.28066666666667,0.998786999432646,36.24,0.0,0.0,Midwest,Urban,1.0
IL-3,Safe D,D+40.3,40.30066666666667,0.9987910311563316,34.260000000000005,2.0,0.0,Midwest,Urban,1.0
NC-2,Safe D,D+40.6,40.64066666666667,0.9988575583847682,34.6,2.0,0.0,Mid-Atlantic,Urban,1.0
IL-1,Safe D,D+41.2,41.160666666666664,0.9989523014304188,35.12,2.0,0.0,Midwest,Urban,1.0
VA-11,Safe D,D+42.7,42.712,0.9991908094935384,36.1,0.0,0.0,Mid-Atlantic,Suburban,1.0
NY-16,Safe D,D+42.8,42.794666666666664,0.9992018730516852,36.55,0.0,0.0,Northeast,Suburban,1.0
NY-14,Safe D,D+42.8,42.800666666666665,0.9992026701436508,38.76,0.0,0.0,Mid-Atlantic,Urban,1.0
CA-19,Safe D,D+43.0,43.032666666666664,0.9992328885930613,35.89,2.0,0.0,Pacific,Mixed,1.0
CA-10,Safe D,D+43.3,43.27466666666667,0.9992631907547552,35.03,2.0,0.0,Pacific,Suburban,1.0
PA-2,Safe D,D+43.8,43.84066666666667,0.9993294743013456,37.8,2.0,0.0,Mid-Atlantic,Urban,1.0
IL-5,Safe D,D+44.0,44.02066666666666,0.9993492784352432,37.98,2.0,0.0,Midwest,Urban,1.0
CA-8,Safe D,D+44.1,44.09,0.9993567497965454,36.58,2.0,0.0,Pacific,Exurban,1.0
CA-14,Safe D,D+44.2,44.184666666666665,0.9993668128341168,37.94,0.0,0.0,Pacific,Suburban,1.0
FL-20,Safe D,D+44.4,44.400666666666666,0.9993891884708224,40.36,0.0,0.0,Southeast,Urban,1.0
CA-29,Safe D,D+44.5,44.53066666666667,0.9994022725540618,38.49,2.0,0.0,Pacific,Urban,1.0
WI-2,Safe D,D+44.6,44.550666666666665,0.99940426047687,40.51,0.0,0.0,Midwest,Urban,1.0
IL-9,Safe D,D+44.9,44.919333333333334,0.9994397435703684,37.94,0.0,0.0,Midwest,Suburban,1.0
MI-12,Safe D,D+45.0,44.980666666666664,0.9994454383040768,40.94,0.0,0.0,Midwest,Urban,1.0
GA-13,Safe D,D+45.9,45.870666666666665,0.9995218515811012,41.83,0.0,0.0,Southeast,Urban,1.0
OR-1,Safe D,D+46.2,46.20466666666667,0.9995477295202426,37.96,2.0,0.0,Pacific,Suburban,1.0
CO-2,Safe D,D+46.4,46.442,0.9995652625035024,39.83,0.0,0.0,Mountain West,Suburban,1.0
CA-44,Safe D,D+46.5,46.54066666666667,0.9995723500279172,40.5,2.0,0.0,Pacific,Urban,1.0
CA-36,Safe D,D+46.6,46.57066666666667,0.9995744820334584,40.53,2.0,0.0,Pacific,Urban,1.0
OH-3,Safe D,D+47.3,47.29066666666667,0.9996225812588808,41.25,2.0,0.0,Midwest,Urban,1.0
CA-17,Safe D,D+47.7,47.730666666666664,0.9996492587948964,41.69,2.0,0.0,Pacific,Urban,1.0
IN-7,Safe D,D+47.7,47.74066666666666,0.9996498426721808,41.7,2.0,0.0,Midwest,Urban,1.0
MI-13,Safe D,D+47.9,47.900666666666666,0.999659053658348,43.86,0.0,0.0,Midwest,Urban,1.0
FL-24,Safe D,D+48.0,47.980666666666664,0.9996635679182224,43.94,0.0,0.0,Southeast,Urban,1.0
NY-9,Safe D,D+48.1,48.090666666666664,0.9996696776255416,44.05,0.0,0.0,Mid-Atlantic,Urban,1.0
AZ-3,Safe D,D+48.4,48.41,0.9996867931080952,42.9,0.0,0.0,Southwest,Mixed,1.0
CA-30,Safe D,D+48.6,48.572666666666656,0.9996951678690016,41.42999999999999,2.0,0.0,Pacific,Mixed,1.0
WA-9,Safe D,D+48.7,48.722,0.9997026589372549,42.11,0.0,0.0,Northwest,Suburban,1.0
TX-30,Safe D,D+49.6,49.57066666666667,0.999741867088286,45.53,0.0,0.0,Urban South,Urban,1.0
NY-8,Safe D,D+51.5,51.46066666666667,0.9998116043322784,47.42,0.0,0.0,Mid-Atlantic,Urban,1.0
NC-4,Safe D,D+51.6,51.550666666666665,0.9998144086578028,45.51,2.0,0.0,Mid-Atlantic,Urban,1.0
MA-5,Safe D,D+51.8,51.84266666666666,0.9998232229523404,46.7,0.0,0.0,Northeast,Mixed,1.0
OR-3,Safe D,D+52.1,52.06066666666666,0.999829529494217,46.02,2.0,0.0,Pacific,Urban,1.0
NY-5,Safe D,D+52.3,52.300666666666665,0.999836212643562,48.26,0.0,0.0,Mid-Atlantic,Urban,1.0
LA-2,Safe D,D+53.1,53.120666666666665,0.9998571316988378,49.08,0.0,0.0,Deep South,Urban,1.0
NC-12,Safe D,D+53.4,53.38066666666667,0.9998631896089276,47.34,2.0,0.0,Mid-Atlantic,Urban,1.0
NY-7,Safe D,D+54.2,54.20066666666666,0.9998806635553412,50.16,0.0,0.0,Mid-Atlantic,Urban,1.0
GA-6,Safe D,D+55.9,55.89066666666667,0.999909955013287,49.85,2.0,0.0,Southeast,Urban,1.0
WI-4,Safe D,D+55.9,55.89066666666666,0.999909955013287,51.849999999999994,0.0,0.0,Midwest,Urban,1.0
VA-8,Safe D,D+57.7,57.732,0.9999337494143264,51.12,0.0,0.0,Mid-Atlantic,Suburban,1.0
CA-16,Safe D,D+57.8,57.754666666666665,0.9999339992056728,49.51,2.0,0.0,Pacific,Suburban,1.0
CA-34,Safe D,D+58.7,58.72066666666667,0.999943813495641,54.68000000000001,0.0,0.0,Pacific,Urban,1.0
CA-15,Safe D,D+58.9,58.89466666666666,0.999945419416928,50.64999999999999,2.0,0.0,Pacific,Suburban,1.0
NY-15,Safe D,D+59.0,58.97066666666666,0.9999461063738088,54.92999999999999,0.0,0.0,Mid-Atlantic,Urban,1.0
CA-43,Safe D,D+59.4,59.41066666666666,0.9999499169465752,53.36999999999999,2.0,0.0,Pacific,Urban,1.0
GA-4,Safe D,D+59.9,59.89066666666666,0.9999537673366844,53.849999999999994,2.0,0.0,Southeast,Urban,1.0
NJ-10,Safe D,D+60.4,60.38066666666666,0.9999573927892492,54.34,2.0,0.0,Mid-Atlantic,Urban,1.0
CO-1,Safe D,D+61.6,61.56066666666666,0.999964999426549,57.52,0.0,0.0,Mountain West,Urban,1.0
OH-11,Safe D,D+61.8,61.82066666666667,0.999966483676238,55.78,2.0,0.0,Midwest,Urban,1.0
MO-1,Safe D,D+61.9,61.93066666666667,0.999967092523797,57.89,0.0,0.0,Midwest,Urban,1.0
TX-18,Safe D,D+63.5,63.48066666666666,0.999974584123682,57.43999999999999,2.0,0.0,Urban South,Urban,1.0
MD-7,Safe D,D+64.0,63.99066666666666,0.9999766551570338,59.95,0.0,0.0,Mid-Atlantic,Urban,1.0
MD-8,Safe D,D+64.3,64.30199999999999,0.9999778355779426,57.69,0.0,0.0,Mid-Atlantic,Suburban,1.0
TX-37,Safe D,D+65.9,65.93733333333333,0.9999831232299096,58.05999999999999,2.0,0.0,Urban South,Mixed,1.0
MN-5,Safe D,D+66.2,66.24066666666667,0.9999839552225844,62.2,0.0,0.0,Midwest,Urban,1.0
NY-10,Safe D,D+67.4,67.44066666666666,0.9999868636090976,63.39999999999999,0.0,0.0,Mid-Atlantic,Urban,1.0
NY-13,Safe D,D+68.6,68.62066666666666,0.9999892088971004,64.58,0.0,0.0,Mid-Atlantic,Urban,1.0
MA-7,Safe D,D+69.6,69.59066666666666,0.9999908197270876,65.55,0.0,0.0,Northeast,Urban,1.0
NY-12,Safe D,D+69.9,69.89066666666666,0.999991267450371,65.85,0.0,0.0,Mid-Atlantic,Urban,1.0
CA-37,Safe D,D+70.3,70.31066666666666,0.999991857819887,64.27,2.0,0.0,Pacific,Urban,1.0
IL-7,Safe D,D+71.7,71.73066666666666,0.9999935737380716,67.69,0.0,0.0,Midwest,Urban,1.0
CA-11,Safe D,D+73.8,73.81066666666666,0.9999954563609832,69.77,0.0,0.0,Pacific,Urban,1.0
GA-5,Safe D,D+78.4,78.35066666666665,0.9999978679925908,72.30999999999999,2.0,0.0,Southeast,Urban,1.0
WA-7,Safe D,D+78.7,78.72066666666666,0.9999979954944088,74.67999999999999,0.0,0.0,Northwest,Urban,1.0
MD-4,Safe D,D+79.5,79.46066666666667,0.9999982280788712,75.42,0.0,0.0,Mid-Atlantic,Urban,1.0
CA-12,Safe D,D+81.9,81.91066666666667,0.9999988221018724,75.87,2.0,0.0,Pacific,Urban,1.0
PA-3,Safe D,D+84.4,84.39066666666666,0.9999992208886724,78.35,2.0,0.0,Mid-Atlantic,Urban,1.0
